datetime,ticker,sentiment_score
2026-02-24 04:50:00,US.KO,0.230271
2026-02-24 07:00:00,US.KO,0.2662475811568288
2026-02-24 10:00:00,US.KO,0.22358307062991684
2026-02-24 11:40:00,US.KO,0.18902676135116625
2026-02-24 11:50:00,US.KO,0.22296799138095555
2026-02-24 12:00:00,US.KO,0.14267526903943262
2026-02-24 13:50:00,US.KO,0.15148288891873707
2026-02-24 14:10:00,US.KO,0.158636219111973
2026-02-24 15:30:00,US.KO,0.09511643173468938
2026-02-24 15:40:00,US.KO,0.1098025019562619
2026-02-24 16:50:00,US.KO,0.1255728010568767
2026-02-24 18:50:00,US.KO,0.12966249919471745
2026-02-24 21:50:00,US.KO,0.15790946635799233
2026-02-24 22:00:00,US.KO,0.13968968937645146
2026-02-24 23:10:00,US.KO,0.1946504428140078
2026-02-25 00:50:00,US.KO,0.1689402126056004
2026-02-25 01:50:00,US.KO,0.14522332072889066
2026-02-25 03:50:00,US.KO,0.09946635363601133
2026-02-25 04:10:00,US.KO,0.14778113811239862
2026-02-25 05:40:00,US.KO,0.12106486853207675
2026-02-25 09:50:00,US.KO,0.17928821723815871
2026-02-25 10:00:00,US.KO,0.1823148651890116
2026-02-25 10:50:00,US.KO,0.1491831288804826
2026-02-25 11:50:00,US.KO,0.13965657865247558
2026-02-25 13:50:00,US.KO,0.1446686581212976
2026-02-25 14:50:00,US.KO,0.17805216168873636
2026-02-25 16:50:00,US.KO,0.15821103979806966
2026-02-25 17:10:00,US.KO,0.1657105501510953
2026-02-25 17:50:00,US.KO,0.1890147626481571
2026-02-25 19:50:00,US.KO,0.19056533627853373
2026-02-25 20:50:00,US.KO,0.18996407540688284
2026-02-25 22:50:00,US.KO,0.22027297292929562
2026-02-26 02:10:00,US.KO,0.23517192838748738
2026-02-26 04:50:00,US.KO,0.23604183586486427
2026-02-26 05:30:00,US.KO,0.23268058840567252
2026-02-26 06:50:00,US.KO,0.20635435262597093
2026-02-26 09:10:00,US.KO,0.18745960830609198
2026-02-26 10:20:00,US.KO,0.1465892211020777
2026-02-26 10:50:00,US.KO,0.13476491548602945
2026-02-26 11:30:00,US.KO,0.20560684739568935
2026-02-26 11:50:00,US.KO,0.16770955344807764
2026-02-26 12:50:00,US.KO,0.1914569254710537
2026-02-26 13:50:00,US.KO,0.21109796757096808
2026-02-26 15:50:00,US.KO,0.29664526924050433
2026-02-26 19:50:00,US.KO,0.29918070774296307
2026-02-26 21:50:00,US.KO,0.20658077681587336
2026-02-26 23:50:00,US.KO,0.1889690664857985
2026-02-27 05:50:00,US.KO,0.16887852206737056
2026-02-27 07:50:00,US.KO,0.18567829088838742
2026-02-27 08:10:00,US.KO,0.18930446481829974
2026-02-27 08:20:00,US.KO,0.20786003615781448
2026-02-27 12:30:00,US.KO,0.2233907205997893
2026-02-27 12:40:00,US.KO,0.22358068437065887
2026-02-27 12:50:00,US.KO,0.24911063045986492
2026-02-27 13:50:00,US.KO,0.1824976853485546
2026-02-27 14:50:00,US.KO,0.16352208929147347
2026-02-27 16:00:00,US.KO,0.14218222760302174
2026-02-27 16:50:00,US.KO,0.13333817687800023
2026-02-27 17:00:00,US.KO,0.08305741261542374
2026-02-27 17:40:00,US.KO,0.09326029171917524
2026-02-27 17:50:00,US.KO,0.04021996871722262
2026-02-27 18:50:00,US.KO,0.03378320042555257
2026-02-27 20:50:00,US.KO,0.07626202826169055
2026-02-27 21:50:00,US.KO,0.11308877075311909
2026-02-27 22:30:00,US.KO,0.1608648526452925
2026-02-27 22:40:00,US.KO,0.16338732772576256
2026-02-27 22:50:00,US.KO,0.2620852245776202
2026-02-28 00:50:00,US.KO,0.2770088323829288
2026-02-28 05:20:00,US.KO,0.31272315024034913
2026-02-28 06:50:00,US.KO,0.29484166106869525
2026-02-28 07:50:00,US.KO,0.18978513772871827
2026-02-28 09:50:00,US.KO,0.1805081746059453
2026-02-28 10:50:00,US.KO,0.1593959228208488
2026-02-28 11:30:00,US.KO,0.14499058242379717
2026-02-28 11:50:00,US.KO,0.08638800602834013
2026-02-28 12:00:00,US.KO,0.07177409025934701
2026-02-28 12:20:00,US.KO,0.022520490533944386
2026-02-28 12:50:00,US.KO,0.012379972940095322
2026-02-28 13:10:00,US.KO,0.05027817436496635
2026-02-28 15:50:00,US.KO,0.13816089390438288
2026-02-28 16:50:00,US.KO,0.1577838419898051
2026-02-28 19:30:00,US.KO,0.19116269279133152
2026-02-28 23:00:00,US.KO,0.18896872493149094
2026-03-01 00:50:00,US.KO,0.20778630789447144
2026-03-01 03:50:00,US.KO,0.22236403913326058
2026-03-01 04:50:00,US.KO,0.2451329942583182
2026-03-01 05:50:00,US.KO,0.24067682008161395
2026-03-01 07:50:00,US.KO,0.2349245140289542
2026-03-01 08:50:00,US.KO,0.21656303661508822
2026-03-01 09:20:00,US.KO,0.16755013928809065
2026-03-01 11:50:00,US.KO,0.17324954652300098
2026-03-01 15:10:00,US.KO,0.16012257806934888
2026-03-01 18:50:00,US.KO,0.15284932453433664
2026-03-02 04:50:00,US.KO,0.18507608649450802
2026-03-02 08:00:00,US.KO,0.1814661021212901
2026-03-02 09:40:00,US.KO,0.15882278461858754
2026-03-02 10:50:00,US.KO,0.18466003634603062
2026-03-02 11:20:00,US.KO,0.18813311245971484
2026-03-02 12:00:00,US.KO,0.18735426958919124
2026-03-02 13:50:00,US.KO,0.21818802631420686
2026-03-02 16:10:00,US.KO,0.1936836692343917
2026-03-02 16:20:00,US.KO,0.20129339484411327
2026-03-02 16:50:00,US.KO,0.2130103245203408
2026-03-02 17:50:00,US.KO,0.23255872114433734
2026-03-02 18:50:00,US.KO,0.23923683387206343
2026-03-02 21:10:00,US.KO,0.22164541849972458
2026-03-02 21:20:00,US.KO,0.19933451424001308
2026-03-02 22:10:00,US.KO,0.1433139885339693
2026-03-02 22:40:00,US.KO,0.1700807315525185
2026-03-02 22:50:00,US.KO,0.12661836513026312
2026-03-03 02:40:00,US.KO,0.14751006247950754
2026-03-03 03:50:00,US.KO,0.13083804532833243
2026-03-03 04:50:00,US.KO,0.1099584611495828
2026-03-03 06:50:00,US.KO,0.10879888541679153
2026-03-03 07:50:00,US.KO,0.1472563473522612
2026-03-03 08:20:00,US.KO,0.22708540865200458
2026-03-03 09:30:00,US.KO,0.20024599498675613
2026-03-03 10:50:00,US.KO,0.20842752882687365
2026-03-03 12:30:00,US.KO,0.22190350805416711
2026-03-03 12:50:00,US.KO,0.1800606854041848
2026-03-03 14:00:00,US.KO,0.2007147716847765
2026-03-03 14:50:00,US.KO,0.26726973494664186
2026-03-03 15:10:00,US.KO,0.21461493747429647
2026-03-03 15:50:00,US.KO,0.21091188685732215
2026-03-03 16:30:00,US.KO,0.2452519530549914
2026-03-03 16:50:00,US.KO,0.2353154196748192
2026-03-03 17:00:00,US.KO,0.25167610075306823
2026-03-03 17:20:00,US.KO,0.14826062324515438
2026-03-03 17:50:00,US.KO,0.10146521541658221
2026-03-03 18:50:00,US.KO,0.09384684549367492
2026-03-03 19:50:00,US.KO,0.007529714026919471
2026-03-03 20:50:00,US.KO,0.03968914555311554
2026-03-03 21:50:00,US.KO,-0.023920711615577968
2026-03-04 01:40:00,US.KO,-0.02136423293090574
2026-03-04 03:10:00,US.KO,0.0038253262728242723
2026-03-04 07:50:00,US.KO,0.06915201337635551
2026-03-04 08:50:00,US.KO,0.09163596385612996
2026-03-04 11:20:00,US.KO,0.11885303174284013
2026-03-04 13:50:00,US.KO,0.20399066460197315
2026-03-04 14:10:00,US.KO,0.1362563065760266
2026-03-04 14:50:00,US.KO,0.12228522877103819
2026-03-04 19:50:00,US.KO,0.11030843072324245
2026-03-04 21:50:00,US.KO,0.06274006168515563
2026-03-05 03:20:00,US.KO,0.09240826040367763
2026-03-05 05:50:00,US.KO,0.05997887020010454
2026-03-05 07:30:00,US.KO,0.0647620485016719
2026-03-05 07:40:00,US.KO,0.122242018013747
2026-03-05 08:50:00,US.KO,0.10839133938369315
2026-03-05 09:20:00,US.KO,0.15742755363301994
2026-03-05 09:50:00,US.KO,0.183246887456018
2026-03-05 10:00:00,US.KO,0.13520413614348747
2026-03-05 11:30:00,US.KO,0.10807445192392875
2026-03-05 11:50:00,US.KO,0.07625066902689723
2026-03-05 15:20:00,US.KO,0.09848278177871451
2026-03-05 16:30:00,US.KO,0.10627140120678774
2026-03-05 17:40:00,US.KO,0.15610444417887243
2026-03-05 17:50:00,US.KO,0.25171043617734284
2026-03-05 19:20:00,US.KO,0.24116956015475527
2026-03-05 22:20:00,US.KO,0.3107814308449353
2026-03-06 01:50:00,US.KO,0.3521705966965418
2026-03-06 02:50:00,US.KO,0.28065414496516844
2026-03-06 05:50:00,US.KO,0.26673245626250974
2026-03-06 07:50:00,US.KO,0.2341260318455713
2026-03-06 09:50:00,US.KO,0.12900744360559624
2026-03-06 10:00:00,US.KO,0.14221433821009413
2026-03-06 13:00:00,US.KO,0.11344321921033473
2026-03-06 13:10:00,US.KO,0.18017620390508518
2026-03-06 13:50:00,US.KO,0.12175283538451906
2026-03-06 14:00:00,US.KO,0.056494524633894
2026-03-06 14:40:00,US.KO,0.17753291870100682
2026-03-06 15:50:00,US.KO,0.28526628041335267
2026-03-06 16:30:00,US.KO,0.2883291893232525
2026-03-06 18:50:00,US.KO,0.3081213385296221
2026-03-06 20:10:00,US.KO,0.31196613991517613
2026-03-06 21:50:00,US.KO,0.3008866440757639
2026-03-06 22:10:00,US.KO,0.314205148077473
2026-03-07 00:50:00,US.KO,0.3137668452388651
2026-03-07 01:50:00,US.KO,0.3172146526150788
2026-03-07 02:50:00,US.KO,0.3313490708984661
2026-03-07 08:50:00,US.KO,0.3077408240426642
2026-03-07 09:10:00,US.KO,0.20953196009581965
2026-03-07 10:00:00,US.KO,0.2109201485125204
2026-03-07 12:30:00,US.KO,0.2064952164110545
2026-03-07 13:40:00,US.KO,0.20893502932942484
2026-03-07 15:50:00,US.KO,0.1866754251945857
2026-03-07 20:00:00,US.KO,0.1727163219090499
2026-03-08 00:50:00,US.KO,0.1497641810959827
2026-03-08 12:30:00,US.KO,0.04042128045276978
2026-03-08 12:50:00,US.KO,0.06493945068664923
2026-03-08 14:30:00,US.KO,0.10593376920236401
2026-03-08 15:50:00,US.KO,0.018704234847434765
2026-03-08 16:00:00,US.KO,-0.022283719087032233
2026-03-08 16:50:00,US.KO,-0.04756182262828542
2026-03-08 17:10:00,US.KO,-0.07555304721569903
2026-03-08 17:50:00,US.KO,-0.11203729209597478
2026-03-08 18:00:00,US.KO,-0.0519708636804434
2026-03-08 18:20:00,US.KO,-0.03429691413672774
2026-03-08 19:00:00,US.KO,-0.07936894842011454
2026-03-09 09:50:00,US.KO,-0.10627098246379019
2026-03-09 10:10:00,US.KO,-0.05832590590697952
2026-03-09 10:30:00,US.KO,-0.05541026910932373
2026-03-09 12:10:00,US.KO,-0.06409206333446131
2026-03-09 12:50:00,US.KO,-0.015240272841321225
2026-03-09 13:50:00,US.KO,-0.10997723527414455
2026-03-09 14:50:00,US.KO,-0.06324090286030817
2026-03-09 16:20:00,US.KO,-0.021974096570762103
2026-03-09 17:50:00,US.KO,-0.025654147964229893
2026-03-09 20:10:00,US.KO,-0.025113096466817426
2026-03-09 21:20:00,US.KO,0.046843837892882836
2026-03-09 22:20:00,US.KO,0.13210419041023339
2026-03-09 23:10:00,US.KO,0.15487569132645854
2026-03-10 09:50:00,US.KO,0.13139275120466046
2026-03-10 10:40:00,US.KO,0.17447263705555485
2026-03-10 10:50:00,US.KO,0.259875791561628
2026-03-10 11:40:00,US.KO,0.20794168331855128
2026-03-10 12:20:00,US.KO,0.18536386432561874
2026-03-10 12:50:00,US.KO,0.2627222572209704
2026-03-10 13:50:00,US.KO,0.237395894265739
2026-03-10 14:40:00,US.KO,0.24209072898648049
2026-03-10 17:20:00,US.KO,0.22936812152143465
2026-03-10 17:50:00,US.KO,0.30122903655759864
2026-03-10 18:50:00,US.KO,0.33122055353918095
2026-03-10 20:50:00,US.KO,0.3230014862201796
2026-03-10 22:50:00,US.KO,0.31718028538032444
2026-03-11 08:00:00,US.KO,0.32073130981541254
2026-03-11 08:40:00,US.KO,0.2970955902918616
2026-03-11 08:50:00,US.KO,0.25954569853633863
2026-03-11 09:00:00,US.KO,0.24426792446692974
2026-03-11 10:30:00,US.KO,0.22297551621052122
2026-03-11 10:40:00,US.KO,0.1686347587753271
2026-03-11 10:50:00,US.KO,0.1451549350713597
2026-03-11 11:20:00,US.KO,0.10389809282030231
2026-03-11 11:30:00,US.KO,0.10852416358543776
2026-03-11 13:50:00,US.KO,0.13378050122098614
2026-03-11 14:50:00,US.KO,0.10053923780086829
2026-03-11 19:50:00,US.KO,0.0752210351325782
2026-03-12 00:00:00,US.KO,0.12024520469031583
2026-03-12 03:50:00,US.KO,0.1635294304725848
2026-03-12 07:00:00,US.KO,0.12252082408250513
2026-03-12 10:50:00,US.KO,0.09055841485454329
2026-03-12 11:10:00,US.KO,0.04380367326484134
2026-03-12 12:50:00,US.KO,0.09587703241686256
2026-03-12 16:50:00,US.KO,0.08687756202142899
2026-03-12 18:50:00,US.KO,0.09459641274343918
2026-03-13 07:30:00,US.KO,0.1289065087050268
2026-03-13 07:50:00,US.KO,0.15394298201581333
2026-03-13 08:50:00,US.KO,0.07342066897956803
2026-03-13 09:00:00,US.KO,0.06780494716830524
2026-03-13 09:50:00,US.KO,0.11196308478970762
2026-03-13 10:50:00,US.KO,0.15318324343181844
2026-03-13 11:10:00,US.KO,0.16216394387642488
2026-03-13 11:20:00,US.KO,0.15947963534121007
2026-03-13 11:50:00,US.KO,0.17491864008890495
2026-03-13 12:40:00,US.KO,0.1900302602192255
2026-03-13 12:50:00,US.KO,0.19010732598033434
2026-03-13 13:50:00,US.KO,0.2404735152964254
2026-03-13 14:30:00,US.KO,0.2264911477917055
2026-03-13 14:50:00,US.KO,0.23569531778905203
2026-03-13 19:30:00,US.KO,0.17835270496674047
2026-03-13 19:50:00,US.KO,0.13130371152746806
2026-03-14 04:50:00,US.KO,0.0839463957817305
2026-03-14 08:10:00,US.KO,0.08717302476797627
2026-03-14 08:50:00,US.KO,0.02865494369792866
2026-03-14 10:00:00,US.KO,0.024048902442574228
2026-03-14 10:10:00,US.KO,-0.02045811575216775
2026-03-14 10:40:00,US.KO,-0.051477439442750135
2026-03-14 11:50:00,US.KO,0.016946910107083844
2026-03-14 12:00:00,US.KO,0.014302784845106092
2026-03-14 14:50:00,US.KO,0.03606133428176728
2026-03-14 15:30:00,US.KO,0.06786967904951327
2026-03-14 17:30:00,US.KO,0.08401395251265896
2026-03-14 20:50:00,US.KO,0.09495438672254847
2026-03-15 06:10:00,US.KO,0.14300702432045145
2026-03-15 09:40:00,US.KO,0.14592699620192343
2026-03-15 09:50:00,US.KO,0.12609602532799333
2026-03-15 10:20:00,US.KO,0.10553812449428315
2026-03-15 10:50:00,US.KO,0.12394477830954002
2026-03-15 11:50:00,US.KO,0.10237271204605872
2026-03-15 12:00:00,US.KO,0.10268469036666765
2026-03-15 12:50:00,US.KO,0.13206748923450426
2026-03-15 15:50:00,US.KO,0.1420684406671947
2026-03-15 16:50:00,US.KO,0.19000586561772453
2026-03-15 18:50:00,US.KO,0.21126834356841742
2026-03-15 20:00:00,US.KO,0.2420970161593797
2026-03-16 00:50:00,US.KO,0.2472975836741782
2026-03-16 07:20:00,US.KO,0.22879524347657249
2026-03-16 08:00:00,US.KO,0.23680007204936077
2026-03-16 09:40:00,US.KO,0.26975934445617317
2026-03-16 09:50:00,US.KO,0.2701026859842701
2026-03-16 11:50:00,US.KO,0.26026772959417904
2026-03-16 12:30:00,US.KO,0.2894198401532429
2026-03-16 12:40:00,US.KO,0.2668135792497774
2026-03-16 14:00:00,US.KO,0.26520181486063793
2026-03-16 14:30:00,US.KO,0.25719385100026576
2026-03-16 15:00:00,US.KO,0.27473162986317495
2026-03-16 16:30:00,US.KO,0.34399064890705394
2026-03-16 16:40:00,US.KO,0.3461086153751065
2026-03-16 17:00:00,US.KO,0.3812380722579085
2026-03-16 17:20:00,US.KO,0.3558885055391421
2026-03-16 17:30:00,US.KO,0.3093125093624613
2026-03-16 19:00:00,US.KO,0.318463749674381
2026-03-16 19:30:00,US.KO,0.3296833806009045
2026-03-16 20:50:00,US.KO,0.294808669411019
2026-03-16 22:30:00,US.KO,0.2466944524880498
2026-03-17 00:00:00,US.KO,0.18855468624094895
2026-03-17 05:40:00,US.KO,0.174703666952473
2026-03-17 07:10:00,US.KO,0.14718178472089113
2026-03-17 07:40:00,US.KO,0.139164893226468
2026-03-17 08:00:00,US.KO,0.15095350879498234
2026-03-17 08:40:00,US.KO,0.15571860209859517
2026-03-17 09:30:00,US.KO,0.18353679395943878
2026-03-17 09:40:00,US.KO,0.17117009764321386
2026-03-17 10:00:00,US.KO,0.1915928827812009
2026-03-17 10:40:00,US.KO,0.16119673668982926
2026-03-17 11:00:00,US.KO,0.16029624524887442
2026-03-17 11:30:00,US.KO,0.18459159967559174
2026-03-17 11:50:00,US.KO,0.18210427109488997
2026-03-17 12:00:00,US.KO,0.17631352105308518
2026-03-17 12:30:00,US.KO,0.08368353805397716
2026-03-17 13:00:00,US.KO,0.04218383223897192
2026-03-17 13:10:00,US.KO,0.1166780042201798
2026-03-17 13:20:00,US.KO,0.1754729680658339
2026-03-17 13:30:00,US.KO,0.2661384667392199
2026-03-17 15:00:00,US.KO,0.3472649660508757
2026-03-17 15:30:00,US.KO,0.28413675455080495
2026-03-17 16:00:00,US.KO,0.30919677539915624
2026-03-17 18:00:00,US.KO,0.3346445734344631
2026-03-17 19:30:00,US.KO,0.3276131828467555
2026-03-18 07:50:00,US.KO,0.34048480720593993
2026-03-18 08:20:00,US.KO,0.3305198611117097
2026-03-18 09:00:00,US.KO,0.2931546485343639
2026-03-18 09:30:00,US.KO,0.2583159192455867
2026-03-18 10:30:00,US.KO,0.28662371802035064
2026-03-18 10:40:00,US.KO,0.24932587452668728
2026-03-18 12:00:00,US.KO,0.28588477573212384
2026-03-18 12:30:00,US.KO,0.23280728093707728
2026-03-18 13:40:00,US.KO,0.1879377707743706
2026-03-18 14:50:00,US.KO,0.19517412860934763
2026-03-18 15:40:00,US.KO,0.17223603384836422
2026-03-18 18:30:00,US.KO,0.12823694415422074
2026-03-19 02:30:00,US.KO,0.17018971645268785
2026-03-19 07:10:00,US.KO,0.15540699711977732
2026-03-19 07:30:00,US.KO,0.17258649188078534
2026-03-19 08:00:00,US.KO,0.08499659906084425
2026-03-19 08:30:00,US.KO,0.11067072170308913
2026-03-19 10:50:00,US.KO,0.1564186995121034
2026-03-19 11:10:00,US.KO,0.19432780662979188
2026-03-19 13:30:00,US.KO,0.16652684246237515
2026-03-19 16:00:00,US.KO,0.2089808417764036
2026-03-19 17:00:00,US.KO,0.2385161947600247
2026-03-19 23:00:00,US.KO,0.1613987440056254
2026-03-20 00:00:00,US.KO,0.18256258863618596
2026-03-20 00:40:00,US.KO,0.2013233667778444
2026-03-20 04:00:00,US.KO,0.16268017645735772
2026-03-20 06:00:00,US.KO,0.14349726946888927
2026-03-20 06:30:00,US.KO,0.1265493055961538
2026-03-20 07:10:00,US.KO,0.1370266780090303
2026-03-20 09:00:00,US.KO,0.12804454055237158
2026-03-20 09:40:00,US.KO,0.12107015790745285
2026-03-20 11:40:00,US.KO,0.1850975991670742
2026-03-20 13:00:00,US.KO,0.2093798859364192
2026-03-20 14:40:00,US.KO,0.23285980689685826
2026-03-20 16:30:00,US.KO,0.2323592094254519
2026-03-20 20:10:00,US.KO,0.1830647585937353
2026-03-20 23:30:00,US.KO,0.16373328296953363
2026-03-21 01:00:00,US.KO,0.19880651334213228
2026-03-21 07:20:00,US.KO,0.1663891356587518
2026-03-21 14:30:00,US.KO,0.18220843272553397
2026-03-22 05:10:00,US.KO,0.1987644342085815
2026-03-22 05:30:00,US.KO,0.22377612684385276
2026-03-22 08:30:00,US.KO,0.19934506488616527
2026-03-22 17:00:00,US.KO,0.1552195601974916
2026-03-23 04:00:00,US.KO,0.1915537187953602
2026-03-23 04:50:00,US.KO,0.25355590647631465
2026-03-23 05:30:00,US.KO,0.28909029716094736
2026-03-23 07:30:00,US.KO,0.24653649051683466
2026-03-23 07:50:00,US.KO,0.21076339229989124
2026-03-23 09:30:00,US.KO,0.23260578510884644
2026-03-23 10:10:00,US.KO,0.2444626900917666
2026-03-23 10:40:00,US.KO,0.2832064576657305
2026-03-23 11:00:00,US.KO,0.3257403073875297
2026-03-23 12:00:00,US.KO,0.30872932990017266
2026-03-23 13:00:00,US.KO,0.30879129881718853
2026-03-23 13:20:00,US.KO,0.26820384795623825
2026-03-23 16:30:00,US.KO,0.2905558323730528
2026-03-23 16:40:00,US.KO,0.3629874077721513
2026-03-23 17:00:00,US.KO,0.35147114254955547
2026-03-23 17:50:00,US.KO,0.3792572639446439
2026-03-23 18:10:00,US.KO,0.25557688587332084
2026-03-23 20:10:00,US.KO,0.24722562709525708
2026-03-23 20:20:00,US.KO,0.23537485817075599
2026-03-24 00:00:00,US.KO,0.23850090482581962
2026-03-24 03:10:00,US.KO,0.17272358297958212
2026-03-24 08:00:00,US.KO,0.19631138036610019
2026-03-24 09:40:00,US.KO,0.17732649517340715
2026-03-24 13:10:00,US.KO,0.19980313985773906
2026-03-24 13:20:00,US.KO,0.1763004978313303
2026-03-24 13:30:00,US.KO,0.2609790256144055
2026-03-24 14:00:00,US.KO,0.3196068185511696
2026-03-24 15:00:00,US.KO,0.3415780942405025
2026-03-24 16:30:00,US.KO,0.3421395916584317
2026-03-24 17:30:00,US.KO,0.28189273730695685
2026-03-24 18:50:00,US.KO,0.26765463315318716
2026-03-24 19:10:00,US.KO,0.26127502415694104
2026-03-24 19:30:00,US.KO,0.2221738142754901
2026-03-24 20:00:00,US.KO,0.1370594319054965
2026-03-24 20:20:00,US.KO,0.11820379356508375
2026-03-24 20:30:00,US.KO,0.13546973107479515
2026-03-24 20:50:00,US.KO,0.13483687908141653
2026-03-24 21:40:00,US.KO,0.10648395050946681
2026-03-24 22:00:00,US.KO,0.1874684594055761
2026-03-24 23:00:00,US.KO,0.2184087259105946
2026-03-25 04:00:00,US.KO,0.18420228137995004
2026-03-25 07:30:00,US.KO,0.10644706857956315
2026-03-25 08:20:00,US.KO,0.10654137821103896
2026-03-25 08:40:00,US.KO,0.09236447972957663
2026-03-25 10:00:00,US.KO,0.1421270274152175
2026-03-25 11:00:00,US.KO,0.09147091537024522
2026-03-25 11:20:00,US.KO,0.08731273185210423
2026-03-25 11:50:00,US.KO,0.1522367531165042
2026-03-25 12:00:00,US.KO,0.1198984962039042
2026-03-25 12:20:00,US.KO,0.14872222358070247
2026-03-25 12:30:00,US.KO,0.15502277480889526
2026-03-25 13:30:00,US.KO,0.19256186950814058
2026-03-25 13:40:00,US.KO,0.21167909100703283
2026-03-25 13:50:00,US.KO,0.23124236855940608
2026-03-25 14:00:00,US.KO,0.22825077383462547
2026-03-25 14:30:00,US.KO,0.2903968110451038
2026-03-25 14:40:00,US.KO,0.30759927107412605
2026-03-25 17:40:00,US.KO,0.30630092873132453
2026-03-25 19:20:00,US.KO,0.27455285598299806
2026-03-25 21:00:00,US.KO,0.2800407056522818
2026-03-25 21:30:00,US.KO,0.2679634814698339
2026-03-26 04:00:00,US.KO,0.2646440732617457
2026-03-26 05:20:00,US.KO,0.24184792587601983
2026-03-26 07:00:00,US.KO,0.28413831263117273
2026-03-26 08:10:00,US.KO,0.2830934734909726
2026-03-26 08:30:00,US.KO,0.2628242748798861
2026-03-26 08:40:00,US.KO,0.2487418387729166
2026-03-26 08:50:00,US.KO,0.19146876756112027
2026-03-26 10:50:00,US.KO,0.21990981769389398
2026-03-26 12:10:00,US.KO,0.17294578028350252
2026-03-26 12:30:00,US.KO,0.18345973670203217
2026-03-26 15:00:00,US.KO,0.20824528789197824
2026-03-26 15:30:00,US.KO,0.17420298811755014
2026-03-26 16:00:00,US.KO,0.1475476782805425
2026-03-26 16:30:00,US.KO,0.15878011394821204
2026-03-26 17:00:00,US.KO,0.21142218450789868
2026-03-26 18:10:00,US.KO,0.21195360043087788
2026-03-26 18:30:00,US.KO,0.19282438877709024
2026-03-26 19:00:00,US.KO,0.16835089250057053
2026-03-26 21:10:00,US.KO,0.14484882817818254
2026-03-26 23:00:00,US.KO,0.17029339601151855
2026-03-27 01:30:00,US.KO,0.15827777217653033
2026-03-27 06:40:00,US.KO,0.19921891061155342
2026-03-27 07:10:00,US.KO,0.1463215303875119
2026-03-27 08:40:00,US.KO,0.11353529858436738
2026-03-27 09:30:00,US.KO,0.1174001286900211
2026-03-27 10:10:00,US.KO,0.09797377294256623
2026-03-27 11:30:00,US.KO,0.10484023057795977
2026-03-27 15:30:00,US.KO,0.15759278257818438
2026-03-27 16:00:00,US.KO,0.16782402120112005
2026-03-27 20:30:00,US.KO,0.15303797084234796
2026-03-27 21:20:00,US.KO,0.17182780000166406
2026-03-28 05:30:00,US.KO,0.14882784073067384
2026-03-28 09:30:00,US.KO,0.1695898862286925
2026-03-28 15:30:00,US.KO,0.17648852064825338
2026-03-28 18:30:00,US.KO,0.1769078314879408
2026-03-28 20:20:00,US.KO,0.19654891207560038
2026-03-28 20:30:00,US.KO,0.2191125264264868
2026-03-28 20:50:00,US.KO,0.22679791857952503
2026-03-28 21:10:00,US.KO,0.25721616581820905
2026-03-29 05:00:00,US.KO,0.27193788656088685
2026-03-29 07:00:00,US.KO,0.2598293330382774
2026-03-29 12:00:00,US.KO,0.26004659347182557
2026-03-29 13:00:00,US.KO,0.2760529782790269
2026-03-29 17:50:00,US.KO,0.3034025545913581
2026-03-29 21:40:00,US.KO,0.33376862097300586
2026-03-30 07:10:00,US.KO,0.3332725772064202
2026-03-30 08:00:00,US.KO,0.3210923808282975
2026-03-30 08:40:00,US.KO,0.3031219245441824
2026-03-30 08:50:00,US.KO,0.3099002800851319
2026-03-30 09:40:00,US.KO,0.31122069276532255
2026-03-30 11:00:00,US.KO,0.32924658622616765
2026-03-30 11:20:00,US.KO,0.3470052618133426
2026-03-30 13:10:00,US.KO,0.3187878019026844
2026-03-30 14:30:00,US.KO,0.30461311548990405
2026-03-30 16:00:00,US.KO,0.3311962874745491
2026-03-30 16:20:00,US.KO,0.3298542765179075
2026-03-30 16:30:00,US.KO,0.3272510649457149
2026-03-30 18:30:00,US.KO,0.3303915635304653
2026-03-30 19:30:00,US.KO,0.3165726615630357
2026-03-30 20:50:00,US.KO,0.3403229355027713
2026-03-30 21:30:00,US.KO,0.310675118809295
2026-03-30 22:30:00,US.KO,0.30694857980712903
2026-03-31 05:00:00,US.KO,0.24134374979961454
2026-03-31 08:00:00,US.KO,0.23027842056034867
2026-03-31 08:30:00,US.KO,0.23220856547115762
2026-03-31 09:00:00,US.KO,0.22386405846304702
2026-03-31 09:30:00,US.KO,0.24174322043393898
2026-03-31 09:40:00,US.KO,0.23719769987977601
2026-03-31 10:00:00,US.KO,0.27276641778562916
2026-03-31 10:40:00,US.KO,0.2750562760629407
2026-03-31 11:10:00,US.KO,0.34415677620052887
2026-03-31 13:00:00,US.KO,0.34213729663366926
2026-03-31 14:00:00,US.KO,0.24868096800726
2026-03-31 14:10:00,US.KO,0.2457888994480003
2026-03-31 15:00:00,US.KO,0.23803102980708207
2026-03-31 20:00:00,US.KO,0.2564518106259105
2026-04-01 00:30:00,US.KO,0.2719426817194062
2026-04-01 04:00:00,US.KO,0.3086095325403826
2026-04-01 06:10:00,US.KO,0.30583106464999343
2026-04-01 07:30:00,US.KO,0.3206469632391185
2026-04-01 07:50:00,US.KO,0.37522286407842614
2026-04-01 08:30:00,US.KO,0.3896993696823222
2026-04-01 10:00:00,US.KO,0.383016091534812
2026-04-01 10:10:00,US.KO,0.3530192619293453
2026-04-01 11:00:00,US.KO,0.33704894347416875
2026-04-01 11:50:00,US.KO,0.35185387149272374
2026-04-01 12:00:00,US.KO,0.3058527945639028
2026-04-01 12:30:00,US.KO,0.31343056800960256
2026-04-01 13:20:00,US.KO,0.2655011659475107
2026-04-01 13:30:00,US.KO,0.2608944334770479
2026-04-01 14:30:00,US.KO,0.2595415603984726
2026-04-01 16:30:00,US.KO,0.31000268000582176
2026-04-01 19:30:00,US.KO,0.3105158917391123
2026-04-01 21:30:00,US.KO,0.23520925527129896
2026-04-01 22:30:00,US.KO,0.24135282660853463
2026-04-01 23:00:00,US.KO,0.24791731782477755
2026-04-02 07:30:00,US.KO,0.2763737821403931
2026-04-02 08:00:00,US.KO,0.27709243412235335
2026-04-02 08:30:00,US.KO,0.2965297737950339
2026-04-02 09:30:00,US.KO,0.278664837397435
2026-04-02 10:20:00,US.KO,0.27491729884639504
2026-04-02 11:00:00,US.KO,0.22454393877454465
2026-04-02 11:10:00,US.KO,0.21767187415479083
2026-04-02 12:00:00,US.KO,0.2073578674584834
2026-04-02 12:30:00,US.KO,0.20261728273710683
2026-04-02 13:00:00,US.KO,0.18974918186593925
2026-04-02 13:30:00,US.KO,0.20268613260187793
2026-04-02 13:40:00,US.KO,0.19162625086607224
2026-04-02 14:00:00,US.KO,0.1789385980176013
2026-04-02 14:30:00,US.KO,0.25669512719645493
2026-04-02 16:40:00,US.KO,0.25502782141597813
2026-04-02 21:30:00,US.KO,0.31175714288706496
2026-04-02 22:00:00,US.KO,0.3126864447347968
2026-04-02 22:30:00,US.KO,0.30427834566547773
2026-04-03 04:30:00,US.KO,0.30470882713101427
2026-04-03 07:10:00,US.KO,0.2646725416439799
2026-04-03 07:30:00,US.KO,0.25784140349209655
2026-04-03 08:00:00,US.KO,0.26945121956970525
2026-04-03 08:50:00,US.KO,0.2725736290340264
2026-04-03 09:30:00,US.KO,0.24986916379673643
2026-04-03 09:40:00,US.KO,0.21551868152974005
2026-04-03 11:20:00,US.KO,0.2397070472704124
2026-04-03 13:10:00,US.KO,0.2082573600937054
2026-04-03 13:30:00,US.KO,0.16863556542392413
2026-04-03 17:10:00,US.KO,0.14231750129711165
2026-04-03 17:30:00,US.KO,0.08576108460927634
2026-04-03 17:50:00,US.KO,0.17816370825458533
2026-04-03 19:30:00,US.KO,0.16170388320380777
2026-04-03 20:00:00,US.KO,0.18125815801795453
2026-04-03 23:00:00,US.KO,0.19675898205029346
2026-04-04 00:30:00,US.KO,0.17907021799713965
2026-04-04 02:40:00,US.KO,0.19789293153859508
2026-04-04 06:00:00,US.KO,0.18776930784960344
2026-04-04 08:00:00,US.KO,0.22110813000070204
2026-04-04 12:00:00,US.KO,0.25436143177297527
2026-04-04 12:30:00,US.KO,0.26253112274637636
2026-04-05 00:00:00,US.KO,0.19700430942238
2026-04-05 00:50:00,US.KO,0.1415357494374378
2026-04-05 09:10:00,US.KO,0.1077680278141989
2026-04-06 02:30:00,US.KO,0.08041638260585265
2026-04-06 03:30:00,US.KO,0.06244683500518182
2026-04-06 08:50:00,US.KO,0.13309054819635088
2026-04-06 12:40:00,US.KO,0.15793601620902606
2026-04-06 12:50:00,US.KO,0.18570529187710066
2026-04-06 13:00:00,US.KO,0.18717534315944803
2026-04-06 13:30:00,US.KO,0.19597430917053704
2026-04-06 14:00:00,US.KO,0.2887340393114139
2026-04-06 15:00:00,US.KO,0.34582465316906064
2026-04-06 16:10:00,US.KO,0.28640618536962775
2026-04-06 19:20:00,US.KO,0.28017721242227867
2026-04-06 20:10:00,US.KO,0.2535722091637762
2026-04-07 03:30:00,US.KO,0.24462170447338843
2026-04-07 05:40:00,US.KO,0.2274202141986504
2026-04-07 06:20:00,US.KO,0.13669201618573554
2026-04-07 08:20:00,US.KO,0.09880493071527442
2026-04-07 08:30:00,US.KO,0.06629499536595047
2026-04-07 10:20:00,US.KO,0.06476062710526895
2026-04-07 10:30:00,US.KO,0.11478027688142522
2026-04-07 11:00:00,US.KO,0.04164253525809145
2026-04-07 11:30:00,US.KO,0.04227925335448847
2026-04-07 12:00:00,US.KO,0.044462765555982615
2026-04-07 12:30:00,US.KO,0.0811171433705553
2026-04-07 13:00:00,US.KO,0.10358089925347949
2026-04-07 14:30:00,US.KO,0.14624056665119767
2026-04-07 16:30:00,US.KO,0.4042845588496937
2026-04-07 16:50:00,US.KO,0.4311671675655406
2026-04-07 17:00:00,US.KO,0.44423147582607214
2026-04-07 18:20:00,US.KO,0.43214930096410703
2026-04-07 19:30:00,US.KO,0.3912539999477502
2026-04-07 19:50:00,US.KO,0.391810808428282
2026-04-07 20:00:00,US.KO,0.374114815991728
2026-04-07 20:10:00,US.KO,0.3578470762609031
2026-04-08 02:00:00,US.KO,0.35940061102924287
2026-04-08 02:30:00,US.KO,0.3638754322773961
2026-04-08 06:30:00,US.KO,0.38189007123352936
2026-04-08 07:20:00,US.KO,0.3822437375943013
2026-04-08 07:30:00,US.KO,0.3794025712605748
2026-04-08 09:20:00,US.KO,0.400420239265383
2026-04-08 11:30:00,US.KO,0.4314249766211323
2026-04-08 12:50:00,US.KO,0.3970507434691749
2026-04-08 13:00:00,US.KO,0.41421852594672204
2026-04-08 13:30:00,US.KO,0.3785534598544266
2026-04-08 13:50:00,US.KO,0.331795261587796
2026-04-08 15:10:00,US.KO,0.3237768959800646
2026-04-08 15:20:00,US.KO,0.35140509112810575
2026-04-08 16:20:00,US.KO,0.3002330526418285
2026-04-08 16:50:00,US.KO,0.3262717609016273
2026-04-08 18:40:00,US.KO,0.26765495973037784
2026-04-08 19:30:00,US.KO,0.326273343207888
2026-04-08 20:30:00,US.KO,0.29012388344563866
2026-04-09 03:10:00,US.KO,0.2835029081147223
2026-04-09 07:10:00,US.KO,0.28072330899901987
2026-04-09 07:20:00,US.KO,0.32859679612560877
2026-04-09 08:50:00,US.KO,0.32621056367219137
2026-04-09 09:30:00,US.KO,0.3279522378268141
2026-04-09 11:20:00,US.KO,0.38034055867098754
2026-04-09 12:30:00,US.KO,0.30319420140396725
2026-04-09 13:00:00,US.KO,0.27166310883263045
2026-04-09 14:10:00,US.KO,0.2549957645147591
2026-04-09 15:20:00,US.KO,0.2484405211685851
2026-04-09 16:40:00,US.KO,0.2806277030529534
2026-04-09 20:30:00,US.KO,0.24633341651016788
2026-04-09 22:40:00,US.KO,0.21714173011537113
2026-04-10 03:30:00,US.KO,0.14100114370643024
2026-04-10 06:30:00,US.KO,0.10775034876051305
2026-04-10 09:30:00,US.KO,0.1459243936292056
2026-04-10 11:00:00,US.KO,0.18946644775360558
2026-04-10 12:00:00,US.KO,0.15990986277219157
2026-04-10 15:20:00,US.KO,0.21793288375317915
2026-04-10 17:10:00,US.KO,0.21701420591435136
2026-04-10 17:30:00,US.KO,0.2124859146254688
2026-04-10 17:40:00,US.KO,0.23314139307815185
2026-04-10 19:00:00,US.KO,0.31391718632100424
2026-04-10 20:00:00,US.KO,0.3180369270843801
2026-04-10 20:30:00,US.KO,0.317695322965068
2026-04-10 21:10:00,US.KO,0.33546224796333324
2026-04-10 22:00:00,US.KO,0.3263555079061258
2026-04-10 22:30:00,US.KO,0.31551401248382904
2026-04-11 00:30:00,US.KO,0.2937011411604063
2026-04-11 07:00:00,US.KO,0.28683065099283
2026-04-11 09:00:00,US.KO,0.28690991862083237
2026-04-11 10:50:00,US.KO,0.2764629890312216
2026-04-11 11:30:00,US.KO,0.2594267292222762
2026-04-11 14:20:00,US.KO,0.22685977858839
2026-04-11 15:30:00,US.KO,0.20275244101709816
2026-04-12 00:30:00,US.KO,0.08647087523657151
2026-04-12 04:50:00,US.KO,0.08927436804534765
2026-04-12 09:00:00,US.KO,0.111719469102944
2026-04-12 09:30:00,US.KO,0.10447391252254282
2026-04-12 10:10:00,US.KO,0.1334104009271412
2026-04-12 10:40:00,US.KO,0.14655455592550162
2026-04-12 12:30:00,US.KO,0.1655338907580424
2026-04-12 21:20:00,US.KO,0.2749839074937707
2026-04-13 08:00:00,US.KO,0.29220509286023966
2026-04-13 09:00:00,US.KO,0.2862591744418439
2026-04-13 09:50:00,US.KO,0.2865246100557163
2026-04-13 11:40:00,US.KO,0.25347144728507365
2026-04-13 12:00:00,US.KO,0.2623366807393324
2026-04-13 12:30:00,US.KO,0.19284060598678163
2026-04-13 13:20:00,US.KO,0.14662101260545204
2026-04-13 14:30:00,US.KO,0.12271234997863342
2026-04-13 15:40:00,US.KO,0.10812538109126862
2026-04-13 16:50:00,US.KO,0.11236530603647514
2026-04-13 17:50:00,US.KO,0.11728189102455631
2026-04-13 18:00:00,US.KO,0.07349550159832122
2026-04-13 19:30:00,US.KO,0.074985389523165
2026-04-13 21:10:00,US.KO,0.05779509896195789
2026-04-13 23:20:00,US.KO,0.10449670243162774
2026-04-14 01:30:00,US.KO,0.17121276449895761
2026-04-14 01:40:00,US.KO,0.21816229917357133
2026-04-14 03:00:00,US.KO,0.18709328802386305
2026-04-14 04:00:00,US.KO,0.1761864422007044
2026-04-14 06:50:00,US.KO,0.1439912686706467
2026-04-14 09:00:00,US.KO,0.17473011058755944
2026-04-14 10:30:00,US.KO,0.1711031118082287
2026-04-14 10:50:00,US.KO,0.1876453362662578
2026-04-14 11:10:00,US.KO,0.1839568670252088
2026-04-14 12:10:00,US.KO,0.16358524456685336
2026-04-14 12:20:00,US.KO,0.15713968689540775
2026-04-14 13:00:00,US.KO,0.19118754133833016
2026-04-14 14:00:00,US.KO,0.2131289145249112
2026-04-14 14:30:00,US.KO,0.2077713089417936
2026-04-14 14:50:00,US.KO,0.22558256525562026
2026-04-14 15:00:00,US.KO,0.2467610885832701
2026-04-14 15:20:00,US.KO,0.23257722296203212
2026-04-14 15:30:00,US.KO,0.21764913790142842
2026-04-14 16:00:00,US.KO,0.24735747129469715
2026-04-14 16:20:00,US.KO,0.22689039478063805
2026-04-14 17:20:00,US.KO,0.22827635895936768
2026-04-14 17:40:00,US.KO,0.21424078498556268
2026-04-14 18:30:00,US.KO,0.18697562912962826
2026-04-14 19:10:00,US.KO,0.19816303970448507
2026-04-14 19:20:00,US.KO,0.20040552264603384
2026-04-14 19:50:00,US.KO,0.19981810002548994
2026-04-14 20:00:00,US.KO,0.23110740071648914
2026-04-14 20:50:00,US.KO,0.2014098756785194
2026-04-14 21:00:00,US.KO,0.23423244094109896
2026-04-14 22:30:00,US.KO,0.2156365600600912
2026-04-14 23:10:00,US.KO,0.23155496289360886
2026-04-15 01:10:00,US.KO,0.23510245867323074
2026-04-15 02:20:00,US.KO,0.23496520535898288
2026-04-15 02:30:00,US.KO,0.2511058091227219
2026-04-15 06:10:00,US.KO,0.23312059524130568
2026-04-15 09:00:00,US.KO,0.2329280110759214
2026-04-15 09:30:00,US.KO,0.23247399243281752
2026-04-15 09:50:00,US.KO,0.23196089741668227
2026-04-15 11:00:00,US.KO,0.2339668415954705
2026-04-15 11:10:00,US.KO,0.23024583144995303
2026-04-15 12:10:00,US.KO,0.2743278148992284
2026-04-15 12:30:00,US.KO,0.25510298819609883
2026-04-15 13:40:00,US.KO,0.24272023504774015
2026-04-15 14:00:00,US.KO,0.2508389580682265
2026-04-15 14:10:00,US.KO,0.23684927153226157
2026-04-15 16:40:00,US.KO,0.23863268553927375
2026-04-15 16:50:00,US.KO,0.23701292541699412
2026-04-15 17:00:00,US.KO,0.25645595982503866
2026-04-15 18:40:00,US.KO,0.2618173809009608
2026-04-15 18:50:00,US.KO,0.31313212800578977
2026-04-15 19:00:00,US.KO,0.2746238590704787
2026-04-15 19:40:00,US.KO,0.29375589423653325
2026-04-15 20:10:00,US.KO,0.2879901968208253
2026-04-15 20:40:00,US.KO,0.2794202936360712
2026-04-16 02:00:00,US.KO,0.2807259157025125
2026-04-16 04:20:00,US.KO,0.2788585105667406
2026-04-16 08:40:00,US.KO,0.2685980032941117
2026-04-16 09:00:00,US.KO,0.22924492785658443
2026-04-16 10:00:00,US.KO,0.17491432729684847
2026-04-16 10:20:00,US.KO,0.19279036179655606
2026-04-16 10:30:00,US.KO,0.17404349580950026
2026-04-16 12:20:00,US.KO,0.19678855180106522
2026-04-16 13:30:00,US.KO,0.21523815368608398
2026-04-16 14:00:00,US.KO,0.10702536042642483
2026-04-16 14:10:00,US.KO,0.09637325350583001
2026-04-16 14:30:00,US.KO,0.15101760578956538
2026-04-16 15:20:00,US.KO,0.14981692273031488
2026-04-16 16:00:00,US.KO,0.1475738899245344
2026-04-16 16:20:00,US.KO,0.12567724836924926
2026-04-16 18:40:00,US.KO,0.11037986973942703
2026-04-16 19:50:00,US.KO,0.22988193529793988
2026-04-16 20:00:00,US.KO,0.2575671507369551
2026-04-16 22:30:00,US.KO,0.24378312002129768
2026-04-17 03:00:00,US.KO,0.2240040812747351
2026-04-17 04:50:00,US.KO,0.22290580224028902
2026-04-17 05:00:00,US.KO,0.2437005274993639
2026-04-17 09:30:00,US.KO,0.21943528429789236
2026-04-17 10:10:00,US.KO,0.21668071735610997
2026-04-17 12:00:00,US.KO,0.21994233993434636
2026-04-17 17:00:00,US.KO,0.18145466690548445
2026-04-17 18:00:00,US.KO,0.15257942787711304
2026-04-17 20:50:00,US.KO,0.15270304866831705
2026-04-18 01:50:00,US.KO,0.09414964736475874
2026-04-18 09:30:00,US.KO,0.09101222179554418
2026-04-18 12:10:00,US.KO,0.045641141547082716
2026-04-18 17:00:00,US.KO,0.059114076659896014
2026-04-18 20:50:00,US.KO,0.10826784622117458
2026-04-19 02:20:00,US.KO,0.15976471886817098
2026-04-19 03:30:00,US.KO,0.15855098469861012
2026-04-19 05:20:00,US.KO,0.22650269721957142
2026-04-19 05:30:00,US.KO,0.26395591128334517
2026-04-19 06:10:00,US.KO,0.2904172396345294
2026-04-19 07:30:00,US.KO,0.34740298824578686
2026-04-19 08:00:00,US.KO,0.3328276507303349
2026-04-19 08:20:00,US.KO,0.3514148264498008
2026-04-19 08:30:00,US.KO,0.35340377264481243
2026-04-19 13:00:00,US.KO,0.3347160624628808
2026-04-19 13:10:00,US.KO,0.29582940395872187
2026-04-19 17:50:00,US.KO,0.32353143227988307
2026-04-19 18:30:00,US.KO,0.28797864359516484
2026-04-19 20:30:00,US.KO,0.23528633979085786
2026-04-19 20:50:00,US.KO,0.23883280215664798
2026-04-19 21:30:00,US.KO,0.2417994326077382
2026-04-20 01:00:00,US.KO,0.2763121256370938
2026-04-20 01:10:00,US.KO,0.29210033410331865
2026-04-20 01:30:00,US.KO,0.31256771077827505
2026-04-20 01:40:00,US.KO,0.2946431915872023
2026-04-20 03:30:00,US.KO,0.24989421397042758
2026-04-20 05:10:00,US.KO,0.22626327210896383
2026-04-20 06:30:00,US.KO,0.21393936187768958
2026-04-20 07:20:00,US.KO,0.19157392111542498
2026-04-20 08:30:00,US.KO,0.1909814830005817
2026-04-20 09:10:00,US.KO,0.1777359784880928
2026-04-20 09:30:00,US.KO,0.17508964435275995
2026-04-20 10:00:00,US.KO,0.12293860276078539
2026-04-20 10:30:00,US.KO,0.12296589152305522
2026-04-20 11:20:00,US.KO,0.10622672950995399
2026-04-20 12:00:00,US.KO,0.14111715374251166
2026-04-20 12:10:00,US.KO,0.1611313207924436
2026-04-20 13:00:00,US.KO,0.14176046528626446
2026-04-20 14:00:00,US.KO,0.16592000629891732
2026-04-20 14:10:00,US.KO,0.16153282571315133
2026-04-20 14:30:00,US.KO,0.2094769001413664
2026-04-20 19:40:00,US.KO,0.22911583637222338
2026-04-20 20:10:00,US.KO,0.21365265801589065
2026-04-21 00:00:00,US.KO,0.2529146418971912
2026-04-21 04:30:00,US.KO,0.24120338620491974
2026-04-21 08:00:00,US.KO,0.2567610630120607
2026-04-21 08:10:00,US.KO,0.18668900109124945
2026-04-21 08:30:00,US.KO,0.19155737510849838
2026-04-21 08:40:00,US.KO,0.18796270673654275
2026-04-21 11:30:00,US.KO,0.2286765748184159
2026-04-21 12:00:00,US.KO,0.19146514291646907
2026-04-21 16:40:00,US.KO,0.1938858037080184
2026-04-21 18:10:00,US.KO,0.17428658568684857
2026-04-21 19:30:00,US.KO,0.199880974940827
2026-04-21 20:00:00,US.KO,0.18012099578683954
2026-04-22 05:10:00,US.KO,0.207267623223379
2026-04-22 05:30:00,US.KO,0.2526893464715347
2026-04-22 06:10:00,US.KO,0.2836529184173211
2026-04-22 11:10:00,US.KO,0.2576314513605499
2026-04-22 11:30:00,US.KO,0.24404945464258654
2026-04-22 12:00:00,US.KO,0.0948607772391434
2026-04-22 13:00:00,US.KO,0.10982169457382769
2026-04-22 13:50:00,US.KO,0.11532034452574974
2026-04-22 14:30:00,US.KO,0.10775472362095127
2026-04-22 15:00:00,US.KO,0.059793525459014715
2026-04-22 19:00:00,US.KO,0.07647276146828455
2026-04-22 20:00:00,US.KO,0.02907949525154449
2026-04-22 21:30:00,US.KO,0.029964765397486506
2026-04-22 22:30:00,US.KO,-0.002697895421394473
2026-04-23 00:30:00,US.KO,0.1872861603285676
2026-04-23 01:40:00,US.KO,0.21547848617593499
2026-04-23 04:00:00,US.KO,0.17535541472837968
2026-04-23 04:30:00,US.KO,0.20678812505191346
2026-04-23 05:30:00,US.KO,0.18719092633336873
2026-04-23 08:10:00,US.KO,0.21116826826170365
2026-04-23 08:30:00,US.KO,0.21782841877676007
2026-04-23 11:20:00,US.KO,0.2193681564335411
2026-04-23 12:10:00,US.KO,0.156816926440696
2026-04-23 12:50:00,US.KO,0.12923793296721464
2026-04-23 13:00:00,US.KO,0.13826691451894066
2026-04-23 15:00:00,US.KO,0.16517677889153498
2026-04-23 16:30:00,US.KO,0.16559973741072073
2026-04-23 17:30:00,US.KO,0.16272286438405065
2026-04-23 18:10:00,US.KO,0.14613289974147828
2026-04-23 19:00:00,US.KO,0.08944225412340957
2026-04-23 20:10:00,US.KO,0.15570992818870757
2026-04-23 20:40:00,US.KO,0.1776825649242042
2026-04-23 21:30:00,US.KO,0.05922914713263094
2026-04-24 04:00:00,US.KO,0.11664811759508883
2026-04-24 10:30:00,US.KO,0.05894707432728829
2026-04-24 10:40:00,US.KO,0.11988905298578109
2026-04-24 11:00:00,US.KO,0.16767928676052624
2026-04-24 12:10:00,US.KO,0.2198584881469929
2026-04-24 13:10:00,US.KO,0.21980004027198588
2026-04-24 14:40:00,US.KO,0.262292459782838
2026-04-24 15:00:00,US.KO,0.27451537493569717
2026-04-24 19:00:00,US.KO,0.3562399350227243
2026-04-25 06:40:00,US.KO,0.3427442364361701
2026-04-25 07:50:00,US.KO,0.3349582045103686
2026-04-25 09:30:00,US.KO,0.2981968249279345
2026-04-25 09:50:00,US.KO,0.3004043358726921
2026-04-25 10:00:00,US.KO,0.2666942244813389
2026-04-25 10:30:00,US.KO,0.2698024366754838
2026-04-25 14:00:00,US.KO,0.22924418955513723
2026-04-25 17:50:00,US.KO,0.21260796233806006
2026-04-25 18:10:00,US.KO,0.1876017847403155
2026-04-25 22:30:00,US.KO,0.15699125659919866
2026-04-26 03:10:00,US.KO,0.18713496078637248
2026-04-26 07:20:00,US.KO,0.1879647336657488
2026-04-26 07:30:00,US.KO,0.23052109805437673
2026-04-26 08:50:00,US.KO,0.2595499069285101
2026-04-26 09:30:00,US.KO,0.20128741407010664
2026-04-26 09:50:00,US.KO,0.20421220162651438
2026-04-26 11:40:00,US.KO,0.18506591772563147
2026-04-26 12:00:00,US.KO,0.18541764704042787
2026-04-26 12:20:00,US.KO,0.18042779274601883
2026-04-26 13:50:00,US.KO,0.19083229448252387
2026-04-26 16:50:00,US.KO,0.21188899386989993
2026-04-27 03:30:00,US.KO,0.19948261399576037
2026-04-27 06:40:00,US.KO,0.17252879662462275
2026-04-27 07:00:00,US.KO,0.14735205886535066
2026-04-27 08:40:00,US.KO,0.2100188908041435
2026-04-27 09:00:00,US.KO,0.1786290527650813
2026-04-27 10:30:00,US.KO,0.2236033654075931
2026-04-27 10:40:00,US.KO,0.2058350516051182
2026-04-27 11:00:00,US.KO,0.21191990559130924
2026-04-27 11:30:00,US.KO,0.1540255471820729
2026-04-27 12:00:00,US.KO,0.11603101182923957
2026-04-27 14:00:00,US.KO,0.12921331286929044
2026-04-27 14:30:00,US.KO,0.11837647395062391
2026-04-27 15:00:00,US.KO,0.19934171558487132
2026-04-27 15:20:00,US.KO,0.15868780350232906
2026-04-27 15:50:00,US.KO,0.21074281066634884
2026-04-27 17:00:00,US.KO,0.245114345717297
2026-04-27 17:40:00,US.KO,0.28325712566103034
2026-04-27 19:40:00,US.KO,0.27325620992985333
2026-04-27 19:50:00,US.KO,0.29507057539843357
2026-04-27 20:00:00,US.KO,0.31478053487706903
2026-04-27 20:30:00,US.KO,0.3175988909330178
2026-04-27 23:50:00,US.KO,0.2969601671498579
2026-04-28 02:00:00,US.KO,0.256996487403865
2026-04-28 02:20:00,US.KO,0.2535322897221191
2026-04-28 06:10:00,US.KO,0.29733080647389015
2026-04-28 06:20:00,US.KO,0.23885574441527804
2026-04-28 07:00:00,US.KO,0.2343216465334234
2026-04-28 08:20:00,US.KO,0.22137925909080755
2026-04-28 09:30:00,US.KO,0.23862071278235938
2026-04-28 10:10:00,US.KO,0.21957764619859976
2026-04-28 10:50:00,US.KO,0.2773577289665456
2026-04-28 11:00:00,US.KO,0.27659179331858136
2026-04-28 11:10:00,US.KO,0.3164449496781455
2026-04-28 11:40:00,US.KO,0.35269666461364163
2026-04-28 12:30:00,US.KO,0.3737464833376975
2026-04-28 13:00:00,US.KO,0.4337993776320722
2026-04-28 13:30:00,US.KO,0.49683837227580946
2026-04-28 15:00:00,US.KO,0.47633866587481294
2026-04-28 15:50:00,US.KO,0.4632235133986268
2026-04-28 18:00:00,US.KO,0.4732336144950147
2026-04-28 19:30:00,US.KO,0.4896841743129426
2026-04-28 20:00:00,US.KO,0.46347324815124746
2026-04-28 21:00:00,US.KO,0.4544872851330534
2026-04-28 21:30:00,US.KO,0.39278786096007035
2026-04-28 22:00:00,US.KO,0.3579387644095357
2026-04-29 04:30:00,US.KO,0.3886457619288932
2026-04-29 09:00:00,US.KO,0.34920955296385314
2026-04-29 09:30:00,US.KO,0.3188812951590504
2026-04-29 09:40:00,US.KO,0.34263082018809504
2026-04-29 09:50:00,US.KO,0.3135862682831039
2026-04-29 10:30:00,US.KO,0.36777031954599454
2026-04-29 11:00:00,US.KO,0.38691363055977784
2026-04-29 11:20:00,US.KO,0.3559357958283524
2026-04-29 11:30:00,US.KO,0.34647355359741255
2026-04-29 11:50:00,US.KO,0.26580047030694465
2026-04-29 12:10:00,US.KO,0.27908872796731976
2026-04-29 12:20:00,US.KO,0.35085836616580623
2026-04-29 12:30:00,US.KO,0.32993829907598393
2026-04-29 12:40:00,US.KO,0.34295797357215874
2026-04-29 14:00:00,US.KO,0.34760300275745803
2026-04-29 16:30:00,US.KO,0.4431538008151276
2026-04-29 17:30:00,US.KO,0.43808662270637266
2026-04-29 18:00:00,US.KO,0.41461443086654504
2026-04-29 21:00:00,US.KO,0.41662140293959743
2026-04-29 21:40:00,US.KO,0.4060982583304983
2026-04-29 23:00:00,US.KO,0.45299282807321356
2026-04-29 23:30:00,US.KO,0.3938255465650172
2026-04-30 09:00:00,US.KO,0.44310966479798763
2026-04-30 10:10:00,US.KO,0.4258518680129575
2026-04-30 10:30:00,US.KO,0.39227302306493633
2026-04-30 10:40:00,US.KO,0.39265828975331757
2026-04-30 11:10:00,US.KO,0.36063392390134824
2026-04-30 12:00:00,US.KO,0.35313433282261253
2026-04-30 12:20:00,US.KO,0.3110279792374557
2026-04-30 13:00:00,US.KO,0.3268275990714633
2026-04-30 13:10:00,US.KO,0.2697076343525083
2026-04-30 13:30:00,US.KO,0.26985798063391664
2026-04-30 13:50:00,US.KO,0.20016738439240836
2026-04-30 14:30:00,US.KO,0.19895780932828772
2026-04-30 17:30:00,US.KO,0.22925892040645
2026-04-30 17:50:00,US.KO,0.24833304744157939
2026-04-30 18:30:00,US.KO,0.2715809188324012
2026-04-30 19:00:00,US.KO,0.2781990221634131
2026-04-30 19:20:00,US.KO,0.314703264412406
2026-04-30 20:00:00,US.KO,0.29391070434879996
2026-04-30 20:30:00,US.KO,0.29380051203574975
2026-04-30 21:30:00,US.KO,0.30937753380221233
2026-05-01 02:00:00,US.KO,0.2986748815764664
2026-05-01 08:30:00,US.KO,0.2939905350247595
2026-05-01 09:10:00,US.KO,0.2689787896261356
2026-05-01 09:30:00,US.KO,0.26614378750766243
2026-05-01 10:00:00,US.KO,0.2825790654511124
2026-05-01 10:30:00,US.KO,0.30724729676955187
2026-05-01 11:10:00,US.KO,0.31090712596875547
2026-05-01 12:20:00,US.KO,0.30416152512724104
2026-05-01 13:00:00,US.KO,0.25333837457730146
2026-05-01 14:20:00,US.KO,0.2660640520294377
2026-05-01 14:30:00,US.KO,0.2570957937655622
2026-05-01 15:00:00,US.KO,0.2848526992090448
2026-05-01 15:10:00,US.KO,0.30760609998375843
2026-05-01 16:00:00,US.KO,0.30969626160319985
2026-05-01 18:30:00,US.KO,0.3364790171613254
2026-05-01 18:40:00,US.KO,0.25361797302660277
2026-05-02 05:30:00,US.KO,0.2470399089012343
2026-05-02 07:00:00,US.KO,0.2557748763356231
2026-05-02 10:50:00,US.KO,0.29214072747342074
2026-05-02 11:10:00,US.KO,0.24285556080358411
2026-05-02 11:50:00,US.KO,0.23353441236674305
2026-05-02 12:00:00,US.KO,0.1935921811797909
2026-05-02 12:30:00,US.KO,0.1598771570508655
2026-05-02 12:50:00,US.KO,0.13279474761237267
2026-05-02 13:00:00,US.KO,0.04429621859173931
2026-05-02 14:50:00,US.KO,0.1000397224851539
2026-05-02 16:00:00,US.KO,0.0625024723475527
2026-05-02 21:30:00,US.KO,0.08369937308914518
2026-05-02 23:10:00,US.KO,0.0854290375147774
2026-05-03 08:00:00,US.KO,0.07966415730277197
2026-05-03 08:40:00,US.KO,0.07925117178747067
2026-05-03 11:00:00,US.KO,0.08559569850144483
2026-05-03 18:00:00,US.KO,0.044729010795135506
2026-05-03 19:30:00,US.KO,0.05563065991919306
2026-05-04 06:00:00,US.KO,0.0862857319147291
2026-05-04 10:30:00,US.KO,0.07416895380472119
2026-05-04 11:20:00,US.KO,0.0416350462026966
2026-05-04 12:50:00,US.KO,0.08653900247343692
2026-05-04 13:00:00,US.KO,0.0921823084116906
2026-05-04 13:10:00,US.KO,0.08928958992419228
2026-05-04 14:00:00,US.KO,0.18153871111162898
2026-05-04 14:30:00,US.KO,0.1604208429350075
2026-05-04 15:00:00,US.KO,0.1726993647193625
2026-05-04 16:50:00,US.KO,0.22117621086702244
2026-05-04 18:20:00,US.KO,0.24486296015910747
2026-05-04 19:00:00,US.KO,0.26808809539506967
2026-05-04 20:30:00,US.KO,0.27712132737303313
2026-05-05 11:10:00,US.KO,0.30813445266664957
2026-05-05 11:20:00,US.KO,0.3055513252694292
2026-05-05 11:30:00,US.KO,0.322402849895398
2026-05-05 12:00:00,US.KO,0.32821660556595295
2026-05-05 12:30:00,US.KO,0.29398512101997887
2026-05-05 14:00:00,US.KO,0.2803857782144779
2026-05-05 15:50:00,US.KO,0.25356339187087856
2026-05-06 03:00:00,US.KO,0.2418248496520493
2026-05-06 08:30:00,US.KO,0.21971855304721755
2026-05-06 10:20:00,US.KO,0.21089934875746041
2026-05-06 11:50:00,US.KO,0.1693585304717757
2026-05-06 12:30:00,US.KO,0.18685286585631672
2026-05-06 15:30:00,US.KO,0.12349596719553216
2026-05-06 18:30:00,US.KO,0.14925434898859383
2026-05-06 20:10:00,US.KO,0.1290092497417455
2026-05-06 20:30:00,US.KO,0.1294728070265539
2026-05-06 23:20:00,US.KO,0.1686752883100925
2026-05-06 23:30:00,US.KO,0.1693078059115592
2026-05-07 03:00:00,US.KO,0.1411554164649045
2026-05-07 07:00:00,US.KO,0.18044871321567504
2026-05-07 07:30:00,US.KO,0.20342602175638824
2026-05-07 08:30:00,US.KO,0.25571463242349546
2026-05-07 09:20:00,US.KO,0.3271678708945067
2026-05-07 10:30:00,US.KO,0.3230546834366202
2026-05-07 11:50:00,US.KO,0.280272625264367
2026-05-07 12:40:00,US.KO,0.27014495169409175
2026-05-07 14:50:00,US.KO,0.269576038337242
2026-05-07 15:00:00,US.KO,0.3013999024961394
2026-05-07 17:00:00,US.KO,0.26978588370551015
2026-05-07 19:00:00,US.KO,0.22864461170725317
2026-05-07 21:00:00,US.KO,0.2631845348202668
2026-05-07 22:40:00,US.KO,0.20847982686638103
2026-05-07 23:40:00,US.KO,0.08316826603230298
2026-05-08 01:20:00,US.KO,0.18035533479965837
2026-05-08 03:40:00,US.KO,0.2218777224274898
2026-05-08 06:20:00,US.KO,0.18830747926642932
2026-05-08 08:40:00,US.KO,0.18482805651664488
2026-05-08 09:00:00,US.KO,0.14270893566923334
2026-05-08 09:10:00,US.KO,0.1344096451813563
2026-05-08 10:00:00,US.KO,0.09633038087768295
2026-05-08 10:40:00,US.KO,0.1959064401603783
2026-05-08 11:50:00,US.KO,0.09963162217307163
2026-05-08 12:00:00,US.KO,0.1096259523045714
2026-05-08 12:10:00,US.KO,0.1348212891000937
2026-05-08 12:20:00,US.KO,0.20500418171363693
2026-05-08 12:30:00,US.KO,0.20304308332396082
2026-05-08 14:00:00,US.KO,0.1968798680245194
2026-05-08 14:30:00,US.KO,0.19730362276624167
2026-05-08 16:00:00,US.KO,0.24302903073607143
2026-05-08 17:00:00,US.KO,0.2021853742510896
2026-05-08 20:00:00,US.KO,0.18362735855986803
2026-05-08 21:30:00,US.KO,0.21117802910775846
2026-05-09 05:20:00,US.KO,0.18980433011268205
2026-05-09 08:30:00,US.KO,0.1677089385879963
2026-05-09 10:00:00,US.KO,0.19537762926155133
2026-05-09 10:20:00,US.KO,0.1950265838394797
2026-05-09 12:00:00,US.KO,0.23937979895853628
2026-05-09 12:20:00,US.KO,0.2376632971742057
2026-05-09 20:00:00,US.KO,0.23794135942748093
2026-05-10 00:00:00,US.KO,0.26083597085899907
2026-05-10 08:00:00,US.KO,0.2624865290039061
2026-05-10 08:10:00,US.KO,0.24972902414850487
2026-05-10 09:30:00,US.KO,0.28965698504857407
2026-05-10 10:00:00,US.KO,0.286177444351657
2026-05-11 05:00:00,US.KO,0.3809783036586268
2026-05-11 05:30:00,US.KO,0.3849245109704006
2026-05-11 06:30:00,US.KO,0.37167484350793917
2026-05-11 07:00:00,US.KO,0.36490006311954276
2026-05-11 08:10:00,US.KO,0.3614716090609708
2026-05-11 08:30:00,US.KO,0.3779311415379343
2026-05-11 09:30:00,US.KO,0.380796518697315
2026-05-11 10:00:00,US.KO,0.3425303453900092
2026-05-11 10:30:00,US.KO,0.33937796652316643
2026-05-11 11:00:00,US.KO,0.3008968621464098
2026-05-11 11:50:00,US.KO,0.26939224506850895
2026-05-11 12:30:00,US.KO,0.27057643906995815
2026-05-11 16:30:00,US.KO,0.30013423341690726
2026-05-11 17:00:00,US.KO,0.27190902624641033
2026-05-11 17:40:00,US.KO,0.25064702808740136
2026-05-11 19:30:00,US.KO,0.2544488600886993
2026-05-11 19:40:00,US.KO,0.2611730854115217
2026-05-11 20:30:00,US.KO,0.2209985300165421
2026-05-11 22:40:00,US.KO,0.20441132762782296
2026-05-12 06:00:00,US.KO,0.1894737831356822
2026-05-12 06:30:00,US.KO,0.18553792598768187
2026-05-12 07:30:00,US.KO,0.2040697700691901
2026-05-12 07:40:00,US.KO,0.23653879334719202
2026-05-12 08:30:00,US.KO,0.19372368299815634
2026-05-12 12:10:00,US.KO,0.19744897214082957
2026-05-12 13:00:00,US.KO,0.21285845961315653
2026-05-12 13:10:00,US.KO,0.21819245290116873
2026-05-12 15:00:00,US.KO,0.2793671807815491
2026-05-12 15:50:00,US.KO,0.26161439701266564
2026-05-12 16:10:00,US.KO,0.24785259599766798
2026-05-12 16:30:00,US.KO,0.2958294129286406
2026-05-12 17:30:00,US.KO,0.2956007619534389
2026-05-12 19:10:00,US.KO,0.3281793448205894
2026-05-12 20:00:00,US.KO,0.44404294004321926
2026-05-12 22:00:00,US.KO,0.46852134170199716
2026-05-13 00:50:00,US.KO,0.475319263123434
2026-05-13 03:00:00,US.KO,0.44858992597845637
2026-05-13 04:10:00,US.KO,0.4407822838554944
2026-05-13 04:50:00,US.KO,0.4530536919084471
2026-05-13 05:30:00,US.KO,0.44178333727453106
2026-05-13 08:40:00,US.KO,0.43676331106358607
2026-05-13 09:00:00,US.KO,0.3784858727302664
2026-05-13 10:00:00,US.KO,0.31809038816701035
2026-05-13 10:10:00,US.KO,0.29793317129752644
2026-05-13 12:20:00,US.KO,0.2690089501399666
2026-05-13 12:30:00,US.KO,0.3000058448246047
2026-05-13 13:00:00,US.KO,0.350850552358293
2026-05-13 14:00:00,US.KO,0.3938641152495238
2026-05-13 14:40:00,US.KO,0.360144751629883
2026-05-13 15:00:00,US.KO,0.32227801733370126
2026-05-13 16:20:00,US.KO,0.33345761724951306
2026-05-13 16:50:00,US.KO,0.3431804977125017
2026-05-13 17:20:00,US.KO,0.31733105844158505
2026-05-13 18:00:00,US.KO,0.318432995543754
2026-05-13 18:30:00,US.KO,0.27157815808190755
2026-05-13 18:50:00,US.KO,0.2839728484851841
2026-05-13 19:10:00,US.KO,0.22693766814584246
2026-05-13 20:20:00,US.KO,0.2829513809366173
2026-05-13 22:10:00,US.KO,0.25194912448080986
2026-05-13 22:40:00,US.KO,0.18576895995721487
2026-05-14 03:00:00,US.KO,0.15553353085099306
2026-05-14 03:10:00,US.KO,0.18316160167430975
2026-05-14 08:30:00,US.KO,0.18245026797836103
2026-05-14 09:00:00,US.KO,0.12612342029907544
2026-05-14 09:30:00,US.KO,0.13549351487950753
2026-05-14 10:50:00,US.KO,0.1191819217688695
2026-05-14 11:30:00,US.KO,0.11844543439904016
2026-05-14 12:30:00,US.KO,0.17822684475979217
2026-05-14 13:00:00,US.KO,0.2584394547537871
2026-05-14 13:30:00,US.KO,0.2633870181378856
2026-05-14 15:00:00,US.KO,0.2689062357689111
2026-05-14 17:30:00,US.KO,0.25431913177336457
2026-05-14 17:50:00,US.KO,0.1985711375678148
2026-05-14 19:30:00,US.KO,0.16386881558936878
2026-05-14 21:30:00,US.KO,0.17454601369064138
2026-05-15 00:30:00,US.KO,0.13099201353428777
2026-05-15 03:50:00,US.KO,0.18330204403825076
2026-05-15 09:00:00,US.KO,0.186102257932901
2026-05-15 09:40:00,US.KO,0.1364225359636949
2026-05-15 10:10:00,US.KO,0.16069344017578704
2026-05-15 14:30:00,US.KO,0.14597081785768382
2026-05-15 14:50:00,US.KO,0.16279402495955922
2026-05-15 16:10:00,US.KO,0.14724420365146826
2026-05-15 18:50:00,US.KO,0.12457896478457775
2026-05-15 19:00:00,US.KO,0.14629907157921546
2026-05-15 20:10:00,US.KO,0.09546180020329084
2026-05-16 04:00:00,US.KO,0.06168207699754226
2026-05-16 08:40:00,US.KO,0.07844581148394564
2026-05-16 11:30:00,US.KO,0.03408233763245747
2026-05-16 12:30:00,US.KO,0.04177246155225114
2026-05-16 13:00:00,US.KO,0.06141010359229602
2026-05-16 14:00:00,US.KO,0.1725637964284888
2026-05-16 16:30:00,US.KO,0.1755073509125189
2026-05-16 19:00:00,US.KO,0.16186271515717418
2026-05-17 04:20:00,US.KO,0.20658402121610053
2026-05-17 08:30:00,US.KO,0.2425649044505354
2026-05-17 10:30:00,US.KO,0.2679952245653366
2026-05-17 11:10:00,US.KO,0.2984196244851481
2026-05-17 12:30:00,US.KO,0.35207960825988777
2026-05-17 13:00:00,US.KO,0.31396544215426864
2026-05-17 16:00:00,US.KO,0.3136988097337896
2026-05-17 18:50:00,US.KO,0.3495283517500728
2026-05-18 07:00:00,US.KO,0.36512219297747456
2026-05-18 09:50:00,US.KO,0.3410128079865613
2026-05-18 10:00:00,US.KO,0.30578554023850446
2026-05-18 13:30:00,US.KO,0.29875404702881087
2026-05-18 13:40:00,US.KO,0.32734122075765704
2026-05-18 14:00:00,US.KO,0.3757006710175249
2026-05-18 14:10:00,US.KO,0.33000878865958755
2026-05-18 15:00:00,US.KO,0.3341968179628643
2026-05-18 15:10:00,US.KO,0.36912003192342974
2026-05-18 16:40:00,US.KO,0.37897459167177316
2026-05-18 18:00:00,US.KO,0.39140007048656567
2026-05-18 20:30:00,US.KO,0.408987058317111
2026-05-18 22:00:00,US.KO,0.41922675208183086
2026-05-19 03:30:00,US.KO,0.4175638649061926
2026-05-19 05:20:00,US.KO,0.3585026135039611
2026-05-19 08:00:00,US.KO,0.3687818610353443
2026-05-19 08:30:00,US.KO,0.39132506126690714
2026-05-19 09:30:00,US.KO,0.38105053008321094
2026-05-19 10:00:00,US.KO,0.3532250741106689
2026-05-19 13:00:00,US.KO,0.3165422755609339
2026-05-19 13:20:00,US.KO,0.2616687096018592
2026-05-19 14:00:00,US.KO,0.266582025054945
2026-05-19 14:10:00,US.KO,0.2652424615427154
2026-05-19 14:20:00,US.KO,0.2457492325900492
2026-05-19 14:30:00,US.KO,0.23508671913961865
2026-05-19 15:10:00,US.KO,0.21735734002100535
2026-05-19 15:30:00,US.KO,0.22016218250274022
2026-05-19 15:40:00,US.KO,0.2404475339274028
2026-05-19 16:00:00,US.KO,0.255848482716824
2026-05-19 17:40:00,US.KO,0.2659574807859251
2026-05-19 20:00:00,US.KO,0.2528832299795971
2026-05-19 21:30:00,US.KO,0.19888705957172992
2026-05-19 22:00:00,US.KO,0.17773811751067975
2026-05-19 22:30:00,US.KO,0.12064567917102295
2026-05-20 01:00:00,US.KO,0.2105372062038844
2026-05-20 01:20:00,US.KO,0.1865190288750741
2026-05-20 01:40:00,US.KO,0.20771653129362286
2026-05-20 02:30:00,US.KO,0.22400941888200893
2026-05-20 03:40:00,US.KO,0.2519253675889146
2026-05-20 08:00:00,US.KO,0.2978640461267606
2026-05-20 10:00:00,US.KO,0.3109808128466876
2026-05-20 10:40:00,US.KO,0.3480593489264337
2026-05-20 12:00:00,US.KO,0.3142271723741585
2026-05-20 12:30:00,US.KO,0.2811073655348746
2026-05-20 13:10:00,US.KO,0.3173268059248658
2026-05-20 14:40:00,US.KO,0.3442745876726575
2026-05-20 15:00:00,US.KO,0.32299014534732173
2026-05-20 20:10:00,US.KO,0.31487360222777844
2026-05-20 21:00:00,US.KO,0.3342590873640191
2026-05-20 23:00:00,US.KO,0.30653892178102776
2026-05-21 00:20:00,US.KO,0.3165289301451673
2026-05-21 03:40:00,US.KO,0.3513232088293696
2026-05-21 07:30:00,US.KO,0.34897406390877833
2026-05-21 09:10:00,US.KO,0.3501757029361723
2026-05-21 10:40:00,US.KO,0.32396796010085765
2026-05-21 11:00:00,US.KO,0.3286429720447848
2026-05-21 12:10:00,US.KO,0.327561139563232
2026-05-21 13:00:00,US.KO,0.29018212145400113
2026-05-21 14:10:00,US.KO,0.2737661194316173
2026-05-21 14:50:00,US.KO,0.27576569296268044
2026-05-21 16:00:00,US.KO,0.27935052946416306
2026-05-21 17:00:00,US.KO,0.28370790781647154
2026-05-21 17:30:00,US.KO,0.2819692860596472
2026-05-21 18:30:00,US.KO,0.3061323425292773
2026-05-21 19:00:00,US.KO,0.296489013614759
2026-05-21 20:30:00,US.KO,0.2762678363104104
2026-05-22 01:30:00,US.KO,0.2715776579275685
2026-05-22 05:10:00,US.KO,0.27645731772263776
2026-05-22 06:50:00,US.KO,0.28026834239403076
2026-05-22 07:10:00,US.KO,0.2803314824416877
2026-05-22 08:10:00,US.KO,0.1789555706512829
2026-05-22 13:10:00,US.KO,0.18490406153980876
2026-05-22 13:30:00,US.KO,0.22582282193514985
2026-05-22 14:00:00,US.KO,0.23012367902849654
2026-05-22 17:30:00,US.KO,0.2291481671510863
2026-05-22 22:40:00,US.KO,0.22147180354246238
2026-05-23 07:00:00,US.KO,0.22096622034920527
2026-05-23 07:30:00,US.KO,0.26486182756297044
2026-05-23 08:30:00,US.KO,0.24597036639258693
2026-05-23 10:30:00,US.KO,0.24777563173275197
2026-05-23 12:00:00,US.KO,0.3128811537961005
2026-05-23 19:40:00,US.KO,0.24567170474598826
2026-05-23 21:40:00,US.KO,0.2246876428077153
2026-05-24 06:30:00,US.KO,0.18505636716700527
2026-05-24 08:00:00,US.KO,0.1618078777342832
2026-05-24 10:10:00,US.KO,0.20551743440818124
2026-05-24 18:20:00,US.KO,0.2035131519612721
2026-05-25 05:00:00,US.KO,0.21750775712904769
2026-05-25 08:20:00,US.KO,0.21972066223821446
2026-05-25 13:40:00,US.KO,0.25796740376558713
2026-05-25 13:50:00,US.KO,0.29103421614736635
2026-05-25 19:30:00,US.KO,0.350426083955383
2026-05-26 01:30:00,US.KO,0.3487719171268772
2026-05-26 05:00:00,US.KO,0.38115873471254014
2026-05-26 05:20:00,US.KO,0.37939536494299203
2026-05-26 06:00:00,US.KO,0.35977828185623867
2026-05-26 07:20:00,US.KO,0.35535478431356204
2026-05-26 08:00:00,US.KO,0.3745056047630476
2026-05-26 09:50:00,US.KO,0.3456226146842687
2026-05-26 10:00:00,US.KO,0.3435529430162441
2026-05-26 11:10:00,US.KO,0.3241010045784088
2026-05-26 13:00:00,US.KO,0.3226532457135109
2026-05-26 15:10:00,US.KO,0.2644220167045721
2026-05-26 20:10:00,US.KO,0.22648622907360977
2026-05-26 21:30:00,US.KO,0.2023672941792332
2026-05-26 22:00:00,US.KO,0.2222998024348626
2026-05-27 01:30:00,US.KO,0.2324374693442404
2026-05-27 02:30:00,US.KO,0.2514204457653946
2026-05-27 05:00:00,US.KO,0.24450549005647274
2026-05-27 07:10:00,US.KO,0.2653177122221516
2026-05-27 07:30:00,US.KO,0.3182466303990466
2026-05-27 07:40:00,US.KO,0.32022848995475983
2026-05-27 08:30:00,US.KO,0.36931904193287807
2026-05-27 09:00:00,US.KO,0.3759845901338909
2026-05-27 09:10:00,US.KO,0.3589969768172729
2026-05-27 10:20:00,US.KO,0.3021214711302132
2026-05-27 10:50:00,US.KO,0.29143765464027704
2026-05-27 11:00:00,US.KO,0.2981950843148157
2026-05-27 11:30:00,US.KO,0.2701834433896095
2026-05-27 12:40:00,US.KO,0.25870968980440573
2026-05-27 15:00:00,US.KO,0.26962021376583634
2026-05-27 18:30:00,US.KO,0.2955790566075891
2026-05-27 20:10:00,US.KO,0.24994237072745248
2026-05-27 20:30:00,US.KO,0.28370707330500095
2026-05-27 22:40:00,US.KO,0.34770194926672077
2026-05-28 07:30:00,US.KO,0.3402584229612622
2026-05-28 08:20:00,US.KO,0.34663618684566916
2026-05-28 11:00:00,US.KO,0.27608678970350625
2026-05-28 11:30:00,US.KO,0.2012721770988032
2026-05-28 11:50:00,US.KO,0.11460346157236748
2026-05-28 12:10:00,US.KO,0.017343153866457933
2026-05-28 12:40:00,US.KO,-0.11134908804118107
2026-05-28 19:00:00,US.KO,-0.06370292277821096
2026-05-28 19:10:00,US.KO,-0.05933528274953319
2026-05-28 20:00:00,US.KO,-0.06977011653571619
2026-05-29 05:10:00,US.KO,-0.06569092261388841
2026-05-29 07:00:00,US.KO,-0.06022441218004895
2026-05-29 09:50:00,US.KO,-0.011870100124456714
2026-05-29 10:10:00,US.KO,0.08553659787598551
2026-05-29 11:30:00,US.KO,0.16768782066562293
2026-05-29 12:50:00,US.KO,0.14668586972345268
2026-05-29 14:10:00,US.KO,0.24932620710699002
2026-05-29 17:10:00,US.KO,0.20983747504345948
2026-05-29 18:40:00,US.KO,0.10426764453078294
2026-05-29 20:40:00,US.KO,0.06618020756715537
2026-05-29 22:00:00,US.KO,0.06473718149183157
2026-05-29 23:30:00,US.KO,0.0489574846223503
2026-05-30 03:50:00,US.KO,0.05776092496016097
2026-05-30 04:10:00,US.KO,0.013687500214279238
2026-05-30 05:10:00,US.KO,0.0008274759808727783
2026-05-30 06:00:00,US.KO,0.07152810347525503
2026-05-30 07:30:00,US.KO,0.05955331365682341
2026-05-30 08:10:00,US.KO,0.06651128054222169
2026-05-30 08:30:00,US.KO,0.14929303465939064
2026-05-30 23:20:00,US.KO,0.12329698021246933
2026-05-31 10:30:00,US.KO,0.10218492546427477
2026-05-31 21:00:00,US.KO,0.09773323369593685
2026-06-01 05:30:00,US.KO,0.10002957073125993
2026-06-01 06:10:00,US.KO,0.09934655541281713
2026-06-01 08:00:00,US.KO,0.08495904433957811
2026-06-01 09:50:00,US.KO,0.10712768536802807
2026-06-01 10:40:00,US.KO,0.0875207833832505
2026-06-01 11:20:00,US.KO,0.10479643507162961
2026-06-01 11:30:00,US.KO,0.09636359898295889
2026-06-01 12:00:00,US.KO,0.17830605891217302
2026-06-01 13:40:00,US.KO,0.27247864613193357
2026-06-01 14:40:00,US.KO,0.3138397750115
2026-06-01 22:30:00,US.KO,0.2823677228729915
2026-06-01 23:00:00,US.KO,0.3563869432313889
2026-06-01 23:30:00,US.KO,0.3600794276231752
2026-06-02 00:20:00,US.KO,0.3609037849973968
2026-06-02 01:50:00,US.KO,0.3609055998369748
2026-06-02 02:50:00,US.KO,0.3599692548068327
2026-06-02 06:00:00,US.KO,0.3271634346122157
2026-06-02 09:00:00,US.KO,0.30709306596419134
2026-06-02 10:00:00,US.KO,0.3017542444507813
2026-06-02 10:50:00,US.KO,0.29062525247811355
2026-06-02 11:00:00,US.KO,0.27443791612830937
2026-06-02 11:10:00,US.KO,0.25918542175943005
2026-06-02 11:20:00,US.KO,0.25123782014106333
2026-06-02 12:40:00,US.KO,0.24954235385982584
2026-06-02 14:10:00,US.KO,0.2705957222411769
2026-06-02 14:40:00,US.KO,0.23144034906487496
2026-06-02 21:00:00,US.KO,0.2158779143514861
2026-06-02 23:00:00,US.KO,0.24435278629437351
2026-06-03 05:40:00,US.KO,0.2624381052434497
2026-06-03 09:00:00,US.KO,0.26202644509190076
2026-06-03 09:40:00,US.KO,0.25739177599627006
2026-06-03 10:30:00,US.KO,0.2855481310548657
2026-06-03 11:40:00,US.KO,0.303308822943373
2026-06-03 12:00:00,US.KO,0.32279700898036356
2026-06-03 12:30:00,US.KO,0.29874557189523926
2026-06-03 13:00:00,US.KO,0.33476738364212855
2026-06-03 13:30:00,US.KO,0.34447256243780694
2026-06-03 14:30:00,US.KO,0.3311306778338772
2026-06-03 14:40:00,US.KO,0.32785550257708085
2026-06-03 20:00:00,US.KO,0.3150325643192514
2026-06-03 20:20:00,US.KO,0.28037294501362936
2026-06-04 02:30:00,US.KO,0.2813307555199931
2026-06-04 03:40:00,US.KO,0.2675845966388102
2026-06-04 04:30:00,US.KO,0.2405170652162079
2026-06-04 07:30:00,US.KO,0.20599734285292154
2026-06-04 08:40:00,US.KO,0.14954415033235652
2026-06-04 11:30:00,US.KO,0.09733191228374315
2026-06-04 12:20:00,US.KO,0.11031027934117439
2026-06-04 15:40:00,US.KO,0.1020812293206133
2026-06-04 19:30:00,US.KO,0.17435213482039566
2026-06-04 20:00:00,US.KO,0.16410204522527205
2026-06-04 20:30:00,US.KO,0.16733320053510012
2026-06-04 22:00:00,US.KO,0.18473276552784018
2026-06-05 03:40:00,US.KO,0.19593909874500798
2026-06-05 04:00:00,US.KO,0.2774512516816016
2026-06-05 04:30:00,US.KO,0.24480799623474225
2026-06-05 09:00:00,US.KO,0.23267057067179991
2026-06-05 10:20:00,US.KO,0.18226438321901317
2026-06-05 12:00:00,US.KO,0.22103295816979499
2026-06-05 12:20:00,US.KO,0.23043103286443817
2026-06-05 13:50:00,US.KO,0.2390238075291328
2026-06-05 16:10:00,US.KO,0.23022327741564896
2026-06-05 17:40:00,US.KO,0.22971897030343907
2026-06-06 06:00:00,US.KO,0.18488512613484534
2026-06-06 08:10:00,US.KO,0.21679693704796613
2026-06-06 08:30:00,US.KO,0.21926320778186673
2026-06-06 09:00:00,US.KO,0.2270887965142968
2026-06-06 11:30:00,US.KO,0.24380799703219963
2026-06-06 13:40:00,US.KO,0.22078085601593309
2026-06-06 14:00:00,US.KO,0.24308757819528826
2026-06-06 14:30:00,US.KO,0.22792726044622497
2026-06-06 16:30:00,US.KO,0.24715866064039224
2026-06-07 03:30:00,US.KO,0.24544137115580325
2026-06-07 07:40:00,US.KO,0.24930431661983624
2026-06-07 08:40:00,US.KO,0.2280873887493978
2026-06-07 09:00:00,US.KO,0.2846183166144945
2026-06-07 09:40:00,US.KO,0.3210766540845627
2026-06-07 10:50:00,US.KO,0.30114755019054007
2026-06-07 11:10:00,US.KO,0.33126473100052645
2026-06-07 11:30:00,US.KO,0.298422544660785
2026-06-07 16:00:00,US.KO,0.2668585075239247
2026-06-07 20:00:00,US.KO,0.2503319337757768
2026-06-08 00:30:00,US.KO,0.25597337453851216
2026-06-08 04:20:00,US.KO,0.28663663931666367
2026-06-08 06:00:00,US.KO,0.32481174253671175
2026-06-08 08:10:00,US.KO,0.2783779714180292
2026-06-08 08:30:00,US.KO,0.21263620098250186
2026-06-08 09:30:00,US.KO,0.21437818120894175
2026-06-08 10:30:00,US.KO,0.2060417393004888
2026-06-08 10:40:00,US.KO,0.23834937764674613
2026-06-08 12:00:00,US.KO,0.2953801206483901
2026-06-08 12:30:00,US.KO,0.30427508087213934
2026-06-08 13:00:00,US.KO,0.30198683026718404
2026-06-08 13:10:00,US.KO,0.29250525638072716
2026-06-08 13:50:00,US.KO,0.27975573971517376
2026-06-08 14:10:00,US.KO,0.29325855150854785
2026-06-08 15:00:00,US.KO,0.30727650979236554
2026-06-08 16:10:00,US.KO,0.2994704612353644
2026-06-08 16:20:00,US.KO,0.19448460942630197
2026-06-08 16:30:00,US.KO,0.15909177777942404
2026-06-08 18:00:00,US.KO,0.12508149830977267
2026-06-09 07:10:00,US.KO,0.1000280611437527
2026-06-09 07:30:00,US.KO,0.06091849688149295
2026-06-09 08:30:00,US.KO,0.054879978716823145
2026-06-09 08:40:00,US.KO,0.05260216048571779
2026-06-09 09:00:00,US.KO,0.1094984850954442
2026-06-09 09:30:00,US.KO,0.16701458577841358
2026-06-09 10:30:00,US.KO,0.10823128144916434
2026-06-09 13:10:00,US.KO,0.10645046539188617
2026-06-09 13:30:00,US.KO,0.14562868711988378
2026-06-09 14:00:00,US.KO,0.18197138643387592
2026-06-09 15:50:00,US.KO,0.16344050866458154
2026-06-09 16:00:00,US.KO,0.06788571490686308
2026-06-09 18:40:00,US.KO,0.07094319522854335
2026-06-09 19:30:00,US.KO,0.19483945506644543
2026-06-09 19:50:00,US.KO,0.22870377354152086
2026-06-09 20:30:00,US.KO,0.2455583329532978
2026-06-09 22:30:00,US.KO,0.22530559015317106
2026-06-10 02:00:00,US.KO,0.19091762064140697
2026-06-10 07:50:00,US.KO,0.19373381827184555
2026-06-10 08:00:00,US.KO,0.24342497283327993
2026-06-10 08:30:00,US.KO,0.2759704343342534
2026-06-10 11:00:00,US.KO,0.24487555201442185
2026-06-10 14:10:00,US.KO,0.24288264906132642
2026-06-10 15:20:00,US.KO,0.18990701166683407
2026-06-10 16:00:00,US.KO,0.15531706148940788
2026-06-10 18:10:00,US.KO,0.14452856825037344
2026-06-10 20:00:00,US.KO,0.11860368184428154
2026-06-10 20:30:00,US.KO,0.13606073442597186
2026-06-10 22:40:00,US.KO,0.1515932222168229
2026-06-11 04:40:00,US.KO,0.1849624964867391
2026-06-11 04:50:00,US.KO,0.18609950442110895
2026-06-11 07:00:00,US.KO,0.18467549368950992
2026-06-11 08:40:00,US.KO,0.14284370490003487
2026-06-11 09:30:00,US.KO,0.18303615842188578
2026-06-11 10:00:00,US.KO,0.23787694202665788
2026-06-11 10:20:00,US.KO,0.22331179153408431
2026-06-11 12:30:00,US.KO,0.2240531007679712
2026-06-11 13:50:00,US.KO,0.22653022904820802
2026-06-11 14:30:00,US.KO,0.2647504752873323
2026-06-11 15:00:00,US.KO,0.29040376305907795
2026-06-11 17:10:00,US.KO,0.32136437515068866
2026-06-11 18:30:00,US.KO,0.3233396379259446
2026-06-12 01:50:00,US.KO,0.3083739764585973
2026-06-12 02:00:00,US.KO,0.30708531500352176
2026-06-12 02:30:00,US.KO,0.3468226498397892
2026-06-12 04:30:00,US.KO,0.3367038895716685
2026-06-12 06:50:00,US.KO,0.30528235198275566
2026-06-12 07:40:00,US.KO,0.2875774640019766
2026-06-12 08:00:00,US.KO,0.24907077941306577
2026-06-12 08:10:00,US.KO,0.24431784631702747
2026-06-12 08:40:00,US.KO,0.23106702845897859
2026-06-12 09:30:00,US.KO,0.22994976254574465
2026-06-12 09:50:00,US.KO,0.26007078044624726
2026-06-12 10:30:00,US.KO,0.25780970544023885
2026-06-12 10:50:00,US.KO,0.20910675943956133
2026-06-12 11:30:00,US.KO,0.1791634405262167
2026-06-12 15:00:00,US.KO,0.18284005651102556
2026-06-12 15:20:00,US.KO,0.2106622836761043
2026-06-12 15:50:00,US.KO,0.1637123263531119
2026-06-12 16:00:00,US.KO,0.15821588143601228
2026-06-12 16:20:00,US.KO,0.1718197325579978
2026-06-12 21:00:00,US.KO,0.167698112858659
2026-06-13 07:40:00,US.KO,0.16848646463231154
2026-06-13 10:30:00,US.KO,0.17060443507166123
2026-06-13 11:00:00,US.KO,0.18809262145635983
2026-06-13 12:00:00,US.KO,0.2045442756811214
2026-06-13 12:10:00,US.KO,0.14594658649787315
2026-06-13 15:00:00,US.KO,0.21272018113303923
2026-06-13 16:50:00,US.KO,0.198964476749886
2026-06-13 23:40:00,US.KO,0.21154056676045668
2026-06-14 01:30:00,US.KO,0.2166968147361975
2026-06-14 04:10:00,US.KO,0.17082470270711791
2026-06-14 05:30:00,US.KO,0.18710540672754394
2026-06-14 05:40:00,US.KO,0.17766475712622162
2026-06-14 07:50:00,US.KO,0.19052259612089026
2026-06-14 08:30:00,US.KO,0.17500462779450993
2026-06-14 09:00:00,US.KO,0.19780433411396342
2026-06-14 09:40:00,US.KO,0.1917154745490451
2026-06-14 11:00:00,US.KO,0.19136571189475957
2026-06-14 11:20:00,US.KO,0.1887907118686601
2026-06-14 13:20:00,US.KO,0.17843282750181436
2026-06-14 14:00:00,US.KO,0.09848715710733194
2026-06-14 15:30:00,US.KO,0.1297648004584654
2026-06-14 17:10:00,US.KO,0.13707473821253877
2026-06-14 18:10:00,US.KO,0.15224402331363407
2026-06-14 19:40:00,US.KO,0.19440827911252637
2026-06-15 07:00:00,US.KO,0.19344576366926808
2026-06-15 07:20:00,US.KO,0.17552391933953107
2026-06-15 08:10:00,US.KO,0.16582506282027015
2026-06-15 08:30:00,US.KO,0.1666003149661512
2026-06-15 09:10:00,US.KO,0.17024577069669092
2026-06-15 10:10:00,US.KO,0.2304186879442488
2026-06-15 12:20:00,US.KO,0.2272127016734188
2026-06-15 12:50:00,US.KO,0.2535947073595452
2026-06-15 15:30:00,US.KO,0.265910129020135
2026-06-15 16:30:00,US.KO,0.2233148100648426
2026-06-15 17:40:00,US.KO,0.25069703125523457
2026-06-15 19:00:00,US.KO,0.2538006821230892
2026-06-15 20:00:00,US.KO,0.2889951803310043
2026-06-15 22:10:00,US.KO,0.27303113011842484
2026-06-16 11:30:00,US.KO,0.28531411346644786
2026-06-16 13:00:00,US.KO,0.2881559268001252
2026-06-16 15:00:00,US.KO,0.30121719533653285
2026-06-16 17:10:00,US.KO,0.2627484688301941
2026-06-16 20:20:00,US.KO,0.2399113527954066
2026-06-16 21:50:00,US.KO,0.24108025608084627
2026-06-17 00:00:00,US.KO,0.19706122267463685
2026-06-17 09:00:00,US.KO,0.17093154969698648
2026-06-17 09:30:00,US.KO,0.18465803076960402
2026-06-17 10:00:00,US.KO,0.1648429795448879
2026-06-17 11:00:00,US.KO,0.117993556274439
2026-06-17 11:50:00,US.KO,0.17766937517835082
2026-06-17 12:30:00,US.KO,0.19474866776643426
2026-06-17 13:30:00,US.KO,0.25875911732270224
2026-06-17 13:40:00,US.KO,0.30093320559645653
2026-06-17 14:30:00,US.KO,0.29714183730247723
2026-06-17 15:30:00,US.KO,0.31516517860523974
2026-06-17 18:00:00,US.KO,0.30366489439131
2026-06-17 18:10:00,US.KO,0.30031982374806787
2026-06-17 20:40:00,US.KO,0.300713005186072
2026-06-17 21:30:00,US.KO,0.25834235759253854
2026-06-17 21:40:00,US.KO,0.2662034233217872
2026-06-17 22:10:00,US.KO,0.27038497031019626
2026-06-18 02:00:00,US.KO,0.2231988770699839
2026-06-18 02:30:00,US.KO,0.218702508786288
2026-06-18 08:30:00,US.KO,0.20989848908029415
2026-06-18 10:30:00,US.KO,0.16243767498547818
2026-06-18 11:10:00,US.KO,0.17942723220425738
2026-06-18 12:00:00,US.KO,0.18091233443451024
2026-06-18 17:30:00,US.KO,0.18393731721932022
2026-06-18 18:10:00,US.KO,0.155385799845529
2026-06-18 22:20:00,US.KO,0.06751606932759195
2026-06-19 01:30:00,US.KO,0.08578932830000634
2026-06-19 08:40:00,US.KO,0.017129907650978243
2026-06-19 13:00:00,US.KO,0.04483582195539273
2026-06-19 14:30:00,US.KO,0.024964181313228317
2026-06-19 14:40:00,US.KO,-0.014831219535300345
2026-06-19 15:20:00,US.KO,0.03223890123733318
2026-06-19 16:00:00,US.KO,-0.021596428021073567
2026-06-19 17:30:00,US.KO,-0.016204961564962112
2026-06-19 18:20:00,US.KO,0.03382926665356991
2026-06-19 21:00:00,US.KO,-0.04205000847443264
2026-06-20 03:00:00,US.KO,0.05804915393945027
2026-06-20 09:40:00,US.KO,0.02963424027983282
2026-06-20 11:00:00,US.KO,0.03137730991370164
2026-06-20 11:30:00,US.KO,0.07736767689688535
2026-06-20 13:10:00,US.KO,0.049383004351790195
2026-06-20 17:30:00,US.KO,0.12762809948772202
2026-06-20 21:30:00,US.KO,0.08240014524223405
2026-06-21 03:30:00,US.KO,0.020848533281220997
2026-06-21 08:00:00,US.KO,0.04292044164177297
2026-06-21 10:00:00,US.KO,0.0018002840946990462
2026-06-21 11:20:00,US.KO,0.02964883042304371
2026-06-21 11:30:00,US.KO,-0.009960951533885367
2026-06-21 16:00:00,US.KO,-0.054716389245464646
2026-06-21 16:30:00,US.KO,-0.11712548823137951
2026-06-21 22:40:00,US.KO,-0.1613736627128274
2026-06-22 08:10:00,US.KO,-0.10450853984336408
2026-06-22 09:00:00,US.KO,-0.12740224521474405
2026-06-22 10:00:00,US.KO,-0.14195748514176715
2026-06-22 11:00:00,US.KO,-0.20983479618995285
2026-06-22 11:30:00,US.KO,-0.09439806323884126
2026-06-22 12:00:00,US.KO,-0.0885214822556542
2026-06-22 12:30:00,US.KO,-0.012099312650229182
2026-06-22 13:30:00,US.KO,0.10466620192843781
2026-06-22 15:10:00,US.KO,0.15892910926795076
2026-06-22 16:40:00,US.KO,0.1855520482810608
2026-06-22 18:20:00,US.KO,0.19784284309529096
2026-06-22 19:30:00,US.KO,0.15856395006877386
2026-06-22 21:00:00,US.KO,0.13176063652511266
2026-06-22 21:20:00,US.KO,0.10759862451109778
2026-06-23 00:00:00,US.KO,0.027186486396153543
2026-06-23 04:00:00,US.KO,-0.010877912763641586
2026-06-23 04:50:00,US.KO,-0.07459765448599244
2026-06-23 05:00:00,US.KO,-0.13761266481575601
2026-06-23 11:10:00,US.KO,-0.11533833400091938
2026-06-23 12:00:00,US.KO,-0.11598973790921728
2026-06-23 12:40:00,US.KO,-0.13185505169917508
2026-06-23 13:00:00,US.KO,-0.12599890730050023
2026-06-23 13:40:00,US.KO,-0.05531730818691588
2026-06-23 14:00:00,US.KO,0.10466976873232278
2026-06-23 14:20:00,US.KO,0.14988014257551127
2026-06-23 15:20:00,US.KO,0.24321712397378542
2026-06-23 17:20:00,US.KO,0.14236589717879206
2026-06-23 19:00:00,US.KO,0.1846948763372077
2026-06-23 20:00:00,US.KO,0.19687817829954435
2026-06-23 20:10:00,US.KO,0.21245061747925684
2026-06-23 20:30:00,US.KO,0.1530712302976791
2026-06-24 08:30:00,US.KO,0.15060140120688073
2026-06-24 09:20:00,US.KO,0.14240193720866215
2026-06-24 18:40:00,US.KO,0.11272717313999496
2026-06-24 19:10:00,US.KO,0.12235866900658658
2026-06-24 20:00:00,US.KO,0.11170548136365326
2026-06-25 08:50:00,US.KO,0.15683925619006842
2026-06-25 10:00:00,US.KO,0.14334926791305833
2026-06-25 15:10:00,US.KO,0.14084621598076333
2026-06-25 16:10:00,US.KO,0.1203446637147681
2026-06-25 21:10:00,US.KO,0.17569106400877454
2026-06-25 21:40:00,US.KO,0.160482853575982
2026-06-25 21:50:00,US.KO,0.12405084244164649
2026-06-26 00:10:00,US.KO,0.14307504744447402
2026-06-26 06:40:00,US.KO,0.14757730107754768
2026-06-26 07:30:00,US.KO,0.13082718336254534
2026-06-26 07:50:00,US.KO,0.1489162903953635
2026-06-26 09:20:00,US.KO,0.1662832337270544
2026-06-26 12:20:00,US.KO,0.11768670155544865
2026-06-26 15:00:00,US.KO,0.14929593928052393
2026-06-26 15:30:00,US.KO,0.12641661272777846
2026-06-26 16:30:00,US.KO,0.1985546363107979
2026-06-26 20:10:00,US.KO,0.17974138485588131
2026-06-26 21:40:00,US.KO,0.2075952483891789
2026-06-26 23:30:00,US.KO,0.19710959964615488
2026-06-27 06:00:00,US.KO,0.1717531493300639
2026-06-27 06:40:00,US.KO,0.17126144540731775
2026-06-27 07:40:00,US.KO,0.21097563146824802
2026-06-27 08:00:00,US.KO,0.19425722499972417
2026-06-27 09:40:00,US.KO,0.22333038495549706
2026-06-27 18:40:00,US.KO,0.18859368580564204
2026-06-27 19:10:00,US.KO,0.20663881142112336
2026-06-27 20:40:00,US.KO,0.18920933193809789
2026-06-27 21:00:00,US.KO,0.17713755962378983
2026-06-27 22:30:00,US.KO,0.20145581454298347
2026-06-28 15:40:00,US.KO,0.214451108841579
2026-06-28 18:00:00,US.KO,0.2195836998914404
2026-06-28 21:10:00,US.KO,0.20674305773108437
2026-06-29 06:30:00,US.KO,0.19043172834469102
2026-06-29 07:00:00,US.KO,0.18679975526680004
2026-06-29 08:20:00,US.KO,0.18264362288379932
2026-06-29 08:30:00,US.KO,0.18830073437132233
2026-06-29 09:10:00,US.KO,0.1858699147795014
2026-06-29 09:20:00,US.KO,0.21387270328189992
2026-06-29 11:00:00,US.KO,0.18437321986878535
2026-06-29 13:50:00,US.KO,0.14994933590731427
2026-06-29 14:30:00,US.KO,0.1357735931812267
2026-06-29 15:00:00,US.KO,0.12410208754950981
2026-06-29 15:40:00,US.KO,0.06918640502970215
2026-06-29 18:30:00,US.KO,0.0703460618935914
2026-06-29 18:40:00,US.KO,0.058619541814201176
2026-06-30 02:00:00,US.KO,0.06989797113665336
2026-06-30 03:50:00,US.KO,0.07067856130734851
2026-06-30 08:50:00,US.KO,0.08236262477670736
2026-06-30 09:00:00,US.KO,0.14876654191961666
2026-06-30 13:00:00,US.KO,0.17593796038947437
2026-06-30 13:30:00,US.KO,0.2728088706672878
2026-06-30 13:40:00,US.KO,0.2800858695708112
2026-06-30 14:10:00,US.KO,0.24413942078259368
2026-06-30 14:20:00,US.KO,0.2370435682583465
2026-06-30 14:30:00,US.KO,0.27101277927365147
2026-06-30 15:00:00,US.KO,0.16156748477544272
2026-06-30 15:30:00,US.KO,0.15351786840569467
2026-06-30 17:30:00,US.KO,0.15031932522475128
2026-06-30 19:00:00,US.KO,0.1886925884334849
2026-07-01 04:00:00,US.KO,0.19989934494207062
2026-07-01 05:40:00,US.KO,0.18533498996681735
2026-07-01 06:40:00,US.KO,0.20891969047466502
2026-07-01 07:20:00,US.KO,0.1748689563243966
2026-07-01 07:40:00,US.KO,0.17801984197670562
2026-07-01 08:10:00,US.KO,0.16639883986047105
2026-07-01 09:50:00,US.KO,0.21599047999172571
2026-07-01 10:00:00,US.KO,0.2146739249119221
2026-07-01 10:20:00,US.KO,0.1364916087997887
2026-07-01 10:50:00,US.KO,0.15109261386628353
2026-07-01 11:00:00,US.KO,0.2688379728758752
2026-07-01 11:20:00,US.KO,0.33832020030343835
2026-07-01 11:30:00,US.KO,0.386328221648427
2026-07-01 11:50:00,US.KO,0.3966665072649026
2026-07-01 12:00:00,US.KO,0.4313465145630687
2026-07-01 12:50:00,US.KO,0.45794699228850283
2026-07-01 13:20:00,US.KO,0.4739331293943795
2026-07-01 13:30:00,US.KO,0.5176836995076479
2026-07-01 13:40:00,US.KO,0.44786550972423544
2026-07-01 14:00:00,US.KO,0.39663245924327517
2026-07-01 18:40:00,US.KO,0.3748962890836865
2026-07-01 20:00:00,US.KO,0.3171150671090833
2026-07-01 20:40:00,US.KO,0.3171054858829008
2026-07-01 21:00:00,US.KO,0.3060140657505844
2026-07-01 21:30:00,US.KO,0.30901803977512665
2026-07-02 02:30:00,US.KO,0.26925363186602247
2026-07-02 04:00:00,US.KO,0.23822837430129276
2026-07-02 06:50:00,US.KO,0.2434332798563136
2026-07-02 07:40:00,US.KO,0.2881384765907448
2026-07-02 08:40:00,US.KO,0.2665229105406527
2026-07-02 09:30:00,US.KO,0.2920983183087848
2026-07-02 12:00:00,US.KO,0.29285652447625776
2026-07-02 12:30:00,US.KO,0.29426717470935343
2026-07-02 14:40:00,US.KO,0.27530619998119765
2026-07-02 18:00:00,US.KO,0.3352958343190902
2026-07-02 19:10:00,US.KO,0.35095520031661714
2026-07-02 23:10:00,US.KO,0.328025769644682
2026-07-03 07:10:00,US.KO,0.33120630793185135
2026-07-03 08:20:00,US.KO,0.3326474770666842
2026-07-03 08:30:00,US.KO,0.37145340028038126
2026-07-03 11:00:00,US.KO,0.36091867709313746
2026-07-03 12:30:00,US.KO,0.27240826878580177
2026-07-03 13:20:00,US.KO,0.28101836542608316
2026-07-03 14:10:00,US.KO,0.30874776160725276
2026-07-03 14:30:00,US.KO,0.26025207052727045
2026-07-03 14:40:00,US.KO,0.22608450913941774
2026-07-03 19:00:00,US.KO,0.25595090740968
2026-07-03 20:10:00,US.KO,0.23409373223357569
2026-07-04 06:30:00,US.KO,0.3021734912406376
2026-07-04 10:00:00,US.KO,0.30710552028467997
2026-07-04 10:10:00,US.KO,0.2940562572788763
2026-07-04 10:40:00,US.KO,0.29264297996892513
2026-07-04 11:10:00,US.KO,0.26461783370755476
2026-07-04 12:00:00,US.KO,0.2952510566914096
2026-07-04 20:20:00,US.KO,0.30393319846687833
2026-07-05 01:10:00,US.KO,0.3043894367146243
2026-07-05 01:30:00,US.KO,0.31265630711867876
2026-07-05 06:30:00,US.KO,0.31068508630262737
2026-07-05 06:40:00,US.KO,0.2363927120642465
2026-07-05 17:00:00,US.KO,0.20304293726277628
2026-07-05 17:40:00,US.KO,0.22337234393443647
2026-07-05 18:10:00,US.KO,0.22401175793501513
2026-07-06 01:00:00,US.KO,0.22254456415178975
2026-07-06 01:30:00,US.KO,0.17278958076272288
2026-07-06 02:50:00,US.KO,0.17157346303530932
2026-07-06 03:30:00,US.KO,0.17107721843416565
2026-07-06 04:00:00,US.KO,0.16475504659494195
2026-07-06 05:00:00,US.KO,0.15570090371792483
2026-07-06 08:00:00,US.KO,0.17101847188555763
2026-07-06 08:40:00,US.KO,0.18443180240944904
2026-07-06 10:00:00,US.KO,0.1462611673567476
2026-07-06 10:40:00,US.KO,0.12876663666546162
2026-07-06 11:30:00,US.KO,0.12843475411526134
2026-07-06 14:00:00,US.KO,0.2003333607842763
2026-07-06 16:00:00,US.KO,0.1982456033860771
2026-07-06 19:30:00,US.KO,0.14767157749364193
2026-07-06 20:40:00,US.KO,0.16520893903896264
2026-07-06 22:30:00,US.KO,0.1511684683989001
2026-07-07 00:30:00,US.KO,0.17165079572330721
2026-07-07 10:00:00,US.KO,0.1954581773350525
2026-07-07 10:20:00,US.KO,0.22785205266779357
2026-07-07 10:40:00,US.KO,0.2428466472034455
2026-07-07 11:20:00,US.KO,0.23691889975882574
2026-07-07 13:00:00,US.KO,0.24935900278085762
2026-07-07 13:10:00,US.KO,0.26912353804342515
2026-07-07 13:40:00,US.KO,0.2822606857007695
2026-07-07 14:10:00,US.KO,0.2846175756370306
2026-07-07 14:20:00,US.KO,0.26949790939720997
2026-07-07 14:30:00,US.KO,0.3108982097499294
2026-07-07 15:20:00,US.KO,0.28646298781635493
2026-07-07 18:10:00,US.KO,0.28746355097758985
2026-07-07 18:30:00,US.KO,0.31752599904668494
2026-07-07 19:00:00,US.KO,0.36937755143599676
2026-07-07 20:30:00,US.KO,0.384018089609875
2026-07-07 22:30:00,US.KO,0.3654716313075932
2026-07-08 06:40:00,US.KO,0.339037172750211
2026-07-08 07:40:00,US.KO,0.3532474086078278
2026-07-08 09:50:00,US.KO,0.28046617254744477
2026-07-08 10:00:00,US.KO,0.26333904183587137
2026-07-08 11:40:00,US.KO,0.2774152478972212
2026-07-08 11:50:00,US.KO,0.27522503817060634
2026-07-08 12:00:00,US.KO,0.3025282505902316
2026-07-08 15:20:00,US.KO,0.27527375375558716
2026-07-08 16:10:00,US.KO,0.25857669543859646
2026-07-08 19:10:00,US.KO,0.24155448013971165
2026-07-08 20:30:00,US.KO,0.2473012320956508
2026-07-08 21:00:00,US.KO,0.25484581829674235
2026-07-08 21:10:00,US.KO,0.2485241276925231
2026-07-08 22:50:00,US.KO,0.21246831559098828
2026-07-08 23:10:00,US.KO,0.215277079177916
2026-07-09 04:30:00,US.KO,0.20677971987474028
2026-07-09 08:10:00,US.KO,0.1833997470891426
2026-07-09 09:20:00,US.KO,0.1564760864166166
2026-07-09 11:30:00,US.KO,0.17188103201220206
2026-07-09 13:00:00,US.KO,0.16928473127711574
2026-07-09 14:30:00,US.KO,0.15787554877259694
2026-07-09 16:00:00,US.KO,0.1752759237072539
2026-07-09 16:30:00,US.KO,0.26736322363330245
2026-07-09 17:00:00,US.KO,0.26825918561582907
2026-07-09 18:10:00,US.KO,0.2611192522004413
2026-07-09 18:40:00,US.KO,0.2828633609334509
2026-07-09 20:10:00,US.KO,0.2627173975605453
2026-07-10 05:50:00,US.KO,0.30831693255748505
2026-07-10 08:00:00,US.KO,0.3216831648322934
2026-07-10 12:10:00,US.KO,0.3473332475215739
2026-07-10 14:30:00,US.KO,0.33191907847324453
2026-07-10 15:40:00,US.KO,0.3564634209043415
2026-07-10 16:10:00,US.KO,0.33698151305501606
2026-07-10 17:30:00,US.KO,0.3110428281105983
2026-07-10 18:40:00,US.KO,0.3072385169028957
2026-07-10 20:10:00,US.KO,0.3186467828624624
2026-07-10 20:30:00,US.KO,0.27599510183481246
2026-07-10 21:00:00,US.KO,0.2599542579174923
2026-07-11 06:40:00,US.KO,0.24753154165298802
2026-07-11 10:20:00,US.KO,0.25006857606054017
2026-07-11 12:40:00,US.KO,0.20701635999551798
2026-07-12 07:30:00,US.KO,0.18941223607614532
2026-07-12 15:20:00,US.KO,0.1631187931042415
2026-07-12 16:00:00,US.KO,0.1702250780525468
2026-07-12 17:00:00,US.KO,0.1548629840108159
2026-07-12 17:10:00,US.KO,0.1103483268367211
2026-07-12 17:30:00,US.KO,0.09143200483786547
2026-07-13 09:00:00,US.KO,0.1302650119958082
2026-07-13 10:10:00,US.KO,0.09585981250801102
2026-07-13 12:30:00,US.KO,0.1260092960576929
2026-07-13 14:00:00,US.KO,0.13264616546101385
2026-07-13 15:00:00,US.KO,0.15447972446539726
2026-07-13 15:10:00,US.KO,0.19366774074090232
2026-07-13 15:40:00,US.KO,0.22284943463327356
2026-07-13 16:00:00,US.KO,0.21113961164306513
2026-07-13 16:40:00,US.KO,0.2281520958496485
2026-07-13 18:00:00,US.KO,0.277605060132984
2026-07-13 21:30:00,US.KO,0.29104124269839865
2026-07-14 00:40:00,US.KO,0.2628682225040818
2026-07-14 02:40:00,US.KO,0.2904206801923154
2026-07-14 03:30:00,US.KO,0.28296007303491927
2026-07-14 05:00:00,US.KO,0.28392999164625876
2026-07-14 06:40:00,US.KO,0.27595359450244866
2026-07-14 07:10:00,US.KO,0.2716895498145178
2026-07-14 07:20:00,US.KO,0.25362555698342737
2026-07-14 08:40:00,US.KO,0.19141857861102715
2026-07-14 09:50:00,US.KO,0.16814483967750943
2026-07-14 10:30:00,US.KO,0.18827697302359006
2026-07-14 11:00:00,US.KO,0.1572955768395595
2026-07-14 13:10:00,US.KO,0.1642999386166623
2026-07-14 14:10:00,US.KO,0.1693610581121978
2026-07-14 14:30:00,US.KO,0.17238866660627666
2026-07-15 04:40:00,US.KO,0.1711797041529823
2026-07-15 07:40:00,US.KO,0.13770338836033647
2026-07-15 08:50:00,US.KO,0.16338725465161907
2026-07-15 09:00:00,US.KO,0.20998794451229907
2026-07-15 12:00:00,US.KO,0.23964248789446882
2026-07-15 12:10:00,US.KO,0.20941256449097992
2026-07-15 12:30:00,US.KO,0.2534016351711757
2026-07-15 13:10:00,US.KO,0.2531718074444449
2026-07-15 16:30:00,US.KO,0.27854598541952297
2026-07-15 17:30:00,US.KO,0.2912555952060911
2026-07-15 18:00:00,US.KO,0.3494026193870048
2026-07-15 18:30:00,US.KO,0.3006180978781288
2026-07-15 20:10:00,US.KO,0.3052630438165862
2026-07-15 21:00:00,US.KO,0.3182155126384429
2026-07-16 00:20:00,US.KO,0.31069828740596517
2026-07-16 03:10:00,US.KO,0.28010133345671584
2026-07-16 09:10:00,US.KO,0.25193064542707155
2026-07-16 10:10:00,US.KO,0.28074423728103187
2026-07-16 11:00:00,US.KO,0.21594220386428326
2026-07-16 13:10:00,US.KO,0.1912697715892723
2026-07-16 15:00:00,US.KO,0.20009284743163072
2026-07-16 15:30:00,US.KO,0.18585932660008528
2026-07-16 16:40:00,US.KO,0.17673433507217992
2026-07-16 17:10:00,US.KO,0.13431086148430516
2026-07-16 20:10:00,US.KO,0.01665589363840201
2026-07-16 20:30:00,US.KO,-0.027302886349747313
2026-07-16 20:40:00,US.KO,-0.02046246905547015
2026-07-16 21:00:00,US.KO,-0.0628853898826904
2026-07-16 21:10:00,US.KO,-0.08608282227059141
2026-07-16 21:20:00,US.KO,-0.12332605285628924
2026-07-16 22:00:00,US.KO,-0.1442265611595785
2026-07-16 22:30:00,US.KO,-0.08992700857924348
2026-07-16 22:40:00,US.KO,-0.0636280550736127
2026-07-17 01:30:00,US.KO,-0.06348913201339527
2026-07-17 02:20:00,US.KO,-0.09048195962703107
2026-07-17 04:30:00,US.KO,-0.055748146288806436
2026-07-17 06:50:00,US.KO,-0.07809739409617605
2026-07-17 07:20:00,US.KO,-0.11529854744834453
2026-07-17 07:50:00,US.KO,-0.08549456294437874
2026-07-17 08:00:00,US.KO,-0.10187036044822041
2026-07-17 08:20:00,US.KO,-0.12518733019024791
2026-07-17 13:00:00,US.KO,-0.07584500214929445
2026-07-17 16:00:00,US.KO,-0.12247046373374615
2026-07-17 16:30:00,US.KO,-0.0972188578705736
2026-07-17 18:40:00,US.KO,-0.07689511881139639
2026-07-17 21:10:00,US.KO,-0.08401798021856437
2026-07-18 00:00:00,US.KO,-0.0889848562295724
2026-07-18 04:40:00,US.KO,-0.04041038700625995
2026-07-18 05:10:00,US.KO,-0.04321363212791392
2026-07-18 07:40:00,US.KO,-0.028102911286275713
2026-07-18 08:40:00,US.KO,-0.05622650732008551
2026-07-18 11:10:00,US.KO,-0.07104719374133842
2026-07-18 12:00:00,US.KO,-0.04388929757002227
2026-07-18 15:30:00,US.KO,-0.0390616178098673
2026-07-18 16:30:00,US.KO,0.008220962316473117
2026-07-18 19:10:00,US.KO,0.010443558606830248
2026-07-19 08:50:00,US.KO,0.012457535686268
2026-07-19 09:10:00,US.KO,0.03152863063304632
2026-07-19 15:30:00,US.KO,-0.005824671390722574
2026-07-19 16:00:00,US.KO,0.01581265184445198
2026-07-19 19:30:00,US.KO,0.04257197774479357
2026-07-20 09:10:00,US.KO,0.060552349612054336
2026-07-20 10:20:00,US.KO,0.061673146234293104
2026-07-20 11:40:00,US.KO,0.12214162945974266
2026-07-20 13:00:00,US.KO,0.1223471301515646
2026-07-20 13:30:00,US.KO,0.1489796126340826
2026-07-20 14:20:00,US.KO,0.12225022866873356
2026-07-20 14:40:00,US.KO,0.10518497729702878
2026-07-20 15:30:00,US.KO,0.14633561525952635
2026-07-20 16:00:00,US.KO,0.15991658814375564
2026-07-20 18:30:00,US.KO,0.15887262993696896
2026-07-20 18:40:00,US.KO,0.20245589747028633
2026-07-20 19:50:00,US.KO,0.1540019906630843
2026-07-20 20:10:00,US.KO,0.11605777558181388
2026-07-20 21:00:00,US.KO,0.11631414562016598
2026-07-20 22:40:00,US.KO,0.15599542615747006
2026-07-20 23:10:00,US.KO,0.1578593185968742
2026-07-21 03:30:00,US.KO,0.13294356364083654
2026-07-21 10:00:00,US.KO,0.20671036738446333
2026-07-21 11:10:00,US.KO,0.18047255902335105
2026-07-21 13:00:00,US.KO,0.17513694154805404
2026-07-21 13:30:00,US.KO,0.07807886098531965
2026-07-21 14:00:00,US.KO,0.12647596975757844
2026-07-21 16:00:00,US.KO,0.12937832370333235
2026-07-21 18:00:00,US.KO,0.12173805584519352
2026-07-21 18:30:00,US.KO,0.08121301002678069
2026-07-21 18:50:00,US.KO,0.02833006459015117
2026-07-21 20:40:00,US.KO,0.03005996800804313
2026-07-21 21:40:00,US.KO,0.0038081050563373215
2026-07-21 23:00:00,US.KO,0.034567247397579104
2026-07-22 00:30:00,US.KO,0.05064226728911061
2026-07-22 04:00:00,US.KO,0.11210902404356578
2026-07-22 04:10:00,US.KO,0.13509902448343716
2026-07-22 06:10:00,US.KO,0.1819478943276494
2026-07-22 07:30:00,US.KO,0.09351650501639125
2026-07-22 08:40:00,US.KO,0.13247096552933926
2026-07-22 10:20:00,US.KO,0.19378617397095446
2026-07-22 13:00:00,US.KO,0.10123873213047771
2026-07-22 13:10:00,US.KO,0.06226533930773341
2026-07-22 18:00:00,US.KO,0.02281404024960401
2026-07-23 02:30:00,US.KO,0.01567551766090042
2026-07-23 03:40:00,US.KO,-0.03293141491007375
2026-07-23 08:50:00,US.KO,-0.034065668617915136
2026-07-23 10:30:00,US.KO,-0.023278992769863158
2026-07-23 12:40:00,US.KO,-0.02011436211159033
2026-07-23 17:30:00,US.KO,-0.07695322307717169
2026-07-23 18:00:00,US.KO,0.015921523477444126
2026-07-23 18:30:00,US.KO,0.039327681045327106
2026-07-23 19:10:00,US.KO,0.042375749522529545
2026-07-24 06:00:00,US.KO,0.026238800274558025
2026-07-24 09:10:00,US.KO,0.05123559714479175
2026-07-24 09:40:00,US.KO,0.03242283846790342
2026-07-24 10:00:00,US.KO,0.08453337743721906
2026-07-24 10:10:00,US.KO,0.08815560128361848
2026-07-24 12:10:00,US.KO,0.14475860853036193
2026-07-24 12:40:00,US.KO,0.1262442522038422
2026-07-24 15:30:00,US.KO,0.07856612423182868
2026-07-24 15:40:00,US.KO,0.0837830356140843
2026-07-24 18:00:00,US.KO,0.11716933291034727
2026-07-24 18:40:00,US.KO,0.11363171890826251
2026-07-24 19:30:00,US.KO,0.09213563935440841
2026-07-24 23:10:00,US.KO,0.13388973191949394
2026-07-24 23:30:00,US.KO,0.14779444547779844
2026-07-24 23:40:00,US.KO,0.11978845658766905
2026-07-25 02:30:00,US.KO,0.1306923508788248
2026-07-25 05:40:00,US.KO,0.12130905225307569
2026-07-25 09:10:00,US.KO,0.16214149579006953
2026-07-25 10:10:00,US.KO,0.14674016075404306
2026-07-25 10:40:00,US.KO,0.18074740396760275
2026-07-25 12:10:00,US.KO,0.19001429962627436
2026-07-25 20:00:00,US.KO,0.22345398910547193
2026-07-26 03:10:00,US.KO,0.22032419080032872
2026-07-26 07:30:00,US.KO,0.20886105961993723
2026-07-26 08:50:00,US.KO,0.21156675333265978
2026-07-26 10:30:00,US.KO,0.24565830612849762
2026-07-26 14:20:00,US.KO,0.258735742907188
2026-07-26 15:00:00,US.KO,0.24954151617670864
2026-07-26 18:00:00,US.KO,0.2702981230402622
2026-07-26 23:40:00,US.KO,0.2632086440174198
2026-07-27 03:00:00,US.KO,0.2496189662356396
2026-07-27 03:10:00,US.KO,0.2473071197400204
2026-07-27 08:30:00,US.KO,0.20085624849511985
2026-07-27 09:40:00,US.KO,0.21332312098132614
2026-07-27 10:00:00,US.KO,0.2136453988528384
2026-07-27 10:10:00,US.KO,0.17801692320350568
2026-07-27 10:40:00,US.KO,0.20703075735564433
2026-07-27 11:00:00,US.KO,0.22021807476684024
2026-07-27 11:30:00,US.KO,0.14827828154185083
2026-07-27 12:00:00,US.KO,0.15264914553050596
2026-07-27 14:30:00,US.KO,0.1753860787305114
2026-07-27 16:40:00,US.KO,0.16286349319217536
2026-07-27 16:50:00,US.KO,0.22305689268464335
2026-07-27 17:00:00,US.KO,0.23616305832912018
2026-07-27 20:30:00,US.KO,0.20572527234134633
2026-07-28 03:10:00,US.KO,0.22670073254504372
2026-07-28 08:50:00,US.KO,0.24040444163641733
2026-07-28 09:00:00,US.KO,0.2537658891450924
2026-07-28 09:10:00,US.KO,0.25922339389352445
2026-07-28 09:50:00,US.KO,0.33867053053561236
2026-07-28 10:40:00,US.KO,0.30103413131367684
2026-07-28 11:00:00,US.KO,0.29106074355881933
2026-07-28 11:10:00,US.KO,0.304084847821332
2026-07-28 11:30:00,US.KO,0.28058449936801627
2026-07-28 12:00:00,US.KO,0.35565300178624254
2026-07-28 14:00:00,US.KO,0.32265699836163225
2026-07-28 14:10:00,US.KO,0.3591596738003287
2026-07-28 14:30:00,US.KO,0.34105062308063766
2026-07-28 15:00:00,US.KO,0.42030852011950326
2026-07-28 16:00:00,US.KO,0.41863183464616965
2026-07-28 17:40:00,US.KO,0.4292825834965503
2026-07-28 18:00:00,US.KO,0.4226727633375855
2026-07-28 19:00:00,US.KO,0.4566274770355953
2026-07-28 19:50:00,US.KO,0.4571772156534002
2026-07-28 20:40:00,US.KO,0.447762759844342
2026-07-28 23:00:00,US.KO,0.4459112285632853
2026-07-29 04:30:00,US.KO,0.4271301687178746
2026-07-29 04:40:00,US.KO,0.3455887267589468
2026-07-29 05:00:00,US.KO,0.3358127297610637
2026-07-29 05:40:00,US.KO,0.32720212583920977
2026-07-29 06:10:00,US.KO,0.3104780880674487
2026-07-29 08:40:00,US.KO,0.2927033872786415
2026-07-29 09:10:00,US.KO,0.22843800825892135
2026-07-29 09:30:00,US.KO,0.215314915714057
2026-07-29 10:30:00,US.KO,0.2108253662990972
2026-07-29 13:00:00,US.KO,0.23424488969173646
2026-07-29 13:50:00,US.KO,0.2768718008665172
2026-07-29 14:00:00,US.KO,0.2462636658012197
2026-07-29 14:30:00,US.KO,0.2481240090402297
2026-07-29 15:20:00,US.KO,0.2470025904604953
2026-07-29 15:40:00,US.KO,0.22432769814260933
2026-07-29 16:10:00,US.KO,0.183439455751243
2026-07-29 19:20:00,US.KO,0.19311255138091052
2026-07-29 20:00:00,US.KO,0.11445543825685944
2026-07-29 20:30:00,US.KO,0.1349371637657145
2026-07-29 20:40:00,US.KO,0.1828705586727037
2026-07-29 21:40:00,US.KO,0.1139109764377151
2026-07-30 00:40:00,US.KO,0.17754985754599648
2026-07-30 06:10:00,US.KO,0.17752872908719564
2026-07-30 08:30:00,US.KO,0.1778510027386574
2026-07-30 08:40:00,US.KO,0.21532748781308136
2026-07-30 09:00:00,US.KO,0.22425924651232632
2026-07-30 09:40:00,US.KO,0.23751788238519833
2026-07-30 12:10:00,US.KO,0.25349970793567234
2026-07-30 13:00:00,US.KO,0.2773416605645432
2026-07-30 13:10:00,US.KO,0.364292337824133
2026-07-30 14:10:00,US.KO,0.3273165129183592
2026-07-30 14:20:00,US.KO,0.4092416116163671
2026-07-30 15:30:00,US.KO,0.4428999869234704
2026-07-30 15:40:00,US.KO,0.4722240962118504
2026-07-30 15:50:00,US.KO,0.44863541712934923
2026-07-30 16:30:00,US.KO,0.47439994438113764
2026-07-30 17:00:00,US.KO,0.4680416696323545
2026-07-30 17:30:00,US.KO,0.42917214205827153
2026-07-30 17:50:00,US.KO,0.3682352187871417
2026-07-30 22:00:00,US.KO,0.34987360815245805
2026-07-30 22:40:00,US.KO,0.3327790315823139
2026-07-31 00:30:00,US.KO,0.25749084710447173
2026-07-31 05:10:00,US.KO,0.2274784855540505
2026-07-31 08:30:00,US.KO,0.14246285631415537
2026-07-31 12:30:00,US.KO,0.16916525057907292
2026-07-31 15:00:00,US.KO,0.1388571322219902
2026-07-31 15:10:00,US.KO,0.11357206886739733
2026-07-31 16:40:00,US.KO,0.1583388016527491
2026-07-31 18:40:00,US.KO,0.23118153135540317
2026-07-31 20:30:00,US.KO,0.12947160538239952
2026-07-31 21:00:00,US.KO,0.15103025216950386
2026-08-01 02:10:00,US.KO,0.1427049262780756
2026-08-01 03:10:00,US.KO,0.13538188551216837
2026-08-01 08:40:00,US.KO,0.13350226630266737
2026-08-01 11:00:00,US.KO,0.10018215315292675
2026-08-01 12:30:00,US.KO,0.07921828147071583
2026-08-01 15:30:00,US.KO,0.130893342187724
2026-08-01 16:10:00,US.KO,0.08741242909264899
2026-08-01 18:30:00,US.KO,0.07890893992683999
2026-08-01 21:30:00,US.KO,0.1644290600500245
2026-08-02 14:00:00,US.KO,0.16074248238352554
2026-08-02 23:40:00,US.KO,0.19013366072674698
2026-08-03 07:30:00,US.KO,0.19366065251175552
2026-08-03 10:30:00,US.KO,0.1928902303398935
2026-08-03 11:30:00,US.KO,0.23805238894193398
2026-08-03 11:40:00,US.KO,0.23748102223841955
2026-08-03 13:30:00,US.KO,0.2502668298179539
2026-08-03 14:10:00,US.KO,0.27917413854552986
2026-08-03 14:50:00,US.KO,0.2937446755769359
2026-08-03 15:30:00,US.KO,0.27878714980932584
2026-08-03 16:00:00,US.KO,0.19973185111999575
2026-08-03 16:50:00,US.KO,0.18082693365964278
2026-08-03 19:00:00,US.KO,0.1866053160626287
2026-08-03 20:00:00,US.KO,0.1741301602231124
2026-08-03 21:00:00,US.KO,0.17121177347124572
2026-08-04 02:30:00,US.KO,0.13098621111024072
2026-08-04 05:30:00,US.KO,0.06999044143386486
2026-08-04 06:10:00,US.KO,0.05900273378960484
2026-08-04 06:30:00,US.KO,0.10128541754349821
2026-08-04 07:10:00,US.KO,0.15619748473733858
2026-08-04 11:30:00,US.KO,0.14865180541869366
2026-08-04 11:40:00,US.KO,0.16179503648762805
2026-08-04 12:10:00,US.KO,0.18104569147719826
2026-08-04 12:40:00,US.KO,0.12943062328672628
2026-08-04 13:00:00,US.KO,0.16883690248392963
2026-08-04 14:10:00,US.KO,0.21368133669161224
2026-08-04 14:40:00,US.KO,0.21487479181801392
2026-08-05 00:40:00,US.KO,0.20135773853401487
2026-08-05 01:10:00,US.KO,0.2105960110263643
2026-08-05 01:40:00,US.KO,0.21864112313191722
2026-08-05 06:00:00,US.KO,0.25546161114800275
2026-08-05 06:10:00,US.KO,0.2097466595225366
2026-08-05 07:00:00,US.KO,0.2591082958087111
2026-08-05 08:00:00,US.KO,0.3074599852008117
2026-08-05 08:30:00,US.KO,0.2780679710347672
2026-08-05 08:40:00,US.KO,0.3186727041814677
2026-08-05 09:10:00,US.KO,0.26262344187975545
2026-08-05 09:20:00,US.KO,0.29364180890341096
2026-08-05 09:30:00,US.KO,0.28694377099692325
2026-08-05 09:50:00,US.KO,0.2886476373401622
2026-08-05 16:20:00,US.KO,0.2597391446226331
2026-08-05 18:30:00,US.KO,0.2826250340695666
2026-08-05 20:10:00,US.KO,0.23882789207560765
2026-08-05 20:50:00,US.KO,0.23254920415041153
2026-08-06 00:40:00,US.KO,0.1974534486054987
2026-08-06 04:10:00,US.KO,0.2772308297372127
2026-08-06 10:10:00,US.KO,0.25667555347647186
2026-08-06 11:10:00,US.KO,0.2670626548700448
2026-08-06 12:00:00,US.KO,0.288111902483244
2026-08-06 12:10:00,US.KO,0.28302792601513227
2026-08-06 14:30:00,US.KO,0.2964744108522451
2026-08-06 15:00:00,US.KO,0.27919408311486354
2026-08-06 15:10:00,US.KO,0.2739927086214916
2026-08-06 17:00:00,US.KO,0.270778623969588
2026-08-06 18:00:00,US.KO,0.2755898936234768
2026-08-06 19:40:00,US.KO,0.23725329190932573
2026-08-07 05:00:00,US.KO,0.21248909844650382
2026-08-07 05:50:00,US.KO,0.22172740057515428
2026-08-07 07:40:00,US.KO,0.17579910938921425
2026-08-07 14:10:00,US.KO,0.168451974615177
2026-08-07 14:30:00,US.KO,0.18706843863222986
2026-08-07 16:30:00,US.KO,0.1763685574025128
2026-08-08 03:30:00,US.KO,0.21541226129965257
2026-08-08 06:30:00,US.KO,0.17107834635419975
2026-08-08 07:00:00,US.KO,0.13710692818761305
2026-08-08 15:00:00,US.KO,0.07382455388301051
2026-08-08 16:30:00,US.KO,0.11330066209378262
2026-08-08 20:10:00,US.KO,0.09354022384533013
2026-08-09 08:00:00,US.KO,0.10108592788647762
2026-08-09 08:10:00,US.KO,0.08261870526871933
2026-08-09 11:00:00,US.KO,0.049342205304628836
2026-08-09 12:30:00,US.KO,0.056864295876528574
2026-08-09 17:10:00,US.KO,0.05043521652370592
2026-08-09 18:00:00,US.KO,0.04817398751712153
2026-08-09 19:30:00,US.KO,0.09265959344777337
2026-08-09 20:40:00,US.KO,0.10905826614165517
2026-08-10 03:00:00,US.KO,0.12449794909078057
2026-08-10 09:30:00,US.KO,0.1118064543822752
2026-08-10 10:00:00,US.KO,0.13281722423691036
2026-08-10 10:20:00,US.KO,0.1524133513357049
2026-08-10 10:40:00,US.KO,0.12116462853567542
2026-08-10 11:00:00,US.KO,0.09159644656508936
2026-08-10 12:00:00,US.KO,0.13149589761414762
2026-08-10 13:40:00,US.KO,0.16522571392177743
2026-08-10 14:20:00,US.KO,0.1431603718035016
2026-08-10 15:10:00,US.KO,0.15490770401276005
2026-08-10 15:30:00,US.KO,0.15814024416356623
2026-08-10 16:10:00,US.KO,0.13935074283517176
2026-08-10 17:00:00,US.KO,0.1946466692443673
2026-08-10 18:30:00,US.KO,0.10905920428297385
2026-08-10 19:10:00,US.KO,0.08157706706606223
2026-08-10 20:30:00,US.KO,0.09581184871152956
2026-08-10 20:40:00,US.KO,0.07153777709285139
2026-08-11 01:10:00,US.KO,0.059709889916599194
2026-08-11 04:10:00,US.KO,0.08715031027517675
2026-08-11 05:40:00,US.KO,0.09571418263582035
2026-08-11 06:10:00,US.KO,0.09420262881071585
2026-08-11 07:10:00,US.KO,0.09394522403336579
2026-08-11 07:40:00,US.KO,0.06645130611292357
2026-08-11 09:30:00,US.KO,0.19170187753909182
2026-08-11 10:10:00,US.KO,0.20752564132179852
2026-08-11 12:30:00,US.KO,0.2334693197017666
2026-08-11 13:00:00,US.KO,0.2746663363334352
2026-08-11 16:30:00,US.KO,0.27342505525625205
2026-08-11 17:00:00,US.KO,0.22501781440540974
2026-08-11 20:30:00,US.KO,0.15633902645796402
2026-08-11 22:30:00,US.KO,0.17958305058855045
2026-08-11 23:30:00,US.KO,0.2119854051950222
2026-08-11 23:50:00,US.KO,0.2518703654082914
2026-08-12 07:50:00,US.KO,0.19190463057590076
2026-08-12 08:40:00,US.KO,0.20955410281680667
2026-08-12 10:00:00,US.KO,0.1322496011130502
2026-08-12 12:10:00,US.KO,0.18432692223256905
2026-08-12 12:30:00,US.KO,0.23723513353801598
2026-08-12 13:00:00,US.KO,0.311785795605998
2026-08-12 14:30:00,US.KO,0.29740919187482956
2026-08-12 14:40:00,US.KO,0.2731610155668865
2026-08-12 15:10:00,US.KO,0.3351925424397151
2026-08-12 15:30:00,US.KO,0.33795653674131554
2026-08-13 10:30:00,US.KO,0.2539116084912323
2026-08-13 10:40:00,US.KO,0.21067813734515653
2026-08-13 11:30:00,US.KO,0.19515742687503734
2026-08-13 13:00:00,US.KO,0.18049741982818981
2026-08-13 13:10:00,US.KO,0.1616855181860721
2026-08-13 14:10:00,US.KO,0.14238446885377182
2026-08-13 15:20:00,US.KO,0.18996816226469937
2026-08-13 20:10:00,US.KO,0.15012063591127725
2026-08-14 07:30:00,US.KO,0.1310194549759652
2026-08-14 09:30:00,US.KO,0.21299804368638262
2026-08-14 10:00:00,US.KO,0.21172178340642203
2026-08-14 12:10:00,US.KO,0.23836330308073256
2026-08-14 12:40:00,US.KO,0.22791808264290958
2026-08-14 13:40:00,US.KO,0.22199797866065343
2026-08-14 18:40:00,US.KO,0.2878408716780676
2026-08-14 22:40:00,US.KO,0.26780952310384837
2026-08-14 23:10:00,US.KO,0.19278708676013193
2026-08-15 07:40:00,US.KO,0.20478033033822926
2026-08-15 08:30:00,US.KO,0.18542121177272977
2026-08-15 08:40:00,US.KO,0.14266476457334254
2026-08-15 09:40:00,US.KO,0.1669843618405497
2026-08-15 10:40:00,US.KO,0.1924741219970091
2026-08-15 18:20:00,US.KO,0.21632848058111434
2026-08-15 19:50:00,US.KO,0.19625814695052549
2026-08-16 00:00:00,US.KO,0.171556266530968
2026-08-16 03:30:00,US.KO,0.21105718096938983
2026-08-16 07:10:00,US.KO,0.2081249430460988
2026-08-16 07:30:00,US.KO,0.19913388033682844
2026-08-16 08:00:00,US.KO,0.2289647746396818
2026-08-16 09:20:00,US.KO,0.22799208314470332
2026-08-16 09:30:00,US.KO,0.23487072964566508
2026-08-16 11:30:00,US.KO,0.2151100089846212
2026-08-16 15:30:00,US.KO,0.1974147424788932
2026-08-17 00:40:00,US.KO,0.2055747685520103
2026-08-17 01:40:00,US.KO,0.17745697460511414
2026-08-17 02:30:00,US.KO,0.17508338727241377
2026-08-17 03:30:00,US.KO,0.1879809291146192
2026-08-17 06:10:00,US.KO,0.15286209692076966
2026-08-17 07:10:00,US.KO,0.1423850327219812
2026-08-17 09:20:00,US.KO,0.16149031098096692
2026-08-17 09:50:00,US.KO,0.1557073347778052
2026-08-17 10:00:00,US.KO,0.18248950446040973
2026-08-17 10:10:00,US.KO,0.181598251209796
2026-08-17 13:00:00,US.KO,0.17932034458158777
2026-08-17 16:00:00,US.KO,0.13389921772766486
2026-08-17 17:10:00,US.KO,0.20077750328281288
2026-08-17 19:40:00,US.KO,0.21882614531202405
2026-08-17 21:50:00,US.KO,0.18580935229555884
2026-08-18 01:00:00,US.KO,0.1701042235159458
