datetime,ticker,sentiment_score
2026-02-24 08:10:00,US.COST,0.11372200000000002
2026-02-24 08:50:00,US.COST,0.22775448686930364
2026-02-24 10:50:00,US.COST,0.1960303603915833
2026-02-24 13:50:00,US.COST,0.18148093061757425
2026-02-24 14:50:00,US.COST,0.20907237772635032
2026-02-24 15:20:00,US.COST,0.1968607369906732
2026-02-24 15:50:00,US.COST,0.18851312487945016
2026-02-24 16:30:00,US.COST,0.18757221730134704
2026-02-24 16:50:00,US.COST,-0.013663312123621645
2026-02-24 20:20:00,US.COST,-0.014016820354427847
2026-02-24 23:00:00,US.COST,0.03748980397885542
2026-02-25 06:20:00,US.COST,0.008685121589823352
2026-02-25 06:30:00,US.COST,0.05168062689724783
2026-02-25 08:50:00,US.COST,0.05920784440999186
2026-02-25 10:50:00,US.COST,0.05527267954769448
2026-02-25 14:50:00,US.COST,0.0707864654344906
2026-02-25 19:50:00,US.COST,0.07081256346201394
2026-02-26 03:50:00,US.COST,0.16073077421162993
2026-02-26 07:50:00,US.COST,0.2387243701944948
2026-02-26 08:00:00,US.COST,0.1980270723599053
2026-02-26 09:40:00,US.COST,0.2336814725167017
2026-02-26 10:50:00,US.COST,0.19913222443433434
2026-02-26 13:50:00,US.COST,0.216489629084355
2026-02-26 16:50:00,US.COST,0.23419343389171962
2026-02-26 17:50:00,US.COST,0.19975234120494353
2026-02-26 18:00:00,US.COST,0.20618545314493816
2026-02-26 20:30:00,US.COST,0.18247988095240775
2026-02-26 21:00:00,US.COST,0.18047510144341006
2026-02-27 01:50:00,US.COST,0.22242405368145288
2026-02-27 04:50:00,US.COST,0.22313830343783775
2026-02-27 05:50:00,US.COST,0.17594582560462294
2026-02-27 11:30:00,US.COST,0.17271598542678643
2026-02-27 11:40:00,US.COST,0.14244266421155896
2026-02-27 11:50:00,US.COST,0.12760312173239702
2026-02-27 14:40:00,US.COST,0.18189772059664605
2026-02-27 14:50:00,US.COST,0.18919255197951015
2026-02-27 15:50:00,US.COST,0.20644176709871448
2026-02-27 16:50:00,US.COST,0.22156106198236367
2026-02-27 17:30:00,US.COST,0.23731842263045413
2026-02-27 17:50:00,US.COST,0.2794993150407104
2026-02-27 22:40:00,US.COST,0.27002083397044974
2026-02-27 23:00:00,US.COST,0.28855543041116477
2026-02-28 04:40:00,US.COST,0.28512714117588633
2026-02-28 05:50:00,US.COST,0.28579558127956484
2026-02-28 06:50:00,US.COST,0.29973976265467994
2026-02-28 08:50:00,US.COST,0.315496528590575
2026-02-28 10:00:00,US.COST,0.30264495090228094
2026-02-28 11:50:00,US.COST,0.2854771870853717
2026-02-28 12:40:00,US.COST,0.24348364377732465
2026-02-28 12:50:00,US.COST,0.2398578735091625
2026-02-28 13:30:00,US.COST,0.21601180714437918
2026-02-28 14:50:00,US.COST,0.2150710783116436
2026-02-28 15:40:00,US.COST,0.17965681054266258
2026-02-28 17:10:00,US.COST,0.18698562674071936
2026-02-28 20:40:00,US.COST,0.13877452022361922
2026-02-28 21:40:00,US.COST,0.22372214726087858
2026-02-28 23:30:00,US.COST,0.20185220158025977
2026-03-01 04:50:00,US.COST,0.19707229778503402
2026-03-01 05:50:00,US.COST,0.19073560647701765
2026-03-01 08:40:00,US.COST,0.2513286223470584
2026-03-01 09:30:00,US.COST,0.2700180656379081
2026-03-01 09:50:00,US.COST,0.29653457854458176
2026-03-01 10:10:00,US.COST,0.2746197398167656
2026-03-01 11:50:00,US.COST,0.2531257380630287
2026-03-01 12:40:00,US.COST,0.1933415624202023
2026-03-01 13:40:00,US.COST,0.20055203860776452
2026-03-01 14:30:00,US.COST,0.22275279755768293
2026-03-01 18:50:00,US.COST,0.2017534489072548
2026-03-01 22:40:00,US.COST,0.14321530127587362
2026-03-02 02:40:00,US.COST,0.11825814643942952
2026-03-02 03:10:00,US.COST,0.07611850590119988
2026-03-02 06:00:00,US.COST,0.08035971576572444
2026-03-02 06:40:00,US.COST,0.13039518475716266
2026-03-02 08:00:00,US.COST,0.15413521946854675
2026-03-02 09:50:00,US.COST,0.16711246287221454
2026-03-02 11:40:00,US.COST,0.18224199875806946
2026-03-02 11:50:00,US.COST,0.13716899591336335
2026-03-02 12:40:00,US.COST,0.16108592372158706
2026-03-02 13:40:00,US.COST,0.21414077232296239
2026-03-02 14:00:00,US.COST,0.2129270942824292
2026-03-02 14:50:00,US.COST,0.2308312693797576
2026-03-02 17:50:00,US.COST,0.23047821374949023
2026-03-02 18:00:00,US.COST,0.2637851787243264
2026-03-02 18:20:00,US.COST,0.26374822118126384
2026-03-02 22:20:00,US.COST,0.27917317973001954
2026-03-02 22:30:00,US.COST,0.27539652171403584
2026-03-03 00:50:00,US.COST,0.29780488174694125
2026-03-03 01:50:00,US.COST,0.24567046993061473
2026-03-03 03:00:00,US.COST,0.25808208512007375
2026-03-03 04:50:00,US.COST,0.2676050916149887
2026-03-03 11:30:00,US.COST,0.2834304518266687
2026-03-03 11:50:00,US.COST,0.2717107770134055
2026-03-03 12:30:00,US.COST,0.27099001564879266
2026-03-03 12:40:00,US.COST,0.25347346355244577
2026-03-03 13:00:00,US.COST,0.24172520294036773
2026-03-03 13:30:00,US.COST,0.2562386295064398
2026-03-03 13:40:00,US.COST,0.29874765647229934
2026-03-03 15:00:00,US.COST,0.3195616688370409
2026-03-03 15:40:00,US.COST,0.3046333219809091
2026-03-03 17:30:00,US.COST,0.29473341360352145
2026-03-03 17:50:00,US.COST,0.26266372277224526
2026-03-03 18:00:00,US.COST,0.27224964408324137
2026-03-03 18:40:00,US.COST,0.24068312293318272
2026-03-03 21:40:00,US.COST,0.2240487018020797
2026-03-04 03:50:00,US.COST,0.1938859229185895
2026-03-04 09:30:00,US.COST,0.17247065190785482
2026-03-04 09:50:00,US.COST,0.19425953559399264
2026-03-04 11:40:00,US.COST,0.19827465038458517
2026-03-04 12:30:00,US.COST,0.15530798113651356
2026-03-04 12:40:00,US.COST,0.17559508877796212
2026-03-04 13:00:00,US.COST,0.1587804055460507
2026-03-04 13:30:00,US.COST,0.18027982819979174
2026-03-04 13:40:00,US.COST,0.2075570055573707
2026-03-04 13:50:00,US.COST,0.23993214916077826
2026-03-04 14:40:00,US.COST,0.2563007063044976
2026-03-04 14:50:00,US.COST,0.24997856509876934
2026-03-04 15:50:00,US.COST,0.2081708240906405
2026-03-04 18:30:00,US.COST,0.2469718217150886
2026-03-04 18:40:00,US.COST,0.2282127630930749
2026-03-04 20:50:00,US.COST,0.24438997695078035
2026-03-04 21:50:00,US.COST,0.21454458885535002
2026-03-05 00:10:00,US.COST,0.17671090053317043
2026-03-05 01:50:00,US.COST,0.14922110396516902
2026-03-05 05:50:00,US.COST,0.12690418142978718
2026-03-05 09:30:00,US.COST,0.15110967930596467
2026-03-05 10:20:00,US.COST,0.18955498327451717
2026-03-05 10:50:00,US.COST,0.2351110430728166
2026-03-05 11:50:00,US.COST,0.229215337786991
2026-03-05 12:50:00,US.COST,0.2531990044377316
2026-03-05 13:50:00,US.COST,0.27037173166436945
2026-03-05 14:40:00,US.COST,0.31504860649131594
2026-03-05 14:50:00,US.COST,0.1682055876047458
2026-03-05 15:00:00,US.COST,0.21179493990674397
2026-03-05 16:40:00,US.COST,0.19786807912487042
2026-03-05 17:50:00,US.COST,0.18233432771711064
2026-03-05 18:30:00,US.COST,0.1700355101231577
2026-03-05 19:40:00,US.COST,0.1256613148924796
2026-03-05 19:50:00,US.COST,0.14486205717241532
2026-03-05 20:40:00,US.COST,0.1660513767995302
2026-03-05 21:30:00,US.COST,0.16356585735617274
2026-03-05 21:40:00,US.COST,0.26724871728694366
2026-03-05 21:50:00,US.COST,0.2724378883439597
2026-03-05 22:00:00,US.COST,0.31938989503073817
2026-03-05 23:50:00,US.COST,0.37131616738827455
2026-03-06 00:10:00,US.COST,0.3318441907877251
2026-03-06 08:50:00,US.COST,0.2749267028525114
2026-03-06 09:30:00,US.COST,0.2915954951336416
2026-03-06 10:20:00,US.COST,0.17414245878146675
2026-03-06 11:50:00,US.COST,0.11426290061718837
2026-03-06 12:30:00,US.COST,0.10256657353334424
2026-03-06 12:40:00,US.COST,0.15462135181009898
2026-03-06 14:50:00,US.COST,0.11800076526892307
2026-03-06 15:30:00,US.COST,0.14954419573359246
2026-03-06 17:40:00,US.COST,0.20360544813565562
2026-03-06 17:50:00,US.COST,0.166191007504105
2026-03-06 19:40:00,US.COST,0.25895494660396046
2026-03-06 19:50:00,US.COST,0.28319536932369904
2026-03-06 20:40:00,US.COST,0.32744264928961286
2026-03-07 11:50:00,US.COST,0.32470035414985665
2026-03-07 12:50:00,US.COST,0.20766249127879957
2026-03-07 14:10:00,US.COST,0.17862394842618542
2026-03-07 15:50:00,US.COST,0.13419161387669193
2026-03-07 17:20:00,US.COST,0.10973724811775738
2026-03-07 20:00:00,US.COST,0.11293909917432116
2026-03-07 20:50:00,US.COST,0.08939507746558963
2026-03-07 21:40:00,US.COST,0.06802158355991751
2026-03-08 01:50:00,US.COST,0.046055418536497354
2026-03-08 10:40:00,US.COST,0.0555062629596641
2026-03-08 12:40:00,US.COST,0.09703250907474435
2026-03-08 12:50:00,US.COST,0.13071753354409363
2026-03-08 16:50:00,US.COST,0.1316427862865753
2026-03-08 17:50:00,US.COST,0.10768839737986934
2026-03-08 19:10:00,US.COST,0.1517934303182555
2026-03-09 01:00:00,US.COST,0.15317702610898887
2026-03-09 03:40:00,US.COST,0.20079007958644945
2026-03-09 08:20:00,US.COST,0.21483706069831532
2026-03-09 08:50:00,US.COST,0.21724617351838815
2026-03-09 09:20:00,US.COST,0.23108440934362115
2026-03-09 10:40:00,US.COST,0.2399772534272268
2026-03-09 11:00:00,US.COST,0.28187977032774614
2026-03-09 12:40:00,US.COST,0.2982682749237721
2026-03-09 13:40:00,US.COST,0.3423647040114166
2026-03-09 14:10:00,US.COST,0.3946230452580681
2026-03-09 15:00:00,US.COST,0.3910539009797366
2026-03-09 16:30:00,US.COST,0.42218388564931725
2026-03-09 17:20:00,US.COST,0.42978049372536326
2026-03-09 17:40:00,US.COST,0.4235164254027918
2026-03-09 17:50:00,US.COST,0.4137734135524116
2026-03-09 19:40:00,US.COST,0.40694869081831425
2026-03-09 20:20:00,US.COST,0.40274209463464805
2026-03-09 20:40:00,US.COST,0.4371622942649789
2026-03-09 21:00:00,US.COST,0.4081753715974058
2026-03-10 07:30:00,US.COST,0.3314134601486829
2026-03-10 08:30:00,US.COST,0.33612436588160427
2026-03-10 08:40:00,US.COST,0.28963679738704473
2026-03-10 08:50:00,US.COST,0.28400684108397767
2026-03-10 10:50:00,US.COST,0.2737773726280329
2026-03-10 11:20:00,US.COST,0.2837657493952832
2026-03-10 11:40:00,US.COST,0.24072420316259355
2026-03-10 11:50:00,US.COST,0.20167431270771008
2026-03-10 13:50:00,US.COST,0.23402319481384942
2026-03-10 15:10:00,US.COST,0.22343417569935436
2026-03-10 15:20:00,US.COST,0.2014717582884774
2026-03-10 17:40:00,US.COST,0.2333916445504901
2026-03-10 17:50:00,US.COST,0.2671257770436889
2026-03-10 22:00:00,US.COST,0.2824770473423188
2026-03-11 03:50:00,US.COST,0.2986417270682773
2026-03-11 05:00:00,US.COST,0.3117179676107
2026-03-11 05:10:00,US.COST,0.31369000215741133
2026-03-11 07:40:00,US.COST,0.3361221294272358
2026-03-11 08:40:00,US.COST,0.33597660744480046
2026-03-11 10:50:00,US.COST,0.3558866823352312
2026-03-11 11:40:00,US.COST,0.3403330399013024
2026-03-11 12:00:00,US.COST,0.32866571320405563
2026-03-11 12:20:00,US.COST,0.3079603590020045
2026-03-11 15:40:00,US.COST,0.33325594019965055
2026-03-11 16:50:00,US.COST,0.2655855508034448
2026-03-11 19:50:00,US.COST,0.24409352149295263
2026-03-11 20:10:00,US.COST,0.20523535515078314
2026-03-11 20:40:00,US.COST,0.21676632825310901
2026-03-11 21:30:00,US.COST,0.15173839396231578
2026-03-11 23:10:00,US.COST,0.12979032821033837
2026-03-11 23:40:00,US.COST,0.14378277154306462
2026-03-12 01:50:00,US.COST,0.13432062995453117
2026-03-12 03:50:00,US.COST,0.09639211853117594
2026-03-12 07:50:00,US.COST,0.06859303173966098
2026-03-12 08:50:00,US.COST,0.12802139593000927
2026-03-12 09:40:00,US.COST,0.1132407956038441
2026-03-12 10:40:00,US.COST,0.13666639495763966
2026-03-12 11:40:00,US.COST,0.16270288381438475
2026-03-12 11:50:00,US.COST,0.22462635558475255
2026-03-12 13:20:00,US.COST,0.21819653262836025
2026-03-12 13:50:00,US.COST,0.23175095135635826
2026-03-12 16:20:00,US.COST,0.27624750015022886
2026-03-12 20:40:00,US.COST,0.197779823377076
2026-03-13 07:30:00,US.COST,0.18620979991541814
2026-03-13 07:40:00,US.COST,0.2073326224358081
2026-03-13 09:00:00,US.COST,0.19653310183357478
2026-03-13 09:30:00,US.COST,0.20542135050750593
2026-03-13 10:30:00,US.COST,0.21210278627034665
2026-03-13 11:50:00,US.COST,0.17650422593902054
2026-03-13 12:50:00,US.COST,0.14082183626395003
2026-03-13 13:50:00,US.COST,0.22008592660362444
2026-03-13 16:20:00,US.COST,0.22509766418217075
2026-03-13 16:40:00,US.COST,0.25511911404624843
2026-03-13 16:50:00,US.COST,0.26149640927452894
2026-03-13 18:40:00,US.COST,0.2806671245300961
2026-03-13 19:00:00,US.COST,0.2509294350521375
2026-03-13 19:40:00,US.COST,0.2750066473310341
2026-03-13 19:50:00,US.COST,0.26742361498587786
2026-03-13 23:50:00,US.COST,0.24939218093324245
2026-03-14 01:00:00,US.COST,0.27630351223927496
2026-03-14 02:00:00,US.COST,0.26315585938403346
2026-03-14 07:30:00,US.COST,0.1807681769051359
2026-03-14 07:40:00,US.COST,0.13630195496861464
2026-03-14 08:10:00,US.COST,0.1488758532761289
2026-03-14 08:40:00,US.COST,0.13579542250469917
2026-03-14 09:40:00,US.COST,0.16836332366425513
2026-03-14 10:40:00,US.COST,0.18414179261562558
2026-03-14 15:00:00,US.COST,0.19287203709580725
2026-03-14 15:50:00,US.COST,0.1541047860344866
2026-03-14 19:50:00,US.COST,0.14774005447046315
2026-03-15 01:30:00,US.COST,0.1074377358625591
2026-03-15 07:40:00,US.COST,0.13798194638737568
2026-03-15 07:50:00,US.COST,0.1277823120715061
2026-03-15 09:00:00,US.COST,0.12744407760091903
2026-03-15 09:50:00,US.COST,0.12977035424301955
2026-03-15 10:40:00,US.COST,0.1204226417664282
2026-03-15 11:40:00,US.COST,0.1759671447654483
2026-03-15 14:00:00,US.COST,0.23129604026413084
2026-03-15 20:30:00,US.COST,0.302531755207912
2026-03-15 23:20:00,US.COST,0.2307795150627481
2026-03-16 04:50:00,US.COST,0.22312512040722943
2026-03-16 08:30:00,US.COST,0.22922210446149505
2026-03-16 09:00:00,US.COST,0.14681054957912015
2026-03-16 09:30:00,US.COST,0.167603263817543
2026-03-16 10:30:00,US.COST,0.12099997447129428
2026-03-16 11:00:00,US.COST,0.1002504968252522
2026-03-16 11:30:00,US.COST,0.1423903591187574
2026-03-16 11:50:00,US.COST,0.07407889701350193
2026-03-16 12:30:00,US.COST,0.1131861882973347
2026-03-16 13:30:00,US.COST,0.1262290156493905
2026-03-16 15:30:00,US.COST,0.03888440526987249
2026-03-16 16:30:00,US.COST,0.05706458275327814
2026-03-16 16:40:00,US.COST,0.06956535019260106
2026-03-16 18:00:00,US.COST,0.05174395489834576
2026-03-16 18:40:00,US.COST,0.07000583003085702
2026-03-16 19:00:00,US.COST,0.019924367616549435
2026-03-16 19:20:00,US.COST,0.0896551937353063
2026-03-16 22:00:00,US.COST,0.07357520433573068
2026-03-17 06:00:00,US.COST,0.05751471548389975
2026-03-17 08:30:00,US.COST,0.13594813359124586
2026-03-17 09:10:00,US.COST,0.22499192403092977
2026-03-17 09:30:00,US.COST,0.24889625768204016
2026-03-17 09:40:00,US.COST,0.24716864933566676
2026-03-17 10:00:00,US.COST,0.24295455844314487
2026-03-17 10:20:00,US.COST,0.33684921233764814
2026-03-17 11:00:00,US.COST,0.325185818915804
2026-03-17 11:20:00,US.COST,0.31252564405042543
2026-03-17 11:30:00,US.COST,0.3120032204980715
2026-03-17 12:00:00,US.COST,0.31953121854308947
2026-03-17 12:30:00,US.COST,0.29442165167518924
2026-03-17 12:50:00,US.COST,0.26550977948664345
2026-03-17 13:00:00,US.COST,0.2796640154448835
2026-03-17 13:10:00,US.COST,0.18679621774659888
2026-03-17 13:20:00,US.COST,0.20911166982881113
2026-03-17 14:00:00,US.COST,0.21050717176160294
2026-03-17 14:40:00,US.COST,0.18742296327440627
2026-03-17 15:00:00,US.COST,0.18870258505139634
2026-03-17 16:30:00,US.COST,0.10590036973526215
2026-03-17 17:10:00,US.COST,0.09498118863283143
2026-03-17 18:00:00,US.COST,0.17430741637861147
2026-03-17 18:10:00,US.COST,0.17200427467162624
2026-03-17 20:20:00,US.COST,0.13019897537135594
2026-03-17 23:00:00,US.COST,0.10105895493072002
2026-03-18 00:30:00,US.COST,0.08065838054687188
2026-03-18 03:20:00,US.COST,0.07006499918159112
2026-03-18 07:30:00,US.COST,0.08886190192202588
2026-03-18 08:30:00,US.COST,0.0782867401019583
2026-03-18 08:40:00,US.COST,0.16272135415336894
2026-03-18 09:00:00,US.COST,0.1487464730248607
2026-03-18 10:30:00,US.COST,0.16110913044939018
2026-03-18 10:50:00,US.COST,0.12885653902187882
2026-03-18 12:00:00,US.COST,0.1896936300012793
2026-03-18 12:40:00,US.COST,0.22350131976326768
2026-03-18 13:30:00,US.COST,0.21941468316184176
2026-03-18 16:30:00,US.COST,0.26677225109684094
2026-03-18 17:30:00,US.COST,0.27216025316867853
2026-03-18 18:00:00,US.COST,0.2843312287029078
2026-03-18 19:10:00,US.COST,0.2676785183581477
2026-03-18 20:00:00,US.COST,0.2404809437548943
2026-03-18 21:00:00,US.COST,0.2877172530046502
2026-03-18 21:20:00,US.COST,0.287856755199572
2026-03-18 21:40:00,US.COST,0.3082706712635703
2026-03-19 04:50:00,US.COST,0.29530233988527815
2026-03-19 07:30:00,US.COST,0.30169294210978215
2026-03-19 08:30:00,US.COST,0.2331496326267631
2026-03-19 09:10:00,US.COST,0.2677000711955683
2026-03-19 10:00:00,US.COST,0.2539185082070431
2026-03-19 10:30:00,US.COST,0.24083155778194534
2026-03-19 11:30:00,US.COST,0.22047489815751894
2026-03-19 12:00:00,US.COST,0.21495228644955616
2026-03-19 12:40:00,US.COST,0.17999695332398946
2026-03-19 14:50:00,US.COST,0.17578126796679985
2026-03-19 16:00:00,US.COST,0.2174358821304661
2026-03-19 17:00:00,US.COST,0.2485934400962776
2026-03-19 18:30:00,US.COST,0.22554085714638572
2026-03-19 19:00:00,US.COST,0.24329846564527152
2026-03-19 20:10:00,US.COST,0.2798858941555349
2026-03-20 03:00:00,US.COST,0.2943162936742314
2026-03-20 03:40:00,US.COST,0.2740987830367071
2026-03-20 04:10:00,US.COST,0.27279361025529186
2026-03-20 09:00:00,US.COST,0.15254668831441542
2026-03-20 09:30:00,US.COST,0.1686196731862411
2026-03-20 11:00:00,US.COST,0.16904122790312245
2026-03-20 11:30:00,US.COST,0.19768083581749113
2026-03-20 13:30:00,US.COST,0.1616415391806097
2026-03-20 14:30:00,US.COST,0.17828906559306526
2026-03-20 15:30:00,US.COST,0.18930898332729426
2026-03-20 16:30:00,US.COST,0.29205956324964444
2026-03-20 16:40:00,US.COST,0.27460914114768126
2026-03-20 17:30:00,US.COST,0.2769631583014654
2026-03-20 20:20:00,US.COST,0.3099163454648806
2026-03-20 20:30:00,US.COST,0.346054455217692
2026-03-20 22:10:00,US.COST,0.25493510316240087
2026-03-21 08:40:00,US.COST,0.23650859402295174
2026-03-21 09:00:00,US.COST,0.09301650212853768
2026-03-21 09:50:00,US.COST,0.09349763862813218
2026-03-21 10:20:00,US.COST,0.07253888848728458
2026-03-21 11:30:00,US.COST,0.07279668679751444
2026-03-21 11:50:00,US.COST,0.05225091155064147
2026-03-21 13:00:00,US.COST,0.06449064680446043
2026-03-21 14:30:00,US.COST,0.04266762750814949
2026-03-21 17:30:00,US.COST,0.12719275876224687
2026-03-22 01:30:00,US.COST,0.18288666103984208
2026-03-22 05:40:00,US.COST,0.3106207809671093
2026-03-22 06:00:00,US.COST,0.33477969756494447
2026-03-22 08:00:00,US.COST,0.3380317103586662
2026-03-22 09:10:00,US.COST,0.33329678332266455
2026-03-22 11:10:00,US.COST,0.39255130592187404
2026-03-22 11:20:00,US.COST,0.35849612330843605
2026-03-22 15:10:00,US.COST,0.31520763711490113
2026-03-22 21:10:00,US.COST,0.282739082961844
2026-03-22 22:00:00,US.COST,0.2746969635551582
2026-03-23 03:10:00,US.COST,0.27670900050207986
2026-03-23 04:20:00,US.COST,0.25328456496348856
2026-03-23 11:00:00,US.COST,0.23440651713160063
2026-03-23 13:40:00,US.COST,0.24676618106567497
2026-03-23 14:40:00,US.COST,0.2923218584687891
2026-03-23 15:00:00,US.COST,0.21474720441200898
2026-03-23 16:00:00,US.COST,0.22025542168723808
2026-03-23 17:10:00,US.COST,0.22818698618749628
2026-03-23 18:10:00,US.COST,0.22731016689934114
2026-03-23 18:20:00,US.COST,0.2795509992193915
2026-03-23 18:30:00,US.COST,0.29112353965771626
2026-03-23 18:40:00,US.COST,0.2762360442906963
2026-03-23 19:30:00,US.COST,0.3009190113587734
2026-03-24 00:00:00,US.COST,0.2861978105844361
2026-03-24 02:40:00,US.COST,0.2663408980206621
2026-03-24 05:30:00,US.COST,0.2966289296658414
2026-03-24 08:20:00,US.COST,0.2730032369048863
2026-03-24 10:10:00,US.COST,0.2734559845090484
2026-03-24 10:30:00,US.COST,0.28371145249090474
2026-03-24 11:00:00,US.COST,0.23612475565838936
2026-03-24 13:00:00,US.COST,0.25127357146226886
2026-03-24 16:00:00,US.COST,0.27942210863658745
2026-03-24 17:00:00,US.COST,0.2453114822164788
2026-03-24 18:40:00,US.COST,0.1789266570349811
2026-03-24 19:50:00,US.COST,0.13865953232501735
2026-03-24 22:00:00,US.COST,0.19236742049970235
2026-03-24 23:00:00,US.COST,0.14736413873204202
2026-03-25 05:00:00,US.COST,0.155693168912757
2026-03-25 08:10:00,US.COST,0.18213603541896917
2026-03-25 09:10:00,US.COST,0.16456957528521018
2026-03-25 10:30:00,US.COST,0.14927763649374481
2026-03-25 12:00:00,US.COST,0.17937359842776202
2026-03-25 13:00:00,US.COST,0.19792269990010247
2026-03-25 13:20:00,US.COST,0.24762303143603093
2026-03-25 13:30:00,US.COST,0.22873863719533205
2026-03-25 15:40:00,US.COST,0.28184707320603
2026-03-25 16:30:00,US.COST,0.2638520603896061
2026-03-25 17:10:00,US.COST,0.27352071476011197
2026-03-25 18:00:00,US.COST,0.2615538036466966
2026-03-25 18:10:00,US.COST,0.2870567290490892
2026-03-25 18:30:00,US.COST,0.2885789681546897
2026-03-25 19:00:00,US.COST,0.29918822154462454
2026-03-25 19:40:00,US.COST,0.3088630753130324
2026-03-25 20:10:00,US.COST,0.2501157752324182
2026-03-25 20:40:00,US.COST,0.25325853530326536
2026-03-25 21:10:00,US.COST,0.21944638955785187
2026-03-25 22:00:00,US.COST,0.2050679324764015
2026-03-26 07:00:00,US.COST,0.16693225021157657
2026-03-26 09:00:00,US.COST,0.14169981919911986
2026-03-26 10:30:00,US.COST,0.178688075764079
2026-03-26 12:00:00,US.COST,0.2045599905679258
2026-03-26 12:20:00,US.COST,0.25649132962978904
2026-03-26 14:30:00,US.COST,0.3129940946336761
2026-03-26 16:00:00,US.COST,0.37263723744233884
2026-03-26 21:40:00,US.COST,0.3882354103575955
2026-03-27 04:10:00,US.COST,0.3458142692482873
2026-03-27 05:10:00,US.COST,0.28658130963030515
2026-03-27 07:40:00,US.COST,0.277703717011603
2026-03-27 08:10:00,US.COST,0.2545785959887769
2026-03-27 08:20:00,US.COST,0.20832670221565552
2026-03-27 08:30:00,US.COST,0.22817389304723595
2026-03-27 09:40:00,US.COST,0.22013978878372722
2026-03-27 10:30:00,US.COST,0.17122122977434287
2026-03-27 11:40:00,US.COST,0.13203416897270265
2026-03-27 12:20:00,US.COST,0.1754153196321722
2026-03-27 13:00:00,US.COST,0.22348067535597735
2026-03-27 15:40:00,US.COST,0.20100905330882463
2026-03-27 17:00:00,US.COST,0.20323043806455743
2026-03-27 17:30:00,US.COST,0.19333575454288135
2026-03-27 17:40:00,US.COST,0.21531188454061692
2026-03-27 18:00:00,US.COST,0.2471871310556913
2026-03-27 19:10:00,US.COST,0.2418622202325612
2026-03-27 22:10:00,US.COST,0.20271869899969172
2026-03-28 05:30:00,US.COST,0.1664617040112164
2026-03-28 07:40:00,US.COST,0.15854399763523336
2026-03-28 08:10:00,US.COST,0.21238401059687873
2026-03-28 08:30:00,US.COST,0.21021062090327963
2026-03-28 09:00:00,US.COST,0.21417412382922585
2026-03-28 09:30:00,US.COST,0.1935321285928938
2026-03-28 10:00:00,US.COST,0.17627646174460604
2026-03-28 11:00:00,US.COST,0.15426509280326978
2026-03-28 11:40:00,US.COST,0.20272437707688318
2026-03-28 12:10:00,US.COST,0.2276625719417592
2026-03-28 17:20:00,US.COST,0.16450817017261898
2026-03-28 19:10:00,US.COST,0.16005326940402415
2026-03-28 21:00:00,US.COST,0.15754397702879472
2026-03-28 21:30:00,US.COST,0.18917035063142784
2026-03-29 00:30:00,US.COST,0.19286518725847632
2026-03-29 03:00:00,US.COST,0.23119160055556237
2026-03-29 07:50:00,US.COST,0.26178093825086407
2026-03-29 08:00:00,US.COST,0.2877068130082159
2026-03-29 09:50:00,US.COST,0.2604048654945857
2026-03-29 10:00:00,US.COST,0.2599947470186625
2026-03-29 10:40:00,US.COST,0.3220815812727816
2026-03-29 12:00:00,US.COST,0.3140567929349784
2026-03-29 13:10:00,US.COST,0.30607518576529985
2026-03-29 19:10:00,US.COST,0.29905435826519255
2026-03-30 02:30:00,US.COST,0.3010010740487939
2026-03-30 03:00:00,US.COST,0.2821889486824816
2026-03-30 05:30:00,US.COST,0.25743004205985554
2026-03-30 06:30:00,US.COST,0.25544597180662304
2026-03-30 08:00:00,US.COST,0.2387516785476191
2026-03-30 10:00:00,US.COST,0.23272922527802786
2026-03-30 11:10:00,US.COST,0.2579408942041978
2026-03-30 13:20:00,US.COST,0.2057254002200432
2026-03-30 13:30:00,US.COST,0.009761320267426073
2026-03-30 14:10:00,US.COST,-0.020406633258790243
2026-03-30 14:30:00,US.COST,-0.08208667131333407
2026-03-30 15:30:00,US.COST,-0.04928716672549123
2026-03-30 15:50:00,US.COST,-0.014883119286212651
2026-03-30 16:00:00,US.COST,0.012001337534588976
2026-03-30 16:30:00,US.COST,0.05783396322774371
2026-03-30 17:30:00,US.COST,0.11255635924200895
2026-03-30 18:30:00,US.COST,0.1203602251151491
2026-03-30 19:00:00,US.COST,0.15558007702593818
2026-03-30 19:30:00,US.COST,0.25053764092450775
2026-03-31 01:10:00,US.COST,0.2399316439483152
2026-03-31 08:00:00,US.COST,0.242679802906062
2026-03-31 08:30:00,US.COST,0.2271785658570105
2026-03-31 09:10:00,US.COST,0.21996016169751295
2026-03-31 09:40:00,US.COST,0.20591170864164052
2026-03-31 10:40:00,US.COST,0.2222952860359619
2026-03-31 11:20:00,US.COST,0.222207606062649
2026-03-31 11:40:00,US.COST,0.2956217822546473
2026-03-31 13:50:00,US.COST,0.29881229763522993
2026-03-31 14:40:00,US.COST,0.26744932291368534
2026-03-31 14:50:00,US.COST,0.3331847823003363
2026-03-31 15:00:00,US.COST,0.32203847946927716
2026-03-31 15:30:00,US.COST,0.3099280812315556
2026-03-31 17:10:00,US.COST,0.2944614566328394
2026-03-31 19:10:00,US.COST,0.27896809998320976
2026-03-31 20:40:00,US.COST,0.22024976014316475
2026-03-31 21:00:00,US.COST,0.23765505607311646
2026-04-01 07:20:00,US.COST,0.20572428115759228
2026-04-01 07:30:00,US.COST,0.1911429412870191
2026-04-01 08:30:00,US.COST,0.13973495557200075
2026-04-01 09:00:00,US.COST,0.15547426494066288
2026-04-01 10:00:00,US.COST,0.12780701898194988
2026-04-01 10:40:00,US.COST,0.18053466951597164
2026-04-01 11:40:00,US.COST,0.2006723966479827
2026-04-01 12:10:00,US.COST,0.21783431211425783
2026-04-01 12:30:00,US.COST,0.15434287169004354
2026-04-01 13:20:00,US.COST,0.1727561441106929
2026-04-01 14:30:00,US.COST,0.14726700732963421
2026-04-01 15:20:00,US.COST,0.1795663726522079
2026-04-01 18:30:00,US.COST,0.2214854897178974
2026-04-01 18:40:00,US.COST,0.2552781528838481
2026-04-01 18:50:00,US.COST,0.24985176598267178
2026-04-01 19:30:00,US.COST,0.2133003611257705
2026-04-01 20:30:00,US.COST,0.29186149673666767
2026-04-02 00:20:00,US.COST,0.30354147972206325
2026-04-02 04:00:00,US.COST,0.26382237042416984
2026-04-02 05:00:00,US.COST,0.2645943414761289
2026-04-02 07:30:00,US.COST,0.16827317530570984
2026-04-02 08:00:00,US.COST,0.14988050202971334
2026-04-02 08:30:00,US.COST,0.13960250966253243
2026-04-02 08:40:00,US.COST,0.14697980587619844
2026-04-02 09:00:00,US.COST,0.0940170088484835
2026-04-02 09:10:00,US.COST,-0.005666654342955913
2026-04-02 10:30:00,US.COST,0.03254611974226377
2026-04-02 11:30:00,US.COST,0.05831147241687253
2026-04-02 12:30:00,US.COST,0.07696238505684173
2026-04-02 12:40:00,US.COST,0.09880231073358804
2026-04-02 13:00:00,US.COST,0.11971723912940661
2026-04-02 14:00:00,US.COST,0.13648954963433851
2026-04-02 14:10:00,US.COST,0.1328849417219441
2026-04-02 15:00:00,US.COST,0.2326851724580435
2026-04-02 15:10:00,US.COST,0.30132103355728007
2026-04-02 16:40:00,US.COST,0.2154386537819648
2026-04-02 17:30:00,US.COST,0.2230960359376476
2026-04-02 18:10:00,US.COST,0.2100130274230491
2026-04-02 21:30:00,US.COST,0.2412261168340035
2026-04-02 21:40:00,US.COST,0.24233579571057814
2026-04-02 23:30:00,US.COST,0.22268897222835754
2026-04-03 01:50:00,US.COST,0.24156189291448443
2026-04-03 03:10:00,US.COST,0.2228237950859473
2026-04-03 05:30:00,US.COST,0.19373493338002423
2026-04-03 06:10:00,US.COST,0.2493406108402841
2026-04-03 07:30:00,US.COST,0.22722469026757608
2026-04-03 09:30:00,US.COST,0.20467801981127742
2026-04-03 10:30:00,US.COST,0.19407161377119286
2026-04-03 11:10:00,US.COST,0.17021664208444537
2026-04-03 11:30:00,US.COST,0.16193876991312203
2026-04-03 12:30:00,US.COST,0.12042193688767876
2026-04-03 13:00:00,US.COST,0.09684522856702661
2026-04-03 13:10:00,US.COST,0.09633583213028274
2026-04-03 14:00:00,US.COST,0.09346063705841014
2026-04-03 15:00:00,US.COST,0.04891430206106284
2026-04-03 17:00:00,US.COST,0.12244086321897443
2026-04-04 00:10:00,US.COST,0.15189320547751706
2026-04-04 09:00:00,US.COST,0.13893519743923363
2026-04-04 09:40:00,US.COST,0.1609182065164436
2026-04-04 10:30:00,US.COST,0.2935281010391024
2026-04-04 10:50:00,US.COST,0.31222767889301245
2026-04-04 12:00:00,US.COST,0.35759435224166514
2026-04-04 14:00:00,US.COST,0.3126282220384727
2026-04-04 14:20:00,US.COST,0.3470142444812827
2026-04-04 19:00:00,US.COST,0.3247875132600548
2026-04-04 19:30:00,US.COST,0.280083709859167
2026-04-05 03:40:00,US.COST,0.26318306342124265
2026-04-05 04:00:00,US.COST,0.19309418085482127
2026-04-05 04:30:00,US.COST,0.1453160263331917
2026-04-05 08:30:00,US.COST,0.1287951503977285
2026-04-05 12:30:00,US.COST,0.06408409768821711
2026-04-05 15:00:00,US.COST,0.028836946360435357
2026-04-05 21:20:00,US.COST,-0.02446525361290468
2026-04-06 02:30:00,US.COST,-0.024619453755008597
2026-04-06 03:30:00,US.COST,0.028202963756743103
2026-04-06 04:30:00,US.COST,0.013797202659313564
2026-04-06 07:00:00,US.COST,0.09420845433562511
2026-04-06 07:50:00,US.COST,0.1871120036065795
2026-04-06 08:10:00,US.COST,0.22844141500893422
2026-04-06 09:00:00,US.COST,0.27019970736332916
2026-04-06 10:10:00,US.COST,0.24547574693801158
2026-04-06 10:50:00,US.COST,0.33226774757692834
2026-04-06 11:00:00,US.COST,0.31377190343702727
2026-04-06 11:10:00,US.COST,0.33913261506271775
2026-04-06 11:30:00,US.COST,0.30899833381920877
2026-04-06 12:00:00,US.COST,0.27142927767285774
2026-04-06 12:40:00,US.COST,0.267150190716191
2026-04-06 16:00:00,US.COST,0.2889235595063273
2026-04-06 18:00:00,US.COST,0.3331988877867124
2026-04-06 18:10:00,US.COST,0.2562312545326839
2026-04-06 18:50:00,US.COST,0.24245533389495394
2026-04-06 19:30:00,US.COST,0.26159954694155474
2026-04-07 05:40:00,US.COST,0.20862250524122028
2026-04-07 10:10:00,US.COST,0.2163367447107043
2026-04-07 10:40:00,US.COST,0.20984563448919125
2026-04-07 10:50:00,US.COST,0.20861497156460404
2026-04-07 11:30:00,US.COST,0.2279170291712514
2026-04-07 11:40:00,US.COST,0.2252275901584582
2026-04-07 11:50:00,US.COST,0.2520418086364059
2026-04-07 12:40:00,US.COST,0.22677881344909104
2026-04-07 14:00:00,US.COST,0.22930887587922538
2026-04-07 14:30:00,US.COST,0.24832744497444023
2026-04-07 15:00:00,US.COST,0.1614599699055381
2026-04-07 18:00:00,US.COST,0.17558383634797897
2026-04-07 18:10:00,US.COST,0.12289750716276727
2026-04-07 18:30:00,US.COST,0.06498775193575779
2026-04-07 19:10:00,US.COST,0.06660786150409874
2026-04-07 20:40:00,US.COST,0.03186192531383784
2026-04-07 22:00:00,US.COST,0.004941484320625339
2026-04-08 07:10:00,US.COST,-0.004926318629590835
2026-04-08 08:30:00,US.COST,0.025947921163926402
2026-04-08 08:40:00,US.COST,0.11403270360161302
2026-04-08 10:30:00,US.COST,0.11553984092048726
2026-04-08 10:50:00,US.COST,0.11441080936339745
2026-04-08 11:00:00,US.COST,0.14224548990149197
2026-04-08 12:00:00,US.COST,0.20929366150519665
2026-04-08 12:30:00,US.COST,0.24325395631342972
2026-04-08 12:50:00,US.COST,0.1855191908081861
2026-04-08 13:40:00,US.COST,0.16207104488557048
2026-04-08 14:30:00,US.COST,0.1824449248771803
2026-04-08 16:20:00,US.COST,0.18578687509195618
2026-04-08 16:30:00,US.COST,0.21056404846225313
2026-04-08 17:00:00,US.COST,0.17707315055821665
2026-04-08 19:30:00,US.COST,0.13837859988368933
2026-04-08 20:00:00,US.COST,0.12037214850939393
2026-04-08 20:10:00,US.COST,0.26613096023509625
2026-04-08 20:30:00,US.COST,0.29734506023006785
2026-04-08 20:40:00,US.COST,0.28715085454661715
2026-04-08 21:20:00,US.COST,0.29437018300884227
2026-04-08 21:30:00,US.COST,0.34067967557380185
2026-04-09 07:30:00,US.COST,0.38081960139764565
2026-04-09 07:50:00,US.COST,0.28311330631244325
2026-04-09 08:20:00,US.COST,0.28582217615213396
2026-04-09 09:00:00,US.COST,0.23015865094303495
2026-04-09 09:30:00,US.COST,0.1969775659918479
2026-04-09 10:10:00,US.COST,0.18004847641693195
2026-04-09 11:20:00,US.COST,0.16982853394227113
2026-04-09 11:40:00,US.COST,0.11736168718903674
2026-04-09 13:00:00,US.COST,0.12466882167609054
2026-04-09 13:30:00,US.COST,0.1820709779846453
2026-04-09 13:40:00,US.COST,0.19379346041888912
2026-04-09 14:00:00,US.COST,0.2348829165710943
2026-04-09 15:10:00,US.COST,0.22177657677672755
2026-04-09 16:00:00,US.COST,0.20100361558812013
2026-04-09 18:00:00,US.COST,0.22558000442585338
2026-04-09 18:30:00,US.COST,0.23123876844399285
2026-04-09 19:10:00,US.COST,0.25695763375313724
2026-04-10 04:30:00,US.COST,0.16536477145643647
2026-04-10 08:00:00,US.COST,0.13115980427507457
2026-04-10 08:10:00,US.COST,0.12401764275305042
2026-04-10 09:50:00,US.COST,0.1148221175764343
2026-04-10 10:10:00,US.COST,0.08152974719924447
2026-04-10 10:30:00,US.COST,0.03566518824456656
2026-04-10 11:10:00,US.COST,0.08901046785671728
2026-04-10 11:30:00,US.COST,0.05771367621563222
2026-04-10 12:30:00,US.COST,0.05085421738140682
2026-04-10 12:40:00,US.COST,0.06462038022546168
2026-04-10 15:20:00,US.COST,0.15285675323151718
2026-04-10 16:10:00,US.COST,0.21463872117751062
2026-04-10 16:30:00,US.COST,0.19043254994747008
2026-04-10 17:10:00,US.COST,0.16700554767790807
2026-04-10 18:10:00,US.COST,0.20871568609124436
2026-04-10 18:30:00,US.COST,0.17901944736703806
2026-04-10 19:40:00,US.COST,0.18978384851653013
2026-04-10 20:10:00,US.COST,0.15137699631492962
2026-04-10 20:20:00,US.COST,0.1695468664081242
2026-04-10 20:40:00,US.COST,0.16782655305607963
2026-04-10 22:00:00,US.COST,0.09761822021698831
2026-04-10 22:30:00,US.COST,0.1716327673132402
2026-04-11 00:00:00,US.COST,0.19663973169748342
2026-04-11 00:30:00,US.COST,0.16249736093051706
2026-04-11 01:50:00,US.COST,0.2307146733792056
2026-04-11 07:00:00,US.COST,0.21205424817967994
2026-04-11 07:30:00,US.COST,0.1749799964055937
2026-04-11 08:30:00,US.COST,0.17095028095564924
2026-04-11 09:00:00,US.COST,0.15484335107013183
2026-04-11 10:30:00,US.COST,0.20804056233224932
2026-04-11 11:30:00,US.COST,0.20238245604121802
2026-04-11 15:50:00,US.COST,0.21386024586469257
2026-04-11 16:30:00,US.COST,0.13390369525701712
2026-04-11 23:30:00,US.COST,0.14811557427477584
2026-04-11 23:40:00,US.COST,0.1594601291041053
2026-04-12 07:40:00,US.COST,0.1387311949509606
2026-04-12 08:30:00,US.COST,0.15568952185140536
2026-04-12 09:30:00,US.COST,0.13801652087977923
2026-04-12 10:40:00,US.COST,0.11740679467780377
2026-04-12 11:00:00,US.COST,0.12045755074545579
2026-04-12 13:30:00,US.COST,0.12154770136252258
2026-04-13 03:20:00,US.COST,0.14504034775696129
2026-04-13 04:50:00,US.COST,0.2410923105382972
2026-04-13 08:40:00,US.COST,0.2516575436882433
2026-04-13 09:30:00,US.COST,0.2443421240606352
2026-04-13 10:00:00,US.COST,0.25381005600227724
2026-04-13 11:40:00,US.COST,0.20061375952829366
2026-04-13 12:30:00,US.COST,0.25945345809076353
2026-04-13 13:00:00,US.COST,0.2744319047567171
2026-04-13 14:10:00,US.COST,0.27446245488722953
2026-04-13 15:20:00,US.COST,0.2468664158325211
2026-04-13 15:30:00,US.COST,0.2574362332102838
2026-04-13 16:30:00,US.COST,0.1767327554491909
2026-04-13 16:40:00,US.COST,0.17971573959894685
2026-04-13 17:00:00,US.COST,0.21131248214843854
2026-04-13 17:10:00,US.COST,0.26976231133326434
2026-04-13 18:00:00,US.COST,0.2510495654908264
2026-04-13 18:10:00,US.COST,0.21754476864509567
2026-04-14 03:10:00,US.COST,0.18734230230046464
2026-04-14 04:00:00,US.COST,0.20773688032037252
2026-04-14 05:10:00,US.COST,0.20466727145001398
2026-04-14 06:30:00,US.COST,0.21244723374795899
2026-04-14 07:50:00,US.COST,0.2981379871880966
2026-04-14 08:40:00,US.COST,0.2820027628931256
2026-04-14 09:00:00,US.COST,0.2740026621149693
2026-04-14 10:10:00,US.COST,0.28437400890617154
2026-04-14 10:30:00,US.COST,0.3054416527607192
2026-04-14 11:20:00,US.COST,0.30847548526814933
2026-04-14 11:30:00,US.COST,0.2703537739955124
2026-04-14 12:10:00,US.COST,0.2860804561701203
2026-04-14 15:10:00,US.COST,0.24973707407890622
2026-04-14 16:00:00,US.COST,0.2701239272095304
2026-04-14 16:30:00,US.COST,0.24630706944280611
2026-04-14 17:30:00,US.COST,0.26756915283985355
2026-04-14 19:00:00,US.COST,0.24889545506526217
2026-04-14 19:20:00,US.COST,0.17672422914648883
2026-04-14 19:30:00,US.COST,0.16594909939069677
2026-04-14 20:10:00,US.COST,0.15353975181423227
2026-04-14 21:20:00,US.COST,0.17962834691781457
2026-04-14 21:30:00,US.COST,0.21988446276282064
2026-04-14 22:00:00,US.COST,0.20661080910787724
2026-04-15 00:00:00,US.COST,0.26283046943307625
2026-04-15 00:30:00,US.COST,0.2436515841391502
2026-04-15 05:00:00,US.COST,0.25913876007483566
2026-04-15 05:10:00,US.COST,0.31369830592780285
2026-04-15 05:40:00,US.COST,0.3448226119651473
2026-04-15 07:10:00,US.COST,0.3178063521017947
2026-04-15 07:30:00,US.COST,0.3004953766659308
2026-04-15 08:00:00,US.COST,0.30987914879296724
2026-04-15 08:10:00,US.COST,0.2859434403410208
2026-04-15 10:10:00,US.COST,0.22475882689171847
2026-04-15 11:10:00,US.COST,0.2118508979212637
2026-04-15 12:20:00,US.COST,0.2269188059776726
2026-04-15 14:40:00,US.COST,0.24173102858495824
2026-04-15 16:10:00,US.COST,0.20516371286733165
2026-04-15 16:30:00,US.COST,0.2605344953118987
2026-04-15 17:00:00,US.COST,0.23461953327593968
2026-04-15 18:40:00,US.COST,0.2553794502173088
2026-04-15 19:00:00,US.COST,0.2632843779744503
2026-04-15 20:00:00,US.COST,0.29368667645478325
2026-04-15 20:10:00,US.COST,0.33330169876012006
2026-04-15 20:20:00,US.COST,0.36473148920996556
2026-04-15 20:30:00,US.COST,0.34038629731996434
2026-04-15 21:00:00,US.COST,0.35285125593580235
2026-04-15 21:20:00,US.COST,0.2912824978943884
2026-04-15 21:30:00,US.COST,0.37679270000000004
2026-04-15 21:40:00,US.COST,0.3742082
2026-04-15 22:00:00,US.COST,0.3838566
2026-04-16 02:30:00,US.COST,0.35813428538900055
2026-04-16 07:00:00,US.COST,0.36764230738812764
2026-04-16 08:30:00,US.COST,0.4060489556886042
2026-04-16 10:00:00,US.COST,0.30439578415244445
2026-04-16 10:30:00,US.COST,0.3001772676434896
2026-04-16 11:00:00,US.COST,0.21734401585457605
2026-04-16 12:30:00,US.COST,0.1820331739164191
2026-04-16 12:40:00,US.COST,0.18018871097815686
2026-04-16 15:30:00,US.COST,0.18248380739184747
2026-04-16 15:40:00,US.COST,0.16844588604970046
2026-04-16 19:00:00,US.COST,0.16267901464808215
2026-04-16 21:10:00,US.COST,0.2102943313025217
2026-04-17 06:40:00,US.COST,0.19623018548167118
2026-04-17 07:30:00,US.COST,0.21532107043736876
2026-04-17 09:20:00,US.COST,0.2114626719051435
2026-04-17 10:00:00,US.COST,0.17922687455001618
2026-04-17 10:10:00,US.COST,0.1701660091122735
2026-04-17 10:20:00,US.COST,0.20312671146687186
2026-04-17 11:30:00,US.COST,0.16636627153914751
2026-04-17 11:40:00,US.COST,0.1747665074281999
2026-04-17 12:50:00,US.COST,0.18965624641752124
2026-04-17 13:30:00,US.COST,0.23848443063562227
2026-04-17 15:10:00,US.COST,0.17954520029605914
2026-04-17 15:30:00,US.COST,0.20158832576661223
2026-04-17 16:10:00,US.COST,0.17919105139515373
2026-04-17 16:30:00,US.COST,0.21108762486303312
2026-04-17 19:00:00,US.COST,0.20048871612082708
2026-04-17 20:00:00,US.COST,0.20084777631251208
2026-04-17 20:40:00,US.COST,0.17028681372900434
2026-04-17 20:50:00,US.COST,0.1646153884580476
2026-04-17 21:00:00,US.COST,0.19065512416034178
2026-04-17 21:30:00,US.COST,0.19076377750745507
2026-04-17 22:10:00,US.COST,0.2710026118807782
2026-04-18 02:30:00,US.COST,0.2324306486798682
2026-04-18 07:10:00,US.COST,0.25569677059517043
2026-04-18 07:20:00,US.COST,0.2496023142516907
2026-04-18 09:20:00,US.COST,0.2503805642543244
2026-04-18 10:30:00,US.COST,0.24217773904681023
2026-04-18 11:00:00,US.COST,0.2859628609023423
2026-04-18 11:10:00,US.COST,0.3138423655480146
2026-04-18 14:00:00,US.COST,0.3405783126689709
2026-04-18 14:10:00,US.COST,0.3668998661051607
2026-04-18 15:30:00,US.COST,0.3635220376544724
2026-04-18 16:00:00,US.COST,0.3970536068539577
2026-04-18 16:30:00,US.COST,0.4022444181944594
2026-04-18 20:00:00,US.COST,0.38212274072113284
2026-04-19 00:00:00,US.COST,0.34310319920100085
2026-04-19 01:20:00,US.COST,0.31546521055934856
2026-04-19 01:30:00,US.COST,0.23660605164475132
2026-04-19 02:50:00,US.COST,0.30217072582144366
2026-04-19 03:00:00,US.COST,0.3041152742962247
2026-04-19 03:10:00,US.COST,0.27397652812515394
2026-04-19 03:30:00,US.COST,0.2865842474827334
2026-04-19 04:20:00,US.COST,0.26314437981904315
2026-04-19 06:30:00,US.COST,0.25660751619911765
2026-04-19 07:30:00,US.COST,0.2931622070828452
2026-04-19 10:20:00,US.COST,0.30095498033964996
2026-04-19 10:40:00,US.COST,0.3259069963896686
2026-04-19 11:10:00,US.COST,0.3066932038306235
2026-04-19 11:30:00,US.COST,0.2752086738374912
2026-04-19 13:10:00,US.COST,0.2720437220286839
2026-04-19 15:20:00,US.COST,0.3373335977115831
2026-04-19 16:30:00,US.COST,0.325791510098763
2026-04-19 17:10:00,US.COST,0.323696109304935
2026-04-19 19:10:00,US.COST,0.28317419922304443
2026-04-19 19:30:00,US.COST,0.24549061846934167
2026-04-19 21:00:00,US.COST,0.29906800291893026
2026-04-19 21:40:00,US.COST,0.27212448028175
2026-04-20 01:20:00,US.COST,0.23710264517683502
2026-04-20 01:30:00,US.COST,0.13643502652673256
2026-04-20 02:30:00,US.COST,0.13063361357025027
2026-04-20 03:30:00,US.COST,0.23319853631268436
2026-04-20 04:30:00,US.COST,0.27540789816413613
2026-04-20 06:00:00,US.COST,0.2757872312375659
2026-04-20 07:00:00,US.COST,0.3139525092984924
2026-04-20 07:10:00,US.COST,0.31314317553641224
2026-04-20 07:50:00,US.COST,0.3437836938433067
2026-04-20 08:00:00,US.COST,0.33567554423862256
2026-04-20 08:50:00,US.COST,0.3045961222708714
2026-04-20 09:50:00,US.COST,0.31459300252419325
2026-04-20 10:00:00,US.COST,0.3113840483112707
2026-04-20 10:10:00,US.COST,0.29222604437989186
2026-04-20 10:50:00,US.COST,0.26390699414272234
2026-04-20 11:00:00,US.COST,0.3118977494522069
2026-04-20 11:20:00,US.COST,0.21046655120431207
2026-04-20 11:30:00,US.COST,0.2500285490705584
2026-04-20 13:20:00,US.COST,0.21772408400576423
2026-04-20 14:00:00,US.COST,0.19754151095372763
2026-04-20 14:20:00,US.COST,0.1973311016333111
2026-04-20 15:00:00,US.COST,0.20383602126684738
2026-04-20 15:30:00,US.COST,0.1844986638966892
2026-04-20 17:30:00,US.COST,0.1623537594633202
2026-04-20 18:00:00,US.COST,0.25509759468817883
2026-04-20 20:10:00,US.COST,0.25955904554052484
2026-04-20 23:30:00,US.COST,0.2948996139379826
2026-04-21 00:00:00,US.COST,0.29373294197572897
2026-04-21 02:30:00,US.COST,0.27657320342389063
2026-04-21 04:10:00,US.COST,0.26758415340876146
2026-04-21 05:50:00,US.COST,0.26603177853147747
2026-04-21 08:50:00,US.COST,0.2838628406791676
2026-04-21 09:00:00,US.COST,0.27925781383381
2026-04-21 11:00:00,US.COST,0.2962810072569285
2026-04-21 11:10:00,US.COST,0.2759115658284267
2026-04-21 11:30:00,US.COST,0.2118722026422394
2026-04-21 11:50:00,US.COST,0.23121136057195305
2026-04-21 12:00:00,US.COST,0.2396224338032774
2026-04-21 12:20:00,US.COST,0.2602341467423839
2026-04-21 13:00:00,US.COST,0.2854981946753002
2026-04-21 14:00:00,US.COST,0.28574553206374886
2026-04-21 14:40:00,US.COST,0.27200241361753963
2026-04-21 15:10:00,US.COST,0.24935919225585013
2026-04-21 15:30:00,US.COST,0.27389559901926813
2026-04-21 15:50:00,US.COST,0.3251635168164606
2026-04-21 17:00:00,US.COST,0.3248979734553056
2026-04-21 23:00:00,US.COST,0.25035935079162774
2026-04-22 08:20:00,US.COST,0.24920084106290583
2026-04-22 08:40:00,US.COST,0.2494150733477219
2026-04-22 10:20:00,US.COST,0.27004364706796075
2026-04-22 11:20:00,US.COST,0.312557492619587
2026-04-22 11:40:00,US.COST,0.3038155933249296
2026-04-22 13:20:00,US.COST,0.28465754918235897
2026-04-22 13:40:00,US.COST,0.37609000616695454
2026-04-22 14:30:00,US.COST,0.3841770075475375
2026-04-22 15:00:00,US.COST,0.36429668672096044
2026-04-22 18:00:00,US.COST,0.36412228853496004
2026-04-22 18:20:00,US.COST,0.41870860531424126
2026-04-22 19:50:00,US.COST,0.408463615361134
2026-04-22 22:00:00,US.COST,0.41212774943492014
2026-04-22 22:30:00,US.COST,0.3740856125384979
2026-04-23 01:30:00,US.COST,0.3475349310132353
2026-04-23 07:10:00,US.COST,0.3258593775819894
2026-04-23 07:50:00,US.COST,0.31124271113229995
2026-04-23 10:30:00,US.COST,0.3060879420709943
2026-04-23 11:40:00,US.COST,0.3011552853971432
2026-04-23 13:00:00,US.COST,0.28856149461820635
2026-04-23 13:10:00,US.COST,0.19845876175927699
2026-04-23 14:00:00,US.COST,0.15641770514548536
2026-04-23 14:30:00,US.COST,0.1791143144099396
2026-04-23 14:40:00,US.COST,0.1802628339151667
2026-04-23 15:30:00,US.COST,0.10633148302785089
2026-04-23 19:00:00,US.COST,0.030537644665337312
2026-04-23 19:30:00,US.COST,0.022959210720108945
2026-04-23 21:30:00,US.COST,0.0670743676967408
2026-04-24 00:10:00,US.COST,0.06971963335486617
2026-04-24 00:30:00,US.COST,0.08462712839564447
2026-04-24 07:30:00,US.COST,0.12758919000754482
2026-04-24 08:30:00,US.COST,0.07899014940812629
2026-04-24 10:10:00,US.COST,-0.014682067435948387
2026-04-24 10:40:00,US.COST,0.02509833256459349
2026-04-24 13:20:00,US.COST,0.0884008835950722
2026-04-24 14:10:00,US.COST,0.09859000442430514
2026-04-24 16:00:00,US.COST,0.09666238487904427
2026-04-24 17:30:00,US.COST,0.029564677857806497
2026-04-24 18:20:00,US.COST,-0.019404852831579708
2026-04-24 21:10:00,US.COST,-0.03504690925427906
2026-04-24 23:00:00,US.COST,-0.04451204337744168
2026-04-25 06:10:00,US.COST,0.01043537926905532
2026-04-25 07:00:00,US.COST,0.08282744618221186
2026-04-25 08:30:00,US.COST,0.14759021620313448
2026-04-25 08:40:00,US.COST,0.16722445043114875
2026-04-25 08:50:00,US.COST,0.23196650181892023
2026-04-25 11:40:00,US.COST,0.25811952549356515
2026-04-25 14:00:00,US.COST,0.2655179061493781
2026-04-25 21:00:00,US.COST,0.19787114210432655
2026-04-26 04:00:00,US.COST,0.199735332567676
2026-04-26 07:10:00,US.COST,0.19712514433945585
2026-04-26 07:30:00,US.COST,0.15892196070741663
2026-04-26 08:30:00,US.COST,0.17428858985883658
2026-04-26 09:40:00,US.COST,0.15174935527383532
2026-04-26 10:00:00,US.COST,0.21012006696769828
2026-04-26 11:00:00,US.COST,0.21790622857284184
2026-04-26 11:10:00,US.COST,0.2862386653545373
2026-04-26 11:30:00,US.COST,0.33862521303961224
2026-04-26 12:20:00,US.COST,0.343954368293292
2026-04-26 12:30:00,US.COST,0.3381889414862597
2026-04-26 15:30:00,US.COST,0.33857029074009853
2026-04-26 15:40:00,US.COST,0.34986173875693816
2026-04-26 17:00:00,US.COST,0.3214754464822319
2026-04-27 08:30:00,US.COST,0.35124854914097114
2026-04-27 09:00:00,US.COST,0.34999471194952586
2026-04-27 10:00:00,US.COST,0.33281722089455784
2026-04-27 10:50:00,US.COST,0.2698147383666644
2026-04-27 11:10:00,US.COST,0.2786906312223996
2026-04-27 11:30:00,US.COST,0.28144993781052546
2026-04-27 12:00:00,US.COST,0.2771255222564209
2026-04-27 13:30:00,US.COST,0.24525076427314538
2026-04-27 13:40:00,US.COST,0.24716032482774394
2026-04-27 14:30:00,US.COST,0.23884816705346226
2026-04-27 15:30:00,US.COST,0.2056194410292665
2026-04-27 16:30:00,US.COST,0.17872626575096268
2026-04-27 18:10:00,US.COST,0.1954020491397135
2026-04-27 21:00:00,US.COST,0.18587814362126023
2026-04-27 21:20:00,US.COST,0.12680434313134922
2026-04-28 03:00:00,US.COST,0.09982970700376952
2026-04-28 07:10:00,US.COST,0.11111567780900576
2026-04-28 07:50:00,US.COST,0.1041627909336156
2026-04-28 08:50:00,US.COST,0.18784764076988716
2026-04-28 09:10:00,US.COST,0.1766858676229911
2026-04-28 10:10:00,US.COST,0.16420897027084036
2026-04-28 11:30:00,US.COST,0.18988797881490832
2026-04-28 11:50:00,US.COST,0.24978010698642922
2026-04-28 12:30:00,US.COST,0.32773540172795956
2026-04-28 13:30:00,US.COST,0.33351691696487573
2026-04-28 14:30:00,US.COST,0.35241886411966117
2026-04-28 15:00:00,US.COST,0.3696140353741224
2026-04-28 16:00:00,US.COST,0.3581770738211966
2026-04-28 16:20:00,US.COST,0.3582377725122463
2026-04-28 17:20:00,US.COST,0.40651391200736703
2026-04-28 18:10:00,US.COST,0.4536825048359567
2026-04-28 18:30:00,US.COST,0.44573676885037644
2026-04-28 20:00:00,US.COST,0.43156634431978025
2026-04-28 20:30:00,US.COST,0.4016362067784124
2026-04-28 21:00:00,US.COST,0.38561427189939146
2026-04-28 22:50:00,US.COST,0.36003835345817314
2026-04-28 23:00:00,US.COST,0.33583912910350655
2026-04-28 23:10:00,US.COST,0.3407429338834017
2026-04-28 23:30:00,US.COST,0.18084411826781954
2026-04-29 10:30:00,US.COST,0.14146312592626517
2026-04-29 10:50:00,US.COST,0.1285422458421195
2026-04-29 11:10:00,US.COST,0.1495693625189155
2026-04-29 12:20:00,US.COST,0.197983470573408
2026-04-29 13:30:00,US.COST,0.19067954534068204
2026-04-29 13:40:00,US.COST,0.1980533371724262
2026-04-29 14:00:00,US.COST,0.1843696841388495
2026-04-29 15:00:00,US.COST,0.1852850781636999
2026-04-29 15:30:00,US.COST,0.2058022109425174
2026-04-29 16:10:00,US.COST,0.20552926032039884
2026-04-29 16:20:00,US.COST,0.2055433034499974
2026-04-29 17:00:00,US.COST,0.14553749492104792
2026-04-29 17:30:00,US.COST,0.14023792914850636
2026-04-29 19:30:00,US.COST,0.16394441263811713
2026-04-29 20:30:00,US.COST,0.19930114139629462
2026-04-29 21:40:00,US.COST,0.18942791774929105
2026-04-30 02:10:00,US.COST,0.12430653042111017
2026-04-30 10:00:00,US.COST,0.14394029462009178
2026-04-30 10:10:00,US.COST,0.1530593579679774
2026-04-30 10:40:00,US.COST,0.1699194427334717
2026-04-30 11:10:00,US.COST,0.16376364921694866
2026-04-30 11:40:00,US.COST,0.1800393134825905
2026-04-30 12:30:00,US.COST,0.17240060851125755
2026-04-30 13:10:00,US.COST,0.1904106064955714
2026-04-30 13:30:00,US.COST,0.28113136582398135
2026-04-30 14:00:00,US.COST,0.2654314864388803
2026-04-30 16:30:00,US.COST,0.30353510947600437
2026-04-30 19:10:00,US.COST,0.304053281187374
2026-04-30 19:30:00,US.COST,0.31450154469371644
2026-04-30 20:10:00,US.COST,0.28084540652941037
2026-04-30 22:20:00,US.COST,0.2614582638892888
2026-05-01 03:30:00,US.COST,0.2021960776837038
2026-05-01 05:00:00,US.COST,0.18059125482918192
2026-05-01 09:10:00,US.COST,0.17871948037198515
2026-05-01 11:00:00,US.COST,0.17835415592200737
2026-05-01 12:00:00,US.COST,0.16651097272027612
2026-05-01 12:10:00,US.COST,0.16520864909254335
2026-05-01 14:00:00,US.COST,0.14412048119860757
2026-05-01 14:30:00,US.COST,0.16849127014343465
2026-05-01 16:00:00,US.COST,0.19905096298663758
2026-05-01 17:00:00,US.COST,0.23217404520314405
2026-05-01 20:00:00,US.COST,0.2387282316244636
2026-05-01 20:40:00,US.COST,0.24307955080511395
2026-05-02 00:40:00,US.COST,0.2597137754896132
2026-05-02 09:30:00,US.COST,0.24017727085599644
2026-05-02 09:40:00,US.COST,0.20381068454040216
2026-05-02 11:00:00,US.COST,0.2260740988230394
2026-05-02 11:20:00,US.COST,0.20919546273430334
2026-05-02 11:30:00,US.COST,0.21079761710580355
2026-05-02 11:50:00,US.COST,0.25613435350421154
2026-05-02 12:00:00,US.COST,0.2872419721778334
2026-05-02 12:30:00,US.COST,0.2908660427253891
2026-05-02 13:00:00,US.COST,0.2966567370136816
2026-05-02 13:30:00,US.COST,0.328235006907384
2026-05-02 23:50:00,US.COST,0.3559926070021865
2026-05-03 02:00:00,US.COST,0.3543009319190536
2026-05-03 07:10:00,US.COST,0.3588560496874789
2026-05-03 07:30:00,US.COST,0.28879230253718036
2026-05-03 07:50:00,US.COST,0.24542137669896635
2026-05-03 08:10:00,US.COST,0.27665653897218245
2026-05-03 08:40:00,US.COST,0.25735140478936364
2026-05-03 09:10:00,US.COST,0.2808118791515393
2026-05-03 09:20:00,US.COST,0.2930204478237218
2026-05-03 09:30:00,US.COST,0.2707461986320869
2026-05-03 11:00:00,US.COST,0.26078496802718015
2026-05-03 11:30:00,US.COST,0.28004643900101067
2026-05-03 11:50:00,US.COST,0.29639836522991536
2026-05-03 12:10:00,US.COST,0.3185436493509355
2026-05-03 12:30:00,US.COST,0.3301138739965375
2026-05-03 12:50:00,US.COST,0.29592345831840094
2026-05-03 13:40:00,US.COST,0.2668045549070774
2026-05-03 14:00:00,US.COST,0.25410193805910425
2026-05-03 16:10:00,US.COST,0.24342211482901846
2026-05-03 18:20:00,US.COST,0.19330953955537927
2026-05-04 06:30:00,US.COST,0.16970847241561707
2026-05-04 07:30:00,US.COST,0.1413400850003445
2026-05-04 07:40:00,US.COST,0.14262458680383633
2026-05-04 08:30:00,US.COST,0.19653885777315638
2026-05-04 09:30:00,US.COST,0.2518782755478747
2026-05-04 11:30:00,US.COST,0.21706719650921705
2026-05-04 13:30:00,US.COST,0.296207999552765
2026-05-04 14:40:00,US.COST,0.32368071278266125
2026-05-04 15:40:00,US.COST,0.348611326348026
2026-05-04 19:00:00,US.COST,0.3482318253789159
2026-05-04 23:00:00,US.COST,0.3274563640903996
2026-05-04 23:30:00,US.COST,0.32084859470993127
2026-05-05 05:00:00,US.COST,0.31704411964002216
2026-05-05 07:40:00,US.COST,0.29608421218974806
2026-05-05 08:30:00,US.COST,0.32948306918253384
2026-05-05 10:00:00,US.COST,0.34040484243465485
2026-05-05 10:20:00,US.COST,0.33857243300392603
2026-05-05 10:30:00,US.COST,0.3146884315752545
2026-05-05 10:40:00,US.COST,0.28938960210268166
2026-05-05 11:00:00,US.COST,0.30013222722646293
2026-05-05 11:30:00,US.COST,0.3411048369491838
2026-05-05 12:00:00,US.COST,0.3325280879860876
2026-05-05 13:40:00,US.COST,0.31637002756133004
2026-05-05 16:00:00,US.COST,0.2586761239922741
2026-05-05 16:20:00,US.COST,0.26234819904535156
2026-05-05 16:50:00,US.COST,0.23542039029466355
2026-05-05 20:40:00,US.COST,0.2436712753876272
2026-05-06 01:30:00,US.COST,0.267353639975563
2026-05-06 03:00:00,US.COST,0.25556528209874013
2026-05-06 08:10:00,US.COST,0.2742500297602293
2026-05-06 08:50:00,US.COST,0.32113776756600143
2026-05-06 09:10:00,US.COST,0.3054970182161475
2026-05-06 10:40:00,US.COST,0.31518199813365866
2026-05-06 11:10:00,US.COST,0.36385636035530955
2026-05-06 11:20:00,US.COST,0.3625489351909972
2026-05-06 11:30:00,US.COST,0.35359739848098365
2026-05-06 12:00:00,US.COST,0.31173287936470123
2026-05-06 13:30:00,US.COST,0.30914356845783286
2026-05-06 15:50:00,US.COST,0.34624250137905577
2026-05-06 16:10:00,US.COST,0.26671544863745855
2026-05-06 16:30:00,US.COST,0.19582470313664976
2026-05-06 17:10:00,US.COST,0.22780686675567752
2026-05-06 19:30:00,US.COST,0.21367674852389779
2026-05-06 20:10:00,US.COST,0.21237682177961376
2026-05-06 20:30:00,US.COST,0.24895735889761186
2026-05-06 21:00:00,US.COST,0.2591657827132976
2026-05-07 09:00:00,US.COST,0.28566322120969506
2026-05-07 09:10:00,US.COST,0.28477893606390225
2026-05-07 10:30:00,US.COST,0.21113194567054888
2026-05-07 11:30:00,US.COST,0.21698008989828124
2026-05-07 12:00:00,US.COST,0.29508290690920397
2026-05-07 12:30:00,US.COST,0.2753734241601534
2026-05-07 12:40:00,US.COST,0.25351571653241267
2026-05-07 14:00:00,US.COST,0.28131867914134584
2026-05-07 14:30:00,US.COST,0.2516580668034498
2026-05-07 17:00:00,US.COST,0.2425636185942592
2026-05-07 17:40:00,US.COST,0.20247703361951838
2026-05-07 18:20:00,US.COST,0.2533810082665615
2026-05-07 18:30:00,US.COST,0.27111346049545354
2026-05-07 19:30:00,US.COST,0.301295869478594
2026-05-07 19:50:00,US.COST,0.2877919640927155
2026-05-07 20:50:00,US.COST,0.3310662714901546
2026-05-07 21:20:00,US.COST,0.32702967080869
2026-05-07 22:00:00,US.COST,0.32645179141958697
2026-05-07 22:30:00,US.COST,0.3625592047670654
2026-05-07 23:30:00,US.COST,0.35801236444385953
2026-05-08 02:10:00,US.COST,0.3584575434336881
2026-05-08 02:30:00,US.COST,0.329934544476257
2026-05-08 05:50:00,US.COST,0.28859719829122904
2026-05-08 07:10:00,US.COST,0.28812084905533275
2026-05-08 09:00:00,US.COST,0.2957964316242984
2026-05-08 10:40:00,US.COST,0.2743371905294019
2026-05-08 11:00:00,US.COST,0.2724832185035028
2026-05-08 11:10:00,US.COST,0.2735916867416927
2026-05-08 13:00:00,US.COST,0.28704246747890433
2026-05-08 15:30:00,US.COST,0.2834394461694067
2026-05-08 16:00:00,US.COST,0.25377614024821965
2026-05-08 18:40:00,US.COST,0.2661053256054692
2026-05-08 19:20:00,US.COST,0.22598221506449495
2026-05-08 20:00:00,US.COST,0.18710886869025004
2026-05-08 20:30:00,US.COST,0.20620234644790084
2026-05-08 23:00:00,US.COST,0.2074639119186365
2026-05-09 02:30:00,US.COST,0.15844509944974233
2026-05-09 03:00:00,US.COST,0.132007083875979
2026-05-09 06:00:00,US.COST,0.13362656332558723
2026-05-09 06:40:00,US.COST,0.168411480354545
2026-05-09 08:30:00,US.COST,0.22041211218513757
2026-05-09 08:40:00,US.COST,0.2873137981375417
2026-05-09 09:50:00,US.COST,0.28822274435722234
2026-05-09 10:30:00,US.COST,0.27351836615449626
2026-05-09 11:00:00,US.COST,0.25998302816911123
2026-05-09 11:30:00,US.COST,0.30790898903137626
2026-05-09 12:30:00,US.COST,0.32378271554361554
2026-05-09 13:30:00,US.COST,0.3577236585084351
2026-05-09 15:00:00,US.COST,0.3092220633025731
2026-05-09 17:50:00,US.COST,0.31783738867829
2026-05-09 19:30:00,US.COST,0.30395688556924844
2026-05-09 22:10:00,US.COST,0.2731952827148565
2026-05-10 03:30:00,US.COST,0.24447352335702766
2026-05-10 08:40:00,US.COST,0.2703775014503612
2026-05-10 10:00:00,US.COST,0.3134728773133354
2026-05-10 10:30:00,US.COST,0.31088077794143076
2026-05-10 10:40:00,US.COST,0.3123370731455824
2026-05-10 11:10:00,US.COST,0.3341388148300962
2026-05-10 12:40:00,US.COST,0.3102413578854048
2026-05-10 13:00:00,US.COST,0.3093815020089135
2026-05-10 21:30:00,US.COST,0.311742849437082
2026-05-11 07:10:00,US.COST,0.3815199996658293
2026-05-11 07:30:00,US.COST,0.35896589297834225
2026-05-11 08:30:00,US.COST,0.3315619260112081
2026-05-11 09:00:00,US.COST,0.31850416945292664
2026-05-11 10:20:00,US.COST,0.30604233992776186
2026-05-11 10:40:00,US.COST,0.2919152812042691
2026-05-11 11:10:00,US.COST,0.30913015529519133
2026-05-11 11:20:00,US.COST,0.3335500120951517
2026-05-11 13:00:00,US.COST,0.32872456981817927
2026-05-11 13:20:00,US.COST,0.35052586523370527
2026-05-11 13:30:00,US.COST,0.3978407836778216
2026-05-11 14:00:00,US.COST,0.3774924322225312
2026-05-11 14:30:00,US.COST,0.3928835547610631
2026-05-11 15:00:00,US.COST,0.4021671531772139
2026-05-11 19:10:00,US.COST,0.3917244396565665
2026-05-11 21:00:00,US.COST,0.4526986807709617
2026-05-11 21:30:00,US.COST,0.40703871610805603
2026-05-12 00:30:00,US.COST,0.29902349186870114
2026-05-12 04:00:00,US.COST,0.26789039633485734
2026-05-12 07:00:00,US.COST,0.2831261200300586
2026-05-12 09:00:00,US.COST,0.27333179670646485
2026-05-12 10:30:00,US.COST,0.20905334381656487
2026-05-12 12:20:00,US.COST,0.1938889128497863
2026-05-12 12:30:00,US.COST,0.09465472597181734
2026-05-12 13:30:00,US.COST,0.17025034183293833
2026-05-12 14:00:00,US.COST,0.18615844581516283
2026-05-12 14:30:00,US.COST,0.23662772242084842
2026-05-12 15:00:00,US.COST,0.2596170030049241
2026-05-12 15:30:00,US.COST,0.28760436010148666
2026-05-12 16:30:00,US.COST,0.30452937121859597
2026-05-12 16:50:00,US.COST,0.2885344730988224
2026-05-12 19:00:00,US.COST,0.29541894231292415
2026-05-12 21:30:00,US.COST,0.3246410699739301
2026-05-12 22:30:00,US.COST,0.31289602386566706
2026-05-13 04:00:00,US.COST,0.22710640925629116
2026-05-13 07:20:00,US.COST,0.21105427689393574
2026-05-13 07:30:00,US.COST,0.1807678155668725
2026-05-13 08:30:00,US.COST,0.15779751545289944
2026-05-13 09:00:00,US.COST,0.13535862246939995
2026-05-13 09:10:00,US.COST,0.16444696885892604
2026-05-13 09:30:00,US.COST,0.20431202356274725
2026-05-13 11:00:00,US.COST,0.1742604979898836
2026-05-13 11:40:00,US.COST,0.24460710877731678
2026-05-13 12:30:00,US.COST,0.36804660756799307
2026-05-13 13:00:00,US.COST,0.379407550157557
2026-05-13 15:40:00,US.COST,0.36498849626352303
2026-05-13 16:10:00,US.COST,0.35198442900808474
2026-05-13 19:00:00,US.COST,0.3483314652654391
2026-05-13 20:20:00,US.COST,0.3992443821007665
2026-05-13 20:30:00,US.COST,0.37447858993280414
2026-05-13 23:20:00,US.COST,0.36464636165274
2026-05-14 02:00:00,US.COST,0.32586552714047745
2026-05-14 07:00:00,US.COST,0.29643293984034413
2026-05-14 08:00:00,US.COST,0.24289389798856376
2026-05-14 08:20:00,US.COST,0.22616861555027656
2026-05-14 08:30:00,US.COST,0.27771568010747344
2026-05-14 10:00:00,US.COST,0.1967282868360693
2026-05-14 10:40:00,US.COST,0.20561291417255897
2026-05-14 10:50:00,US.COST,0.19395038606783815
2026-05-14 11:00:00,US.COST,0.16098629587375538
2026-05-14 11:40:00,US.COST,0.15227746138418963
2026-05-14 11:50:00,US.COST,0.19938091171876626
2026-05-14 13:10:00,US.COST,0.17231709088445077
2026-05-14 14:00:00,US.COST,0.17880769388846932
2026-05-14 14:30:00,US.COST,0.20146941589969936
2026-05-14 14:50:00,US.COST,0.24223558899921513
2026-05-14 15:00:00,US.COST,0.27330077419421644
2026-05-14 19:00:00,US.COST,0.25337342324951545
2026-05-14 21:30:00,US.COST,0.3106740757947099
2026-05-14 22:00:00,US.COST,0.1843715184002236
2026-05-14 23:10:00,US.COST,0.17639996104929076
2026-05-15 01:30:00,US.COST,0.17413388040299163
2026-05-15 02:30:00,US.COST,0.17534032731388585
2026-05-15 07:30:00,US.COST,0.12575302391248017
2026-05-15 10:00:00,US.COST,0.15482514037255407
2026-05-15 10:40:00,US.COST,0.14114284537793625
2026-05-15 12:50:00,US.COST,0.2549477604021901
2026-05-15 13:30:00,US.COST,0.28686616558932043
2026-05-15 14:00:00,US.COST,0.28279884551697343
2026-05-15 15:30:00,US.COST,0.27377658329325977
2026-05-15 16:00:00,US.COST,0.26463096249221796
2026-05-15 16:40:00,US.COST,0.2766381444369803
2026-05-15 17:00:00,US.COST,0.3106490771383873
2026-05-15 17:20:00,US.COST,0.33255657156748825
2026-05-15 18:00:00,US.COST,0.33104229106771715
2026-05-15 21:00:00,US.COST,0.3164049307670867
2026-05-15 22:30:00,US.COST,0.2761089015526575
2026-05-16 00:10:00,US.COST,0.25275515307066215
2026-05-16 00:20:00,US.COST,0.22863125890937513
2026-05-16 04:00:00,US.COST,0.22126651409496947
2026-05-16 07:40:00,US.COST,0.21677718240956426
2026-05-16 08:30:00,US.COST,0.19546982484199546
2026-05-16 08:40:00,US.COST,0.17503555903931003
2026-05-16 10:30:00,US.COST,0.20019578980333702
2026-05-16 10:50:00,US.COST,0.21204238030567818
2026-05-16 13:20:00,US.COST,0.24501865715150595
2026-05-16 16:30:00,US.COST,0.23142656477813242
2026-05-16 18:30:00,US.COST,0.24776284543523192
2026-05-17 00:10:00,US.COST,0.27794644237337407
2026-05-17 03:40:00,US.COST,0.21649421368286934
2026-05-17 08:00:00,US.COST,0.20380189485471217
2026-05-17 08:30:00,US.COST,0.21600232368837963
2026-05-17 09:40:00,US.COST,0.21573965025677658
2026-05-17 10:10:00,US.COST,0.18448963063326376
2026-05-17 10:20:00,US.COST,0.20600583440394737
2026-05-17 10:30:00,US.COST,0.2167397073463239
2026-05-17 11:10:00,US.COST,0.1983008289239208
2026-05-17 11:30:00,US.COST,0.24333934846541574
2026-05-17 14:20:00,US.COST,0.2706367973482037
2026-05-17 18:10:00,US.COST,0.24786004829663513
2026-05-18 01:10:00,US.COST,0.24666487478994478
2026-05-18 02:20:00,US.COST,0.21764050195740953
2026-05-18 05:40:00,US.COST,0.23623638804284774
2026-05-18 08:40:00,US.COST,0.20578001187771544
2026-05-18 09:30:00,US.COST,0.2179115519426052
2026-05-18 10:00:00,US.COST,0.2314188754209647
2026-05-18 10:10:00,US.COST,0.23195798375773993
2026-05-18 10:40:00,US.COST,0.21830303788992012
2026-05-18 13:20:00,US.COST,0.28339763539890156
2026-05-18 14:00:00,US.COST,0.2691968670035715
2026-05-18 14:20:00,US.COST,0.3081678759674882
2026-05-18 14:30:00,US.COST,0.34051856596936736
2026-05-18 15:30:00,US.COST,0.3651959730908753
2026-05-18 16:00:00,US.COST,0.3359493942937783
2026-05-18 16:30:00,US.COST,0.370487777784954
2026-05-18 17:00:00,US.COST,0.3919597260302858
2026-05-18 23:20:00,US.COST,0.43925750153787785
2026-05-19 06:50:00,US.COST,0.4438353140725896
2026-05-19 07:40:00,US.COST,0.39315720554821854
2026-05-19 07:50:00,US.COST,0.45784864777676687
2026-05-19 08:00:00,US.COST,0.44344892918605006
2026-05-19 08:30:00,US.COST,0.4566598627920009
2026-05-19 10:00:00,US.COST,0.4636548816111976
2026-05-19 10:20:00,US.COST,0.45786270226967263
2026-05-19 10:40:00,US.COST,0.4554055432299888
2026-05-19 10:50:00,US.COST,0.4262333942622139
2026-05-19 11:00:00,US.COST,0.43814637912357757
2026-05-19 13:30:00,US.COST,0.4320676484274605
2026-05-19 14:00:00,US.COST,0.36817262936122747
2026-05-19 14:20:00,US.COST,0.31194932962659755
2026-05-19 14:40:00,US.COST,0.28789393991455176
2026-05-19 16:30:00,US.COST,0.24672831585044902
2026-05-19 17:00:00,US.COST,0.19754717766306573
2026-05-19 19:20:00,US.COST,0.15577719399509907
2026-05-19 19:30:00,US.COST,0.12920273073451863
2026-05-19 21:40:00,US.COST,0.13419381938078243
2026-05-20 01:20:00,US.COST,0.15292912533511105
2026-05-20 03:30:00,US.COST,0.14935500221810358
2026-05-20 04:10:00,US.COST,0.24180664468872648
2026-05-20 05:10:00,US.COST,0.23676787924758147
2026-05-20 07:00:00,US.COST,0.25068479048192804
2026-05-20 08:00:00,US.COST,0.2868809245129708
2026-05-20 09:30:00,US.COST,0.32970527855097126
2026-05-20 10:00:00,US.COST,0.3608216079640828
2026-05-20 10:20:00,US.COST,0.3799662932781196
2026-05-20 10:30:00,US.COST,0.38281054836550965
2026-05-20 13:40:00,US.COST,0.401408071042408
2026-05-20 14:00:00,US.COST,0.41469479788500435
2026-05-20 14:30:00,US.COST,0.37251181812087664
2026-05-20 16:30:00,US.COST,0.31728312977590784
2026-05-20 19:00:00,US.COST,0.2786261276049689
2026-05-20 19:40:00,US.COST,0.24413900422825655
2026-05-20 20:00:00,US.COST,0.2612165699135625
2026-05-20 21:30:00,US.COST,0.22863261974937396
2026-05-21 04:40:00,US.COST,0.21865885835493942
2026-05-21 05:10:00,US.COST,0.1987103903886875
2026-05-21 07:20:00,US.COST,0.18260224442710027
2026-05-21 09:40:00,US.COST,0.18449299601363736
2026-05-21 10:20:00,US.COST,0.27376592840553426
2026-05-21 10:30:00,US.COST,0.27972084456680435
2026-05-21 10:40:00,US.COST,0.22900435780391037
2026-05-21 11:00:00,US.COST,0.18642150328969975
2026-05-21 11:30:00,US.COST,0.17409607773638125
2026-05-21 12:10:00,US.COST,0.19622776008432957
2026-05-21 14:30:00,US.COST,0.1939345272983013
2026-05-21 15:00:00,US.COST,0.23234906369217243
2026-05-21 15:50:00,US.COST,0.25606420604209035
2026-05-21 16:00:00,US.COST,0.1527208178016135
2026-05-21 16:10:00,US.COST,0.19075237787399948
2026-05-21 16:20:00,US.COST,0.2341084988065031
2026-05-21 16:50:00,US.COST,0.23398225744625797
2026-05-21 17:20:00,US.COST,0.19617493396105135
2026-05-21 18:00:00,US.COST,0.20034206217464573
2026-05-21 22:30:00,US.COST,0.17877512352123187
2026-05-22 00:00:00,US.COST,0.22158065291722967
2026-05-22 02:30:00,US.COST,0.19740824769051427
2026-05-22 07:20:00,US.COST,0.20082118043434882
2026-05-22 09:00:00,US.COST,0.17312706353195598
2026-05-22 10:30:00,US.COST,0.19395386148145627
2026-05-22 11:00:00,US.COST,0.20598312434478658
2026-05-22 13:00:00,US.COST,0.21776999094666494
2026-05-22 14:00:00,US.COST,0.21865563081628728
2026-05-22 14:10:00,US.COST,0.20603287752050112
2026-05-22 14:20:00,US.COST,0.15639849594181918
2026-05-22 15:00:00,US.COST,0.15749037202202987
2026-05-22 16:00:00,US.COST,0.17163956064354183
2026-05-22 16:30:00,US.COST,0.07419611264461266
2026-05-22 17:00:00,US.COST,0.03581052962968294
2026-05-22 19:00:00,US.COST,0.03439824584547188
2026-05-22 19:30:00,US.COST,0.052227259493047365
2026-05-22 20:30:00,US.COST,0.014964155770116373
2026-05-22 21:40:00,US.COST,0.08179541086503639
2026-05-23 00:00:00,US.COST,0.08226230882947232
2026-05-23 01:10:00,US.COST,0.19422957576138242
2026-05-23 06:20:00,US.COST,0.21236634678546834
2026-05-23 08:30:00,US.COST,0.21474036573274158
2026-05-23 09:30:00,US.COST,0.17919491850807376
2026-05-23 11:10:00,US.COST,0.15837634930157707
2026-05-23 11:30:00,US.COST,0.1802070033084947
2026-05-23 15:00:00,US.COST,0.19671523601965074
2026-05-23 22:00:00,US.COST,0.13824528901139954
2026-05-24 07:00:00,US.COST,0.18873045640714675
2026-05-24 08:00:00,US.COST,0.22654722215485096
2026-05-24 08:10:00,US.COST,0.18708784359949673
2026-05-24 08:20:00,US.COST,0.1520224972936008
2026-05-24 09:30:00,US.COST,0.1510787437562779
2026-05-24 09:50:00,US.COST,0.1702272891773549
2026-05-24 10:00:00,US.COST,0.15161101275480113
2026-05-24 10:20:00,US.COST,0.16717072817920062
2026-05-24 11:00:00,US.COST,0.1786306814564572
2026-05-24 13:10:00,US.COST,0.1601137074920919
2026-05-24 16:50:00,US.COST,0.09339290818271219
2026-05-24 17:50:00,US.COST,0.08758348537822146
2026-05-25 03:30:00,US.COST,0.08949281777003296
2026-05-25 06:00:00,US.COST,0.15961379910258355
2026-05-25 08:00:00,US.COST,0.15653726093825776
2026-05-25 08:20:00,US.COST,0.22898262967300406
2026-05-25 08:30:00,US.COST,0.2505336350925679
2026-05-25 09:30:00,US.COST,0.2179086980718773
2026-05-25 10:00:00,US.COST,0.21630051541319015
2026-05-25 10:30:00,US.COST,0.2323007773164137
2026-05-25 11:20:00,US.COST,0.22164977268695568
2026-05-25 12:50:00,US.COST,0.22215486432288722
2026-05-25 13:00:00,US.COST,0.20233017400924444
2026-05-25 13:10:00,US.COST,0.24480474284246884
2026-05-25 13:20:00,US.COST,0.2286398350420361
2026-05-25 14:30:00,US.COST,0.22413822673783537
2026-05-26 04:00:00,US.COST,0.29397672218685444
2026-05-26 04:40:00,US.COST,0.29989991898981166
2026-05-26 07:20:00,US.COST,0.31633738920816834
2026-05-26 08:20:00,US.COST,0.3482413145007866
2026-05-26 08:30:00,US.COST,0.32953102597809875
2026-05-26 09:30:00,US.COST,0.36942167333629045
2026-05-26 09:40:00,US.COST,0.34257616647385486
2026-05-26 10:00:00,US.COST,0.3512838402172013
2026-05-26 10:30:00,US.COST,0.2659008984186428
2026-05-26 11:00:00,US.COST,0.29651313502041204
2026-05-26 14:00:00,US.COST,0.2892208899228292
2026-05-26 14:30:00,US.COST,0.29658250978810197
2026-05-26 14:40:00,US.COST,0.3483388506967496
2026-05-26 15:10:00,US.COST,0.3068559182385231
2026-05-26 15:30:00,US.COST,0.26456721999148414
2026-05-26 15:40:00,US.COST,0.23799882670663589
2026-05-26 16:30:00,US.COST,0.12122620183300378
2026-05-26 18:00:00,US.COST,0.06485240945777354
2026-05-26 18:20:00,US.COST,0.05856969352267374
2026-05-26 18:50:00,US.COST,-0.003039866156992127
2026-05-26 19:00:00,US.COST,0.05041082179505181
2026-05-26 21:40:00,US.COST,0.07596741927902384
2026-05-27 00:30:00,US.COST,0.0760698870073884
2026-05-27 03:40:00,US.COST,0.09535821159050203
2026-05-27 07:20:00,US.COST,0.22456509819240433
2026-05-27 08:00:00,US.COST,0.20792833073436812
2026-05-27 08:30:00,US.COST,0.23226886498727398
2026-05-27 08:50:00,US.COST,0.2498495191028558
2026-05-27 10:30:00,US.COST,0.2839575626701022
2026-05-27 12:20:00,US.COST,0.26070595952364667
2026-05-27 14:40:00,US.COST,0.2617981174708135
2026-05-27 15:00:00,US.COST,0.286449777867094
2026-05-27 16:00:00,US.COST,0.2920284223248221
2026-05-27 16:30:00,US.COST,0.19038344140060307
2026-05-27 20:30:00,US.COST,0.17883462099057398
2026-05-27 21:00:00,US.COST,0.14603762908360313
2026-05-28 05:20:00,US.COST,0.0829167207743671
2026-05-28 05:30:00,US.COST,0.03699837797288818
2026-05-28 07:00:00,US.COST,0.02636811528335589
2026-05-28 07:10:00,US.COST,0.055667020220336996
2026-05-28 07:20:00,US.COST,0.11073173823779824
2026-05-28 13:30:00,US.COST,0.12817635562567906
2026-05-28 15:00:00,US.COST,0.16640924084336906
2026-05-28 17:00:00,US.COST,0.19606832900295706
2026-05-28 17:40:00,US.COST,0.21793069511120952
2026-05-28 19:10:00,US.COST,0.25466778343980084
2026-05-28 19:40:00,US.COST,0.24427951982008658
2026-05-28 20:00:00,US.COST,0.22954875333753408
2026-05-28 20:10:00,US.COST,0.15432945220803598
2026-05-28 20:20:00,US.COST,0.1609338382388834
2026-05-28 20:30:00,US.COST,0.2177049342256171
2026-05-28 20:40:00,US.COST,0.2957277410035806
2026-05-28 21:00:00,US.COST,0.2965873086197555
2026-05-28 21:30:00,US.COST,0.3010234111179358
2026-05-28 22:10:00,US.COST,0.2622727942129532
2026-05-29 02:00:00,US.COST,0.24890011381823143
2026-05-29 05:00:00,US.COST,0.21610246670398497
2026-05-29 08:00:00,US.COST,0.20617044291948325
2026-05-29 08:30:00,US.COST,0.21234226601633308
2026-05-29 10:10:00,US.COST,0.15760361564507244
2026-05-29 10:30:00,US.COST,0.18023354021508675
2026-05-29 12:00:00,US.COST,0.1803231084731576
2026-05-29 13:30:00,US.COST,0.2034742364886137
2026-05-29 14:00:00,US.COST,0.23307854811258244
2026-05-29 14:30:00,US.COST,0.21836837751232394
2026-05-29 15:30:00,US.COST,0.2628149821505304
2026-05-29 16:40:00,US.COST,0.24845752604407237
2026-05-29 17:00:00,US.COST,0.17326345832598314
2026-05-29 20:00:00,US.COST,0.20553041152843035
2026-05-29 20:30:00,US.COST,0.2319625006893529
2026-05-29 22:00:00,US.COST,0.3117253436900867
2026-05-30 00:30:00,US.COST,0.3144191706451942
2026-05-30 08:00:00,US.COST,0.28779399605327705
2026-05-30 10:00:00,US.COST,0.25498291203562745
2026-05-30 11:30:00,US.COST,0.28305050579611024
2026-05-30 21:00:00,US.COST,0.2671167830888838
2026-05-31 07:30:00,US.COST,0.2983861558457881
2026-05-31 08:00:00,US.COST,0.13463026506641373
2026-05-31 08:10:00,US.COST,0.14228712991558107
2026-05-31 08:30:00,US.COST,0.16524545140188066
2026-05-31 08:40:00,US.COST,0.1230010282575493
2026-05-31 09:00:00,US.COST,0.09909946790098223
2026-05-31 09:10:00,US.COST,0.11694716693758174
2026-05-31 09:30:00,US.COST,0.1176387715277539
2026-05-31 09:50:00,US.COST,0.11651266559515937
2026-05-31 10:00:00,US.COST,0.12277446442731295
2026-05-31 10:10:00,US.COST,0.12523118398999378
2026-05-31 10:30:00,US.COST,0.1340878836014366
2026-05-31 10:40:00,US.COST,0.14736734327346102
2026-05-31 10:50:00,US.COST,0.1272945582753849
2026-05-31 11:00:00,US.COST,0.19376402607464768
2026-05-31 11:10:00,US.COST,0.19084950837966236
2026-05-31 11:30:00,US.COST,0.20255847009855563
2026-05-31 15:30:00,US.COST,0.2139288683157964
2026-05-31 18:10:00,US.COST,0.23582578556887937
2026-06-01 02:30:00,US.COST,0.2502215875828472
2026-06-01 06:30:00,US.COST,0.1954822257014801
2026-06-01 07:40:00,US.COST,0.12834840331032482
2026-06-01 10:00:00,US.COST,0.1320252100853774
2026-06-01 14:00:00,US.COST,0.07376993252167316
2026-06-01 14:30:00,US.COST,0.04195145310126958
2026-06-01 15:00:00,US.COST,0.015963447781763486
2026-06-01 15:30:00,US.COST,-0.00958414117724337
2026-06-01 16:10:00,US.COST,-0.031916240373228585
2026-06-01 16:20:00,US.COST,0.04902575715401437
2026-06-01 16:30:00,US.COST,0.039687391132398456
2026-06-01 17:10:00,US.COST,0.06254564278997986
2026-06-01 19:40:00,US.COST,0.030449564278890784
2026-06-01 21:00:00,US.COST,0.05342145497299962
2026-06-01 21:30:00,US.COST,0.06210322413132665
2026-06-01 21:40:00,US.COST,0.09872626212413353
2026-06-02 02:00:00,US.COST,0.13910672309673722
2026-06-02 02:30:00,US.COST,0.10100247656541836
2026-06-02 10:10:00,US.COST,0.11692657403922417
2026-06-02 10:30:00,US.COST,0.15387006551459093
2026-06-02 13:30:00,US.COST,0.20882100157869632
2026-06-02 15:30:00,US.COST,0.17601040823104985
2026-06-02 16:00:00,US.COST,0.10118153772012047
2026-06-02 21:30:00,US.COST,0.03626710583712968
2026-06-02 22:30:00,US.COST,0.014288812335716775
2026-06-02 22:50:00,US.COST,-0.056369003614674444
2026-06-03 01:30:00,US.COST,0.005061758347070094
2026-06-03 02:00:00,US.COST,-0.003625214056904903
2026-06-03 07:10:00,US.COST,0.01926678125848661
2026-06-03 07:30:00,US.COST,-0.027474978968403313
2026-06-03 10:10:00,US.COST,-0.05548582333213471
2026-06-03 10:30:00,US.COST,-0.043370469280453794
2026-06-03 11:00:00,US.COST,0.045754472812533205
2026-06-03 13:00:00,US.COST,0.030955503900746893
2026-06-03 13:10:00,US.COST,0.10632601408975213
2026-06-03 15:00:00,US.COST,0.13229808974694748
2026-06-03 16:10:00,US.COST,0.21641140859562635
2026-06-03 16:30:00,US.COST,0.2523323378181272
2026-06-03 17:40:00,US.COST,0.22689722339111895
2026-06-03 17:50:00,US.COST,0.24430117572322022
2026-06-03 18:40:00,US.COST,0.2841616496310623
2026-06-03 20:10:00,US.COST,0.3230820645563838
2026-06-03 20:20:00,US.COST,0.3346127965746961
2026-06-03 21:00:00,US.COST,0.30483261858784005
2026-06-03 21:10:00,US.COST,0.23874453806393342
2026-06-04 05:30:00,US.COST,0.3326471542765226
2026-06-04 07:30:00,US.COST,0.32514854908707136
2026-06-04 08:00:00,US.COST,0.29688709990267403
2026-06-04 09:30:00,US.COST,0.27337967621891457
2026-06-04 10:20:00,US.COST,0.23945682173111255
2026-06-04 10:50:00,US.COST,0.25278353045657004
2026-06-04 11:30:00,US.COST,0.24949467550467208
2026-06-04 12:10:00,US.COST,0.24872710116730845
2026-06-04 15:00:00,US.COST,0.30667932643078905
2026-06-04 16:30:00,US.COST,0.2729270158467846
2026-06-04 17:30:00,US.COST,0.2398078169077783
2026-06-04 18:30:00,US.COST,0.27792602221545604
2026-06-04 19:30:00,US.COST,0.3079494844319801
2026-06-04 20:00:00,US.COST,0.3240926444120132
2026-06-04 21:30:00,US.COST,0.29010123771530616
2026-06-05 07:20:00,US.COST,0.2635498827394619
2026-06-05 07:30:00,US.COST,0.2767803845089384
2026-06-05 08:20:00,US.COST,0.27682658551651673
2026-06-05 08:30:00,US.COST,0.3040719266155829
2026-06-05 10:00:00,US.COST,0.2758441412235007
2026-06-05 10:10:00,US.COST,0.26386908975230106
2026-06-05 10:20:00,US.COST,0.3070316229663282
2026-06-05 11:30:00,US.COST,0.2794817498052878
2026-06-05 13:00:00,US.COST,0.24464244659298917
2026-06-05 13:50:00,US.COST,0.23138194522620223
2026-06-05 15:30:00,US.COST,0.1910167159778819
2026-06-05 16:00:00,US.COST,0.1616035899892853
2026-06-05 19:30:00,US.COST,0.20905733395961476
2026-06-05 20:30:00,US.COST,0.16441820749251462
2026-06-05 21:40:00,US.COST,0.15417049592808713
2026-06-06 03:10:00,US.COST,0.11147771414885034
2026-06-06 06:40:00,US.COST,0.1297482816662442
2026-06-06 07:00:00,US.COST,0.17074624419579876
2026-06-06 10:20:00,US.COST,0.18263175903230594
2026-06-06 10:30:00,US.COST,0.1842245254696686
2026-06-06 11:40:00,US.COST,0.18436602212580686
2026-06-06 12:00:00,US.COST,0.16128498191981047
2026-06-06 17:20:00,US.COST,0.24264396651695855
2026-06-06 19:30:00,US.COST,0.2467006581782065
2026-06-07 01:40:00,US.COST,0.2686326233614236
2026-06-07 04:40:00,US.COST,0.26539468686241774
2026-06-07 08:10:00,US.COST,0.2868529172017189
2026-06-07 10:10:00,US.COST,0.2757357943739064
2026-06-07 10:20:00,US.COST,0.27720421884973256
2026-06-07 10:30:00,US.COST,0.24696250694361066
2026-06-07 11:30:00,US.COST,0.2641556061350239
2026-06-07 16:10:00,US.COST,0.23028709858861884
2026-06-07 16:50:00,US.COST,0.2500197138946805
2026-06-07 17:10:00,US.COST,0.16799007900809376
2026-06-08 01:20:00,US.COST,0.20196807421950413
2026-06-08 08:30:00,US.COST,0.17035813903571115
2026-06-08 09:00:00,US.COST,0.17896767364522545
2026-06-08 11:30:00,US.COST,0.19863372529781756
2026-06-08 14:20:00,US.COST,0.24894772608197582
2026-06-08 14:30:00,US.COST,0.23164862491121813
2026-06-08 14:50:00,US.COST,0.2795569384469618
2026-06-08 15:00:00,US.COST,0.258361265703744
2026-06-08 16:40:00,US.COST,0.2421480245187087
2026-06-08 17:00:00,US.COST,0.17606210168546318
2026-06-08 17:20:00,US.COST,0.1449170371142363
2026-06-08 17:50:00,US.COST,0.1555484560970183
2026-06-08 19:30:00,US.COST,0.15246419603852007
2026-06-08 19:40:00,US.COST,0.14487801637364278
2026-06-08 20:10:00,US.COST,0.15218270004934822
2026-06-08 20:30:00,US.COST,0.13626629866732784
2026-06-08 21:20:00,US.COST,0.1372506658684701
2026-06-09 01:00:00,US.COST,0.15588646772920522
2026-06-09 01:30:00,US.COST,0.153667166277063
2026-06-09 07:40:00,US.COST,0.19284124572762892
2026-06-09 09:30:00,US.COST,0.17956371156441694
2026-06-09 10:00:00,US.COST,0.1745304033131855
2026-06-09 10:10:00,US.COST,0.14666725311030077
2026-06-09 10:30:00,US.COST,0.13384138653866035
2026-06-09 11:30:00,US.COST,0.17399199583810435
2026-06-09 14:00:00,US.COST,0.24324453116800232
2026-06-09 14:30:00,US.COST,0.292259628336872
2026-06-09 15:10:00,US.COST,0.2886992119712433
2026-06-09 16:20:00,US.COST,0.30011659885664194
2026-06-09 18:30:00,US.COST,0.28998634317138955
2026-06-09 22:40:00,US.COST,0.273279537561289
2026-06-10 04:30:00,US.COST,0.2924096896101699
2026-06-10 05:30:00,US.COST,0.2850031854787196
2026-06-10 09:00:00,US.COST,0.2611476631282798
2026-06-10 10:30:00,US.COST,0.23402775974913953
2026-06-10 11:00:00,US.COST,0.22921441810918136
2026-06-10 11:10:00,US.COST,0.21584998279814302
2026-06-10 15:40:00,US.COST,0.23315879801151
2026-06-10 16:30:00,US.COST,0.24728419521038303
2026-06-10 18:30:00,US.COST,0.24418997217053934
2026-06-11 00:40:00,US.COST,0.1813942435419669
2026-06-11 04:30:00,US.COST,0.1821071096085897
2026-06-11 05:30:00,US.COST,0.14217062133038247
2026-06-11 09:10:00,US.COST,0.15064697787650605
2026-06-11 10:00:00,US.COST,0.1719578817426866
2026-06-11 10:10:00,US.COST,0.17671566136371866
2026-06-11 11:40:00,US.COST,0.19151247961109208
2026-06-11 13:40:00,US.COST,0.19028427300050607
2026-06-11 17:50:00,US.COST,0.12735059188648817
2026-06-11 20:00:00,US.COST,0.05974944559267624
2026-06-11 22:50:00,US.COST,0.07772308363208871
2026-06-12 00:40:00,US.COST,0.04813446600113174
2026-06-12 08:10:00,US.COST,0.09965422311303952
2026-06-12 08:50:00,US.COST,0.11087548041851182
2026-06-12 10:00:00,US.COST,0.10996711705289591
2026-06-12 13:50:00,US.COST,0.05434046712362171
2026-06-12 15:30:00,US.COST,0.02201888184244653
2026-06-12 16:20:00,US.COST,0.042218124122042955
2026-06-12 18:10:00,US.COST,0.07584980728235899
2026-06-12 18:30:00,US.COST,0.15048812237334327
2026-06-12 20:00:00,US.COST,0.11689802750836323
2026-06-12 21:00:00,US.COST,0.14852673617887724
2026-06-13 07:30:00,US.COST,0.1349038840865227
2026-06-13 08:00:00,US.COST,0.16877468368729057
2026-06-13 09:30:00,US.COST,0.15949802913197028
2026-06-13 10:30:00,US.COST,0.1338255323394933
2026-06-13 11:30:00,US.COST,0.16973105388379808
2026-06-13 17:20:00,US.COST,0.17101756877147287
2026-06-13 18:00:00,US.COST,0.219403687134676
2026-06-13 18:30:00,US.COST,0.21406695762383252
2026-06-13 21:40:00,US.COST,0.2474495755712237
2026-06-13 23:40:00,US.COST,0.2341031560951625
2026-06-14 03:30:00,US.COST,0.21167841612715294
2026-06-14 03:40:00,US.COST,0.22409203531907718
2026-06-14 08:00:00,US.COST,0.25614612830207717
2026-06-14 09:00:00,US.COST,0.25064015345129237
2026-06-14 09:30:00,US.COST,0.23866211576134216
2026-06-14 10:20:00,US.COST,0.209788566438353
2026-06-14 13:30:00,US.COST,0.20317363878263564
2026-06-14 15:00:00,US.COST,0.2159724503729883
2026-06-14 15:40:00,US.COST,0.26869775760407205
2026-06-14 20:00:00,US.COST,0.3000050194724381
2026-06-15 01:30:00,US.COST,0.316530333455973
2026-06-15 06:20:00,US.COST,0.33157350294812177
2026-06-15 07:00:00,US.COST,0.3226600825981828
2026-06-15 08:20:00,US.COST,0.337118847295435
2026-06-15 08:30:00,US.COST,0.33574457886688575
2026-06-15 08:50:00,US.COST,0.3494480624324112
2026-06-15 09:00:00,US.COST,0.32019841541995736
2026-06-15 09:30:00,US.COST,0.3125571415315563
2026-06-15 12:30:00,US.COST,0.28325330216318206
2026-06-15 14:10:00,US.COST,0.2666002907533355
2026-06-15 14:30:00,US.COST,0.255295404414549
2026-06-15 16:30:00,US.COST,0.27997847436217793
2026-06-15 18:40:00,US.COST,0.26384730146436086
2026-06-15 23:10:00,US.COST,0.241980237236353
2026-06-16 01:10:00,US.COST,0.2717243958247196
2026-06-16 08:00:00,US.COST,0.24127407311718974
2026-06-16 09:00:00,US.COST,0.20995666688784273
2026-06-16 10:00:00,US.COST,0.2271331838617875
2026-06-16 12:30:00,US.COST,0.2468915942830905
2026-06-16 13:00:00,US.COST,0.2513043438757349
2026-06-16 14:00:00,US.COST,0.25708927648938834
2026-06-16 14:30:00,US.COST,0.2738550016430077
2026-06-16 15:00:00,US.COST,0.31359603361316557
2026-06-16 15:30:00,US.COST,0.32356852949976417
2026-06-16 21:00:00,US.COST,0.3039652541609412
2026-06-16 21:10:00,US.COST,0.30075046079361034
2026-06-17 03:30:00,US.COST,0.32381341901972227
2026-06-17 04:00:00,US.COST,0.21419481182397854
2026-06-17 07:00:00,US.COST,0.1997819069690379
2026-06-17 07:10:00,US.COST,0.22325694599116575
2026-06-17 08:50:00,US.COST,0.19851984311443518
2026-06-17 09:00:00,US.COST,0.17282260690690945
2026-06-17 14:10:00,US.COST,0.12887741205658537
2026-06-17 16:30:00,US.COST,0.07918489497637271
2026-06-17 16:40:00,US.COST,0.11971432931780125
2026-06-17 17:10:00,US.COST,0.12711644775440928
2026-06-17 18:20:00,US.COST,0.22340455532011738
2026-06-17 19:00:00,US.COST,0.22632078286658258
2026-06-17 21:00:00,US.COST,0.2125230979678079
2026-06-17 21:40:00,US.COST,0.21544257093385288
2026-06-17 22:00:00,US.COST,0.22214707574844425
2026-06-18 10:00:00,US.COST,0.2648814531419154
2026-06-18 11:10:00,US.COST,0.3126306744469677
2026-06-18 11:20:00,US.COST,0.2852892991303162
2026-06-18 11:40:00,US.COST,0.25603989712169334
2026-06-18 11:50:00,US.COST,0.2542644998993547
2026-06-18 12:10:00,US.COST,0.20288650979880804
2026-06-18 14:10:00,US.COST,0.1922844282911451
2026-06-18 16:30:00,US.COST,0.10827088898716017
2026-06-18 18:10:00,US.COST,0.09965364636586643
2026-06-18 19:50:00,US.COST,0.0790363561591565
2026-06-18 22:10:00,US.COST,0.0672954067102324
2026-06-18 23:00:00,US.COST,0.07058150913450098
2026-06-19 00:00:00,US.COST,0.1311688144060659
2026-06-19 05:10:00,US.COST,0.1443958881325284
2026-06-19 10:10:00,US.COST,0.12752817855609647
2026-06-19 13:00:00,US.COST,0.18280704278268942
2026-06-19 17:30:00,US.COST,0.17197079360329162
2026-06-20 02:30:00,US.COST,0.26624808152212404
2026-06-20 04:50:00,US.COST,0.28200972132317775
2026-06-20 08:10:00,US.COST,0.2931921562510086
2026-06-20 12:10:00,US.COST,0.25844173663539627
2026-06-20 17:00:00,US.COST,0.2779674218614014
2026-06-21 10:10:00,US.COST,0.26201401297106297
2026-06-21 22:30:00,US.COST,0.2738049390559308
2026-06-22 03:30:00,US.COST,0.27093930491236773
2026-06-22 10:20:00,US.COST,0.2714265464469929
2026-06-22 14:20:00,US.COST,0.22163716718376422
2026-06-22 15:20:00,US.COST,0.19168969275891273
2026-06-22 20:10:00,US.COST,0.22281341262300725
2026-06-22 22:10:00,US.COST,0.2461641618379831
2026-06-23 02:00:00,US.COST,0.2664699641313559
2026-06-23 07:10:00,US.COST,0.2667230123949179
2026-06-23 08:00:00,US.COST,0.25221961318304514
2026-06-23 10:10:00,US.COST,0.26707595119453764
2026-06-23 11:10:00,US.COST,0.2597038205512004
2026-06-23 13:10:00,US.COST,0.2767019260231771
2026-06-23 14:10:00,US.COST,0.31985984564838227
2026-06-23 14:50:00,US.COST,0.31932184504671557
2026-06-23 19:30:00,US.COST,0.2814920197875455
2026-06-23 20:00:00,US.COST,0.279982719085423
2026-06-23 20:10:00,US.COST,0.22199605827647517
2026-06-23 20:20:00,US.COST,0.18218150782675402
2026-06-23 20:30:00,US.COST,0.20319403958119278
2026-06-23 20:50:00,US.COST,0.2021228437613409
2026-06-23 21:30:00,US.COST,0.2104676314537834
2026-06-23 22:10:00,US.COST,0.2697151837652627
2026-06-24 00:30:00,US.COST,0.28900765069702267
2026-06-24 05:20:00,US.COST,0.29228712456829026
2026-06-24 09:00:00,US.COST,0.2947484796314759
2026-06-24 11:00:00,US.COST,0.3004701136490299
2026-06-24 11:30:00,US.COST,0.32567487703105263
2026-06-24 12:00:00,US.COST,0.35775128435306275
2026-06-24 13:00:00,US.COST,0.3542621630834349
2026-06-24 13:30:00,US.COST,0.34818563598697766
2026-06-24 13:50:00,US.COST,0.2923986996627083
2026-06-24 14:00:00,US.COST,0.27248597820830683
2026-06-24 14:10:00,US.COST,0.27066708580349214
2026-06-24 16:40:00,US.COST,0.3121660740230659
2026-06-24 18:40:00,US.COST,0.2983191105480155
2026-06-24 20:00:00,US.COST,0.21123576151717932
2026-06-24 21:00:00,US.COST,0.18175786463405053
2026-06-25 06:30:00,US.COST,0.18570945189735263
2026-06-25 06:40:00,US.COST,0.16502478081738897
2026-06-25 06:50:00,US.COST,0.18159148245398735
2026-06-25 07:00:00,US.COST,0.1371459429092657
2026-06-25 14:30:00,US.COST,0.1415361793121815
2026-06-25 17:20:00,US.COST,0.1934835650741298
2026-06-25 20:10:00,US.COST,0.11956918264509285
2026-06-25 21:30:00,US.COST,0.16018779174958334
2026-06-25 23:10:00,US.COST,0.13450296891615712
2026-06-26 00:40:00,US.COST,0.16415633491720522
2026-06-26 03:30:00,US.COST,0.15009342180579707
2026-06-26 12:00:00,US.COST,0.1246263055645338
2026-06-26 12:30:00,US.COST,0.12551385614403593
2026-06-26 13:00:00,US.COST,0.09200757187762382
2026-06-26 13:30:00,US.COST,0.15386468944593681
2026-06-26 14:30:00,US.COST,0.2077636880951706
2026-06-26 15:00:00,US.COST,0.17750823334667193
2026-06-26 15:50:00,US.COST,0.17789096563603948
2026-06-26 16:00:00,US.COST,0.12698844418744748
2026-06-26 16:30:00,US.COST,0.12478303561811505
2026-06-26 18:00:00,US.COST,0.12471727788407395
2026-06-26 20:30:00,US.COST,0.07528023909268654
2026-06-26 21:00:00,US.COST,0.027719414720818666
2026-06-27 00:00:00,US.COST,0.09078105501935677
2026-06-27 02:40:00,US.COST,0.05415874158390554
2026-06-27 10:00:00,US.COST,0.06419494814699107
2026-06-27 11:00:00,US.COST,0.15590981242631924
2026-06-27 11:10:00,US.COST,0.16681348546756192
2026-06-27 20:00:00,US.COST,0.17793090624763433
2026-06-28 04:00:00,US.COST,0.1851120358790132
2026-06-28 08:40:00,US.COST,0.22879862468821602
2026-06-28 10:30:00,US.COST,0.25099905850051313
2026-06-28 11:30:00,US.COST,0.26907413507015154
2026-06-28 13:30:00,US.COST,0.2406860652229459
2026-06-28 23:40:00,US.COST,0.18361295969355465
2026-06-29 07:10:00,US.COST,0.12891078037352374
2026-06-29 08:40:00,US.COST,0.1396320283640261
2026-06-29 10:10:00,US.COST,0.14664917454679793
2026-06-29 11:40:00,US.COST,0.17957940901967426
2026-06-29 12:00:00,US.COST,0.19292800398083554
2026-06-29 13:30:00,US.COST,0.16073826544565367
2026-06-29 13:50:00,US.COST,0.14815533728643157
2026-06-29 14:10:00,US.COST,0.1974126926283367
2026-06-29 15:30:00,US.COST,0.2446855012392343
2026-06-29 16:40:00,US.COST,0.20413272739916666
2026-06-29 17:40:00,US.COST,0.21327231528888033
2026-06-29 21:20:00,US.COST,0.21768409365476935
2026-06-29 23:30:00,US.COST,0.20066840533368188
2026-06-30 02:10:00,US.COST,0.17469062489180423
2026-06-30 05:30:00,US.COST,0.19852622909364984
2026-06-30 11:00:00,US.COST,0.22142499546192873
2026-06-30 12:00:00,US.COST,0.2393293620627472
2026-06-30 12:40:00,US.COST,0.25959858194837404
2026-06-30 13:20:00,US.COST,0.3171229921156816
2026-06-30 16:20:00,US.COST,0.3252499406653026
2026-06-30 18:30:00,US.COST,0.30749888276229387
2026-06-30 18:50:00,US.COST,0.3386531266151559
2026-06-30 22:00:00,US.COST,0.34202633159725393
2026-06-30 22:20:00,US.COST,0.29645590912798164
2026-06-30 22:40:00,US.COST,0.29781829831071516
2026-06-30 22:50:00,US.COST,0.281410494665291
2026-07-01 02:20:00,US.COST,0.2818150997772864
2026-07-01 06:30:00,US.COST,0.2652061070395978
2026-07-01 07:30:00,US.COST,0.2308565209411473
2026-07-01 09:00:00,US.COST,0.20632954960745875
2026-07-01 09:10:00,US.COST,0.15182734639609427
2026-07-01 10:40:00,US.COST,0.1129460453746495
2026-07-01 11:30:00,US.COST,0.14899317967400158
2026-07-01 13:30:00,US.COST,0.09752034655029775
2026-07-01 14:00:00,US.COST,0.13318728966885868
2026-07-01 15:10:00,US.COST,0.15163606695384096
2026-07-01 16:30:00,US.COST,0.05939688091586725
2026-07-01 17:10:00,US.COST,0.07508811919336408
2026-07-01 17:30:00,US.COST,0.06555598859856385
2026-07-01 19:20:00,US.COST,0.11546655000826776
2026-07-01 20:40:00,US.COST,0.15964254484295473
2026-07-01 21:00:00,US.COST,0.17856196077258574
2026-07-01 21:30:00,US.COST,0.16593184846566772
2026-07-01 21:50:00,US.COST,0.194502146136611
2026-07-01 22:30:00,US.COST,0.16617709137051473
2026-07-02 01:10:00,US.COST,0.12214360873592199
2026-07-02 03:00:00,US.COST,0.20795387958529551
2026-07-02 03:50:00,US.COST,0.18816228842503419
2026-07-02 05:00:00,US.COST,0.18224269481789687
2026-07-02 05:10:00,US.COST,0.17617605332406008
2026-07-02 07:10:00,US.COST,0.1512971185126326
2026-07-02 08:00:00,US.COST,0.17486412347967883
2026-07-02 10:30:00,US.COST,0.11829293885192739
2026-07-02 10:40:00,US.COST,0.1201889906183204
2026-07-02 11:00:00,US.COST,0.12415393574379435
2026-07-02 13:30:00,US.COST,0.1365229087285348
2026-07-02 16:00:00,US.COST,0.164837924705158
2026-07-02 16:10:00,US.COST,0.1896683881702128
2026-07-02 16:30:00,US.COST,0.22752475357238666
2026-07-02 19:10:00,US.COST,0.21313486304533455
2026-07-02 20:00:00,US.COST,0.22951255115177932
2026-07-02 20:10:00,US.COST,0.24297490606787475
2026-07-02 22:30:00,US.COST,0.2705726444131739
2026-07-03 02:40:00,US.COST,0.2719692148712393
2026-07-03 03:00:00,US.COST,0.2810466464598562
2026-07-03 07:30:00,US.COST,0.2753200648707373
2026-07-03 07:40:00,US.COST,0.27332757649253275
2026-07-03 12:00:00,US.COST,0.22569663904071766
2026-07-03 12:40:00,US.COST,0.21452651828024044
2026-07-03 17:30:00,US.COST,0.22137555133691125
2026-07-03 20:30:00,US.COST,0.2026291826532382
2026-07-04 03:00:00,US.COST,0.14795395342828818
2026-07-04 04:00:00,US.COST,0.11663709536999564
2026-07-04 04:30:00,US.COST,0.11267236506144913
2026-07-04 07:00:00,US.COST,0.08765857742920805
2026-07-04 07:50:00,US.COST,0.0896384611775365
2026-07-04 09:00:00,US.COST,0.080518514175301
2026-07-04 11:00:00,US.COST,0.09416674050573255
2026-07-04 11:40:00,US.COST,0.0738210769175335
2026-07-04 11:50:00,US.COST,0.06817154458187925
2026-07-04 12:10:00,US.COST,0.05652892723011609
2026-07-04 13:50:00,US.COST,0.1066029666274658
2026-07-04 14:30:00,US.COST,0.08388561400430798
2026-07-04 16:10:00,US.COST,0.07023114746303635
2026-07-04 19:30:00,US.COST,0.06431578312192945
2026-07-04 21:00:00,US.COST,0.10759711360770392
2026-07-04 22:00:00,US.COST,0.12167740932040613
2026-07-05 01:20:00,US.COST,0.1394725128051116
2026-07-05 09:10:00,US.COST,0.14298616645253057
2026-07-05 10:30:00,US.COST,0.21219094109577308
2026-07-05 12:20:00,US.COST,0.19874855668559072
2026-07-06 00:40:00,US.COST,0.2271647891336056
2026-07-06 01:10:00,US.COST,0.22397002569190178
2026-07-06 08:40:00,US.COST,0.2370823322218835
2026-07-06 10:20:00,US.COST,0.2186639309836733
2026-07-06 11:50:00,US.COST,0.26025391646266
2026-07-06 12:00:00,US.COST,0.23762880286472474
2026-07-06 12:30:00,US.COST,0.23783340402611902
2026-07-06 12:40:00,US.COST,0.20899874352322975
2026-07-06 14:00:00,US.COST,0.20355065139693831
2026-07-06 15:10:00,US.COST,0.21149984080880738
2026-07-06 17:20:00,US.COST,0.245341922849738
2026-07-06 17:30:00,US.COST,0.21088907547594724
2026-07-06 21:40:00,US.COST,0.16792965875634222
2026-07-06 22:40:00,US.COST,0.18281548233335104
2026-07-06 23:30:00,US.COST,0.07944085329336374
2026-07-07 05:00:00,US.COST,0.12430927808087551
2026-07-07 10:50:00,US.COST,0.10273606886258618
2026-07-07 11:20:00,US.COST,0.1568892733232035
2026-07-07 11:50:00,US.COST,0.14969649278308608
2026-07-07 14:10:00,US.COST,0.140264908966576
2026-07-07 15:20:00,US.COST,0.2166860678474353
2026-07-07 16:10:00,US.COST,0.20651748644539855
2026-07-07 19:00:00,US.COST,0.12792534037581554
2026-07-07 21:50:00,US.COST,0.19246923478832628
2026-07-08 03:10:00,US.COST,0.10580561272090565
2026-07-08 11:30:00,US.COST,0.14785272888087078
2026-07-08 11:50:00,US.COST,0.13603139212055465
2026-07-08 14:50:00,US.COST,0.12323779567910893
2026-07-08 15:00:00,US.COST,0.09640072021876156
2026-07-08 16:10:00,US.COST,0.04883910177944252
2026-07-08 17:10:00,US.COST,0.008972941938393098
2026-07-08 19:40:00,US.COST,-0.0006562270892629694
2026-07-08 20:00:00,US.COST,0.10543510396779171
2026-07-08 20:10:00,US.COST,0.2674975989327909
2026-07-08 20:20:00,US.COST,0.28757624410705207
2026-07-08 20:30:00,US.COST,0.45942743635357386
2026-07-08 21:00:00,US.COST,0.39624110000000007
2026-07-08 23:30:00,US.COST,0.21690380000000004
2026-07-09 02:50:00,US.COST,0.18344600896582616
2026-07-09 07:30:00,US.COST,0.17293890401092438
2026-07-09 07:40:00,US.COST,0.11346256338242491
2026-07-09 08:40:00,US.COST,0.0503643050180053
2026-07-09 10:40:00,US.COST,-0.06356299003040233
2026-07-09 10:50:00,US.COST,-0.002408770974341047
2026-07-09 11:00:00,US.COST,0.025652641683431166
2026-07-09 11:20:00,US.COST,0.12702068794216212
2026-07-09 12:00:00,US.COST,0.21632780508220806
2026-07-09 12:10:00,US.COST,0.21085055435564992
2026-07-09 12:20:00,US.COST,0.16040988864423347
2026-07-09 13:10:00,US.COST,0.14044556708367456
2026-07-09 13:40:00,US.COST,0.1211313357444609
2026-07-09 14:00:00,US.COST,0.037909777296502516
2026-07-09 14:10:00,US.COST,-0.08339290675654451
2026-07-09 14:20:00,US.COST,-0.21043016998519484
2026-07-09 14:30:00,US.COST,-0.40933716928161484
2026-07-09 14:40:00,US.COST,-0.43248924795001575
2026-07-09 15:10:00,US.COST,-0.42815129999999996
2026-07-09 15:30:00,US.COST,-0.4356209297030188
2026-07-09 16:20:00,US.COST,-0.3751946820098362
2026-07-09 17:00:00,US.COST,-0.43177486858246067
2026-07-09 17:40:00,US.COST,-0.3931474034044498
2026-07-09 17:50:00,US.COST,-0.3266591872860675
2026-07-09 18:40:00,US.COST,-0.2523275336233259
2026-07-09 19:00:00,US.COST,-0.14494228125502243
2026-07-09 19:20:00,US.COST,0.023152485922865795
2026-07-09 20:00:00,US.COST,0.033034593235195794
2026-07-09 20:10:00,US.COST,0.09773654206782546
2026-07-09 21:00:00,US.COST,0.06785578967302774
2026-07-09 21:10:00,US.COST,0.09080464060881017
2026-07-09 21:30:00,US.COST,0.1184706051376489
2026-07-10 01:00:00,US.COST,0.06119030171401278
2026-07-10 04:00:00,US.COST,0.10731397244540587
2026-07-10 08:30:00,US.COST,0.10092037645241728
2026-07-10 10:00:00,US.COST,0.012672748973869895
2026-07-10 10:10:00,US.COST,0.04567020608625606
2026-07-10 11:10:00,US.COST,0.08254624209914417
2026-07-10 12:00:00,US.COST,0.08363053764661889
2026-07-10 13:00:00,US.COST,0.14699357846350491
2026-07-10 13:30:00,US.COST,0.09219973319822919
2026-07-10 15:00:00,US.COST,0.08208581775330714
2026-07-10 17:30:00,US.COST,0.13076489426455662
2026-07-10 18:40:00,US.COST,0.08199977312287066
2026-07-10 21:00:00,US.COST,0.06415002486440945
2026-07-10 21:20:00,US.COST,0.06675308521849982
2026-07-10 21:30:00,US.COST,0.18203647697148087
2026-07-11 01:40:00,US.COST,0.1818437601520254
2026-07-11 06:30:00,US.COST,0.225158602984478
2026-07-11 07:10:00,US.COST,0.21281917125155875
2026-07-11 07:30:00,US.COST,0.32435368140282195
2026-07-12 15:00:00,US.COST,0.34953426969204043
2026-07-12 16:20:00,US.COST,0.34150586587921017
2026-07-12 16:30:00,US.COST,0.3349603356317551
2026-07-12 17:00:00,US.COST,0.34106653437081613
2026-07-12 17:10:00,US.COST,0.21702251318699847
2026-07-12 20:30:00,US.COST,0.19500653172237484
2026-07-12 20:50:00,US.COST,0.1603878413810213
2026-07-13 07:00:00,US.COST,0.13574083548346294
2026-07-13 07:40:00,US.COST,0.1241997021844031
2026-07-13 07:50:00,US.COST,0.20988803322714542
2026-07-13 08:40:00,US.COST,0.21527755721844047
2026-07-13 10:00:00,US.COST,0.21657379341352115
2026-07-13 10:30:00,US.COST,0.24716924727576345
2026-07-13 11:20:00,US.COST,0.3079549182887862
2026-07-13 11:40:00,US.COST,0.3201747428151337
2026-07-13 12:30:00,US.COST,0.32678742973957875
2026-07-13 13:00:00,US.COST,0.3143922133248906
2026-07-13 13:10:00,US.COST,0.34309296567117903
2026-07-13 14:30:00,US.COST,0.29293320541813617
2026-07-13 15:00:00,US.COST,0.1341200685191275
2026-07-13 15:40:00,US.COST,0.1705841524306725
2026-07-13 16:30:00,US.COST,0.21620548579189114
2026-07-13 22:00:00,US.COST,0.12580118041973654
2026-07-14 03:00:00,US.COST,0.09223784562698874
2026-07-14 03:10:00,US.COST,0.09878644953050067
2026-07-14 09:50:00,US.COST,0.10114914411436031
2026-07-14 10:40:00,US.COST,0.09084710457551162
2026-07-14 14:20:00,US.COST,0.12083091368358977
2026-07-14 14:40:00,US.COST,0.16025394969219534
2026-07-14 18:00:00,US.COST,0.24303621953203822
2026-07-14 20:10:00,US.COST,0.18826349906991696
2026-07-14 20:50:00,US.COST,0.13154470803100787
2026-07-14 22:10:00,US.COST,0.1837138537859274
2026-07-14 23:30:00,US.COST,0.2182000619869807
2026-07-15 03:40:00,US.COST,0.2307356173125157
2026-07-15 06:00:00,US.COST,0.21650894833484682
2026-07-15 09:30:00,US.COST,0.2078822850071279
2026-07-15 11:50:00,US.COST,0.25221322182716677
2026-07-15 12:50:00,US.COST,0.3034703830243165
2026-07-15 13:30:00,US.COST,0.30671830760972385
2026-07-15 14:40:00,US.COST,0.3401817951015476
2026-07-15 16:30:00,US.COST,0.28610575856691395
2026-07-15 17:10:00,US.COST,0.27372747362445227
2026-07-15 18:30:00,US.COST,0.2963726731365422
2026-07-15 19:30:00,US.COST,0.25115734065299444
2026-07-15 20:10:00,US.COST,0.21825773488398595
2026-07-16 03:00:00,US.COST,0.18733365038215624
2026-07-16 03:40:00,US.COST,0.21215594138265037
2026-07-16 10:00:00,US.COST,0.19798789504807762
2026-07-16 11:50:00,US.COST,0.21557333207175897
2026-07-16 12:00:00,US.COST,0.19545117521644562
2026-07-16 12:30:00,US.COST,0.22219544830833207
2026-07-16 14:00:00,US.COST,0.23877370497743922
2026-07-16 14:40:00,US.COST,0.21331445801000148
2026-07-16 16:30:00,US.COST,0.27705455879908536
2026-07-16 19:00:00,US.COST,0.2877818385455696
2026-07-16 19:40:00,US.COST,0.30137097287332854
2026-07-16 20:10:00,US.COST,0.33055076214576834
2026-07-16 22:40:00,US.COST,0.2403754778823827
2026-07-16 23:00:00,US.COST,0.21591110846738054
2026-07-17 01:10:00,US.COST,0.2042487884400572
2026-07-17 04:40:00,US.COST,0.21109027075018283
2026-07-17 08:10:00,US.COST,0.19321293124120864
2026-07-17 11:30:00,US.COST,0.1991675240765408
2026-07-17 12:30:00,US.COST,0.12422871576059796
2026-07-17 15:20:00,US.COST,0.10024614800796082
2026-07-17 16:20:00,US.COST,0.029364961768023452
2026-07-17 18:10:00,US.COST,-0.05127113748659625
2026-07-17 21:10:00,US.COST,0.04427457321030559
2026-07-17 22:40:00,US.COST,0.0993085596245798
2026-07-18 01:30:00,US.COST,0.10714376093212334
2026-07-18 02:10:00,US.COST,0.11703020285759864
2026-07-18 02:30:00,US.COST,0.14965203784264924
2026-07-18 02:40:00,US.COST,0.14922606377161896
2026-07-18 11:10:00,US.COST,0.23656672716722216
2026-07-18 12:00:00,US.COST,0.22980587550558748
2026-07-18 13:30:00,US.COST,0.22491522695829477
2026-07-18 16:20:00,US.COST,0.2075017724243262
2026-07-18 22:50:00,US.COST,0.19557677077860708
2026-07-19 02:30:00,US.COST,0.22162516736551044
2026-07-19 07:40:00,US.COST,0.2871875838151183
2026-07-19 10:40:00,US.COST,0.2952529556171019
2026-07-19 13:40:00,US.COST,0.28160926084558285
2026-07-19 14:10:00,US.COST,0.2575324824749156
2026-07-19 22:30:00,US.COST,0.26186790572143137
2026-07-19 23:30:00,US.COST,0.2837740789890474
2026-07-20 07:10:00,US.COST,0.2846931621479259
2026-07-20 07:20:00,US.COST,0.264843472069267
2026-07-20 10:10:00,US.COST,0.28076270855604285
2026-07-20 11:10:00,US.COST,0.2643380066066319
2026-07-20 11:40:00,US.COST,0.1296089044711894
2026-07-20 12:40:00,US.COST,0.12259191227329512
2026-07-20 12:50:00,US.COST,0.155341159961202
2026-07-20 14:30:00,US.COST,0.18221312818144417
2026-07-20 15:20:00,US.COST,0.11981476748486393
2026-07-20 15:30:00,US.COST,0.05989767077846708
2026-07-20 16:30:00,US.COST,0.12510339990391287
2026-07-21 00:40:00,US.COST,0.10509268090552289
2026-07-21 06:10:00,US.COST,0.1364029881380772
2026-07-21 08:30:00,US.COST,0.1524708611854628
2026-07-21 09:00:00,US.COST,0.1997435769008958
2026-07-21 10:00:00,US.COST,0.2741968574928569
2026-07-21 11:10:00,US.COST,0.2167858650365183
2026-07-21 12:10:00,US.COST,0.1729088373520996
2026-07-21 14:30:00,US.COST,0.14457979137369797
2026-07-21 14:40:00,US.COST,0.13108404289674783
2026-07-21 15:00:00,US.COST,0.20706547996219582
2026-07-21 16:00:00,US.COST,0.16385408306555477
2026-07-21 16:30:00,US.COST,0.17865592463047245
2026-07-21 16:40:00,US.COST,0.15289322501573416
2026-07-21 17:20:00,US.COST,0.13501729595634523
2026-07-21 17:30:00,US.COST,0.19350649959877103
2026-07-21 18:00:00,US.COST,0.1991884554162308
2026-07-21 19:00:00,US.COST,0.2461216536621739
2026-07-21 19:30:00,US.COST,0.28314237721958374
2026-07-21 20:10:00,US.COST,0.19017559711922474
2026-07-21 20:20:00,US.COST,0.2350132342334415
2026-07-21 21:10:00,US.COST,0.28765434131942924
2026-07-22 00:30:00,US.COST,0.238511611824896
2026-07-22 02:30:00,US.COST,0.22627591551948853
2026-07-22 06:00:00,US.COST,0.1690571632034773
2026-07-22 06:30:00,US.COST,0.14723283027311249
2026-07-22 07:10:00,US.COST,0.12465875471909166
2026-07-22 08:10:00,US.COST,0.09704497749917433
2026-07-22 08:40:00,US.COST,0.14252834856087954
2026-07-22 09:10:00,US.COST,0.11553489608757506
2026-07-22 10:30:00,US.COST,0.1496105386930132
2026-07-22 11:20:00,US.COST,0.16268105696277024
2026-07-22 13:00:00,US.COST,0.1947111281056784
2026-07-22 14:00:00,US.COST,0.27076279833726014
2026-07-22 14:10:00,US.COST,0.2576508824082611
2026-07-22 14:40:00,US.COST,0.2851778756445773
2026-07-22 20:00:00,US.COST,0.3048046194305673
2026-07-23 07:40:00,US.COST,0.3217717257269944
2026-07-23 08:40:00,US.COST,0.2995183602503097
2026-07-23 09:00:00,US.COST,0.26713019272377625
2026-07-23 09:40:00,US.COST,0.19440027248169134
2026-07-23 11:40:00,US.COST,0.18797916423171174
2026-07-23 12:10:00,US.COST,0.20165622212309373
2026-07-23 13:30:00,US.COST,0.20882718401931774
2026-07-23 13:40:00,US.COST,0.21486311002850078
2026-07-23 14:10:00,US.COST,0.18485687855302355
2026-07-23 14:40:00,US.COST,0.1982006448843551
2026-07-23 15:30:00,US.COST,0.18236621301059924
2026-07-23 16:00:00,US.COST,0.14529031271311146
2026-07-23 18:30:00,US.COST,0.20399280143754975
2026-07-23 23:00:00,US.COST,0.2613979145004264
2026-07-23 23:30:00,US.COST,0.2661334161467123
2026-07-24 04:10:00,US.COST,0.2570139542533358
2026-07-24 05:10:00,US.COST,0.23188613833686564
2026-07-24 07:40:00,US.COST,0.2536747224626066
2026-07-24 10:50:00,US.COST,0.25201704571959477
2026-07-24 12:10:00,US.COST,0.25350005534032755
2026-07-24 13:40:00,US.COST,0.29278075385902347
2026-07-24 14:00:00,US.COST,0.26031466164690836
2026-07-24 14:40:00,US.COST,0.2601809038563741
2026-07-24 15:00:00,US.COST,0.23588600504432516
2026-07-24 18:00:00,US.COST,0.23270052926586454
2026-07-24 20:30:00,US.COST,0.26910487930475363
2026-07-24 20:40:00,US.COST,0.25019829224165663
2026-07-24 21:00:00,US.COST,0.1697907046435144
2026-07-24 23:30:00,US.COST,0.17644334433117312
2026-07-25 01:40:00,US.COST,0.1570919092574098
2026-07-25 08:40:00,US.COST,0.1330482676597192
2026-07-25 09:10:00,US.COST,0.12354183243316012
2026-07-25 14:00:00,US.COST,0.12312188785686708
2026-07-25 17:30:00,US.COST,0.07552189783499112
2026-07-25 20:10:00,US.COST,0.07735735180934139
2026-07-25 23:10:00,US.COST,0.027787993643377754
2026-07-26 06:40:00,US.COST,0.03816217704074387
2026-07-26 07:50:00,US.COST,0.09694572455986328
2026-07-26 08:00:00,US.COST,0.08150716163163015
2026-07-26 08:40:00,US.COST,0.10617314648970584
2026-07-26 11:00:00,US.COST,0.052283026995555315
2026-07-26 11:30:00,US.COST,0.012840387441814713
2026-07-26 12:00:00,US.COST,0.010167212168648803
2026-07-26 13:20:00,US.COST,0.10782426239315997
2026-07-26 20:30:00,US.COST,0.12495993323411266
2026-07-27 03:40:00,US.COST,0.12764273828685355
2026-07-27 08:00:00,US.COST,0.1615170795893294
2026-07-27 10:50:00,US.COST,0.1140100391774125
2026-07-27 12:40:00,US.COST,0.07830066267253573
2026-07-27 14:00:00,US.COST,0.08121724931335825
2026-07-27 16:50:00,US.COST,0.12314615329240208
2026-07-27 21:10:00,US.COST,0.15010467738646266
2026-07-28 03:20:00,US.COST,0.16394838985438623
2026-07-28 08:10:00,US.COST,0.14119072108855443
2026-07-28 09:10:00,US.COST,0.13877370276863688
2026-07-28 09:30:00,US.COST,0.1157158268786661
2026-07-28 10:30:00,US.COST,0.15271592918859697
2026-07-28 10:40:00,US.COST,0.20342087737025655
2026-07-28 11:00:00,US.COST,0.23957782468669417
2026-07-28 11:20:00,US.COST,0.2250383291568592
2026-07-28 14:00:00,US.COST,0.2368159707202632
2026-07-28 14:10:00,US.COST,0.2320431488749219
2026-07-28 14:30:00,US.COST,0.22412102431455921
2026-07-28 15:10:00,US.COST,0.2547397392209466
2026-07-28 16:20:00,US.COST,0.1897710555366981
2026-07-28 17:00:00,US.COST,0.1591840643652744
2026-07-28 18:00:00,US.COST,0.19023525956939444
2026-07-28 19:30:00,US.COST,0.19301652517873935
2026-07-28 19:50:00,US.COST,0.18169906872307837
2026-07-28 20:00:00,US.COST,0.1687838433176216
2026-07-29 01:30:00,US.COST,0.1388633620665709
2026-07-29 01:50:00,US.COST,0.08719283014563398
2026-07-29 03:00:00,US.COST,0.07541000166695211
2026-07-29 06:10:00,US.COST,0.12515081300972247
2026-07-29 08:00:00,US.COST,0.12038384905023333
2026-07-29 09:30:00,US.COST,-0.009626777714337842
2026-07-29 10:00:00,US.COST,0.008464769496079728
2026-07-29 11:00:00,US.COST,-0.044614367896977654
2026-07-29 11:10:00,US.COST,-0.015739718921230602
2026-07-29 12:10:00,US.COST,-0.034223772296142485
2026-07-29 14:20:00,US.COST,-0.10543840600652174
2026-07-29 15:00:00,US.COST,-0.14638467696079832
2026-07-29 18:00:00,US.COST,-0.17991644981325958
2026-07-29 21:00:00,US.COST,-0.20641896717982633
2026-07-30 07:20:00,US.COST,-0.16516509935441134
2026-07-30 08:40:00,US.COST,-0.13383838969204562
2026-07-30 12:30:00,US.COST,-0.18912595057063902
2026-07-30 14:10:00,US.COST,-0.1575973041528715
2026-07-30 14:30:00,US.COST,-0.16754616195665326
2026-07-30 15:30:00,US.COST,-0.17792166660985825
2026-07-30 16:30:00,US.COST,-0.17847988695694622
2026-07-31 01:30:00,US.COST,-0.1318631067590861
2026-07-31 07:10:00,US.COST,-0.09439203561856457
2026-07-31 08:10:00,US.COST,-0.05585603133003185
2026-07-31 10:00:00,US.COST,-0.050147198734306196
2026-07-31 14:10:00,US.COST,-0.07917237951454073
2026-07-31 16:00:00,US.COST,0.03693029732079624
2026-08-01 01:10:00,US.COST,0.07095351284668748
2026-08-01 03:10:00,US.COST,0.11664686003736022
2026-08-01 07:00:00,US.COST,0.10677805772742036
2026-08-01 08:10:00,US.COST,0.1673673186180087
2026-08-02 01:30:00,US.COST,0.15588898439646579
2026-08-02 15:30:00,US.COST,0.18888992749711286
2026-08-02 16:30:00,US.COST,0.18270716253946967
2026-08-03 06:30:00,US.COST,0.1737744851853728
2026-08-03 10:40:00,US.COST,0.1796937826490362
2026-08-03 12:30:00,US.COST,0.18866882891242484
2026-08-03 14:10:00,US.COST,0.18713937315508897
2026-08-03 14:30:00,US.COST,0.16580192463827678
2026-08-03 16:40:00,US.COST,0.18954259458334544
2026-08-03 17:30:00,US.COST,0.21327584367155888
2026-08-03 18:00:00,US.COST,0.21451174288671646
2026-08-03 20:40:00,US.COST,0.21753503940465746
2026-08-03 22:00:00,US.COST,0.25871290464013275
2026-08-04 01:10:00,US.COST,0.26183890212932276
2026-08-04 10:00:00,US.COST,0.2959698866373842
2026-08-04 11:00:00,US.COST,0.2619743228784566
2026-08-04 12:50:00,US.COST,0.252532716240886
2026-08-04 13:40:00,US.COST,0.2481198891293929
2026-08-04 14:00:00,US.COST,0.23750050632330102
2026-08-04 15:00:00,US.COST,0.22674531746747958
2026-08-04 19:00:00,US.COST,0.19134923906503035
2026-08-04 22:40:00,US.COST,0.14074620575334404
2026-08-05 02:10:00,US.COST,0.10053605306169124
2026-08-05 09:20:00,US.COST,0.14426804661810683
2026-08-05 09:40:00,US.COST,0.1566874006511991
2026-08-05 12:00:00,US.COST,0.11042905949428257
2026-08-05 17:30:00,US.COST,0.07027548147690386
2026-08-05 17:50:00,US.COST,0.11346811358865469
2026-08-05 19:30:00,US.COST,0.12415676478751425
2026-08-05 19:40:00,US.COST,0.1576338771876434
2026-08-05 19:50:00,US.COST,0.2024194821196371
2026-08-05 20:00:00,US.COST,0.2319272678257313
2026-08-05 20:20:00,US.COST,0.23349597526554025
2026-08-05 20:30:00,US.COST,0.23392400481965914
2026-08-06 07:10:00,US.COST,0.27913304151388174
2026-08-06 09:30:00,US.COST,0.3037488617021439
2026-08-06 10:00:00,US.COST,0.29721211024565675
2026-08-06 10:30:00,US.COST,0.2840424865520065
2026-08-06 11:00:00,US.COST,0.30515045737449636
2026-08-06 11:20:00,US.COST,0.3006051222038214
2026-08-06 14:20:00,US.COST,0.30496970991422995
2026-08-06 16:30:00,US.COST,0.30372700675614434
2026-08-06 17:50:00,US.COST,0.34397858465908543
2026-08-06 18:20:00,US.COST,0.39825230642494236
2026-08-06 19:10:00,US.COST,0.4218883497577746
2026-08-06 19:30:00,US.COST,0.41276199336538444
2026-08-06 20:00:00,US.COST,0.46110475109172755
2026-08-06 20:30:00,US.COST,0.4605750798021828
2026-08-06 23:00:00,US.COST,0.46903405579107454
2026-08-07 04:00:00,US.COST,0.4452140121255537
2026-08-07 04:30:00,US.COST,0.4052965942462368
2026-08-07 08:10:00,US.COST,0.3667727691315593
2026-08-07 09:00:00,US.COST,0.34087544390593777
2026-08-07 10:10:00,US.COST,0.3221412010958414
2026-08-07 11:30:00,US.COST,0.33782349959637376
2026-08-07 13:20:00,US.COST,0.2665939637761985
2026-08-07 18:20:00,US.COST,0.23283750616863935
2026-08-07 23:30:00,US.COST,0.1935525857082016
2026-08-08 06:00:00,US.COST,0.19213839572979488
2026-08-08 08:30:00,US.COST,0.21652678086225793
2026-08-08 08:40:00,US.COST,0.19711812570989537
2026-08-08 10:30:00,US.COST,0.2227451388647558
2026-08-08 11:00:00,US.COST,0.23808168992253143
2026-08-08 15:20:00,US.COST,0.2379628997615976
2026-08-09 05:00:00,US.COST,0.21247151392603061
2026-08-09 23:00:00,US.COST,0.19058131254922295
2026-08-10 09:30:00,US.COST,0.20863730628749336
2026-08-10 11:00:00,US.COST,0.22426285094850276
2026-08-10 12:40:00,US.COST,0.2531521008553276
2026-08-10 13:30:00,US.COST,0.21455767976773107
2026-08-10 14:00:00,US.COST,0.2543110855043148
2026-08-10 15:30:00,US.COST,0.19916705833729775
2026-08-10 16:00:00,US.COST,0.21525381035895313
2026-08-10 17:30:00,US.COST,0.16505107113679823
2026-08-10 19:30:00,US.COST,0.2451492236246111
2026-08-10 20:00:00,US.COST,0.2975228565277472
2026-08-10 20:30:00,US.COST,0.3082905887992294
2026-08-11 05:00:00,US.COST,0.3097882593164955
2026-08-11 08:10:00,US.COST,0.2958140226013108
2026-08-11 10:00:00,US.COST,0.332861726493884
2026-08-11 11:10:00,US.COST,0.301873311659377
2026-08-11 12:00:00,US.COST,0.39230714476224776
2026-08-11 14:00:00,US.COST,0.3750059233577939
2026-08-11 17:00:00,US.COST,0.336860538738299
2026-08-11 18:00:00,US.COST,0.3258279244776802
2026-08-11 19:10:00,US.COST,0.2793388483739813
2026-08-11 20:00:00,US.COST,0.2468183070094639
2026-08-11 23:30:00,US.COST,0.2470566411628381
2026-08-12 03:30:00,US.COST,0.2393418880114844
2026-08-12 05:10:00,US.COST,0.16533416126014094
2026-08-12 08:00:00,US.COST,0.1444749727356623
2026-08-12 09:40:00,US.COST,0.12377817988535855
2026-08-12 11:00:00,US.COST,0.14313766435764633
2026-08-12 12:30:00,US.COST,0.14895057076252655
2026-08-12 16:50:00,US.COST,0.1841586010598341
2026-08-12 20:10:00,US.COST,0.2199170612689321
2026-08-13 03:10:00,US.COST,0.2360963184717691
2026-08-13 07:00:00,US.COST,0.23940215282118332
2026-08-13 08:20:00,US.COST,0.23739243128945084
2026-08-13 08:30:00,US.COST,0.22510121366047608
2026-08-13 09:20:00,US.COST,0.20743075193891466
2026-08-13 09:40:00,US.COST,0.2202041798473456
2026-08-13 11:20:00,US.COST,0.18428191897121496
2026-08-13 13:30:00,US.COST,0.17701001682021464
2026-08-13 18:10:00,US.COST,0.08710000135511543
2026-08-13 19:10:00,US.COST,0.08575066836116756
2026-08-13 20:00:00,US.COST,0.10932109571300545
2026-08-13 21:20:00,US.COST,0.104180888309186
2026-08-13 23:40:00,US.COST,0.10773578683247054
2026-08-14 00:40:00,US.COST,0.14643212698834324
2026-08-14 03:30:00,US.COST,0.1869410825633469
2026-08-14 05:30:00,US.COST,0.1696600058412068
2026-08-14 05:40:00,US.COST,0.19034518579617452
2026-08-14 07:10:00,US.COST,0.1728357773050631
2026-08-14 09:00:00,US.COST,0.23901992719004234
2026-08-14 10:30:00,US.COST,0.2358094469735718
2026-08-14 10:50:00,US.COST,0.19148275960683608
2026-08-14 15:00:00,US.COST,0.20606894763985648
2026-08-14 15:40:00,US.COST,0.20994167654212045
2026-08-14 16:30:00,US.COST,0.18807600732501037
2026-08-14 17:10:00,US.COST,0.17212742864177896
2026-08-14 20:00:00,US.COST,0.19054264737099416
2026-08-15 00:40:00,US.COST,0.22364114152972575
2026-08-15 07:40:00,US.COST,0.221632190224565
2026-08-15 08:30:00,US.COST,0.2216986290976919
2026-08-15 09:30:00,US.COST,0.23789384234886243
2026-08-15 10:00:00,US.COST,0.21959070614857704
2026-08-15 12:00:00,US.COST,0.21548116710863324
2026-08-16 01:50:00,US.COST,0.22263494545107784
2026-08-16 07:20:00,US.COST,0.22585924534052138
2026-08-16 08:00:00,US.COST,0.1705885043586967
2026-08-16 09:00:00,US.COST,0.14310614035768804
2026-08-16 15:30:00,US.COST,0.12354167174097486
2026-08-17 07:40:00,US.COST,0.10782972309135164
2026-08-17 09:30:00,US.COST,0.07524622523477963
2026-08-17 09:50:00,US.COST,0.12830643823520357
2026-08-17 12:30:00,US.COST,0.12674527435276034
2026-08-17 14:00:00,US.COST,0.12887403916952783
2026-08-17 14:10:00,US.COST,0.12246693954408512
2026-08-17 15:10:00,US.COST,0.15532939996289966
2026-08-17 15:30:00,US.COST,0.2435503644497903
2026-08-17 16:00:00,US.COST,0.1987426238821572
2026-08-17 16:20:00,US.COST,0.1763547120872612
2026-08-18 01:40:00,US.COST,0.21423638294167854
2026-08-18 03:30:00,US.COST,0.17565969500983034
2026-08-18 04:40:00,US.COST,0.20255624872944492
2026-08-18 06:00:00,US.COST,0.1673379308481449
2026-08-18 06:10:00,US.COST,0.1490754963580961
2026-08-18 07:10:00,US.COST,0.13133566776705186
2026-08-18 07:30:00,US.COST,0.07010508861064486
2026-08-18 08:00:00,US.COST,0.12440358122365903
2026-08-18 09:00:00,US.COST,0.11749354913873475
2026-08-18 09:20:00,US.COST,0.1258473658585368
2026-08-18 09:30:00,US.COST,0.11119464348975369
2026-08-18 12:00:00,US.COST,0.07676577511785643
2026-08-18 12:40:00,US.COST,0.1097065903127286
2026-08-18 13:30:00,US.COST,0.15389362931656667
2026-08-18 15:30:00,US.COST,0.17713140955102177
2026-08-18 17:10:00,US.COST,0.18686790077013832
2026-08-18 18:30:00,US.COST,0.20697631420086127
2026-08-18 19:00:00,US.COST,0.21663719656749
2026-08-18 22:50:00,US.COST,0.2298996370184535
2026-08-18 23:10:00,US.COST,0.22675786402381307
2026-08-19 02:00:00,US.COST,0.29097834713379944
2026-08-19 06:30:00,US.COST,0.36496310829785694
2026-08-19 07:00:00,US.COST,0.33723055152294756
2026-08-19 07:50:00,US.COST,0.30527862900578434
2026-08-19 08:10:00,US.COST,0.291370239087188
2026-08-19 10:00:00,US.COST,0.2765591529672294
2026-08-19 12:30:00,US.COST,0.24851958126578666
2026-08-19 15:10:00,US.COST,0.2531917794274868
2026-08-19 17:30:00,US.COST,0.22059974039606223
2026-08-19 17:40:00,US.COST,0.18448919936906588
2026-08-19 18:00:00,US.COST,0.23484849295345023
2026-08-19 18:40:00,US.COST,0.2293746158891607
2026-08-19 19:00:00,US.COST,0.22893003486442332
2026-08-20 04:30:00,US.COST,0.2587710790871093
2026-08-20 07:10:00,US.COST,0.2707341779890379
2026-08-20 07:20:00,US.COST,0.26109575298484117
2026-08-20 09:00:00,US.COST,0.2819544052944153
2026-08-20 09:20:00,US.COST,0.20755150877203898
2026-08-20 10:00:00,US.COST,0.17313011121773153
2026-08-20 12:30:00,US.COST,0.20935356315750311
2026-08-20 13:30:00,US.COST,0.16955831399218252
2026-08-20 13:40:00,US.COST,0.17861260064997928
2026-08-20 14:00:00,US.COST,0.17926687468730024
2026-08-20 14:30:00,US.COST,0.17191457317642794
2026-08-20 15:00:00,US.COST,0.1625836971475705
2026-08-20 16:30:00,US.COST,0.09228836598279412
2026-08-20 21:50:00,US.COST,0.037536714325756865
2026-08-20 22:00:00,US.COST,0.05964726965165715
2026-08-20 23:30:00,US.COST,0.0791501966776427
2026-08-21 07:40:00,US.COST,0.025960574649591055
2026-08-21 11:10:00,US.COST,0.034851080305931606
2026-08-21 13:30:00,US.COST,0.05754836041343613
2026-08-21 16:00:00,US.COST,0.07579357751398065
2026-08-21 17:00:00,US.COST,0.04800767725489392
2026-08-21 18:00:00,US.COST,0.06313367094700646
2026-08-22 05:40:00,US.COST,0.16629777446391705
