time,open,high,low,close,Volume
1722259800,66.83,67,66.52,66.68,100793
1722260400,66.66,66.69,66.5,66.57,51190
1722261000,66.57,66.71,66.54,66.7,52907
1722261600,66.7,66.86,66.59,66.79,48834
1722262200,66.8,66.88,66.59,66.6,64578
1722262800,66.58,66.615,66.55,66.57,30211
1722263400,66.565,66.565,66.41,66.55,50458
1722264000,66.55,66.56,66.39,66.42,25173
1722264600,66.415,66.66,66.41,66.55,19738
1722265200,66.545,66.65,66.43,66.53,42601
1722265800,66.54,66.7,66.54,66.69,27659
1722266400,66.7,66.76,66.64,66.66,27642
1722267000,66.66,66.69,66.64,66.685,15337
1722267600,66.68,66.7,66.53,66.7,24498
1722268200,66.71,66.71,66.59,66.63,17388
1722268800,66.625,66.75,66.62,66.63,29268
1722269400,66.63,66.73,66.61,66.67,15301
1722270000,66.67,66.71,66.57,66.7,21712
1722270600,66.69,66.77,66.64,66.745,31958
1722271200,66.745,66.75,66.65,66.7,37019
1722271800,66.71,66.8,66.71,66.78,16960
1722272400,66.78,66.8,66.69,66.71,18163
1722273000,66.71,66.805,66.695,66.775,9686
1722273600,66.76,66.78,66.71,66.77,16646
1722274200,66.77,66.77,66.68,66.72,5090
1722274800,66.73,66.78,66.73,66.76,6887
1722275400,66.75,66.785,66.72,66.785,4607
1722276000,66.785,66.815,66.74,66.81,18214
1722276600,66.8,66.81,66.67,66.76,10546
1722277200,66.76,66.82,66.76,66.78,15268
1722277800,66.78,66.885,66.78,66.87,11765
1722278400,66.87,66.93,66.87,66.915,36617
1722279000,66.91,66.92,66.845,66.865,30018
1722279600,66.865,66.975,66.86,66.97,19075
1722280200,66.97,67.02,66.94,66.95,37088
1722280800,66.95,66.955,66.91,66.92,20565
1722281400,66.92,66.975,66.89,66.955,26266
1722282000,66.955,66.98,66.93,66.97,39653
1722282600,66.96,66.995,66.755,66.835,103781
1722346200,66.48,66.78,66.37,66.71,61493
1722346800,66.71,66.91,66.61,66.895,55587
1722347400,66.88,67.08,66.74,67.08,63153
1722348000,67.075,67.12,67,67.07,45355
1722348600,67.08,67.18,67.02,67.11,39533
1722349200,67.1,67.21,67.02,67.18,27668
1722349800,67.17,67.23,67.13,67.21,30104
1722350400,67.2,67.28,67.12,67.28,23973
1722351000,67.28,67.28,67.165,67.17,25999
1722351600,67.17,67.29,67.17,67.27,20602
1722352200,67.27,67.31,67.21,67.29,20290
1722352800,67.29,67.33,67.24,67.24,15934
1722353400,67.23,67.39,67.21,67.37,19963
1722354000,67.375,67.41,67.32,67.35,20512
1722354600,67.36,67.385,67.32,67.36,14546
1722355200,67.37,67.395,67.21,67.27,16929
1722355800,67.27,67.36,67.26,67.36,15424
1722356400,67.35,67.485,67.35,67.485,29889
1722357000,67.49,67.58,67.475,67.51,52134
1722357600,67.505,67.62,67.44,67.59,31886
1722358200,67.6,67.83,67.57,67.61,83208
1722358800,67.62,67.64,67.435,67.45,33804
1722359400,67.46,67.515,67.405,67.5,19493
1722360000,67.5,67.57,67.465,67.52,20831
1722360600,67.525,67.62,67.49,67.59,31078
1722361200,67.59,67.615,67.54,67.54,19597
1722361800,67.54,67.62,67.54,67.62,12501
1722362400,67.61,67.64,67.6,67.64,17037
1722363000,67.64,67.69,67.63,67.64,25121
1722363600,67.65,67.66,67.58,67.58,30300
1722364200,67.585,67.6,67.55,67.55,12669
1722364800,67.56,67.585,67.535,67.55,18226
1722365400,67.545,67.56,67.5,67.51,20632
1722366000,67.5,67.53,67.45,67.51,44993
1722366600,67.51,67.65,67.505,67.65,24491
1722367200,67.655,67.67,67.6,67.67,27089
1722367800,67.67,67.695,67.645,67.68,29240
1722368400,67.69,67.8,67.68,67.79,53260
1722369000,67.8,67.83,67.66,67.67,152700
1722432600,67.57,67.61,67.28,67.425,42242
1722433200,67.42,67.52,67.28,67.39,21499
1722433800,67.38,67.42,67.14,67.14,21420
1722434400,67.11,67.2,67.02,67.12,61777
1722435000,67.1,67.285,67.09,67.13,22326
1722435600,67.14,67.27,67.125,67.21,40305
1722436200,67.22,67.22,67.065,67.1,37850
1722436800,67.1,67.18,67.1,67.13,26691
1722437400,67.125,67.125,66.98,67.015,25383
1722438000,67.015,67.07,66.98,67.02,18643
1722438600,67.01,67.01,66.92,66.93,33173
1722439200,66.92,67.06,66.905,66.93,16620
1722439800,66.93,66.94,66.765,66.82,29548
1722440400,66.84,66.85,66.77,66.79,16878
1722441000,66.82,66.9,66.805,66.9,23747
1722441600,66.9,66.93,66.85,66.89,17109
1722442200,66.89,66.935,66.84,66.89,17069
1722442800,66.89,66.97,66.89,66.97,15963
1722443400,66.96,66.98,66.915,66.96,23159
1722444000,66.95,66.97,66.905,66.91,12828
1722444600,66.92,67.04,66.92,66.95,25834
1722445200,66.92,67.05,66.905,67.01,14733
1722445800,67.01,67.05,67.01,67.035,13562
1722446400,67.04,67.12,67.03,67.09,18219
1722447000,67.08,67.1,67.035,67.06,16157
1722447600,67.06,67.09,67.03,67.05,11677
1722448200,67.04,67.21,67.04,67.15,17855
1722448800,67.13,67.14,67.02,67.08,26236
1722449400,67.09,67.2,67.09,67.18,9599
1722450000,67.18,67.215,67.17,67.19,13634
1722450600,67.18,67.24,67.135,67.22,15201
1722451200,67.22,67.26,67.09,67.1,16660
1722451800,67.09,67.11,67.02,67.04,17107
1722452400,67.03,67.055,66.9,66.915,26181
1722453000,66.915,66.96,66.75,66.76,36497
1722453600,66.76,66.875,66.74,66.82,31833
1722454200,66.81,66.81,66.66,66.755,45143
1722454800,66.75,66.79,66.7,66.745,64724
1722455400,66.75,66.795,66.61,66.72,157739
1722519000,66.99,67.05,66.81,66.82,44624
1722519600,66.81,66.93,66.7,66.78,40389
1722520200,66.8,66.91,66.72,66.77,31258
1722520800,66.76,66.84,66.715,66.74,25844
1722521400,66.74,66.84,66.74,66.83,25455
1722522000,66.85,66.95,66.84,66.91,23940
1722522600,66.9,66.92,66.75,66.76,21961
1722523200,66.76,66.97,66.75,66.92,16509
1722523800,66.9,66.91,66.81,66.89,16256
1722524400,66.88,67.07,66.88,67.07,22572
1722525000,67.07,67.08,66.93,66.965,28154
1722525600,66.96,67.14,66.95,67.12,16611
1722526200,67.12,67.29,67.115,67.28,30016
1722526800,67.28,67.365,67.215,67.3,40559
1722527400,67.3,67.45,67.27,67.43,19919
1722528000,67.43,67.47,67.36,67.385,23516
1722528600,67.385,67.51,67.36,67.5,15827
1722529200,67.49,67.53,67.44,67.52,22564
1722529800,67.525,67.525,67.41,67.455,12584
1722530400,67.45,67.48,67.37,67.465,14188
1722531000,67.47,67.56,67.465,67.49,17685
1722531600,67.49,67.6,67.455,67.58,15399
1722532200,67.57,67.66,67.55,67.58,18746
1722532800,67.59,67.77,67.58,67.7,20040
1722533400,67.7,67.81,67.67,67.81,31385
1722534000,67.81,67.84,67.68,67.69,18714
1722534600,67.68,67.68,67.6,67.64,13068
1722535200,67.64,67.675,67.545,67.67,12298
1722535800,67.67,67.735,67.64,67.72,16263
1722536400,67.715,67.74,67.625,67.645,15892
1722537000,67.645,67.67,67.615,67.67,22268
1722537600,67.67,67.82,67.67,67.82,27197
1722538200,67.805,67.99,67.785,67.99,28954
1722538800,67.98,68.01,67.86,68,85716
1722539400,68,68.06,67.97,67.98,91358
1722540000,67.98,67.99,67.92,67.965,40816
1722540600,67.97,68.1,67.955,68.09,71020
1722541200,68.09,68.105,67.99,67.99,96533
1722541800,67.98,68.04,67.945,67.96,282727
1722605400,68.62,69.67,68.53,69.16,144023
1722606000,69.17,69.56,69.03,69.56,105665
1722606600,69.56,69.62,69.16,69.37,77039
1722607200,69.39,69.4,69.11,69.35,190169
1722607800,69.36,69.41,69.11,69.13,121875
1722608400,69.12,69.19,68.59,68.66,167400
1722609000,68.66,68.66,68.48,68.53,64428
1722609600,68.53,68.56,68.1,68.19,65467
1722610200,68.18,68.3,68.025,68.14,81152
1722610800,68.15,68.19,67.84,67.93,44981
1722611400,67.93,68.03,67.81,68,36545
1722612000,68.02,68.14,67.865,67.865,35097
1722612600,67.87,67.88,67.7,67.85,86216
1722613200,67.86,67.89,67.71,67.89,26421
1722613800,67.9,68.01,67.8,67.98,43646
1722614400,67.99,68.19,67.99,68.19,36184
1722615000,68.19,68.285,68.13,68.25,43276
1722615600,68.26,68.265,68.18,68.265,25598
1722616200,68.27,68.55,68.265,68.5,42032
1722616800,68.49,68.66,68.425,68.65,35092
1722617400,68.64,68.66,68.54,68.54,29289
1722618000,68.55,68.55,68.4,68.48,13314
1722618600,68.48,68.64,68.46,68.59,29435
1722619200,68.59,68.68,68.59,68.64,20131
1722619800,68.63,68.72,68.6,68.7,23363
1722620400,68.7,68.795,68.67,68.73,32268
1722621000,68.72,68.73,68.41,68.46,35379
1722621600,68.46,68.48,68.33,68.45,19866
1722622200,68.455,68.595,68.455,68.53,19178
1722622800,68.525,68.545,68.37,68.38,34006
1722623400,68.37,68.42,68.32,68.32,26903
1722624000,68.32,68.45,68.305,68.44,31762
1722624600,68.445,68.66,68.44,68.66,34824
1722625200,68.67,68.71,68.61,68.67,43627
1722625800,68.66,68.725,68.605,68.7,35047
1722626400,68.7,69.07,68.69,69.07,91275
1722627000,69.07,69.13,68.955,68.965,96987
1722627600,68.96,69.17,68.96,69.14,127892
1722628200,69.14,69.36,69.07,69.32,270914
1722864600,68.83,69.54,68.72,68.9,210828
1722865200,68.9,69.3,68.87,68.97,157466
1722865800,68.97,69.385,68.97,69.15,83894
1722866400,69.16,69.42,68.76,69.13,158350
1722867000,69.14,69.19,68.8,68.995,135616
1722867600,69.01,69.05,68.47,68.47,67661
1722868200,68.48,68.52,68.22,68.22,54249
1722868800,68.21,68.31,68.16,68.3,62852
1722869400,68.29,68.47,68.29,68.385,63790
1722870000,68.38,68.5,68.315,68.43,61434
1722870600,68.44,68.5,68.26,68.26,84756
1722871200,68.26,68.31,68.09,68.25,50551
1722871800,68.26,68.45,68.26,68.41,52559
1722872400,68.42,68.47,68.28,68.29,69423
1722873000,68.285,68.5,68.25,68.42,48215
1722873600,68.42,68.42,68.18,68.29,32895
1722874200,68.28,68.28,68.12,68.12,21914
1722874800,68.12,68.34,68.12,68.22,43134
1722875400,68.21,68.43,68.19,68.38,39870
1722876000,68.4,68.44,68.22,68.23,25729
1722876600,68.22,68.37,68.2,68.23,38745
1722877200,68.24,68.25,68.01,68.08,41277
1722877800,68.08,68.14,67.97,68.04,37514
1722878400,68.04,68.1,68.01,68.095,21781
1722879000,68.09,68.09,67.95,67.97,31689
1722879600,67.97,67.97,67.79,67.81,44334
1722880200,67.805,67.9,67.73,67.88,32129
1722880800,67.875,68.01,67.87,68.01,24901
1722881400,68.02,68.06,67.98,68.04,15195
1722882000,68.04,68.165,68.015,68.015,23335
1722882600,68.01,68.045,67.9,67.93,30817
1722883200,67.93,68.17,67.89,68.16,61926
1722883800,68.16,68.16,67.94,68.02,34973
1722884400,68.03,68.13,68.03,68.07,42544
1722885000,68.07,68.22,67.985,68.165,50849
1722885600,68.165,68.175,67.95,67.96,42654
1722886200,67.96,68.025,67.89,67.98,70262
1722886800,67.985,67.99,67.86,67.895,94817
1722887400,67.895,68.14,67.89,68.12,193914
1722951000,68.16,68.46,67.77,68.4,65113
1722951600,68.4,68.55,68.34,68.42,57810
1722952200,68.41,68.5,68.37,68.43,35107
1722952800,68.42,68.63,68.4,68.57,39094
1722953400,68.58,68.7,68.525,68.53,31081
1722954000,68.54,68.67,68.5,68.59,27011
1722954600,68.6,68.7,68.56,68.59,24304
1722955200,68.6,68.675,68.52,68.58,26649
1722955800,68.58,68.72,68.51,68.65,22011
1722956400,68.64,68.75,68.58,68.68,20241
1722957000,68.67,68.84,68.64,68.67,29306
1722957600,68.69,68.72,68.62,68.72,32817
1722958200,68.71,68.74,68.64,68.72,24504
1722958800,68.73,68.77,68.68,68.76,13242
1722959400,68.76,68.84,68.75,68.77,10948
1722960000,68.78,68.835,68.73,68.75,15306
1722960600,68.75,68.76,68.65,68.7,16957
1722961200,68.695,68.7,68.595,68.61,11060
1722961800,68.62,68.66,68.59,68.61,9104
1722962400,68.6,68.61,68.49,68.49,10426
1722963000,68.49,68.64,68.49,68.5,17575
1722963600,68.5,68.55,68.44,68.48,16845
1722964200,68.48,68.53,68.45,68.45,19350
1722964800,68.45,68.49,68.39,68.47,15182
1722965400,68.48,68.5,68.41,68.465,12173
1722966000,68.47,68.505,68.45,68.5,14544
1722966600,68.51,68.59,68.5,68.57,14906
1722967200,68.58,68.58,68.42,68.43,16776
1722967800,68.43,68.47,68.36,68.47,15016
1722968400,68.48,68.53,68.425,68.47,15525
1722969000,68.475,68.6,68.475,68.565,11071
1722969600,68.56,68.61,68.54,68.605,29639
1722970200,68.6,68.64,68.53,68.54,21407
1722970800,68.54,68.54,68.36,68.42,25207
1722971400,68.425,68.46,68.29,68.34,30460
1722972000,68.34,68.47,68.32,68.42,32300
1722972600,68.42,68.42,68.32,68.4,31669
1722973200,68.41,68.41,68.31,68.33,49003
1722973800,68.32,68.415,68.04,68.04,105004
1723037400,68.05,68.17,67.83,68.05,140797
1723038000,68.06,68.24,68,68.24,112907
1723038600,68.25,68.67,68.23,68.65,47680
1723039200,68.66,68.835,68.63,68.785,32010
1723039800,68.785,68.9,68.675,68.86,31031
1723040400,68.855,68.9,68.62,68.82,27779
1723041000,68.82,69.07,68.82,69.04,49118
1723041600,69.04,69.05,68.89,68.94,22275
1723042200,68.95,69.01,68.92,69.01,14726
1723042800,69,69,68.89,68.91,9470
1723043400,68.88,68.965,68.84,68.865,11172
1723044000,68.86,68.995,68.86,68.96,8807
1723044600,68.96,69.165,68.94,69.15,20626
1723045200,69.14,69.17,68.965,69.02,15900
1723045800,69.01,69.015,68.865,68.87,7019
1723046400,68.87,68.93,68.81,68.83,12691
1723047000,68.82,68.87,68.77,68.86,10859
1723047600,68.85,68.875,68.8,68.875,9529
1723048200,68.875,68.89,68.82,68.86,7346
1723048800,68.86,68.86,68.72,68.72,12668
1723049400,68.72,68.745,68.65,68.65,14054
1723050000,68.66,68.69,68.64,68.67,5967
1723050600,68.67,68.69,68.63,68.65,6265
1723051200,68.65,68.86,68.65,68.76,19432
1723051800,68.76,68.91,68.76,68.89,18206
1723052400,68.9,68.915,68.67,68.695,15335
1723053000,68.7,68.77,68.69,68.74,10833
1723053600,68.73,68.74,68.64,68.685,13388
1723054200,68.68,68.71,68.575,68.7,16183
1723054800,68.7,68.72,68.535,68.54,32597
1723055400,68.53,68.575,68.475,68.5,20462
1723056000,68.51,68.61,68.51,68.54,19897
1723056600,68.53,68.56,68.47,68.52,35922
1723057200,68.53,68.58,68.51,68.52,21736
1723057800,68.52,68.64,68.52,68.64,22735
1723058400,68.645,68.7,68.645,68.69,38128
1723059000,68.68,68.71,68.61,68.61,28944
1723059600,68.6,68.665,68.55,68.65,48813
1723060200,68.66,68.685,68.42,68.48,140674
1723123800,67.99,68.32,67.85,68.22,52159
1723124400,68.22,68.55,68.215,68.345,39147
1723125000,68.33,68.69,68.3,68.61,21461
1723125600,68.6,68.65,68.46,68.48,21169
1723126200,68.49,68.59,68.48,68.49,13995
1723126800,68.485,68.67,68.47,68.6,24038
1723127400,68.61,68.65,68.56,68.63,24773
1723128000,68.625,68.63,68.5,68.53,21238
1723128600,68.52,68.61,68.44,68.6,22635
1723129200,68.61,68.735,68.585,68.72,11256
1723129800,68.73,68.76,68.6,68.61,15365
1723130400,68.61,68.7,68.6,68.65,13412
1723131000,68.64,68.65,68.55,68.59,18417
1723131600,68.595,68.67,68.5,68.66,12154
1723132200,68.65,68.68,68.56,68.57,12024
1723132800,68.57,68.61,68.52,68.55,10908
1723133400,68.54,68.6,68.53,68.59,14058
1723134000,68.59,68.625,68.565,68.61,8380
1723134600,68.61,68.64,68.59,68.59,26131
1723135200,68.59,68.63,68.56,68.59,14210
1723135800,68.6,68.65,68.595,68.635,16638
1723136400,68.64,68.71,68.62,68.7,22610
1723137000,68.7,68.75,68.66,68.75,13473
1723137600,68.76,68.81,68.72,68.81,27388
1723138200,68.81,68.86,68.77,68.81,12473
1723138800,68.82,68.865,68.69,68.69,7943
1723139400,68.68,68.8,68.68,68.79,8264
1723140000,68.79,68.83,68.72,68.82,17352
1723140600,68.82,68.83,68.75,68.78,12029
1723141200,68.78,68.8,68.72,68.78,11756
1723141800,68.77,68.77,68.71,68.725,12509
1723142400,68.73,68.75,68.635,68.74,15616
1723143000,68.74,68.75,68.7,68.72,11751
1723143600,68.72,68.805,68.7,68.79,18701
1723144200,68.78,68.81,68.69,68.7,17013
1723144800,68.7,68.76,68.69,68.73,24452
1723145400,68.73,68.74,68.61,68.67,38680
1723146000,68.67,68.72,68.63,68.63,40024
1723146600,68.63,68.81,68.53,68.74,144088
1723210200,68.67,68.7,68.3,68.31,42352
1723210800,68.3,68.44,68.245,68.31,37682
1723211400,68.285,68.645,68.27,68.645,30895
1723212000,68.63,68.695,68.58,68.625,35390
1723212600,68.625,68.63,68.44,68.52,17980
1723213200,68.53,68.71,68.53,68.61,12576
1723213800,68.61,68.63,68.56,68.58,10784
1723214400,68.58,68.65,68.5,68.52,21941
1723215000,68.53,68.58,68.5,68.56,11394
1723215600,68.56,68.63,68.51,68.62,12059
1723216200,68.61,68.645,68.535,68.535,7665
1723216800,68.53,68.575,68.5,68.5,13978
1723217400,68.51,68.58,68.51,68.51,11211
1723218000,68.52,68.56,68.51,68.56,7058
1723218600,68.56,68.56,68.485,68.49,10498
1723219200,68.5,68.55,68.48,68.52,6392
1723219800,68.53,68.59,68.53,68.56,7364
1723220400,68.55,68.55,68.5,68.5,8742
1723221000,68.5,68.535,68.5,68.5,10327
1723221600,68.505,68.53,68.49,68.52,23746
1723222200,68.51,68.57,68.47,68.545,17684
1723222800,68.55,68.56,68.475,68.55,23008
1723223400,68.55,68.62,68.55,68.62,15030
1723224000,68.63,68.74,68.63,68.73,16708
1723224600,68.735,68.78,68.65,68.65,9056
1723225200,68.65,68.65,68.57,68.59,9219
1723225800,68.6,68.62,68.57,68.57,9165
1723226400,68.57,68.58,68.505,68.55,10262
1723227000,68.56,68.64,68.53,68.58,13984
1723227600,68.58,68.6,68.51,68.51,8980
1723228200,68.5,68.565,68.5,68.565,10123
1723228800,68.56,68.61,68.545,68.58,6417
1723229400,68.58,68.63,68.535,68.63,9199
1723230000,68.63,68.655,68.58,68.64,12375
1723230600,68.645,68.675,68.63,68.67,12773
1723231200,68.66,68.69,68.615,68.68,14060
1723231800,68.675,68.73,68.67,68.69,18982
1723232400,68.69,68.69,68.585,68.61,29373
1723233000,68.61,68.74,68.54,68.68,86446
1723469400,68.44,68.53,68.25,68.34,49098
1723470000,68.32,68.54,68.31,68.415,29931
1723470600,68.42,68.43,68.205,68.37,17679
1723471200,68.37,68.37,68.11,68.19,24938
1723471800,68.2,68.37,68.2,68.29,20559
1723472400,68.27,68.33,68.185,68.32,20667
1723473000,68.32,68.34,68.21,68.21,19295
1723473600,68.2,68.35,68.19,68.29,12694
1723474200,68.295,68.39,68.29,68.35,23258
1723474800,68.35,68.375,68.14,68.14,11279
1723475400,68.13,68.17,68.02,68.1,16627
1723476000,68.09,68.13,68.01,68.02,26420
1723476600,68.01,68.235,68,68.205,18067
1723477200,68.18,68.18,68.085,68.1,15894
1723477800,68.09,68.23,68.085,68.22,11628
1723478400,68.22,68.25,68.11,68.135,13326
1723479000,68.135,68.185,68.115,68.13,12675
1723479600,68.13,68.17,68.1,68.105,9213
1723480200,68.11,68.115,68.065,68.08,12650
1723480800,68.08,68.215,68.08,68.18,16915
1723481400,68.17,68.23,68.1,68.1,21312
1723482000,68.09,68.09,68.04,68.05,21637
1723482600,68.04,68.1,68.025,68.08,14990
1723483200,68.07,68.085,68,68.045,20112
1723483800,68.05,68.07,68.015,68.055,16689
1723484400,68.055,68.065,67.96,67.96,39390
1723485000,67.965,67.97,67.83,67.85,21265
1723485600,67.85,67.935,67.85,67.925,10214
1723486200,67.93,68.065,67.93,68.04,9425
1723486800,68.05,68.11,68.05,68.08,19519
1723487400,68.075,68.17,68.075,68.17,14489
1723488000,68.17,68.18,68.135,68.15,8890
1723488600,68.155,68.205,68.155,68.185,13104
1723489200,68.18,68.21,68.155,68.175,15021
1723489800,68.175,68.21,68.12,68.12,11718
1723490400,68.13,68.185,68.1,68.17,15860
1723491000,68.17,68.18,68.04,68.06,18197
1723491600,68.05,68.055,67.97,68.03,29167
1723492200,68.03,68.2,68.03,68.19,73361
1723555800,68.05,68.6,68.05,68.56,39944
1723556400,68.55,68.595,68.45,68.46,25342
1723557000,68.47,68.6,68.32,68.39,24760
1723557600,68.37,68.39,68.16,68.27,24055
1723558200,68.26,68.33,68.2,68.2,13382
1723558800,68.19,68.26,68.155,68.24,10656
1723559400,68.23,68.31,68.17,68.31,15510
1723560000,68.3,68.35,68.22,68.35,6475
1723560600,68.35,68.415,68.28,68.365,28609
1723561200,68.36,68.44,68.34,68.41,14923
1723561800,68.41,68.41,68.3,68.41,13555
1723562400,68.39,68.435,68.36,68.36,7022
1723563000,68.36,68.41,68.36,68.38,9765
1723563600,68.38,68.45,68.38,68.44,11139
1723564200,68.44,68.47,68.4,68.44,9622
1723564800,68.44,68.47,68.41,68.42,13297
1723565400,68.42,68.44,68.34,68.42,12281
1723566000,68.43,68.45,68.33,68.35,12530
1723566600,68.36,68.39,68.33,68.36,8290
1723567200,68.36,68.4,68.36,68.395,7979
1723567800,68.4,68.43,68.38,68.38,7683
1723568400,68.38,68.38,68.27,68.27,7800
1723569000,68.28,68.31,68.24,68.28,9778
1723569600,68.28,68.35,68.28,68.335,13998
1723570200,68.32,68.33,68.26,68.28,14517
1723570800,68.28,68.37,68.27,68.35,15265
1723571400,68.35,68.4,68.29,68.29,22244
1723572000,68.28,68.3,68.22,68.24,8544
1723572600,68.24,68.295,68.21,68.22,10731
1723573200,68.23,68.25,68.18,68.225,8469
1723573800,68.22,68.27,68.21,68.26,9911
1723574400,68.27,68.29,68.24,68.24,6667
1723575000,68.24,68.26,68.2,68.25,7188
1723575600,68.25,68.34,68.25,68.31,13593
1723576200,68.32,68.39,68.29,68.365,10246
1723576800,68.36,68.415,68.35,68.38,9743
1723577400,68.37,68.38,68.32,68.32,14807
1723578000,68.33,68.34,68.225,68.32,48161
1723578600,68.33,68.48,68.3,68.47,66979
1723642200,68.34,68.43,68.12,68.38,51520
1723642800,68.39,68.6,68.35,68.53,17899
1723643400,68.52,68.66,68.47,68.5,52337
1723644000,68.5,68.59,68.46,68.54,17445
1723644600,68.56,68.72,68.55,68.64,23472
1723645200,68.63,68.73,68.605,68.7,13789
1723645800,68.7,68.775,68.67,68.73,14112
1723646400,68.72,68.73,68.57,68.57,21622
1723647000,68.57,68.66,68.53,68.55,15875
1723647600,68.55,68.63,68.505,68.62,22253
1723648200,68.63,68.69,68.61,68.67,21411
1723648800,68.66,68.735,68.66,68.72,10290
1723649400,68.73,68.77,68.67,68.69,13490
1723650000,68.69,68.69,68.61,68.62,9409
1723650600,68.63,68.7,68.63,68.66,8485
1723651200,68.65,68.77,68.65,68.75,11345
1723651800,68.75,68.82,68.74,68.8,13303
1723652400,68.8,68.81,68.72,68.74,13126
1723653000,68.74,68.81,68.73,68.81,9554
1723653600,68.81,68.81,68.75,68.79,10008
1723654200,68.79,68.81,68.77,68.79,17700
1723654800,68.8,68.8,68.74,68.74,8557
1723655400,68.74,68.76,68.71,68.76,9213
1723656000,68.75,68.78,68.695,68.77,8505
1723656600,68.76,68.805,68.76,68.79,12952
1723657200,68.79,68.85,68.785,68.81,21566
1723657800,68.82,68.82,68.78,68.795,14364
1723658400,68.79,68.79,68.73,68.76,10846
1723659000,68.76,68.77,68.73,68.73,10209
1723659600,68.74,68.75,68.71,68.73,16651
1723660200,68.74,68.8,68.74,68.77,12126
1723660800,68.78,68.795,68.77,68.79,6850
1723661400,68.79,68.89,68.78,68.835,17722
1723662000,68.84,68.84,68.77,68.78,13355
1723662600,68.785,68.79,68.66,68.665,31716
1723663200,68.67,68.7,68.66,68.68,51918
1723663800,68.675,68.73,68.66,68.7,54814
1723664400,68.7,68.71,68.64,68.65,82497
1723665000,68.65,68.725,68.51,68.57,307814
1723728600,68.62,68.9,68.62,68.72,56148
1723729200,68.71,68.92,68.7,68.86,26653
1723729800,68.87,68.9,68.74,68.74,29140
1723730400,68.74,68.78,68.62,68.63,28611
1723731000,68.62,68.71,68.605,68.68,18598
1723731600,68.675,68.69,68.6,68.69,26777
1723732200,68.7,68.71,68.55,68.56,22613
1723732800,68.55,68.625,68.5,68.57,21917
1723733400,68.57,68.68,68.55,68.62,15412
1723734000,68.62,68.73,68.62,68.7,20100
1723734600,68.71,68.74,68.635,68.73,23281
1723735200,68.75,68.77,68.68,68.685,24682
1723735800,68.69,68.74,68.66,68.69,15969
1723736400,68.7,68.7,68.59,68.64,11710
1723737000,68.64,68.69,68.61,68.61,12238
1723737600,68.61,68.71,68.605,68.67,15699
1723738200,68.66,68.79,68.66,68.76,14717
1723738800,68.76,68.79,68.7,68.71,14353
1723739400,68.71,68.73,68.63,68.64,14976
1723740000,68.645,68.66,68.55,68.64,19305
1723740600,68.64,68.64,68.545,68.55,17482
1723741200,68.545,68.625,68.535,68.61,12301
1723741800,68.62,68.65,68.57,68.65,13060
1723742400,68.66,68.67,68.63,68.66,10740
1723743000,68.66,68.69,68.61,68.61,7995
1723743600,68.61,68.665,68.6,68.66,10782
1723744200,68.66,68.68,68.61,68.675,11110
1723744800,68.675,68.745,68.675,68.72,12131
1723745400,68.71,68.73,68.7,68.715,9084
1723746000,68.71,68.74,68.675,68.72,16000
1723746600,68.725,68.77,68.725,68.75,14287
1723747200,68.76,68.78,68.725,68.77,15630
1723747800,68.765,68.78,68.73,68.76,14307
1723748400,68.75,68.79,68.735,68.74,16043
1723749000,68.74,68.78,68.73,68.74,19841
1723749600,68.74,68.77,68.72,68.76,15866
1723750200,68.75,68.815,68.73,68.78,20928
1723750800,68.78,68.805,68.68,68.695,35185
1723751400,68.69,68.69,68.53,68.67,103239
1723815000,68.87,69.03,68.73,68.88,49241
1723815600,68.91,68.93,68.8,68.84,23446
1723816200,68.84,68.9,68.73,68.9,30354
1723816800,68.88,68.93,68.7,68.71,22120
1723817400,68.7,68.825,68.65,68.72,25292
1723818000,68.72,68.89,68.72,68.83,66461
1723818600,68.82,68.91,68.78,68.855,46501
1723819200,68.86,69,68.86,68.985,50990
1723819800,69,69.05,68.96,69.015,40457
1723820400,69.01,69.13,69.01,69.06,43410
1723821000,69.05,69.28,69.05,69.265,60407
1723821600,69.27,69.3,69.18,69.18,45554
1723822200,69.17,69.24,68.95,68.95,30531
1723822800,68.96,69.01,68.905,68.965,25740
1723823400,68.96,68.98,68.92,68.96,21601
1723824000,68.96,69,68.88,68.88,20603
1723824600,68.89,68.95,68.88,68.925,17884
1723825200,68.92,68.92,68.8,68.85,18672
1723825800,68.86,68.9,68.825,68.85,14665
1723826400,68.86,68.915,68.84,68.91,12394
1723827000,68.91,68.96,68.91,68.95,14190
1723827600,68.95,68.98,68.92,68.945,10590
1723828200,68.94,68.99,68.9,68.99,12879
1723828800,68.98,68.99,68.93,68.99,10357
1723829400,68.99,69.055,68.98,69.025,16850
1723830000,69.02,69.08,69.01,69.08,21058
1723830600,69.08,69.09,69.01,69.09,27264
1723831200,69.085,69.105,69.06,69.08,13029
1723831800,69.07,69.12,69.04,69.11,15725
1723832400,69.11,69.12,69.04,69.09,16090
1723833000,69.09,69.13,69.075,69.12,15391
1723833600,69.12,69.17,69.08,69.17,34976
1723834200,69.17,69.19,69.135,69.17,30919
1723834800,69.175,69.21,69.13,69.13,19586
1723835400,69.13,69.15,69.13,69.135,11239
1723836000,69.13,69.135,69.065,69.065,18897
1723836600,69.06,69.12,69.04,69.105,28216
1723837200,69.1,69.145,69.09,69.11,31095
1723837800,69.11,69.2,69.09,69.19,103159
1724074200,69.3,69.42,69.11,69.12,34336
1724074800,69.11,69.15,69.07,69.09,14748
1724075400,69.08,69.2,69.06,69.14,10100
1724076000,69.14,69.18,69.1,69.125,15305
1724076600,69.125,69.18,69.08,69.13,21839
1724077200,69.125,69.16,69.08,69.11,11481
1724077800,69.1,69.14,69.075,69.1,16417
1724078400,69.09,69.115,69.055,69.085,31698
1724079000,69.08,69.15,69.04,69.11,21568
1724079600,69.105,69.125,69.015,69.015,23004
1724080200,69.01,69.07,68.985,69.05,27298
1724080800,69.05,69.05,68.94,68.985,25968
1724081400,68.99,69.06,68.99,69.01,20850
1724082000,69.02,69.04,69.005,69.01,11654
1724082600,69.01,69.05,69,69.04,15604
1724083200,69.04,69.07,68.95,69.01,28411
1724083800,69.02,69.02,68.96,68.99,19438
1724084400,68.99,69.01,68.97,68.97,15919
1724085000,68.97,69,68.95,68.97,13287
1724085600,68.97,69.02,68.97,69.015,5463
1724086200,69.015,69.07,68.99,69.05,26551
1724086800,69.045,69.07,69,69,13658
1724087400,69,69.07,69,69.01,18978
1724088000,69.01,69.04,68.96,69.01,14602
1724088600,69,69.025,68.925,68.955,14814
1724089200,68.96,69,68.94,68.95,9888
1724089800,68.945,69,68.93,68.98,13340
1724090400,68.97,69,68.93,68.935,13048
1724091000,68.93,68.93,68.85,68.85,20871
1724091600,68.85,68.93,68.85,68.93,14041
1724092200,68.94,68.94,68.89,68.89,12217
1724092800,68.895,68.95,68.895,68.945,16736
1724093400,68.945,68.97,68.93,68.96,14908
1724094000,68.96,69.035,68.94,69.025,15653
1724094600,69.03,69.03,68.98,69.025,10169
1724095200,69.02,69.04,69,69.01,14100
1724095800,69.02,69.06,68.99,69.045,20924
1724096400,69.04,69.05,68.99,69.04,29410
1724097000,69.04,69.05,68.935,68.97,94744
1724160600,68.98,69.01,68.84,68.93,22546
1724161200,68.94,69,68.88,68.98,13086
1724161800,68.97,69.02,68.9,69.01,18358
1724162400,69,69.04,68.77,68.82,47847
1724163000,68.82,69.08,68.82,69.07,32229
1724163600,69.06,69.16,68.97,69.13,21308
1724164200,69.13,69.18,69.08,69.165,17932
1724164800,69.16,69.29,69.16,69.28,20590
1724165400,69.28,69.29,69.22,69.27,19606
1724166000,69.27,69.31,69.225,69.305,16895
1724166600,69.31,69.32,69.225,69.29,12668
1724167200,69.28,69.28,69.23,69.23,9485
1724167800,69.24,69.25,69.18,69.19,7712
1724168400,69.195,69.31,69.19,69.29,14575
1724169000,69.285,69.345,69.26,69.335,14994
1724169600,69.33,69.335,69.28,69.32,7148
1724170200,69.33,69.33,69.26,69.27,4304
1724170800,69.27,69.27,69.23,69.255,11358
1724171400,69.26,69.27,69.215,69.26,14410
1724172000,69.265,69.27,69.19,69.25,23723
1724172600,69.25,69.27,69.16,69.16,12266
1724173200,69.15,69.15,69.095,69.12,19885
1724173800,69.11,69.12,69.08,69.11,9922
1724174400,69.12,69.125,69.065,69.08,19833
1724175000,69.085,69.155,69.085,69.12,7271
1724175600,69.12,69.13,69.1,69.1,4365
1724176200,69.1,69.17,69.1,69.155,5376
1724176800,69.16,69.2,69.15,69.2,9203
1724177400,69.19,69.21,69.165,69.205,11352
1724178000,69.205,69.275,69.2,69.21,26330
1724178600,69.21,69.26,69.16,69.16,13859
1724179200,69.16,69.205,69.14,69.17,10619
1724179800,69.17,69.2,69.14,69.14,8841
1724180400,69.145,69.17,69.115,69.155,15027
1724181000,69.155,69.16,69.11,69.12,14884
1724181600,69.12,69.15,69.09,69.145,16569
1724182200,69.15,69.2,69.13,69.15,49630
1724182800,69.145,69.18,69.12,69.16,32560
1724183400,69.17,69.39,69.17,69.38,98411
1724247000,69.49,69.8,69.44,69.79,71114
1724247600,69.8,69.995,69.79,69.97,50458
1724248200,69.97,70.13,69.96,70.07,102630
1724248800,70.03,70.04,69.585,69.61,24782
1724249400,69.61,69.68,69.56,69.59,15458
1724250000,69.58,69.76,69.57,69.65,13666
1724250600,69.66,69.77,69.64,69.75,12940
1724251200,69.75,69.83,69.635,69.65,24104
1724251800,69.64,69.64,69.49,69.53,26850
1724252400,69.52,69.59,69.51,69.51,13051
1724253000,69.505,69.58,69.495,69.56,7406
1724253600,69.55,69.6,69.55,69.57,12331
1724254200,69.57,69.59,69.515,69.54,9865
1724254800,69.55,69.67,69.55,69.59,23083
1724255400,69.58,69.59,69.55,69.56,10332
1724256000,69.56,69.6,69.56,69.57,11286
1724256600,69.56,69.57,69.465,69.5,12268
1724257200,69.5,69.635,69.5,69.59,11782
1724257800,69.595,69.64,69.57,69.62,7317
1724258400,69.62,69.64,69.6,69.63,7401
1724259000,69.63,69.65,69.615,69.62,7535
1724259600,69.62,69.66,69.58,69.58,8736
1724260200,69.58,69.6,69.54,69.54,10717
1724260800,69.53,69.57,69.515,69.53,6491
1724261400,69.53,69.54,69.46,69.48,17794
1724262000,69.47,69.48,69.43,69.46,10596
1724262600,69.45,69.49,69.43,69.48,6817
1724263200,69.49,69.505,69.45,69.455,9623
1724263800,69.46,69.53,69.46,69.5,10348
1724264400,69.49,69.54,69.47,69.53,12321
1724265000,69.54,69.58,69.51,69.52,8782
1724265600,69.52,69.54,69.505,69.51,9007
1724266200,69.515,69.54,69.505,69.505,11969
1724266800,69.5,69.52,69.47,69.48,17494
1724267400,69.485,69.53,69.47,69.515,15467
1724268000,69.51,69.51,69.445,69.47,14599
1724268600,69.46,69.46,69.34,69.37,28663
1724269200,69.365,69.46,69.36,69.41,27058
1724269800,69.41,69.58,69.41,69.55,56115
1724333400,69.75,69.86,69.63,69.63,28503
1724334000,69.64,69.68,69.49,69.595,28095
1724334600,69.6,69.69,69.51,69.54,21286
1724335200,69.55,69.56,69.46,69.5,15027
1724335800,69.52,69.58,69.495,69.58,16852
1724336400,69.59,69.62,69.52,69.575,12643
1724337000,69.58,69.58,69.48,69.48,17291
1724337600,69.47,69.48,69.41,69.45,12868
1724338200,69.45,69.49,69.39,69.4,52479
1724338800,69.4,69.45,69.37,69.41,16894
1724339400,69.41,69.42,69.33,69.33,10808
1724340000,69.33,69.41,69.305,69.305,14116
1724340600,69.305,69.41,69.3,69.41,28381
1724341200,69.41,69.45,69.35,69.4,15450
1724341800,69.39,69.41,69.31,69.36,11009
1724342400,69.36,69.41,69.335,69.34,11700
1724343000,69.35,69.38,69.32,69.38,8251
1724343600,69.39,69.42,69.36,69.4,12856
1724344200,69.4,69.46,69.38,69.38,18491
1724344800,69.37,69.38,69.24,69.28,26526
1724345400,69.29,69.295,69.13,69.16,24120
1724346000,69.155,69.21,69.145,69.21,14188
1724346600,69.21,69.26,69.18,69.24,12851
1724347200,69.25,69.25,69.16,69.165,17699
1724347800,69.16,69.195,69.07,69.16,29262
1724348400,69.15,69.2,69.125,69.175,18627
1724349000,69.175,69.18,68.995,69.05,26065
1724349600,69.06,69.08,69,69.08,29868
1724350200,69.08,69.16,69.03,69.16,29943
1724350800,69.17,69.19,69.11,69.145,19088
1724351400,69.14,69.14,69.05,69.05,28267
1724352000,69.06,69.12,69.05,69.09,23825
1724352600,69.095,69.145,69.06,69.08,28256
1724353200,69.085,69.12,69.05,69.06,27156
1724353800,69.06,69.135,69.05,69.08,43893
1724354400,69.09,69.1,69.03,69.1,46180
1724355000,69.11,69.17,69.09,69.13,42987
1724355600,69.14,69.18,69.095,69.145,63497
1724356200,69.15,69.34,69.135,69.33,85467
1724419800,69.41,69.48,69.21,69.26,51523
1724420400,69.25,69.33,69.19,69.27,19559
1724421000,69.26,69.38,69.19,69.38,16287
1724421600,69.38,69.46,69.28,69.39,26654
1724422200,69.39,69.47,69.38,69.41,25122
1724422800,69.43,69.46,69.33,69.33,15199
1724423400,69.32,69.35,69.215,69.265,14335
1724424000,69.26,69.27,69.185,69.22,17017
1724424600,69.22,69.27,69.21,69.245,19682
1724425200,69.25,69.27,69.155,69.155,17359
1724425800,69.155,69.245,69.125,69.2,22001
1724426400,69.21,69.22,69.14,69.17,15845
1724427000,69.17,69.22,69.155,69.2,19302
1724427600,69.2,69.22,69.16,69.18,19515
1724428200,69.18,69.18,69.08,69.08,18601
1724428800,69.08,69.08,68.985,69.04,22071
1724429400,69.035,69.11,69.03,69.03,7940
1724430000,69.04,69.04,68.95,68.96,10162
1724430600,68.97,69.01,68.955,68.98,13817
1724431200,68.98,69.01,68.94,69,15176
1724431800,69,69.055,68.99,68.995,22598
1724432400,69,69.045,68.98,68.98,19019
1724433000,68.99,69.03,68.97,68.98,10348
1724433600,68.98,69.13,68.98,69.12,12198
1724434200,69.12,69.24,69.11,69.24,11849
1724434800,69.24,69.31,69.195,69.29,16200
1724435400,69.295,69.32,69.285,69.285,6324
1724436000,69.285,69.365,69.28,69.34,7363
1724436600,69.34,69.365,69.33,69.34,4161
1724437200,69.34,69.34,69.28,69.33,6830
1724437800,69.325,69.34,69.31,69.325,13987
1724438400,69.33,69.385,69.33,69.335,8034
1724439000,69.335,69.355,69.33,69.355,6120
1724439600,69.36,69.44,69.34,69.43,12166
1724440200,69.43,69.5,69.43,69.47,12282
1724440800,69.47,69.56,69.46,69.56,45531
1724441400,69.555,69.655,69.545,69.655,50767
1724442000,69.65,69.73,69.645,69.69,69018
1724442600,69.68,69.85,69.585,69.77,202357
1724679000,69.815,69.99,69.73,69.94,68027
1724679600,69.95,70.01,69.9,69.98,25469
1724680200,70,70.16,69.94,70.16,20096
1724680800,70.16,70.355,70.12,70.33,27762
1724681400,70.32,70.465,70.27,70.46,25376
1724682000,70.46,70.49,70.415,70.49,18047
1724682600,70.5,70.71,70.46,70.685,33020
1724683200,70.685,70.685,70.58,70.6,20228
1724683800,70.59,70.62,70.515,70.515,13404
1724684400,70.515,70.6,70.51,70.595,11983
1724685000,70.6,70.62,70.57,70.62,13907
1724685600,70.62,70.62,70.57,70.6,13225
1724686200,70.605,70.61,70.55,70.57,14464
1724686800,70.57,70.57,70.5,70.54,20966
1724687400,70.545,70.64,70.52,70.6,14350
1724688000,70.6,70.7,70.6,70.675,17386
1724688600,70.67,70.715,70.64,70.71,18508
1724689200,70.71,70.72,70.68,70.72,19339
1724689800,70.72,70.75,70.68,70.73,20843
1724690400,70.735,70.76,70.695,70.73,9803
1724691000,70.73,70.85,70.73,70.82,33184
1724691600,70.82,70.92,70.82,70.9,15103
1724692200,70.895,70.92,70.835,70.84,24620
1724692800,70.85,70.865,70.785,70.83,16518
1724693400,70.84,70.87,70.81,70.81,19573
1724694000,70.81,70.825,70.77,70.82,6205
1724694600,70.82,70.87,70.82,70.85,18332
1724695200,70.85,70.855,70.77,70.785,10233
1724695800,70.78,70.835,70.74,70.835,10861
1724696400,70.845,70.855,70.705,70.745,20555
1724697000,70.745,70.805,70.74,70.78,13735
1724697600,70.77,70.79,70.715,70.785,32650
1724698200,70.785,70.8,70.74,70.74,20526
1724698800,70.74,70.79,70.71,70.73,24193
1724699400,70.72,70.805,70.705,70.805,16919
1724700000,70.805,70.88,70.8,70.83,43612
1724700600,70.83,70.85,70.785,70.81,32304
1724701200,70.82,70.87,70.8,70.83,75701
1724701800,70.83,70.885,70.74,70.86,260092
1724765400,71.39,71.5,71.05,71.27,77059
1724766000,71.27,71.47,71.22,71.42,47817
1724766600,71.44,71.49,71.375,71.45,59400
1724767200,71.455,71.48,71.34,71.375,41167
1724767800,71.37,71.43,71.31,71.39,33972
1724768400,71.39,71.42,71.325,71.35,26640
1724769000,71.34,71.36,71.275,71.3,17197
1724769600,71.31,71.32,71.19,71.27,20755
1724770200,71.27,71.3,71.21,71.23,28614
1724770800,71.23,71.325,71.23,71.25,16774
1724771400,71.24,71.27,71.19,71.21,18131
1724772000,71.22,71.245,71.16,71.205,13792
1724772600,71.21,71.29,71.15,71.27,12049
1724773200,71.27,71.385,71.26,71.3,38917
1724773800,71.3,71.385,71.3,71.37,10049
1724774400,71.37,71.395,71.35,71.35,21086
1724775000,71.355,71.42,71.355,71.41,18816
1724775600,71.415,71.415,71.33,71.37,6500
1724776200,71.37,71.39,71.335,71.34,19948
1724776800,71.335,71.39,71.335,71.35,15912
1724777400,71.355,71.42,71.35,71.395,10741
1724778000,71.4,71.45,71.34,71.41,26348
1724778600,71.41,71.445,71.4,71.415,20843
1724779200,71.42,71.43,71.37,71.41,12847
1724779800,71.415,71.42,71.365,71.38,14375
1724780400,71.37,71.385,71.33,71.335,14062
1724781000,71.335,71.355,71.31,71.35,11481
1724781600,71.35,71.395,71.33,71.37,14017
1724782200,71.38,71.405,71.375,71.405,9991
1724782800,71.41,71.425,71.36,71.41,23033
1724783400,71.405,71.44,71.38,71.4,34693
1724784000,71.4,71.41,71.38,71.405,20561
1724784600,71.41,71.435,71.37,71.415,15484
1724785200,71.41,71.425,71.395,71.4,13649
1724785800,71.395,71.41,71.37,71.4,13534
1724786400,71.4,71.42,71.37,71.37,8270
1724787000,71.36,71.38,71.29,71.33,37579
1724787600,71.33,71.41,71.33,71.39,68380
1724788200,71.4,71.53,71.36,71.49,265863
1724851800,71.63,71.66,71.46,71.52,34080
1724852400,71.51,71.55,71.39,71.54,19115
1724853000,71.535,71.6,71.45,71.455,33409
1724853600,71.46,71.58,71.43,71.55,21619
1724854200,71.55,71.56,71.47,71.53,20397
1724854800,71.535,71.54,71.445,71.48,18907
1724855400,71.485,71.53,71.47,71.495,19000
1724856000,71.495,71.52,71.48,71.5,28134
1724856600,71.5,71.53,71.45,71.53,21437
1724857200,71.53,71.64,71.51,71.61,47997
1724857800,71.6,71.67,71.57,71.645,26043
1724858400,71.645,71.66,71.555,71.6,20811
1724859000,71.59,71.62,71.47,71.545,44107
1724859600,71.54,71.545,71.425,71.46,23557
1724860200,71.45,71.53,71.45,71.52,19252
1724860800,71.515,71.54,71.47,71.51,31091
1724861400,71.51,71.53,71.47,71.5,27661
1724862000,71.5,71.53,71.49,71.53,14966
1724862600,71.53,71.55,71.51,71.55,15855
1724863200,71.55,71.63,71.505,71.56,45314
1724863800,71.56,71.565,71.52,71.56,19526
1724864400,71.56,71.6,71.52,71.59,20193
1724865000,71.59,71.63,71.51,71.51,16646
1724865600,71.51,71.54,71.48,71.505,18662
1724866200,71.505,71.58,71.505,71.55,17808
1724866800,71.54,71.54,71.45,71.48,28519
1724867400,71.47,71.5,71.39,71.46,21828
1724868000,71.45,71.51,71.43,71.48,43213
1724868600,71.48,71.51,71.455,71.47,17722
1724869200,71.47,71.505,71.35,71.36,21450
1724869800,71.37,71.38,71.31,71.33,15356
1724870400,71.32,71.355,71.3,71.31,23188
1724871000,71.3,71.495,71.3,71.495,26960
1724871600,71.49,71.58,71.47,71.48,20170
1724872200,71.47,71.51,71.44,71.505,22216
1724872800,71.505,71.55,71.5,71.52,17290
1724873400,71.52,71.55,71.49,71.515,30445
1724874000,71.52,71.705,71.505,71.69,66308
1724874600,71.7,71.81,71.635,71.795,190766
1724938200,71.93,71.94,71.38,71.5,109586
1724938800,71.49,71.57,71.35,71.39,58323
1724939400,71.39,71.44,71.23,71.325,64389
1724940000,71.33,71.48,71.26,71.42,33562
1724940600,71.435,71.54,71.34,71.54,25675
1724941200,71.54,71.75,71.525,71.74,41129
1724941800,71.75,71.75,71.68,71.71,23027
1724942400,71.7,71.7,71.52,71.54,20644
1724943000,71.54,71.69,71.485,71.505,27519
1724943600,71.505,71.565,71.455,71.455,20434
1724944200,71.45,71.57,71.4,71.49,24122
1724944800,71.49,71.53,71.45,71.53,20131
1724945400,71.54,71.58,71.515,71.535,31970
1724946000,71.54,71.55,71.49,71.54,16548
1724946600,71.54,71.68,71.54,71.65,32629
1724947200,71.645,71.65,71.52,71.59,100493
1724947800,71.59,71.69,71.59,71.65,16399
1724948400,71.64,71.705,71.64,71.685,11714
1724949000,71.685,71.715,71.67,71.7,21222
1724949600,71.7,71.755,71.7,71.73,14296
1724950200,71.73,71.75,71.69,71.71,20586
1724950800,71.71,71.735,71.69,71.72,12591
1724951400,71.72,71.75,71.71,71.72,21067
1724952000,71.72,71.73,71.7,71.72,7106
1724952600,71.725,71.82,71.705,71.82,13392
1724953200,71.82,71.87,71.79,71.87,18847
1724953800,71.86,71.865,71.78,71.81,20178
1724954400,71.805,71.84,71.75,71.82,17371
1724955000,71.82,71.86,71.79,71.85,23625
1724955600,71.86,71.87,71.78,71.82,10334
1724956200,71.815,71.86,71.81,71.84,45386
1724956800,71.83,71.9,71.82,71.85,29582
1724957400,71.85,71.88,71.805,71.87,26740
1724958000,71.87,71.98,71.82,71.98,125556
1724958600,71.99,72.215,71.98,72.125,124992
1724959200,72.12,72.12,72.01,72.06,29139
1724959800,72.06,72.08,71.995,72.005,32892
1724960400,72,72.06,71.98,72.01,105862
1724961000,72,72.135,71.99,72.055,225425
1725024600,72.18,72.45,72.01,72.08,82339
1725025200,72.08,72.11,71.98,71.98,18549
1725025800,71.98,72.06,71.89,72.05,28086
1725026400,72.05,72.24,72,72.21,40467
1725027000,72.2,72.2,72.05,72.12,21183
1725027600,72.13,72.16,72.05,72.08,26146
1725028200,72.08,72.15,72,72.01,13672
1725028800,72.02,72.07,71.98,71.98,13611
1725029400,71.98,72.03,71.97,72.03,8611
1725030000,72.025,72.05,71.93,72,19521
1725030600,71.99,72.01,71.97,71.97,6683
1725031200,71.98,71.98,71.91,71.96,18813
1725031800,71.945,71.95,71.84,71.84,30241
1725032400,71.84,71.85,71.8,71.8,13130
1725033000,71.8,71.915,71.785,71.9,12279
1725033600,71.89,71.99,71.87,71.97,9679
1725034200,71.97,72,71.885,71.91,9692
1725034800,71.9,71.91,71.8,71.8,10694
1725035400,71.79,71.835,71.78,71.835,7038
1725036000,71.84,71.91,71.84,71.885,7821
1725036600,71.88,71.94,71.86,71.93,8556
1725037200,71.94,72.01,71.93,71.98,14178
1725037800,71.99,72.03,71.98,71.98,10937
1725038400,71.98,72.035,71.98,72.025,30874
1725039000,72.025,72.045,71.81,71.95,70633
1725039600,71.95,72,71.95,71.99,10758
1725040200,72,72,71.96,72,7996
1725040800,71.99,72.055,71.935,72.05,12556
1725041400,72.05,72.07,72.02,72.05,6575
1725042000,72.06,72.11,72.06,72.065,12237
1725042600,72.065,72.115,72.06,72.11,9034
1725043200,72.11,72.15,72.095,72.14,8010
1725043800,72.15,72.15,72.11,72.13,13270
1725044400,72.14,72.205,72.14,72.2,21398
1725045000,72.21,72.23,72.185,72.21,19074
1725045600,72.21,72.34,72.205,72.31,22622
1725046200,72.31,72.37,72.255,72.35,42017
1725046800,72.35,72.38,72.33,72.355,40606
1725047400,72.36,72.57,72.325,72.48,233870
1725370200,72.38,72.475,72.245,72.36,49558
1725370800,72.36,72.53,72.3,72.35,41180
1725371400,72.34,72.67,72.32,72.67,36791
1725372000,72.68,72.73,72.54,72.545,53195
1725372600,72.54,72.67,72.54,72.67,24798
1725373200,72.68,72.78,72.67,72.72,25023
1725373800,72.72,72.8,72.7,72.77,26320
1725374400,72.77,72.9,72.735,72.86,59280
1725375000,72.865,72.95,72.795,72.95,31315
1725375600,72.95,72.97,72.805,72.805,28512
1725376200,72.81,72.81,72.64,72.75,23437
1725376800,72.75,72.94,72.75,72.91,25763
1725377400,72.915,72.95,72.85,72.89,13923
1725378000,72.895,72.96,72.86,72.95,20537
1725378600,72.93,73.01,72.91,72.97,22995
1725379200,72.97,73.125,72.94,73.1,40176
1725379800,73.105,73.205,73.09,73.19,17057
1725380400,73.19,73.24,73.1,73.12,22043
1725381000,73.13,73.16,73.055,73.055,19245
1725381600,73.06,73.06,72.94,72.98,15248
1725382200,72.98,73.085,72.97,73.07,9505
1725382800,73.09,73.235,73.08,73.23,18356
1725383400,73.24,73.27,73.18,73.21,13145
1725384000,73.22,73.26,73.2,73.24,15497
1725384600,73.24,73.28,73.15,73.22,19032
1725385200,73.2,73.25,73.13,73.225,12234
1725385800,73.22,73.25,73.21,73.225,10452
1725386400,73.225,73.23,73.14,73.17,16643
1725387000,73.16,73.2,73.13,73.15,18377
1725387600,73.15,73.22,73.15,73.15,20282
1725388200,73.15,73.17,73.095,73.095,23616
1725388800,73.1,73.155,73.085,73.085,17437
1725389400,73.085,73.09,72.975,73.01,14835
1725390000,73.01,73.01,72.94,72.98,18361
1725390600,72.98,73.03,72.975,72.995,15926
1725391200,72.995,73.115,72.995,73.11,18034
1725391800,73.11,73.185,72.95,72.95,37580
1725392400,72.945,72.97,72.865,72.93,74636
1725393000,72.94,73.035,72.87,73.015,162251
1725456600,73.27,73.48,73.095,73.42,80618
1725457200,73.42,73.53,73.05,73.08,81230
1725457800,73.07,73.295,73.065,73.28,52691
1725458400,73.28,73.32,73.05,73.08,78172
1725459000,73.08,73.11,72.955,72.98,71254
1725459600,72.98,73.04,72.875,72.99,53494
1725460200,72.99,72.99,72.805,72.86,35156
1725460800,72.86,72.86,72.635,72.64,45162
1725461400,72.64,72.81,72.61,72.81,32914
1725462000,72.81,72.86,72.745,72.86,23603
1725462600,72.85,72.865,72.805,72.85,13191
1725463200,72.86,72.9,72.81,72.885,18639
1725463800,72.89,72.93,72.8,72.89,19749
1725464400,72.9,72.97,72.88,72.89,11161
1725465000,72.885,72.99,72.885,72.95,14578
1725465600,72.95,72.98,72.78,72.78,13213
1725466200,72.77,72.79,72.695,72.78,22055
1725466800,72.775,72.8,72.74,72.76,9633
1725467400,72.765,72.8,72.67,72.68,10586
1725468000,72.68,72.695,72.59,72.61,13481
1725468600,72.6,72.61,72.5,72.52,25175
1725469200,72.52,72.545,72.42,72.425,45276
1725469800,72.425,72.43,72.18,72.19,43156
1725470400,72.19,72.2,72.055,72.09,44367
1725471000,72.09,72.09,71.915,71.95,35161
1725471600,71.94,72.055,71.94,71.96,20989
1725472200,71.97,72.17,71.97,72.08,26407
1725472800,72.09,72.27,72.08,72.27,29619
1725473400,72.27,72.28,72.16,72.2,17392
1725474000,72.19,72.31,72.19,72.24,14127
1725474600,72.245,72.38,72.245,72.36,15277
1725475200,72.365,72.41,72.29,72.37,17432
1725475800,72.365,72.43,72.34,72.35,19932
1725476400,72.355,72.37,72.31,72.34,23312
1725477000,72.335,72.34,72.255,72.31,27216
1725477600,72.32,72.43,72.32,72.4,22289
1725478200,72.4,72.43,72.35,72.41,31549
1725478800,72.42,72.5,72.39,72.5,55656
1725479400,72.5,72.58,72.41,72.55,219812
1725543000,72.61,72.68,72.04,72.065,130197
1725543600,72.065,72.32,72.065,72.2,92094
1725544200,72.21,72.25,72,72.055,52774
1725544800,72.055,72.06,71.84,71.99,56868
1725545400,71.99,72.13,71.87,71.87,62024
1725546000,71.87,71.98,71.8,71.97,85944
1725546600,71.97,71.985,71.72,71.8,104954
1725547200,71.795,72,71.76,71.81,42493
1725547800,71.8,71.82,71.65,71.72,39252
1725548400,71.72,71.72,71.605,71.63,27541
1725549000,71.63,71.67,71.46,71.54,54732
1725549600,71.55,71.55,71.41,71.415,33920
1725550200,71.41,71.44,71.31,71.41,59762
1725550800,71.41,71.54,71.28,71.52,58748
1725551400,71.52,71.54,71.435,71.47,26561
1725552000,71.46,71.505,71.4,71.5,36389
1725552600,71.5,71.54,71.43,71.51,49642
1725553200,71.51,71.62,71.505,71.55,18987
1725553800,71.545,71.63,71.545,71.615,21003
1725554400,71.62,71.655,71.59,71.63,13183
1725555000,71.63,71.74,71.63,71.685,13926
1725555600,71.68,71.74,71.68,71.74,10401
1725556200,71.735,71.76,71.64,71.66,21078
1725556800,71.65,71.7,71.58,71.58,28461
1725557400,71.585,71.7,71.575,71.695,24799
1725558000,71.695,71.835,71.695,71.795,16675
1725558600,71.79,71.79,71.7,71.755,28184
1725559200,71.755,71.76,71.695,71.73,30837
1725559800,71.73,71.74,71.665,71.7,26168
1725560400,71.7,71.7,71.65,71.67,22587
1725561000,71.66,71.8,71.65,71.725,31471
1725561600,71.72,71.72,71.67,71.69,24060
1725562200,71.69,71.7,71.6,71.6,22655
1725562800,71.61,71.625,71.49,71.5,52606
1725563400,71.5,71.5,71.24,71.24,42687
1725564000,71.24,71.33,71.18,71.25,67695
1725564600,71.26,71.34,71.24,71.27,61400
1725565200,71.27,71.28,71.16,71.16,78175
1725565800,71.17,71.2,70.98,71.175,285071
1725629400,70.94,71.53,70.9,71.5,73722
1725630000,71.49,71.67,71.44,71.63,54025
1725630600,71.61,71.65,71.445,71.54,40453
1725631200,71.535,71.595,71.36,71.38,55278
1725631800,71.39,71.43,71.205,71.23,37763
1725632400,71.225,71.26,71.045,71.14,32701
1725633000,71.15,71.16,71.02,71.09,33590
1725633600,71.09,71.165,71.08,71.115,26338
1725634200,71.11,71.14,71.03,71.06,25565
1725634800,71.075,71.35,71.06,71.16,50061
1725635400,71.17,71.18,71.06,71.14,27350
1725636000,71.155,71.2,71.12,71.19,16634
1725636600,71.18,71.28,71.17,71.2,17749
1725637200,71.2,71.23,71.085,71.14,15066
1725637800,71.145,71.22,71.13,71.205,16864
1725638400,71.21,71.3,71.2,71.235,16940
1725639000,71.235,71.24,71.14,71.145,12347
1725639600,71.14,71.25,71.13,71.25,10616
1725640200,71.25,71.33,71.24,71.295,12575
1725640800,71.295,71.3,71.235,71.265,18427
1725641400,71.27,71.33,71.25,71.3,12720
1725642000,71.3,71.36,71.29,71.36,9700
1725642600,71.36,71.42,71.35,71.35,14117
1725643200,71.35,71.35,71.195,71.2,23024
1725643800,71.195,71.195,71.13,71.165,12647
1725644400,71.165,71.19,71.06,71.06,16111
1725645000,71.06,71.22,71.06,71.2,16514
1725645600,71.19,71.2,71.13,71.14,13148
1725646200,71.145,71.16,71.12,71.145,29832
1725646800,71.15,71.27,71.135,71.27,18367
1725647400,71.26,71.28,71.22,71.25,17174
1725648000,71.25,71.255,71.165,71.195,11157
1725648600,71.195,71.26,71.16,71.25,22478
1725649200,71.255,71.26,71.21,71.23,25691
1725649800,71.225,71.225,71.13,71.16,14789
1725650400,71.15,71.22,71.15,71.19,28833
1725651000,71.195,71.21,71.08,71.1,46930
1725651600,71.1,71.18,71.07,71.16,63779
1725652200,71.155,71.19,71.075,71.14,240611
1725888600,71.2,71.47,71,71.44,56096
1725889200,71.44,71.78,71.42,71.77,19661
1725889800,71.75,71.79,71.68,71.69,17061
1725890400,71.7,71.9,71.7,71.86,18637
1725891000,71.87,71.97,71.82,71.955,22766
1725891600,71.955,72.02,71.93,71.96,19420
1725892200,71.96,72.11,71.95,72.075,16154
1725892800,72.07,72.125,72.02,72.11,17545
1725893400,72.11,72.275,72.1,72.23,22926
1725894000,72.24,72.25,72.11,72.14,15605
1725894600,72.14,72.15,72.02,72.02,10875
1725895200,72.02,72.07,71.95,72.05,13791
1725895800,72.06,72.265,72.06,72.265,15560
1725896400,72.265,72.3,72.235,72.28,14505
1725897000,72.275,72.285,72.11,72.13,14149
1725897600,72.13,72.14,72.06,72.095,19753
1725898200,72.1,72.125,72.045,72.08,16983
1725898800,72.08,72.085,72.03,72.075,24376
1725899400,72.075,72.17,72.04,72.17,20975
1725900000,72.18,72.21,72.15,72.15,13226
1725900600,72.15,72.2,72.15,72.15,21063
1725901200,72.15,72.155,72.02,72.07,24802
1725901800,72.07,72.09,72.015,72.02,21689
1725902400,72.025,72.045,71.995,72.025,14357
1725903000,72.03,72.07,72.01,72.045,21290
1725903600,72.045,72.045,71.975,72.01,18170
1725904200,72.01,72.01,71.955,71.98,20105
1725904800,71.98,71.98,71.91,71.93,20026
1725905400,71.94,71.95,71.91,71.93,21841
1725906000,71.93,72.04,71.9,72,12088
1725906600,72.005,72.05,71.955,71.965,13046
1725907200,71.97,72.055,71.96,72.01,12364
1725907800,72.015,72.02,71.92,71.92,8536
1725908400,71.92,71.95,71.895,71.91,12110
1725909000,71.92,71.925,71.85,71.85,18045
1725909600,71.855,71.86,71.795,71.82,41121
1725910200,71.82,71.94,71.815,71.885,37664
1725910800,71.88,71.895,71.745,71.75,72510
1725911400,71.76,71.88,71.67,71.87,156643
1725975000,71.99,72.4,71.76,72.4,38449
1725975600,72.41,72.42,72.22,72.26,24407
1725976200,72.27,72.35,72.185,72.27,25936
1725976800,72.25,72.26,72.04,72.1,21596
1725977400,72.09,72.17,72.03,72.17,18111
1725978000,72.17,72.17,72.045,72.08,13052
1725978600,72.08,72.13,72.06,72.13,12451
1725979200,72.115,72.205,72.115,72.19,11968
1725979800,72.185,72.2,72.11,72.14,16522
1725980400,72.13,72.175,72.08,72.175,9537
1725981000,72.175,72.19,72.12,72.13,10102
1725981600,72.13,72.14,72.07,72.09,10823
1725982200,72.09,72.11,72,72.06,19398
1725982800,72.06,72.08,71.94,71.94,15011
1725983400,71.93,71.93,71.8,71.82,14414
1725984000,71.81,71.84,71.73,71.76,16897
1725984600,71.765,71.83,71.76,71.83,11486
1725985200,71.83,71.94,71.83,71.9,17751
1725985800,71.89,71.935,71.86,71.86,9424
1725986400,71.855,71.875,71.805,71.85,8056
1725987000,71.84,71.88,71.81,71.81,7346
1725987600,71.8,71.815,71.75,71.77,11827
1725988200,71.77,71.79,71.74,71.77,15194
1725988800,71.77,71.77,71.71,71.73,9917
1725989400,71.73,71.78,71.73,71.78,9286
1725990000,71.77,71.8,71.68,71.68,11156
1725990600,71.68,71.69,71.6,71.64,11932
1725991200,71.64,71.685,71.6,71.66,15818
1725991800,71.665,71.67,71.59,71.645,10186
1725992400,71.64,71.69,71.61,71.65,18029
1725993000,71.64,71.71,71.625,71.7,11974
1725993600,71.7,71.71,71.665,71.69,13387
1725994200,71.7,71.725,71.665,71.715,8924
1725994800,71.71,71.72,71.64,71.7,10721
1725995400,71.69,71.73,71.685,71.73,14771
1725996000,71.725,71.745,71.695,71.695,14242
1725996600,71.69,71.72,71.635,71.65,17733
1725997200,71.65,71.69,71.605,71.65,27093
1725997800,71.64,71.72,71.52,71.55,144823
1726061400,71.3,71.38,70.885,70.99,37978
1726062000,71.01,71.025,70.67,70.77,37261
1726062600,70.78,70.895,70.7,70.71,21668
1726063200,70.7,70.94,70.66,70.93,25067
1726063800,70.92,70.92,70.66,70.67,19740
1726064400,70.66,70.745,70.63,70.65,27363
1726065000,70.66,70.68,70.58,70.67,24150
1726065600,70.67,70.71,70.59,70.695,21693
1726066200,70.69,70.79,70.67,70.675,12859
1726066800,70.68,70.735,70.64,70.7,15380
1726067400,70.69,70.83,70.67,70.82,20283
1726068000,70.82,70.86,70.72,70.78,16028
1726068600,70.79,70.91,70.76,70.91,9380
1726069200,70.91,71,70.87,70.88,12116
1726069800,70.88,70.88,70.75,70.795,15541
1726070400,70.79,70.92,70.79,70.885,17472
1726071000,70.9,70.935,70.8,70.82,11362
1726071600,70.82,70.86,70.8,70.835,11971
1726072200,70.83,70.865,70.765,70.81,12603
1726072800,70.82,70.84,70.79,70.83,15338
1726073400,70.84,70.9,70.835,70.88,14534
1726074000,70.89,70.93,70.865,70.91,16839
1726074600,70.905,70.94,70.82,70.83,13423
1726075200,70.83,70.86,70.795,70.81,12646
1726075800,70.81,70.92,70.805,70.89,14186
1726076400,70.9,70.93,70.88,70.91,8881
1726077000,70.92,70.93,70.8,70.84,15599
1726077600,70.85,70.89,70.83,70.88,11548
1726078200,70.88,70.905,70.86,70.88,12361
1726078800,70.87,70.89,70.83,70.84,14841
1726079400,70.83,70.96,70.82,70.96,23763
1726080000,70.965,71.035,70.94,71.02,15173
1726080600,71.02,71.05,70.955,70.97,19600
1726081200,70.975,71.02,70.97,71.01,18835
1726081800,71.01,71.06,71,71.04,10360
1726082400,71.03,71.09,71.02,71.08,10427
1726083000,71.08,71.105,71.025,71.06,18364
1726083600,71.055,71.08,70.895,70.91,45814
1726084200,70.9,71.14,70.85,71.06,145066
1726147800,71.08,71.315,70.88,71.14,37773
1726148400,71.13,71.13,70.9,71.07,28627
1726149000,71.05,71.1,70.85,70.85,22677
1726149600,70.84,70.93,70.76,70.88,36867
1726150200,70.88,71,70.85,70.93,23930
1726150800,70.92,70.97,70.77,70.81,26595
1726151400,70.81,70.84,70.66,70.7,21994
1726152000,70.7,70.88,70.69,70.835,24535
1726152600,70.84,70.84,70.75,70.755,21003
1726153200,70.76,70.89,70.75,70.89,18611
1726153800,70.88,70.95,70.86,70.89,23760
1726154400,70.89,70.91,70.86,70.86,24386
1726155000,70.86,70.92,70.84,70.9,23370
1726155600,70.9,70.905,70.85,70.88,15136
1726156200,70.88,70.9,70.86,70.87,10931
1726156800,70.86,70.9,70.82,70.87,19852
1726157400,70.88,70.885,70.82,70.865,10975
1726158000,70.87,70.9,70.84,70.86,13830
1726158600,70.85,70.95,70.85,70.93,17307
1726159200,70.92,70.99,70.91,70.955,8734
1726159800,70.96,70.995,70.955,70.98,25116
1726160400,70.99,71,70.955,70.99,25177
1726161000,70.99,70.995,70.98,70.985,6446
1726161600,70.98,71.05,70.97,70.99,15385
1726162200,71,71.03,70.99,71.02,18324
1726162800,71.025,71.125,71.025,71.1,21797
1726163400,71.11,71.155,71.08,71.13,16499
1726164000,71.14,71.2,71.105,71.2,19820
1726164600,71.2,71.24,71.16,71.17,14421
1726165200,71.17,71.21,71.17,71.2,23346
1726165800,71.2,71.21,71.18,71.21,13478
1726166400,71.215,71.225,71.185,71.19,17234
1726167000,71.19,71.19,71.03,71.11,17252
1726167600,71.11,71.12,71.05,71.07,23666
1726168200,71.07,71.19,71.055,71.155,20881
1726168800,71.15,71.27,71.145,71.25,20805
1726169400,71.26,71.3,71.23,71.29,24976
1726170000,71.295,71.375,71.28,71.36,38672
1726170600,71.35,71.35,71.2,71.23,152622
1726234200,70.84,70.98,70.48,70.49,57191
1726234800,70.495,70.85,70.49,70.83,48221
1726235400,70.83,70.96,70.75,70.96,42640
1726236000,70.96,71.04,70.76,70.82,53695
1726236600,70.82,71.01,70.78,70.99,31117
1726237200,70.98,71.05,70.95,70.96,29917
1726237800,70.965,71.065,70.93,71.035,29824
1726238400,71.02,71.11,71.01,71.09,19775
1726239000,71.09,71.1,71.01,71.06,18542
1726239600,71.06,71.06,70.94,70.97,22321
1726240200,70.96,70.99,70.93,70.98,20179
1726240800,70.985,71.03,70.98,71.005,22065
1726241400,71.01,71.18,71.005,71.17,22307
1726242000,71.16,71.32,71.125,71.28,33504
1726242600,71.29,71.35,71.19,71.2,25113
1726243200,71.21,71.23,71.15,71.22,13875
1726243800,71.22,71.26,71.2,71.22,14033
1726244400,71.215,71.23,71.18,71.2,16985
1726245000,71.21,71.29,71.2,71.29,13178
1726245600,71.29,71.38,71.29,71.32,20711
1726246200,71.31,71.36,71.3,71.34,10227
1726246800,71.345,71.39,71.33,71.34,10174
1726247400,71.36,71.37,71.34,71.355,9379
1726248000,71.35,71.39,71.35,71.39,14104
1726248600,71.39,71.465,71.38,71.45,12892
1726249200,71.44,71.45,71.36,71.37,9821
1726249800,71.38,71.4,71.32,71.32,9340
1726250400,71.31,71.31,71.23,71.28,13802
1726251000,71.27,71.27,71.18,71.2,10709
1726251600,71.2,71.21,71.15,71.21,17646
1726252200,71.2,71.2,71.16,71.16,11918
1726252800,71.17,71.22,71.17,71.2,12169
1726253400,71.21,71.28,71.2,71.27,11902
1726254000,71.26,71.33,71.25,71.31,16599
1726254600,71.315,71.4,71.3,71.355,20676
1726255200,71.35,71.38,71.32,71.34,19979
1726255800,71.34,71.365,71.3,71.365,31881
1726256400,71.36,71.4,71.33,71.365,34080
1726257000,71.37,71.46,71.33,71.42,119190
1726493400,71.86,72.22,71.81,72.13,59281
1726494000,72.11,72.19,72,72.19,31279
1726494600,72.19,72.24,72.065,72.07,24739
1726495200,72.1,72.12,71.81,71.92,40213
1726495800,71.91,71.925,71.75,71.775,18993
1726496400,71.76,71.865,71.73,71.76,14266
1726497000,71.76,71.81,71.73,71.76,17053
1726497600,71.74,71.88,71.64,71.85,21228
1726498200,71.84,71.84,71.75,71.81,9785
1726498800,71.81,71.9,71.75,71.9,13353
1726499400,71.89,71.89,71.77,71.79,16952
1726500000,71.79,71.79,71.62,71.64,22200
1726500600,71.65,71.75,71.64,71.75,9118
1726501200,71.75,71.84,71.73,71.82,14402
1726501800,71.82,71.845,71.78,71.815,8362
1726502400,71.81,71.81,71.74,71.75,9729
1726503000,71.76,71.89,71.755,71.83,13169
1726503600,71.83,71.95,71.83,71.94,6023
1726504200,71.93,72.04,71.9,72.04,14630
1726504800,72.04,72.1,72,72.1,11370
1726505400,72.095,72.095,72.025,72.05,11993
1726506000,72.04,72.07,72.02,72.02,8339
1726506600,72.03,72.1,72.03,72.1,7025
1726507200,72.11,72.14,72.08,72.11,8794
1726507800,72.12,72.12,72.01,72.045,15350
1726508400,72.05,72.09,71.97,72.01,7471
1726509000,72,72.02,71.93,72.01,8140
1726509600,72.01,72.07,71.98,72,7793
1726510200,72,72.03,71.99,72.01,8691
1726510800,72.015,72.05,72,72.05,8961
1726511400,72.05,72.12,72.05,72.07,13080
1726512000,72.06,72.07,72.01,72.03,10621
1726512600,72.03,72.04,72.01,72.03,9417
1726513200,72.035,72.095,72.02,72.09,22247
1726513800,72.09,72.115,72,72.01,11842
1726514400,72.01,72.045,71.98,72.035,12528
1726515000,72.04,72.065,71.995,71.995,20352
1726515600,71.995,72.03,71.99,71.99,28158
1726516200,72,72.15,71.955,72.11,99684
1726579800,71.89,72.21,71.85,71.98,35457
1726580400,72.01,72.04,71.95,72.01,10813
1726581000,72.035,72.035,71.83,71.89,15200
1726581600,71.9,72.16,71.89,72.14,19893
1726582200,72.14,72.24,72.13,72.24,15048
1726582800,72.245,72.3,72.15,72.16,20004
1726583400,72.16,72.19,72.11,72.13,11982
1726584000,72.135,72.14,72.08,72.14,8084
1726584600,72.15,72.29,72.15,72.24,17143
1726585200,72.25,72.35,72.245,72.33,14206
1726585800,72.34,72.34,72.24,72.28,8885
1726586400,72.26,72.3,72.21,72.225,9532
1726587000,72.23,72.31,72.19,72.19,14646
1726587600,72.2,72.2,72.045,72.08,8366
1726588200,72.07,72.15,72.05,72.08,8519
1726588800,72.07,72.07,71.99,72.02,7667
1726589400,72.025,72.03,71.96,71.99,7275
1726590000,71.99,72.09,71.99,72.02,23951
1726590600,72.02,72.04,71.95,71.96,21177
1726591200,71.97,72,71.895,71.91,9329
1726591800,71.91,71.96,71.83,71.895,9997
1726592400,71.9,71.95,71.87,71.94,14345
1726593000,71.93,71.98,71.89,71.96,14849
1726593600,71.95,71.99,71.93,71.94,6591
1726594200,71.91,71.92,71.86,71.86,6930
1726594800,71.86,71.89,71.775,71.88,9249
1726595400,71.89,71.95,71.88,71.93,9367
1726596000,71.93,71.98,71.9,71.98,7649
1726596600,71.97,72.01,71.96,71.98,5864
1726597200,71.975,71.995,71.91,71.94,7742
1726597800,71.94,71.96,71.93,71.96,11629
1726598400,71.95,71.95,71.81,71.82,12334
1726599000,71.82,71.895,71.82,71.895,8353
1726599600,71.9,71.9,71.78,71.805,6876
1726600200,71.81,71.845,71.78,71.81,14572
1726600800,71.815,71.84,71.78,71.84,12408
1726601400,71.84,71.855,71.77,71.79,15784
1726602000,71.79,71.87,71.78,71.78,24425
1726602600,71.79,71.82,71.725,71.8,71748
1726666200,71.935,72.34,71.77,72.3,71584
1726666800,72.28,72.38,72.03,72.03,27712
1726667400,72.025,72.13,72.01,72.13,13924
1726668000,72.12,72.26,72.1,72.22,24002
1726668600,72.21,72.25,72.11,72.13,12137
1726669200,72.115,72.23,72.115,72.18,11607
1726669800,72.16,72.16,72.005,72.01,12406
1726670400,72.005,72.1,71.985,72.07,17254
1726671000,72.07,72.09,72.035,72.045,11327
1726671600,72.05,72.13,72.035,72.12,13760
1726672200,72.12,72.13,72.07,72.1,13553
1726672800,72.11,72.12,72,72.02,14079
1726673400,72.02,72.075,71.995,72.075,10277
1726674000,72.075,72.23,72.075,72.205,11953
1726674600,72.2,72.26,72.2,72.26,11978
1726675200,72.26,72.28,72.125,72.125,11074
1726675800,72.13,72.15,72.115,72.14,9110
1726676400,72.145,72.22,72.13,72.22,9504
1726677000,72.21,72.26,72.18,72.18,14227
1726677600,72.19,72.25,72.18,72.22,9036
1726678200,72.22,72.225,72.19,72.2,9218
1726678800,72.205,72.24,72.17,72.22,6937
1726679400,72.21,72.24,72.19,72.23,8240
1726680000,72.225,72.225,72.155,72.2,6391
1726680600,72.19,72.21,72.14,72.16,12185
1726681200,72.17,72.18,72.13,72.13,8877
1726681800,72.13,72.13,72.015,72.03,15360
1726682400,72.02,72.25,71.89,71.94,74247
1726683000,71.95,71.95,71.825,71.84,27789
1726683600,71.84,71.85,71.63,71.66,20439
1726684200,71.655,71.67,71.38,71.38,42494
1726684800,71.37,71.58,71.28,71.57,39319
1726685400,71.58,71.68,71.54,71.54,26269
1726686000,71.54,71.85,71.505,71.825,36054
1726686600,71.83,71.97,71.82,71.88,29082
1726687200,71.89,71.96,71.75,71.87,27691
1726687800,71.87,71.89,71.72,71.82,28705
1726688400,71.82,71.83,71.66,71.69,41826
1726689000,71.68,71.8,71.66,71.765,93330
1726752600,71.63,71.94,71.54,71.57,60185
1726753200,71.56,71.62,71.505,71.51,39265
1726753800,71.51,71.52,71.165,71.26,46838
1726754400,71.27,71.61,71.27,71.43,89891
1726755000,71.45,71.49,71.19,71.21,105950
1726755600,71.21,71.29,71.11,71.23,70961
1726756200,71.22,71.44,71.22,71.33,27599
1726756800,71.32,71.33,71.18,71.18,22596
1726757400,71.18,71.2,71.1,71.13,16088
1726758000,71.14,71.15,71.02,71.05,23095
1726758600,71.045,71.05,70.84,70.85,21015
1726759200,70.85,70.88,70.74,70.77,11014
1726759800,70.78,70.825,70.615,70.695,46918
1726760400,70.69,70.81,70.68,70.74,17102
1726761000,70.735,70.82,70.72,70.755,23012
1726761600,70.76,70.85,70.715,70.72,22007
1726762200,70.71,70.81,70.68,70.76,24369
1726762800,70.76,70.77,70.7,70.7,7792
1726763400,70.69,70.81,70.69,70.7,15800
1726764000,70.705,70.75,70.7,70.72,11028
1726764600,70.71,70.73,70.66,70.69,15355
1726765200,70.7,70.75,70.68,70.745,11401
1726765800,70.74,70.82,70.7,70.78,12506
1726766400,70.79,70.81,70.74,70.765,15709
1726767000,70.77,70.845,70.76,70.795,12943
1726767600,70.795,70.85,70.79,70.8,15835
1726768200,70.8,70.825,70.74,70.74,12546
1726768800,70.75,70.78,70.73,70.73,16379
1726769400,70.73,70.735,70.615,70.67,22414
1726770000,70.68,70.72,70.65,70.72,22823
1726770600,70.72,70.78,70.72,70.775,14159
1726771200,70.78,70.82,70.77,70.77,16944
1726771800,70.77,70.8,70.74,70.79,17089
1726772400,70.8,70.83,70.74,70.755,19267
1726773000,70.76,70.86,70.76,70.81,18431
1726773600,70.81,70.9,70.81,70.83,23170
1726774200,70.84,70.84,70.695,70.74,31779
1726774800,70.735,70.77,70.695,70.73,39622
1726775400,70.73,70.75,70.6,70.63,171981
1726839000,70.41,70.75,70.36,70.74,57797
1726839600,70.72,70.88,70.67,70.76,32561
1726840200,70.77,70.82,70.66,70.755,35060
1726840800,70.75,70.77,70.66,70.7,14972
1726841400,70.71,70.76,70.62,70.67,16115
1726842000,70.67,70.74,70.58,70.59,8579
1726842600,70.6,70.78,70.6,70.76,29707
1726843200,70.77,70.91,70.75,70.825,36634
1726843800,70.82,70.91,70.81,70.87,23977
1726844400,70.87,71.04,70.82,70.99,45635
1726845000,70.98,71.05,70.89,70.98,28470
1726845600,70.97,71.06,70.96,71.045,29179
1726846200,71.04,71.1,71.02,71.06,35628
1726846800,71.055,71.13,71.03,71.075,27120
1726847400,71.08,71.08,70.9,70.9,14118
1726848000,70.9,70.92,70.775,70.78,7876
1726848600,70.77,70.81,70.735,70.81,12105
1726849200,70.81,70.83,70.715,70.815,13901
1726849800,70.82,70.95,70.82,70.92,9166
1726850400,70.92,70.985,70.9,70.98,6575
1726851000,70.99,70.99,70.91,70.955,7639
1726851600,70.96,71,70.95,70.98,7299
1726852200,70.99,71.17,70.99,71.16,9091
1726852800,71.17,71.22,71.13,71.22,14149
1726853400,71.23,71.25,71.15,71.185,10984
1726854000,71.18,71.37,71.18,71.35,14902
1726854600,71.36,71.36,71.24,71.29,10608
1726855200,71.29,71.295,71.16,71.16,16163
1726855800,71.16,71.21,71.08,71.18,16677
1726856400,71.17,71.17,71.1,71.1,8458
1726857000,71.1,71.17,71.09,71.16,13851
1726857600,71.15,71.17,71.1,71.165,15066
1726858200,71.17,71.26,71.13,71.26,20466
1726858800,71.255,71.305,71.125,71.15,31902
1726859400,71.16,71.22,71.15,71.21,29715
1726860000,71.215,71.27,71.195,71.215,30357
1726860600,71.215,71.42,71.215,71.38,55224
1726861200,71.38,71.52,71.37,71.51,96709
1726861800,71.52,71.74,71.51,71.63,397999
1727098200,71.52,71.62,71.18,71.54,103131
1727098800,71.54,71.69,71.5,71.52,43376
1727099400,71.56,71.72,71.51,71.52,40632
1727100000,71.525,71.98,71.52,71.89,53910
1727100600,71.9,72.13,71.9,72.13,34385
1727101200,72.13,72.16,72.055,72.065,14759
1727101800,72.04,72.12,72.03,72.09,19739
1727102400,72.09,72.1,72.015,72.03,19729
1727103000,72.02,72.16,71.96,72.11,42671
1727103600,72.115,72.185,72.08,72.08,25711
1727104200,72.085,72.18,72.08,72.16,20515
1727104800,72.165,72.2,72.055,72.085,24908
1727105400,72.085,72.12,71.925,71.925,17713
1727106000,71.93,71.94,71.86,71.9,16408
1727106600,71.9,71.915,71.76,71.8,15195
1727107200,71.795,71.97,71.765,71.97,11762
1727107800,71.97,71.99,71.9,71.96,10284
1727108400,71.96,72.015,71.955,71.99,7457
1727109000,72,72.025,71.875,71.895,16943
1727109600,71.89,71.89,71.77,71.8,9832
1727110200,71.79,71.79,71.735,71.74,13128
1727110800,71.74,71.74,71.685,71.705,7423
1727111400,71.71,71.74,71.695,71.725,8774
1727112000,71.73,71.755,71.685,71.75,13440
1727112600,71.745,71.76,71.69,71.705,7664
1727113200,71.71,71.745,71.7,71.73,6075
1727113800,71.735,71.745,71.695,71.715,7856
1727114400,71.71,71.72,71.66,71.695,8186
1727115000,71.695,71.735,71.68,71.73,11493
1727115600,71.74,71.745,71.68,71.7,8173
1727116200,71.7,71.71,71.64,71.68,9328
1727116800,71.685,71.7,71.64,71.64,6709
1727117400,71.645,71.69,71.64,71.64,8291
1727118000,71.64,71.65,71.59,71.595,19914
1727118600,71.6,71.625,71.585,71.595,10001
1727119200,71.595,71.6,71.53,71.59,17570
1727119800,71.59,71.655,71.58,71.635,15834
1727120400,71.63,71.7,71.625,71.65,25066
1727121000,71.66,71.76,71.65,71.71,111897
1727184600,71.22,71.3,70.6,71.23,138856
1727185200,71.21,71.34,71.21,71.29,40781
1727185800,71.28,71.37,71.15,71.22,80385
1727186400,71.22,71.405,71.18,71.21,63965
1727187000,71.22,71.22,71.03,71.19,46991
1727187600,71.2,71.41,71.1,71.395,26406
1727188200,71.41,71.655,71.4,71.63,24602
1727188800,71.64,71.805,71.64,71.73,30180
1727189400,71.73,71.815,71.685,71.715,31078
1727190000,71.72,71.72,71.65,71.66,28204
1727190600,71.67,71.7,71.46,71.46,23584
1727191200,71.46,71.48,71.27,71.36,26380
1727191800,71.36,71.36,71.275,71.275,10782
1727192400,71.275,71.275,71.17,71.2,28917
1727193000,71.19,71.27,71.07,71.27,34730
1727193600,71.275,71.275,71.155,71.245,14203
1727194200,71.24,71.32,71.235,71.32,9504
1727194800,71.33,71.35,71.28,71.29,6018
1727195400,71.285,71.35,71.245,71.35,8123
1727196000,71.36,71.37,71.28,71.29,5733
1727196600,71.29,71.29,71.235,71.27,7500
1727197200,71.26,71.33,71.255,71.33,8367
1727197800,71.32,71.36,71.3,71.36,7598
1727198400,71.36,71.37,71.305,71.36,8442
1727199000,71.355,71.385,71.295,71.36,13553
1727199600,71.355,71.36,71.32,71.34,5960
1727200200,71.34,71.39,71.34,71.36,8033
1727200800,71.37,71.385,71.305,71.37,10338
1727201400,71.365,71.44,71.36,71.44,9348
1727202000,71.435,71.44,71.405,71.42,9747
1727202600,71.42,71.42,71.37,71.41,10727
1727203200,71.42,71.46,71.39,71.39,8924
1727203800,71.39,71.415,71.375,71.39,12291
1727204400,71.39,71.425,71.375,71.42,10682
1727205000,71.41,71.44,71.4,71.42,12303
1727205600,71.41,71.46,71.41,71.42,8497
1727206200,71.41,71.45,71.33,71.33,18913
1727206800,71.335,71.37,71.315,71.315,21841
1727207400,71.31,71.37,71.215,71.33,148785
1727271000,71.69,71.92,71.58,71.71,56208
1727271600,71.72,71.81,71.62,71.63,21820
1727272200,71.63,71.65,71.49,71.55,17506
1727272800,71.54,71.55,71.47,71.47,14007
1727273400,71.48,71.59,71.47,71.49,24137
1727274000,71.48,71.58,71.46,71.57,16793
1727274600,71.56,71.56,71.33,71.37,15698
1727275200,71.36,71.39,71.305,71.36,14829
1727275800,71.355,71.44,71.31,71.4,19540
1727276400,71.41,71.485,71.41,71.47,10252
1727277000,71.47,71.56,71.47,71.55,9186
1727277600,71.54,71.62,71.53,71.615,14004
1727278200,71.62,71.62,71.51,71.535,9009
1727278800,71.54,71.57,71.51,71.57,7295
1727279400,71.58,71.625,71.55,71.57,16795
1727280000,71.57,71.625,71.515,71.62,10365
1727280600,71.615,71.65,71.55,71.59,7295
1727281200,71.595,71.6,71.54,71.6,11757
1727281800,71.59,71.62,71.545,71.55,8921
1727282400,71.56,71.57,71.52,71.56,13763
1727283000,71.56,71.57,71.5,71.54,18310
1727283600,71.54,71.57,71.505,71.54,11482
1727284200,71.55,71.59,71.535,71.55,6790
1727284800,71.54,71.57,71.51,71.515,11582
1727285400,71.51,71.53,71.46,71.5,13279
1727286000,71.49,71.525,71.46,71.51,11699
1727286600,71.51,71.58,71.51,71.58,8602
1727287200,71.58,71.58,71.51,71.52,5436
1727287800,71.52,71.57,71.49,71.56,9613
1727288400,71.565,71.61,71.545,71.61,8727
1727289000,71.61,71.705,71.59,71.7,12805
1727289600,71.7,71.75,71.645,71.67,13760
1727290200,71.67,71.72,71.66,71.7,8975
1727290800,71.7,71.72,71.65,71.65,8939
1727291400,71.65,71.67,71.61,71.62,15649
1727292000,71.615,71.64,71.6,71.64,11116
1727292600,71.65,71.66,71.585,71.6,21500
1727293200,71.59,71.64,71.57,71.625,21310
1727293800,71.63,71.63,71.4,71.455,108741
1727357400,70.73,71.36,70.73,70.93,95080
1727358000,70.93,71.21,70.85,71.16,36669
1727358600,71.14,71.23,71,71.01,25144
1727359200,71.02,71.06,70.95,70.98,34583
1727359800,70.98,71.24,70.98,71.15,34677
1727360400,71.14,71.21,71.1,71.18,13554
1727361000,71.19,71.42,71.15,71.37,22952
1727361600,71.365,71.42,71.29,71.39,7428
1727362200,71.39,71.57,71.375,71.49,24629
1727362800,71.5,71.61,71.355,71.37,22114
1727363400,71.37,71.4,71.28,71.31,15082
1727364000,71.3,71.325,71.19,71.28,25850
1727364600,71.275,71.28,71.16,71.24,11715
1727365200,71.25,71.25,71.12,71.15,9551
1727365800,71.13,71.145,71.07,71.08,11867
1727366400,71.07,71.14,71.04,71.14,18198
1727367000,71.15,71.205,71.135,71.205,8149
1727367600,71.205,71.25,71.17,71.17,8499
1727368200,71.16,71.21,71.16,71.19,6645
1727368800,71.19,71.24,71.175,71.185,9513
1727369400,71.19,71.26,71.185,71.25,8970
1727370000,71.25,71.31,71.24,71.26,8183
1727370600,71.265,71.35,71.23,71.35,9104
1727371200,71.35,71.39,71.345,71.38,10347
1727371800,71.39,71.43,71.39,71.41,9709
1727372400,71.41,71.45,71.31,71.32,14763
1727373000,71.32,71.32,71.22,71.27,11339
1727373600,71.28,71.33,71.26,71.33,9271
1727374200,71.33,71.38,71.29,71.32,17220
1727374800,71.33,71.34,71.26,71.26,8451
1727375400,71.26,71.32,71.25,71.31,8876
1727376000,71.31,71.35,71.31,71.35,6508
1727376600,71.34,71.35,71.29,71.32,6611
1727377200,71.32,71.335,71.305,71.31,11372
1727377800,71.3,71.3,71.25,71.265,12463
1727378400,71.265,71.265,71.165,71.255,20676
1727379000,71.25,71.255,71.175,71.235,18027
1727379600,71.24,71.4,71.225,71.375,37431
1727380200,71.39,71.52,71.34,71.37,168899
1727443800,71.58,71.98,71.46,71.95,39403
1727444400,71.92,71.95,71.8,71.81,24020
1727445000,71.805,71.97,71.78,71.88,10697
1727445600,71.89,71.96,71.79,71.87,23226
1727446200,71.875,71.95,71.81,71.94,31409
1727446800,71.925,72,71.845,71.98,25855
1727447400,71.98,72.1,71.96,72.06,23123
1727448000,72.06,72.06,71.91,71.95,17698
1727448600,71.94,72.1,71.94,72.09,19993
1727449200,72.07,72.17,72.025,72.16,18491
1727449800,72.155,72.2,72.135,72.18,25818
1727450400,72.175,72.2,72.11,72.115,14753
1727451000,72.12,72.14,72.01,72.02,28356
1727451600,72.02,72.06,71.97,71.97,11807
1727452200,71.98,72.02,71.885,71.9,16607
1727452800,71.9,71.915,71.8,71.81,11138
1727453400,71.83,71.91,71.82,71.84,11738
1727454000,71.84,71.85,71.72,71.72,12179
1727454600,71.72,71.73,71.67,71.685,11397
1727455200,71.685,71.695,71.64,71.64,11438
1727455800,71.63,71.665,71.615,71.65,7385
1727456400,71.66,71.725,71.64,71.69,16409
1727457000,71.695,71.765,71.655,71.72,9313
1727457600,71.72,71.79,71.7,71.78,10539
1727458200,71.785,71.85,71.78,71.84,12107
1727458800,71.845,71.875,71.81,71.875,10277
1727459400,71.87,71.87,71.73,71.73,7364
1727460000,71.725,71.77,71.715,71.76,9542
1727460600,71.77,71.77,71.73,71.76,8584
1727461200,71.77,71.815,71.76,71.81,10738
1727461800,71.82,71.83,71.73,71.79,15045
1727462400,71.78,71.89,71.765,71.89,14799
1727463000,71.89,71.9,71.805,71.88,15894
1727463600,71.88,71.92,71.875,71.875,13793
1727464200,71.88,71.96,71.85,71.93,17635
1727464800,71.94,71.95,71.865,71.88,20346
1727465400,71.88,71.99,71.87,71.92,20915
1727466000,71.92,71.93,71.83,71.92,24972
1727466600,71.91,71.99,71.76,71.78,144354
1727703000,72.1,72.13,71.78,71.865,54879
1727703600,71.89,71.95,71.7,71.72,10870
1727704200,71.72,71.96,71.7,71.95,15656
1727704800,71.95,72.17,71.88,72.14,29564
1727705400,72.135,72.135,71.9,72.04,17629
1727706000,72.04,72.07,72.005,72.04,7868
1727706600,72.04,72.1,71.97,72.07,20554
1727707200,72.07,72.195,72.04,72.18,17142
1727707800,72.18,72.2,72.11,72.11,13008
1727708400,72.12,72.14,71.96,72,10198
1727709000,72.01,72.01,71.92,71.93,9210
1727709600,71.93,71.95,71.805,71.825,7347
1727710200,71.84,71.95,71.84,71.89,6152
1727710800,71.9,71.91,71.815,71.815,8417
1727711400,71.82,71.87,71.805,71.85,8995
1727712000,71.845,71.885,71.83,71.84,8059
1727712600,71.85,71.87,71.8,71.81,6968
1727713200,71.81,71.82,71.795,71.8,6420
1727713800,71.8,71.8,71.695,71.79,6847
1727714400,71.79,71.79,71.73,71.73,3681
1727715000,71.73,71.815,71.705,71.785,3859
1727715600,71.79,71.92,71.79,71.92,5820
1727716200,71.92,71.92,71.86,71.89,8626
1727716800,71.89,71.89,71.85,71.875,6169
1727717400,71.87,71.925,71.835,71.86,12181
1727718000,71.86,71.91,71.85,71.85,6592
1727718600,71.86,71.88,71.795,71.83,12165
1727719200,71.83,71.84,71.79,71.83,10705
1727719800,71.84,71.905,71.82,71.82,15922
1727720400,71.81,71.815,71.69,71.79,20320
1727721000,71.77,71.86,71.735,71.8,26568
1727721600,71.8,71.85,71.775,71.785,12554
1727722200,71.79,71.82,71.76,71.78,15885
1727722800,71.77,71.79,71.715,71.77,14762
1727723400,71.77,71.88,71.76,71.87,17034
1727724000,71.87,71.88,71.765,71.785,25178
1727724600,71.785,71.95,71.78,71.94,33241
1727725200,71.93,72.05,71.93,72.03,52604
1727725800,72.03,72.05,71.83,71.86,193799
1727789400,72.11,72.22,71.92,72.21,43551
1727790000,72.19,72.405,72.07,72.27,49047
1727790600,72.28,72.38,72.25,72.34,31236
1727791200,72.33,72.47,72.2,72.34,45001
1727791800,72.32,72.61,72.31,72.61,42411
1727792400,72.59,72.66,72.535,72.635,32660
1727793000,72.64,72.75,72.62,72.67,33543
1727793600,72.68,72.73,72.51,72.51,27634
1727794200,72.51,72.53,72.31,72.32,30432
1727794800,72.32,72.36,72.22,72.26,22455
1727795400,72.26,72.28,72.21,72.23,15414
1727796000,72.24,72.305,72.19,72.27,18583
1727796600,72.27,72.32,72.185,72.28,21807
1727797200,72.28,72.33,72.225,72.24,17763
1727797800,72.235,72.29,72.19,72.23,12004
1727798400,72.22,72.22,72,72,10554
1727799000,72,72.04,71.88,71.91,16837
1727799600,71.92,71.97,71.84,71.85,14401
1727800200,71.84,71.9,71.75,71.77,42055
1727800800,71.77,71.815,71.71,71.78,15677
1727801400,71.78,71.87,71.73,71.79,13944
1727802000,71.78,71.79,71.7,71.73,23989
1727802600,71.725,71.76,71.68,71.715,11193
1727803200,71.74,71.75,71.635,71.67,11652
1727803800,71.66,71.78,71.66,71.7,16565
1727804400,71.7,71.76,71.685,71.69,14966
1727805000,71.69,71.8,71.68,71.76,16633
1727805600,71.76,71.84,71.76,71.81,12577
1727806200,71.81,71.85,71.775,71.82,14940
1727806800,71.82,71.84,71.78,71.82,14171
1727807400,71.83,71.88,71.825,71.86,10426
1727808000,71.865,71.91,71.835,71.84,12015
1727808600,71.835,71.87,71.815,71.85,22796
1727809200,71.85,71.87,71.73,71.75,18566
1727809800,71.745,71.75,71.67,71.71,10792
1727810400,71.72,71.79,71.72,71.76,12890
1727811000,71.76,71.86,71.74,71.83,18118
1727811600,71.84,71.87,71.74,71.76,30288
1727812200,71.76,71.765,71.63,71.72,96736
1727875800,71.41,71.41,70.465,70.7,97477
1727876400,70.72,70.91,70.56,70.82,26394
1727877000,70.82,70.92,70.72,70.72,32851
1727877600,70.72,70.73,70.41,70.45,51941
1727878200,70.46,70.57,70.42,70.545,27605
1727878800,70.55,70.68,70.505,70.615,23710
1727879400,70.62,70.775,70.585,70.76,29693
1727880000,70.75,70.86,70.75,70.85,30736
1727880600,70.85,70.91,70.8,70.86,13540
1727881200,70.85,70.85,70.7,70.73,18058
1727881800,70.73,70.75,70.65,70.75,13260
1727882400,70.74,70.86,70.69,70.86,14678
1727883000,70.86,70.9,70.83,70.85,8180
1727883600,70.85,70.94,70.82,70.94,8787
1727884200,70.94,70.95,70.885,70.89,10416
1727884800,70.89,70.89,70.795,70.83,15584
1727885400,70.84,70.86,70.78,70.8,12474
1727886000,70.79,70.88,70.78,70.88,7098
1727886600,70.88,70.88,70.8,70.88,8397
1727887200,70.88,70.96,70.86,70.93,8808
1727887800,70.925,70.93,70.86,70.87,7914
1727888400,70.875,70.905,70.85,70.865,9773
1727889000,70.87,70.88,70.8,70.835,12235
1727889600,70.835,70.85,70.78,70.8,25067
1727890200,70.805,70.905,70.78,70.9,11876
1727890800,70.9,70.99,70.895,70.99,8102
1727891400,70.985,70.99,70.94,70.95,13490
1727892000,70.96,71.02,70.96,70.97,14789
1727892600,70.97,71,70.93,70.94,14704
1727893200,70.93,70.935,70.82,70.85,14208
1727893800,70.85,70.87,70.8,70.815,14106
1727894400,70.82,70.85,70.81,70.83,7193
1727895000,70.83,70.88,70.82,70.82,8220
1727895600,70.83,70.9,70.82,70.89,16614
1727896200,70.9,70.98,70.895,70.97,12614
1727896800,70.97,70.985,70.94,70.95,11258
1727897400,70.95,70.95,70.82,70.86,22399
1727898000,70.86,70.92,70.84,70.87,33759
1727898600,70.87,71.01,70.86,71.01,125676
1727962200,70.91,70.99,70.72,70.77,31188
1727962800,70.78,70.78,70.3,70.33,47883
1727963400,70.335,70.37,70.2,70.28,32039
1727964000,70.29,70.41,70.215,70.35,45598
1727964600,70.36,70.57,70.36,70.46,25423
1727965200,70.46,70.49,70.365,70.37,27205
1727965800,70.37,70.47,70.305,70.47,22382
1727966400,70.47,70.47,70.3,70.41,14578
1727967000,70.4,70.445,70.345,70.345,13610
1727967600,70.34,70.43,70.285,70.38,10982
1727968200,70.39,70.45,70.37,70.44,10498
1727968800,70.44,70.45,70.35,70.39,8893
1727969400,70.39,70.52,70.39,70.48,8734
1727970000,70.48,70.58,70.48,70.56,7265
1727970600,70.56,70.595,70.52,70.53,6285
1727971200,70.535,70.59,70.525,70.53,5489
1727971800,70.53,70.61,70.525,70.54,7249
1727972400,70.545,70.58,70.5,70.505,8973
1727973000,70.5,70.51,70.46,70.46,11570
1727973600,70.46,70.46,70.37,70.375,9513
1727974200,70.365,70.43,70.34,70.425,8754
1727974800,70.42,70.43,70.38,70.38,7026
1727975400,70.37,70.405,70.36,70.38,6775
1727976000,70.37,70.435,70.35,70.395,10936
1727976600,70.4,70.43,70.4,70.42,5188
1727977200,70.415,70.415,70.33,70.4,15509
1727977800,70.39,70.39,70.33,70.37,13593
1727978400,70.365,70.4,70.33,70.38,9417
1727979000,70.39,70.48,70.39,70.47,5297
1727979600,70.465,70.52,70.445,70.5,7297
1727980200,70.49,70.55,70.48,70.515,7003
1727980800,70.515,70.53,70.5,70.53,6341
1727981400,70.525,70.58,70.51,70.51,10093
1727982000,70.5,70.5,70.435,70.475,11953
1727982600,70.47,70.47,70.415,70.44,10644
1727983200,70.44,70.485,70.405,70.485,21982
1727983800,70.48,70.545,70.47,70.54,14823
1727984400,70.54,70.57,70.52,70.52,32139
1727985000,70.52,70.57,70.45,70.5,81428
1728048600,69.94,70.08,69.74,69.895,67231
1728049200,69.895,69.93,69.75,69.76,32410
1728049800,69.77,69.92,69.72,69.81,36006
1728050400,69.8,69.99,69.8,69.97,29397
1728051000,69.96,69.97,69.8,69.86,19813
1728051600,69.86,69.87,69.73,69.865,23257
1728052200,69.865,69.97,69.82,69.91,59215
1728052800,69.915,70.04,69.9,69.995,16294
1728053400,70,70.08,70,70.04,10771
1728054000,70.05,70.09,69.98,70.09,15825
1728054600,70.085,70.13,70.07,70.08,9744
1728055200,70.07,70.07,69.98,70.02,13457
1728055800,70.02,70.12,69.98,70.12,23561
1728056400,70.13,70.145,70.02,70.02,7189
1728057000,70.03,70.07,69.99,70.01,10343
1728057600,70.03,70.14,70.03,70.09,8545
1728058200,70.09,70.13,70.06,70.105,8723
1728058800,70.11,70.15,70.04,70.05,14020
1728059400,70.045,70.23,70.015,70.19,10566
1728060000,70.21,70.28,70.19,70.2,7461
1728060600,70.21,70.22,70.13,70.22,6458
1728061200,70.21,70.23,70.11,70.11,6418
1728061800,70.09,70.15,70.09,70.12,22744
1728062400,70.13,70.17,70.09,70.15,14613
1728063000,70.14,70.15,70.04,70.08,12963
1728063600,70.09,70.18,70.085,70.09,16008
1728064200,70.09,70.09,70.02,70.04,9968
1728064800,70.04,70.07,70.01,70.02,8460
1728065400,70.02,70.02,69.96,70.01,15647
1728066000,70,70.025,69.98,70.005,24921
1728066600,70.005,70.02,69.98,70.005,12686
1728067200,70.005,70.02,69.985,70.005,15146
1728067800,70.01,70.04,69.99,70,15415
1728068400,70.01,70.01,69.91,69.92,16029
1728069000,69.92,69.96,69.9,69.92,14817
1728069600,69.92,69.92,69.825,69.83,43793
1728070200,69.825,69.92,69.78,69.91,43576
1728070800,69.91,70.02,69.91,70,32843
1728071400,70,70.18,69.95,70.15,142242
1728307800,70.04,70.09,69.37,69.56,94045
1728308400,69.57,69.66,69.47,69.58,41326
1728309000,69.585,69.76,69.57,69.65,21378
1728309600,69.64,69.71,69.52,69.62,32420
1728310200,69.63,69.68,69.545,69.67,21266
1728310800,69.67,69.68,69.535,69.58,18286
1728311400,69.58,69.67,69.53,69.54,14163
1728312000,69.54,69.55,69.41,69.415,30168
1728312600,69.42,69.48,69.37,69.44,28876
1728313200,69.45,69.56,69.385,69.54,28650
1728313800,69.535,69.56,69.44,69.5,25431
1728314400,69.5,69.54,69.41,69.44,10106
1728315000,69.44,69.465,69.35,69.46,14947
1728315600,69.46,69.48,69.4,69.46,5008
1728316200,69.45,69.46,69.4,69.41,8344
1728316800,69.4,69.45,69.4,69.445,10211
1728317400,69.44,69.48,69.35,69.35,13171
1728318000,69.355,69.38,69.33,69.33,8075
1728318600,69.33,69.33,69.205,69.27,42530
1728319200,69.28,69.34,69.25,69.31,14316
1728319800,69.32,69.34,69.23,69.24,11682
1728320400,69.23,69.26,69.19,69.22,18804
1728321000,69.23,69.33,69.23,69.3,14939
1728321600,69.3,69.36,69.21,69.28,14146
1728322200,69.28,69.33,69.255,69.29,11151
1728322800,69.29,69.29,69.225,69.25,6725
1728323400,69.24,69.25,69.2,69.25,12069
1728324000,69.25,69.31,69.22,69.25,14691
1728324600,69.24,69.27,69.23,69.24,20146
1728325200,69.24,69.28,69.18,69.2,26194
1728325800,69.2,69.23,69.09,69.12,43118
1728326400,69.13,69.14,69.025,69.04,46255
1728327000,69.03,69.04,68.95,68.99,54784
1728327600,69,69,68.91,68.97,39087
1728328200,68.97,69.06,68.96,69.02,42583
1728328800,69.01,69.06,68.985,69.05,28546
1728329400,69.055,69.07,68.95,69.02,43077
1728330000,69.025,69.03,68.91,68.97,51751
1728330600,68.96,69.02,68.87,69.01,150605
1728394200,69.1,69.43,69,69.32,42288
1728394800,69.33,69.33,69.13,69.21,25832
1728395400,69.21,69.24,69.08,69.08,17386
1728396000,69.07,69.14,68.97,68.99,52614
1728396600,68.99,69,68.89,68.97,27940
1728397200,68.975,69.1,68.95,69.03,17726
1728397800,69.02,69.06,68.91,68.98,19792
1728398400,68.99,69.02,68.93,68.94,27433
1728399000,68.95,69.05,68.93,69.02,17175
1728399600,69.03,69.11,69.015,69.035,20870
1728400200,69.05,69.17,69.05,69.15,18449
1728400800,69.14,69.15,69.105,69.15,10741
1728401400,69.155,69.205,69.155,69.18,9887
1728402000,69.175,69.185,69.145,69.16,10878
1728402600,69.165,69.175,69.085,69.105,10024
1728403200,69.1,69.19,69.1,69.14,9845
1728403800,69.14,69.16,69.065,69.08,8758
1728404400,69.08,69.15,69.08,69.14,8146
1728405000,69.14,69.155,69.105,69.14,12026
1728405600,69.135,69.14,68.98,69,15012
1728406200,68.99,69,68.935,68.94,17547
1728406800,68.94,68.99,68.86,68.86,20349
1728407400,68.865,68.955,68.865,68.93,14552
1728408000,68.92,69.02,68.885,69.02,29601
1728408600,69.02,69.02,68.95,68.965,11411
1728409200,68.965,69.02,68.96,68.97,17029
1728409800,68.96,69,68.935,68.965,18658
1728410400,68.97,69.05,68.97,69.03,16653
1728411000,69.04,69.08,69.02,69.06,17504
1728411600,69.065,69.08,69.02,69.05,14675
1728412200,69.06,69.14,69.055,69.12,32402
1728412800,69.12,69.12,69.04,69.06,14644
1728413400,69.07,69.07,68.995,69.01,41850
1728414000,69,69.04,68.97,68.99,38082
1728414600,68.985,69.03,68.985,69.015,35226
1728415200,69.015,69.06,69,69.01,38303
1728415800,69,69.12,68.99,69.095,47307
1728416400,69.1,69.27,69.09,69.22,69718
1728417000,69.22,69.24,69.14,69.15,176848
1728480600,69.2,69.5,69.07,69.48,20805
1728481200,69.495,69.63,69.47,69.62,31637
1728481800,69.6,69.7,69.6,69.65,17659
1728482400,69.65,69.66,69.45,69.49,20780
1728483000,69.485,69.52,69.28,69.3,12450
1728483600,69.31,69.38,69.295,69.33,12780
1728484200,69.33,69.36,69.21,69.35,13416
1728484800,69.35,69.36,69.275,69.31,14426
1728485400,69.31,69.5,69.3,69.49,16307
1728486000,69.48,69.56,69.45,69.53,14930
1728486600,69.52,69.55,69.485,69.515,6958
1728487200,69.51,69.56,69.51,69.53,9839
1728487800,69.53,69.6,69.52,69.59,9334
1728488400,69.59,69.68,69.56,69.65,24467
1728489000,69.64,69.69,69.635,69.675,12688
1728489600,69.675,69.74,69.665,69.7,6829
1728490200,69.7,69.71,69.655,69.66,6655
1728490800,69.66,69.67,69.525,69.53,6716
1728491400,69.53,69.56,69.505,69.51,8435
1728492000,69.515,69.555,69.5,69.53,7589
1728492600,69.53,69.54,69.455,69.495,13630
1728493200,69.5,69.5,69.46,69.475,4957
1728493800,69.47,69.54,69.465,69.54,6522
1728494400,69.53,69.53,69.49,69.49,8374
1728495000,69.485,69.485,69.415,69.44,10747
1728495600,69.44,69.46,69.36,69.36,8934
1728496200,69.36,69.38,69.3,69.31,12839
1728496800,69.31,69.39,69.3,69.37,7884
1728497400,69.37,69.425,69.35,69.4,6579
1728498000,69.4,69.415,69.36,69.37,7841
1728498600,69.36,69.46,69.36,69.45,8861
1728499200,69.45,69.48,69.42,69.475,4593
1728499800,69.47,69.48,69.39,69.435,8034
1728500400,69.43,69.47,69.4,69.47,5925
1728501000,69.46,69.5,69.43,69.5,4305
1728501600,69.5,69.56,69.48,69.56,6526
1728502200,69.56,69.63,69.54,69.6,8960
1728502800,69.6,69.625,69.54,69.61,14500
1728503400,69.61,69.645,69.55,69.565,54242
1728567000,69.77,69.91,69.4,69.45,33243
1728567600,69.45,69.63,69.41,69.63,22585
1728568200,69.64,69.66,69.35,69.36,22932
1728568800,69.37,69.55,69.33,69.46,15400
1728569400,69.45,69.45,69.28,69.29,16194
1728570000,69.29,69.33,69.17,69.22,12825
1728570600,69.21,69.36,69.21,69.305,9681
1728571200,69.31,69.32,69.19,69.22,17359
1728571800,69.21,69.29,69.17,69.23,7430
1728572400,69.235,69.33,69.235,69.32,9348
1728573000,69.33,69.37,69.3,69.35,9000
1728573600,69.35,69.375,69.3,69.32,7055
1728574200,69.32,69.32,69.24,69.27,8258
1728574800,69.28,69.32,69.24,69.24,7713
1728575400,69.25,69.28,69.22,69.26,5736
1728576000,69.26,69.27,69.2,69.27,8172
1728576600,69.27,69.3,69.245,69.27,6994
1728577200,69.28,69.325,69.27,69.31,4578
1728577800,69.32,69.34,69.24,69.27,5770
1728578400,69.27,69.27,69.16,69.17,12083
1728579000,69.18,69.21,69.17,69.17,5076
1728579600,69.165,69.205,69.13,69.16,13032
1728580200,69.16,69.22,69.16,69.2,4946
1728580800,69.21,69.25,69.185,69.2,4234
1728581400,69.21,69.255,69.2,69.255,10892
1728582000,69.25,69.28,69.25,69.28,7783
1728582600,69.28,69.28,69.19,69.255,6050
1728583200,69.25,69.25,69.155,69.19,4516
1728583800,69.19,69.2,69.155,69.16,9834
1728584400,69.17,69.22,69.17,69.17,3366
1728585000,69.17,69.17,69.13,69.16,8692
1728585600,69.16,69.16,69.1,69.11,8986
1728586200,69.11,69.11,69.03,69.03,17484
1728586800,69.03,69.065,69.01,69.05,23325
1728587400,69.05,69.055,69.025,69.04,17330
1728588000,69.045,69.05,68.99,69.015,19585
1728588600,69.02,69.12,69.015,69.1,38157
1728589200,69.11,69.14,69.07,69.1,21383
1728589800,69.1,69.265,69.09,69.24,77474
1728653400,69.4,69.49,69.22,69.43,22878
1728654000,69.43,69.46,69.27,69.28,28406
1728654600,69.29,69.3,69.04,69.06,16312
1728655200,69.06,69.27,69,69.19,20460
1728655800,69.21,69.37,69.205,69.36,11678
1728656400,69.36,69.42,69.33,69.39,10306
1728657000,69.39,69.39,69.28,69.28,14831
1728657600,69.285,69.3,69.255,69.29,14274
1728658200,69.29,69.33,69.24,69.24,12825
1728658800,69.245,69.25,69.175,69.23,11983
1728659400,69.23,69.34,69.23,69.315,8841
1728660000,69.32,69.34,69.3,69.315,11570
1728660600,69.32,69.465,69.31,69.45,10073
1728661200,69.455,69.455,69.36,69.36,7837
1728661800,69.36,69.37,69.33,69.37,10043
1728662400,69.38,69.42,69.305,69.305,8495
1728663000,69.31,69.33,69.27,69.27,5709
1728663600,69.28,69.35,69.28,69.31,7665
1728664200,69.315,69.33,69.27,69.27,5354
1728664800,69.27,69.285,69.225,69.27,9356
1728665400,69.28,69.315,69.26,69.29,5536
1728666000,69.3,69.34,69.26,69.29,7569
1728666600,69.29,69.36,69.29,69.35,6434
1728667200,69.36,69.37,69.32,69.34,5632
1728667800,69.34,69.4,69.32,69.395,6528
1728668400,69.4,69.44,69.385,69.39,7401
1728669000,69.39,69.4,69.36,69.36,5791
1728669600,69.36,69.45,69.355,69.41,12233
1728670200,69.42,69.485,69.42,69.47,13923
1728670800,69.465,69.465,69.43,69.45,8872
1728671400,69.445,69.455,69.4,69.43,8946
1728672000,69.44,69.51,69.43,69.48,12857
1728672600,69.485,69.53,69.47,69.52,11034
1728673200,69.515,69.595,69.5,69.56,15867
1728673800,69.57,69.59,69.545,69.56,16867
1728674400,69.565,69.57,69.51,69.52,17775
1728675000,69.51,69.54,69.485,69.505,21360
1728675600,69.505,69.51,69.44,69.47,29438
1728676200,69.48,69.58,69.475,69.57,89615
1728912600,69.48,69.76,69.47,69.72,24558
1728913200,69.72,69.74,69.61,69.74,19194
1728913800,69.74,69.755,69.66,69.7,14130
1728914400,69.71,69.74,69.63,69.72,26725
1728915000,69.71,69.94,69.7,69.92,13873
1728915600,69.93,69.95,69.89,69.89,11984
1728916200,69.9,69.96,69.86,69.87,11218
1728916800,69.87,69.895,69.855,69.86,8208
1728917400,69.87,69.89,69.845,69.86,8683
1728918000,69.85,69.97,69.845,69.95,10685
1728918600,69.95,69.99,69.93,69.965,9356
1728919200,69.965,69.97,69.91,69.92,8520
1728919800,69.92,69.94,69.86,69.89,10438
1728920400,69.9,69.985,69.89,69.94,9857
1728921000,69.945,70.07,69.93,70.07,12041
1728921600,70.07,70.115,70.05,70.06,6121
1728922200,70.06,70.12,70.055,70.06,4979
1728922800,70.07,70.135,70.05,70.125,12058
1728923400,70.125,70.2,70.12,70.17,7555
1728924000,70.17,70.175,70.1,70.12,9925
1728924600,70.12,70.235,70.11,70.235,8782
1728925200,70.23,70.255,70.195,70.195,7289
1728925800,70.2,70.23,70.18,70.23,5920
1728926400,70.23,70.245,70.2,70.23,5485
1728927000,70.22,70.235,70.19,70.2,8693
1728927600,70.205,70.205,70.15,70.15,4548
1728928200,70.16,70.175,70.15,70.165,8161
1728928800,70.16,70.22,70.145,70.2,9902
1728929400,70.21,70.255,70.19,70.24,10202
1728930000,70.25,70.295,70.25,70.28,8367
1728930600,70.28,70.31,70.26,70.305,7400
1728931200,70.31,70.315,70.25,70.265,10453
1728931800,70.27,70.295,70.27,70.285,6438
1728932400,70.29,70.315,70.26,70.27,9257
1728933000,70.27,70.28,70.235,70.275,11475
1728933600,70.27,70.335,70.27,70.32,13638
1728934200,70.32,70.375,70.315,70.35,14654
1728934800,70.35,70.435,70.35,70.42,22546
1728935400,70.43,70.47,70.34,70.355,122204
1728999000,70.46,70.65,70.38,70.45,30699
1728999600,70.45,70.47,70.29,70.34,17900
1729000200,70.34,70.4,70.22,70.3,17883
1729000800,70.29,70.39,70.155,70.2,14920
1729001400,70.21,70.71,70.21,70.69,21278
1729002000,70.7,70.75,70.575,70.7,13944
1729002600,70.72,71.15,70.72,71.13,65851
1729003200,71.13,71.21,70.77,70.77,36389
1729003800,70.75,70.76,70.66,70.7,20933
1729004400,70.695,70.915,70.695,70.915,15412
1729005000,70.92,70.935,70.76,70.77,11704
1729005600,70.77,70.85,70.75,70.85,13161
1729006200,70.85,70.87,70.68,70.8,12020
1729006800,70.79,70.84,70.73,70.74,9583
1729007400,70.73,70.79,70.67,70.78,7530
1729008000,70.78,70.82,70.74,70.76,13056
1729008600,70.77,70.78,70.68,70.71,13526
1729009200,70.72,70.73,70.69,70.69,5325
1729009800,70.68,70.68,70.62,70.655,7636
1729010400,70.65,70.65,70.56,70.6,13173
1729011000,70.6,70.63,70.58,70.595,5877
1729011600,70.61,70.645,70.57,70.585,8724
1729012200,70.58,70.59,70.55,70.565,4732
1729012800,70.57,70.61,70.555,70.595,4888
1729013400,70.57,70.58,70.53,70.56,8373
1729014000,70.565,70.61,70.52,70.58,8329
1729014600,70.58,70.59,70.51,70.55,16174
1729015200,70.54,70.57,70.44,70.46,22520
1729015800,70.465,70.49,70.44,70.46,5726
1729016400,70.46,70.51,70.425,70.5,17168
1729017000,70.5,70.54,70.47,70.48,11607
1729017600,70.48,70.48,70.4,70.42,11346
1729018200,70.41,70.48,70.37,70.47,16911
1729018800,70.47,70.48,70.38,70.385,13141
1729019400,70.385,70.435,70.345,70.4,12478
1729020000,70.4,70.42,70.37,70.37,14297
1729020600,70.38,70.51,70.38,70.475,17887
1729021200,70.48,70.49,70.43,70.48,20115
1729021800,70.47,70.5,70.305,70.35,115714
1729085400,70.1,70.25,69.97,70.16,24794
1729086000,70.16,70.29,70.07,70.2,9649
1729086600,70.2,70.34,70.2,70.32,14050
1729087200,70.33,70.57,70.32,70.56,17793
1729087800,70.55,70.57,70.42,70.57,15799
1729088400,70.57,70.57,70.45,70.48,9016
1729089000,70.47,70.7,70.45,70.68,22401
1729089600,70.68,70.69,70.55,70.58,17086
1729090200,70.59,70.63,70.52,70.61,18611
1729090800,70.61,70.63,70.48,70.5,11628
1729091400,70.49,70.56,70.48,70.53,11870
1729092000,70.54,70.57,70.48,70.5,12087
1729092600,70.495,70.53,70.46,70.51,10060
1729093200,70.53,70.56,70.5,70.51,9590
1729093800,70.5,70.53,70.43,70.49,19851
1729094400,70.49,70.52,70.44,70.465,29742
1729095000,70.465,70.52,70.45,70.51,33190
1729095600,70.51,70.51,70.45,70.49,10129
1729096200,70.49,70.58,70.49,70.555,7563
1729096800,70.56,70.56,70.49,70.5,6264
1729097400,70.495,70.53,70.49,70.51,9992
1729098000,70.51,70.55,70.495,70.495,8084
1729098600,70.495,70.54,70.47,70.47,3885
1729099200,70.48,70.5,70.47,70.49,5223
1729099800,70.48,70.48,70.36,70.43,14202
1729100400,70.42,70.44,70.4,70.415,5287
1729101000,70.42,70.45,70.4,70.44,8591
1729101600,70.44,70.5,70.43,70.45,5890
1729102200,70.45,70.51,70.45,70.49,5714
1729102800,70.5,70.59,70.495,70.53,7789
1729103400,70.53,70.6,70.53,70.535,12031
1729104000,70.53,70.535,70.5,70.5,8036
1729104600,70.49,70.515,70.465,70.51,9105
1729105200,70.52,70.525,70.48,70.5,11282
1729105800,70.505,70.52,70.49,70.495,8907
1729106400,70.495,70.5,70.42,70.45,26638
1729107000,70.445,70.545,70.44,70.535,11628
1729107600,70.53,70.575,70.53,70.56,22001
1729108200,70.57,70.6,70.475,70.54,82423
1729171800,70.66,70.69,70.17,70.2,39681
1729172400,70.19,70.2,70.05,70.16,20752
1729173000,70.15,70.27,70.13,70.2,18954
1729173600,70.21,70.25,70.08,70.24,16989
1729174200,70.23,70.35,70.22,70.22,16284
1729174800,70.22,70.25,70.18,70.22,7115
1729175400,70.22,70.27,70.105,70.11,15927
1729176000,70.12,70.165,70.08,70.115,14981
1729176600,70.115,70.12,70,70,18199
1729177200,70.01,70.02,69.87,69.94,19745
1729177800,69.94,69.98,69.91,69.96,17955
1729178400,69.96,69.97,69.89,69.94,17071
1729179000,69.945,69.99,69.88,69.9,18019
1729179600,69.89,69.89,69.75,69.76,28153
1729180200,69.765,69.805,69.72,69.725,17794
1729180800,69.73,69.75,69.68,69.68,16105
1729181400,69.69,69.755,69.66,69.725,32552
1729182000,69.725,69.8,69.71,69.77,14560
1729182600,69.78,69.8,69.74,69.76,17760
1729183200,69.76,69.79,69.72,69.73,11843
1729183800,69.72,69.8,69.72,69.79,12230
1729184400,69.79,69.795,69.68,69.68,14950
1729185000,69.69,69.7,69.62,69.645,17226
1729185600,69.65,69.66,69.59,69.615,13853
1729186200,69.61,69.66,69.585,69.64,16247
1729186800,69.645,69.66,69.635,69.65,14057
1729187400,69.65,69.78,69.645,69.76,12016
1729188000,69.76,69.76,69.6,69.62,17800
1729188600,69.61,69.67,69.59,69.63,17153
1729189200,69.63,69.825,69.63,69.75,10541
1729189800,69.75,69.81,69.75,69.8,7060
1729190400,69.8,69.83,69.785,69.8,8848
1729191000,69.805,69.86,69.805,69.825,7714
1729191600,69.83,69.855,69.78,69.8,12801
1729192200,69.79,69.82,69.785,69.8,10493
1729192800,69.8,69.81,69.765,69.8,11067
1729193400,69.805,69.875,69.785,69.85,18793
1729194000,69.85,69.87,69.79,69.83,28428
1729194600,69.83,69.91,69.805,69.88,67134
1729258200,69.88,70.035,69.61,69.63,40259
1729258800,69.62,70.03,69.61,70,24149
1729259400,69.99,70.03,69.9,69.94,13841
1729260000,69.94,70.16,69.895,70.155,28123
1729260600,70.15,70.18,70.055,70.13,20060
1729261200,70.12,70.18,70.07,70.1,20236
1729261800,70.1,70.195,70.08,70.185,8837
1729262400,70.19,70.22,70.13,70.17,11395
1729263000,70.18,70.34,70.18,70.3,9351
1729263600,70.29,70.36,70.27,70.33,18809
1729264200,70.33,70.385,70.25,70.3,16605
1729264800,70.31,70.365,70.28,70.34,12786
1729265400,70.34,70.365,70.31,70.36,4404
1729266000,70.36,70.36,70.27,70.325,9378
1729266600,70.33,70.335,70.265,70.3,12860
1729267200,70.3,70.315,70.255,70.31,14403
1729267800,70.31,70.38,70.305,70.38,8576
1729268400,70.37,70.385,70.33,70.37,6292
1729269000,70.38,70.4,70.35,70.4,11535
1729269600,70.405,70.43,70.355,70.36,16082
1729270200,70.37,70.47,70.37,70.425,12548
1729270800,70.43,70.49,70.425,70.47,9114
1729271400,70.465,70.54,70.46,70.51,13688
1729272000,70.515,70.54,70.48,70.485,3847
1729272600,70.48,70.52,70.46,70.46,5155
1729273200,70.46,70.46,70.37,70.38,3625
1729273800,70.375,70.415,70.37,70.38,5883
1729274400,70.38,70.39,70.315,70.37,10347
1729275000,70.37,70.38,70.345,70.36,8117
1729275600,70.36,70.46,70.36,70.43,10739
1729276200,70.43,70.44,70.4,70.4,4216
1729276800,70.4,70.435,70.4,70.43,4244
1729277400,70.44,70.45,70.38,70.38,14965
1729278000,70.38,70.39,70.3,70.31,10010
1729278600,70.31,70.32,70.28,70.29,12078
1729279200,70.29,70.29,70.24,70.26,11520
1729279800,70.25,70.345,70.225,70.34,20741
1729280400,70.34,70.36,70.285,70.325,19044
1729281000,70.33,70.47,70.325,70.42,70743
1729517400,69.81,70.33,69.81,70.19,42262
1729518000,70.19,70.215,70.12,70.15,13234
1729518600,70.15,70.17,70.06,70.08,17420
1729519200,70.09,70.11,69.92,69.94,40788
1729519800,69.95,69.97,69.8,69.88,55011
1729520400,69.88,69.9,69.79,69.81,35501
1729521000,69.82,69.86,69.71,69.83,46537
1729521600,69.835,69.94,69.83,69.87,22948
1729522200,69.87,69.875,69.71,69.79,23453
1729522800,69.78,69.8,69.55,69.57,36699
1729523400,69.57,69.63,69.525,69.62,73451
1729524000,69.61,69.67,69.535,69.56,30143
1729524600,69.565,69.57,69.435,69.44,26658
1729525200,69.44,69.54,69.435,69.535,12827
1729525800,69.54,69.55,69.45,69.48,32616
1729526400,69.49,69.55,69.48,69.54,32122
1729527000,69.54,69.55,69.51,69.545,16925
1729527600,69.545,69.67,69.545,69.67,16216
1729528200,69.68,69.68,69.58,69.61,18908
1729528800,69.61,69.62,69.59,69.62,5433
1729529400,69.62,69.68,69.62,69.68,14920
1729530000,69.68,69.74,69.675,69.715,32817
1729530600,69.715,69.73,69.68,69.695,4171
1729531200,69.695,69.72,69.65,69.65,10721
1729531800,69.65,69.655,69.61,69.615,5140
1729532400,69.62,69.685,69.62,69.66,5765
1729533000,69.66,69.665,69.615,69.625,6812
1729533600,69.62,69.7,69.6,69.695,8342
1729534200,69.7,69.705,69.6,69.605,4701
1729534800,69.61,69.645,69.58,69.6,6671
1729535400,69.61,69.635,69.57,69.61,8054
1729536000,69.61,69.63,69.59,69.61,5986
1729536600,69.61,69.61,69.565,69.58,8670
1729537200,69.575,69.59,69.53,69.55,11148
1729537800,69.555,69.65,69.555,69.65,12642
1729538400,69.64,69.64,69.52,69.535,25846
1729539000,69.53,69.53,69.4,69.4,30093
1729539600,69.4,69.5,69.4,69.41,22320
1729540200,69.41,69.46,69.3,69.46,95661
1729603800,69.07,69.29,68.68,69.01,101779
1729604400,69.02,69.35,69.02,69.29,88443
1729605000,69.3,69.525,69.28,69.43,66849
1729605600,69.435,69.495,69.305,69.38,42854
1729606200,69.39,69.52,69.38,69.41,36438
1729606800,69.42,69.46,69.39,69.42,24102
1729607400,69.41,69.41,69.31,69.32,25514
1729608000,69.32,69.41,69.32,69.38,29536
1729608600,69.36,69.425,69.35,69.37,14719
1729609200,69.37,69.565,69.365,69.555,27584
1729609800,69.555,69.68,69.555,69.65,30174
1729610400,69.64,69.74,69.64,69.675,51259
1729611000,69.675,69.7,69.64,69.66,18063
1729611600,69.66,69.66,69.555,69.59,11444
1729612200,69.59,69.625,69.52,69.57,43958
1729612800,69.57,69.595,69.545,69.57,21347
1729613400,69.57,69.62,69.565,69.61,9124
1729614000,69.6,69.635,69.58,69.62,10408
1729614600,69.625,69.67,69.62,69.64,20467
1729615200,69.64,69.665,69.58,69.58,33944
1729615800,69.59,69.61,69.53,69.595,44955
1729616400,69.6,69.63,69.56,69.58,18918
1729617000,69.58,69.58,69.52,69.52,13706
1729617600,69.515,69.57,69.5,69.57,15727
1729618200,69.565,69.61,69.52,69.59,18916
1729618800,69.6,69.63,69.52,69.53,19962
1729619400,69.52,69.55,69.49,69.54,40965
1729620000,69.545,69.6,69.53,69.53,25038
1729620600,69.53,69.65,69.53,69.62,16845
1729621200,69.62,69.63,69.57,69.57,18600
1729621800,69.56,69.57,69.45,69.465,27681
1729622400,69.47,69.53,69.45,69.48,24288
1729623000,69.49,69.51,69.46,69.47,25745
1729623600,69.47,69.505,69.46,69.49,10693
1729624200,69.48,69.51,69.47,69.48,35062
1729624800,69.49,69.56,69.48,69.54,66399
1729625400,69.54,69.61,69.535,69.59,35110
1729626000,69.595,69.63,69.57,69.6,66174
1729626600,69.6,69.64,69.36,69.44,188645
1729690200,67,68.45,66.58,68.07,357162
1729690800,68.1,68.13,67.51,67.56,172515
1729691400,67.55,67.61,67.33,67.59,112193
1729692000,67.6,68.16,67.55,68.09,86468
1729692600,68.09,68.09,67.74,67.91,96771
1729693200,67.91,67.93,67.705,67.86,70344
1729693800,67.86,68.2,67.84,67.87,77377
1729694400,67.88,68.01,67.83,67.84,34493
1729695000,67.835,67.87,67.64,67.68,67237
1729695600,67.69,67.715,67.55,67.59,39138
1729696200,67.6,67.99,67.53,67.76,51426
1729696800,67.75,67.91,67.71,67.75,27045
1729697400,67.76,67.88,67.66,67.88,24263
1729698000,67.88,67.88,67.8,67.865,16625
1729698600,67.86,67.97,67.84,67.91,22148
1729699200,67.9,67.97,67.85,67.91,21728
1729699800,67.9,67.94,67.85,67.89,18560
1729700400,67.9,67.96,67.9,67.91,19839
1729701000,67.91,68,67.87,67.89,22262
1729701600,67.9,68.09,67.9,68.09,17032
1729702200,68.1,68.25,68.08,68.22,26695
1729702800,68.22,68.32,68.22,68.28,35157
1729703400,68.28,68.3,68.21,68.27,13999
1729704000,68.27,68.42,68.27,68.4,24488
1729704600,68.395,68.43,68.31,68.36,27115
1729705200,68.36,68.64,68.355,68.55,79897
1729705800,68.56,68.7,68.47,68.49,24872
1729706400,68.48,68.49,68.25,68.32,20095
1729707000,68.32,68.34,68.17,68.17,14601
1729707600,68.17,68.27,68.17,68.225,22129
1729708200,68.225,68.32,68.205,68.27,18928
1729708800,68.28,68.46,68.27,68.41,35526
1729709400,68.41,68.45,68.34,68.4,20444
1729710000,68.395,68.41,68.3,68.32,21144
1729710600,68.32,68.35,68.28,68.305,18131
1729711200,68.305,68.305,68.165,68.2,26645
1729711800,68.2,68.21,68.07,68.115,31120
1729712400,68.11,68.13,68.02,68.03,48757
1729713000,68.04,68.09,67.93,68.02,185457
1729776600,67.67,68.05,67.55,67.81,82055
1729777200,67.82,67.91,67.58,67.68,44274
1729777800,67.67,67.72,67.44,67.46,48210
1729778400,67.45,67.67,67.37,67.6,44100
1729779000,67.61,67.65,67.455,67.57,24633
1729779600,67.56,67.64,67.515,67.62,25447
1729780200,67.61,67.67,67.55,67.57,27112
1729780800,67.58,67.58,67.41,67.43,53513
1729781400,67.435,67.485,67.365,67.41,23678
1729782000,67.41,67.43,67.265,67.28,20662
1729782600,67.28,67.355,67.22,67.32,22677
1729783200,67.33,67.345,67.165,67.17,18636
1729783800,67.18,67.18,67.1,67.125,30776
1729784400,67.12,67.13,66.97,66.99,42959
1729785000,66.99,67.1,66.99,67.085,14963
1729785600,67.09,67.095,66.99,67.045,19796
1729786200,67.045,67.045,66.99,67,13855
1729786800,66.99,67.045,66.97,67,22085
1729787400,67,67.045,66.96,66.99,16282
1729788000,66.99,67.32,66.99,67.2,59640
1729788600,67.21,67.21,67.14,67.155,11009
1729789200,67.15,67.17,67.11,67.14,11531
1729789800,67.15,67.175,67.14,67.17,15429
1729790400,67.17,67.23,67.155,67.2,16654
1729791000,67.205,67.245,67.15,67.18,34406
1729791600,67.18,67.22,67.14,67.15,16272
1729792200,67.15,67.15,67.06,67.06,12101
1729792800,67.06,67.195,67.04,67.17,21493
1729793400,67.165,67.28,67.16,67.275,13073
1729794000,67.27,67.32,67.25,67.29,56239
1729794600,67.3,67.33,67.29,67.305,19462
1729795200,67.305,67.31,67.25,67.25,16667
1729795800,67.25,67.28,67.25,67.265,23144
1729796400,67.265,67.265,67.175,67.22,29145
1729797000,67.23,67.285,67.22,67.27,25553
1729797600,67.27,67.285,67.175,67.175,22668
1729798200,67.18,67.2,67.14,67.15,39152
1729798800,67.15,67.19,67.14,67.18,45716
1729799400,67.19,67.32,67.16,67.29,160605
1729863000,67.36,67.7,67.04,67.53,48487
1729863600,67.55,67.68,67.38,67.38,32667
1729864200,67.39,67.4,67.17,67.25,26501
1729864800,67.25,67.35,67.25,67.29,23114
1729865400,67.28,67.36,67.23,67.3,38944
1729866000,67.3,67.38,67.25,67.36,25787
1729866600,67.35,67.515,67.35,67.51,19233
1729867200,67.51,67.6,67.5,67.6,28464
1729867800,67.59,67.67,67.57,67.595,20729
1729868400,67.6,67.65,67.45,67.49,18316
1729869000,67.495,67.505,67.4,67.415,18070
1729869600,67.41,67.49,67.4,67.435,12616
1729870200,67.44,67.45,67.4,67.44,19636
1729870800,67.435,67.46,67.42,67.45,13153
1729871400,67.46,67.46,67.31,67.32,16610
1729872000,67.32,67.335,67.28,67.33,10184
1729872600,67.325,67.38,67.31,67.375,12271
1729873200,67.38,67.425,67.38,67.395,8282
1729873800,67.4,67.4,67.31,67.34,7547
1729874400,67.34,67.38,67.33,67.335,7069
1729875000,67.33,67.34,67.3,67.32,7935
1729875600,67.325,67.325,67.29,67.31,9279
1729876200,67.3,67.31,67.21,67.22,16689
1729876800,67.22,67.26,67.2,67.23,14514
1729877400,67.23,67.235,67.15,67.15,17872
1729878000,67.14,67.14,67.03,67.08,18602
1729878600,67.08,67.14,67.075,67.075,7391
1729879200,67.08,67.135,67.08,67.09,8367
1729879800,67.09,67.105,67.06,67.09,10035
1729880400,67.09,67.12,67.07,67.11,14059
1729881000,67.1,67.11,67.05,67.09,11515
1729881600,67.09,67.15,67.085,67.14,10970
1729882200,67.135,67.145,67.08,67.095,7831
1729882800,67.095,67.11,67.02,67.035,14111
1729883400,67.035,67.045,66.94,66.985,39642
1729884000,66.98,66.99,66.91,66.945,13421
1729884600,66.94,66.95,66.9,66.9,14089
1729885200,66.91,66.91,66.815,66.83,29629
1729885800,66.83,66.93,66.79,66.92,96255
1730122200,66.93,67.39,66.79,67.25,56187
1730122800,67.24,67.35,67.145,67.16,26574
1730123400,67.17,67.19,67.04,67.05,18040
1730124000,67.05,67.12,66.97,67.11,18629
1730124600,67.11,67.225,67.11,67.14,18073
1730125200,67.14,67.26,67.14,67.2,26503
1730125800,67.18,67.235,67.12,67.17,15021
1730126400,67.16,67.16,66.97,66.99,30292
1730127000,66.99,67.04,66.94,66.96,14447
1730127600,66.95,67.05,66.925,66.99,21511
1730128200,66.99,67.06,66.94,66.95,17060
1730128800,66.95,66.99,66.88,66.895,16751
1730129400,66.89,66.91,66.82,66.84,18610
1730130000,66.84,66.87,66.77,66.865,22000
1730130600,66.87,66.91,66.86,66.88,15575
1730131200,66.885,66.885,66.715,66.74,35340
1730131800,66.745,66.82,66.74,66.765,20374
1730132400,66.765,66.81,66.75,66.755,12407
1730133000,66.755,66.77,66.645,66.69,28086
1730133600,66.695,66.79,66.68,66.755,16813
1730134200,66.75,66.79,66.74,66.76,6264
1730134800,66.76,66.79,66.74,66.755,10538
1730135400,66.755,66.765,66.74,66.745,17464
1730136000,66.75,66.805,66.73,66.75,15515
1730136600,66.75,66.805,66.75,66.755,6867
1730137200,66.76,66.8,66.74,66.79,8256
1730137800,66.8,66.83,66.79,66.79,7177
1730138400,66.78,66.85,66.775,66.82,10497
1730139000,66.81,66.895,66.81,66.875,9222
1730139600,66.87,66.875,66.755,66.765,9754
1730140200,66.77,66.8,66.77,66.79,5932
1730140800,66.79,66.84,66.78,66.84,15733
1730141400,66.83,66.85,66.75,66.75,8735
1730142000,66.75,66.805,66.74,66.79,9816
1730142600,66.79,66.84,66.785,66.795,12572
1730143200,66.795,66.825,66.785,66.785,13012
1730143800,66.785,66.785,66.725,66.76,19898
1730144400,66.76,66.79,66.68,66.705,35177
1730145000,66.7,66.7,66.6,66.68,120966
1730208600,66.34,66.34,65.85,65.99,66415
1730209200,66.02,66.13,66,66.06,28315
1730209800,66.06,66.115,66.01,66.01,33597
1730210400,66.005,66.1,65.92,65.94,53552
1730211000,65.94,65.97,65.825,65.84,48585
1730211600,65.84,65.97,65.81,65.92,26771
1730212200,65.92,66.19,65.915,66.1,56006
1730212800,66.1,66.16,66.065,66.15,27497
1730213400,66.14,66.17,66.075,66.12,32101
1730214000,66.12,66.155,66.035,66.035,27046
1730214600,66.03,66.03,65.89,65.94,28615
1730215200,65.93,65.93,65.845,65.885,27476
1730215800,65.88,65.93,65.85,65.92,22768
1730216400,65.915,65.915,65.81,65.83,18880
1730217000,65.825,65.83,65.72,65.775,30149
1730217600,65.775,65.89,65.775,65.85,30990
1730218200,65.85,65.89,65.835,65.86,29200
1730218800,65.86,65.86,65.8,65.8,11833
1730219400,65.8,65.82,65.74,65.74,12875
1730220000,65.74,65.8,65.68,65.695,27558
1730220600,65.7,65.81,65.7,65.8,29390
1730221200,65.805,65.86,65.755,65.76,20703
1730221800,65.76,65.84,65.75,65.83,20370
1730222400,65.82,65.825,65.72,65.81,20829
1730223000,65.81,65.84,65.77,65.83,26384
1730223600,65.83,65.83,65.74,65.77,16302
1730224200,65.78,65.795,65.76,65.78,11107
1730224800,65.78,65.9,65.78,65.89,21084
1730225400,65.88,65.885,65.84,65.855,14293
1730226000,65.87,65.87,65.8,65.805,12613
1730226600,65.81,65.93,65.81,65.9,35217
1730227200,65.905,65.92,65.87,65.87,23646
1730227800,65.88,65.88,65.78,65.79,13207
1730228400,65.79,65.815,65.77,65.79,18510
1730229000,65.79,65.795,65.745,65.77,22381
1730229600,65.77,65.79,65.755,65.785,25671
1730230200,65.78,65.795,65.7,65.7,41016
1730230800,65.7,65.74,65.655,65.66,39636
1730231400,65.65,65.67,65.525,65.585,145197
1730295000,65.51,65.63,65.32,65.63,48120
1730295600,65.63,65.72,65.56,65.635,18342
1730296200,65.62,65.735,65.57,65.69,14805
1730296800,65.685,65.69,65.56,65.6,24960
1730297400,65.61,65.755,65.58,65.72,25645
1730298000,65.725,65.76,65.69,65.74,19581
1730298600,65.73,65.9,65.73,65.885,22731
1730299200,65.88,65.985,65.86,65.98,20369
1730299800,65.98,66.08,65.96,66.05,14878
1730300400,66.06,66.195,66.06,66.18,27931
1730301000,66.17,66.29,66.12,66.28,32941
1730301600,66.28,66.3,66.21,66.23,20916
1730302200,66.24,66.32,66.195,66.31,18287
1730302800,66.32,66.44,66.32,66.42,17045
1730303400,66.43,66.515,66.41,66.515,16406
1730304000,66.52,66.54,66.42,66.48,15310
1730304600,66.46,66.48,66.41,66.48,15934
1730305200,66.48,66.52,66.46,66.47,22057
1730305800,66.475,66.475,66.36,66.4,13028
1730306400,66.4,66.4,66.31,66.32,9963
1730307000,66.32,66.37,66.32,66.35,11146
1730307600,66.35,66.35,66.28,66.29,9373
1730308200,66.28,66.35,66.28,66.31,8950
1730308800,66.31,66.45,66.3,66.42,13854
1730309400,66.41,66.43,66.355,66.38,11485
1730310000,66.37,66.39,66.32,66.35,11510
1730310600,66.36,66.36,66.29,66.315,10789
1730311200,66.32,66.43,66.315,66.43,11217
1730311800,66.42,66.435,66.4,66.42,9830
1730312400,66.41,66.43,66.32,66.33,16073
1730313000,66.33,66.33,66.25,66.27,8259
1730313600,66.27,66.28,66.23,66.245,8319
1730314200,66.25,66.29,66.23,66.285,10583
1730314800,66.28,66.29,66.23,66.24,13924
1730315400,66.24,66.25,66.05,66.09,16588
1730316000,66.09,66.095,66.01,66.03,15341
1730316600,66.03,66.05,65.89,65.95,36003
1730317200,65.95,65.95,65.81,65.88,78893
1730317800,65.88,65.97,65.855,65.92,144578
1730381400,65.87,65.89,65.54,65.72,49262
1730382000,65.73,65.89,65.73,65.73,17933
1730382600,65.74,65.94,65.74,65.91,27664
1730383200,65.91,65.98,65.67,65.71,18274
1730383800,65.705,65.78,65.63,65.71,24703
1730384400,65.7,65.71,65.62,65.65,17563
1730385000,65.64,65.71,65.62,65.62,19788
1730385600,65.62,65.65,65.55,65.635,18782
1730386200,65.63,65.63,65.55,65.575,11498
1730386800,65.57,65.66,65.54,65.6,23812
1730387400,65.6,65.71,65.57,65.7,15375
1730388000,65.69,65.75,65.66,65.67,13118
1730388600,65.7,65.72,65.65,65.66,9556
1730389200,65.67,65.67,65.585,65.63,10748
1730389800,65.635,65.82,65.635,65.78,15007
1730390400,65.78,65.78,65.67,65.725,14962
1730391000,65.725,65.725,65.63,65.635,15439
1730391600,65.635,65.71,65.61,65.7,8315
1730392200,65.7,65.72,65.65,65.65,9678
1730392800,65.66,65.74,65.66,65.73,9685
1730393400,65.73,65.75,65.65,65.7,7165
1730394000,65.705,65.77,65.705,65.73,12575
1730394600,65.74,65.74,65.7,65.74,9928
1730395200,65.74,65.76,65.71,65.73,11561
1730395800,65.72,65.77,65.71,65.71,12328
1730396400,65.7,65.715,65.62,65.65,11588
1730397000,65.65,65.7,65.615,65.68,12159
1730397600,65.7,65.725,65.67,65.71,12309
1730398200,65.71,65.775,65.7,65.775,7818
1730398800,65.78,65.84,65.77,65.81,7773
1730399400,65.805,65.82,65.72,65.74,10824
1730400000,65.74,65.81,65.71,65.79,10461
1730400600,65.79,65.81,65.76,65.8,9424
1730401200,65.8,65.805,65.745,65.79,15602
1730401800,65.785,65.79,65.685,65.74,21193
1730402400,65.74,65.79,65.735,65.77,23336
1730403000,65.78,65.785,65.52,65.52,32718
1730403600,65.525,65.61,65.5,65.595,36946
1730404200,65.6,65.61,65.255,65.31,204343
1730467800,65.47,65.66,65.35,65.53,35426
1730468400,65.52,65.52,65.305,65.37,17131
1730469000,65.37,65.385,65.17,65.2,28660
1730469600,65.2,65.415,65.18,65.41,13478
1730470200,65.42,65.42,65.23,65.29,15434
1730470800,65.3,65.3,65.175,65.29,15261
1730471400,65.3,65.33,65.23,65.255,10835
1730472000,65.25,65.26,65.09,65.105,17988
1730472600,65.12,65.18,65.1,65.17,15219
1730473200,65.18,65.26,65.17,65.19,9944
1730473800,65.2,65.28,65.18,65.21,13172
1730474400,65.21,65.21,65.08,65.11,47521
1730475000,65.105,65.105,65.05,65.08,15666
1730475600,65.09,65.135,65.06,65.07,16142
1730476200,65.06,65.08,65.01,65.035,19458
1730476800,65.04,65.12,65.04,65.08,11096
1730477400,65.075,65.14,65.065,65.135,10530
1730478000,65.13,65.21,65.11,65.19,10645
1730478600,65.19,65.25,65.19,65.21,8066
1730479200,65.21,65.21,65.12,65.14,10003
1730479800,65.12,65.14,65.09,65.11,7585
1730480400,65.11,65.14,65.08,65.09,9991
1730481000,65.085,65.14,65.055,65.11,5097
1730481600,65.105,65.165,65.105,65.15,9501
1730482200,65.15,65.16,65.01,65.02,25549
1730482800,65.025,65.05,64.97,65.04,36670
1730483400,65.05,65.095,65.04,65.04,9704
1730484000,65.03,65.09,65.02,65.03,8405
1730484600,65.03,65.04,64.97,64.97,12231
1730485200,64.97,65.08,64.965,65.05,15251
1730485800,65.03,65.045,64.99,65.045,12703
1730486400,65.04,65.12,65.04,65.09,9835
1730487000,65.1,65.12,65.06,65.075,12846
1730487600,65.07,65.11,65.05,65.09,18406
1730488200,65.1,65.105,65.07,65.09,13447
1730488800,65.1,65.1,64.97,64.97,15832
1730489400,64.975,64.99,64.92,64.95,21928
1730490000,64.94,64.98,64.94,64.96,20881
1730490600,64.95,65.04,64.89,65,118760
1730730600,65.085,65.42,65.03,65.03,67343
1730731200,65.04,65.305,65.035,65.22,44334
1730731800,65.22,65.28,65.15,65.18,66404
1730732400,65.18,65.24,65.16,65.215,24826
1730733000,65.21,65.25,65.13,65.14,56606
1730733600,65.13,65.19,65.08,65.08,16936
1730734200,65.08,65.08,64.89,64.95,37022
1730734800,64.95,64.98,64.85,64.94,18805
1730735400,64.93,64.96,64.89,64.945,15721
1730736000,64.94,64.98,64.925,64.93,10803
1730736600,64.93,64.97,64.815,64.83,32299
1730737200,64.84,64.89,64.83,64.85,16934
1730737800,64.855,64.88,64.815,64.845,18622
1730738400,64.85,64.89,64.72,64.74,18251
1730739000,64.74,64.76,64.65,64.72,13402
1730739600,64.715,64.76,64.69,64.69,10067
1730740200,64.7,64.845,64.68,64.845,10969
1730740800,64.85,64.915,64.85,64.875,11668
1730741400,64.875,64.96,64.875,64.96,14266
1730742000,64.96,64.98,64.94,64.98,15548
1730742600,64.98,65.02,64.98,65,11413
1730743200,64.99,65.03,64.91,64.98,11092
1730743800,64.97,65.05,64.95,65.02,24159
1730744400,65.02,65.04,65,65.005,11105
1730745000,65.005,65.02,64.94,64.95,16248
1730745600,64.95,65.055,64.945,65.045,16573
1730746200,65.04,65.04,64.98,64.99,6641
1730746800,64.99,64.995,64.91,64.95,29287
1730747400,64.95,65.04,64.95,64.98,13443
1730748000,64.97,65.03,64.97,64.97,12623
1730748600,64.96,65.01,64.96,65.01,17142
1730749200,65,65.005,64.99,65,14170
1730749800,64.99,65.02,64.945,64.99,18398
1730750400,64.98,65.02,64.975,65.005,9030
1730751000,65.005,65.01,64.935,64.995,18247
1730751600,64.98,64.99,64.95,64.97,17520
1730752200,64.96,64.985,64.9,64.96,25952
1730752800,64.96,65.02,64.96,65.01,32025
1730753400,65.01,65.12,64.97,65.1,111900
1730817000,64.79,65.08,64.73,64.95,27021
1730817600,64.9,65.02,64.9,64.97,28078
1730818200,64.98,65.07,64.875,65.05,36071
1730818800,65.05,65.12,65,65.095,24174
1730819400,65.1,65.13,65.02,65.06,14807
1730820000,65.06,65.14,65.02,65.1,16440
1730820600,65.105,65.18,65.09,65.135,9402
1730821200,65.14,65.21,65.1,65.18,7844
1730821800,65.2,65.21,65.08,65.09,7510
1730822400,65.09,65.13,65.01,65.12,10468
1730823000,65.12,65.165,65.09,65.09,10906
1730823600,65.1,65.13,65.05,65.06,8867
1730824200,65.06,65.09,65.01,65.04,6085
1730824800,65.04,65.05,64.99,65.03,7523
1730825400,65.03,65.03,64.99,65.005,9896
1730826000,65.01,65.06,64.99,65.06,5170
1730826600,65.06,65.165,65.05,65.14,4331
1730827200,65.14,65.155,65.11,65.11,16280
1730827800,65.11,65.17,65.11,65.145,7128
1730828400,65.145,65.2,65.145,65.175,11320
1730829000,65.17,65.22,65.16,65.175,5880
1730829600,65.18,65.255,65.17,65.22,9334
1730830200,65.22,65.29,65.21,65.245,9651
1730830800,65.24,65.26,65.21,65.22,4823
1730831400,65.22,65.25,65.18,65.23,12597
1730832000,65.24,65.31,65.24,65.275,9085
1730832600,65.27,65.34,65.265,65.3,13512
1730833200,65.29,65.395,65.29,65.37,9556
1730833800,65.38,65.41,65.34,65.39,11950
1730834400,65.39,65.42,65.36,65.39,13926
1730835000,65.38,65.42,65.37,65.4,14875
1730835600,65.39,65.4,65.34,65.35,7229
1730836200,65.34,65.4,65.315,65.39,22563
1730836800,65.39,65.455,65.38,65.445,18158
1730837400,65.445,65.465,65.42,65.43,15693
1730838000,65.43,65.45,65.37,65.385,16481
1730838600,65.38,65.43,65.36,65.39,15355
1730839200,65.39,65.4,65.31,65.335,27010
1730839800,65.34,65.42,65.33,65.4,86009
1730903400,64.09,64.62,63.24,63.68,336678
1730904000,63.68,64.17,63.42,64.08,206739
1730904600,64.08,64.42,63.96,64.28,140889
1730905200,64.29,64.3,63.95,64.11,106566
1730905800,64.11,64.18,63.76,63.835,70966
1730906400,63.835,63.9,63.72,63.72,54933
1730907000,63.71,63.82,63.52,63.56,78034
1730907600,63.56,63.6,63.4,63.47,69186
1730908200,63.47,63.47,63.18,63.2,58183
1730908800,63.21,63.385,63.21,63.33,45590
1730909400,63.33,63.58,63.33,63.58,40003
1730910000,63.59,63.615,63.46,63.52,39133
1730910600,63.52,63.68,63.52,63.64,38873
1730911200,63.65,63.67,63.57,63.66,37382
1730911800,63.66,63.66,63.51,63.52,36202
1730912400,63.52,63.52,63.45,63.45,24630
1730913000,63.45,63.51,63.4,63.4,24892
1730913600,63.4,63.42,63.32,63.34,22483
1730914200,63.32,63.38,63.285,63.325,22553
1730914800,63.33,63.53,63.32,63.51,23935
1730915400,63.5,63.5,63.4,63.41,17711
1730916000,63.405,63.43,63.33,63.37,26859
1730916600,63.37,63.53,63.37,63.52,28356
1730917200,63.52,63.695,63.52,63.68,72632
1730917800,63.68,63.82,63.645,63.79,36009
1730918400,63.78,63.89,63.73,63.88,36870
1730919000,63.9,63.93,63.71,63.71,41775
1730919600,63.715,63.73,63.63,63.655,23215
1730920200,63.66,63.78,63.645,63.78,21850
1730920800,63.78,63.86,63.735,63.855,24055
1730921400,63.85,63.86,63.81,63.82,20674
1730922000,63.82,63.82,63.73,63.77,23047
1730922600,63.77,63.82,63.77,63.8,28085
1730923200,63.8,63.86,63.75,63.78,45762
1730923800,63.78,63.9,63.78,63.8,35582
1730924400,63.795,63.83,63.7,63.725,36604
1730925000,63.725,63.775,63.71,63.75,33155
1730925600,63.76,63.815,63.72,63.73,48794
1730926200,63.74,63.74,63.6,63.67,249452
1730989800,64.45,64.45,63.93,64,108565
1730990400,64,64.12,64,64.1,68751
1730991000,64.11,64.16,64.01,64.01,53440
1730991600,64.02,64.06,63.93,63.98,52378
1730992200,63.97,64.05,63.84,63.86,36833
1730992800,63.86,63.96,63.83,63.9,27202
1730993400,63.89,63.995,63.87,63.89,19352
1730994000,63.89,63.94,63.83,63.94,22567
1730994600,63.93,63.95,63.85,63.86,15321
1730995200,63.87,63.92,63.78,63.78,26393
1730995800,63.78,63.85,63.78,63.81,13936
1730996400,63.81,63.81,63.78,63.78,21132
1730997000,63.78,63.815,63.72,63.8,20758
1730997600,63.8,63.88,63.79,63.85,13802
1730998200,63.85,63.85,63.77,63.785,14445
1730998800,63.78,63.82,63.75,63.795,19849
1730999400,63.795,63.84,63.755,63.79,18337
1731000000,63.79,63.88,63.79,63.845,26295
1731000600,63.85,63.87,63.795,63.805,14545
1731001200,63.8,63.845,63.78,63.8,22949
1731001800,63.795,63.935,63.795,63.905,23248
1731002400,63.91,63.97,63.9,63.94,11943
1731003000,63.94,63.955,63.88,63.89,14437
1731003600,63.88,63.88,63.79,63.79,21058
1731004200,63.78,63.78,63.73,63.735,11214
1731004800,63.73,63.805,63.705,63.78,11333
1731005400,63.79,63.79,63.7,63.7,18566
1731006000,63.695,63.74,63.63,63.71,29101
1731006600,63.71,63.72,63.65,63.67,10759
1731007200,63.66,63.76,63.66,63.74,11444
1731007800,63.74,63.835,63.73,63.79,12403
1731008400,63.79,63.79,63.7,63.765,15013
1731009000,63.77,63.87,63.73,63.87,18041
1731009600,63.87,63.94,63.855,63.905,19331
1731010200,63.9,64.04,63.9,64.04,30203
1731010800,64.035,64.05,63.97,63.97,22437
1731011400,63.98,63.99,63.86,63.86,32096
1731012000,63.87,63.92,63.845,63.87,41421
1731012600,63.86,63.86,63.605,63.66,188810
1731076200,63.91,64,63.74,63.96,52482
1731076800,63.96,64.18,63.96,63.99,41917
1731077400,64,64.07,63.95,63.97,43083
1731078000,63.97,64.08,63.91,63.96,37853
1731078600,63.96,63.99,63.87,63.87,34784
1731079200,63.88,63.95,63.855,63.94,27609
1731079800,63.94,64.01,63.915,63.975,29544
1731080400,63.98,64.04,63.97,64,23300
1731081000,64,64.11,63.97,64.06,25627
1731081600,64.06,64.09,64.03,64.06,18082
1731082200,64.055,64.06,63.985,64.02,17855
1731082800,64.02,64.065,64.005,64.02,16535
1731083400,64.015,64.09,63.97,64.08,24123
1731084000,64.08,64.08,63.99,64.03,14258
1731084600,64.03,64.06,64,64.03,13749
1731085200,64.04,64.11,64.03,64.11,18226
1731085800,64.1,64.205,64.1,64.18,14265
1731086400,64.19,64.21,64.135,64.15,15498
1731087000,64.14,64.24,64.135,64.21,8387
1731087600,64.2,64.23,64.17,64.175,9328
1731088200,64.17,64.18,64.1,64.105,14118
1731088800,64.105,64.17,64.095,64.16,14984
1731089400,64.16,64.165,64.12,64.135,9739
1731090000,64.13,64.155,64.1,64.12,13508
1731090600,64.12,64.215,64.12,64.2,20676
1731091200,64.195,64.23,64.17,64.21,19826
1731091800,64.2,64.2,64.135,64.16,16151
1731092400,64.15,64.16,64.07,64.115,21110
1731093000,64.115,64.15,64.09,64.13,17465
1731093600,64.135,64.155,64.09,64.155,18318
1731094200,64.15,64.17,64.145,64.165,11474
1731094800,64.165,64.175,64.07,64.07,20794
1731095400,64.065,64.09,64.03,64.055,30319
1731096000,64.05,64.06,64,64.03,36543
1731096600,64.035,64.06,64.01,64.055,34834
1731097200,64.055,64.06,64.015,64.045,42898
1731097800,64.04,64.05,64,64.015,22706
1731098400,64.015,64.045,63.98,63.99,40133
1731099000,63.99,64.035,63.88,63.92,145654
1731335400,63.9,64.03,63.71,64.02,65119
1731336000,64,64.12,63.94,63.97,34806
1731336600,63.98,63.99,63.815,63.87,47034
1731337200,63.86,63.93,63.78,63.8,76183
1731337800,63.79,63.815,63.66,63.71,72199
1731338400,63.71,63.925,63.71,63.85,47987
1731339000,63.84,63.84,63.655,63.73,46402
1731339600,63.735,63.77,63.62,63.68,25948
1731340200,63.68,63.71,63.64,63.65,22547
1731340800,63.66,63.72,63.64,63.67,25210
1731341400,63.67,63.71,63.61,63.62,27284
1731342000,63.61,63.71,63.57,63.65,21514
1731342600,63.64,63.69,63.595,63.66,13078
1731343200,63.65,63.715,63.63,63.71,15545
1731343800,63.7,63.73,63.67,63.72,11015
1731344400,63.71,63.73,63.62,63.62,22695
1731345000,63.61,63.68,63.59,63.67,10523
1731345600,63.66,63.71,63.66,63.69,8784
1731346200,63.7,63.7,63.61,63.62,12786
1731346800,63.62,63.62,63.59,63.6,11313
1731347400,63.6,63.62,63.57,63.59,21972
1731348000,63.59,63.64,63.56,63.62,12480
1731348600,63.62,63.64,63.61,63.63,8702
1731349200,63.635,63.64,63.605,63.605,4983
1731349800,63.605,63.61,63.56,63.59,11410
1731350400,63.58,63.61,63.515,63.52,19274
1731351000,63.52,63.58,63.5,63.55,16909
1731351600,63.55,63.55,63.43,63.46,38253
1731352200,63.465,63.48,63.44,63.46,23761
1731352800,63.455,63.51,63.455,63.51,23559
1731353400,63.5,63.51,63.44,63.45,9408
1731354000,63.45,63.47,63.43,63.46,11583
1731354600,63.465,63.495,63.45,63.45,12730
1731355200,63.46,63.46,63.38,63.41,25337
1731355800,63.415,63.54,63.41,63.5,27620
1731356400,63.49,63.505,63.44,63.5,18997
1731357000,63.49,63.49,63.37,63.4,27801
1731357600,63.395,63.45,63.31,63.33,46155
1731358200,63.34,63.39,63.255,63.37,147027
1731421800,63.6,63.7,63.23,63.55,121595
1731422400,63.55,63.64,63.415,63.425,88284
1731423000,63.43,63.6,63.31,63.58,58095
1731423600,63.54,63.57,63.43,63.52,44792
1731424200,63.53,63.61,63.45,63.61,56861
1731424800,63.61,63.75,63.56,63.56,32545
1731425400,63.56,63.58,63.48,63.49,21739
1731426000,63.495,63.555,63.44,63.46,21526
1731426600,63.455,63.47,63.335,63.45,25766
1731427200,63.47,63.52,63.435,63.48,18748
1731427800,63.48,63.53,63.455,63.46,16356
1731428400,63.45,63.46,63.35,63.36,26405
1731429000,63.37,63.41,63.32,63.33,12266
1731429600,63.33,63.43,63.33,63.43,14197
1731430200,63.43,63.44,63.35,63.37,16278
1731430800,63.37,63.37,63.295,63.315,13209
1731431400,63.31,63.32,63.21,63.21,16313
1731432000,63.21,63.235,63.2,63.205,16075
1731432600,63.205,63.3,63.19,63.29,22554
1731433200,63.28,63.33,63.23,63.235,10654
1731433800,63.235,63.31,63.2,63.22,17845
1731434400,63.22,63.275,63.19,63.21,12063
1731435000,63.21,63.21,63.165,63.18,10521
1731435600,63.18,63.23,63.18,63.205,9267
1731436200,63.205,63.22,63.16,63.215,33968
1731436800,63.22,63.27,63.205,63.255,17439
1731437400,63.26,63.3,63.215,63.28,21857
1731438000,63.29,63.365,63.29,63.34,14997
1731438600,63.34,63.395,63.325,63.375,16431
1731439200,63.38,63.53,63.365,63.53,50221
1731439800,63.53,63.54,63.455,63.5,12389
1731440400,63.5,63.53,63.49,63.53,15014
1731441000,63.53,63.55,63.44,63.475,30054
1731441600,63.47,63.51,63.44,63.505,19164
1731442200,63.505,63.505,63.46,63.46,20353
1731442800,63.47,63.47,63.42,63.45,17608
1731443400,63.445,63.455,63.4,63.425,27763
1731444000,63.42,63.43,63.36,63.385,33944
1731444600,63.38,63.38,63.12,63.21,180230
1731508200,63.03,63.03,62.49,62.87,130035
1731508800,62.87,63.14,62.84,63.14,48845
1731509400,63.13,63.25,62.95,63.25,35819
1731510000,63.24,63.25,63.02,63.09,66967
1731510600,63.09,63.15,62.95,62.955,21698
1731511200,62.955,63.02,62.885,63.01,16126
1731511800,63,63.05,62.965,62.98,14482
1731512400,62.98,63.02,62.96,63.02,9188
1731513000,63.03,63.085,63.01,63.06,8002
1731513600,63.06,63.11,63.05,63.09,10436
1731514200,63.08,63.09,63.01,63.04,10052
1731514800,63.03,63.06,63.01,63.06,11681
1731515400,63.06,63.08,63.01,63.06,8986
1731516000,63.07,63.13,63.07,63.085,14973
1731516600,63.09,63.09,62.98,62.98,9585
1731517200,62.98,62.98,62.88,62.885,12640
1731517800,62.89,62.895,62.795,62.8,29534
1731518400,62.81,62.84,62.79,62.8,18790
1731519000,62.8,62.94,62.78,62.93,28406
1731519600,62.93,62.935,62.85,62.885,15986
1731520200,62.89,62.91,62.86,62.9,10671
1731520800,62.89,62.91,62.78,62.785,15230
1731521400,62.78,62.82,62.76,62.805,16584
1731522000,62.8,62.84,62.78,62.835,13090
1731522600,62.83,62.84,62.81,62.84,10895
1731523200,62.85,62.88,62.84,62.85,11198
1731523800,62.845,62.855,62.82,62.83,8991
1731524400,62.83,62.915,62.82,62.88,14575
1731525000,62.89,62.99,62.885,62.94,14367
1731525600,62.94,63,62.94,62.99,15339
1731526200,62.995,63.01,62.965,62.99,15548
1731526800,62.99,63.04,62.95,62.95,20140
1731527400,62.96,62.96,62.895,62.9,13593
1731528000,62.91,62.94,62.885,62.92,16469
1731528600,62.92,62.955,62.875,62.9,30889
1731529200,62.9,62.945,62.9,62.945,28220
1731529800,62.94,63.01,62.93,63,26532
1731530400,63,63.07,63,63.04,31289
1731531000,63.03,63.06,62.98,63.03,112226
1731594600,63.1,63.2,62.75,62.99,85085
1731595200,62.99,63.03,62.93,63.02,67773
1731595800,63.02,63.02,62.8,62.85,50891
1731596400,62.85,62.855,62.66,62.7,35471
1731597000,62.7,62.71,62.53,62.6,61245
1731597600,62.59,62.62,62.535,62.57,40068
1731598200,62.57,62.61,62.47,62.6,47132
1731598800,62.6,62.65,62.58,62.59,23871
1731599400,62.585,62.63,62.56,62.62,24399
1731600000,62.62,62.755,62.58,62.66,44944
1731600600,62.665,62.76,62.65,62.72,42303
1731601200,62.72,62.77,62.69,62.715,24794
1731601800,62.71,62.76,62.64,62.64,26049
1731602400,62.64,62.66,62.61,62.61,25118
1731603000,62.61,62.615,62.54,62.54,28734
1731603600,62.545,62.55,62.51,62.525,31774
1731604200,62.525,62.61,62.52,62.6,25762
1731604800,62.61,62.67,62.59,62.64,20398
1731605400,62.64,62.65,62.615,62.65,29466
1731606000,62.64,62.7,62.62,62.68,38173
1731606600,62.68,62.72,62.68,62.71,36676
1731607200,62.71,62.74,62.7,62.73,23420
1731607800,62.73,62.73,62.69,62.695,21700
1731608400,62.695,62.76,62.69,62.76,21375
1731609000,62.76,62.795,62.735,62.795,15347
1731609600,62.79,62.83,62.74,62.83,16692
1731610200,62.82,62.83,62.755,62.76,20598
1731610800,62.76,62.89,62.76,62.88,20777
1731611400,62.87,62.92,62.87,62.9,18804
1731612000,62.9,62.93,62.87,62.93,15733
1731612600,62.92,62.98,62.91,62.915,19573
1731613200,62.92,62.925,62.885,62.915,15332
1731613800,62.92,62.96,62.915,62.93,16199
1731614400,62.94,62.94,62.805,62.81,27662
1731615000,62.81,62.92,62.805,62.91,25257
1731615600,62.915,62.915,62.875,62.9,23435
1731616200,62.91,62.91,62.69,62.69,65588
1731616800,62.69,62.69,62.47,62.53,115216
1731617400,62.52,62.57,62.43,62.545,223346
1731681000,62.64,62.64,62.29,62.3,52219
1731681600,62.3,62.32,62.12,62.16,83716
1731682200,62.155,62.22,61.94,61.97,84445
1731682800,61.99,62.02,61.78,61.81,87499
1731683400,61.81,61.94,61.78,61.92,52544
1731684000,61.91,61.99,61.86,61.98,46877
1731684600,61.98,62.01,61.91,61.95,30191
1731685200,61.96,62.02,61.9,61.91,32341
1731685800,61.93,61.98,61.59,61.62,68733
1731686400,61.61,61.75,61.52,61.75,78598
1731687000,61.75,61.81,61.68,61.69,31525
1731687600,61.68,61.7,61.63,61.69,23702
1731688200,61.69,61.7,61.61,61.61,30007
1731688800,61.605,61.68,61.555,61.57,41102
1731689400,61.57,61.6,61.45,61.49,61048
1731690000,61.485,61.54,61.445,61.445,36252
1731690600,61.44,61.57,61.39,61.54,66835
1731691200,61.55,61.62,61.49,61.51,66978
1731691800,61.51,61.57,61.475,61.56,38299
1731692400,61.57,61.69,61.57,61.67,19225
1731693000,61.67,61.75,61.65,61.67,19738
1731693600,61.68,61.78,61.65,61.77,61430
1731694200,61.76,61.86,61.73,61.84,18172
1731694800,61.84,61.87,61.72,61.73,20990
1731695400,61.725,61.76,61.71,61.75,14057
1731696000,61.75,61.77,61.65,61.655,12772
1731696600,61.66,61.69,61.585,61.65,34418
1731697200,61.655,61.67,61.52,61.58,41865
1731697800,61.575,61.7,61.555,61.7,14390
1731698400,61.695,61.705,61.59,61.605,15987
1731699000,61.61,61.64,61.555,61.62,23705
1731699600,61.62,61.72,61.6,61.68,13497
1731700200,61.69,61.69,61.6,61.625,15746
1731700800,61.62,61.655,61.59,61.63,26771
1731701400,61.63,61.75,61.61,61.72,21597
1731702000,61.72,61.75,61.56,61.56,29372
1731702600,61.57,61.57,61.515,61.545,32119
1731703200,61.55,61.58,61.51,61.525,48062
1731703800,61.54,61.75,61.51,61.73,264868
1731940200,61.85,61.98,61.56,61.69,57055
1731940800,61.68,61.98,61.64,61.97,42707
1731941400,61.96,61.99,61.915,61.95,30017
1731942000,61.955,62.12,61.9,62.09,31525
1731942600,62.08,62.1,61.97,62.03,19343
1731943200,62.02,62.02,61.9,61.92,15160
1731943800,61.91,61.925,61.88,61.92,20115
1731944400,61.92,61.98,61.865,61.97,12555
1731945000,61.97,61.98,61.93,61.98,14281
1731945600,61.98,62.09,61.98,62.09,10729
1731946200,62.095,62.14,62.08,62.09,18963
1731946800,62.095,62.1,62.04,62.04,13071
1731947400,62.05,62.09,62.04,62.08,11516
1731948000,62.085,62.115,62.03,62.03,17998
1731948600,62.03,62.08,62.02,62.03,17067
1731949200,62.025,62.04,61.985,62.01,17553
1731949800,62.01,62.04,61.98,61.98,15606
1731950400,61.975,62,61.97,61.99,10162
1731951000,61.98,61.995,61.94,61.995,18778
1731951600,61.99,62,61.93,61.94,12894
1731952200,61.93,62.005,61.93,62,11719
1731952800,61.99,61.99,61.905,61.935,15200
1731953400,61.93,61.97,61.91,61.97,10305
1731954000,61.97,61.97,61.93,61.955,9326
1731954600,61.95,61.95,61.9,61.91,11648
1731955200,61.915,61.915,61.865,61.885,21296
1731955800,61.89,61.905,61.84,61.88,19324
1731956400,61.885,61.98,61.88,61.97,9989
1731957000,61.975,61.99,61.955,61.96,12481
1731957600,61.96,62.005,61.96,61.99,20321
1731958200,61.99,62.01,61.97,62.005,9310
1731958800,62,62.005,61.96,61.98,21871
1731959400,61.985,61.99,61.94,61.95,21482
1731960000,61.95,61.95,61.87,61.87,21221
1731960600,61.87,61.88,61.79,61.79,19409
1731961200,61.79,61.81,61.75,61.78,29292
1731961800,61.78,61.785,61.72,61.745,35223
1731962400,61.745,61.77,61.69,61.735,47340
1731963000,61.74,61.87,61.72,61.85,147048
1732026600,61.89,61.96,61.7,61.83,59630
1732027200,61.84,61.98,61.685,61.7,35707
1732027800,61.7,61.82,61.63,61.77,25746
1732028400,61.77,61.93,61.75,61.915,25563
1732029000,61.92,61.95,61.88,61.92,16211
1732029600,61.925,61.955,61.87,61.95,14555
1732030200,61.95,62.015,61.92,62,20156
1732030800,61.99,62.045,61.955,62.045,16908
1732031400,62.05,62.05,61.945,61.97,13517
1732032000,61.97,61.995,61.92,61.99,16369
1732032600,61.985,62.02,61.91,61.99,32134
1732033200,61.99,62.05,61.98,62.05,14512
1732033800,62.05,62.05,61.99,62,13456
1732034400,61.99,62.02,61.97,61.99,15323
1732035000,61.98,62.045,61.965,62.035,13398
1732035600,62.04,62.045,62.02,62.03,10452
1732036200,62.02,62.06,62.02,62.045,20759
1732036800,62.04,62.09,62.035,62.085,10840
1732037400,62.08,62.12,62.07,62.1,14696
1732038000,62.11,62.125,62.05,62.06,12459
1732038600,62.065,62.12,62.055,62.115,14187
1732039200,62.11,62.11,62.065,62.065,9988
1732039800,62.07,62.13,62.07,62.105,10432
1732040400,62.1,62.17,62.09,62.145,18419
1732041000,62.145,62.205,62.125,62.205,14407
1732041600,62.205,62.25,62.18,62.23,18006
1732042200,62.235,62.26,62.225,62.25,24797
1732042800,62.25,62.25,62.21,62.23,10039
1732043400,62.235,62.3,62.235,62.3,7888
1732044000,62.3,62.33,62.26,62.27,19920
1732044600,62.275,62.285,62.195,62.205,26557
1732045200,62.2,62.225,62.18,62.205,25815
1732045800,62.205,62.28,62.205,62.23,23521
1732046400,62.23,62.31,62.23,62.29,33007
1732047000,62.295,62.335,62.28,62.32,38737
1732047600,62.325,62.325,62.3,62.31,21288
1732048200,62.32,62.355,62.3,62.32,33129
1732048800,62.315,62.465,62.31,62.435,69374
1732049400,62.44,62.62,62.4,62.59,213948
1732113000,62.7,62.76,62.28,62.42,79855
1732113600,62.41,62.41,62.19,62.305,31418
1732114200,62.3,62.41,62.24,62.41,25690
1732114800,62.4,62.45,62.35,62.38,16459
1732115400,62.36,62.49,62.36,62.42,14457
1732116000,62.41,62.49,62.41,62.45,16565
1732116600,62.45,62.495,62.4,62.405,16454
1732117200,62.41,62.41,62.065,62.11,26848
1732117800,62.11,62.17,62.11,62.12,14764
1732118400,62.14,62.205,62.02,62.05,21500
1732119000,62.05,62.2,62.04,62.15,16896
1732119600,62.15,62.285,62.15,62.24,19271
1732120200,62.24,62.31,62.23,62.29,9290
1732120800,62.29,62.42,62.29,62.41,11157
1732121400,62.41,62.57,62.41,62.54,29613
1732122000,62.53,62.54,62.48,62.49,10374
1732122600,62.48,62.59,62.44,62.59,21966
1732123200,62.58,62.59,62.51,62.57,10409
1732123800,62.58,62.68,62.58,62.66,11311
1732124400,62.67,62.69,62.655,62.685,8019
1732125000,62.69,62.77,62.69,62.73,15245
1732125600,62.74,62.78,62.71,62.72,13409
1732126200,62.71,62.8,62.705,62.77,12999
1732126800,62.77,62.835,62.76,62.82,12305
1732127400,62.82,62.84,62.73,62.79,13986
1732128000,62.79,62.8,62.75,62.775,15876
1732128600,62.775,62.82,62.755,62.815,9558
1732129200,62.81,62.84,62.795,62.82,19633
1732129800,62.825,62.83,62.73,62.74,11412
1732130400,62.74,62.86,62.74,62.86,24423
1732131000,62.86,62.93,62.85,62.91,31727
1732131600,62.9,62.91,62.84,62.89,20929
1732132200,62.89,62.92,62.845,62.865,14320
1732132800,62.86,62.86,62.74,62.78,18233
1732133400,62.78,62.785,62.745,62.77,23740
1732134000,62.77,62.79,62.71,62.74,15102
1732134600,62.74,62.875,62.74,62.865,44565
1732135200,62.87,62.945,62.87,62.925,33134
1732135800,62.93,63.01,62.92,63.01,144275
1732199400,63.16,63.3,62.95,63.15,70749
1732200000,63.16,63.18,63.03,63.17,28025
1732200600,63.19,63.23,63.11,63.16,32114
1732201200,63.16,63.3,63.13,63.285,36050
1732201800,63.275,63.305,63.19,63.255,30997
1732202400,63.25,63.37,63.24,63.35,30111
1732203000,63.34,63.41,63.305,63.31,27779
1732203600,63.315,63.47,63.315,63.46,27101
1732204200,63.46,63.62,63.44,63.56,36721
1732204800,63.58,63.6,63.48,63.48,29527
1732205400,63.48,63.51,63.45,63.45,22182
1732206000,63.445,63.465,63.35,63.35,19607
1732206600,63.355,63.45,63.29,63.3,21306
1732207200,63.305,63.31,63.195,63.23,20478
1732207800,63.225,63.265,63.17,63.25,23324
1732208400,63.26,63.26,63.19,63.19,10914
1732209000,63.2,63.29,63.2,63.275,17659
1732209600,63.28,63.365,63.27,63.35,17288
1732210200,63.34,63.4,63.34,63.4,9099
1732210800,63.4,63.48,63.39,63.48,15953
1732211400,63.48,63.53,63.48,63.5,16130
1732212000,63.495,63.57,63.49,63.57,11876
1732212600,63.58,63.58,63.49,63.51,23275
1732213200,63.51,63.61,63.49,63.61,18894
1732213800,63.61,63.61,63.56,63.59,10058
1732214400,63.59,63.63,63.565,63.59,19397
1732215000,63.58,63.61,63.58,63.6,13284
1732215600,63.61,63.64,63.565,63.6,19316
1732216200,63.61,63.64,63.6,63.64,13789
1732216800,63.64,63.65,63.6,63.635,12552
1732217400,63.639,63.64,63.585,63.6,24617
1732218000,63.6,63.65,63.6,63.635,19871
1732218600,63.63,63.69,63.625,63.69,17337
1732219200,63.69,63.695,63.625,63.635,20137
1732219800,63.635,63.645,63.59,63.595,20111
1732220400,63.6,63.66,63.595,63.65,18155
1732221000,63.64,63.67,63.63,63.655,25414
1732221600,63.66,63.72,63.655,63.71,41677
1732222200,63.72,63.805,63.68,63.75,114041
1732285800,64.25,64.48,64.095,64.31,139288
1732286400,64.3,64.38,64.22,64.31,101916
1732287000,64.32,64.32,64.15,64.25,39629
1732287600,64.23,64.25,63.98,63.99,52242
1732288200,63.99,64.03,63.895,63.99,32651
1732288800,64,64,63.85,63.88,16107
1732289400,63.88,64.02,63.88,64.02,19323
1732290000,64.02,64.03,63.92,63.92,16198
1732290600,63.93,64,63.925,63.95,16416
1732291200,63.95,63.98,63.9,63.91,23474
1732291800,63.91,63.925,63.795,63.82,25118
1732292400,63.825,63.88,63.8,63.845,14117
1732293000,63.85,63.85,63.7,63.71,37794
1732293600,63.715,63.78,63.69,63.775,23949
1732294200,63.77,63.77,63.72,63.75,17258
1732294800,63.75,63.82,63.73,63.77,23867
1732295400,63.765,63.785,63.73,63.78,15684
1732296000,63.77,63.775,63.74,63.75,14264
1732296600,63.74,63.76,63.69,63.71,18814
1732297200,63.71,63.775,63.65,63.7,22074
1732297800,63.69,63.74,63.65,63.675,10454
1732298400,63.675,63.73,63.67,63.73,9397
1732299000,63.725,63.78,63.705,63.77,14841
1732299600,63.76,63.765,63.69,63.7,18119
1732300200,63.7,63.71,63.66,63.68,31366
1732300800,63.69,63.79,63.69,63.785,14313
1732301400,63.785,63.88,63.78,63.875,17783
1732302000,63.875,63.88,63.815,63.85,23784
1732302600,63.84,63.87,63.82,63.87,24084
1732303200,63.87,63.905,63.845,63.89,22884
1732303800,63.88,63.95,63.88,63.935,18399
1732304400,63.93,63.94,63.87,63.93,20686
1732305000,63.93,63.985,63.9,63.94,34179
1732305600,63.945,63.945,63.83,63.91,43731
1732306200,63.9,63.95,63.84,63.935,35362
1732306800,63.93,63.93,63.83,63.86,17886
1732307400,63.86,63.91,63.85,63.895,27787
1732308000,63.895,63.955,63.88,63.95,38508
1732308600,63.94,64.02,63.89,63.915,181164
1732545000,64.29,64.535,64.08,64.53,60400
1732545600,64.53,64.71,64.51,64.66,44434
1732546200,64.66,64.66,64.49,64.53,35879
1732546800,64.51,64.58,64.47,64.56,39393
1732547400,64.56,64.58,64.47,64.51,26734
1732548000,64.505,64.53,64.4,64.44,22848
1732548600,64.45,64.48,64.36,64.405,19070
1732549200,64.4,64.405,64.27,64.3,20110
1732549800,64.295,64.365,64.25,64.28,24130
1732550400,64.27,64.3,64.19,64.195,20641
1732551000,64.19,64.24,64.19,64.21,15798
1732551600,64.22,64.22,64.125,64.125,26020
1732552200,64.125,64.17,64.07,64.145,16793
1732552800,64.14,64.17,64.12,64.12,8364
1732553400,64.12,64.14,64.06,64.075,18417
1732554000,64.075,64.18,64.075,64.17,25914
1732554600,64.17,64.23,64.17,64.18,13236
1732555200,64.18,64.23,64.14,64.16,17803
1732555800,64.15,64.16,64.105,64.135,15634
1732556400,64.13,64.13,64.07,64.09,18630
1732557000,64.09,64.11,64.02,64.03,19645
1732557600,64.025,64.06,64.02,64.03,21782
1732558200,64.03,64.1,64.03,64.04,10935
1732558800,64.05,64.05,63.955,64.03,42354
1732559400,64.02,64.07,63.98,64.06,14240
1732560000,64.07,64.11,64.045,64.08,14177
1732560600,64.09,64.12,64.08,64.115,8365
1732561200,64.11,64.11,63.99,64.005,28856
1732561800,64,64.04,63.99,64.04,21487
1732562400,64.05,64.06,63.97,63.97,22150
1732563000,63.97,64.01,63.94,63.995,19388
1732563600,64,64.015,63.99,64,13669
1732564200,64.005,64.01,63.97,64.01,35112
1732564800,64.005,64.055,63.99,64.055,27453
1732565400,64.06,64.095,64.01,64.025,11500
1732566000,64.02,64.06,63.995,64.04,37227
1732566600,64.04,64.04,63.98,64.005,44892
1732567200,64,64.04,63.99,64,54857
1732567800,64.01,64.38,63.9,64.34,181972
1732631400,64.3,64.47,64.06,64.31,101160
1732632000,64.32,64.49,64.3,64.39,53984
1732632600,64.4,64.58,64.37,64.55,47384
1732633200,64.55,64.575,64.4,64.41,31626
1732633800,64.405,64.54,64.365,64.54,30655
1732634400,64.54,64.57,64.45,64.495,23062
1732635000,64.495,64.52,64.37,64.37,23373
1732635600,64.37,64.42,64.29,64.295,16526
1732636200,64.3,64.35,64.27,64.3,14238
1732636800,64.295,64.36,64.295,64.31,14073
1732637400,64.32,64.36,64.3,64.32,13333
1732638000,64.32,64.39,64.315,64.39,21432
1732638600,64.385,64.47,64.36,64.46,14734
1732639200,64.46,64.54,64.43,64.515,21037
1732639800,64.515,64.52,64.41,64.46,26124
1732640400,64.445,64.48,64.4,64.43,7233
1732641000,64.43,64.44,64.4,64.405,11481
1732641600,64.4,64.4,64.26,64.27,15534
1732642200,64.27,64.34,64.27,64.34,5906
1732642800,64.35,64.38,64.33,64.355,10077
1732643400,64.36,64.435,64.36,64.43,9674
1732644000,64.44,64.55,64.41,64.55,22560
1732644600,64.55,64.56,64.49,64.52,8161
1732645200,64.52,64.52,64.47,64.47,8252
1732645800,64.47,64.49,64.44,64.47,12378
1732646400,64.48,64.52,64.48,64.52,9649
1732647000,64.52,64.57,64.5,64.57,13537
1732647600,64.565,64.585,64.5,64.53,21738
1732648200,64.535,64.55,64.495,64.51,13126
1732648800,64.5,64.54,64.5,64.535,22782
1732649400,64.53,64.555,64.52,64.54,15661
1732650000,64.54,64.6,64.54,64.585,13669
1732650600,64.58,64.6,64.565,64.575,13280
1732651200,64.58,64.6,64.57,64.57,13480
1732651800,64.57,64.6,64.56,64.6,13664
1732652400,64.59,64.605,64.54,64.54,19782
1732653000,64.54,64.62,64.54,64.575,26461
1732653600,64.57,64.61,64.57,64.59,25222
1732654200,64.6,64.64,64.54,64.58,130699
1732717800,64.96,64.97,64.59,64.94,122843
1732718400,64.92,65.005,64.87,64.91,48982
1732719000,64.9,64.93,64.825,64.87,15636
1732719600,64.85,64.87,64.79,64.83,20828
1732720200,64.82,64.95,64.79,64.95,28258
1732720800,64.95,65,64.925,64.97,26685
1732721400,64.97,65.06,64.96,65.05,40804
1732722000,65.04,65.1,64.925,64.93,30922
1732722600,64.93,64.95,64.875,64.89,22014
1732723200,64.89,64.925,64.86,64.875,18750
1732723800,64.88,64.955,64.875,64.94,23650
1732724400,64.93,64.97,64.875,64.89,18946
1732725000,64.885,64.95,64.85,64.94,21905
1732725600,64.94,64.94,64.87,64.92,14968
1732726200,64.915,64.95,64.885,64.95,11273
1732726800,64.96,65.015,64.95,64.955,15355
1732727400,64.96,64.97,64.9,64.91,21007
1732728000,64.91,64.935,64.88,64.89,9904
1732728600,64.895,64.92,64.85,64.92,22499
1732729200,64.925,64.925,64.81,64.81,25050
1732729800,64.805,64.825,64.78,64.78,26644
1732730400,64.78,64.78,64.665,64.68,21612
1732731000,64.675,64.69,64.63,64.63,8894
1732731600,64.62,64.62,64.57,64.57,18027
1732732200,64.565,64.59,64.55,64.57,17449
1732732800,64.56,64.565,64.52,64.52,18297
1732733400,64.53,64.555,64.51,64.52,11962
1732734000,64.525,64.55,64.5,64.52,18403
1732734600,64.52,64.54,64.49,64.515,24006
1732735200,64.515,64.53,64.485,64.495,23932
1732735800,64.5,64.52,64.48,64.49,13490
1732736400,64.49,64.52,64.49,64.5,14410
1732737000,64.5,64.52,64.47,64.505,21887
1732737600,64.5,64.5,64.41,64.415,24279
1732738200,64.415,64.42,64.315,64.35,15023
1732738800,64.34,64.36,64.33,64.335,7820
1732739400,64.335,64.345,64.26,64.26,27018
1732740000,64.265,64.385,64.25,64.385,38659
1732740600,64.39,64.5,64.38,64.455,127067
1732890600,64.03,64.06,63.79,63.84,56887
1732891200,63.85,64.12,63.83,63.93,30043
1732891800,63.94,64.12,63.93,64.075,19711
1732892400,64.075,64.18,64.075,64.13,16158
1732893000,64.13,64.16,64.045,64.05,17858
1732893600,64.045,64.17,64.04,64.16,18167
1732894200,64.16,64.175,64.1,64.125,15165
1732894800,64.125,64.125,64.01,64.07,14851
1732895400,64.07,64.195,64.035,64.195,35691
1732896000,64.19,64.245,64.16,64.235,25586
1732896600,64.235,64.25,64.195,64.22,17170
1732897200,64.225,64.245,64.17,64.21,14606
1732897800,64.2,64.21,64.145,64.18,15416
1732898400,64.185,64.19,64.11,64.11,8196
1732899000,64.11,64.175,64.11,64.15,15416
1732899600,64.145,64.21,64.145,64.19,12321
1732900200,64.2,64.23,64.18,64.21,15402
1732900800,64.21,64.215,64.14,64.15,22664
1732901400,64.14,64.195,64.14,64.19,11068
1732902000,64.19,64.2,64.12,64.14,27601
1732902600,64.15,64.16,64.03,64.11,140343
1733149800,64.02,64.17,63.52,63.55,59332
1733150400,63.55,63.65,63.41,63.42,41256
1733151000,63.42,63.53,63.345,63.53,34807
1733151600,63.53,63.56,63.42,63.49,15951
1733152200,63.5,63.52,63.45,63.52,20697
1733152800,63.52,63.6,63.48,63.6,25593
1733153400,63.6,63.82,63.6,63.82,25252
1733154000,63.83,63.95,63.82,63.93,24338
1733154600,63.94,63.945,63.835,63.86,13071
1733155200,63.87,63.87,63.77,63.795,19134
1733155800,63.8,63.805,63.72,63.73,18877
1733156400,63.73,63.785,63.72,63.77,17991
1733157000,63.765,63.78,63.71,63.71,28213
1733157600,63.72,63.73,63.69,63.7,11989
1733158200,63.7,63.72,63.62,63.665,14918
1733158800,63.67,63.69,63.65,63.65,9223
1733159400,63.65,63.65,63.57,63.59,13565
1733160000,63.6,63.62,63.575,63.6,11580
1733160600,63.6,63.65,63.6,63.63,11631
1733161200,63.63,63.64,63.57,63.585,9506
1733161800,63.59,63.66,63.58,63.59,13402
1733162400,63.59,63.65,63.58,63.64,12005
1733163000,63.64,63.64,63.6,63.62,11869
1733163600,63.61,63.76,63.6,63.76,10602
1733164200,63.755,63.785,63.73,63.74,13022
1733164800,63.74,63.76,63.7,63.71,15522
1733165400,63.71,63.78,63.71,63.75,9325
1733166000,63.74,63.82,63.74,63.82,16051
1733166600,63.815,63.845,63.8,63.805,10574
1733167200,63.8,63.8,63.715,63.74,14995
1733167800,63.74,63.75,63.7,63.74,13645
1733168400,63.74,63.755,63.71,63.755,11767
1733169000,63.76,63.77,63.74,63.755,11975
1733169600,63.75,63.765,63.72,63.74,15352
1733170200,63.74,63.76,63.715,63.74,14292
1733170800,63.745,63.76,63.72,63.72,13933
1733171400,63.725,63.73,63.675,63.675,24562
1733172000,63.68,63.69,63.62,63.65,40848
1733172600,63.65,63.805,63.64,63.67,148605
1733236200,63.92,63.92,63.11,63.34,77079
1733236800,63.34,63.38,63.215,63.26,47487
1733237400,63.26,63.31,63.025,63.18,39109
1733238000,63.185,63.43,63.17,63.415,42989
1733238600,63.415,63.42,63.31,63.41,24083
1733239200,63.41,63.41,63.26,63.33,21847
1733239800,63.33,63.37,63.205,63.35,31315
1733240400,63.35,63.445,63.35,63.42,21356
1733241000,63.42,63.55,63.42,63.49,20863
1733241600,63.48,63.6,63.47,63.54,18872
1733242200,63.53,63.54,63.49,63.54,12484
1733242800,63.54,63.62,63.53,63.595,14660
1733243400,63.6,63.63,63.54,63.615,9691
1733244000,63.61,63.61,63.515,63.57,13701
1733244600,63.565,63.6,63.52,63.56,11275
1733245200,63.56,63.65,63.56,63.65,10043
1733245800,63.645,63.7,63.63,63.695,10561
1733246400,63.7,63.75,63.67,63.75,9722
1733247000,63.745,63.76,63.72,63.76,8779
1733247600,63.75,63.755,63.69,63.69,8843
1733248200,63.68,63.73,63.645,63.675,9122
1733248800,63.68,63.76,63.63,63.745,8246
1733249400,63.75,63.775,63.72,63.73,7137
1733250000,63.73,63.82,63.72,63.815,12246
1733250600,63.82,64.075,63.82,64.07,38825
1733251200,64.07,64.08,64,64.06,21154
1733251800,64.06,64.07,63.915,63.985,22440
1733252400,63.985,63.985,63.87,63.88,31609
1733253000,63.875,63.95,63.84,63.945,9651
1733253600,63.94,63.945,63.86,63.91,11251
1733254200,63.91,63.935,63.88,63.91,11614
1733254800,63.9,63.91,63.77,63.77,13484
1733255400,63.77,63.86,63.765,63.835,12300
1733256000,63.83,63.83,63.695,63.72,21906
1733256600,63.73,63.76,63.695,63.76,24780
1733257200,63.755,63.76,63.7,63.73,18568
1733257800,63.735,63.805,63.68,63.74,33331
1733258400,63.74,63.78,63.635,63.705,47003
1733259000,63.72,63.74,63.45,63.525,194238
1733322600,63.35,63.35,62.88,63.07,70774
1733323200,63.06,63.17,62.84,62.95,65533
1733323800,62.94,62.98,62.85,62.96,17756
1733324400,62.95,62.96,62.71,62.725,31688
1733325000,62.72,62.73,62.61,62.65,45374
1733325600,62.645,62.69,62.5,62.625,114174
1733326200,62.62,62.65,62.55,62.555,23281
1733326800,62.555,62.6,62.53,62.595,45163
1733327400,62.6,62.68,62.55,62.675,29234
1733328000,62.67,62.675,62.53,62.555,26349
1733328600,62.555,62.67,62.5,62.595,56317
1733329200,62.6,62.65,62.56,62.58,15102
1733329800,62.58,62.65,62.54,62.585,23744
1733330400,62.58,62.625,62.54,62.6,8785
1733331000,62.6,62.68,62.59,62.65,10157
1733331600,62.66,62.725,62.61,62.705,22234
1733332200,62.7,62.715,62.58,62.58,10486
1733332800,62.57,62.58,62.445,62.45,42172
1733333400,62.45,62.5,62.41,62.49,18347
1733334000,62.495,62.52,62.45,62.46,27772
1733334600,62.46,62.48,62.345,62.35,35496
1733335200,62.35,62.39,62.33,62.35,23222
1733335800,62.36,62.39,62.34,62.35,23506
1733336400,62.35,62.415,62.35,62.41,17122
1733337000,62.415,62.47,62.37,62.46,19529
1733337600,62.45,62.46,62.35,62.38,14846
1733338200,62.38,62.385,62.305,62.31,36397
1733338800,62.31,62.36,62.28,62.31,41161
1733339400,62.32,62.36,62.25,62.26,27876
1733340000,62.255,62.265,62.15,62.15,34740
1733340600,62.145,62.185,62.04,62.065,58863
1733341200,62.07,62.075,61.96,61.985,116653
1733341800,61.985,62.02,61.95,62,52438
1733342400,62,62.08,61.99,62.05,98201
1733343000,62.06,62.065,61.96,62.005,64447
1733343600,62,62.06,61.965,61.985,74952
1733344200,61.98,62.02,61.9,61.91,91727
1733344800,61.915,61.99,61.91,61.985,123985
1733345400,61.98,62.22,61.975,62.2,246158
1733409000,62.46,62.65,62.205,62.27,82837
1733409600,62.29,62.44,62.11,62.12,34983
1733410200,62.11,62.4,62.11,62.4,39775
1733410800,62.38,62.44,62.32,62.375,36252
1733411400,62.38,62.47,62.35,62.41,25254
1733412000,62.4,62.44,62.33,62.39,19760
1733412600,62.36,62.36,62.245,62.245,20457
1733413200,62.25,62.395,62.22,62.38,19618
1733413800,62.375,62.42,62.32,62.35,14994
1733414400,62.34,62.4,62.24,62.27,18686
1733415000,62.26,62.31,62.19,62.27,15207
1733415600,62.27,62.32,62.245,62.3,13295
1733416200,62.3,62.4,62.295,62.38,14130
1733416800,62.39,62.39,62.33,62.355,17450
1733417400,62.355,62.44,62.34,62.39,22726
1733418000,62.39,62.55,62.39,62.49,18047
1733418600,62.49,62.6,62.49,62.565,16034
1733419200,62.56,62.63,62.53,62.61,12344
1733419800,62.605,62.73,62.585,62.705,24599
1733420400,62.71,62.84,62.71,62.84,18899
1733421000,62.835,62.89,62.78,62.82,42790
1733421600,62.805,62.875,62.78,62.86,13069
1733422200,62.855,62.99,62.855,62.98,26979
1733422800,62.98,62.98,62.89,62.92,17961
1733423400,62.92,62.945,62.85,62.93,16467
1733424000,62.93,62.98,62.92,62.97,18526
1733424600,62.97,62.99,62.89,62.9,26473
1733425200,62.895,62.97,62.88,62.94,16562
1733425800,62.93,62.94,62.78,62.8,19431
1733426400,62.795,62.91,62.79,62.89,11321
1733427000,62.895,62.94,62.87,62.89,27665
1733427600,62.88,62.92,62.855,62.885,11959
1733428200,62.89,62.95,62.88,62.915,17096
1733428800,62.91,62.94,62.895,62.93,14638
1733429400,62.93,62.94,62.895,62.93,19487
1733430000,62.935,62.95,62.92,62.945,13855
1733430600,62.945,63.115,62.945,63.105,35015
1733431200,63.1,63.12,63.055,63.115,42226
1733431800,63.11,63.12,62.91,62.93,263563
1733495400,62.99,63.22,62.71,63.19,51823
1733496000,63.19,63.19,63.08,63.11,18101
1733496600,63.11,63.34,63.1,63.34,43187
1733497200,63.35,63.35,63.17,63.17,26612
1733497800,63.16,63.185,62.99,63.02,43487
1733498400,63.025,63.16,63,63.04,37233
1733499000,63.02,63.04,62.87,62.91,20720
1733499600,62.915,62.915,62.78,62.81,18002
1733500200,62.805,62.92,62.8,62.91,21480
1733500800,62.915,62.915,62.79,62.84,15861
1733501400,62.84,62.87,62.81,62.83,10297
1733502000,62.83,62.83,62.7,62.71,19832
1733502600,62.705,62.79,62.7,62.76,9189
1733503200,62.765,62.84,62.76,62.84,12455
1733503800,62.85,62.905,62.83,62.84,18083
1733504400,62.83,62.83,62.66,62.67,8033
1733505000,62.67,62.685,62.62,62.68,10492
1733505600,62.68,62.73,62.68,62.71,10169
1733506200,62.715,62.72,62.66,62.7,13882
1733506800,62.695,62.75,62.69,62.75,14352
1733507400,62.75,62.91,62.75,62.87,20402
1733508000,62.87,62.87,62.815,62.86,12703
1733508600,62.86,62.89,62.81,62.89,14784
1733509200,62.88,62.885,62.735,62.74,14638
1733509800,62.735,62.795,62.72,62.77,10179
1733510400,62.76,62.77,62.71,62.76,12510
1733511000,62.77,62.84,62.76,62.83,18327
1733511600,62.83,62.84,62.78,62.785,22021
1733512200,62.78,62.805,62.74,62.77,19301
1733512800,62.78,62.81,62.77,62.8,15197
1733513400,62.79,62.795,62.75,62.765,15054
1733514000,62.76,62.78,62.74,62.76,28964
1733514600,62.755,62.8,62.75,62.75,21497
1733515200,62.75,62.81,62.75,62.79,22928
1733515800,62.79,62.88,62.79,62.825,20742
1733516400,62.83,62.855,62.78,62.85,30612
1733517000,62.845,62.85,62.78,62.805,33504
1733517600,62.805,62.81,62.74,62.75,43700
1733518200,62.75,62.75,62.51,62.51,110335
1733754600,62.66,62.69,61.93,62.06,166085
1733755200,62.075,62.17,62.02,62.02,97915
1733755800,62.02,62.04,61.9,61.92,80667
1733756400,61.93,62.08,61.92,62.01,89981
1733757000,62.025,62.15,61.92,62.15,83124
1733757600,62.14,62.52,62.135,62.5,54539
1733758200,62.5,62.82,62.49,62.785,60263
1733758800,62.79,62.91,62.73,62.75,46580
1733759400,62.75,62.75,62.625,62.65,32620
1733760000,62.65,62.8,62.56,62.78,31887
1733760600,62.785,62.83,62.59,62.6,27904
1733761200,62.575,62.58,62.435,62.45,21468
1733761800,62.45,62.45,62.315,62.33,19527
1733762400,62.32,62.41,62.26,62.41,36831
1733763000,62.405,62.45,62.355,62.39,29421
1733763600,62.39,62.39,62.285,62.31,17784
1733764200,62.32,62.53,62.32,62.51,28666
1733764800,62.515,62.71,62.515,62.695,40178
1733765400,62.69,62.8,62.65,62.775,44547
1733766000,62.77,62.78,62.67,62.68,36351
1733766600,62.69,62.77,62.69,62.73,29579
1733767200,62.72,62.75,62.69,62.7,26369
1733767800,62.695,62.71,62.685,62.71,11535
1733768400,62.72,62.86,62.72,62.86,24311
1733769000,62.86,62.93,62.85,62.87,35009
1733769600,62.87,62.89,62.77,62.84,18036
1733770200,62.85,62.86,62.81,62.81,20929
1733770800,62.8,62.84,62.735,62.76,23192
1733771400,62.76,62.775,62.745,62.77,14697
1733772000,62.76,62.79,62.75,62.77,17320
1733772600,62.78,62.85,62.775,62.84,17212
1733773200,62.835,62.88,62.82,62.88,15121
1733773800,62.88,62.895,62.8,62.8,26650
1733774400,62.81,62.82,62.76,62.79,32183
1733775000,62.8,62.8,62.73,62.765,23116
1733775600,62.765,62.785,62.735,62.77,28704
1733776200,62.77,62.775,62.665,62.665,33661
1733776800,62.665,62.72,62.61,62.71,47152
1733777400,62.72,62.72,62.56,62.63,205874
1733841000,62.86,62.86,62.16,62.23,63125
1733841600,62.24,62.24,61.96,61.96,95381
1733842200,61.96,62.03,61.87,61.95,58328
1733842800,61.94,61.98,61.79,61.9,84835
1733843400,61.9,62.18,61.9,62.16,25308
1733844000,62.16,62.3,62.16,62.245,16145
1733844600,62.245,62.33,62.21,62.305,21639
1733845200,62.3,62.395,62.27,62.36,29248
1733845800,62.355,62.48,62.35,62.445,23005
1733846400,62.445,62.55,62.41,62.55,22874
1733847000,62.55,62.57,62.5,62.52,13572
1733847600,62.52,62.59,62.46,62.58,15911
1733848200,62.57,62.72,62.555,62.72,33914
1733848800,62.73,62.73,62.625,62.625,14242
1733849400,62.625,62.64,62.565,62.58,16844
1733850000,62.59,62.655,62.575,62.64,8257
1733850600,62.645,62.67,62.63,62.63,24926
1733851200,62.62,62.62,62.56,62.57,11022
1733851800,62.57,62.595,62.52,62.54,7152
1733852400,62.53,62.57,62.5,62.555,15412
1733853000,62.55,62.585,62.545,62.56,5329
1733853600,62.55,62.55,62.5,62.545,9820
1733854200,62.545,62.6,62.545,62.58,10023
1733854800,62.58,62.595,62.51,62.515,10280
1733855400,62.51,62.52,62.485,62.51,11488
1733856000,62.51,62.545,62.475,62.54,8954
1733856600,62.545,62.595,62.54,62.595,11077
1733857200,62.59,62.61,62.53,62.595,9889
1733857800,62.6,62.615,62.555,62.58,10374
1733858400,62.59,62.6,62.555,62.565,8695
1733859000,62.565,62.64,62.555,62.63,35141
1733859600,62.63,62.795,62.63,62.79,26726
1733860200,62.79,62.84,62.74,62.84,16579
1733860800,62.845,62.955,62.84,62.9,20394
1733861400,62.9,62.925,62.86,62.9,20925
1733862000,62.91,63.02,62.88,63.015,28357
1733862600,63.015,63.035,62.94,62.95,30676
1733863200,62.945,62.97,62.875,62.875,39203
1733863800,62.88,62.94,62.79,62.94,155481
1733927400,62.99,63.48,62.93,63.37,62461
1733928000,63.38,63.38,63.1,63.1,66165
1733928600,63.09,63.155,63.02,63.06,24990
1733929200,63.05,63.23,63.04,63.215,42916
1733929800,63.21,63.385,63.19,63.345,49639
1733930400,63.36,63.49,63.32,63.375,51360
1733931000,63.38,63.42,63.3,63.4,23187
1733931600,63.395,63.43,63.36,63.38,14035
1733932200,63.385,63.475,63.37,63.41,27814
1733932800,63.42,63.47,63.33,63.43,38445
1733933400,63.42,63.47,63.37,63.47,14853
1733934000,63.47,63.48,63.4,63.41,11793
1733934600,63.415,63.53,63.38,63.51,17146
1733935200,63.52,63.595,63.51,63.52,19295
1733935800,63.52,63.53,63.435,63.475,15792
1733936400,63.48,63.55,63.47,63.525,16304
1733937000,63.52,63.6,63.47,63.555,54508
1733937600,63.55,63.63,63.5,63.6,63296
1733938200,63.61,63.62,63.43,63.46,23647
1733938800,63.45,63.54,63.42,63.535,14919
1733939400,63.545,63.545,63.47,63.48,7361
1733940000,63.49,63.49,63.42,63.42,13673
1733940600,63.42,63.42,63.27,63.28,16382
1733941200,63.27,63.27,63.19,63.215,16785
1733941800,63.21,63.22,62.97,62.97,31536
1733942400,62.965,63.02,62.92,62.93,28189
1733943000,62.935,62.95,62.84,62.885,16196
1733943600,62.885,62.885,62.82,62.875,15690
1733944200,62.875,62.93,62.81,62.835,31225
1733944800,62.83,62.83,62.62,62.64,47048
1733945400,62.64,62.64,62.48,62.55,53396
1733946000,62.545,62.65,62.49,62.62,24368
1733946600,62.62,62.645,62.57,62.575,16575
1733947200,62.575,62.69,62.575,62.6,33636
1733947800,62.6,62.66,62.58,62.59,29668
1733948400,62.595,62.63,62.53,62.615,25333
1733949000,62.62,62.64,62.52,62.55,29774
1733949600,62.54,62.55,62.4,62.44,44408
1733950200,62.47,62.74,62.45,62.625,258061
1734013800,63.56,63.7,63.21,63.37,95154
1734014400,63.36,63.52,63.34,63.48,46058
1734015000,63.49,63.695,63.43,63.65,74830
1734015600,63.65,63.73,63.59,63.67,31791
1734016200,63.66,63.72,63.54,63.54,32724
1734016800,63.54,63.7,63.48,63.68,16888
1734017400,63.68,63.735,63.63,63.69,16094
1734018000,63.68,63.705,63.56,63.63,15712
1734018600,63.63,63.72,63.63,63.66,13103
1734019200,63.66,63.66,63.5,63.54,16970
1734019800,63.55,63.69,63.55,63.69,10140
1734020400,63.7,63.79,63.7,63.78,17730
1734021000,63.775,63.8,63.7,63.705,13056
1734021600,63.71,63.8,63.7,63.76,13191
1734022200,63.76,63.78,63.605,63.61,19383
1734022800,63.62,63.655,63.57,63.58,15430
1734023400,63.59,63.675,63.55,63.675,6501
1734024000,63.675,63.675,63.61,63.63,10116
1734024600,63.62,63.64,63.6,63.63,8869
1734025200,63.625,63.625,63.54,63.54,13143
1734025800,63.54,63.585,63.51,63.585,13906
1734026400,63.585,63.62,63.54,63.61,8516
1734027000,63.605,63.605,63.55,63.55,8828
1734027600,63.55,63.64,63.52,63.525,18720
1734028200,63.525,63.61,63.525,63.58,8399
1734028800,63.58,63.585,63.44,63.44,12530
1734029400,63.435,63.5,63.425,63.45,10959
1734030000,63.45,63.49,63.375,63.45,20172
1734030600,63.45,63.485,63.41,63.48,13376
1734031200,63.48,63.52,63.43,63.495,17383
1734031800,63.49,63.49,63.42,63.45,11960
1734032400,63.45,63.475,63.42,63.47,12835
1734033000,63.475,63.475,63.43,63.475,19447
1734033600,63.47,63.59,63.465,63.585,23754
1734034200,63.585,63.63,63.555,63.63,15555
1734034800,63.63,63.75,63.62,63.72,31891
1734035400,63.725,63.875,63.725,63.82,60030
1734036000,63.82,63.855,63.735,63.76,43896
1734036600,63.75,63.915,63.72,63.845,203346
1734100200,63.55,63.77,63.11,63.59,61029
1734100800,63.58,63.71,63.52,63.69,25435
1734101400,63.685,63.7,63.23,63.23,42254
1734102000,63.23,63.36,63.115,63.33,47175
1734102600,63.335,63.47,63.31,63.39,26100
1734103200,63.4,63.59,63.34,63.57,31384
1734103800,63.57,63.58,63.42,63.58,27453
1734104400,63.58,63.61,63.51,63.55,23422
1734105000,63.55,63.8,63.5,63.8,24788
1734105600,63.8,63.83,63.7,63.77,22669
1734106200,63.77,63.81,63.645,63.645,17412
1734106800,63.65,63.76,63.645,63.71,15156
1734107400,63.7,63.73,63.65,63.71,24141
1734108000,63.7,63.79,63.69,63.76,14498
1734108600,63.76,63.82,63.74,63.74,15996
1734109200,63.73,63.73,63.63,63.63,11236
1734109800,63.63,63.67,63.565,63.58,8863
1734110400,63.59,63.65,63.56,63.65,10911
1734111000,63.64,63.67,63.62,63.645,14907
1734111600,63.645,63.645,63.52,63.53,15075
1734112200,63.53,63.53,63.395,63.395,17489
1734112800,63.395,63.46,63.38,63.455,19269
1734113400,63.46,63.49,63.44,63.455,19407
1734114000,63.455,63.48,63.435,63.48,16839
1734114600,63.48,63.49,63.455,63.48,15307
1734115200,63.48,63.485,63.42,63.42,8466
1734115800,63.425,63.44,63.41,63.42,5906
1734116400,63.42,63.47,63.41,63.43,11174
1734117000,63.43,63.44,63.4,63.4,6330
1734117600,63.4,63.4,63.32,63.335,9827
1734118200,63.335,63.41,63.335,63.38,10258
1734118800,63.38,63.4,63.345,63.36,8080
1734119400,63.365,63.41,63.33,63.355,32931
1734120000,63.355,63.41,63.35,63.37,16742
1734120600,63.38,63.42,63.37,63.4,10276
1734121200,63.4,63.45,63.4,63.43,13706
1734121800,63.42,63.455,63.385,63.415,25356
1734122400,63.42,63.425,63.32,63.34,23869
1734123000,63.35,63.35,63.11,63.13,98401
1734359400,63.28,63.84,63.12,63.57,113948
1734360000,63.57,63.61,63.21,63.23,29792
1734360600,63.25,63.4,63.21,63.36,27484
1734361200,63.37,63.63,63.34,63.56,26156
1734361800,63.555,63.66,63.51,63.66,16391
1734362400,63.67,63.7,63.61,63.61,31229
1734363000,63.61,63.68,63.485,63.58,51325
1734363600,63.59,63.61,63.47,63.54,33887
1734364200,63.54,63.62,63.4,63.44,28323
1734364800,63.455,63.47,63.28,63.45,34694
1734365400,63.45,63.485,63.31,63.34,23486
1734366000,63.35,63.37,63.22,63.25,26703
1734366600,63.24,63.315,63.195,63.27,17644
1734367200,63.265,63.29,63.16,63.24,20702
1734367800,63.245,63.27,63.165,63.165,17032
1734368400,63.16,63.19,63.11,63.14,18273
1734369000,63.13,63.13,63.055,63.095,28007
1734369600,63.1,63.12,63.02,63.055,16831
1734370200,63.05,63.105,63,63.09,18385
1734370800,63.09,63.15,63.06,63.06,17187
1734371400,63.06,63.06,62.85,62.85,56769
1734372000,62.83,62.84,62.67,62.69,33342
1734372600,62.69,62.81,62.69,62.78,23784
1734373200,62.79,62.85,62.74,62.81,17078
1734373800,62.81,62.86,62.73,62.84,28122
1734374400,62.84,62.85,62.8,62.83,13364
1734375000,62.82,62.855,62.79,62.795,14810
1734375600,62.795,62.82,62.775,62.8,19729
1734376200,62.805,62.81,62.72,62.77,40510
1734376800,62.76,62.78,62.7,62.7,16489
1734377400,62.69,62.71,62.64,62.68,19570
1734378000,62.675,62.7,62.605,62.61,35584
1734378600,62.62,62.7,62.62,62.625,23029
1734379200,62.62,62.66,62.595,62.6,20613
1734379800,62.605,62.66,62.5,62.54,45589
1734380400,62.54,62.58,62.51,62.55,48219
1734381000,62.54,62.59,62.51,62.55,34243
1734381600,62.545,62.56,62.415,62.475,43922
1734382200,62.48,62.575,62.35,62.575,128985
1734445800,62.5,63.18,62.32,63.05,73943
1734446400,63.01,63.13,62.87,63.07,23910
1734447000,63.05,63.18,62.93,63.17,27019
1734447600,63.17,63.325,63.15,63.205,29315
1734448200,63.205,63.39,63.175,63.39,38872
1734448800,63.39,63.44,63.335,63.4,37433
1734449400,63.4,63.42,63.325,63.41,33281
1734450000,63.42,63.54,63.37,63.54,31564
1734450600,63.54,63.545,63.335,63.36,29605
1734451200,63.37,63.49,63.365,63.45,60154
1734451800,63.45,63.47,63.375,63.465,27105
1734452400,63.465,63.465,63.215,63.28,34299
1734453000,63.29,63.32,63.235,63.235,30657
1734453600,63.23,63.41,63.22,63.4,21929
1734454200,63.4,63.455,63.37,63.45,24260
1734454800,63.445,63.5,63.36,63.38,29608
1734455400,63.39,63.48,63.38,63.48,16258
1734456000,63.48,63.5,63.375,63.41,29694
1734456600,63.42,63.445,63.38,63.4,22051
1734457200,63.41,63.455,63.31,63.315,28014
1734457800,63.32,63.425,63.32,63.4,10856
1734458400,63.4,63.415,63.27,63.3,14846
1734459000,63.31,63.31,63.24,63.31,11204
1734459600,63.31,63.39,63.3,63.39,12004
1734460200,63.4,63.4,63.29,63.38,18604
1734460800,63.375,63.445,63.375,63.395,12874
1734461400,63.39,63.42,63.32,63.42,16377
1734462000,63.415,63.48,63.35,63.37,18923
1734462600,63.37,63.42,63.36,63.37,18713
1734463200,63.375,63.43,63.37,63.43,22628
1734463800,63.42,63.425,63.36,63.39,19514
1734464400,63.4,63.42,63.36,63.4,22679
1734465000,63.41,63.42,63.37,63.385,15624
1734465600,63.39,63.45,63.365,63.445,32879
1734466200,63.445,63.5,63.415,63.48,28220
1734466800,63.49,63.5,63.39,63.4,31947
1734467400,63.41,63.42,63.32,63.34,34897
1734468000,63.345,63.46,63.335,63.43,26997
1734468600,63.42,63.49,63.37,63.44,167109
1734532200,62.98,63.27,62.79,63.12,38340
1734532800,63.115,63.255,62.97,63.24,30889
1734533400,63.24,63.48,63.24,63.435,32922
1734534000,63.43,63.475,63.34,63.47,31224
1734534600,63.48,63.58,63.4,63.57,47441
1734535200,63.57,63.64,63.43,63.45,29691
1734535800,63.44,63.475,63.4,63.45,19478
1734536400,63.45,63.53,63.42,63.48,19715
1734537000,63.49,63.545,63.41,63.43,15561
1734537600,63.43,63.455,63.39,63.4,29288
1734538200,63.405,63.48,63.36,63.48,17866
1734538800,63.49,63.5,63.4,63.44,15281
1734539400,63.44,63.55,63.43,63.55,17321
1734540000,63.55,63.55,63.49,63.53,12175
1734540600,63.53,63.55,63.49,63.515,11615
1734541200,63.51,63.56,63.48,63.5,13772
1734541800,63.51,63.6,63.51,63.6,12402
1734542400,63.59,63.62,63.51,63.53,19384
1734543000,63.535,63.55,63.52,63.52,7603
1734543600,63.525,63.535,63.46,63.47,11714
1734544200,63.46,63.48,63.42,63.47,7589
1734544800,63.47,63.49,63.43,63.46,16390
1734545400,63.46,63.49,63.43,63.455,22143
1734546000,63.45,63.46,63.34,63.35,26007
1734546600,63.34,63.445,63.26,63.41,32416
1734547200,63.405,63.41,63.35,63.36,23527
1734547800,63.36,63.39,63.31,63.31,16813
1734548400,63.32,63.32,63.13,63.2,28444
1734549000,63.2,63.2,63.11,63.16,17399
1734549600,63.17,63.21,63.15,63.15,14665
1734550200,63.16,63.37,63.16,63.37,45102
1734550800,63.37,63.41,63.27,63.27,31069
1734551400,63.26,63.34,63.22,63.34,36118
1734552000,63.34,63.47,63.3,63.43,42458
1734552600,63.43,63.58,63.42,63.53,41646
1734553200,63.53,63.58,63.465,63.52,49089
1734553800,63.52,63.57,63.47,63.47,49736
1734554400,63.46,63.51,63.105,63.12,67617
1734555000,63.17,63.17,62.8,62.83,253636
1734618600,62.68,63.03,62.42,62.93,75258
1734619200,62.92,62.93,62.58,62.65,30963
1734619800,62.64,62.72,62.5,62.68,26858
1734620400,62.71,62.92,62.65,62.88,30089
1734621000,62.87,62.87,62.705,62.84,24131
1734621600,62.85,63,62.78,63,27258
1734622200,62.98,63,62.89,62.96,25401
1734622800,62.95,62.98,62.83,62.87,27219
1734623400,62.87,62.97,62.825,62.87,22642
1734624000,62.87,62.93,62.785,62.88,15973
1734624600,62.9,62.94,62.8,62.91,22216
1734625200,62.9,62.99,62.86,62.97,22072
1734625800,62.95,62.95,62.85,62.85,16737
1734626400,62.85,62.94,62.85,62.92,10215
1734627000,62.92,62.92,62.74,62.77,14008
1734627600,62.77,62.87,62.77,62.85,9133
1734628200,62.85,62.93,62.84,62.91,15922
1734628800,62.92,62.97,62.87,62.94,8619
1734629400,62.94,63.05,62.87,63.04,18652
1734630000,63.04,63.13,63.03,63.06,25036
1734630600,63.05,63.08,63.01,63.045,18253
1734631200,63.045,63.15,62.94,63.13,15185
1734631800,63.12,63.14,63.03,63.05,17904
1734632400,63.05,63.17,63.03,63.16,21441
1734633000,63.15,63.16,63.105,63.105,30760
1734633600,63.1,63.115,63.07,63.1,12531
1734634200,63.09,63.14,63.09,63.14,11294
1734634800,63.13,63.16,62.89,62.9,17125
1734635400,62.895,62.9,62.84,62.9,11086
1734636000,62.9,62.935,62.865,62.92,15675
1734636600,62.91,62.93,62.87,62.91,12744
1734637200,62.91,62.94,62.84,62.84,14391
1734637800,62.85,62.9,62.76,62.76,20865
1734638400,62.765,62.81,62.735,62.735,26089
1734639000,62.73,62.79,62.675,62.71,32389
1734639600,62.71,62.75,62.63,62.66,36205
1734640200,62.67,62.835,62.65,62.83,49183
1734640800,62.82,62.83,62.74,62.77,49918
1734641400,62.78,62.81,62.4,62.44,205003
1734705000,62.51,62.65,62.29,62.46,64881
1734705600,62.45,62.6,62.44,62.53,35846
1734706200,62.54,62.63,62.46,62.51,21602
1734706800,62.52,62.58,62.415,62.44,31961
1734707400,62.435,62.455,62.38,62.45,30815
1734708000,62.44,62.48,62.34,62.47,21831
1734708600,62.47,62.55,62.33,62.33,24101
1734709200,62.33,62.52,62.295,62.505,20238
1734709800,62.51,62.51,62.41,62.43,16258
1734710400,62.42,62.66,62.42,62.66,16784
1734711000,62.66,62.86,62.64,62.84,29719
1734711600,62.83,62.96,62.81,62.96,16484
1734712200,62.965,62.99,62.875,62.94,21625
1734712800,62.94,63.04,62.92,62.95,27199
1734713400,62.955,63.04,62.915,62.975,25572
1734714000,62.97,63.01,62.9,63.01,28223
1734714600,63.005,63.055,62.98,62.98,17422
1734715200,62.98,63.01,62.915,62.945,19359
1734715800,62.94,62.96,62.82,62.82,16620
1734716400,62.805,62.95,62.765,62.95,21531
1734717000,62.95,62.97,62.875,62.94,15259
1734717600,62.93,62.93,62.85,62.87,9899
1734718200,62.87,62.97,62.87,62.97,10047
1734718800,62.96,62.96,62.855,62.86,13061
1734719400,62.86,62.915,62.765,62.77,15770
1734720000,62.77,62.84,62.76,62.77,21623
1734720600,62.77,62.815,62.71,62.71,16256
1734721200,62.71,62.785,62.69,62.78,14027
1734721800,62.78,62.83,62.77,62.83,15996
1734722400,62.84,62.935,62.825,62.93,18195
1734723000,62.94,62.97,62.88,62.9,20617
1734723600,62.9,62.95,62.86,62.92,11298
1734724200,62.91,62.92,62.84,62.865,18332
1734724800,62.87,62.905,62.78,62.8,18983
1734725400,62.81,62.855,62.77,62.79,33045
1734726000,62.79,62.79,62.695,62.7,32475
1734726600,62.71,62.81,62.64,62.8,47181
1734727200,62.79,62.81,62.71,62.73,54814
1734727800,62.73,62.82,62.53,62.58,284815
1734964200,62.52,62.76,62.38,62.39,53282
1734964800,62.41,62.47,62.11,62.12,42665
1734965400,62.11,62.13,61.89,61.93,54996
1734966000,61.92,62.025,61.895,61.96,56658
1734966600,61.97,62.05,61.95,62.03,25753
1734967200,62.03,62.05,61.9,61.94,19835
1734967800,61.94,61.945,61.82,61.83,24067
1734968400,61.83,61.89,61.76,61.8,24570
1734969000,61.79,61.87,61.76,61.865,16791
1734969600,61.87,61.93,61.84,61.87,39433
1734970200,61.87,61.935,61.87,61.92,11593
1734970800,61.925,61.99,61.885,61.9,12689
1734971400,61.9,61.96,61.82,61.82,27487
1734972000,61.815,61.9,61.81,61.9,20345
1734972600,61.9,61.92,61.79,61.79,21416
1734973200,61.79,61.84,61.65,61.69,35052
1734973800,61.68,61.695,61.56,61.59,22653
1734974400,61.58,61.63,61.565,61.58,21300
1734975000,61.57,61.635,61.54,61.6,21252
1734975600,61.6,61.74,61.595,61.73,12900
1734976200,61.72,61.77,61.71,61.72,12120
1734976800,61.72,61.77,61.67,61.72,16236
1734977400,61.715,61.825,61.695,61.785,11516
1734978000,61.78,61.85,61.755,61.85,15432
1734978600,61.85,61.9,61.83,61.895,13748
1734979200,61.89,61.89,61.77,61.8,18359
1734979800,61.81,61.88,61.81,61.83,18585
1734980400,61.83,61.95,61.83,61.95,18699
1734981000,61.96,62.05,61.94,62.04,17323
1734981600,62.04,62.065,61.93,61.93,16729
1734982200,61.93,61.95,61.88,61.88,14322
1734982800,61.88,61.89,61.845,61.865,21993
1734983400,61.87,61.96,61.87,61.96,43345
1734984000,61.97,62.06,61.955,61.98,15242
1734984600,61.99,62.125,61.99,62.11,29816
1734985200,62.12,62.21,62.12,62.17,16698
1734985800,62.18,62.24,62.14,62.22,25844
1734986400,62.22,62.33,62.21,62.32,30207
1734987000,62.31,62.41,62.31,62.37,122785
1735050600,62.19,62.39,62.01,62.325,34524
1735051200,62.325,62.415,62.29,62.415,23905
1735051800,62.415,62.465,62.37,62.37,11769
1735052400,62.37,62.47,62.37,62.42,14266
1735053000,62.42,62.49,62.42,62.46,22493
1735053600,62.46,62.5,62.42,62.43,10217
1735054200,62.42,62.55,62.4,62.55,19788
1735054800,62.53,62.635,62.53,62.54,17586
1735055400,62.53,62.53,62.425,62.46,9719
1735056000,62.47,62.56,62.45,62.55,10384
1735056600,62.55,62.57,62.515,62.515,8711
1735057200,62.52,62.55,62.495,62.495,5554
1735057800,62.5,62.55,62.5,62.55,7785
1735058400,62.55,62.58,62.54,62.57,4729
1735059000,62.56,62.565,62.46,62.51,8728
1735059600,62.51,62.55,62.5,62.545,7314
1735060200,62.54,62.59,62.54,62.59,8620
1735060800,62.59,62.66,62.59,62.64,9928
1735061400,62.635,62.69,62.575,62.69,15506
1735062000,62.685,62.73,62.67,62.71,12242
1735062600,62.71,62.82,62.71,62.775,59073
1735223400,62.61,62.69,62.49,62.53,30154
1735224000,62.53,62.53,62.43,62.48,21586
1735224600,62.48,62.59,62.465,62.57,15703
1735225200,62.58,62.71,62.56,62.67,17374
1735225800,62.665,62.68,62.58,62.58,8870
1735226400,62.58,62.6,62.505,62.505,20621
1735227000,62.51,62.515,62.43,62.44,15501
1735227600,62.44,62.495,62.4,62.485,12743
1735228200,62.485,62.495,62.445,62.485,17769
1735228800,62.48,62.485,62.41,62.41,8549
1735229400,62.41,62.49,62.41,62.49,7146
1735230000,62.485,62.54,62.47,62.51,10976
1735230600,62.505,62.59,62.5,62.59,8159
1735231200,62.59,62.665,62.58,62.66,18745
1735231800,62.66,62.675,62.63,62.65,7354
1735232400,62.655,62.7,62.655,62.7,7041
1735233000,62.695,62.7,62.66,62.685,5709
1735233600,62.68,62.74,62.66,62.71,12340
1735234200,62.71,62.715,62.665,62.665,3715
1735234800,62.665,62.705,62.645,62.67,7757
1735235400,62.67,62.67,62.645,62.66,4656
1735236000,62.665,62.695,62.64,62.675,6874
1735236600,62.675,62.675,62.57,62.59,10485
1735237200,62.59,62.62,62.58,62.585,8072
1735237800,62.58,62.64,62.55,62.625,9386
1735238400,62.62,62.635,62.58,62.635,13928
1735239000,62.63,62.69,62.61,62.67,6132
1735239600,62.67,62.67,62.57,62.58,10870
1735240200,62.58,62.615,62.57,62.6,9482
1735240800,62.6,62.65,62.59,62.64,6836
1735241400,62.645,62.69,62.645,62.67,8861
1735242000,62.67,62.67,62.595,62.61,10423
1735242600,62.61,62.62,62.585,62.59,8936
1735243200,62.59,62.61,62.575,62.59,10266
1735243800,62.595,62.595,62.56,62.57,22607
1735244400,62.56,62.605,62.555,62.59,9431
1735245000,62.6,62.63,62.535,62.63,17611
1735245600,62.62,62.63,62.56,62.58,13005
1735246200,62.58,62.685,62.56,62.58,58844
1735309800,62.35,62.69,62.21,62.65,32840
1735310400,62.66,62.86,62.66,62.85,40238
1735311000,62.855,62.87,62.71,62.84,19409
1735311600,62.85,62.92,62.79,62.92,16631
1735312200,62.92,62.95,62.82,62.86,18413
1735312800,62.85,62.94,62.8,62.8,19883
1735313400,62.8,62.84,62.75,62.8,13518
1735314000,62.79,62.835,62.75,62.77,7762
1735314600,62.77,62.775,62.59,62.6,11471
1735315200,62.6,62.6,62.525,62.575,9676
1735315800,62.575,62.59,62.54,62.57,6605
1735316400,62.57,62.58,62.52,62.55,10992
1735317000,62.56,62.71,62.53,62.67,20077
1735317600,62.675,62.68,62.5,62.52,14123
1735318200,62.51,62.51,62.43,62.45,12087
1735318800,62.445,62.47,62.39,62.42,23007
1735319400,62.43,62.445,62.41,62.445,5927
1735320000,62.44,62.46,62.39,62.43,6518
1735320600,62.425,62.47,62.37,62.38,6652
1735321200,62.37,62.385,62.33,62.34,12939
1735321800,62.35,62.39,62.35,62.36,7007
1735322400,62.37,62.43,62.37,62.41,6165
1735323000,62.41,62.46,62.4,62.43,9802
1735323600,62.44,62.48,62.4,62.42,9894
1735324200,62.41,62.555,62.395,62.52,16252
1735324800,62.515,62.59,62.43,62.45,11420
1735325400,62.45,62.49,62.45,62.47,12605
1735326000,62.45,62.51,62.445,62.505,7364
1735326600,62.505,62.59,62.49,62.59,10084
1735327200,62.595,62.595,62.56,62.57,7944
1735327800,62.58,62.58,62.55,62.58,6400
1735328400,62.58,62.59,62.54,62.56,8514
1735329000,62.56,62.595,62.53,62.54,12219
1735329600,62.55,62.55,62.44,62.475,9084
1735330200,62.47,62.48,62.43,62.445,22208
1735330800,62.45,62.47,62.425,62.46,8143
1735331400,62.44,62.455,62.42,62.42,12247
1735332000,62.42,62.505,62.38,62.505,27028
1735332600,62.51,62.61,62.43,62.47,173890
1735569000,62.13,62.33,61.81,61.84,46021
1735569600,61.83,61.89,61.75,61.8,14846
1735570200,61.79,61.91,61.685,61.89,17092
1735570800,61.89,61.96,61.85,61.92,19305
1735571400,61.91,61.91,61.84,61.89,15889
1735572000,61.88,62,61.84,61.935,13482
1735572600,61.93,61.98,61.83,61.85,5974
1735573200,61.86,61.895,61.75,61.76,24195
1735573800,61.77,61.82,61.76,61.78,7825
1735574400,61.8,61.94,61.795,61.94,6894
1735575000,61.93,61.97,61.91,61.97,7637
1735575600,61.97,62.02,61.93,62,5147
1735576200,62.01,62.06,62,62.03,4916
1735576800,62.03,62.06,61.91,61.91,9162
1735577400,61.92,61.98,61.89,61.97,7474
1735578000,61.965,62.03,61.965,62.01,6919
1735578600,62.01,62.115,62.01,62.115,8580
1735579200,62.12,62.185,62.1,62.135,12320
1735579800,62.12,62.155,62.11,62.13,6565
1735580400,62.13,62.16,62.06,62.15,5730
1735581000,62.16,62.19,62.09,62.17,7169
1735581600,62.16,62.16,62.11,62.15,7341
1735582200,62.15,62.17,62.12,62.125,6136
1735582800,62.125,62.14,62.06,62.11,6498
1735583400,62.1,62.155,62.06,62.08,11880
1735584000,62.09,62.1,62.05,62.07,8238
1735584600,62.07,62.09,62.04,62.06,31344
1735585200,62.055,62.075,61.99,62.01,9083
1735585800,62.01,62.055,61.965,62.03,8727
1735586400,62.02,62.02,61.96,62.015,6403
1735587000,62.02,62.055,62.01,62.035,10963
1735587600,62.035,62.17,62.03,62.16,33455
1735588200,62.16,62.18,62.13,62.16,7412
1735588800,62.15,62.17,62.115,62.14,6581
1735589400,62.13,62.21,62.11,62.19,11001
1735590000,62.19,62.24,62.15,62.15,8205
1735590600,62.15,62.16,62.1,62.14,10103
1735591200,62.14,62.22,62.13,62.2,27743
1735591800,62.19,62.22,62.02,62.04,68670
1735655400,62.07,62.43,61.98,62.38,42456
1735656000,62.39,62.4,62.28,62.29,12448
1735656600,62.3,62.31,62.195,62.21,9076
1735657200,62.22,62.25,62.14,62.14,10261
1735657800,62.14,62.225,62.14,62.19,7831
1735658400,62.2,62.2,62.01,62.01,15621
1735659000,62.01,62.09,61.955,62.085,14456
1735659600,62.08,62.105,62.01,62.095,5944
1735660200,62.09,62.125,62.07,62.09,8381
1735660800,62.105,62.14,61.985,62,8943
1735661400,62,62.05,61.96,61.99,5972
1735662000,61.99,62.065,61.98,62.03,5367
1735662600,62.04,62.05,62.01,62.025,5552
1735663200,62.025,62.03,61.875,61.94,20251
1735663800,61.94,61.94,61.865,61.88,7554
1735664400,61.88,61.91,61.81,61.9,9497
1735665000,61.91,61.93,61.88,61.93,5387
1735665600,61.92,61.945,61.87,61.885,8380
1735666200,61.88,61.9,61.8,61.9,10697
1735666800,61.9,61.95,61.88,61.915,6387
1735667400,61.92,62,61.9,61.995,10448
1735668000,62,62,61.94,61.96,6453
1735668600,61.96,61.96,61.87,61.87,5723
1735669200,61.865,61.89,61.84,61.88,9408
1735669800,61.875,61.98,61.875,61.98,3981
1735670400,61.975,62.05,61.975,62.04,19789
1735671000,62.04,62.07,62.02,62.02,4142
1735671600,62.03,62.05,62.005,62.05,7218
1735672200,62.05,62.09,62.02,62.02,6851
1735672800,62.01,62.115,61.995,62.09,12850
1735673400,62.095,62.115,62.07,62.09,14943
1735674000,62.085,62.1,62.025,62.025,8739
1735674600,62.02,62.12,62.015,62.11,7420
1735675200,62.11,62.135,62.08,62.13,8416
1735675800,62.12,62.12,62.01,62.07,18401
1735676400,62.07,62.12,62.05,62.115,11221
1735677000,62.12,62.2,62.1,62.16,20511
1735677600,62.15,62.22,62.105,62.22,23657
1735678200,62.22,62.3,62.16,62.29,136435
1735828200,62.3,62.75,62.21,62.67,57123
1735828800,62.65,62.68,62.45,62.45,26770
1735829400,62.49,62.51,62.38,62.44,11311
1735830000,62.46,62.48,62.32,62.38,16255
1735830600,62.38,62.45,62.36,62.4,13377
1735831200,62.395,62.41,62.32,62.34,9829
1735831800,62.33,62.37,62.3,62.36,10621
1735832400,62.355,62.37,62.31,62.33,6086
1735833000,62.34,62.36,62.27,62.27,7654
1735833600,62.28,62.29,62.01,62.02,20529
1735834200,62.02,62.06,61.99,62.02,19156
1735834800,62.01,62.045,61.91,62.04,12974
1735835400,62.04,62.1,62.01,62.09,16581
1735836000,62.09,62.13,62.01,62.065,10991
1735836600,62.05,62.075,62.02,62.03,5602
1735837200,62.03,62.07,62.02,62.04,5238
1735837800,62.04,62.08,62.02,62.03,5925
1735838400,62.03,62.03,61.88,61.91,17350
1735839000,61.9,61.92,61.8,61.81,16256
1735839600,61.82,61.87,61.78,61.84,27961
1735840200,61.835,61.91,61.77,61.89,16053
1735840800,61.87,61.88,61.81,61.83,12485
1735841400,61.83,61.83,61.77,61.82,7967
1735842000,61.82,61.84,61.73,61.76,12890
1735842600,61.75,61.75,61.65,61.65,12485
1735843200,61.65,61.7,61.63,61.67,14259
1735843800,61.67,61.7,61.63,61.67,6609
1735844400,61.68,61.72,61.66,61.69,10844
1735845000,61.7,61.71,61.65,61.66,7573
1735845600,61.66,61.76,61.65,61.75,8410
1735846200,61.745,61.76,61.68,61.72,10240
1735846800,61.73,61.8,61.73,61.79,14515
1735847400,61.79,61.85,61.72,61.735,18903
1735848000,61.74,61.865,61.72,61.85,16088
1735848600,61.84,61.88,61.835,61.875,10632
1735849200,61.88,61.91,61.86,61.87,14496
1735849800,61.86,61.9,61.81,61.85,25999
1735850400,61.85,61.93,61.85,61.9,25855
1735851000,61.9,61.93,61.81,61.88,84327
1735914600,61.93,62.07,61.72,61.79,34757
1735915200,61.8,61.85,61.67,61.76,28387
1735915800,61.75,61.81,61.66,61.79,14172
1735916400,61.79,61.95,61.77,61.925,22271
1735917000,61.925,61.925,61.82,61.82,15601
1735917600,61.83,61.91,61.82,61.9,17786
1735918200,61.89,61.93,61.82,61.86,10919
1735918800,61.87,61.96,61.87,61.94,11671
1735919400,61.95,62.04,61.94,62.035,13935
1735920000,62.04,62.05,61.97,61.99,11851
1735920600,62,62.01,61.965,61.99,8924
1735921200,61.99,62.02,61.92,62,25705
1735921800,62,62.05,61.98,62.01,13761
1735922400,62.01,62.055,61.98,62.01,9815
1735923000,62.01,62.02,61.955,61.955,5826
1735923600,61.95,62.01,61.95,61.995,5442
1735924200,61.99,62.025,61.975,61.98,5997
1735924800,61.98,62.01,61.935,61.935,6004
1735925400,61.94,61.94,61.87,61.89,5647
1735926000,61.895,61.95,61.895,61.92,4820
1735926600,61.93,61.94,61.91,61.93,5097
1735927200,61.92,61.92,61.895,61.9,7410
1735927800,61.91,61.96,61.9,61.96,7914
1735928400,61.97,62.02,61.94,62.01,4926
1735929000,62.02,62.02,61.95,61.985,5298
1735929600,61.98,62,61.94,61.96,5531
1735930200,61.95,61.975,61.94,61.96,8167
1735930800,61.95,61.97,61.915,61.93,4222
1735931400,61.93,61.97,61.9,61.97,8283
1735932000,61.96,62.02,61.95,62,6549
1735932600,62,62.03,61.99,62.01,7555
1735933200,62.005,62.02,61.96,61.97,8139
1735933800,61.97,61.97,61.91,61.93,7117
1735934400,61.92,61.94,61.88,61.935,10566
1735935000,61.93,61.93,61.86,61.88,13244
1735935600,61.88,61.93,61.87,61.92,6958
1735936200,61.91,61.92,61.845,61.855,18671
1735936800,61.855,61.855,61.73,61.76,36657
1735937400,61.75,61.77,61.62,61.74,118961
1736173800,61.53,61.83,61.26,61.49,69477
1736174400,61.49,61.52,61.27,61.47,78533
1736175000,61.44,61.54,61.38,61.48,33051
1736175600,61.475,61.56,61.44,61.47,26753
1736176200,61.48,61.51,61.275,61.3,57845
1736176800,61.3,61.31,61.015,61.06,64506
1736177400,61.06,61.19,61.05,61.16,38201
1736178000,61.15,61.185,61.12,61.15,25494
1736178600,61.14,61.265,61.12,61.22,32879
1736179200,61.22,61.27,61.14,61.16,35267
1736179800,61.17,61.3,61.105,61.27,21031
1736180400,61.26,61.3,61.235,61.24,14562
1736181000,61.24,61.31,61.2,61.23,21686
1736181600,61.225,61.4,61.19,61.385,24011
1736182200,61.38,61.41,61.33,61.35,11280
1736182800,61.36,61.39,61.28,61.3,19483
1736183400,61.29,61.38,61.29,61.36,16367
1736184000,61.36,61.37,61.26,61.265,15642
1736184600,61.26,61.28,61.175,61.25,18723
1736185200,61.25,61.28,61.215,61.235,12309
1736185800,61.235,61.235,61.11,61.135,18697
1736186400,61.13,61.14,61.05,61.065,26358
1736187000,61.06,61.1,61.055,61.08,22383
1736187600,61.07,61.1,61.03,61.09,27357
1736188200,61.09,61.23,61.07,61.16,27577
1736188800,61.165,61.17,61.1,61.12,17453
1736189400,61.11,61.21,61.11,61.2,11899
1736190000,61.19,61.19,61.07,61.1,28417
1736190600,61.09,61.12,61.07,61.1,21496
1736191200,61.1,61.1,60.95,60.96,98686
1736191800,60.97,61.01,60.96,60.98,41873
1736192400,60.975,60.98,60.92,60.93,26168
1736193000,60.925,60.93,60.83,60.86,46514
1736193600,60.87,60.91,60.76,60.76,49146
1736194200,60.76,60.82,60.75,60.78,29885
1736194800,60.77,60.77,60.66,60.675,38148
1736195400,60.68,60.83,60.68,60.8,48017
1736196000,60.805,60.83,60.74,60.78,69858
1736196600,60.77,60.84,60.68,60.825,132156
1736260200,61.2,61.5,60.97,61.48,60147
1736260800,61.47,61.5,61.33,61.37,46620
1736261400,61.38,61.59,61.37,61.55,71419
1736262000,61.55,61.71,61.5,61.56,52066
1736262600,61.58,61.65,61.41,61.44,23553
1736263200,61.43,61.54,61.365,61.51,15253
1736263800,61.505,61.64,61.505,61.59,23767
1736264400,61.58,61.61,61.39,61.39,39771
1736265000,61.39,61.44,61.255,61.37,44201
1736265600,61.37,61.4,61.2,61.21,21781
1736266200,61.205,61.24,61.14,61.14,14982
1736266800,61.14,61.18,61.04,61.1,22006
1736267400,61.1,61.2,61.08,61.18,9335
1736268000,61.175,61.215,61.13,61.16,18803
1736268600,61.17,61.17,60.97,60.985,20822
1736269200,60.98,61.1,60.97,60.98,14953
1736269800,60.98,61.065,60.98,61.06,14579
1736270400,61.06,61.06,60.94,60.965,12895
1736271000,60.97,61,60.915,60.92,14997
1736271600,60.92,60.93,60.89,60.9,17715
1736272200,60.91,60.94,60.88,60.93,14166
1736272800,60.93,60.99,60.93,60.96,11955
1736273400,60.96,60.97,60.91,60.93,6384
1736274000,60.93,60.96,60.91,60.95,5842
1736274600,60.96,60.96,60.91,60.93,7322
1736275200,60.93,60.93,60.88,60.92,8847
1736275800,60.92,60.95,60.9,60.915,6827
1736276400,60.91,60.99,60.91,60.925,18669
1736277000,60.93,60.955,60.86,60.875,20399
1736277600,60.87,60.95,60.85,60.91,19664
1736278200,60.91,60.91,60.83,60.84,15596
1736278800,60.84,60.86,60.815,60.82,19321
1736279400,60.81,60.85,60.81,60.84,15097
1736280000,60.84,60.855,60.82,60.82,12336
1736280600,60.825,60.84,60.745,60.77,30221
1736281200,60.76,60.765,60.645,60.66,39673
1736281800,60.67,60.71,60.615,60.7,55461
1736282400,60.705,60.76,60.68,60.73,55033
1736283000,60.73,60.86,60.685,60.85,173097
1736346600,60.87,61.2,60.87,61.12,53118
1736347200,61.11,61.16,60.94,60.96,38145
1736347800,60.97,61.14,60.96,61.11,22353
1736348400,61.1,61.21,61.09,61.2,29246
1736349000,61.2,61.44,61.18,61.38,29671
1736349600,61.38,61.43,61.14,61.14,36165
1736350200,61.14,61.26,61.08,61.19,24691
1736350800,61.19,61.29,61.14,61.285,20515
1736351400,61.28,61.295,61.24,61.26,15881
1736352000,61.255,61.32,61.255,61.29,13973
1736352600,61.28,61.38,61.27,61.38,8947
1736353200,61.375,61.38,61.29,61.31,13450
1736353800,61.31,61.38,61.3,61.38,10819
1736354400,61.385,61.42,61.35,61.39,14494
1736355000,61.41,61.43,61.31,61.32,10120
1736355600,61.325,61.335,61.25,61.265,11976
1736356200,61.26,61.325,61.24,61.32,8154
1736356800,61.33,61.35,61.25,61.27,9775
1736357400,61.28,61.295,61.23,61.25,7193
1736358000,61.24,61.26,61.2,61.22,7996
1736358600,61.225,61.26,61.22,61.24,6095
1736359200,61.23,61.28,61.23,61.25,7173
1736359800,61.24,61.26,61.195,61.2,7162
1736360400,61.2,61.245,61.19,61.23,8322
1736361000,61.225,61.3,61.225,61.27,8712
1736361600,61.28,61.3,61.23,61.25,7196
1736362200,61.24,61.25,61.205,61.24,9042
1736362800,61.25,61.35,61.25,61.35,10548
1736363400,61.34,61.38,61.33,61.375,13157
1736364000,61.38,61.46,61.38,61.46,26260
1736364600,61.45,61.46,61.395,61.435,12482
1736365200,61.445,61.46,61.395,61.4,10271
1736365800,61.41,61.445,61.405,61.43,16804
1736366400,61.42,61.53,61.42,61.53,20357
1736367000,61.54,61.59,61.53,61.59,12222
1736367600,61.59,61.65,61.59,61.63,20424
1736368200,61.62,61.625,61.53,61.585,23542
1736368800,61.585,61.655,61.57,61.63,36320
1736369400,61.63,61.765,61.62,61.69,114990
1736519400,61.37,61.64,61.035,61.36,37833
1736520000,61.36,61.4,61.245,61.38,23351
1736520600,61.37,61.46,61.31,61.38,34385
1736521200,61.37,61.46,61.26,61.45,34141
1736521800,61.46,61.51,61.165,61.215,24712
1736522400,61.21,61.215,60.92,60.92,45281
1736523000,60.93,61.05,60.86,60.86,33629
1736523600,60.85,60.955,60.785,60.94,40805
1736524200,60.93,61.205,60.93,61.19,33430
1736524800,61.185,61.185,60.975,61.03,18500
1736525400,61.04,61.06,60.995,61.02,13817
1736526000,61.015,61.02,60.91,60.95,14518
1736526600,60.95,60.95,60.835,60.87,26012
1736527200,60.875,60.885,60.725,60.76,36478
1736527800,60.765,60.86,60.765,60.8,13666
1736528400,60.81,60.83,60.78,60.79,13880
1736529000,60.795,60.905,60.77,60.9,20265
1736529600,60.9,60.905,60.8,60.8,25124
1736530200,60.81,60.845,60.73,60.78,11086
1736530800,60.78,60.91,60.78,60.9,15769
1736531400,60.89,60.9,60.835,60.86,19958
1736532000,60.86,60.87,60.8,60.82,32527
1736532600,60.81,60.92,60.78,60.88,13424
1736533200,60.875,60.92,60.81,60.815,13386
1736533800,60.81,60.83,60.74,60.83,18575
1736534400,60.815,60.87,60.81,60.87,10152
1736535000,60.86,60.885,60.82,60.88,11027
1736535600,60.875,60.93,60.85,60.88,21166
1736536200,60.88,60.91,60.85,60.89,24532
1736536800,60.885,60.96,60.835,60.93,37197
1736537400,60.92,60.92,60.82,60.845,15715
1736538000,60.84,60.92,60.81,60.82,18107
1736538600,60.81,60.945,60.81,60.94,21508
1736539200,60.93,61.015,60.85,60.99,32781
1736539800,60.99,60.99,60.88,60.92,42215
1736540400,60.92,60.99,60.91,60.97,32932
1736541000,60.96,61.01,60.88,60.99,61288
1736541600,60.99,61.08,60.98,61.03,68089
1736542200,61.04,61.07,60.92,61.07,270754
1736778600,61.13,61.355,60.87,61.16,61941
1736779200,61.19,61.23,60.82,60.84,40703
1736779800,60.85,61,60.71,60.98,25914
1736780400,61,61.04,60.86,60.92,22220
1736781000,60.92,61.075,60.92,61.02,11846
1736781600,61,61.17,61,61.17,16888
1736782200,61.17,61.25,61.11,61.24,23807
1736782800,61.21,61.34,61.2,61.26,25807
1736783400,61.265,61.33,61.16,61.31,13286
1736784000,61.32,61.32,61.14,61.24,17260
1736784600,61.23,61.405,61.23,61.34,10996
1736785200,61.34,61.44,61.31,61.33,15358
1736785800,61.32,61.4,61.29,61.39,16928
1736786400,61.4,61.46,61.4,61.435,16365
1736787000,61.45,61.47,61.4,61.41,23965
1736787600,61.41,61.47,61.41,61.47,15216
1736788200,61.475,61.605,61.46,61.56,80664
1736788800,61.56,61.62,61.525,61.565,44413
1736789400,61.58,61.615,61.48,61.52,16078
1736790000,61.52,61.67,61.51,61.67,33376
1736790600,61.67,61.755,61.67,61.7,49721
1736791200,61.69,61.73,61.65,61.7,12422
1736791800,61.7,61.7,61.56,61.64,66031
1736792400,61.64,61.69,61.57,61.68,16954
1736793000,61.67,61.765,61.66,61.74,14340
1736793600,61.73,61.77,61.71,61.76,32360
1736794200,61.76,61.775,61.705,61.74,14750
1736794800,61.73,61.76,61.68,61.76,22773
1736795400,61.76,61.815,61.76,61.76,14954
1736796000,61.77,61.84,61.73,61.835,34401
1736796600,61.84,61.84,61.7,61.73,24312
1736797200,61.74,61.78,61.72,61.72,18833
1736797800,61.72,61.81,61.72,61.78,17482
1736798400,61.78,61.81,61.72,61.79,26201
1736799000,61.785,61.84,61.785,61.795,30753
1736799600,61.8,61.82,61.77,61.795,17553
1736800200,61.79,61.79,61.705,61.71,15107
1736800800,61.715,61.73,61.525,61.565,38516
1736801400,61.56,61.72,61.515,61.62,151463
1736865000,61.7,61.8,61.425,61.8,85127
1736865600,61.8,61.82,61.64,61.695,34737
1736866200,61.69,61.72,61.61,61.72,14340
1736866800,61.72,61.77,61.66,61.66,12624
1736867400,61.67,61.73,61.62,61.62,17674
1736868000,61.61,61.63,61.54,61.58,17351
1736868600,61.58,61.6,61.53,61.6,16233
1736869200,61.595,61.65,61.505,61.63,58455
1736869800,61.63,61.69,61.54,61.645,39196
1736870400,61.64,61.67,61.595,61.67,16850
1736871000,61.67,61.67,61.54,61.545,15739
1736871600,61.545,61.655,61.545,61.59,11910
1736872200,61.58,61.64,61.55,61.555,11104
1736872800,61.555,61.57,61.465,61.49,20009
1736873400,61.485,61.485,61.375,61.41,21114
1736874000,61.405,61.54,61.405,61.485,11563
1736874600,61.49,61.5,61.43,61.43,10664
1736875200,61.42,61.42,61.37,61.37,11805
1736875800,61.365,61.43,61.325,61.36,23558
1736876400,61.35,61.38,61.35,61.355,13882
1736877000,61.355,61.37,61.305,61.305,20539
1736877600,61.305,61.36,61.305,61.36,12173
1736878200,61.36,61.49,61.345,61.49,13997
1736878800,61.485,61.5,61.46,61.48,11752
1736879400,61.47,61.58,61.47,61.56,7896
1736880000,61.56,61.59,61.54,61.59,10424
1736880600,61.585,61.63,61.58,61.625,11375
1736881200,61.63,61.64,61.57,61.59,15584
1736881800,61.58,61.685,61.58,61.68,13418
1736882400,61.685,61.74,61.67,61.715,15910
1736883000,61.72,61.81,61.72,61.79,29127
1736883600,61.79,61.83,61.77,61.79,17385
1736884200,61.785,61.81,61.76,61.79,22698
1736884800,61.79,61.82,61.665,61.735,26553
1736885400,61.73,61.845,61.68,61.79,18401
1736886000,61.785,61.83,61.78,61.805,17972
1736886600,61.805,61.81,61.76,61.785,25530
1736887200,61.79,61.94,61.765,61.87,72387
1736887800,61.88,62.065,61.88,62.04,179761
1736951400,62.4,62.62,62.15,62.4,87780
1736952000,62.41,62.54,62.38,62.53,38332
1736952600,62.53,62.53,62.39,62.43,46824
1736953200,62.43,62.49,62.395,62.45,57991
1736953800,62.45,62.45,62.33,62.37,24507
1736954400,62.37,62.41,62.27,62.28,41831
1736955000,62.27,62.29,62.11,62.13,18140
1736955600,62.15,62.2,62,62,29405
1736956200,62.01,62.01,61.89,61.985,36939
1736956800,61.98,62.04,61.93,61.98,21515
1736957400,61.99,62.06,61.97,61.99,20834
1736958000,61.98,62.055,61.97,61.98,12753
1736958600,61.98,61.98,61.86,61.89,28544
1736959200,61.89,61.965,61.875,61.91,10520
1736959800,61.9,61.91,61.85,61.87,11872
1736960400,61.87,61.99,61.86,61.97,8462
1736961000,61.97,62.08,61.965,62.02,17625
1736961600,62.03,62.05,61.99,62.025,14261
1736962200,62.02,62.07,61.98,62.06,19400
1736962800,62.055,62.095,62.01,62.09,15538
1736963400,62.08,62.08,61.99,61.995,6626
1736964000,62,62.04,61.97,61.97,8828
1736964600,61.96,62.02,61.95,62.01,10404
1736965200,62.02,62.05,62,62.01,8756
1736965800,62.01,62.05,62.005,62.045,8553
1736966400,62.04,62.045,62,62,9659
1736967000,62.01,62.025,61.995,62,6838
1736967600,62.005,62.055,62.005,62.04,8588
1736968200,62.05,62.055,61.99,62.005,14720
1736968800,62,62.02,61.97,62.005,11657
1736969400,62,62.045,61.995,62.035,6529
1736970000,62.04,62.055,62.015,62.03,10980
1736970600,62.03,62.055,61.995,62.005,21772
1736971200,62.005,62.03,62,62.015,13150
1736971800,62.015,62.02,61.875,61.875,17308
1736972400,61.875,61.92,61.87,61.9,43378
1736973000,61.905,61.96,61.865,61.95,23693
1736973600,61.95,61.95,61.835,61.845,38926
1736974200,61.84,61.865,61.68,61.76,156065
1737037800,61.42,61.74,61.36,61.66,45803
1737038400,61.67,61.67,61.49,61.53,26699
1737039000,61.51,61.53,61.39,61.49,26208
1737039600,61.485,61.51,61.32,61.43,26906
1737040200,61.42,61.51,61.385,61.42,9386
1737040800,61.42,61.43,61.35,61.38,8377
1737041400,61.4,61.57,61.38,61.565,12003
1737042000,61.56,61.63,61.53,61.58,28990
1737042600,61.58,61.6,61.53,61.56,14547
1737043200,61.56,61.625,61.53,61.6,18961
1737043800,61.605,61.64,61.515,61.56,38791
1737044400,61.59,61.71,61.59,61.71,11588
1737045000,61.71,61.77,61.685,61.75,9064
1737045600,61.74,61.87,61.74,61.83,14686
1737046200,61.83,61.835,61.78,61.795,24591
1737046800,61.795,61.915,61.795,61.88,18532
1737047400,61.88,61.88,61.83,61.845,12858
1737048000,61.845,61.9,61.84,61.88,12903
1737048600,61.885,61.91,61.86,61.87,15633
1737049200,61.86,61.89,61.825,61.835,17383
1737049800,61.83,61.84,61.775,61.79,17415
1737050400,61.795,61.87,61.795,61.825,15877
1737051000,61.83,61.95,61.83,61.93,15830
1737051600,61.94,61.945,61.915,61.93,13144
1737052200,61.92,61.955,61.91,61.95,11113
1737052800,61.955,62.035,61.925,62.035,24950
1737053400,62.04,62.05,61.92,61.93,18420
1737054000,61.92,61.925,61.87,61.91,13178
1737054600,61.92,61.96,61.9,61.96,8367
1737055200,61.96,61.98,61.94,61.97,6203
1737055800,61.97,62.01,61.94,61.99,12955
1737056400,61.995,61.995,61.94,61.94,7624
1737057000,61.93,61.98,61.93,61.955,11539
1737057600,61.955,61.995,61.955,61.99,9521
1737058200,61.995,62.02,61.98,62.01,9812
1737058800,62.01,62.095,62.01,62.075,27225
1737059400,62.08,62.22,62.075,62.19,17832
1737060000,62.195,62.3,62.19,62.25,50364
1737060600,62.24,62.295,62.22,62.27,97993
1737124200,62.42,62.5,62.09,62.4,82736
1737124800,62.4,62.52,62.35,62.52,50270
1737125400,62.51,62.51,62.36,62.37,19071
1737126000,62.36,62.39,62.31,62.34,25063
1737126600,62.35,62.43,62.255,62.43,28584
1737127200,62.425,62.56,62.42,62.535,43010
1737127800,62.54,62.565,62.36,62.37,30098
1737128400,62.36,62.42,62.33,62.34,24429
1737129000,62.35,62.39,62.33,62.345,19626
1737129600,62.34,62.475,62.32,62.475,25637
1737130200,62.47,62.55,62.43,62.53,33651
1737130800,62.535,62.65,62.535,62.545,33590
1737131400,62.545,62.56,62.495,62.55,19990
1737132000,62.55,62.59,62.545,62.565,14921
1737132600,62.57,62.62,62.54,62.59,22782
1737133200,62.59,62.6,62.55,62.59,15265
1737133800,62.6,62.65,62.6,62.64,9414
1737134400,62.63,62.68,62.58,62.59,12816
1737135000,62.59,62.645,62.58,62.62,6816
1737135600,62.62,62.62,62.58,62.6,12222
1737136200,62.59,62.64,62.585,62.595,18286
1737136800,62.595,62.595,62.53,62.565,15081
1737137400,62.565,62.575,62.51,62.51,8303
1737138000,62.51,62.525,62.48,62.485,7166
1737138600,62.49,62.5,62.46,62.46,8867
1737139200,62.455,62.5,62.42,62.5,13176
1737139800,62.49,62.52,62.49,62.515,13799
1737140400,62.51,62.64,62.5,62.63,16622
1737141000,62.63,62.635,62.585,62.585,10903
1737141600,62.59,62.63,62.59,62.63,8681
1737142200,62.63,62.65,62.6,62.63,14611
1737142800,62.62,62.645,62.6,62.63,9959
1737143400,62.63,62.65,62.54,62.57,25730
1737144000,62.565,62.605,62.54,62.59,16045
1737144600,62.59,62.59,62.55,62.57,30572
1737145200,62.565,62.61,62.555,62.605,15375
1737145800,62.61,62.67,62.605,62.65,33905
1737146400,62.65,62.655,62.585,62.65,26976
1737147000,62.65,62.765,62.635,62.7,200060
1737469800,62.865,63.08,62.865,62.96,53170
1737470400,62.97,63.13,62.94,63,47508
1737471000,62.99,63.1,62.87,63.07,39859
1737471600,63.08,63.23,63.04,63.17,46520
1737472200,63.155,63.23,63.1,63.17,25374
1737472800,63.17,63.22,63.14,63.205,22616
1737473400,63.21,63.22,63.11,63.175,31597
1737474000,63.17,63.18,62.98,63.035,37850
1737474600,63.05,63.085,62.98,62.99,29037
1737475200,62.98,63.01,62.93,62.93,16797
1737475800,62.93,63.02,62.895,63.02,19100
1737476400,63.02,63.04,62.97,63.04,10662
1737477000,63.04,63.06,62.985,63,14830
1737477600,62.995,62.995,62.8,62.8,28687
1737478200,62.8,62.84,62.79,62.83,19532
1737478800,62.83,62.885,62.76,62.76,17761
1737479400,62.76,62.77,62.67,62.71,25250
1737480000,62.71,62.71,62.61,62.65,20328
1737480600,62.645,62.72,62.635,62.715,26395
1737481200,62.715,62.805,62.715,62.73,12526
1737481800,62.72,62.72,62.585,62.595,11928
1737482400,62.59,62.6,62.52,62.54,12681
1737483000,62.55,62.55,62.42,62.43,30885
1737483600,62.43,62.485,62.4,62.45,12211
1737484200,62.46,62.54,62.435,62.435,8425
1737484800,62.44,62.455,62.39,62.415,10628
1737485400,62.415,62.42,62.34,62.355,23611
1737486000,62.36,62.385,62.31,62.32,20725
1737486600,62.32,62.47,62.32,62.42,15119
1737487200,62.42,62.425,62.31,62.33,18379
1737487800,62.33,62.445,62.33,62.37,17089
1737488400,62.38,62.385,62.33,62.34,12848
1737489000,62.35,62.425,62.35,62.42,10678
1737489600,62.41,62.44,62.35,62.36,24447
1737490200,62.36,62.48,62.355,62.46,27052
1737490800,62.465,62.47,62.39,62.41,31594
1737491400,62.42,62.43,62.31,62.31,37515
1737492000,62.315,62.415,62.3,62.375,40438
1737492600,62.37,62.5,62.3,62.45,145041
1737556200,62.17,62.35,61.74,61.85,96519
1737556800,61.85,61.91,61.66,61.69,72474
1737557400,61.66,61.84,61.66,61.83,73461
1737558000,61.84,62.09,61.815,62.08,47614
1737558600,62.095,62.22,62.05,62.22,28608
1737559200,62.22,62.28,62.08,62.11,20560
1737559800,62.12,62.165,62.03,62.16,31951
1737560400,62.16,62.21,62.01,62.02,22653
1737561000,62.02,62.19,62.02,62.18,21724
1737561600,62.16,62.17,62.09,62.12,16742
1737562200,62.12,62.16,62.09,62.11,27228
1737562800,62.11,62.135,62.02,62.13,27893
1737563400,62.13,62.18,62.12,62.16,33185
1737564000,62.165,62.165,61.97,62,23131
1737564600,62.005,62.09,61.96,61.97,18265
1737565200,61.97,62.02,61.955,61.975,24485
1737565800,61.98,62.01,61.93,61.94,14135
1737566400,61.93,61.93,61.81,61.84,18645
1737567000,61.84,61.91,61.84,61.9,11306
1737567600,61.9,61.94,61.88,61.935,8010
1737568200,61.94,61.94,61.895,61.9,12299
1737568800,61.9,61.92,61.885,61.9,12687
1737569400,61.9,61.94,61.88,61.91,10858
1737570000,61.91,61.93,61.9,61.92,8712
1737570600,61.93,61.975,61.92,61.93,10983
1737571200,61.925,61.94,61.895,61.92,10108
1737571800,61.91,61.945,61.9,61.9,12354
1737572400,61.9,61.93,61.855,61.92,24777
1737573000,61.91,61.915,61.85,61.85,12736
1737573600,61.86,61.92,61.86,61.91,7089
1737574200,61.9,61.94,61.89,61.89,8111
1737574800,61.885,61.885,61.79,61.805,18733
1737575400,61.805,61.88,61.795,61.86,19405
1737576000,61.855,61.93,61.85,61.915,18335
1737576600,61.915,61.96,61.9,61.95,36926
1737577200,61.945,61.99,61.94,61.98,13519
1737577800,61.975,62.08,61.96,62.06,26592
1737578400,62.07,62.07,61.94,61.95,23166
1737579000,61.95,61.975,61.74,61.775,109167
1737642600,61.88,61.93,61.42,61.43,76109
1737643200,61.43,61.54,61.37,61.53,40731
1737643800,61.53,61.735,61.53,61.62,33778
1737644400,61.62,61.73,61.53,61.65,23119
1737645000,61.65,61.81,61.62,61.81,33909
1737645600,61.805,61.805,61.57,61.58,20102
1737646200,61.56,61.63,61.515,61.53,13088
1737646800,61.535,61.64,61.52,61.62,21930
1737647400,61.63,61.81,61.63,61.765,26748
1737648000,61.77,61.79,61.65,61.66,13420
1737648600,61.665,61.73,61.6,61.73,39134
1737649200,61.725,61.84,61.725,61.81,38238
1737649800,61.82,61.84,61.725,61.77,25739
1737650400,61.775,61.975,61.77,61.915,34692
1737651000,61.92,61.935,61.77,61.815,25701
1737651600,61.82,61.92,61.82,61.89,9537
1737652200,61.87,61.9,61.825,61.85,11255
1737652800,61.855,61.92,61.84,61.89,23714
1737653400,61.89,61.95,61.875,61.92,10370
1737654000,61.925,61.925,61.85,61.89,14818
1737654600,61.9,61.95,61.87,61.945,17276
1737655200,61.95,61.97,61.885,61.885,9290
1737655800,61.88,61.89,61.76,61.77,41542
1737656400,61.76,61.82,61.72,61.81,26306
1737657000,61.81,61.92,61.81,61.915,9395
1737657600,61.92,61.93,61.85,61.865,10185
1737658200,61.865,61.89,61.825,61.87,25136
1737658800,61.865,61.915,61.855,61.89,49604
1737659400,61.895,61.9,61.84,61.84,29677
1737660000,61.83,61.88,61.825,61.84,27516
1737660600,61.835,61.855,61.765,61.765,23243
1737661200,61.765,61.79,61.73,61.73,19780
1737661800,61.74,61.785,61.71,61.74,25608
1737662400,61.74,61.765,61.705,61.755,21483
1737663000,61.75,61.77,61.705,61.755,74577
1737663600,61.75,61.77,61.675,61.68,29748
1737664200,61.68,61.69,61.63,61.64,39789
1737664800,61.64,61.805,61.635,61.77,61370
1737665400,61.77,61.79,61.48,61.53,226288
1737729000,61.69,61.89,61.66,61.77,39554
1737729600,61.78,61.8,61.56,61.58,41662
1737730200,61.58,61.68,61.44,61.59,111113
1737730800,61.59,61.72,61.56,61.66,65865
1737731400,61.67,61.735,61.63,61.68,19196
1737732000,61.68,61.7,61.63,61.65,19592
1737732600,61.64,61.86,61.61,61.86,42126
1737733200,61.86,61.88,61.705,61.745,29285
1737733800,61.74,61.78,61.715,61.75,12758
1737734400,61.75,61.78,61.64,61.67,15442
1737735000,61.68,61.81,61.675,61.75,16703
1737735600,61.75,61.77,61.71,61.71,18774
1737736200,61.705,61.72,61.63,61.71,15398
1737736800,61.71,61.72,61.66,61.66,13276
1737737400,61.66,61.685,61.6,61.64,13904
1737738000,61.645,61.655,61.58,61.62,11126
1737738600,61.62,61.64,61.585,61.62,12038
1737739200,61.63,61.72,61.63,61.68,6443
1737739800,61.68,61.72,61.66,61.72,6664
1737740400,61.73,61.75,61.68,61.72,8097
1737741000,61.72,61.72,61.63,61.65,17802
1737741600,61.65,61.65,61.6,61.625,46264
1737742200,61.62,61.7,61.585,61.59,21239
1737742800,61.59,61.59,61.52,61.54,19429
1737743400,61.535,61.54,61.52,61.53,24736
1737744000,61.54,61.64,61.535,61.61,157063
1737744600,61.605,61.64,61.525,61.55,47781
1737745200,61.555,61.67,61.555,61.6,20693
1737745800,61.6,61.635,61.57,61.59,26296
1737746400,61.585,61.64,61.56,61.575,28039
1737747000,61.58,61.64,61.58,61.595,19498
1737747600,61.59,61.59,61.53,61.55,30402
1737748200,61.545,61.55,61.49,61.535,80611
1737748800,61.54,61.645,61.53,61.59,29845
1737749400,61.59,61.655,61.56,61.605,28991
1737750000,61.6,61.74,61.595,61.74,32803
1737750600,61.75,61.76,61.67,61.71,90467
1737751200,61.715,61.88,61.695,61.85,64927
1737751800,61.85,62.01,61.81,61.915,209417
1737988200,62.87,63.38,62.6,63.34,129074
1737988800,63.35,63.45,62.865,62.87,64607
1737989400,62.86,62.98,62.77,62.82,68478
1737990000,62.81,62.85,62.56,62.58,73957
1737990600,62.58,62.7,62.47,62.69,57117
1737991200,62.68,62.78,62.63,62.64,35370
1737991800,62.63,62.75,62.62,62.74,29257
1737992400,62.73,62.76,62.62,62.68,30102
1737993000,62.69,62.83,62.685,62.82,29697
1737993600,62.84,62.97,62.73,62.92,48357
1737994200,62.92,62.99,62.9,62.945,32425
1737994800,62.94,63.23,62.94,63.21,47670
1737995400,63.22,63.32,63.15,63.3,70337
1737996000,63.29,63.395,63.26,63.3,44472
1737996600,63.31,63.39,63.27,63.3,27672
1737997200,63.295,63.32,63.15,63.32,25688
1737997800,63.33,63.41,63.33,63.375,37109
1737998400,63.38,63.505,63.38,63.49,46342
1737999000,63.49,63.56,63.44,63.56,33187
1737999600,63.57,63.75,63.56,63.68,54219
1738000200,63.68,63.8,63.68,63.785,40576
1738000800,63.79,63.79,63.63,63.67,68387
1738001400,63.67,63.775,63.645,63.74,38124
1738002000,63.74,63.91,63.74,63.865,34343
1738002600,63.865,63.87,63.74,63.8,48680
1738003200,63.79,63.84,63.75,63.82,29523
1738003800,63.805,63.85,63.78,63.83,27473
1738004400,63.84,63.99,63.84,63.92,42034
1738005000,63.915,63.97,63.915,63.93,35661
1738005600,63.92,63.935,63.87,63.91,35240
1738006200,63.905,64.015,63.84,64.01,41373
1738006800,64.015,64.13,64.005,64.13,35433
1738007400,64.13,64.17,64.1,64.1,40925
1738008000,64.11,64.14,63.94,63.965,44208
1738008600,63.96,64.01,63.905,63.93,48930
1738009200,63.93,64.01,63.925,63.94,41802
1738009800,63.94,63.94,63.81,63.84,36569
1738010400,63.83,63.9,63.825,63.85,52903
1738011000,63.84,64,63.82,63.87,256254
1738074600,63.62,63.93,63.39,63.87,57110
1738075200,63.88,64.04,63.63,63.63,49972
1738075800,63.62,63.8,63.46,63.53,44129
1738076400,63.5,63.53,63.36,63.48,58487
1738077000,63.47,63.49,63.25,63.32,25706
1738077600,63.33,63.36,63.22,63.22,31504
1738078200,63.23,63.43,63.225,63.365,19652
1738078800,63.37,63.47,63.34,63.44,17209
1738079400,63.45,63.56,63.45,63.5,15904
1738080000,63.49,63.595,63.48,63.54,14178
1738080600,63.555,63.56,63.44,63.47,14457
1738081200,63.46,63.48,63.375,63.42,18718
1738081800,63.43,63.48,63.4,63.41,16885
1738082400,63.4,63.42,63.355,63.41,17634
1738083000,63.42,63.42,63.245,63.28,17517
1738083600,63.27,63.27,63.13,63.16,16820
1738084200,63.17,63.18,63.065,63.065,19457
1738084800,63.06,63.08,62.99,63.05,41757
1738085400,63.06,63.11,63.04,63.04,18039
1738086000,63.03,63.07,63.005,63.05,17196
1738086600,63.05,63.07,63,63.07,19004
1738087200,63.06,63.07,62.93,62.94,25469
1738087800,62.94,62.97,62.88,62.905,13325
1738088400,62.905,62.92,62.88,62.91,13364
1738089000,62.92,62.97,62.92,62.945,27448
1738089600,62.94,62.955,62.9,62.925,18377
1738090200,62.93,62.94,62.815,62.82,24571
1738090800,62.81,62.85,62.76,62.82,17688
1738091400,62.82,62.82,62.72,62.72,14867
1738092000,62.73,62.75,62.61,62.64,41830
1738092600,62.645,62.67,62.54,62.55,16720
1738093200,62.55,62.57,62.445,62.45,24975
1738093800,62.45,62.505,62.44,62.495,18247
1738094400,62.495,62.59,62.435,62.545,43383
1738095000,62.545,62.585,62.485,62.485,39537
1738095600,62.485,62.53,62.455,62.455,35783
1738096200,62.45,62.505,62.375,62.41,47193
1738096800,62.41,62.52,62.4,62.46,39811
1738097400,62.47,62.5,62.28,62.34,171548
1738161000,62.8,62.92,62.56,62.84,32822
1738161600,62.84,62.84,62.635,62.71,30366
1738162200,62.7,62.82,62.57,62.73,34760
1738162800,62.73,62.75,62.57,62.58,31709
1738163400,62.59,62.765,62.56,62.725,41368
1738164000,62.75,62.93,62.74,62.9,47110
1738164600,62.91,62.965,62.8,62.94,18178
1738165200,62.965,63.05,62.94,62.95,19616
1738165800,62.96,63.005,62.92,62.97,14439
1738166400,62.97,63.14,62.93,63.13,25625
1738167000,63.14,63.15,63.08,63.11,29883
1738167600,63.1,63.17,63.05,63.17,18134
1738168200,63.17,63.225,63.12,63.12,12928
1738168800,63.115,63.13,63.05,63.065,15571
1738169400,63.07,63.13,63.04,63.07,9214
1738170000,63.07,63.15,63.055,63.105,7694
1738170600,63.105,63.17,63.09,63.17,9994
1738171200,63.17,63.17,63.105,63.105,11688
1738171800,63.11,63.11,63.06,63.07,12124
1738172400,63.075,63.11,63.07,63.1,16584
1738173000,63.095,63.165,63.09,63.15,10881
1738173600,63.155,63.29,63.15,63.25,19531
1738174200,63.255,63.32,63.245,63.295,11449
1738174800,63.295,63.36,63.295,63.305,10046
1738175400,63.3,63.3,63.24,63.265,12709
1738176000,63.265,63.27,63.235,63.265,10992
1738176600,63.265,63.265,63.14,63.15,13092
1738177200,63.14,63.17,63.075,63.1,24603
1738177800,63.1,63.18,63.09,63.1,9186
1738178400,63.09,63.1,63.04,63.075,10444
1738179000,63.08,63.15,63.045,63.13,18801
1738179600,63.13,63.17,63,63.115,17786
1738180200,63.11,63.17,63.065,63.1,12380
1738180800,63.09,63.1,62.96,63,25644
1738181400,63.01,63.01,62.945,62.985,18307
1738182000,62.99,63.04,62.99,62.99,23897
1738182600,62.98,63,62.93,62.97,27471
1738183200,62.96,63,62.91,62.94,35617
1738183800,62.96,62.99,62.82,62.82,109982
1738247400,63.85,63.95,63.56,63.76,94490
1738248000,63.78,63.85,63.565,63.565,26713
1738248600,63.56,63.72,63.55,63.68,26648
1738249200,63.69,63.74,63.65,63.69,56831
1738249800,63.72,63.75,63.66,63.745,27453
1738250400,63.74,63.78,63.63,63.71,28690
1738251000,63.7,63.74,63.665,63.71,19479
1738251600,63.7,63.7,63.535,63.575,20451
1738252200,63.58,63.63,63.53,63.63,14049
1738252800,63.62,63.69,63.59,63.65,7231
1738253400,63.64,63.68,63.54,63.54,7676
1738254000,63.52,63.53,63.47,63.485,10844
1738254600,63.48,63.48,63.43,63.46,8272
1738255200,63.45,63.47,63.33,63.33,9224
1738255800,63.33,63.36,63.23,63.24,11961
1738256400,63.24,63.4,63.24,63.35,11730
1738257000,63.34,63.38,63.33,63.34,12410
1738257600,63.33,63.455,63.32,63.43,11068
1738258200,63.43,63.48,63.39,63.46,9396
1738258800,63.47,63.58,63.455,63.54,26159
1738259400,63.54,63.72,63.525,63.655,32847
1738260000,63.66,63.77,63.66,63.74,6673
1738260600,63.73,63.99,63.725,63.92,68415
1738261200,63.92,64.23,63.92,64.21,65976
1738261800,64.22,64.28,64.19,64.21,43596
1738262400,64.21,64.22,64.12,64.16,12743
1738263000,64.16,64.2,64.11,64.13,13597
1738263600,64.14,64.14,64.055,64.07,14519
1738264200,64.06,64.09,64,64.05,12623
1738264800,64.06,64.14,64.06,64.12,15619
1738265400,64.11,64.12,64.06,64.1,14497
1738266000,64.1,64.11,64.03,64.05,14443
1738266600,64.06,64.1,64.01,64.02,12033
1738267200,64.01,64.02,63.97,63.98,10395
1738267800,63.975,63.995,63.95,63.97,10610
1738268400,63.97,63.995,63.945,63.98,15097
1738269000,63.98,64,63.74,63.74,37313
1738269600,63.74,63.78,63.585,63.78,57753
1738270200,63.77,64.065,63.76,64.02,105945
1738333800,63.71,63.81,63.42,63.7,40862
1738334400,63.7,63.75,63.56,63.64,31342
1738335000,63.63,63.63,63.49,63.56,19514
1738335600,63.56,63.6,63.49,63.55,18766
1738336200,63.55,63.655,63.52,63.6,28428
1738336800,63.6,63.665,63.59,63.635,27559
1738337400,63.63,63.8,63.62,63.785,16083
1738338000,63.79,63.83,63.76,63.77,11941
1738338600,63.77,63.8,63.665,63.71,31145
1738339200,63.72,63.78,63.66,63.76,17127
1738339800,63.75,63.765,63.63,63.665,10790
1738340400,63.67,63.68,63.59,63.635,14912
1738341000,63.64,63.74,63.62,63.74,11584
1738341600,63.75,63.82,63.69,63.7,7664
1738342200,63.7,63.7,63.65,63.66,6025
1738342800,63.66,63.705,63.64,63.69,14356
1738343400,63.69,63.725,63.665,63.72,9043
1738344000,63.71,63.81,63.71,63.79,9602
1738344600,63.79,63.865,63.765,63.855,22174
1738345200,63.86,63.92,63.83,63.85,10293
1738345800,63.845,63.87,63.75,63.79,8693
1738346400,63.79,63.85,63.78,63.85,5374
1738347000,63.86,63.875,63.8,63.805,6411
1738347600,63.8,63.82,63.745,63.77,10374
1738348200,63.76,63.77,63.67,63.68,21750
1738348800,63.69,63.7,63.64,63.7,10943
1738349400,63.71,63.72,63.62,63.64,10040
1738350000,63.64,63.645,63.535,63.54,32295
1738350600,63.54,63.58,63.515,63.53,30611
1738351200,63.52,63.53,63.475,63.5,15356
1738351800,63.51,63.605,63.51,63.605,14045
1738352400,63.61,63.645,63.57,63.645,9583
1738353000,63.645,63.67,63.615,63.63,10375
1738353600,63.62,63.65,63.5,63.51,12332
1738354200,63.51,63.65,63.5,63.63,21234
1738354800,63.615,63.64,63.59,63.605,10463
1738355400,63.61,63.63,63.4,63.43,25676
1738356000,63.43,63.535,63.425,63.53,24836
1738356600,63.53,63.545,63.395,63.47,93454
1738593000,63.08,63.31,62.43,62.63,68302
1738593600,62.62,62.885,62.52,62.86,42520
1738594200,62.86,62.86,62.69,62.73,28471
1738594800,62.68,62.885,62.65,62.775,27843
1738595400,62.79,62.995,62.79,62.98,24696
1738596000,62.99,63.38,62.92,63.38,38994
1738596600,63.38,63.43,63.29,63.305,21566
1738597200,63.29,63.32,63.22,63.3,12991
1738597800,63.31,63.35,63.23,63.24,12206
1738598400,63.24,63.36,63.2,63.29,18897
1738599000,63.3,63.44,63.3,63.415,13420
1738599600,63.41,63.47,63.4,63.44,14152
1738600200,63.45,63.56,63.44,63.53,10997
1738600800,63.53,63.54,63.475,63.5,11663
1738601400,63.5,63.505,63.42,63.43,9521
1738602000,63.42,63.42,63.31,63.38,10287
1738602600,63.375,63.41,63.34,63.405,11078
1738603200,63.41,63.59,63.41,63.515,15228
1738603800,63.51,63.52,63.43,63.44,12007
1738604400,63.435,63.53,63.435,63.51,17927
1738605000,63.51,63.55,63.41,63.46,26615
1738605600,63.45,63.53,63.39,63.44,15896
1738606200,63.43,63.51,63.415,63.47,9211
1738606800,63.475,63.56,63.465,63.54,16375
1738607400,63.545,63.62,63.545,63.57,17535
1738608000,63.575,63.575,63.5,63.52,15651
1738608600,63.52,63.605,63.52,63.595,13421
1738609200,63.59,63.595,63.52,63.52,10670
1738609800,63.51,63.51,63.43,63.5,17970
1738610400,63.495,63.57,63.49,63.52,12300
1738611000,63.525,63.55,63.5,63.505,10191
1738611600,63.5,63.585,63.49,63.57,10207
1738612200,63.57,63.59,63.45,63.47,13499
1738612800,63.465,63.48,63.435,63.44,16061
1738613400,63.43,63.43,63.355,63.37,17245
1738614000,63.36,63.36,63.28,63.29,18462
1738614600,63.29,63.3,63.26,63.295,16666
1738615200,63.295,63.41,63.295,63.405,34817
1738615800,63.41,63.46,63.33,63.37,92595
1738679400,63.63,63.63,63.09,63.2,45409
1738680000,63.18,63.5,63.16,63.46,32741
1738680600,63.46,63.5,63.35,63.42,15833
1738681200,63.44,63.47,63.25,63.28,26885
1738681800,63.27,63.39,63.26,63.33,18914
1738682400,63.32,63.39,62.75,62.75,83140
1738683000,62.76,62.93,62.76,62.76,33959
1738683600,62.76,62.76,62.57,62.6,39834
1738684200,62.6,62.685,62.575,62.6,29529
1738684800,62.59,62.61,62.48,62.57,37511
1738685400,62.57,62.61,62.52,62.52,16528
1738686000,62.525,62.56,62.36,62.45,33766
1738686600,62.45,62.48,62.4,62.42,19848
1738687200,62.42,62.48,62.38,62.42,23112
1738687800,62.415,62.48,62.4,62.47,18216
1738688400,62.48,62.68,62.48,62.63,11458
1738689000,62.63,62.64,62.48,62.49,13912
1738689600,62.5,62.55,62.475,62.53,10435
1738690200,62.53,62.57,62.505,62.55,8659
1738690800,62.54,62.54,62.49,62.52,11821
1738691400,62.53,62.555,62.51,62.535,17811
1738692000,62.535,62.59,62.535,62.56,12217
1738692600,62.57,62.61,62.54,62.54,17363
1738693200,62.54,62.58,62.495,62.545,16077
1738693800,62.54,62.54,62.38,62.4,38170
1738694400,62.4,62.49,62.4,62.48,14573
1738695000,62.48,62.55,62.48,62.545,6781
1738695600,62.54,62.6,62.54,62.58,16261
1738696200,62.57,62.58,62.53,62.54,7579
1738696800,62.53,62.64,62.53,62.615,16368
1738697400,62.62,62.64,62.61,62.63,18324
1738698000,62.63,62.74,62.62,62.74,14894
1738698600,62.745,62.75,62.645,62.69,21217
1738699200,62.69,62.74,62.66,62.72,16684
1738699800,62.72,62.735,62.68,62.71,34476
1738700400,62.71,62.71,62.62,62.64,22749
1738701000,62.64,62.64,62.56,62.62,26390
1738701600,62.625,62.64,62.555,62.575,45984
1738702200,62.57,62.69,62.49,62.67,126120
1738765800,62.72,62.89,62.59,62.87,39714
1738766400,62.85,62.97,62.77,62.79,39993
1738767000,62.78,62.83,62.71,62.82,27599
1738767600,62.86,62.87,62.65,62.78,24784
1738768200,62.775,62.89,62.775,62.84,21156
1738768800,62.84,62.935,62.82,62.885,25582
1738769400,62.88,62.945,62.86,62.91,32076
1738770000,62.91,63.04,62.91,63.03,54605
1738770600,63.03,63.055,62.97,63.05,15404
1738771200,63.05,63.06,62.92,62.99,14005
1738771800,62.98,62.99,62.92,62.93,14084
1738772400,62.92,62.955,62.88,62.94,11436
1738773000,62.95,62.99,62.93,62.945,10286
1738773600,62.95,62.95,62.9,62.94,10653
1738774200,62.93,62.99,62.86,62.865,5739
1738774800,62.87,62.895,62.815,62.85,10008
1738775400,62.85,62.97,62.85,62.96,8499
1738776000,62.96,62.96,62.92,62.94,5609
1738776600,62.94,62.98,62.94,62.98,6161
1738777200,62.97,63.01,62.97,63.01,8088
1738777800,63.01,63.05,62.99,63.02,11205
1738778400,63.01,63.02,62.995,63.01,10922
1738779000,63,63.085,63,63.07,16439
1738779600,63.08,63.11,63.04,63.1,11827
1738780200,63.09,63.2,63.09,63.195,26620
1738780800,63.195,63.29,63.195,63.23,14953
1738781400,63.24,63.24,63.11,63.125,10677
1738782000,63.12,63.16,63.1,63.155,17228
1738782600,63.15,63.16,63.13,63.16,9508
1738783200,63.155,63.23,63.13,63.225,25669
1738783800,63.225,63.24,63.2,63.21,18419
1738784400,63.2,63.23,63.12,63.12,17693
1738785000,63.12,63.13,63.07,63.1,15085
1738785600,63.095,63.155,63.095,63.15,17843
1738786200,63.145,63.24,63.13,63.185,19145
1738786800,63.19,63.22,63.09,63.09,18411
1738787400,63.09,63.21,63.09,63.16,23945
1738788000,63.16,63.225,63.12,63.14,30780
1738788600,63.14,63.2,63.1,63.13,99366
1738852200,63.64,63.74,63.4,63.4,37313
1738852800,63.41,63.44,63.16,63.16,27533
1738853400,63.16,63.215,63.06,63.11,28126
1738854000,63.1,63.24,63.1,63.19,35297
1738854600,63.19,63.23,63.105,63.12,23933
1738855200,63.13,63.335,63.13,63.2,21865
1738855800,63.21,63.315,63.185,63.245,13120
1738856400,63.25,63.28,63.23,63.27,10918
1738857000,63.28,63.295,63.19,63.2,17087
1738857600,63.21,63.23,63.13,63.15,20191
1738858200,63.155,63.2,63.14,63.155,9746
1738858800,63.16,63.18,63.11,63.125,17153
1738859400,63.12,63.14,63.06,63.08,14410
1738860000,63.08,63.105,63.065,63.08,6787
1738860600,63.09,63.095,63.02,63.02,8830
1738861200,63.01,63.04,62.92,62.92,25986
1738861800,62.92,62.95,62.91,62.93,8965
1738862400,62.93,62.995,62.92,62.99,12228
1738863000,62.99,63.025,62.93,63.025,8663
1738863600,63.02,63.07,62.995,63.055,5787
1738864200,63.055,63.1,63.05,63.095,6820
1738864800,63.09,63.11,63.065,63.07,6595
1738865400,63.08,63.105,63.06,63.1,9766
1738866000,63.11,63.18,63.1,63.155,6664
1738866600,63.16,63.18,63.145,63.175,4513
1738867200,63.18,63.26,63.18,63.23,21242
1738867800,63.23,63.26,63.23,63.245,2285
1738868400,63.24,63.31,63.24,63.31,11989
1738869000,63.31,63.32,63.26,63.32,10634
1738869600,63.315,63.32,63.28,63.3,9788
1738870200,63.3,63.305,63.23,63.265,12572
1738870800,63.26,63.31,63.21,63.29,12561
1738871400,63.3,63.33,63.29,63.305,9476
1738872000,63.3,63.32,63.26,63.275,11635
1738872600,63.275,63.31,63.26,63.26,9911
1738873200,63.25,63.29,63.22,63.23,11858
1738873800,63.23,63.27,63.21,63.245,11349
1738874400,63.25,63.27,63.22,63.235,18253
1738875000,63.25,63.385,63.24,63.36,90902
1738938600,63.365,63.47,63.28,63.36,38545
1738939200,63.36,63.54,63.36,63.525,29066
1738939800,63.54,63.705,63.54,63.69,26083
1738940400,63.68,63.68,63.53,63.625,53322
1738941000,63.62,63.77,63.595,63.76,27144
1738941600,63.78,63.79,63.64,63.66,56047
1738942200,63.66,63.785,63.64,63.775,13982
1738942800,63.77,63.83,63.75,63.795,15494
1738943400,63.8,63.81,63.55,63.63,23242
1738944000,63.64,63.76,63.58,63.75,15860
1738944600,63.75,63.83,63.74,63.81,21922
1738945200,63.82,63.86,63.675,63.69,21152
1738945800,63.7,63.83,63.69,63.79,16593
1738946400,63.8,63.85,63.74,63.825,12441
1738947000,63.82,63.87,63.77,63.77,22373
1738947600,63.77,63.9,63.76,63.85,21657
1738948200,63.85,63.87,63.8,63.82,14116
1738948800,63.83,63.86,63.75,63.77,15696
1738949400,63.77,63.795,63.75,63.76,12344
1738950000,63.76,63.82,63.76,63.81,8528
1738950600,63.81,63.85,63.76,63.785,11477
1738951200,63.78,63.835,63.77,63.82,10014
1738951800,63.81,63.88,63.775,63.845,20355
1738952400,63.85,63.85,63.775,63.78,16301
1738953000,63.77,63.805,63.75,63.8,10790
1738953600,63.8,63.8,63.75,63.8,13736
1738954200,63.8,63.82,63.76,63.77,11181
1738954800,63.77,63.815,63.73,63.73,16957
1738955400,63.74,63.75,63.7,63.7,16453
1738956000,63.705,63.75,63.68,63.725,10238
1738956600,63.725,63.84,63.725,63.825,11221
1738957200,63.83,63.91,63.83,63.91,29768
1738957800,63.9,63.91,63.88,63.89,39005
1738958400,63.9,63.9,63.88,63.895,22653
1738959000,63.895,63.92,63.86,63.86,18467
1738959600,63.85,63.87,63.77,63.78,53052
1738960200,63.78,63.84,63.76,63.76,37048
1738960800,63.765,63.8,63.72,63.79,43293
1738961400,63.78,63.875,63.725,63.855,133147
1739197800,64.11,64.17,63.66,63.81,58027
1739198400,63.82,63.99,63.79,63.98,38464
1739199000,63.97,64.04,63.915,63.93,32644
1739199600,63.94,64.06,63.94,64.04,29661
1739200200,64.04,64.09,64.01,64.04,21718
1739200800,64.04,64.11,64.03,64.095,37569
1739201400,64.1,64.18,64.085,64.11,21310
1739202000,64.105,64.21,64.1,64.185,15609
1739202600,64.185,64.28,64.18,64.28,20674
1739203200,64.28,64.28,64.12,64.14,34006
1739203800,64.14,64.28,64.14,64.24,24767
1739204400,64.245,64.25,64.125,64.17,20203
1739205000,64.17,64.19,64.09,64.16,12717
1739205600,64.165,64.26,64.12,64.26,18043
1739206200,64.27,64.27,64.13,64.13,10553
1739206800,64.14,64.17,64.1,64.16,19625
1739207400,64.16,64.17,64.09,64.15,12112
1739208000,64.14,64.15,64.08,64.085,14004
1739208600,64.085,64.14,64.06,64.13,15009
1739209200,64.13,64.145,64.03,64.03,15854
1739209800,64.03,64.04,63.975,64.04,9045
1739210400,64.04,64.07,64.01,64.03,12210
1739211000,64.035,64.06,64.01,64.03,12723
1739211600,64.03,64.06,64.02,64.045,13441
1739212200,64.04,64.12,64.03,64.1,13953
1739212800,64.09,64.1,64.04,64.06,12524
1739213400,64.05,64.07,63.98,63.99,23606
1739214000,63.98,64.07,63.975,64.07,28520
1739214600,64.08,64.1,64.07,64.085,14718
1739215200,64.085,64.09,64.01,64.02,15327
1739215800,64.025,64.08,64.02,64.03,18674
1739216400,64.03,64.065,64.025,64.055,12248
1739217000,64.055,64.09,64.05,64.08,17923
1739217600,64.075,64.14,64.07,64.14,21061
1739218200,64.135,64.21,64.135,64.18,32076
1739218800,64.17,64.2,64.15,64.175,43306
1739219400,64.175,64.18,64.145,64.16,61034
1739220000,64.155,64.24,64.15,64.23,45007
1739220600,64.24,64.645,64.235,64.53,224784
1739284200,67.48,67.64,66.65,67.46,520528
1739284800,67.47,67.52,66.78,66.96,153603
1739285400,66.955,67.18,66.86,67,81882
1739286000,66.995,67.01,66.75,66.79,95943
1739286600,66.8,66.99,66.7,66.71,99099
1739287200,66.71,66.875,66.49,66.66,87080
1739287800,66.66,66.66,66.42,66.65,54666
1739288400,66.64,66.795,66.63,66.74,52458
1739289000,66.73,66.87,66.56,66.68,39684
1739289600,66.68,66.79,66.66,66.71,41482
1739290200,66.715,66.74,66.53,66.685,46201
1739290800,66.69,66.69,66.48,66.51,52834
1739291400,66.51,66.795,66.51,66.72,39353
1739292000,66.72,66.815,66.7,66.76,68303
1739292600,66.77,66.94,66.76,66.94,46048
1739293200,66.95,67.1,66.93,67.02,59646
1739293800,67.005,67.05,66.84,66.875,52805
1739294400,66.875,66.955,66.84,66.93,33528
1739295000,66.93,66.93,66.79,66.86,19834
1739295600,66.87,66.89,66.76,66.78,21877
1739296200,66.78,66.9,66.78,66.85,20169
1739296800,66.85,67.03,66.85,66.99,31729
1739297400,66.99,67.1,66.955,67.09,28108
1739298000,67.09,67.09,66.975,67,21812
1739298600,67,67.03,66.95,66.99,30147
1739299200,66.99,67.005,66.92,66.96,26566
1739299800,66.97,66.99,66.895,66.955,31151
1739300400,66.95,66.95,66.88,66.95,20202
1739301000,66.94,67,66.91,66.995,25915
1739301600,66.995,67.09,66.99,67.065,28222
1739302200,67.07,67.17,67.035,67.16,36027
1739302800,67.15,67.25,67.15,67.24,27421
1739303400,67.235,67.28,67.22,67.25,34041
1739304000,67.25,67.52,67.24,67.5,74125
1739304600,67.51,67.59,67.41,67.48,60083
1739305200,67.49,67.495,67.17,67.3,51261
1739305800,67.3,67.44,67.3,67.38,54756
1739306400,67.38,67.45,67.34,67.42,61309
1739307000,67.43,67.67,67.42,67.61,237200
1739370600,66.975,67.86,66.86,67.72,132484
1739371200,67.72,67.725,67.39,67.6,65198
1739371800,67.59,67.88,67.42,67.88,70072
1739372400,67.88,68.04,67.83,67.95,99057
1739373000,67.93,67.98,67.78,67.85,66833
1739373600,67.84,68.08,67.84,68.07,82496
1739374200,68.065,68.18,68.02,68.12,76769
1739374800,68.12,68.22,68.01,68.06,58011
1739375400,68.04,68.04,67.7,67.745,47981
1739376000,67.745,68.01,67.725,67.96,57891
1739376600,67.95,67.99,67.92,67.96,76273
1739377200,67.96,67.98,67.8,67.91,45232
1739377800,67.91,67.92,67.84,67.885,48559
1739378400,67.885,67.96,67.885,67.95,33636
1739379000,67.945,67.99,67.84,67.955,41453
1739379600,67.955,68.07,67.88,67.91,35239
1739380200,67.91,67.96,67.875,67.95,34555
1739380800,67.945,68.01,67.945,67.96,27036
1739381400,67.955,68.01,67.955,68.01,27735
1739382000,68.01,68.095,68.01,68.08,43121
1739382600,68.09,68.1,68.055,68.055,16456
1739383200,68.055,68.105,68.035,68.095,35826
1739383800,68.095,68.095,68.03,68.06,29032
1739384400,68.06,68.09,68.04,68.08,52220
1739385000,68.08,68.09,68.06,68.075,21660
1739385600,68.075,68.075,68.03,68.035,39239
1739386200,68.035,68.11,67.98,68.095,51033
1739386800,68.1,68.19,68.08,68.17,61858
1739387400,68.17,68.18,68.095,68.1,55483
1739388000,68.1,68.155,68.085,68.155,46557
1739388600,68.155,68.21,68.125,68.185,52544
1739389200,68.19,68.21,68.15,68.2,28583
1739389800,68.205,68.29,68.17,68.18,82772
1739390400,68.19,68.26,68.18,68.25,52622
1739391000,68.25,68.32,68.205,68.31,67500
1739391600,68.31,68.325,68.27,68.3,40935
1739392200,68.3,68.395,68.3,68.38,66921
1739392800,68.38,68.64,68.37,68.62,179134
1739393400,68.62,68.82,68.575,68.695,411694
1739457000,69.255,69.56,69,69.51,170892
1739457600,69.52,69.61,69.28,69.28,141243
1739458200,69.28,69.54,69.25,69.47,83231
1739458800,69.48,69.605,69.395,69.55,78677
1739459400,69.56,69.61,69.28,69.36,61134
1739460000,69.36,69.4,69.23,69.29,59069
1739460600,69.3,69.32,69.06,69.17,44545
1739461200,69.18,69.23,68.985,69.03,35122
1739461800,69.03,69.04,68.77,68.88,41978
1739462400,68.885,69.17,68.88,69.1,28178
1739463000,69.11,69.14,69.015,69.04,23706
1739463600,69.04,69.17,69.03,69.03,26140
1739464200,69.015,69.135,68.93,69.13,20363
1739464800,69.135,69.23,69.13,69.17,22264
1739465400,69.18,69.27,69.135,69.27,19464
1739466000,69.27,69.33,69.18,69.18,22857
1739466600,69.18,69.25,69.15,69.18,13841
1739467200,69.18,69.2,69.13,69.155,12338
1739467800,69.16,69.16,69.08,69.1,13859
1739468400,69.1,69.2,69.1,69.17,12911
1739469000,69.175,69.185,69.05,69.05,19992
1739469600,69.06,69.06,68.93,68.99,30214
1739470200,68.99,69.22,68.99,69.15,34633
1739470800,69.15,69.3,69.12,69.28,17741
1739471400,69.28,69.31,69.18,69.21,22028
1739472000,69.22,69.26,69.15,69.23,17683
1739472600,69.2,69.32,69.2,69.3,21686
1739473200,69.28,69.42,69.275,69.36,20930
1739473800,69.37,69.435,69.3,69.42,21797
1739474400,69.415,69.415,69.2,69.215,48225
1739475000,69.21,69.29,69.185,69.24,29186
1739475600,69.24,69.24,69.115,69.12,35135
1739476200,69.11,69.25,69.1,69.22,19458
1739476800,69.22,69.28,69.19,69.19,23805
1739477400,69.195,69.4,69.16,69.4,36743
1739478000,69.395,69.4,69.3,69.32,23333
1739478600,69.31,69.46,69.31,69.455,51975
1739479200,69.46,69.475,69.35,69.435,64469
1739479800,69.44,69.56,69.38,69.5,207447
1739543400,69.47,69.96,69.365,69.79,123235
1739544000,69.78,69.875,69.63,69.67,46316
1739544600,69.68,69.77,69.6,69.73,36121
1739545200,69.74,70.025,69.72,69.96,136619
1739545800,69.95,69.95,69.71,69.92,60599
1739546400,69.91,69.93,69.8,69.89,42016
1739547000,69.89,69.92,69.73,69.78,30545
1739547600,69.76,69.79,69.695,69.7,32455
1739548200,69.7,69.72,69.635,69.66,38143
1739548800,69.66,69.765,69.56,69.76,32426
1739549400,69.77,69.83,69.66,69.73,23877
1739550000,69.73,69.785,69.64,69.64,24803
1739550600,69.64,69.66,69.59,69.59,24829
1739551200,69.6,69.63,69.52,69.55,31235
1739551800,69.54,69.555,69.48,69.54,42553
1739552400,69.53,69.55,69.49,69.49,15544
1739553000,69.49,69.525,69.445,69.49,21934
1739553600,69.49,69.54,69.43,69.54,25755
1739554200,69.54,69.54,69.35,69.39,23940
1739554800,69.38,69.4,69.26,69.32,26787
1739555400,69.32,69.33,69.25,69.32,24715
1739556000,69.31,69.31,69.22,69.23,20802
1739556600,69.225,69.315,69.22,69.26,21192
1739557200,69.25,69.25,69.18,69.19,28466
1739557800,69.2,69.32,69.2,69.3,19789
1739558400,69.31,69.34,69.255,69.31,23535
1739559000,69.32,69.35,69.275,69.34,16782
1739559600,69.335,69.34,69.16,69.175,18047
1739560200,69.18,69.235,69.18,69.18,17384
1739560800,69.175,69.215,69.13,69.14,27264
1739561400,69.14,69.2,69.055,69.055,30992
1739562000,69.06,69.1,69.02,69.04,29959
1739562600,69.04,69.04,68.99,69.02,30282
1739563200,69.01,69.09,68.99,69.08,25505
1739563800,69.07,69.08,68.98,69.02,53944
1739564400,69.02,69.035,68.925,68.955,63306
1739565000,68.955,69.01,68.945,68.99,54622
1739565600,68.99,69.045,68.87,68.875,42424
1739566200,68.88,68.9,68.76,68.87,230173
1739889000,68.43,69.08,68.43,68.86,86132
1739889600,68.86,68.99,68.67,68.95,47466
1739890200,68.96,69.01,68.71,68.76,38373
1739890800,68.77,68.83,68.6,68.66,29518
1739891400,68.65,68.7,68.565,68.67,25170
1739892000,68.665,68.75,68.62,68.64,19510
1739892600,68.65,68.74,68.595,68.67,26143
1739893200,68.68,68.87,68.68,68.87,15233
1739893800,68.88,68.9,68.81,68.86,16085
1739894400,68.88,68.995,68.88,68.99,18011
1739895000,68.99,69.02,68.92,68.92,26126
1739895600,68.925,68.94,68.885,68.9,10382
1739896200,68.89,69.015,68.89,68.97,17674
1739896800,68.965,69.05,68.965,69.015,18206
1739897400,69.02,69.075,69.01,69.05,22758
1739898000,69.055,69.055,69.01,69.04,22919
1739898600,69.04,69.05,69.015,69.02,20770
1739899200,69.02,69.07,69,69.07,22433
1739899800,69.07,69.12,69.01,69.04,16924
1739900400,69.04,69.09,69.04,69.08,11371
1739901000,69.085,69.11,69.06,69.06,11407
1739901600,69.07,69.095,69.06,69.09,12134
1739902200,69.085,69.18,69.08,69.17,15828
1739902800,69.165,69.21,69.125,69.205,21192
1739903400,69.2,69.245,69.2,69.21,15222
1739904000,69.22,69.22,69.18,69.19,17267
1739904600,69.185,69.2,69.125,69.175,35958
1739905200,69.18,69.325,69.17,69.325,31966
1739905800,69.32,69.365,69.12,69.13,49862
1739906400,69.14,69.23,69.075,69.125,33057
1739907000,69.12,69.12,69.02,69.05,12900
1739907600,69.045,69.08,68.98,69.02,19794
1739908200,69.02,69.03,68.97,68.98,19403
1739908800,68.99,69,68.895,68.91,13980
1739909400,68.905,69.005,68.905,68.99,17235
1739910000,68.98,68.985,68.855,68.88,23681
1739910600,68.89,68.93,68.87,68.92,29555
1739911200,68.92,68.92,68.825,68.91,35141
1739911800,68.91,69.06,68.87,69.05,162803
1739975400,69.47,69.605,69.17,69.59,59850
1739976000,69.58,69.715,69.54,69.55,41940
1739976600,69.55,69.57,69.41,69.5,27091
1739977200,69.5,69.515,69.385,69.46,38326
1739977800,69.45,69.46,69.345,69.41,38291
1739978400,69.405,69.52,69.38,69.52,27853
1739979000,69.52,69.72,69.51,69.68,41735
1739979600,69.69,69.795,69.67,69.75,37498
1739980200,69.74,69.87,69.67,69.81,76639
1739980800,69.82,69.9,69.79,69.79,34813
1739981400,69.79,69.92,69.79,69.91,24128
1739982000,69.9,69.95,69.85,69.935,17736
1739982600,69.93,69.93,69.85,69.9,21159
1739983200,69.9,69.94,69.81,69.81,15176
1739983800,69.81,69.865,69.785,69.8,14087
1739984400,69.8,69.84,69.76,69.77,11257
1739985000,69.78,69.8,69.71,69.71,18224
1739985600,69.7,69.7,69.65,69.65,13785
1739986200,69.65,69.74,69.65,69.74,19333
1739986800,69.735,69.75,69.7,69.72,23344
1739987400,69.72,69.72,69.66,69.7,22554
1739988000,69.695,69.745,69.66,69.74,14948
1739988600,69.74,69.77,69.69,69.77,9069
1739989200,69.77,69.77,69.72,69.77,13597
1739989800,69.77,69.77,69.7,69.71,14660
1739990400,69.72,69.72,69.63,69.65,13216
1739991000,69.645,69.7,69.645,69.69,20691
1739991600,69.7,69.715,69.68,69.695,15241
1739992200,69.7,69.8,69.7,69.77,22564
1739992800,69.78,69.82,69.77,69.79,24172
1739993400,69.8,69.81,69.755,69.775,26041
1739994000,69.77,69.775,69.75,69.77,19097
1739994600,69.77,69.8,69.75,69.8,21339
1739995200,69.8,69.82,69.705,69.705,39005
1739995800,69.71,69.81,69.71,69.79,41627
1739996400,69.79,69.9,69.79,69.9,34283
1739997000,69.89,69.955,69.875,69.95,43324
1739997600,69.94,70.03,69.9,70.02,70612
1739998200,70.03,70.12,70.025,70.075,140077
1740061800,69.575,69.95,69.575,69.74,39391
1740062400,69.72,69.76,69.65,69.69,26904
1740063000,69.69,69.8,69.65,69.78,31861
1740063600,69.78,69.845,69.7,69.73,20302
1740064200,69.72,69.81,69.605,69.61,18746
1740064800,69.61,69.715,69.57,69.65,14671
1740065400,69.64,69.755,69.625,69.74,19203
1740066000,69.745,69.78,69.72,69.75,11074
1740066600,69.74,69.76,69.64,69.76,14513
1740067200,69.76,69.76,69.615,69.63,11459
1740067800,69.635,69.705,69.57,69.7,12624
1740068400,69.705,69.72,69.66,69.66,9459
1740069000,69.65,69.65,69.53,69.54,10183
1740069600,69.535,69.545,69.48,69.52,14053
1740070200,69.52,69.54,69.485,69.495,8691
1740070800,69.49,69.53,69.44,69.47,15284
1740071400,69.46,69.67,69.43,69.65,17158
1740072000,69.65,69.75,69.65,69.675,14060
1740072600,69.675,69.68,69.565,69.6,6638
1740073200,69.595,69.62,69.56,69.58,13898
1740073800,69.575,69.61,69.56,69.595,12078
1740074400,69.59,69.64,69.56,69.625,13202
1740075000,69.63,69.675,69.59,69.655,16857
1740075600,69.66,69.77,69.655,69.72,15124
1740076200,69.715,69.875,69.705,69.87,14321
1740076800,69.875,69.92,69.86,69.9,11552
1740077400,69.9,69.915,69.86,69.915,12472
1740078000,69.91,69.91,69.87,69.88,8149
1740078600,69.89,69.91,69.88,69.9,10539
1740079200,69.895,69.92,69.875,69.905,8414
1740079800,69.91,69.91,69.845,69.9,11035
1740080400,69.895,69.955,69.88,69.945,11339
1740081000,69.95,69.955,69.865,69.87,11541
1740081600,69.865,69.865,69.76,69.84,14563
1740082200,69.835,69.85,69.79,69.85,21951
1740082800,69.86,69.88,69.835,69.84,15745
1740083400,69.845,69.87,69.8,69.815,15063
1740084000,69.815,69.85,69.73,69.85,33984
1740084600,69.86,70.07,69.84,70.05,110966
1740148200,70.32,70.45,70.13,70.4,92612
1740148800,70.38,70.51,70.33,70.34,57387
1740149400,70.33,70.53,70.32,70.53,37046
1740150000,70.51,70.6,70.39,70.59,82272
1740150600,70.59,70.64,70.51,70.6,48940
1740151200,70.6,70.79,70.6,70.75,43175
1740151800,70.74,70.92,70.7,70.915,72035
1740152400,70.915,71.48,70.915,71.46,247391
1740153000,71.46,71.51,71.29,71.29,100155
1740153600,71.285,71.4,71.185,71.36,44549
1740154200,71.36,71.415,71.32,71.38,63206
1740154800,71.385,71.47,71.36,71.4,60089
1740155400,71.41,71.42,71.33,71.4,34128
1740156000,71.395,71.41,71.32,71.38,28088
1740156600,71.39,71.395,71.345,71.37,15647
1740157200,71.37,71.405,71.305,71.34,25915
1740157800,71.35,71.39,71.195,71.21,24728
1740158400,71.21,71.24,71.15,71.21,17436
1740159000,71.205,71.27,71.18,71.24,15943
1740159600,71.25,71.29,71.21,71.28,17018
1740160200,71.27,71.3,71.23,71.26,10702
1740160800,71.25,71.36,71.245,71.33,19838
1740161400,71.33,71.41,71.32,71.385,27575
1740162000,71.38,71.4,71.24,71.26,20708
1740162600,71.25,71.25,71.125,71.15,24626
1740163200,71.15,71.37,71.15,71.37,30994
1740163800,71.36,71.43,71.32,71.42,31606
1740164400,71.41,71.58,71.395,71.57,37137
1740165000,71.58,71.6,71.495,71.53,34035
1740165600,71.535,71.59,71.5,71.52,39633
1740166200,71.52,71.52,71.445,71.47,28849
1740166800,71.46,71.56,71.455,71.53,27162
1740167400,71.525,71.53,71.43,71.46,42758
1740168000,71.45,71.49,71.415,71.47,37656
1740168600,71.465,71.465,71.37,71.39,34590
1740169200,71.39,71.4,71.34,71.355,31751
1740169800,71.36,71.39,71.325,71.37,69181
1740170400,71.37,71.47,71.34,71.45,104856
1740171000,71.45,71.52,71.34,71.38,220790
1740407400,70.84,71.12,70.75,70.95,97472
1740408000,70.94,71.12,70.86,71.09,81384
1740408600,71.11,71.425,71.1,71.36,97850
1740409200,71.38,71.73,71.38,71.52,80154
1740409800,71.51,71.51,71.12,71.4,61801
1740410400,71.4,71.55,71.36,71.53,32314
1740411000,71.54,71.58,71.305,71.43,42707
1740411600,71.43,71.6,71.375,71.48,37245
1740412200,71.48,71.51,71.18,71.215,85297
1740412800,71.215,71.26,71.03,71.05,54529
1740413400,71.04,71.08,70.95,71.08,93724
1740414000,71.09,71.15,70.87,70.98,25391
1740414600,70.99,71.06,70.96,70.97,34624
1740415200,70.965,70.975,70.805,70.92,44762
1740415800,70.92,70.945,70.72,70.72,38040
1740416400,70.72,70.75,70.525,70.56,47644
1740417000,70.56,70.75,70.52,70.57,42080
1740417600,70.58,70.66,70.58,70.63,28652
1740418200,70.65,70.69,70.58,70.63,37746
1740418800,70.625,70.895,70.6,70.89,26119
1740419400,70.89,70.93,70.75,70.76,22963
1740420000,70.76,70.77,70.585,70.71,29411
1740420600,70.715,70.72,70.575,70.63,24419
1740421200,70.635,70.74,70.63,70.65,16380
1740421800,70.64,70.69,70.57,70.575,14191
1740422400,70.58,70.59,70.4,70.46,24401
1740423000,70.45,70.53,70.42,70.45,21788
1740423600,70.44,70.46,70.34,70.375,30937
1740424200,70.38,70.425,70.355,70.4,30960
1740424800,70.41,70.48,70.33,70.35,31333
1740425400,70.35,70.44,70.35,70.395,27652
1740426000,70.4,70.51,70.4,70.49,24810
1740426600,70.49,70.645,70.49,70.645,18952
1740427200,70.65,70.69,70.57,70.61,20027
1740427800,70.605,70.65,70.56,70.605,25491
1740428400,70.605,70.66,70.595,70.655,30724
1740429000,70.65,70.65,70.48,70.5,73463
1740429600,70.5,70.75,70.5,70.75,52574
1740430200,70.75,70.77,70.48,70.6,161348
1740493800,70.9,71.12,70.6,70.88,59247
1740494400,70.89,71.13,70.84,71.13,52171
1740495000,71.13,71.38,71.13,71.18,84015
1740495600,71.16,71.45,71.07,71.39,67712
1740496200,71.38,71.59,71.34,71.58,74756
1740496800,71.57,71.66,71.37,71.645,83557
1740497400,71.645,71.65,71.46,71.48,64409
1740498000,71.48,71.58,71.48,71.52,37931
1740498600,71.53,71.53,71.29,71.38,40563
1740499200,71.4,71.64,71.39,71.58,34272
1740499800,71.59,71.69,71.51,71.58,24071
1740500400,71.58,71.705,71.58,71.705,18337
1740501000,71.7,71.73,71.6,71.7,28691
1740501600,71.695,71.765,71.61,71.66,28517
1740502200,71.66,71.68,71.52,71.545,25318
1740502800,71.54,71.71,71.48,71.67,54784
1740503400,71.67,71.705,71.58,71.61,20435
1740504000,71.62,71.69,71.595,71.61,14620
1740504600,71.61,71.61,71.31,71.38,23412
1740505200,71.395,71.4,71.15,71.29,17025
1740505800,71.29,71.32,71.24,71.27,22372
1740506400,71.275,71.36,71.21,71.24,19527
1740507000,71.24,71.25,71.09,71.115,16588
1740507600,71.11,71.23,71.11,71.22,23116
1740508200,71.22,71.31,71.2,71.28,48324
1740508800,71.28,71.28,71.19,71.2,26534
1740509400,71.2,71.21,71.09,71.1,18354
1740510000,71.1,71.165,70.985,71.05,24938
1740510600,71.045,71.18,71.035,71.17,21542
1740511200,71.17,71.185,71.005,71.08,25150
1740511800,71.09,71.265,71.08,71.26,17208
1740512400,71.26,71.275,71.185,71.2,16557
1740513000,71.19,71.21,71.16,71.18,16085
1740513600,71.19,71.24,71.1,71.215,24149
1740514200,71.215,71.32,71.11,71.32,24736
1740514800,71.325,71.38,71.245,71.245,34790
1740515400,71.245,71.39,71.23,71.37,82625
1740516000,71.37,71.47,71.275,71.45,63720
1740516600,71.45,71.675,71.45,71.485,250777
1740580200,71.17,71.27,70.68,70.84,91871
1740580800,70.85,71.06,70.82,71,53812
1740581400,70.995,71.07,70.79,70.87,32462
1740582000,70.87,71.04,70.8,70.93,28167
1740582600,70.93,70.94,70.79,70.82,47576
1740583200,70.83,70.87,70.73,70.84,41169
1740583800,70.84,70.89,70.65,70.755,27011
1740584400,70.76,70.83,70.67,70.74,28946
1740585000,70.74,70.76,70.605,70.615,23490
1740585600,70.61,70.68,70.53,70.68,36370
1740586200,70.67,70.81,70.66,70.67,38565
1740586800,70.66,70.795,70.66,70.75,15931
1740587400,70.75,70.82,70.725,70.77,15781
1740588000,70.78,70.89,70.765,70.85,23155
1740588600,70.84,70.9,70.83,70.875,25710
1740589200,70.87,70.915,70.8,70.84,15383
1740589800,70.84,71.01,70.84,70.91,20692
1740590400,70.9,70.98,70.85,70.95,12241
1740591000,70.95,70.97,70.895,70.96,10488
1740591600,70.96,71,70.9,70.98,13241
1740592200,70.98,70.985,70.91,70.975,14527
1740592800,70.98,71.08,70.955,71.08,12093
1740593400,71.08,71.095,70.97,71,12050
1740594000,70.99,70.995,70.915,70.98,11615
1740594600,70.98,71.015,70.93,70.96,12411
1740595200,70.96,71.055,70.955,70.995,15331
1740595800,70.99,71.04,70.94,71,15153
1740596400,71.02,71.03,70.97,71,19130
1740597000,71,71.015,70.91,70.92,14021
1740597600,70.92,71.09,70.915,71.08,29088
1740598200,71.08,71.13,71.06,71.115,17273
1740598800,71.11,71.14,71,71.02,22548
1740599400,71.02,71.06,71.015,71.055,18076
1740600000,71.06,71.06,70.925,70.965,19322
1740600600,70.97,71.02,70.935,70.95,28998
1740601200,70.95,70.96,70.77,70.785,29028
1740601800,70.79,70.96,70.755,70.93,33883
1740602400,70.91,70.97,70.855,70.89,52891
1740603000,70.9,70.97,70.77,70.84,159640
1740666600,70.68,70.88,70.42,70.83,91839
1740667200,70.83,71.1,70.8,70.89,81934
1740667800,70.88,71.23,70.83,71.1,104993
1740668400,71.12,71.2,70.81,71.08,51603
1740669000,71.085,71.12,70.92,71.105,43900
1740669600,71.09,71.44,71.09,71.4,30988
1740670200,71.4,71.485,71.29,71.3,28854
1740670800,71.325,71.45,71.29,71.44,21043
1740671400,71.44,71.53,71.39,71.415,26267
1740672000,71.42,71.5,71.4,71.475,19518
1740672600,71.475,71.475,71.28,71.34,15782
1740673200,71.34,71.49,71.33,71.37,28841
1740673800,71.37,71.4,71.325,71.34,16496
1740674400,71.34,71.36,71.21,71.25,13085
1740675000,71.24,71.35,71.23,71.3,17352
1740675600,71.305,71.34,71.285,71.315,9892
1740676200,71.315,71.32,71.26,71.31,11957
1740676800,71.31,71.485,71.31,71.48,9425
1740677400,71.49,71.525,71.49,71.52,7422
1740678000,71.515,71.52,71.42,71.42,9839
1740678600,71.425,71.48,71.42,71.44,9930
1740679200,71.44,71.53,71.35,71.35,12717
1740679800,71.35,71.42,71.34,71.41,11985
1740680400,71.41,71.48,71.37,71.38,22048
1740681000,71.38,71.395,71.315,71.395,19570
1740681600,71.395,71.42,71.32,71.33,11644
1740682200,71.34,71.36,71.315,71.36,8879
1740682800,71.355,71.42,71.32,71.36,15273
1740683400,71.365,71.41,71.35,71.38,14741
1740684000,71.39,71.4,71.345,71.36,15302
1740684600,71.36,71.42,71.27,71.34,27085
1740685200,71.345,71.345,71.18,71.22,39722
1740685800,71.22,71.255,71.18,71.185,28018
1740686400,71.18,71.21,71.1,71.14,34371
1740687000,71.14,71.175,71.08,71.165,35232
1740687600,71.165,71.17,71.05,71.07,47872
1740688200,71.06,71.16,71.04,71.06,102742
1740688800,71.065,71.15,70.99,71.02,146179
1740689400,71.04,71.07,70.83,70.88,213315
1740753000,71.4,71.56,71.09,71.13,74093
1740753600,71.14,71.22,70.88,70.91,48923
1740754200,70.91,71.255,70.86,71.22,44243
1740754800,71.23,71.3,70.95,71.01,36291
1740755400,71.04,71.05,70.57,70.59,40833
1740756000,70.59,70.75,70.57,70.605,34812
1740756600,70.61,70.845,70.56,70.82,23475
1740757200,70.81,70.81,70.58,70.68,22668
1740757800,70.69,70.745,70.63,70.695,16744
1740758400,70.7,70.82,70.675,70.73,29072
1740759000,70.73,70.77,70.68,70.69,22428
1740759600,70.68,70.72,70.615,70.64,14481
1740760200,70.64,70.74,70.64,70.72,18453
1740760800,70.73,70.915,70.73,70.9,21875
1740761400,70.9,70.96,70.875,70.9,10650
1740762000,70.9,70.915,70.82,70.865,16037
1740762600,70.87,70.935,70.845,70.875,10834
1740763200,70.87,70.88,70.77,70.78,14240
1740763800,70.78,70.8,70.73,70.795,11043
1740764400,70.795,70.825,70.755,70.825,27413
1740765000,70.825,70.83,70.76,70.805,21419
1740765600,70.81,70.83,70.72,70.76,12944
1740766200,70.76,70.78,70.63,70.64,20270
1740766800,70.64,70.67,70.6,70.67,21515
1740767400,70.67,70.71,70.63,70.7,29085
1740768000,70.7,70.71,70.6,70.71,27779
1740768600,70.71,70.73,70.605,70.62,19928
1740769200,70.62,70.7,70.6,70.68,17871
1740769800,70.68,70.71,70.64,70.655,18436
1740770400,70.655,70.73,70.63,70.725,30501
1740771000,70.725,70.785,70.7,70.7,21575
1740771600,70.7,70.74,70.68,70.72,25454
1740772200,70.73,70.8,70.705,70.78,20114
1740772800,70.78,70.845,70.78,70.8,21302
1740773400,70.79,70.875,70.77,70.865,28344
1740774000,70.87,71.04,70.82,71.04,44195
1740774600,71.045,71.14,71.04,71.115,66200
1740775200,71.115,71.28,71.115,71.27,57494
1740775800,71.26,71.32,71.1,71.2,250582
1741012200,70.24,70.95,69.74,70.74,181950
1741012800,70.75,70.86,70.56,70.73,81517
1741013400,70.73,70.895,70.615,70.83,90109
1741014000,70.82,70.92,70.695,70.89,89320
1741014600,70.89,71.04,70.76,70.96,49923
1741015200,70.96,70.98,70.725,70.84,43427
1741015800,70.84,71.055,70.74,71.02,44197
1741016400,71.015,71.11,70.99,71.085,29466
1741017000,71.08,71.24,71.07,71.22,28920
1741017600,71.22,71.335,71.16,71.32,35440
1741018200,71.33,71.49,71.32,71.49,34765
1741018800,71.48,71.59,71.45,71.48,49265
1741019400,71.48,71.65,71.47,71.52,33563
1741020000,71.53,71.62,71.495,71.55,15866
1741020600,71.55,71.86,71.535,71.85,33633
1741021200,71.84,71.9,71.75,71.81,37226
1741021800,71.81,71.855,71.715,71.82,20237
1741022400,71.83,71.88,71.81,71.855,16530
1741023000,71.855,71.935,71.78,71.91,24324
1741023600,71.915,71.955,71.89,71.94,20066
1741024200,71.94,71.95,71.85,71.885,25085
1741024800,71.88,71.94,71.82,71.93,22540
1741025400,71.93,71.98,71.865,71.92,39033
1741026000,71.92,71.985,71.895,71.94,17226
1741026600,71.93,71.99,71.77,71.84,17650
1741027200,71.84,71.94,71.77,71.8,28498
1741027800,71.79,71.84,71.715,71.76,18472
1741028400,71.75,71.82,71.705,71.81,18449
1741029000,71.805,71.89,71.775,71.775,17586
1741029600,71.77,71.8,71.61,71.63,16354
1741030200,71.64,71.8,71.635,71.79,16261
1741030800,71.79,71.85,71.76,71.77,15322
1741031400,71.765,71.77,71.63,71.63,26685
1741032000,71.62,71.73,71.59,71.73,23765
1741032600,71.73,71.85,71.665,71.82,42765
1741033200,71.825,72.07,71.825,71.96,66902
1741033800,71.96,71.99,71.815,71.83,39258
1741034400,71.83,72.205,71.8,72.165,75009
1741035000,72.17,72.355,72.14,72.33,194941
1741098600,72.05,72.32,71.78,72.14,153839
1741099200,72.15,72.65,72.09,72.36,127891
1741099800,72.35,72.41,72.12,72.265,59458
1741100400,72.27,72.57,72.19,72.41,92089
1741101000,72.42,72.5,71.95,72.235,82095
1741101600,72.24,72.36,72.08,72.17,55750
1741102200,72.16,72.23,71.77,71.86,56540
1741102800,71.87,71.93,71.575,71.7,42474
1741103400,71.69,71.72,71.55,71.59,84603
1741104000,71.59,71.76,71.5,71.68,54647
1741104600,71.66,71.8,71.61,71.65,37924
1741105200,71.65,71.66,71.39,71.52,51864
1741105800,71.52,71.52,71.16,71.16,42252
1741106400,71.165,71.21,70.975,71.11,53058
1741107000,71.11,71.19,70.92,71.02,40992
1741107600,71.02,71.1,70.92,70.94,46427
1741108200,70.94,70.96,70.85,70.88,44245
1741108800,70.87,70.88,70.615,70.68,35042
1741109400,70.67,70.82,70.65,70.73,45286
1741110000,70.74,70.75,70.545,70.65,35073
1741110600,70.64,70.66,70.49,70.54,42304
1741111200,70.54,70.67,70.5,70.605,37971
1741111800,70.62,70.79,70.6,70.73,42575
1741112400,70.73,70.77,70.66,70.71,27411
1741113000,70.71,70.77,70.66,70.76,31463
1741113600,70.76,70.82,70.73,70.74,30227
1741114200,70.73,70.75,70.59,70.6,28531
1741114800,70.6,70.69,70.54,70.64,31933
1741115400,70.65,70.66,70.42,70.48,33068
1741116000,70.49,70.53,70.3,70.38,52758
1741116600,70.39,70.53,70.37,70.48,35682
1741117200,70.49,70.58,70.45,70.52,37477
1741117800,70.52,70.59,70.45,70.5,32081
1741118400,70.49,70.53,70.34,70.35,34870
1741119000,70.35,70.41,70.31,70.31,35133
1741119600,70.31,70.34,70.21,70.28,55835
1741120200,70.28,70.375,70.215,70.26,76415
1741120800,70.26,70.26,70.015,70.15,99290
1741121400,70.17,70.205,69.885,70.2,280151
1741185000,70.1,70.73,69.71,70.63,60199
1741185600,70.62,70.62,70.13,70.53,50362
1741186200,70.51,70.66,70.225,70.59,46942
1741186800,70.6,70.71,70.53,70.67,53002
1741187400,70.68,70.72,70.33,70.445,43393
1741188000,70.46,70.52,70.14,70.18,42734
1741188600,70.18,70.34,70.12,70.3,32649
1741189200,70.3,70.37,70.25,70.33,31211
1741189800,70.34,70.45,70.155,70.29,21960
1741190400,70.3,70.38,70.2,70.24,19600
1741191000,70.25,70.31,70.21,70.255,18096
1741191600,70.26,70.325,70.22,70.26,13496
1741192200,70.25,70.33,70.155,70.3,10700
1741192800,70.3,70.4,70.3,70.34,13190
1741193400,70.35,70.42,70.285,70.35,21783
1741194000,70.36,70.585,70.36,70.44,15815
1741194600,70.43,70.5,70.365,70.46,12867
1741195200,70.465,70.58,70.42,70.58,16524
1741195800,70.59,70.64,70.51,70.51,15344
1741196400,70.495,70.57,70.48,70.495,10059
1741197000,70.49,70.495,70.39,70.435,9296
1741197600,70.43,70.49,70.29,70.31,25731
1741198200,70.325,70.33,70.22,70.26,25047
1741198800,70.27,70.415,70.26,70.4,20571
1741199400,70.4,70.415,70.285,70.35,17782
1741200000,70.35,70.43,70.31,70.41,11646
1741200600,70.405,70.52,70.405,70.52,16135
1741201200,70.52,70.64,70.5,70.6,13528
1741201800,70.6,70.65,70.56,70.58,13663
1741202400,70.57,70.64,70.54,70.54,16368
1741203000,70.55,70.62,70.53,70.57,19805
1741203600,70.57,70.57,70.475,70.55,16668
1741204200,70.55,70.565,70.41,70.41,18420
1741204800,70.42,70.58,70.42,70.48,24450
1741205400,70.48,70.51,70.38,70.435,24465
1741206000,70.43,70.43,70.365,70.38,21737
1741206600,70.38,70.39,70.24,70.34,33481
1741207200,70.34,70.34,70.165,70.19,43776
1741207800,70.2,70.23,70.01,70.06,175298
1741271400,70.29,70.51,70.02,70.12,48544
1741272000,70.13,70.17,69.77,69.86,41832
1741272600,69.88,69.885,69.64,69.665,33932
1741273200,69.67,69.79,69.46,69.6,37130
1741273800,69.61,69.785,69.53,69.57,30765
1741274400,69.57,69.63,69.49,69.59,26751
1741275000,69.58,69.78,69.58,69.67,29001
1741275600,69.66,69.77,69.62,69.76,17018
1741276200,69.76,69.86,69.7,69.83,15507
1741276800,69.84,69.96,69.82,69.88,17001
1741277400,69.89,69.93,69.86,69.89,19082
1741278000,69.9,69.985,69.85,69.94,22483
1741278600,69.96,70.11,69.89,69.95,16753
1741279200,69.94,69.97,69.82,69.82,8581
1741279800,69.81,69.81,69.61,69.7,12817
1741280400,69.69,69.73,69.625,69.66,16619
1741281000,69.65,69.65,69.57,69.62,16079
1741281600,69.625,69.7,69.56,69.57,17061
1741282200,69.56,69.63,69.51,69.54,13886
1741282800,69.54,69.62,69.53,69.61,15111
1741283400,69.6,69.63,69.52,69.615,18074
1741284000,69.6,69.64,69.54,69.61,9364
1741284600,69.62,69.64,69.58,69.6,18250
1741285200,69.6,69.65,69.545,69.57,11205
1741285800,69.56,69.675,69.56,69.66,11308
1741286400,69.66,69.72,69.64,69.65,13800
1741287000,69.65,69.69,69.61,69.67,19874
1741287600,69.67,69.69,69.605,69.61,19181
1741288200,69.62,69.75,69.62,69.71,24650
1741288800,69.715,69.845,69.66,69.84,38277
1741289400,69.84,70,69.83,69.955,26812
1741290000,69.93,70.02,69.91,69.91,27773
1741290600,69.92,70.05,69.91,70.03,40893
1741291200,70.04,70.1,70.01,70.085,37691
1741291800,70.08,70.18,70.06,70.18,32123
1741292400,70.19,70.25,70.18,70.24,25456
1741293000,70.245,70.31,70.16,70.22,41529
1741293600,70.23,70.42,70.23,70.41,55873
1741294200,70.42,70.53,70.36,70.46,291513
1741357800,69.9,70.45,69.65,70.39,58077
1741358400,70.41,70.73,70.33,70.65,54905
1741359000,70.65,70.65,70.36,70.61,39058
1741359600,70.615,70.69,70.47,70.63,39083
1741360200,70.61,70.74,70.51,70.71,42765
1741360800,70.72,70.99,70.72,70.91,45626
1741361400,70.905,70.925,70.705,70.77,45931
1741362000,70.77,71.05,70.77,70.94,70251
1741362600,70.925,71,70.69,70.8,32889
1741363200,70.8,71.06,70.8,71.05,31507
1741363800,71.045,71.21,71.045,71.195,38394
1741364400,71.2,71.25,71.12,71.24,24908
1741365000,71.24,71.54,71.2,71.51,50262
1741365600,71.5,71.605,71.4,71.49,64085
1741366200,71.49,71.62,71.45,71.615,47502
1741366800,71.61,71.67,71.4,71.41,53086
1741367400,71.44,71.665,71.405,71.63,25812
1741368000,71.63,71.63,71.495,71.51,25187
1741368600,71.52,71.74,71.5,71.72,51020
1741369200,71.715,71.78,71.69,71.76,21962
1741369800,71.76,71.82,71.66,71.68,27811
1741370400,71.68,71.75,71.605,71.7,40312
1741371000,71.69,71.79,71.69,71.7,75699
1741371600,71.69,71.725,71.595,71.65,20141
1741372200,71.63,71.65,71.51,71.56,27641
1741372800,71.57,71.59,71.42,71.52,12251
1741373400,71.525,71.56,71.495,71.51,11576
1741374000,71.54,71.58,71.42,71.42,15553
1741374600,71.42,71.48,71.4,71.42,22093
1741375200,71.42,71.46,71.38,71.44,29138
1741375800,71.43,71.455,71.36,71.45,23896
1741376400,71.45,71.565,71.445,71.47,19795
1741377000,71.47,71.47,71.33,71.33,24615
1741377600,71.34,71.45,71.32,71.405,31101
1741378200,71.41,71.46,71.29,71.33,39042
1741378800,71.33,71.35,71.22,71.22,33905
1741379400,71.22,71.34,71.13,71.22,39522
1741380000,71.21,71.34,71.14,71.33,40138
1741380600,71.32,71.53,71.265,71.425,218612
1741613400,71.96,72.3,71.73,71.97,118701
1741614000,71.99,72.16,71.98,72.06,51017
1741614600,72.07,72.37,72.05,72.36,50688
1741615200,72.36,72.46,72.19,72.41,68534
1741615800,72.42,72.56,72.33,72.5,93053
1741616400,72.49,72.62,72.265,72.46,67077
1741617000,72.46,72.63,72.41,72.57,62356
1741617600,72.6,72.975,72.53,72.92,50346
1741618200,72.94,73.225,72.9,73.165,75525
1741618800,73.16,73.2,73,73.175,57196
1741619400,73.175,73.195,73.025,73.06,47438
1741620000,73.05,73.12,72.695,72.84,48517
1741620600,72.84,72.86,72.48,72.58,46777
1741621200,72.59,72.63,72.38,72.405,39572
1741621800,72.41,72.67,72.395,72.64,37810
1741622400,72.64,72.725,72.55,72.67,30788
1741623000,72.66,72.78,72.64,72.77,34275
1741623600,72.765,72.8,72.635,72.79,38329
1741624200,72.78,72.96,72.77,72.94,40636
1741624800,72.94,72.97,72.825,72.88,65004
1741625400,72.87,72.87,72.64,72.68,32547
1741626000,72.67,72.69,72.47,72.52,34005
1741626600,72.51,72.55,72.41,72.41,21601
1741627200,72.405,72.5,72.31,72.45,44719
1741627800,72.46,72.65,72.44,72.55,38260
1741628400,72.54,72.57,72.47,72.47,50068
1741629000,72.47,72.5,72.435,72.48,32948
1741629600,72.49,72.6,72.47,72.59,38490
1741630200,72.58,72.58,72.385,72.41,38913
1741630800,72.39,72.4,72.265,72.275,34483
1741631400,72.28,72.28,72.03,72.04,34894
1741632000,72.04,72.07,71.89,71.94,41823
1741632600,71.93,71.94,71.8,71.9,51320
1741633200,71.91,71.915,71.56,71.58,54092
1741633800,71.585,71.645,71.44,71.58,69124
1741634400,71.59,71.69,71.53,71.55,72895
1741635000,71.55,71.64,71.315,71.515,90338
1741635600,71.54,71.81,71.54,71.73,108595
1741636200,71.74,71.88,71.34,71.48,280077
1741699800,72.04,72.05,71.06,71.37,124495
1741700400,71.44,71.61,71.32,71.5,89828
1741701000,71.51,71.69,71.38,71.48,65020
1741701600,71.49,71.6,71.07,71.16,84497
1741702200,71.16,71.355,70.975,71.2,93288
1741702800,71.2,71.55,71.05,71.53,36760
1741703400,71.54,71.54,71.27,71.27,35415
1741704000,71.28,71.3,70.99,71.21,43699
1741704600,71.23,71.24,70.92,71.02,33891
1741705200,71.02,71.06,70.86,70.93,42187
1741705800,70.94,71.1,70.9,71.05,29971
1741706400,71.06,71.08,70.94,70.95,23294
1741707000,70.95,71.06,70.91,71.06,24670
1741707600,71.07,71.165,70.99,71.01,25335
1741708200,71.01,71.04,70.92,70.97,20044
1741708800,70.97,71.02,70.76,70.97,58565
1741709400,70.97,70.97,70.72,70.85,30110
1741710000,70.86,70.96,70.84,70.95,29571
1741710600,70.945,71,70.85,70.86,13929
1741711200,70.87,70.95,70.8,70.82,29541
1741711800,70.83,70.84,70.66,70.69,30226
1741712400,70.7,70.73,70.615,70.62,18557
1741713000,70.63,70.84,70.62,70.8,22100
1741713600,70.8,71.02,70.8,71.005,23446
1741714200,71,71.06,70.89,70.965,19596
1741714800,70.965,71,70.9,70.95,19002
1741715400,70.95,71.03,70.915,71.03,60230
1741716000,71.035,71.1,70.98,70.98,19317
1741716600,70.985,71.01,70.88,70.89,33230
1741717200,70.895,71.02,70.73,70.98,44614
1741717800,70.98,71.02,70.775,70.93,27389
1741718400,70.925,71.055,70.895,70.995,26853
1741719000,70.99,71.03,70.82,71.02,26583
1741719600,71.03,71.07,70.88,70.995,30177
1741720200,71.02,71.16,70.965,71.15,40380
1741720800,71.14,71.15,71.01,71.09,34317
1741721400,71.09,71.355,71.05,71.21,41103
1741722000,71.215,71.29,71.125,71.13,39632
1741722600,71.12,71.25,70.93,71.01,199252
1741786200,70.38,70.6,69.89,70.3,175126
1741786800,70.3,70.61,70.27,70.6,39223
1741787400,70.55,70.64,70.3,70.385,65863
1741788000,70.42,70.535,70.3,70.41,44768
1741788600,70.42,70.47,70.17,70.18,32441
1741789200,70.19,70.245,70.01,70.24,44214
1741789800,70.24,70.26,70.09,70.13,26127
1741790400,70.12,70.18,69.82,69.84,45434
1741791000,69.84,69.9,69.74,69.89,28385
1741791600,69.885,70.03,69.86,69.96,27873
1741792200,69.945,69.98,69.86,69.87,21947
1741792800,69.875,70.05,69.875,70,30966
1741793400,69.99,70.14,69.915,70.1,22496
1741794000,70.105,70.26,70.065,70.24,18138
1741794600,70.24,70.32,70.24,70.26,15460
1741795200,70.25,70.27,70.05,70.07,18565
1741795800,70.06,70.185,70.01,70.145,23212
1741796400,70.15,70.24,70.12,70.18,17464
1741797000,70.18,70.265,70,70.02,16354
1741797600,70.02,70.11,69.91,69.93,22650
1741798200,69.92,70.03,69.88,69.9,19090
1741798800,69.9,69.95,69.84,69.87,16490
1741799400,69.87,70.035,69.87,70,22504
1741800000,69.99,70.155,69.99,70.155,11438
1741800600,70.15,70.25,70.11,70.15,18314
1741801200,70.16,70.315,70.16,70.3,20704
1741801800,70.3,70.37,70.21,70.22,16234
1741802400,70.24,70.32,70.22,70.32,18254
1741803000,70.31,70.33,70.12,70.135,23585
1741803600,70.14,70.26,70.14,70.26,20826
1741804200,70.255,70.26,70.15,70.19,23355
1741804800,70.195,70.32,70.19,70.25,18558
1741805400,70.255,70.3,70.205,70.27,26545
1741806000,70.26,70.27,70.11,70.14,33908
1741806600,70.13,70.19,69.92,69.95,29699
1741807200,69.93,70,69.79,69.94,47320
1741807800,69.935,69.99,69.79,69.86,29920
1741808400,69.86,70.055,69.86,70.01,62049
1741809000,70.02,70.05,69.9,69.91,195834
1741872600,70.47,70.47,69.82,70.01,45823
1741873200,70.01,70.18,69.95,70.03,27591
1741873800,70.03,70.03,69.73,69.905,38463
1741874400,69.91,70.05,69.63,69.75,45591
1741875000,69.73,69.82,69.43,69.47,38683
1741875600,69.47,69.55,69.365,69.47,34871
1741876200,69.47,69.59,69.45,69.55,21782
1741876800,69.54,69.67,69.54,69.59,19535
1741877400,69.58,69.59,69.38,69.42,21904
1741878000,69.41,69.47,69.34,69.375,30879
1741878600,69.36,69.44,69.33,69.435,27952
1741879200,69.43,69.44,69.31,69.42,23190
1741879800,69.42,69.48,69.37,69.39,13354
1741880400,69.38,69.48,69.335,69.46,33594
1741881000,69.45,69.5,69.41,69.47,11787
1741881600,69.48,69.61,69.425,69.6,25435
1741882200,69.605,69.61,69.455,69.52,23814
1741882800,69.5,69.51,69.395,69.395,34310
1741883400,69.39,69.44,69.35,69.38,18871
1741884000,69.39,69.5,69.34,69.34,18000
1741884600,69.34,69.48,69.31,69.475,13501
1741885200,69.48,69.49,69.35,69.35,23495
1741885800,69.355,69.44,69.35,69.4,14431
1741886400,69.41,69.455,69.35,69.39,18371
1741887000,69.385,69.43,69.33,69.43,16283
1741887600,69.43,69.46,69.37,69.4,19265
1741888200,69.41,69.49,69.39,69.42,17449
1741888800,69.42,69.49,69.39,69.39,17931
1741889400,69.4,69.47,69.38,69.42,24463
1741890000,69.38,69.39,69.285,69.32,25244
1741890600,69.33,69.43,69.3,69.42,23721
1741891200,69.43,69.5,69.41,69.47,19093
1741891800,69.46,69.47,69.42,69.42,12921
1741892400,69.425,69.44,69.37,69.42,27553
1741893000,69.43,69.52,69.41,69.51,23837
1741893600,69.51,69.51,69.4,69.43,24238
1741894200,69.44,69.54,69.425,69.52,48670
1741894800,69.53,69.61,69.52,69.575,46761
1741895400,69.57,69.66,69.51,69.64,152623
1741959000,68.33,68.93,68.33,68.86,62071
1741959600,68.83,69.08,68.82,69.07,32310
1741960200,69.06,69.23,69,69.165,37333
1741960800,69.17,69.25,69.07,69.125,68327
1741961400,69.125,69.125,68.93,68.93,26279
1741962000,68.94,68.98,68.87,68.98,24475
1741962600,68.99,69.065,68.98,69,19012
1741963200,69,69,68.81,68.83,17844
1741963800,68.83,69.04,68.83,69.04,22408
1741964400,69.06,69.07,68.93,69.02,35900
1741965000,69.03,69.07,68.98,69,18004
1741965600,69.01,69.03,68.95,68.97,17475
1741966200,68.98,69.03,68.88,68.88,18860
1741966800,68.885,68.98,68.845,68.97,34119
1741967400,68.96,68.99,68.9,68.96,11257
1741968000,68.96,68.98,68.91,68.92,14838
1741968600,68.92,68.935,68.78,68.78,27136
1741969200,68.78,68.89,68.78,68.88,19374
1741969800,68.88,68.95,68.85,68.9,20513
1741970400,68.9,68.97,68.9,68.97,13593
1741971000,68.98,69.02,68.9,68.97,33684
1741971600,68.97,69.12,68.97,69.1,17316
1741972200,69.09,69.09,69.03,69.03,13372
1741972800,69.03,69.085,69,69.055,16607
1741973400,69.05,69.08,69.03,69.08,11416
1741974000,69.09,69.1,69.035,69.06,13756
1741974600,69.065,69.1,69.01,69.05,12951
1741975200,69.04,69.105,69.03,69.06,20512
1741975800,69.06,69.08,68.9,68.9,20908
1741976400,68.89,68.93,68.85,68.91,15264
1741977000,68.91,69.02,68.91,69.02,19489
1741977600,69.02,69.02,68.965,68.98,22262
1741978200,68.98,69,68.93,68.94,16530
1741978800,68.93,69.06,68.89,69.05,22455
1741979400,69.04,69.18,69.04,69.09,33552
1741980000,69.09,69.13,69.065,69.1,27452
1741980600,69.1,69.11,69.01,69.075,44824
1741981200,69.075,69.09,69.025,69.07,37757
1741981800,69.06,69.26,69.06,69.15,217909
1742218200,69.35,69.415,69.085,69.29,41006
1742218800,69.33,69.7,69.29,69.67,28869
1742219400,69.67,69.78,69.58,69.76,20715
1742220000,69.77,69.82,69.68,69.8,22300
1742220600,69.82,69.86,69.74,69.79,20662
1742221200,69.79,69.99,69.77,69.99,28072
1742221800,69.985,70.07,69.98,70.04,51041
1742222400,70.04,70.04,69.89,69.91,16519
1742223000,69.9,69.94,69.79,69.86,19150
1742223600,69.855,69.95,69.79,69.84,19480
1742224200,69.83,69.855,69.74,69.81,19807
1742224800,69.8,69.8,69.64,69.65,25365
1742225400,69.65,69.7,69.65,69.675,22285
1742226000,69.68,69.69,69.6,69.67,17235
1742226600,69.66,69.7,69.625,69.67,14179
1742227200,69.67,69.69,69.59,69.6,13691
1742227800,69.6,69.65,69.55,69.595,10509
1742228400,69.59,69.775,69.59,69.73,10806
1742229000,69.73,69.73,69.69,69.71,10320
1742229600,69.7,69.74,69.68,69.73,12545
1742230200,69.73,69.85,69.73,69.8,12127
1742230800,69.81,69.82,69.76,69.82,14934
1742231400,69.82,69.85,69.765,69.77,8907
1742232000,69.77,69.865,69.765,69.84,15103
1742232600,69.85,69.89,69.825,69.83,21333
1742233200,69.83,69.93,69.825,69.93,11064
1742233800,69.93,70,69.93,69.98,27829
1742234400,69.98,70.1,69.98,70.05,20755
1742235000,70.04,70.095,70.02,70.02,13081
1742235600,70.01,70.01,69.92,69.92,10180
1742236200,69.91,69.99,69.9,69.99,10579
1742236800,70,70,69.94,69.96,29435
1742237400,69.95,70.05,69.95,69.99,29042
1742238000,69.985,70.015,69.95,69.96,33192
1742238600,69.97,69.97,69.885,69.93,26475
1742239200,69.93,70.06,69.895,70.06,57102
1742239800,70.065,70.13,70.05,70.1,52713
1742240400,70.1,70.17,70.08,70.13,46552
1742241000,70.14,70.165,70.015,70.13,128613
1742304600,70.34,70.38,69.85,69.88,16860
1742305200,69.9,69.92,69.68,69.78,37990
1742305800,69.77,69.95,69.73,69.82,36250
1742306400,69.825,69.88,69.67,69.72,29313
1742307000,69.71,69.77,69.67,69.76,32444
1742307600,69.75,69.82,69.72,69.79,39124
1742308200,69.8,69.9,69.795,69.875,39564
1742308800,69.875,69.9,69.855,69.88,30589
1742309400,69.89,69.94,69.875,69.895,41761
1742310000,69.895,69.97,69.87,69.9,32225
1742310600,69.9,69.91,69.81,69.835,33046
1742311200,69.835,69.84,69.74,69.74,23913
1742311800,69.735,69.805,69.735,69.765,27364
1742312400,69.77,69.81,69.77,69.79,17334
1742313000,69.795,69.82,69.725,69.75,22306
1742313600,69.75,69.79,69.74,69.77,15471
1742314200,69.78,69.83,69.78,69.8,13831
1742314800,69.805,69.88,69.8,69.88,19110
1742315400,69.89,69.89,69.79,69.81,11363
1742316000,69.81,69.825,69.63,69.63,23059
1742316600,69.63,69.65,69.53,69.535,16397
1742317200,69.54,69.58,69.435,69.44,30536
1742317800,69.44,69.5,69.43,69.45,18669
1742318400,69.455,69.61,69.455,69.59,11060
1742319000,69.6,69.7,69.6,69.67,7369
1742319600,69.665,69.7,69.66,69.68,6678
1742320200,69.69,69.75,69.68,69.705,8699
1742320800,69.71,69.725,69.62,69.65,11176
1742321400,69.65,69.66,69.585,69.59,6779
1742322000,69.58,69.64,69.535,69.54,12795
1742322600,69.54,69.59,69.52,69.54,11139
1742323200,69.53,69.53,69.46,69.48,21050
1742323800,69.48,69.5,69.39,69.41,18239
1742324400,69.405,69.42,69.32,69.34,13041
1742325000,69.335,69.405,69.31,69.38,21795
1742325600,69.38,69.455,69.35,69.455,18496
1742326200,69.46,69.47,69.37,69.43,17106
1742326800,69.43,69.475,69.405,69.45,20543
1742327400,69.45,69.475,69.305,69.39,100322
1742391000,68.56,69.06,68.5,68.89,53486
1742391600,68.88,69.06,68.79,68.84,41926
1742392200,68.83,68.91,68.71,68.73,28730
1742392800,68.73,68.89,68.705,68.81,32556
1742393400,68.815,68.86,68.79,68.82,12066
1742394000,68.86,69.15,68.84,69.145,23033
1742394600,69.16,69.17,69.015,69.035,19891
1742395200,69.04,69.04,68.935,68.94,18780
1742395800,68.93,68.93,68.81,68.85,28063
1742396400,68.85,68.87,68.735,68.74,17219
1742397000,68.75,68.8,68.73,68.75,21935
1742397600,68.75,68.88,68.745,68.85,26422
1742398200,68.85,68.93,68.82,68.88,16134
1742398800,68.87,68.9,68.81,68.84,18704
1742399400,68.84,68.995,68.795,68.93,18034
1742400000,68.95,68.98,68.905,68.96,15537
1742400600,68.955,69.02,68.88,68.965,33206
1742401200,68.96,68.97,68.91,68.95,13764
1742401800,68.95,69.01,68.895,68.96,15469
1742402400,68.97,68.98,68.895,68.96,15410
1742403000,68.955,68.97,68.92,68.95,16368
1742403600,68.95,68.95,68.85,68.85,11853
1742404200,68.86,68.89,68.835,68.88,13138
1742404800,68.88,68.885,68.805,68.82,13888
1742405400,68.81,68.82,68.75,68.78,13700
1742406000,68.78,68.78,68.62,68.64,15955
1742406600,68.64,68.77,68.64,68.73,16069
1742407200,68.73,68.88,68.68,68.88,43511
1742407800,68.88,68.9,68.82,68.82,18051
1742408400,68.83,68.89,68.77,68.78,17026
1742409000,68.78,68.905,68.78,68.85,19105
1742409600,68.85,69,68.85,68.97,20549
1742410200,68.96,69.08,68.95,68.99,24153
1742410800,68.98,69.17,68.95,69.16,28410
1742411400,69.17,69.23,69.16,69.2,22899
1742412000,69.21,69.255,69.15,69.21,19582
1742412600,69.215,69.38,69.215,69.265,30320
1742413200,69.245,69.34,69.245,69.28,23951
1742413800,69.29,69.34,69.135,69.31,133439
1742477400,69.305,69.81,69.305,69.41,81976
1742478000,69.43,69.65,69.42,69.46,46832
1742478600,69.45,69.57,69.41,69.49,27695
1742479200,69.49,69.53,69.375,69.44,34757
1742479800,69.435,69.54,69.41,69.44,25356
1742480400,69.445,69.55,69.43,69.535,22419
1742481000,69.535,69.58,69.37,69.41,22004
1742481600,69.41,69.425,69.28,69.365,17708
1742482200,69.365,69.46,69.34,69.4,21896
1742482800,69.42,69.42,69.24,69.24,22006
1742483400,69.25,69.25,69.18,69.18,9430
1742484000,69.175,69.18,69.115,69.15,11900
1742484600,69.145,69.26,69.09,69.23,20387
1742485200,69.25,69.36,69.24,69.32,13920
1742485800,69.32,69.39,69.32,69.35,19973
1742486400,69.35,69.45,69.34,69.405,13573
1742487000,69.4,69.41,69.34,69.39,19295
1742487600,69.39,69.41,69.34,69.4,17928
1742488200,69.4,69.47,69.38,69.45,13257
1742488800,69.445,69.535,69.44,69.46,8788
1742489400,69.45,69.48,69.43,69.46,10380
1742490000,69.46,69.48,69.395,69.45,10395
1742490600,69.45,69.46,69.355,69.39,14628
1742491200,69.39,69.395,69.24,69.29,9526
1742491800,69.29,69.325,69.28,69.32,14794
1742492400,69.31,69.34,69.27,69.32,12006
1742493000,69.32,69.34,69.26,69.265,13310
1742493600,69.26,69.37,69.255,69.36,8567
1742494200,69.36,69.45,69.35,69.4,13273
1742494800,69.39,69.395,69.325,69.34,9063
1742495400,69.345,69.395,69.31,69.38,7548
1742496000,69.38,69.42,69.355,69.415,6914
1742496600,69.41,69.47,69.38,69.39,15511
1742497200,69.38,69.45,69.35,69.4,19163
1742497800,69.4,69.43,69.36,69.375,27308
1742498400,69.38,69.46,69.36,69.37,18129
1742499000,69.375,69.435,69.35,69.4,45903
1742499600,69.405,69.47,69.37,69.42,103675
1742500200,69.43,69.74,69.43,69.705,275905
1742563800,69.71,69.91,69.27,69.34,50377
1742564400,69.335,69.44,68.92,69.03,63659
1742565000,69.02,69.03,68.93,68.98,43981
1742565600,68.99,69.01,68.68,68.7,56196
1742566200,68.69,68.77,68.66,68.73,54887
1742566800,68.73,68.76,68.575,68.74,54263
1742567400,68.73,68.8,68.665,68.705,34790
1742568000,68.71,68.76,68.665,68.735,18559
1742568600,68.73,68.82,68.715,68.76,23883
1742569200,68.76,68.795,68.69,68.74,30318
1742569800,68.74,68.75,68.615,68.67,23451
1742570400,68.675,68.76,68.645,68.66,39618
1742571000,68.67,68.73,68.61,68.73,27974
1742571600,68.73,68.74,68.585,68.66,24143
1742572200,68.66,68.735,68.63,68.66,21385
1742572800,68.67,68.73,68.62,68.71,27419
1742573400,68.72,68.77,68.7,68.735,12780
1742574000,68.74,68.825,68.7,68.74,28001
1742574600,68.74,68.795,68.71,68.77,16555
1742575200,68.78,68.82,68.75,68.79,15839
1742575800,68.78,68.79,68.73,68.79,10832
1742576400,68.78,68.78,68.66,68.66,11959
1742577000,68.66,68.685,68.61,68.61,13242
1742577600,68.6,68.625,68.56,68.57,16656
1742578200,68.57,68.595,68.54,68.57,16503
1742578800,68.57,68.675,68.56,68.655,13611
1742579400,68.66,68.72,68.66,68.69,12586
1742580000,68.685,68.705,68.58,68.655,20989
1742580600,68.66,68.66,68.59,68.62,10776
1742581200,68.61,68.635,68.47,68.48,25839
1742581800,68.485,68.51,68.46,68.47,16623
1742582400,68.465,68.48,68.39,68.45,29426
1742583000,68.45,68.455,68.3,68.3,21936
1742583600,68.3,68.33,68.225,68.3,42164
1742584200,68.3,68.3,68.19,68.28,34996
1742584800,68.28,68.29,68.24,68.28,31373
1742585400,68.28,68.5,68.27,68.45,40056
1742586000,68.455,68.475,68.33,68.42,63449
1742586600,68.43,68.67,68.41,68.65,224693
1742823000,68.72,68.92,68.34,68.72,67416
1742823600,68.73,69.07,68.72,69,47797
1742824200,68.995,69,68.78,68.83,17648
1742824800,68.825,68.84,68.77,68.82,11479
1742825400,68.815,68.95,68.815,68.84,16547
1742826000,68.85,68.9,68.75,68.755,5853
1742826600,68.76,68.76,68.62,68.67,11675
1742827200,68.67,68.72,68.605,68.7,10221
1742827800,68.695,68.78,68.69,68.75,7234
1742828400,68.73,68.765,68.64,68.675,10339
1742829000,68.68,68.7,68.63,68.685,12392
1742829600,68.69,68.83,68.69,68.81,11490
1742830200,68.81,68.83,68.74,68.83,12174
1742830800,68.84,68.89,68.8,68.875,5990
1742831400,68.87,68.89,68.835,68.86,6301
1742832000,68.86,68.88,68.83,68.845,11517
1742832600,68.845,68.87,68.83,68.85,7757
1742833200,68.845,68.9,68.84,68.875,12168
1742833800,68.875,68.88,68.75,68.75,9003
1742834400,68.74,68.78,68.73,68.74,4754
1742835000,68.74,68.755,68.71,68.73,4991
1742835600,68.73,68.74,68.62,68.63,5272
1742836200,68.625,68.69,68.625,68.68,5118
1742836800,68.68,68.73,68.68,68.69,2455
1742837400,68.72,68.785,68.72,68.755,8473
1742838000,68.76,68.785,68.735,68.785,5284
1742838600,68.79,68.81,68.77,68.81,6790
1742839200,68.81,68.82,68.755,68.79,7412
1742839800,68.785,68.8,68.75,68.77,8309
1742840400,68.77,68.775,68.74,68.745,18812
1742841000,68.75,68.84,68.72,68.84,9489
1742841600,68.83,68.84,68.77,68.79,11097
1742842200,68.78,68.82,68.775,68.8,6043
1742842800,68.8,68.81,68.745,68.76,18873
1742843400,68.75,68.77,68.73,68.735,17052
1742844000,68.735,68.755,68.695,68.73,11031
1742844600,68.73,68.82,68.725,68.805,16483
1742845200,68.8,68.89,68.79,68.89,14900
1742845800,68.9,69.03,68.89,68.92,114039
1742909400,68.84,69.02,68.65,68.77,49258
1742910000,68.78,68.92,68.73,68.87,30429
1742910600,68.89,68.98,68.74,68.77,32854
1742911200,68.76,68.885,68.74,68.79,36353
1742911800,68.78,68.79,68.71,68.755,15846
1742912400,68.76,68.82,68.705,68.805,14472
1742913000,68.81,68.845,68.74,68.79,12075
1742913600,68.785,68.81,68.65,68.81,10269
1742914200,68.805,69.08,68.805,68.97,18378
1742914800,68.97,68.97,68.86,68.865,9187
1742915400,68.87,68.88,68.835,68.845,8751
1742916000,68.845,68.855,68.795,68.805,5544
1742916600,68.81,68.86,68.785,68.85,5950
1742917200,68.845,68.89,68.765,68.78,7816
1742917800,68.78,68.815,68.745,68.76,7633
1742918400,68.765,68.8,68.725,68.76,6066
1742919000,68.76,68.765,68.7,68.705,10304
1742919600,68.705,68.72,68.64,68.66,7174
1742920200,68.665,68.7,68.62,68.655,9499
1742920800,68.65,68.655,68.63,68.64,6500
1742921400,68.64,68.665,68.62,68.66,6750
1742922000,68.66,68.69,68.625,68.69,5620
1742922600,68.69,68.72,68.67,68.72,9428
1742923200,68.72,68.835,68.72,68.83,8072
1742923800,68.82,68.82,68.78,68.8,6179
1742924400,68.8,68.825,68.79,68.8,7886
1742925000,68.8,68.84,68.79,68.835,5033
1742925600,68.83,68.86,68.79,68.825,9396
1742926200,68.83,68.85,68.8,68.81,6285
1742926800,68.815,68.84,68.81,68.825,7357
1742927400,68.825,68.84,68.81,68.825,6840
1742928000,68.82,68.825,68.79,68.79,3318
1742928600,68.79,68.8,68.67,68.67,7583
1742929200,68.67,68.73,68.65,68.725,9132
1742929800,68.73,68.75,68.685,68.74,11399
1742930400,68.74,68.77,68.715,68.73,12428
1742931000,68.73,68.84,68.6,68.8,25083
1742931600,68.8,68.84,68.79,68.825,13712
1742932200,68.82,68.855,68.76,68.82,123453
1742995800,68.98,69.08,68.9,68.99,32320
1742996400,68.995,69.225,68.96,69.16,69377
1742997000,69.175,69.4,69.11,69.38,73122
1742997600,69.39,69.4,69.225,69.225,23064
1742998200,69.225,69.38,69.22,69.35,32927
1742998800,69.35,69.47,69.26,69.32,28435
1742999400,69.31,69.365,69.21,69.28,16334
1743000000,69.27,69.38,69.24,69.38,8943
1743000600,69.36,69.43,69.36,69.42,10916
1743001200,69.42,69.465,69.375,69.44,9770
1743001800,69.445,69.5,69.01,69.465,202499
1743002400,69.465,69.6,69.44,69.565,33947
1743003000,69.57,69.58,69.46,69.53,13967
1743003600,69.535,69.61,69.52,69.58,15941
1743004200,69.58,69.73,69.58,69.69,21785
1743004800,69.695,69.695,69.57,69.57,13449
1743005400,69.57,69.7,69.57,69.7,9227
1743006000,69.7,69.785,69.61,69.74,24151
1743006600,69.75,69.76,69.71,69.75,10308
1743007200,69.74,69.74,69.68,69.735,7613
1743007800,69.735,69.83,69.735,69.83,13025
1743008400,69.82,69.915,69.805,69.88,14478
1743009000,69.885,69.92,69.86,69.92,9667
1743009600,69.925,69.98,69.9,69.97,9964
1743010200,69.97,70.04,69.93,70.03,49901
1743010800,70.02,70.085,69.99,70.05,13776
1743011400,70.05,70.095,70.01,70.06,8877
1743012000,70.06,70.18,70.03,70.17,14104
1743012600,70.17,70.195,70.12,70.155,13435
1743013200,70.155,70.175,70.11,70.12,12497
1743013800,70.11,70.12,70.075,70.115,10091
1743014400,70.12,70.15,70.075,70.09,16455
1743015000,70.09,70.16,70.07,70.16,12161
1743015600,70.17,70.195,70.1,70.11,23163
1743016200,70.11,70.12,70.055,70.07,16768
1743016800,70.07,70.135,70.07,70.12,20098
1743017400,70.13,70.185,70.125,70.15,17495
1743018000,70.15,70.315,70.15,70.29,25178
1743018600,70.29,70.345,70,70.02,105197
1743082200,70.2,70.45,70.07,70.44,48300
1743082800,70.43,70.65,70.36,70.5,48816
1743083400,70.49,70.92,70.46,70.72,81563
1743084000,70.73,70.93,70.69,70.92,29987
1743084600,70.915,70.93,70.64,70.68,25869
1743085200,70.675,70.75,70.65,70.66,27281
1743085800,70.65,70.675,70.49,70.53,20494
1743086400,70.525,70.675,70.49,70.64,35327
1743087000,70.63,70.65,70.57,70.61,24423
1743087600,70.59,70.625,70.56,70.6,16039
1743088200,70.61,70.73,70.61,70.72,15544
1743088800,70.725,70.74,70.63,70.69,21916
1743089400,70.7,70.78,70.7,70.76,31308
1743090000,70.75,70.755,70.69,70.72,24657
1743090600,70.73,70.755,70.66,70.73,21294
1743091200,70.74,70.755,70.67,70.675,21629
1743091800,70.67,70.7,70.61,70.61,23934
1743092400,70.605,70.65,70.55,70.605,25155
1743093000,70.605,70.625,70.48,70.48,24552
1743093600,70.485,70.535,70.43,70.5,19673
1743094200,70.505,70.63,70.495,70.56,16956
1743094800,70.55,70.585,70.5,70.58,9173
1743095400,70.58,70.625,70.575,70.58,12950
1743096000,70.59,70.67,70.56,70.67,13026
1743096600,70.69,70.7,70.62,70.625,11218
1743097200,70.625,70.64,70.535,70.57,23571
1743097800,70.58,70.6,70.55,70.565,30499
1743098400,70.57,70.675,70.565,70.66,21000
1743099000,70.655,70.75,70.655,70.68,12502
1743099600,70.69,70.71,70.61,70.61,8615
1743100200,70.615,70.66,70.6,70.645,9036
1743100800,70.64,70.66,70.61,70.645,9141
1743101400,70.65,70.65,70.57,70.58,12612
1743102000,70.59,70.64,70.58,70.6,15099
1743102600,70.6,70.73,70.57,70.73,15815
1743103200,70.735,70.855,70.71,70.855,25880
1743103800,70.855,70.86,70.775,70.84,38159
1743104400,70.84,70.94,70.8,70.93,58327
1743105000,70.92,70.985,70.71,70.74,122357
1743168600,70.96,71.18,70.78,70.92,22854
1743169200,70.91,71,70.85,70.855,21538
1743169800,70.84,71.11,70.83,71.06,13725
1743170400,71.07,71.26,70.99,71.2,60392
1743171000,71.19,71.215,71.06,71.125,51359
1743171600,71.12,71.295,71.08,71.29,25218
1743172200,71.29,71.315,71.12,71.125,26651
1743172800,71.13,71.185,70.995,71.03,17997
1743173400,71.04,71.15,70.975,71.14,25957
1743174000,71.135,71.24,71.12,71.22,14113
1743174600,71.22,71.24,71.12,71.12,16000
1743175200,71.11,71.19,71.11,71.165,19358
1743175800,71.165,71.29,71.125,71.25,26436
1743176400,71.245,71.245,71.13,71.14,14019
1743177000,71.14,71.16,71.095,71.1,14981
1743177600,71.1,71.135,71.035,71.055,13351
1743178200,71.06,71.06,70.95,70.995,12519
1743178800,71,71,70.86,70.86,29623
1743179400,70.855,70.88,70.745,70.765,13325
1743180000,70.765,70.87,70.755,70.84,17393
1743180600,70.84,70.87,70.81,70.83,10741
1743181200,70.83,70.95,70.83,70.92,10496
1743181800,70.93,70.93,70.86,70.87,13165
1743182400,70.86,70.87,70.81,70.85,7896
1743183000,70.85,70.92,70.84,70.91,16210
1743183600,70.89,70.93,70.875,70.875,12584
1743184200,70.875,70.95,70.875,70.945,11081
1743184800,70.94,71,70.22,70.37,195724
1743185400,70.38,70.43,69.62,69.835,275678
1743186000,69.84,69.91,69.545,69.87,126378
1743186600,69.88,70.135,69.78,69.81,96927
1743187200,69.82,69.865,69.675,69.78,83000
1743187800,69.8,70.12,69.8,70.115,49237
1743188400,70.115,70.3,70.085,70.28,52345
1743189000,70.285,70.425,70.265,70.4,48409
1743189600,70.4,70.49,70.395,70.44,33141
1743190200,70.44,70.47,70.37,70.39,39318
1743190800,70.385,70.48,70.3,70.45,64312
1743191400,70.44,70.545,70.3,70.35,117766
1743427800,70.66,71.45,70.66,71.39,134684
1743428400,71.39,71.695,71.36,71.66,102664
1743429000,71.66,71.8,71.57,71.72,104909
1743429600,71.71,71.775,71.355,71.48,70553
1743430200,71.46,71.51,71.31,71.51,47507
1743430800,71.51,71.78,71.45,71.765,44683
1743431400,71.77,71.845,71.64,71.84,54887
1743432000,71.83,71.83,71.71,71.77,61960
1743432600,71.77,71.79,71.61,71.74,46840
1743433200,71.72,71.83,71.68,71.74,45364
1743433800,71.74,71.745,71.625,71.675,25863
1743434400,71.67,71.8,71.605,71.66,37042
1743435000,71.65,71.73,71.58,71.66,45718
1743435600,71.665,71.705,71.595,71.635,26116
1743436200,71.64,71.66,71.53,71.585,53329
1743436800,71.585,71.61,71.525,71.555,20242
1743437400,71.555,71.585,71.5,71.51,24566
1743438000,71.52,71.59,71.465,71.475,48921
1743438600,71.48,71.49,71.34,71.38,37772
1743439200,71.37,71.39,71.285,71.29,20074
1743439800,71.29,71.4,71.29,71.395,19985
1743440400,71.39,71.48,71.365,71.47,13546
1743441000,71.48,71.49,71.39,71.39,25112
1743441600,71.4,71.485,71.375,71.47,21741
1743442200,71.475,71.495,71.44,71.47,27869
1743442800,71.465,71.475,71.395,71.415,30167
1743443400,71.415,71.515,71.415,71.49,21393
1743444000,71.49,71.675,71.48,71.675,34432
1743444600,71.68,71.775,71.68,71.73,52611
1743445200,71.74,71.78,71.67,71.78,37943
1743445800,71.77,71.78,71.655,71.67,37990
1743446400,71.675,71.725,71.575,71.645,45993
1743447000,71.64,71.68,71.625,71.64,23839
1743447600,71.64,71.86,71.63,71.84,34151
1743448200,71.83,71.89,71.78,71.87,34338
1743448800,71.87,71.94,71.82,71.84,40097
1743449400,71.835,71.88,71.775,71.785,36998
1743450000,71.79,71.93,71.75,71.85,63188
1743450600,71.85,71.88,71.55,71.62,218667
1743514200,71.63,71.9,71.44,71.65,64883
1743514800,71.65,71.69,71.22,71.46,39296
1743515400,71.43,71.56,71.325,71.34,37635
1743516000,71.36,71.435,71.21,71.25,51801
1743516600,71.27,71.44,71.19,71.44,23886
1743517200,71.435,71.58,71.42,71.5,13998
1743517800,71.49,71.635,71.465,71.62,34054
1743518400,71.63,71.73,71.605,71.72,12887
1743519000,71.73,71.85,71.68,71.79,25547
1743519600,71.78,71.84,71.75,71.79,11481
1743520200,71.785,71.81,71.695,71.7,16666
1743520800,71.72,71.775,71.66,71.71,17788
1743521400,71.705,71.725,71.645,71.72,16014
1743522000,71.72,71.75,71.685,71.715,17249
1743522600,71.72,71.755,71.64,71.74,20888
1743523200,71.74,71.86,71.72,71.81,18873
1743523800,71.81,71.83,71.75,71.75,9944
1743524400,71.75,71.78,71.655,71.655,15752
1743525000,71.65,71.66,71.57,71.58,11862
1743525600,71.585,71.625,71.54,71.59,10728
1743526200,71.59,71.71,71.59,71.68,13734
1743526800,71.67,71.74,71.66,71.71,14973
1743527400,71.715,71.74,71.67,71.7,16352
1743528000,71.69,71.69,71.61,71.62,10402
1743528600,71.62,71.63,71.56,71.6,8390
1743529200,71.595,71.635,71.59,71.625,6794
1743529800,71.62,71.675,71.595,71.625,9459
1743530400,71.62,71.65,71.56,71.64,17204
1743531000,71.635,71.66,71.58,71.64,9051
1743531600,71.64,71.74,71.63,71.7,21665
1743532200,71.695,71.695,71.61,71.63,14823
1743532800,71.63,71.65,71.495,71.53,18724
1743533400,71.535,71.56,71.48,71.55,15962
1743534000,71.55,71.615,71.53,71.58,24048
1743534600,71.575,71.64,71.53,71.585,18459
1743535200,71.585,71.69,71.58,71.645,25381
1743535800,71.64,71.735,71.64,71.73,24240
1743536400,71.725,71.815,71.7,71.81,28788
1743537000,71.82,71.87,71.7,71.87,126240
1743600600,71.95,72.36,71.68,71.79,67787
1743601200,71.845,71.99,71.72,71.72,41167
1743601800,71.73,71.78,71.59,71.7,30631
1743602400,71.69,71.93,71.69,71.91,24611
1743603000,71.9,72.1,71.9,72.1,19009
1743603600,72.09,72.09,71.88,71.97,15944
1743604200,71.975,72.06,71.92,72.05,10019
1743604800,72.05,72.07,71.97,72.03,8381
1743605400,72.04,72.135,72.02,72.04,10784
1743606000,72.03,72.07,71.91,71.96,10683
1743606600,71.95,71.97,71.89,71.945,10747
1743607200,71.95,71.95,71.82,71.83,10485
1743607800,71.84,71.925,71.76,71.77,12946
1743608400,71.755,71.77,71.55,71.56,10671
1743609000,71.55,71.585,71.435,71.505,13241
1743609600,71.5,71.565,71.5,71.525,10821
1743610200,71.53,71.54,71.36,71.405,16005
1743610800,71.41,71.42,71.26,71.265,13315
1743611400,71.26,71.26,71.15,71.19,12481
1743612000,71.195,71.29,71.19,71.29,10169
1743612600,71.28,71.34,71.245,71.27,9537
1743613200,71.265,71.345,71.24,71.24,9276
1743613800,71.235,71.26,71.085,71.085,14912
1743614400,71.085,71.15,71.055,71.115,21640
1743615000,71.11,71.195,71.09,71.195,9673
1743615600,71.195,71.24,71.08,71.08,9908
1743616200,71.1,71.145,71.05,71.08,11132
1743616800,71.09,71.17,71.075,71.115,12825
1743617400,71.115,71.16,71.1,71.14,21896
1743618000,71.13,71.17,71.11,71.13,12416
1743618600,71.135,71.2,71.09,71.19,14793
1743619200,71.19,71.28,71.185,71.23,13159
1743619800,71.23,71.27,71.11,71.11,17791
1743620400,71.11,71.195,71.095,71.185,15138
1743621000,71.18,71.275,71.16,71.275,11509
1743621600,71.28,71.315,71.23,71.23,20185
1743622200,71.23,71.34,71.22,71.31,27410
1743622800,71.32,71.425,71.315,71.385,29248
1743623400,71.38,71.485,71.32,71.325,143157
1743687000,72.5,72.98,72.34,72.9,139424
1743687600,72.9,73.14,72.8,72.94,133162
1743688200,72.95,72.985,72.69,72.77,79806
1743688800,72.76,72.83,72.55,72.66,87088
1743689400,72.67,72.8,72.62,72.69,70402
1743690000,72.69,73.16,72.57,73.09,84447
1743690600,73.095,73.45,73.09,73.345,95203
1743691200,73.35,73.59,73.3,73.59,81045
1743691800,73.585,73.725,73.53,73.715,98871
1743692400,73.72,73.86,73.65,73.77,83123
1743693000,73.775,73.94,73.73,73.785,68861
1743693600,73.78,73.89,73.53,73.69,80599
1743694200,73.7,73.7,73.34,73.51,83197
1743694800,73.52,73.64,73.38,73.425,61576
1743695400,73.43,73.45,73.2,73.21,55761
1743696000,73.18,73.26,73,73.04,22117
1743696600,73.05,73.13,72.98,73.12,24200
1743697200,73.115,73.22,73.08,73.185,26884
1743697800,73.195,73.195,73.08,73.09,8207
1743698400,73.09,73.155,72.995,73.08,18752
1743699000,73.08,73.1,72.965,73.03,15118
1743699600,73.03,73.03,72.84,72.88,22589
1743700200,72.855,73.025,72.83,73,18626
1743700800,73.01,73.07,72.97,72.99,17343
1743701400,73,73.04,72.97,73,13287
1743702000,73.01,73.03,72.965,73.03,12650
1743702600,73.03,73.08,73.01,73.08,12889
1743703200,73.09,73.16,73.07,73.115,13043
1743703800,73.12,73.345,73.11,73.33,21079
1743704400,73.33,73.39,73.3,73.39,19914
1743705000,73.4,73.41,73.22,73.365,29693
1743705600,73.36,73.45,73.32,73.45,26030
1743706200,73.44,73.44,73.255,73.31,47186
1743706800,73.305,73.395,73.23,73.27,27161
1743707400,73.28,73.34,73.1,73.125,40209
1743708000,73.13,73.255,73.11,73.205,49273
1743708600,73.2,73.2,73.035,73.065,45365
1743709200,73.07,73.29,73.06,73.17,77795
1743709800,73.17,73.215,73.04,73.17,290271
1743773400,72.4,72.79,71.84,72.78,151626
1743774000,72.75,73.01,72.32,72.37,143302
1743774600,72.38,72.44,72.15,72.22,57794
1743775200,72.23,72.28,71.93,72.15,56181
1743775800,72.13,72.13,71.775,71.83,46187
1743776400,71.815,71.98,71.59,71.98,76575
1743777000,71.95,72.09,71.85,72.07,62267
1743777600,72.075,72.215,71.925,72.07,49972
1743778200,72.06,72.135,71.83,71.835,64102
1743778800,71.86,71.91,71.63,71.82,105623
1743779400,71.82,71.83,71.27,71.28,71699
1743780000,71.29,71.32,70.78,70.95,84553
1743780600,70.96,71.08,70.87,70.915,45034
1743781200,70.91,71.17,70.81,71.15,47224
1743781800,71.155,71.16,70.99,71,38545
1743782400,71,71.04,70.75,70.75,30303
1743783000,70.74,70.79,70.65,70.74,33918
1743783600,70.75,70.84,70.7,70.75,24942
1743784200,70.75,70.93,70.67,70.77,30706
1743784800,70.78,70.83,70.53,70.61,26361
1743785400,70.59,70.66,70.52,70.525,23329
1743786000,70.52,70.595,70.415,70.49,21356
1743786600,70.49,70.49,70.29,70.42,28995
1743787200,70.44,70.72,70.415,70.7,33014
1743787800,70.7,70.88,70.665,70.8,31176
1743788400,70.8,70.84,70.625,70.625,20134
1743789000,70.63,70.72,70.555,70.66,28214
1743789600,70.66,70.805,70.62,70.67,50777
1743790200,70.665,70.665,70.38,70.48,18388
1743790800,70.46,70.46,70.2,70.3,18481
1743791400,70.3,70.33,70.05,70.11,38736
1743792000,70.12,70.245,69.9,70.2,39209
1743792600,70.2,70.33,70.16,70.28,27690
1743793200,70.27,70.28,70.06,70.19,20958
1743793800,70.2,70.37,70.09,70.09,37912
1743794400,70.09,70.34,70.09,70.32,64944
1743795000,70.31,70.55,70.305,70.44,69571
1743795600,70.44,70.5,70.24,70.32,82828
1743796200,70.3,70.325,69.79,69.94,221385
1744032600,66.2,67.97,66.05,67.21,246423
1744033200,67.21,67.71,67.15,67.31,138149
1744033800,67.31,67.61,67.12,67.46,122197
1744034400,67.45,67.7,66.98,67.045,171569
1744035000,67.03,69.37,67.02,68.96,265660
1744035600,68.95,68.95,67.44,67.57,193761
1744036200,67.57,67.95,67.27,67.47,116130
1744036800,67.44,67.78,67.32,67.76,79129
1744037400,67.78,68.255,67.73,68.17,65650
1744038000,68.13,68.43,67.86,67.94,80424
1744038600,67.93,67.98,67.05,67.67,206471
1744039200,67.64,67.88,67.22,67.24,46105
1744039800,67.25,67.925,67.23,67.69,43875
1744040400,67.68,68.18,67.68,68.13,40033
1744041000,68.14,68.3,67.83,67.84,48539
1744041600,67.83,67.89,67.67,67.8,30282
1744042200,67.8,67.8,67.55,67.63,30986
1744042800,67.64,67.78,67.44,67.74,24150
1744043400,67.71,67.78,67.53,67.65,21506
1744044000,67.66,67.7,67.44,67.61,24362
1744044600,67.62,67.645,67.4,67.46,33545
1744045200,67.45,67.75,67.45,67.63,74817
1744045800,67.63,68.14,67.61,68.065,48062
1744046400,68.065,68.355,68.015,68.35,42164
1744047000,68.35,68.42,68.13,68.35,36343
1744047600,68.36,68.47,68.07,68.47,70125
1744048200,68.48,68.54,68.34,68.47,40361
1744048800,68.46,68.715,68.43,68.715,39614
1744049400,68.7,68.78,68.525,68.69,35678
1744050000,68.68,68.88,68.61,68.85,51816
1744050600,68.86,68.95,68.45,68.55,54566
1744051200,68.545,68.59,68.37,68.41,37597
1744051800,68.39,68.49,68.32,68.44,27596
1744052400,68.43,68.52,68.2,68.21,47070
1744053000,68.21,68.38,68.1,68.33,45631
1744053600,68.35,68.37,68.07,68.11,50982
1744054200,68.125,68.51,68.12,68.4,73588
1744054800,68.4,68.44,68.15,68.285,72864
1744055400,68.24,68.385,68.085,68.34,174858
1744119000,68.98,69.13,68.69,68.94,81454
1744119600,68.91,69.375,68.89,69.33,62220
1744120200,69.38,69.79,69.19,69.66,65512
1744120800,69.72,69.8,69.32,69.63,45650
1744121400,69.61,69.815,69.54,69.75,34289
1744122000,69.74,69.77,69.55,69.725,35886
1744122600,69.725,69.94,69.705,69.895,36848
1744123200,69.9,69.98,69.68,69.81,36318
1744123800,69.82,69.895,69.64,69.76,53862
1744124400,69.77,69.925,69.57,69.925,64746
1744125000,69.93,69.935,69.63,69.87,33777
1744125600,69.87,69.93,69.51,69.51,30443
1744126200,69.5,69.92,69.5,69.81,28147
1744126800,69.815,69.945,69.67,69.68,20697
1744127400,69.69,69.86,69.66,69.82,16161
1744128000,69.82,69.98,69.8,69.875,14793
1744128600,69.87,69.96,69.735,69.755,35776
1744129200,69.75,69.88,69.61,69.88,24426
1744129800,69.88,69.92,69.595,69.65,50912
1744130400,69.64,69.68,69.47,69.59,78624
1744131000,69.595,69.64,69.285,69.285,53714
1744131600,69.29,69.34,69.1,69.16,27462
1744132200,69.17,69.22,68.98,69,49654
1744132800,68.995,69.015,68.76,68.775,26883
1744133400,68.765,68.9,68.68,68.9,58912
1744134000,68.91,69.04,68.75,68.77,41683
1744134600,68.765,68.85,68.7,68.85,45988
1744135200,68.855,68.88,68.675,68.72,34378
1744135800,68.73,68.745,68.41,68.56,26999
1744136400,68.56,68.68,68.485,68.53,28330
1744137000,68.54,68.86,68.505,68.675,67410
1744137600,68.675,68.72,68.485,68.7,33735
1744138200,68.695,68.81,68.665,68.68,25130
1744138800,68.68,68.785,68.555,68.555,36059
1744139400,68.56,68.815,68.56,68.725,41844
1744140000,68.715,68.77,68.565,68.74,35103
1744140600,68.75,68.76,67.94,67.995,76418
1744141200,68,68.235,67.76,67.78,92267
1744141800,67.78,68.55,67.78,68.43,190027
1744205400,67.955,68.19,67.45,67.76,100141
1744206000,67.77,68.15,67.7,67.86,97369
1744206600,67.86,68.08,67.78,68.01,68283
1744207200,68,68.17,67.43,67.51,84566
1744207800,67.51,67.69,67.37,67.66,84915
1744208400,67.67,67.91,67.45,67.86,55053
1744209000,67.86,67.91,67.44,67.47,37298
1744209600,67.47,67.57,67.41,67.455,42571
1744210200,67.45,67.56,67.35,67.36,42676
1744210800,67.35,67.54,67.28,67.39,31093
1744211400,67.39,67.71,67.39,67.71,33949
1744212000,67.72,67.87,67.7,67.82,26041
1744212600,67.81,67.89,67.54,67.72,39765
1744213200,67.71,67.955,67.67,67.9,90783
1744213800,67.9,67.91,67.635,67.77,36848
1744214400,67.75,67.81,67.63,67.795,30616
1744215000,67.8,68.12,67.76,68.12,26758
1744215600,68.12,68.23,68.08,68.16,25359
1744216200,68.15,68.17,68.06,68.145,28040
1744216800,68.15,68.205,68.06,68.19,26808
1744217400,68.2,68.41,68.2,68.34,20341
1744218000,68.35,68.6,68.335,68.335,61114
1744218600,68.35,69.29,68.04,69.07,181787
1744219200,68.96,70.2,68.86,69.77,696944
1744219800,69.745,70.47,69.615,69.64,192679
1744220400,69.625,70.06,69.42,69.97,70565
1744221000,69.88,70.1,69.535,69.84,59482
1744221600,69.85,69.99,69.62,69.75,83014
1744222200,69.725,69.75,69.3,69.35,45630
1744222800,69.36,69.42,69.12,69.38,46849
1744223400,69.38,69.5,68.97,68.99,54999
1744224000,68.96,69.26,68.83,69.26,52257
1744224600,69.255,69.31,68.96,69.07,58302
1744225200,69.07,69.61,69,69.48,80171
1744225800,69.47,69.6,69.29,69.32,69290
1744226400,69.32,69.56,69.3,69.48,57269
1744227000,69.49,69.59,69.34,69.36,59650
1744227600,69.355,69.59,69.31,69.58,73049
1744228200,69.57,70.08,69.55,69.93,281725
1744291800,70.19,70.55,70.06,70.32,78303
1744292400,70.33,70.8,70.325,70.665,61532
1744293000,70.66,70.8,70.42,70.525,52267
1744293600,70.52,70.71,70.36,70.675,58813
1744294200,70.68,70.68,70.315,70.385,46185
1744294800,70.39,70.44,70.12,70.12,38581
1744295400,70.135,70.44,70.1,70.31,37929
1744296000,70.34,70.37,69.985,70.04,35875
1744296600,70.03,70.13,69.8,69.87,31266
1744297200,69.86,69.93,69.79,69.82,19709
1744297800,69.805,69.83,69.61,69.625,12122
1744298400,69.63,69.78,69.61,69.77,14236
1744299000,69.78,69.78,69.61,69.635,21520
1744299600,69.64,69.775,69.54,69.675,18308
1744300200,69.69,69.76,69.485,69.51,21570
1744300800,69.51,69.54,69.19,69.29,44620
1744301400,69.275,69.56,69.2,69.37,38219
1744302000,69.365,69.365,68.98,69.15,36346
1744302600,69.12,69.74,69.12,69.71,40434
1744303200,69.71,69.81,69.42,69.75,31067
1744303800,69.74,69.86,69.6,69.78,30605
1744304400,69.765,70.23,69.51,69.55,90360
1744305000,69.54,69.54,69.265,69.47,25978
1744305600,69.47,69.95,69.29,69.93,36025
1744306200,69.91,70.025,69.79,69.86,31601
1744306800,69.89,70.45,69.845,70.23,48826
1744307400,70.24,70.46,70.04,70.28,41373
1744308000,70.26,70.765,70.25,70.42,77813
1744308600,70.44,70.55,70.32,70.44,48089
1744309200,70.45,70.98,70.45,70.91,59686
1744309800,70.92,71.045,70.71,70.815,32212
1744310400,70.82,71.01,70.78,70.89,41362
1744311000,70.9,70.96,70.635,70.83,33739
1744311600,70.83,71.11,70.67,70.68,41952
1744312200,70.68,71.02,70.625,71.005,31176
1744312800,71.01,71.2,70.71,70.715,53318
1744313400,70.72,70.92,70.6,70.66,66967
1744314000,70.675,70.765,70.335,70.68,94425
1744314600,70.67,71.1,70.64,70.78,215464
1744378200,71.01,71.06,70.54,70.805,127793
1744378800,70.8,71.29,70.58,71.175,61943
1744379400,71.16,71.235,70.96,70.97,69701
1744380000,70.96,71.375,70.82,71.17,62147
1744380600,71.16,71.26,70.9,71.02,59708
1744381200,71,71.06,70.73,70.765,60727
1744381800,70.75,71.13,70.71,70.97,35803
1744382400,70.99,71.09,70.83,71.04,26101
1744383000,71.01,71.08,70.89,70.895,28915
1744383600,70.88,71.04,70.59,70.73,42824
1744384200,70.77,70.89,70.63,70.72,22303
1744384800,70.7,70.85,70.66,70.81,20868
1744385400,70.8,70.96,70.73,70.93,19861
1744386000,70.91,71.08,70.87,71.07,16620
1744386600,71.06,71.275,71.06,71.225,21196
1744387200,71.24,71.275,71.115,71.19,46279
1744387800,71.215,71.4,71.21,71.375,25527
1744388400,71.385,71.46,71.37,71.425,16042
1744389000,71.43,71.63,71.42,71.605,21338
1744389600,71.58,71.73,71.54,71.67,19220
1744390200,71.675,71.75,71.59,71.62,23911
1744390800,71.61,71.67,71.57,71.62,22235
1744391400,71.62,71.62,71.38,71.46,26921
1744392000,71.47,71.52,71.34,71.39,16080
1744392600,71.39,71.6,71.36,71.6,16555
1744393200,71.605,71.84,71.59,71.69,87470
1744393800,71.65,71.78,71.625,71.735,21875
1744394400,71.74,71.85,71.62,71.63,40485
1744395000,71.635,71.67,71.49,71.505,33155
1744395600,71.5,71.66,71.47,71.62,15437
1744396200,71.615,71.7,71.6,71.66,17384
1744396800,71.67,71.755,71.64,71.75,19808
1744397400,71.75,71.755,71.595,71.605,21554
1744398000,71.615,71.71,71.58,71.69,25902
1744398600,71.705,71.77,71.61,71.68,25017
1744399200,71.68,71.785,71.64,71.72,30527
1744399800,71.715,71.73,71.61,71.715,36241
1744400400,71.73,71.775,71.63,71.66,45074
1744401000,71.66,71.73,71.265,71.37,287123
1744637400,71.29,71.785,70.92,71.71,73281
1744638000,71.73,72.02,71.69,71.9,53391
1744638600,71.89,72.03,71.83,71.97,26378
1744639200,71.97,72.04,71.85,71.98,34489
1744639800,71.985,71.99,71.73,71.79,36706
1744640400,71.79,72,71.76,71.97,23694
1744641000,71.98,72.09,71.95,72.01,19533
1744641600,72,72.105,71.97,72.01,21276
1744642200,72.02,72.11,72,72.06,32719
1744642800,72.06,72.14,72,72.035,35655
1744643400,72.03,72.155,72.01,72.11,21742
1744644000,72.11,72.165,72,72.02,25820
1744644600,72.01,72.11,71.96,72.01,17224
1744645200,72,72.07,71.94,71.95,27999
1744645800,71.96,71.97,71.805,71.9,49912
1744646400,71.89,71.97,71.85,71.94,19899
1744647000,71.945,72.11,71.89,72.05,40237
1744647600,72.035,72.085,71.95,72.045,27352
1744648200,72.055,72.125,72,72.035,20437
1744648800,72.03,72.14,72.01,72.085,17008
1744649400,72.08,72.12,72,72.03,16109
1744650000,72.025,72.13,71.93,72.1,62898
1744650600,72.09,72.175,72.07,72.15,15591
1744651200,72.16,72.26,72.16,72.22,20883
1744651800,72.22,72.26,72.15,72.2,25810
1744652400,72.2,72.23,72.15,72.225,16984
1744653000,72.23,72.38,72.21,72.345,19216
1744653600,72.35,72.47,72.35,72.46,23799
1744654200,72.46,72.53,72.45,72.49,20866
1744654800,72.5,72.56,72.48,72.545,12128
1744655400,72.55,72.57,72.49,72.51,17335
1744656000,72.49,72.49,72.425,72.445,16608
1744656600,72.445,72.51,72.4,72.48,19578
1744657200,72.49,72.54,72.48,72.52,19622
1744657800,72.515,72.575,72.495,72.495,19276
1744658400,72.5,72.61,72.5,72.575,19571
1744659000,72.575,72.61,72.515,72.57,28218
1744659600,72.57,72.65,72.57,72.58,35427
1744660200,72.57,72.58,72.38,72.48,102584
1744723800,72.63,72.67,72.01,72.28,53947
1744724400,72.26,72.63,72.25,72.46,46421
1744725000,72.47,72.59,72.39,72.49,41153
1744725600,72.5,72.575,72.39,72.4,105539
1744726200,72.405,72.47,72.25,72.325,41562
1744726800,72.33,72.48,72.25,72.39,47452
1744727400,72.38,72.41,72.275,72.29,28461
1744728000,72.28,72.425,72.21,72.23,43086
1744728600,72.22,72.3,72.16,72.18,28683
1744729200,72.175,72.215,72.075,72.105,16422
1744729800,72.095,72.2,72.07,72.12,11905
1744730400,72.125,72.195,71.975,71.975,23017
1744731000,71.98,71.99,71.87,71.925,25250
1744731600,71.925,71.925,71.72,71.735,18677
1744732200,71.75,72.015,71.745,71.98,26050
1744732800,71.975,71.98,71.84,71.84,18481
1744733400,71.845,71.87,71.79,71.81,13835
1744734000,71.81,71.95,71.79,71.91,11238
1744734600,71.925,71.965,71.88,71.94,8624
1744735200,71.945,71.975,71.87,71.97,14655
1744735800,71.975,71.995,71.835,71.915,11875
1744736400,71.93,71.93,71.845,71.86,12769
1744737000,71.85,71.9,71.8,71.845,8199
1744737600,71.85,71.86,71.76,71.795,10107
1744738200,71.8,71.84,71.78,71.805,13103
1744738800,71.805,71.835,71.75,71.81,10866
1744739400,71.81,71.98,71.79,71.96,77899
1744740000,71.95,71.99,71.83,71.85,27667
1744740600,71.855,71.855,71.755,71.78,13294
1744741200,71.775,71.865,71.755,71.835,25547
1744741800,71.835,71.91,71.81,71.84,30769
1744742400,71.83,71.855,71.795,71.81,99256
1744743000,71.815,71.99,71.77,71.955,75058
1744743600,71.955,71.97,71.825,71.9,35570
1744744200,71.9,71.985,71.835,71.955,20735
1744744800,71.96,71.995,71.855,71.9,21580
1744745400,71.905,71.98,71.875,71.965,49756
1744746000,71.97,72.065,71.94,72.035,50671
1744746600,72.03,72.06,71.79,71.87,172697
1744810200,72.3,72.68,72.02,72.16,61287
1744810800,72.18,72.33,72.105,72.24,22122
1744811400,72.25,72.34,72.21,72.32,31408
1744812000,72.33,72.34,72.06,72.06,33243
1744812600,72.05,72.14,72,72.03,26848
1744813200,72.05,72.315,72.01,72.3,16747
1744813800,72.315,72.49,72.315,72.485,31714
1744814400,72.49,72.5,72.44,72.455,23083
1744815000,72.45,72.51,72.4,72.505,21652
1744815600,72.51,72.665,72.505,72.52,54594
1744816200,72.53,72.55,72.4,72.4,26307
1744816800,72.39,72.635,72.38,72.625,16291
1744817400,72.62,72.62,72.485,72.52,30086
1744818000,72.52,72.595,72.465,72.505,30014
1744818600,72.505,72.525,72.405,72.41,21375
1744819200,72.405,72.405,72.25,72.265,10117
1744819800,72.27,72.3,72.24,72.26,7328
1744820400,72.26,72.4,72.25,72.39,21699
1744821000,72.395,72.405,72.34,72.37,12591
1744821600,72.36,72.38,72.34,72.35,15321
1744822200,72.34,72.34,72.28,72.315,9511
1744822800,72.31,72.32,72.19,72.28,17163
1744823400,72.285,72.33,72.265,72.32,14639
1744824000,72.31,72.365,72.245,72.305,6948
1744824600,72.31,72.31,72.14,72.24,51806
1744825200,72.23,72.23,72.035,72.09,23314
1744825800,72.08,72.11,71.975,71.98,53836
1744826400,71.98,72.185,71.98,72.15,30453
1744827000,72.15,72.18,72.055,72.07,23178
1744827600,72.06,72.11,72.05,72.08,11561
1744828200,72.09,72.09,71.92,71.93,23258
1744828800,71.925,72.01,71.88,72.01,10590
1744829400,72,72.005,71.915,71.915,12339
1744830000,71.915,71.92,71.76,71.79,18819
1744830600,71.795,71.81,71.73,71.73,17076
1744831200,71.72,71.725,71.54,71.6,14316
1744831800,71.605,71.69,71.49,71.55,21088
1744832400,71.545,71.595,71.385,71.415,25000
1744833000,71.42,71.74,71.41,71.7,127070
1744896600,71.9,72.07,71.72,71.99,46454
1744897200,71.99,72.09,71.92,71.96,25208
1744897800,71.97,72.3,71.97,72.27,36118
1744898400,72.28,72.45,72.25,72.32,29872
1744899000,72.32,72.49,72.28,72.48,43888
1744899600,72.485,72.61,72.48,72.495,55794
1744900200,72.495,72.53,72.35,72.37,27051
1744900800,72.365,72.48,72.335,72.42,20245
1744901400,72.41,72.65,72.38,72.65,22971
1744902000,72.63,72.86,72.59,72.81,56772
1744902600,72.81,72.955,72.81,72.92,20786
1744903200,72.92,72.92,72.8,72.84,14203
1744903800,72.83,72.97,72.81,72.895,18130
1744904400,72.9,72.91,72.805,72.81,13220
1744905000,72.8,72.86,72.765,72.795,16965
1744905600,72.81,72.95,72.76,72.91,42421
1744906200,72.9,72.92,72.71,72.91,20044
1744906800,72.91,72.94,72.8,72.86,9389
1744907400,72.86,72.86,72.71,72.725,14340
1744908000,72.735,72.81,72.7,72.75,8942
1744908600,72.77,72.94,72.77,72.92,11166
1744909200,72.92,72.925,72.77,72.82,16460
1744909800,72.82,72.82,72.74,72.785,22425
1744910400,72.78,72.84,72.77,72.82,13853
1744911000,72.825,72.95,72.82,72.9,16833
1744911600,72.91,73.11,72.905,73,147212
1744912200,72.985,73.16,72.96,73.16,24857
1744912800,73.165,73.38,73.14,73.33,50736
1744913400,73.32,73.39,73.25,73.32,15441
1744914000,73.32,73.39,73.245,73.265,15931
1744914600,73.27,73.41,73.25,73.41,20854
1744915200,73.41,73.42,73.205,73.21,32894
1744915800,73.21,73.245,73.125,73.165,23357
1744916400,73.14,73.14,73.03,73.07,17978
1744917000,73.065,73.1,72.96,73.1,28657
1744917600,73.09,73.17,73.01,73.12,28632
1744918200,73.12,73.275,73.1,73.205,33079
1744918800,73.205,73.25,73.165,73.17,54004
1744919400,73.16,73.17,72.97,72.98,120307
1745242200,73.45,73.48,72.82,72.82,63512
1745242800,72.84,73.075,72.84,73.02,37543
1745243400,73.01,73.18,72.97,73.17,39554
1745244000,73.16,73.41,73.1,73.37,77941
1745244600,73.37,73.395,73.26,73.26,47230
1745245200,73.255,73.34,73.13,73.265,60105
1745245800,73.27,73.375,73.27,73.33,37365
1745246400,73.34,73.41,73.25,73.26,49948
1745247000,73.26,73.29,73.09,73.105,98102
1745247600,73.11,73.135,72.65,72.68,73526
1745248200,72.665,72.8,72.55,72.575,20152
1745248800,72.57,72.725,72.56,72.675,18238
1745249400,72.66,72.67,72.53,72.54,49120
1745250000,72.545,72.59,72.52,72.525,17380
1745250600,72.53,72.535,72.47,72.47,11490
1745251200,72.475,72.51,72.4,72.43,22605
1745251800,72.435,72.435,72.335,72.38,13949
1745252400,72.365,72.395,72.29,72.355,17483
1745253000,72.36,72.49,72.36,72.485,17523
1745253600,72.49,72.54,72.42,72.42,12958
1745254200,72.415,72.42,72.33,72.39,16578
1745254800,72.4,72.43,72.2,72.22,24702
1745255400,72.22,72.225,72.09,72.14,11315
1745256000,72.13,72.17,72.06,72.08,9370
1745256600,72.085,72.12,72.065,72.09,10268
1745257200,72.09,72.13,72.01,72.04,23860
1745257800,72.04,72.06,72,72.01,15674
1745258400,72.005,72.01,71.85,71.865,33236
1745259000,71.87,71.98,71.82,71.98,14454
1745259600,71.97,72.105,71.95,72.1,10003
1745260200,72.1,72.245,72.085,72.23,17152
1745260800,72.24,72.245,72.12,72.235,14308
1745261400,72.24,72.25,72.14,72.18,22480
1745262000,72.18,72.235,72.12,72.12,33105
1745262600,72.13,72.28,72.13,72.26,38319
1745263200,72.255,72.315,72.21,72.28,23119
1745263800,72.29,72.42,72.25,72.4,33587
1745264400,72.41,72.59,72.41,72.58,40371
1745265000,72.57,72.83,72.55,72.75,111496
1745328600,72.95,73.5,72.925,73.43,62962
1745329200,73.44,73.69,73.43,73.575,58901
1745329800,73.58,73.66,73.4,73.615,41579
1745330400,73.62,73.83,73.62,73.8,47511
1745331000,73.82,73.87,73.71,73.84,50323
1745331600,73.835,74.03,73.8,73.96,67864
1745332200,73.95,74,73.885,73.965,31808
1745332800,73.965,74.235,73.96,74.17,41025
1745333400,74.16,74.19,74.06,74.13,18730
1745334000,74.12,74.15,74.06,74.08,20392
1745334600,74.08,74.13,74.05,74.06,15148
1745335200,74.05,74.2,74.035,74.17,25858
1745335800,74.17,74.31,74.12,74.28,32458
1745336400,74.27,74.29,74.13,74.13,26167
1745337000,74.13,74.31,74.11,74.24,59319
1745337600,74.265,74.38,74.015,74.11,37090
1745338200,74.115,74.14,73.85,73.88,65094
1745338800,73.885,73.89,73.75,73.81,34915
1745339400,73.815,73.92,73.78,73.88,61752
1745340000,73.885,73.94,73.88,73.925,43783
1745340600,73.925,73.99,73.885,73.93,13389
1745341200,73.925,74.06,73.92,74.005,41772
1745341800,74.005,74.005,73.62,73.7,52291
1745342400,73.71,73.79,73.52,73.55,35000
1745343000,73.545,73.56,73.41,73.43,29287
1745343600,73.42,73.43,73.27,73.27,11610
1745344200,73.28,73.3,73.225,73.24,59994
1745344800,73.235,73.39,73.19,73.35,9962
1745345400,73.33,73.45,73.305,73.415,24207
1745346000,73.41,73.48,73.405,73.425,14654
1745346600,73.42,73.515,73.42,73.475,11314
1745347200,73.475,73.575,73.46,73.55,11129
1745347800,73.55,73.65,73.55,73.55,30418
1745348400,73.555,73.62,73.54,73.55,12236
1745349000,73.54,73.55,73.445,73.445,9734
1745349600,73.45,73.54,73.43,73.52,18266
1745350200,73.51,73.66,73.48,73.625,30599
1745350800,73.625,73.84,73.59,73.81,32159
1745351400,73.79,73.935,73.68,73.89,136329
1745415000,73.3,73.95,73.05,73.41,168463
1745415600,73.41,73.45,73.07,73.18,56041
1745416200,73.17,73.55,73.105,73.51,124232
1745416800,73.525,73.64,73.29,73.47,54082
1745417400,73.48,73.56,73.285,73.39,27492
1745418000,73.37,73.61,73.36,73.59,21701
1745418600,73.61,73.74,73.56,73.61,18459
1745419200,73.6,73.62,73.385,73.415,20024
1745419800,73.41,73.41,73.2,73.24,15654
1745420400,73.24,73.24,73.05,73.05,35156
1745421000,73.05,73.05,72.795,72.88,25142
1745421600,72.88,72.9,72.7,72.81,58621
1745422200,72.815,72.94,72.78,72.93,19621
1745422800,72.92,72.955,72.78,72.82,14323
1745423400,72.81,72.88,72.75,72.87,15792
1745424000,72.85,72.96,72.815,72.865,14624
1745424600,72.86,72.91,72.75,72.75,25707
1745425200,72.745,72.81,72.675,72.79,13272
1745425800,72.79,72.87,72.72,72.835,19255
1745426400,72.835,72.84,72.7,72.74,9451
1745427000,72.74,72.95,72.735,72.905,17895
1745427600,72.91,72.965,72.76,72.95,21092
1745428200,72.965,72.99,72.84,72.84,10696
1745428800,72.85,72.97,72.85,72.86,8233
1745429400,72.86,72.9,72.69,72.755,15548
1745430000,72.75,72.75,72.65,72.68,8908
1745430600,72.675,72.755,72.63,72.72,10121
1745431200,72.73,72.775,72.64,72.765,8225
1745431800,72.76,72.765,72.645,72.69,14391
1745432400,72.68,72.725,72.52,72.53,16584
1745433000,72.54,72.66,72.54,72.59,20122
1745433600,72.58,72.63,72.495,72.59,38073
1745434200,72.6,72.6,72.51,72.525,22944
1745434800,72.5,72.545,72.385,72.44,41332
1745435400,72.45,72.6,72.45,72.6,34700
1745436000,72.6,72.86,72.59,72.785,51615
1745436600,72.785,72.99,72.78,72.99,37598
1745437200,72.985,73.08,72.915,73.065,38157
1745437800,73.08,73.425,73.06,73.28,148972
1745501400,73.06,73.125,72.55,72.74,91559
1745502000,72.74,73.17,72.74,73.14,76022
1745502600,73.12,73.195,73.04,73.14,38833
1745503200,73.14,73.16,72.88,73.03,115621
1745503800,73.04,73.15,72.95,73.11,35135
1745504400,73.12,73.39,73.07,73.365,23177
1745505000,73.36,73.37,73.19,73.25,29797
1745505600,73.25,73.305,73.15,73.19,36209
1745506200,73.18,73.42,73.15,73.36,28431
1745506800,73.36,73.39,73.27,73.275,32206
1745507400,73.28,73.42,73.26,73.28,23481
1745508000,73.29,73.32,73.07,73.1,42665
1745508600,73.08,73.14,73.015,73.09,31434
1745509200,73.09,73.11,72.99,73.06,27769
1745509800,73.06,73.11,72.955,72.955,11714
1745510400,72.96,73.01,72.91,72.95,17464
1745511000,72.94,73.11,72.92,73.075,19365
1745511600,73.075,73.17,73.01,73.13,34108
1745512200,73.13,73.16,72.92,72.92,23247
1745512800,72.93,73.005,72.93,72.95,13431
1745513400,72.94,73.03,72.865,72.96,17226
1745514000,72.96,72.98,72.87,72.875,12264
1745514600,72.875,72.88,72.73,72.75,16696
1745515200,72.75,72.765,72.655,72.7,20134
1745515800,72.71,72.77,72.665,72.67,18640
1745516400,72.67,72.72,72.635,72.66,20293
1745517000,72.67,72.67,72.515,72.515,17235
1745517600,72.515,72.7,72.5,72.62,13868
1745518200,72.62,72.62,72.53,72.55,27368
1745518800,72.555,72.615,72.54,72.595,20235
1745519400,72.6,72.66,72.555,72.605,25513
1745520000,72.605,72.63,72.53,72.55,19681
1745520600,72.545,72.615,72.52,72.52,12160
1745521200,72.52,72.52,72.37,72.39,17602
1745521800,72.385,72.465,72.31,72.45,15521
1745522400,72.455,72.545,72.445,72.445,17002
1745523000,72.435,72.575,72.43,72.55,24477
1745523600,72.56,72.56,72.435,72.495,34021
1745524200,72.49,72.58,72.4,72.47,177041
1745587800,72.72,72.91,72.18,72.58,47885
1745588400,72.6,72.6,71.93,71.955,35923
1745589000,71.99,72.07,71.65,71.69,66062
1745589600,71.72,71.83,71.42,71.57,116879
1745590200,71.565,71.68,71.505,71.53,109636
1745590800,71.53,71.53,71.125,71.4,98307
1745591400,71.405,71.47,71.34,71.44,59734
1745592000,71.43,71.53,71.405,71.415,55459
1745592600,71.415,71.42,71.16,71.235,67712
1745593200,71.24,71.45,71.165,71.425,48398
1745593800,71.43,71.47,71.305,71.325,49449
1745594400,71.32,71.37,71.25,71.29,44238
1745595000,71.29,71.335,71.16,71.215,28881
1745595600,71.21,71.285,71.21,71.27,34770
1745596200,71.28,71.51,71.28,71.49,30150
1745596800,71.495,71.755,71.495,71.73,16463
1745597400,71.75,71.8,71.68,71.69,28964
1745598000,71.69,71.77,71.65,71.65,18068
1745598600,71.65,71.665,71.55,71.56,18632
1745599200,71.56,71.59,71.44,71.55,34722
1745599800,71.555,71.575,71.495,71.515,20681
1745600400,71.515,71.55,71.46,71.51,10688
1745601000,71.505,71.565,71.47,71.565,11317
1745601600,71.565,71.65,71.555,71.65,12284
1745602200,71.65,71.71,71.55,71.59,19193
1745602800,71.59,71.68,71.57,71.65,16940
1745603400,71.64,71.665,71.59,71.61,13419
1745604000,71.61,71.83,71.6,71.81,32259
1745604600,71.81,71.9,71.8,71.87,34293
1745605200,71.87,72.07,71.87,72.03,37391
1745605800,72.01,72.01,71.905,71.96,12381
1745606400,71.97,71.97,71.9,71.9,17330
1745607000,71.9,71.925,71.84,71.85,15824
1745607600,71.86,71.975,71.86,71.96,12911
1745608200,71.95,71.965,71.865,71.915,12993
1745608800,71.91,71.955,71.79,71.79,12384
1745609400,71.78,71.9,71.77,71.855,18192
1745610000,71.86,71.895,71.805,71.89,23858
1745610600,71.9,71.98,71.845,71.91,105537
1745847000,72.04,72.26,71.74,71.92,80715
1745847600,71.93,72.01,71.66,71.74,46475
1745848200,71.75,71.76,71.61,71.67,43361
1745848800,71.67,71.75,71.51,71.53,31381
1745849400,71.53,71.66,71.5,71.66,33595
1745850000,71.665,71.73,71.55,71.585,29442
1745850600,71.585,71.585,71.4,71.53,23583
1745851200,71.525,71.67,71.45,71.67,16676
1745851800,71.69,71.91,71.615,71.87,21149
1745852400,71.87,71.915,71.805,71.89,12929
1745853000,71.88,71.88,71.8,71.855,17574
1745853600,71.85,71.96,71.79,71.955,21696
1745854200,71.95,71.95,71.88,71.925,18080
1745854800,71.925,71.93,71.76,71.83,21861
1745855400,71.83,71.865,71.685,71.69,10762
1745856000,71.685,71.74,71.61,71.73,9674
1745856600,71.735,71.76,71.675,71.735,12004
1745857200,71.735,71.74,71.685,71.71,13604
1745857800,71.715,71.755,71.555,71.585,19040
1745858400,71.585,71.635,71.535,71.6,13337
1745859000,71.6,71.615,71.5,71.6,22719
1745859600,71.605,71.65,71.515,71.545,24827
1745860200,71.545,71.565,71.46,71.47,15110
1745860800,71.47,71.5,71.37,71.375,11960
1745861400,71.38,71.435,71.31,71.43,18933
1745862000,71.425,71.48,71.39,71.41,19022
1745862600,71.4,71.46,71.4,71.45,13700
1745863200,71.45,71.505,71.45,71.48,14907
1745863800,71.47,71.47,71.405,71.415,13232
1745864400,71.415,71.67,71.39,71.66,31870
1745865000,71.665,71.665,71.55,71.57,27885
1745865600,71.575,71.58,71.48,71.565,30607
1745866200,71.565,71.65,71.555,71.615,24023
1745866800,71.62,71.67,71.555,71.67,20108
1745867400,71.665,71.69,71.605,71.625,23327
1745868000,71.62,71.715,71.61,71.66,32579
1745868600,71.65,71.67,71.515,71.58,48751
1745869200,71.58,71.84,71.555,71.84,57768
1745869800,71.84,71.895,71.72,71.75,148489
1745933400,71.115,71.81,70.28,71.67,185652
1745934000,71.7,71.96,71.63,71.75,74175
1745934600,71.74,71.88,71.55,71.625,57265
1745935200,71.64,72.02,71.53,72,55703
1745935800,71.97,72.16,71.94,72,60955
1745936400,71.99,72.08,71.79,72.05,43778
1745937000,72.04,72.1,71.95,71.98,39337
1745937600,71.98,72.24,71.97,72.24,34282
1745938200,72.25,72.345,72.195,72.29,31544
1745938800,72.29,72.38,72.22,72.345,26315
1745939400,72.345,72.42,72.11,72.11,33042
1745940000,72.105,72.345,72.055,72.32,36758
1745940600,72.31,72.41,72.21,72.32,38826
1745941200,72.325,72.37,72.21,72.29,28558
1745941800,72.29,72.41,72.22,72.23,23280
1745942400,72.23,72.345,72.17,72.305,24777
1745943000,72.31,72.405,72.29,72.38,18534
1745943600,72.365,72.42,72.33,72.41,16278
1745944200,72.41,72.44,72.29,72.33,12856
1745944800,72.32,72.38,72.185,72.22,31525
1745945400,72.24,72.39,72.24,72.31,17243
1745946000,72.305,72.305,72.235,72.25,9713
1745946600,72.25,72.37,72.22,72.36,10925
1745947200,72.35,72.405,72.33,72.405,8986
1745947800,72.41,72.52,72.38,72.52,15401
1745948400,72.525,72.71,72.52,72.7,23081
1745949000,72.69,72.69,72.535,72.57,22076
1745949600,72.57,72.6,72.47,72.5,18489
1745950200,72.5,72.51,72.42,72.485,11360
1745950800,72.48,72.48,72.38,72.405,16884
1745951400,72.405,72.435,72.37,72.4,12996
1745952000,72.4,72.41,72.34,72.37,16646
1745952600,72.36,72.435,72.34,72.39,18236
1745953200,72.395,72.48,72.38,72.44,24671
1745953800,72.44,72.49,72.44,72.455,21093
1745954400,72.46,72.46,72.37,72.42,29528
1745955000,72.43,72.43,72.32,72.36,22932
1745955600,72.35,72.445,72.29,72.42,45696
1745956200,72.42,72.52,72.33,72.36,96463
1746019800,73.46,73.5,72.55,72.58,89238
1746020400,72.57,72.58,72.055,72.06,37892
1746021000,72.07,72.11,71.86,71.96,38682
1746021600,71.98,72.035,71.73,71.8,41916
1746022200,71.79,71.86,71.69,71.765,40476
1746022800,71.765,71.93,71.695,71.81,34252
1746023400,71.8,72.08,71.8,72.07,21008
1746024000,72.07,72.26,72.005,72.24,17913
1746024600,72.25,72.39,72.17,72.36,23418
1746025200,72.36,72.38,72.295,72.35,17056
1746025800,72.345,72.39,72.2,72.35,25017
1746026400,72.36,72.405,72.29,72.31,15677
1746027000,72.305,72.37,72.22,72.37,13387
1746027600,72.36,72.37,72.22,72.22,17043
1746028200,72.22,72.275,72.135,72.22,24556
1746028800,72.225,72.38,72.215,72.365,27536
1746029400,72.37,72.39,72.3,72.315,24876
1746030000,72.31,72.41,72.27,72.37,17264
1746030600,72.37,72.55,72.36,72.55,16705
1746031200,72.55,72.625,72.53,72.55,12677
1746031800,72.55,72.645,72.54,72.63,11508
1746032400,72.62,72.62,72.37,72.42,56964
1746033000,72.42,72.445,72.33,72.4,22773
1746033600,72.39,72.485,72.385,72.48,17845
1746034200,72.47,72.55,72.415,72.47,27130
1746034800,72.46,72.49,72.4,72.41,23735
1746035400,72.42,72.475,72.4,72.475,26935
1746036000,72.465,72.64,72.415,72.51,34693
1746036600,72.53,72.66,72.485,72.49,21667
1746037200,72.49,72.49,72.27,72.3,32304
1746037800,72.295,72.315,72.14,72.175,23177
1746038400,72.175,72.24,72.115,72.225,16353
1746039000,72.225,72.26,72.21,72.24,16076
1746039600,72.235,72.43,72.235,72.42,12749
1746040200,72.41,72.575,72.41,72.53,19070
1746040800,72.54,72.55,72.37,72.37,30653
1746041400,72.37,72.405,72.3,72.335,37109
1746042000,72.34,72.615,72.34,72.595,36957
1746042600,72.59,72.81,72.52,72.52,155000
1746106200,72.03,72.14,71.39,71.83,89548
1746106800,71.83,71.92,71.43,71.61,54241
1746107400,71.66,71.71,71.46,71.48,61425
1746108000,71.48,71.585,71.41,71.49,48008
1746108600,71.485,71.625,71.41,71.54,32882
1746109200,71.54,71.61,71.505,71.505,33979
1746109800,71.51,71.51,71.34,71.505,33339
1746110400,71.5,71.61,71.455,71.51,37591
1746111000,71.5,71.55,71.44,71.48,31732
1746111600,71.48,71.49,71.35,71.49,35143
1746112200,71.5,71.565,71.455,71.465,27778
1746112800,71.47,71.495,71.405,71.425,22379
1746113400,71.42,71.485,71.36,71.475,23496
1746114000,71.48,71.505,71.39,71.405,30911
1746114600,71.405,71.495,71.4,71.48,29606
1746115200,71.47,71.5,71.385,71.47,28599
1746115800,71.46,71.47,71.35,71.395,22615
1746116400,71.4,71.43,71.27,71.275,22820
1746117000,71.275,71.29,71.23,71.27,14989
1746117600,71.275,71.32,71.23,71.31,11691
1746118200,71.31,71.4,71.295,71.39,16316
1746118800,71.39,71.56,71.39,71.56,22323
1746119400,71.57,71.675,71.54,71.635,31847
1746120000,71.63,71.86,71.61,71.78,27325
1746120600,71.77,71.86,71.765,71.8,18813
1746121200,71.79,71.79,71.67,71.68,12564
1746121800,71.685,71.72,71.65,71.66,8544
1746122400,71.655,71.74,71.62,71.62,29215
1746123000,71.615,71.665,71.55,71.615,40095
1746123600,71.63,71.635,71.42,71.48,27103
1746124200,71.485,71.58,71.48,71.57,11157
1746124800,71.575,71.685,71.55,71.62,17199
1746125400,71.61,71.61,71.51,71.52,11207
1746126000,71.515,71.56,71.44,71.44,18368
1746126600,71.45,71.46,71.355,71.43,13354
1746127200,71.435,71.51,71.435,71.48,25130
1746127800,71.47,71.535,71.47,71.51,32202
1746128400,71.51,71.635,71.475,71.58,52894
1746129000,71.57,71.57,71.25,71.26,191879
1746192600,71.43,71.73,71.2,71.21,59548
1746193200,71.23,71.34,71.14,71.29,56244
1746193800,71.29,71.3,71.095,71.225,34205
1746194400,71.24,71.39,71.2,71.37,30322
1746195000,71.36,71.445,71.33,71.38,29689
1746195600,71.38,71.52,71.355,71.48,46681
1746196200,71.47,71.485,71.38,71.48,31345
1746196800,71.49,71.535,71.415,71.535,151387
1746197400,71.55,71.61,71.5,71.6,12231
1746198000,71.6,71.6,71.44,71.45,18245
1746198600,71.445,71.52,71.41,71.42,17479
1746199200,71.42,71.445,71.36,71.415,13429
1746199800,71.42,71.49,71.39,71.49,9520
1746200400,71.49,71.5,71.41,71.435,10108
1746201000,71.44,71.45,71.38,71.39,7031
1746201600,71.39,71.545,71.38,71.52,27966
1746202200,71.52,71.54,71.425,71.47,8702
1746202800,71.47,71.48,71.35,71.36,14719
1746203400,71.36,71.39,71.295,71.31,18583
1746204000,71.315,71.315,71.26,71.315,12817
1746204600,71.315,71.435,71.29,71.415,15526
1746205200,71.415,71.5,71.415,71.485,12562
1746205800,71.48,71.48,71.43,71.445,11980
1746206400,71.45,71.48,71.4,71.44,8563
1746207000,71.44,71.495,71.4,71.48,9813
1746207600,71.475,71.605,71.475,71.585,13913
1746208200,71.59,71.605,71.49,71.52,14714
1746208800,71.52,71.555,71.515,71.55,10205
1746209400,71.54,71.625,71.535,71.61,15774
1746210000,71.61,71.64,71.59,71.62,12309
1746210600,71.615,71.69,71.61,71.675,13248
1746211200,71.68,71.72,71.645,71.645,14765
1746211800,71.65,71.76,71.64,71.735,16340
1746212400,71.735,71.8,71.735,71.775,19232
1746213000,71.775,71.78,71.665,71.78,26007
1746213600,71.775,71.805,71.735,71.735,19416
1746214200,71.73,71.81,71.72,71.795,25897
1746214800,71.795,71.81,71.66,71.67,18561
1746215400,71.66,71.785,71.63,71.65,100598
1746451800,71.72,71.72,71.25,71.39,55456
1746452400,71.35,71.41,71.16,71.2,28746
1746453000,71.18,71.28,71.01,71.04,21336
1746453600,71.06,71.26,71.03,71.25,24878
1746454200,71.26,71.38,71.23,71.35,27640
1746454800,71.35,71.515,71.32,71.44,47586
1746455400,71.44,71.49,71.36,71.48,12857
1746456000,71.48,71.57,71.475,71.57,15937
1746456600,71.58,71.685,71.555,71.66,21136
1746457200,71.665,71.685,71.62,71.645,13527
1746457800,71.645,71.695,71.645,71.66,20142
1746458400,71.655,71.69,71.62,71.63,15269
1746459000,71.63,71.64,71.495,71.51,23978
1746459600,71.52,71.59,71.505,71.55,8462
1746460200,71.56,71.605,71.56,71.585,7328
1746460800,71.58,71.675,71.56,71.66,15681
1746461400,71.66,71.68,71.625,71.635,14003
1746462000,71.63,71.63,71.6,71.62,5403
1746462600,71.61,71.62,71.535,71.595,10869
1746463200,71.595,71.6,71.52,71.52,5544
1746463800,71.52,71.52,71.42,71.425,6205
1746464400,71.425,71.49,71.425,71.47,12875
1746465000,71.465,71.47,71.39,71.42,8932
1746465600,71.395,71.4,71.34,71.34,8042
1746466200,71.34,71.405,71.335,71.39,8839
1746466800,71.39,71.5,71.38,71.445,19960
1746467400,71.45,71.52,71.45,71.48,8840
1746468000,71.475,71.5,71.44,71.49,9678
1746468600,71.49,71.54,71.48,71.49,8187
1746469200,71.495,71.58,71.49,71.58,10035
1746469800,71.57,71.64,71.54,71.64,9712
1746470400,71.64,71.67,71.63,71.66,9498
1746471000,71.66,71.71,71.655,71.68,12985
1746471600,71.67,71.675,71.61,71.65,10142
1746472200,71.65,71.69,71.64,71.66,13338
1746472800,71.66,71.665,71.57,71.6,16077
1746473400,71.595,71.63,71.565,71.615,17901
1746474000,71.62,71.645,71.605,71.62,22996
1746474600,71.62,71.8,71.54,71.73,167765
1746538200,71.675,71.675,71.18,71.33,56611
1746538800,71.35,71.44,71.33,71.39,25247
1746539400,71.39,71.43,71.3,71.4,34009
1746540000,71.39,71.44,71.33,71.405,10929
1746540600,71.41,71.54,71.38,71.495,10622
1746541200,71.495,71.665,71.495,71.65,8166
1746541800,71.655,71.69,71.52,71.535,22839
1746542400,71.52,71.52,71.43,71.465,15140
1746543000,71.46,71.46,71.35,71.4,18353
1746543600,71.395,71.425,71.32,71.345,25863
1746544200,71.345,71.455,71.34,71.425,14186
1746544800,71.425,71.585,71.425,71.54,18183
1746545400,71.55,71.6,71.55,71.59,9262
1746546000,71.595,71.615,71.52,71.55,17519
1746546600,71.555,71.615,71.52,71.59,6517
1746547200,71.59,71.64,71.58,71.61,10147
1746547800,71.6,71.76,71.6,71.64,12413
1746548400,71.635,71.635,71.56,71.585,6594
1746549000,71.59,71.65,71.56,71.62,10582
1746549600,71.62,71.63,71.52,71.54,10942
1746550200,71.53,71.62,71.51,71.61,7641
1746550800,71.6,71.73,71.6,71.72,11343
1746551400,71.72,71.77,71.675,71.735,11577
1746552000,71.73,71.83,71.725,71.775,10663
1746552600,71.77,71.785,71.745,71.745,6392
1746553200,71.745,71.745,71.67,71.67,12645
1746553800,71.66,71.695,71.565,71.565,9056
1746554400,71.57,71.79,71.57,71.68,10244
1746555000,71.67,71.74,71.64,71.74,11726
1746555600,71.745,71.81,71.745,71.76,10456
1746556200,71.77,71.84,71.755,71.815,9230
1746556800,71.82,71.89,71.77,71.77,10959
1746557400,71.765,71.805,71.75,71.79,12440
1746558000,71.79,71.8,71.68,71.69,14437
1746558600,71.7,71.78,71.68,71.73,14981
1746559200,71.72,71.77,71.715,71.725,12788
1746559800,71.73,71.8,71.725,71.735,17715
1746560400,71.74,71.745,71.69,71.73,28855
1746561000,71.73,71.82,71.69,71.705,107811
1746624600,71.84,71.96,71.675,71.82,66647
1746625200,71.82,72.04,71.805,71.96,24841
1746625800,71.985,72.12,71.95,72.055,20611
1746626400,72.06,72.19,72.04,72.13,11813
1746627000,72.13,72.13,72.01,72.12,30356
1746627600,72.11,72.12,72.04,72.09,21949
1746628200,72.1,72.1,71.97,71.975,19009
1746628800,71.98,72.025,71.91,71.98,22882
1746629400,71.98,72,71.885,71.99,19213
1746630000,71.98,72.06,71.97,72.01,14381
1746630600,72.02,72.03,71.95,71.97,12891
1746631200,71.97,72.07,71.95,72.05,29737
1746631800,72.04,72.11,72.035,72.09,18854
1746632400,72.085,72.135,72.035,72.055,9421
1746633000,72.055,72.15,72.04,72.14,8870
1746633600,72.15,72.29,72.135,72.29,26107
1746634200,72.29,72.37,72.27,72.365,9187
1746634800,72.365,72.425,72.33,72.39,25750
1746635400,72.39,72.39,72.285,72.32,29561
1746636000,72.315,72.33,72.26,72.26,24711
1746636600,72.26,72.44,72.26,72.42,24118
1746637200,72.42,72.485,72.42,72.46,7847
1746637800,72.46,72.5,72.36,72.385,19019
1746638400,72.38,72.4,72.3,72.305,16994
1746639000,72.31,72.345,72.27,72.31,12975
1746639600,72.315,72.345,72.29,72.34,7997
1746640200,72.34,72.34,72.165,72.23,40705
1746640800,72.22,72.345,72.02,72.09,31887
1746641400,72.08,72.22,72.03,72.22,24804
1746642000,72.22,72.375,72.22,72.33,44271
1746642600,72.34,72.56,72.3,72.555,27555
1746643200,72.555,72.57,72.32,72.35,20845
1746643800,72.355,72.65,72.355,72.61,25852
1746644400,72.61,72.685,72.575,72.65,36437
1746645000,72.655,72.655,72.5,72.56,32814
1746645600,72.57,72.58,72.375,72.38,58971
1746646200,72.39,72.54,72.38,72.475,32836
1746646800,72.49,72.66,72.385,72.42,74405
1746647400,72.41,72.51,72.34,72.4,167061
1746711000,72.06,72.48,71.9,72.37,41131
1746711600,72.38,72.4,72.11,72.17,19825
1746712200,72.175,72.21,72.03,72.03,27777
1746712800,72.02,72.11,71.95,71.95,48114
1746713400,71.95,72.09,71.935,72.07,26325
1746714000,72.06,72.13,72.005,72.07,13621
1746714600,72.07,72.1,71.76,71.76,21795
1746715200,71.76,71.925,71.735,71.89,18966
1746715800,71.885,71.94,71.73,71.81,30799
1746716400,71.8,71.83,71.69,71.8,32038
1746717000,71.79,71.89,71.79,71.87,12283
1746717600,71.88,71.98,71.84,71.95,22143
1746718200,71.95,72.07,71.92,72.07,14018
1746718800,72.1,72.29,72.07,72.1,19225
1746719400,72.11,72.2,72.015,72.2,16952
1746720000,72.19,72.31,72.18,72.21,13712
1746720600,72.22,72.22,71.995,72.05,44887
1746721200,72.05,72.08,72.02,72.045,9291
1746721800,72.05,72.07,71.9,71.92,6713
1746722400,71.92,71.93,71.88,71.91,9292
1746723000,71.91,71.98,71.91,71.95,8862
1746723600,71.95,71.96,71.86,71.86,9533
1746724200,71.86,71.93,71.855,71.89,9948
1746724800,71.88,71.885,71.745,71.79,19228
1746725400,71.78,71.82,71.72,71.755,24724
1746726000,71.76,71.77,71.625,71.64,24419
1746726600,71.64,71.67,71.565,71.58,9149
1746727200,71.58,71.605,71.49,71.605,15816
1746727800,71.6,71.7,71.6,71.655,19568
1746728400,71.65,71.67,71.505,71.515,13412
1746729000,71.515,71.645,71.515,71.61,20276
1746729600,71.61,71.67,71.61,71.65,14180
1746730200,71.65,71.74,71.65,71.68,21778
1746730800,71.685,71.705,71.52,71.53,17539
1746731400,71.525,71.59,71.505,71.58,17873
1746732000,71.59,71.66,71.57,71.59,27345
1746732600,71.595,71.64,71.54,71.58,43725
1746733200,71.57,71.57,71.37,71.425,39032
1746733800,71.42,71.43,71.13,71.19,183564
1746797400,71.06,71.205,70.73,70.95,58938
1746798000,70.955,71.03,70.89,71.03,19542
1746798600,71.03,71.1,70.95,71.005,57463
1746799200,71.005,71.03,70.945,71.02,36042
1746799800,71.02,71.04,70.96,71.005,27192
1746800400,71,71.135,70.99,71.13,17126
1746801000,71.14,71.14,71.02,71.11,14177
1746801600,71.11,71.135,70.98,70.98,19357
1746802200,70.985,70.985,70.86,70.86,10699
1746802800,70.87,70.93,70.87,70.895,4034
1746803400,70.9,70.91,70.78,70.8,12507
1746804000,70.8,70.885,70.77,70.88,7778
1746804600,70.88,70.99,70.85,70.96,6681
1746805200,70.955,70.96,70.895,70.94,7876
1746805800,70.935,71.01,70.93,71,6544
1746806400,71,71,70.88,70.99,6697
1746807000,70.98,70.99,70.96,70.99,4937
1746807600,70.985,70.985,70.835,70.84,4116
1746808200,70.83,70.83,70.74,70.76,9830
1746808800,70.75,70.75,70.68,70.71,8286
1746809400,70.7,70.73,70.61,70.61,16941
1746810000,70.61,70.61,70.53,70.59,33593
1746810600,70.595,70.68,70.52,70.67,17107
1746811200,70.67,70.72,70.6,70.69,20144
1746811800,70.69,70.76,70.63,70.68,13911
1746812400,70.685,70.77,70.685,70.74,3668
1746813000,70.75,70.76,70.69,70.76,18476
1746813600,70.75,70.77,70.695,70.695,5144
1746814200,70.69,70.76,70.69,70.735,6278
1746814800,70.74,70.785,70.69,70.71,7095
1746815400,70.72,70.79,70.72,70.76,15913
1746816000,70.78,70.83,70.775,70.83,10041
1746816600,70.83,70.87,70.8,70.805,10161
1746817200,70.805,70.87,70.8,70.86,18258
1746817800,70.855,70.865,70.76,70.795,10144
1746818400,70.79,70.795,70.73,70.74,15756
1746819000,70.74,70.8,70.71,70.795,20507
1746819600,70.8,70.83,70.57,70.63,76033
1746820200,70.62,70.65,70.46,70.51,113541
1747056600,70.2,70.48,68.71,69.36,218318
1747057200,69.36,69.53,69.31,69.42,85230
1747057800,69.42,69.54,69.35,69.35,54818
1747058400,69.345,69.385,69.13,69.185,71122
1747059000,69.185,69.29,69.11,69.255,50375
1747059600,69.245,69.28,69.13,69.19,49991
1747060200,69.18,69.38,69.175,69.38,44092
1747060800,69.37,69.455,69.33,69.37,31858
1747061400,69.37,69.5,69.35,69.37,35176
1747062000,69.36,69.45,69.255,69.3,18380
1747062600,69.295,69.36,69.26,69.3,15776
1747063200,69.295,69.35,69.195,69.34,32176
1747063800,69.34,69.39,69.13,69.16,21046
1747064400,69.17,69.195,69.08,69.15,29591
1747065000,69.16,69.17,69.09,69.125,61687
1747065600,69.125,69.13,69.04,69.115,19389
1747066200,69.11,69.14,69.075,69.1,29368
1747066800,69.11,69.215,69.09,69.18,21591
1747067400,69.17,69.24,69.14,69.215,21807
1747068000,69.215,69.23,69.15,69.15,21316
1747068600,69.145,69.205,69.105,69.19,34873
1747069200,69.2,69.3,69.165,69.28,38147
1747069800,69.285,69.335,69.07,69.07,51625
1747070400,69.07,69.07,68.975,69.015,36495
1747071000,69.015,69.105,69.015,69.08,26238
1747071600,69.085,69.085,69.01,69.06,30152
1747072200,69.055,69.09,69.05,69.075,33097
1747072800,69.08,69.22,69.08,69.19,27875
1747073400,69.19,69.225,69.075,69.22,48522
1747074000,69.23,69.305,69.195,69.215,28217
1747074600,69.23,69.295,69.23,69.27,39575
1747075200,69.27,69.335,69.27,69.29,35886
1747075800,69.295,69.31,69.245,69.28,31534
1747076400,69.275,69.3,69.225,69.28,26656
1747077000,69.285,69.285,69.225,69.245,31357
1747077600,69.245,69.38,69.225,69.38,32598
1747078200,69.38,69.44,69.36,69.38,37772
1747078800,69.39,69.395,69.28,69.36,58695
1747079400,69.35,69.57,69.34,69.545,189987
1747143000,69.59,69.69,69.37,69.56,44622
1747143600,69.56,69.58,69.21,69.21,88015
1747144200,69.2,69.28,69.045,69.1,28412
1747144800,69.11,69.255,69.11,69.24,27532
1747145400,69.25,69.405,69.25,69.3,23267
1747146000,69.33,69.42,69.255,69.3,13974
1747146600,69.305,69.32,69.06,69.13,19801
1747147200,69.14,69.275,69.13,69.21,23559
1747147800,69.21,69.23,69.11,69.11,12768
1747148400,69.1,69.1,69.01,69.08,23487
1747149000,69.08,69.08,68.925,69.02,39060
1747149600,69.03,69.095,68.98,69.06,17356
1747150200,69.055,69.14,69.045,69.06,17426
1747150800,69.06,69.08,68.95,68.99,19077
1747151400,68.985,69.09,68.93,69.09,10378
1747152000,69.09,69.165,69.075,69.115,14432
1747152600,69.12,69.13,68.96,68.96,12580
1747153200,68.97,68.99,68.89,68.92,15248
1747153800,68.915,69.05,68.915,69,7455
1747154400,69,69.03,68.89,68.9,8673
1747155000,68.9,68.98,68.87,68.975,17642
1747155600,68.98,69.14,68.98,69.11,17471
1747156200,69.11,69.18,69.07,69.095,17073
1747156800,69.1,69.17,69.06,69.16,12274
1747157400,69.16,69.22,69.14,69.14,13082
1747158000,69.155,69.185,69.04,69.04,7623
1747158600,69.05,69.08,69.01,69.05,11375
1747159200,69.05,69.15,69.05,69.15,10756
1747159800,69.14,69.18,69.07,69.08,12562
1747160400,69.07,69.08,68.96,68.97,10628
1747161000,68.97,69,68.93,68.94,17124
1747161600,68.94,69.035,68.93,69.035,21404
1747162200,69.035,69.09,69.02,69.075,16518
1747162800,69.07,69.09,68.995,69.005,23058
1747163400,69,69.065,68.99,69.005,21437
1747164000,69.005,69.075,68.99,69.05,23599
1747164600,69.05,69.16,69.04,69.16,49169
1747165200,69.17,69.17,69.07,69.07,37930
1747165800,69.08,69.08,68.92,68.93,135869
1747229400,68.87,68.96,68.6,68.6,51881
1747230000,68.6,68.9,68.58,68.83,37880
1747230600,68.85,69.18,68.82,69.11,32041
1747231200,69.11,69.13,68.86,68.88,32516
1747231800,68.88,68.91,68.815,68.885,23564
1747232400,68.88,68.89,68.82,68.88,19008
1747233000,68.89,68.93,68.86,68.885,11649
1747233600,68.89,68.92,68.835,68.875,18991
1747234200,68.875,68.915,68.8,68.85,15443
1747234800,68.85,68.85,68.73,68.78,17522
1747235400,68.77,68.9,68.75,68.9,17324
1747236000,68.905,68.99,68.875,68.96,20172
1747236600,68.96,68.995,68.915,68.945,15604
1747237200,68.945,68.96,68.885,68.95,12318
1747237800,68.94,69.06,68.94,69.035,12047
1747238400,69.04,69.09,68.99,69.05,13772
1747239000,69.05,69.07,68.995,69.03,13682
1747239600,69.02,69.04,68.91,68.94,9190
1747240200,68.94,68.94,68.87,68.87,7874
1747240800,68.87,68.945,68.815,68.93,12718
1747241400,68.93,68.95,68.91,68.935,7220
1747242000,68.935,68.99,68.915,68.97,11305
1747242600,68.97,68.99,68.92,68.96,13839
1747243200,68.96,69.05,68.935,69,18238
1747243800,69.01,69.09,68.99,69.09,12244
1747244400,69.085,69.14,69.08,69.1,13336
1747245000,69.11,69.18,69.11,69.18,7670
1747245600,69.18,69.25,69.175,69.23,20819
1747246200,69.225,69.27,69.16,69.25,59466
1747246800,69.25,69.28,69.195,69.23,36715
1747247400,69.24,69.28,69.19,69.245,21669
1747248000,69.26,69.275,69.195,69.2,8696
1747248600,69.19,69.205,69.135,69.18,11459
1747249200,69.18,69.18,69.125,69.155,14791
1747249800,69.155,69.27,69.15,69.26,19888
1747250400,69.26,69.31,69.22,69.29,19335
1747251000,69.29,69.32,69.26,69.29,21344
1747251600,69.29,69.31,69.22,69.265,35274
1747252200,69.26,69.335,69.09,69.16,141178
1747315800,69.715,70.17,69.64,70.15,102185
1747316400,70.14,70.3,70,70.29,44030
1747317000,70.29,70.44,70.12,70.4,57848
1747317600,70.4,70.445,70.32,70.435,51021
1747318200,70.43,70.625,70.4,70.575,47892
1747318800,70.575,70.575,70.405,70.48,32911
1747319400,70.455,70.69,70.455,70.68,23467
1747320000,70.69,70.71,70.53,70.66,19674
1747320600,70.67,70.725,70.645,70.69,28708
1747321200,70.69,70.72,70.6,70.62,22831
1747321800,70.62,70.71,70.62,70.69,10977
1747322400,70.685,70.74,70.68,70.7,20616
1747323000,70.71,70.8,70.7,70.785,31591
1747323600,70.78,70.89,70.775,70.86,49684
1747324200,70.865,71.01,70.82,70.98,44878
1747324800,70.98,71.15,70.98,71.15,37682
1747325400,71.16,71.175,71.07,71.08,48817
1747326000,71.09,71.19,71.08,71.08,22252
1747326600,71.085,71.09,70.97,70.97,33621
1747327200,70.97,71.075,70.97,71.035,19178
1747327800,71.03,71.12,71.02,71.12,10317
1747328400,71.13,71.155,71.1,71.12,23818
1747329000,71.12,71.21,71.11,71.21,18143
1747329600,71.2,71.22,71.05,71.05,18859
1747330200,71.05,71.12,71.05,71.09,17575
1747330800,71.09,71.2,71.07,71.2,14661
1747331400,71.2,71.23,71.15,71.2,18460
1747332000,71.21,71.22,71.15,71.195,34726
1747332600,71.2,71.265,71.17,71.25,27352
1747333200,71.26,71.29,71.17,71.21,36152
1747333800,71.22,71.34,71.2,71.315,17615
1747334400,71.315,71.36,71.3,71.35,16977
1747335000,71.34,71.44,71.31,71.42,26340
1747335600,71.42,71.47,71.39,71.41,26571
1747336200,71.4,71.55,71.38,71.54,27889
1747336800,71.54,71.64,71.54,71.585,44509
1747337400,71.585,71.63,71.55,71.59,34239
1747338000,71.59,71.7,71.58,71.68,53662
1747338600,71.69,71.73,71.5,71.665,158045
1747402200,71.85,71.95,71.43,71.71,73360
1747402800,71.73,71.87,71.69,71.745,38099
1747403400,71.72,71.84,71.705,71.82,65606
1747404000,71.81,71.81,71.585,71.69,33078
1747404600,71.68,71.72,71.51,71.55,33993
1747405200,71.54,71.67,71.54,71.61,29564
1747405800,71.61,71.7,71.59,71.61,49826
1747406400,71.62,71.77,71.6,71.6,27547
1747407000,71.58,71.61,71.46,71.51,35301
1747407600,71.51,71.62,71.475,71.56,29730
1747408200,71.57,71.57,71.5,71.57,13142
1747408800,71.57,71.6,71.52,71.535,21916
1747409400,71.53,71.55,71.47,71.54,22906
1747410000,71.54,71.56,71.51,71.555,15093
1747410600,71.555,71.62,71.54,71.58,15762
1747411200,71.59,71.64,71.57,71.57,13180
1747411800,71.575,71.65,71.575,71.6,8792
1747412400,71.595,71.7,71.595,71.69,14721
1747413000,71.7,71.76,71.7,71.755,8525
1747413600,71.75,71.77,71.685,71.715,21559
1747414200,71.72,71.77,71.72,71.76,8390
1747414800,71.76,71.82,71.745,71.77,11642
1747415400,71.77,71.805,71.73,71.78,9341
1747416000,71.79,71.835,71.79,71.79,7641
1747416600,71.79,71.865,71.79,71.84,7888
1747417200,71.85,71.87,71.84,71.86,7497
1747417800,71.87,71.92,71.86,71.86,7913
1747418400,71.87,71.895,71.85,71.89,9405
1747419000,71.89,71.9,71.83,71.88,14984
1747419600,71.875,71.95,71.875,71.945,19361
1747420200,71.945,71.975,71.92,71.93,12993
1747420800,71.93,71.97,71.91,71.91,9013
1747421400,71.9,71.99,71.9,71.945,14872
1747422000,71.94,72.01,71.905,72,37843
1747422600,72,72.1,71.965,71.98,31784
1747423200,71.975,72.05,71.97,72.04,38604
1747423800,72.03,72.13,72.02,72.11,47214
1747424400,72.1,72.26,72.06,72.07,109757
1747425000,72.06,72.09,71.97,72.02,92901
1747661400,72.08,72.17,71.78,71.82,41536
1747662000,71.805,71.96,71.77,71.87,18265
1747662600,71.88,71.95,71.8,71.85,20666
1747663200,71.865,72.03,71.865,71.935,21986
1747663800,71.93,71.935,71.79,71.825,17436
1747664400,71.84,71.895,71.72,71.88,33286
1747665000,71.88,71.98,71.88,71.95,25387
1747665600,71.94,71.98,71.92,71.93,13595
1747666200,71.93,71.94,71.86,71.865,10239
1747666800,71.865,71.93,71.81,71.86,11915
1747667400,71.855,71.88,71.78,71.88,10430
1747668000,71.88,71.94,71.85,71.91,9829
1747668600,71.92,71.93,71.87,71.87,7797
1747669200,71.87,71.97,71.87,71.91,7798
1747669800,71.92,71.93,71.85,71.85,5583
1747670400,71.86,71.94,71.855,71.93,5220
1747671000,71.93,71.935,71.86,71.89,9355
1747671600,71.89,71.93,71.88,71.89,7504
1747672200,71.88,71.9,71.815,71.83,13339
1747672800,71.83,71.89,71.8,71.89,7392
1747673400,71.885,71.99,71.885,71.99,6365
1747674000,71.99,72.015,71.91,71.95,7279
1747674600,71.945,71.96,71.87,71.87,9318
1747675200,71.87,71.91,71.835,71.895,4181
1747675800,71.89,71.905,71.82,71.84,6577
1747676400,71.84,71.85,71.76,71.79,11759
1747677000,71.79,71.795,71.725,71.785,7815
1747677600,71.79,71.8,71.735,71.76,5576
1747678200,71.76,71.785,71.75,71.755,7357
1747678800,71.75,71.75,71.705,71.73,12215
1747679400,71.74,71.75,71.7,71.705,10117
1747680000,71.7,71.74,71.69,71.73,14616
1747680600,71.735,71.785,71.71,71.785,12286
1747681200,71.79,71.81,71.72,71.755,8369
1747681800,71.75,71.755,71.685,71.69,7200
1747682400,71.685,71.715,71.65,71.67,16583
1747683000,71.67,71.8,71.67,71.8,10462
1747683600,71.79,71.86,71.76,71.85,23004
1747684200,71.86,71.95,71.78,71.945,70046
1747747800,71.82,72.03,71.69,71.86,54825
1747748400,71.86,71.905,71.79,71.89,18524
1747749000,71.91,72.08,71.91,72.04,18202
1747749600,72.03,72.08,71.93,71.97,33235
1747750200,71.97,72.005,71.83,71.83,15428
1747750800,71.83,71.93,71.81,71.91,35955
1747751400,71.93,71.99,71.9,71.99,10892
1747752000,71.995,72.05,71.995,72.03,18265
1747752600,72.02,72.05,71.935,71.935,18839
1747753200,71.935,72.065,71.87,72.065,18918
1747753800,72.06,72.12,72.04,72.11,18507
1747754400,72.11,72.12,71.965,71.98,11548
1747755000,71.99,72,71.83,71.83,4994
1747755600,71.83,71.84,71.78,71.78,8267
1747756200,71.77,71.815,71.75,71.79,8376
1747756800,71.8,71.81,71.705,71.71,8806
1747757400,71.7,71.705,71.625,71.635,10534
1747758000,71.64,71.65,71.58,71.58,9753
1747758600,71.59,71.635,71.56,71.635,11612
1747759200,71.64,71.66,71.59,71.61,18411
1747759800,71.61,71.65,71.6,71.62,18100
1747760400,71.62,71.67,71.61,71.63,14145
1747761000,71.64,71.64,71.6,71.605,9462
1747761600,71.605,71.605,71.52,71.57,17770
1747762200,71.57,71.6,71.545,71.59,18684
1747762800,71.595,71.61,71.575,71.595,9168
1747763400,71.59,71.605,71.57,71.59,12575
1747764000,71.585,71.635,71.585,71.605,18047
1747764600,71.61,71.61,71.54,71.56,19372
1747765200,71.555,71.59,71.485,71.49,22350
1747765800,71.48,71.5,71.43,71.5,17597
1747766400,71.495,71.555,71.47,71.555,20548
1747767000,71.555,71.57,71.53,71.55,13601
1747767600,71.54,71.63,71.48,71.625,20970
1747768200,71.63,71.67,71.62,71.66,29730
1747768800,71.66,71.685,71.625,71.645,28865
1747769400,71.645,71.725,71.635,71.72,32497
1747770000,71.72,71.735,71.64,71.65,30082
1747770600,71.65,71.73,71.615,71.71,154903
1747834200,71.69,72.065,71.69,72.05,47067
1747834800,72.06,72.08,71.81,71.825,30699
1747835400,71.83,71.92,71.82,71.86,18196
1747836000,71.86,71.99,71.79,71.82,34384
1747836600,71.81,71.84,71.76,71.77,17734
1747837200,71.77,71.81,71.695,71.695,18937
1747837800,71.7,71.735,71.64,71.73,15875
1747838400,71.73,71.77,71.59,71.66,12029
1747839000,71.66,71.705,71.65,71.66,5948
1747839600,71.66,71.73,71.62,71.71,5278
1747840200,71.705,71.8,71.68,71.77,7027
1747840800,71.77,71.79,71.72,71.73,6796
1747841400,71.73,71.75,71.71,71.74,6817
1747842000,71.735,71.75,71.68,71.68,6688
1747842600,71.68,71.77,71.66,71.68,13759
1747843200,71.68,71.68,71.6,71.61,7918
1747843800,71.61,71.655,71.59,71.645,9321
1747844400,71.645,71.65,71.61,71.64,6323
1747845000,71.64,71.73,71.64,71.71,18343
1747845600,71.72,71.785,71.71,71.785,7001
1747846200,71.79,71.88,71.79,71.87,14272
1747846800,71.88,71.9,71.835,71.85,8258
1747847400,71.84,71.86,71.69,71.75,18715
1747848000,71.75,71.8,71.72,71.79,14847
1747848600,71.79,71.89,71.75,71.89,20746
1747849200,71.89,71.91,71.83,71.84,16513
1747849800,71.83,71.91,71.83,71.895,9693
1747850400,71.9,71.9,71.8,71.87,11333
1747851000,71.85,71.89,71.79,71.8,7180
1747851600,71.8,71.8,71.71,71.74,9221
1747852200,71.73,71.8,71.72,71.76,9246
1747852800,71.755,71.77,71.63,71.65,10706
1747853400,71.65,71.71,71.605,71.685,14024
1747854000,71.68,71.735,71.67,71.7,12660
1747854600,71.69,71.865,71.68,71.865,13819
1747855200,71.86,71.9,71.82,71.89,16936
1747855800,71.89,71.97,71.855,71.9,34335
1747856400,71.9,71.96,71.88,71.9,21069
1747857000,71.9,71.92,71.795,71.8,52892
1747920600,71.79,71.99,71.6,71.92,42083
1747921200,71.94,71.96,71.45,71.46,26611
1747921800,71.47,71.495,71.19,71.23,25618
1747922400,71.23,71.31,71.165,71.205,22531
1747923000,71.21,71.36,71.205,71.33,31962
1747923600,71.335,71.335,71.165,71.175,23413
1747924200,71.17,71.185,70.97,71.015,22336
1747924800,71,71.1,70.98,71.09,26566
1747925400,71.09,71.18,71.09,71.16,21544
1747926000,71.165,71.17,71.025,71.025,21698
1747926600,71.03,71.05,70.98,71.04,12556
1747927200,71.03,71.09,71.025,71.06,10060
1747927800,71.06,71.23,71.035,71.17,21352
1747928400,71.17,71.27,71.17,71.24,14207
1747929000,71.24,71.355,71.24,71.34,16134
1747929600,71.34,71.42,71.34,71.36,12140
1747930200,71.38,71.46,71.365,71.41,13145
1747930800,71.41,71.415,71.33,71.335,11715
1747931400,71.335,71.335,71.28,71.29,9419
1747932000,71.295,71.345,71.295,71.315,8109
1747932600,71.315,71.34,71.26,71.26,7297
1747933200,71.25,71.26,71.13,71.135,15861
1747933800,71.14,71.26,71.14,71.25,28173
1747934400,71.25,71.35,71.24,71.31,14515
1747935000,71.31,71.38,71.29,71.335,8483
1747935600,71.335,71.35,71.28,71.29,14268
1747936200,71.29,71.34,71.245,71.315,16113
1747936800,71.315,71.405,71.315,71.395,10003
1747937400,71.4,71.46,71.39,71.45,7014
1747938000,71.45,71.505,71.445,71.455,10436
1747938600,71.455,71.46,71.38,71.38,7426
1747939200,71.385,71.385,71.315,71.315,8613
1747939800,71.32,71.38,71.32,71.355,8455
1747940400,71.36,71.41,71.34,71.355,17390
1747941000,71.355,71.39,71.34,71.38,11679
1747941600,71.375,71.515,71.375,71.51,26515
1747942200,71.51,71.52,71.42,71.425,14178
1747942800,71.42,71.43,71.33,71.395,38176
1747943400,71.4,71.45,71.105,71.115,102697
1748007000,71.59,71.59,70.75,70.75,41450
1748007600,70.76,70.97,70.685,70.97,27987
1748008200,70.97,71.075,70.95,71.05,40383
1748008800,71.05,71.22,71.01,71.015,34154
1748009400,71.02,71.12,71.01,71.07,32692
1748010000,71.07,71.17,71.03,71.17,28898
1748010600,71.18,71.305,71.175,71.305,31117
1748011200,71.3,71.365,71.19,71.195,34204
1748011800,71.195,71.22,71.065,71.18,32919
1748012400,71.19,71.345,71.17,71.345,20466
1748013000,71.34,71.5,71.28,71.48,16766
1748013600,71.47,71.59,71.465,71.58,18887
1748014200,71.58,71.77,71.58,71.72,25245
1748014800,71.72,71.74,71.655,71.73,13054
1748015400,71.73,71.735,71.66,71.695,12285
1748016000,71.695,71.745,71.65,71.68,16514
1748016600,71.68,71.72,71.66,71.66,10252
1748017200,71.655,71.76,71.65,71.7,7296
1748017800,71.705,71.77,71.655,71.77,8813
1748018400,71.78,71.79,71.735,71.75,7805
1748019000,71.745,71.78,71.72,71.75,8256
1748019600,71.75,71.825,71.74,71.78,18821
1748020200,71.79,71.84,71.79,71.83,10308
1748020800,71.84,71.9,71.835,71.85,13095
1748021400,71.855,71.875,71.83,71.845,10276
1748022000,71.83,71.875,71.78,71.87,8195
1748022600,71.87,71.895,71.8,71.83,11221
1748023200,71.83,71.89,71.825,71.85,5460
1748023800,71.83,71.87,71.83,71.84,9409
1748024400,71.83,71.915,71.8,71.915,11273
1748025000,71.92,71.94,71.9,71.9,15234
1748025600,71.89,71.95,71.89,71.94,15406
1748026200,71.94,71.96,71.9,71.9,8249
1748026800,71.89,71.95,71.87,71.95,12709
1748027400,71.94,71.95,71.865,71.87,13281
1748028000,71.87,71.9,71.815,71.82,18936
1748028600,71.82,71.915,71.82,71.9,23529
1748029200,71.91,71.97,71.89,71.89,32737
1748029800,71.89,71.9,71.72,71.79,159480
1748352600,71.685,72.07,71.665,72.01,76581
1748353200,72.02,72.22,72,72.06,45877
1748353800,72.06,72.07,71.88,71.915,26413
1748354400,71.91,71.97,71.81,71.965,22999
1748355000,71.95,71.95,71.685,71.72,26624
1748355600,71.715,71.735,71.63,71.63,15124
1748356200,71.63,71.675,71.58,71.6,18089
1748356800,71.6,71.73,71.575,71.72,15105
1748357400,71.72,71.785,71.695,71.76,12093
1748358000,71.745,71.75,71.57,71.59,9583
1748358600,71.59,71.7,71.59,71.69,14497
1748359200,71.69,71.75,71.66,71.71,14743
1748359800,71.715,71.74,71.675,71.735,10281
1748360400,71.73,71.76,71.675,71.675,8736
1748361000,71.67,71.7,71.64,71.64,11666
1748361600,71.65,71.74,71.64,71.73,7995
1748362200,71.735,71.735,71.605,71.61,10372
1748362800,71.6,71.665,71.56,71.665,8669
1748363400,71.67,71.68,71.615,71.67,12382
1748364000,71.675,71.7,71.65,71.665,7755
1748364600,71.665,71.74,71.66,71.72,6420
1748365200,71.72,71.78,71.695,71.715,10996
1748365800,71.715,71.715,71.66,71.67,8309
1748366400,71.68,71.69,71.65,71.685,6875
1748367000,71.69,71.72,71.675,71.685,4390
1748367600,71.68,71.725,71.67,71.715,9081
1748368200,71.72,71.845,71.72,71.845,11266
1748368800,71.85,71.885,71.835,71.845,14828
1748369400,71.845,71.95,71.84,71.89,12583
1748370000,71.895,71.94,71.895,71.895,10492
1748370600,71.895,71.895,71.86,71.875,7482
1748371200,71.87,71.895,71.85,71.85,6898
1748371800,71.85,71.85,71.815,71.83,11754
1748372400,71.825,71.88,71.79,71.86,12014
1748373000,71.86,71.89,71.84,71.875,14390
1748373600,71.88,71.895,71.84,71.895,21831
1748374200,71.895,71.925,71.86,71.92,15329
1748374800,71.93,71.94,71.86,71.9,21089
1748375400,71.89,71.94,71.72,71.8,100523
1748439000,71.72,71.74,71.42,71.74,48731
1748439600,71.73,71.895,71.7,71.76,26947
1748440200,71.77,71.77,71.61,71.66,11212
1748440800,71.66,71.7,71.56,71.65,18584
1748441400,71.63,71.64,71.52,71.535,15306
1748442000,71.54,71.66,71.54,71.59,9163
1748442600,71.59,71.68,71.55,71.55,9011
1748443200,71.54,71.575,71.5,71.52,11735
1748443800,71.51,71.52,71.475,71.495,13095
1748444400,71.495,71.56,71.48,71.51,16229
1748445000,71.505,71.505,71.38,71.44,27863
1748445600,71.44,71.445,71.33,71.345,5798
1748446200,71.34,71.345,71.215,71.28,14728
1748446800,71.29,71.34,71.23,71.34,6479
1748447400,71.335,71.38,71.28,71.29,9910
1748448000,71.295,71.345,71.27,71.34,11937
1748448600,71.33,71.35,71.26,71.345,10594
1748449200,71.34,71.38,71.32,71.36,9166
1748449800,71.355,71.43,71.32,71.415,4707
1748450400,71.41,71.48,71.38,71.475,5346
1748451000,71.48,71.485,71.42,71.455,9327
1748451600,71.45,71.505,71.43,71.505,4967
1748452200,71.5,71.56,71.485,71.515,6229
1748452800,71.52,71.52,71.44,71.45,5348
1748453400,71.455,71.455,71.33,71.34,6500
1748454000,71.35,71.37,71.305,71.355,5056
1748454600,71.345,71.345,71.27,71.28,4829
1748455200,71.275,71.31,71.2,71.21,11213
1748455800,71.21,71.23,71.175,71.18,10119
1748456400,71.18,71.22,71.15,71.22,9307
1748457000,71.225,71.285,71.22,71.22,7052
1748457600,71.22,71.235,71.2,71.235,4426
1748458200,71.235,71.26,71.08,71.245,12646
1748458800,71.25,71.33,71.205,71.31,13443
1748459400,71.32,71.34,71.2,71.335,11751
1748460000,71.335,71.335,71.275,71.3,12954
1748460600,71.295,71.3,71.21,71.225,13520
1748461200,71.22,71.295,71.2,71.22,25335
1748461800,71.21,71.21,71.05,71.155,85917
1748525400,71,71,70.46,70.78,65930
1748526000,70.76,70.92,70.76,70.875,30850
1748526600,70.87,70.9,70.76,70.8,33909
1748527200,70.805,71.13,70.77,71.11,30055
1748527800,71.11,71.16,71.025,71.03,31065
1748528400,71.02,71.11,71,71.02,25060
1748529000,71.02,71.03,70.905,70.97,25732
1748529600,70.96,70.99,70.89,70.915,17385
1748530200,70.915,70.95,70.88,70.945,14950
1748530800,70.94,70.97,70.84,70.96,14445
1748531400,70.96,70.98,70.85,70.875,10746
1748532000,70.87,70.98,70.87,70.98,5756
1748532600,70.99,71.005,70.85,70.88,13210
1748533200,70.87,70.895,70.82,70.82,7835
1748533800,70.82,70.87,70.75,70.815,11897
1748534400,70.82,70.915,70.75,70.88,6394
1748535000,70.88,70.99,70.86,70.985,8210
1748535600,70.99,70.995,70.94,70.97,8674
1748536200,70.97,71.01,70.965,70.99,12162
1748536800,70.99,71.02,70.99,71,5678
1748537400,71.005,71.1,71,71.095,10800
1748538000,71.09,71.13,71.07,71.11,13540
1748538600,71.11,71.215,71.1,71.215,6526
1748539200,71.21,71.33,71.21,71.295,9756
1748539800,71.28,71.315,71.25,71.29,6572
1748540400,71.3,71.33,71.285,71.33,7382
1748541000,71.33,71.4,71.33,71.385,6920
1748541600,71.38,71.38,71.29,71.345,8870
1748542200,71.34,71.38,71.32,71.345,10844
1748542800,71.34,71.46,71.33,71.455,6089
1748543400,71.46,71.48,71.44,71.48,6956
1748544000,71.49,71.55,71.49,71.525,5587
1748544600,71.52,71.535,71.5,71.53,8013
1748545200,71.53,71.56,71.48,71.495,12766
1748545800,71.5,71.53,71.48,71.53,10439
1748546400,71.525,71.57,71.5,71.525,11545
1748547000,71.53,71.58,71.52,71.52,18431
1748547600,71.53,71.65,71.52,71.615,34719
1748548200,71.63,71.645,71.44,71.5,89844
1748611800,71.52,72.02,71.43,71.99,55133
1748612400,71.99,72.24,71.94,71.95,68375
1748613000,71.955,72.105,71.955,72.02,20242
1748613600,72.04,72.1,71.91,71.93,24689
1748614200,71.94,71.96,71.815,71.91,29769
1748614800,71.92,71.95,71.85,71.86,18502
1748615400,71.86,71.865,71.78,71.78,11350
1748616000,71.775,71.82,71.74,71.8,12708
1748616600,71.8,71.84,71.76,71.835,12787
1748617200,71.84,71.92,71.82,71.915,10586
1748617800,71.92,72.02,71.92,71.97,27009
1748618400,71.965,71.975,71.9,71.905,12775
1748619000,71.9,71.945,71.88,71.94,9991
1748619600,71.945,71.975,71.86,71.89,13594
1748620200,71.88,71.89,71.81,71.81,12760
1748620800,71.82,71.9,71.8,71.885,7773
1748621400,71.885,71.915,71.735,71.77,14390
1748622000,71.78,71.84,71.7,71.74,23231
1748622600,71.75,71.98,71.74,71.95,24760
1748623200,71.955,71.96,71.825,71.89,8894
1748623800,71.9,71.915,71.87,71.895,11942
1748624400,71.89,71.96,71.88,71.88,12167
1748625000,71.87,71.96,71.83,71.96,9201
1748625600,71.96,71.96,71.9,71.945,9033
1748626200,71.95,71.96,71.915,71.95,9901
1748626800,71.95,71.95,71.885,71.945,5910
1748627400,71.95,72.04,71.95,72.015,32001
1748628000,72.015,72.14,72.015,72.11,24374
1748628600,72.12,72.21,72.09,72.19,30856
1748629200,72.19,72.19,72.08,72.1,12239
1748629800,72.105,72.145,72.08,72.11,13198
1748630400,72.11,72.2,72.095,72.2,31163
1748631000,72.195,72.265,72.195,72.255,29092
1748631600,72.255,72.27,72.195,72.255,32383
1748632200,72.25,72.3,72.2,72.285,25250
1748632800,72.29,72.35,72.25,72.335,26853
1748633400,72.33,72.36,72.25,72.295,71550
1748634000,72.29,72.3,72.21,72.24,53674
1748634600,72.24,72.47,72.06,72.065,326310
1748871000,71.95,71.97,71.46,71.52,54877
1748871600,71.52,71.785,71.5,71.705,26390
1748872200,71.7,71.7,71.42,71.43,31305
1748872800,71.4,71.575,71.36,71.52,20310
1748873400,71.51,71.62,71.465,71.59,20340
1748874000,71.59,71.62,71.49,71.555,17967
1748874600,71.57,71.635,71.46,71.515,18150
1748875200,71.52,71.65,71.52,71.635,12541
1748875800,71.63,71.755,71.63,71.65,16505
1748876400,71.66,71.72,71.64,71.72,16061
1748877000,71.72,71.75,71.65,71.66,15292
1748877600,71.67,71.7,71.58,71.595,8294
1748878200,71.59,71.59,71.51,71.51,6248
1748878800,71.51,71.53,71.455,71.52,5173
1748879400,71.52,71.59,71.51,71.59,4858
1748880000,71.595,71.635,71.555,71.6,4074
1748880600,71.605,71.605,71.54,71.55,6152
1748881200,71.555,71.56,71.5,71.545,7796
1748881800,71.55,71.585,71.535,71.58,5564
1748882400,71.575,71.605,71.55,71.565,4439
1748883000,71.56,71.685,71.56,71.685,5998
1748883600,71.68,71.78,71.68,71.78,4896
1748884200,71.785,71.79,71.695,71.73,6845
1748884800,71.73,71.75,71.63,71.66,4654
1748885400,71.66,71.68,71.605,71.66,4596
1748886000,71.67,71.69,71.65,71.68,3636
1748886600,71.68,71.73,71.665,71.7,5336
1748887200,71.705,71.795,71.7,71.77,6562
1748887800,71.76,71.82,71.74,71.8,5579
1748888400,71.79,71.885,71.785,71.865,7412
1748889000,71.87,71.88,71.77,71.79,9287
1748889600,71.79,71.795,71.76,71.76,7347
1748890200,71.77,71.815,71.76,71.81,10554
1748890800,71.82,71.885,71.8,71.86,11152
1748891400,71.855,71.87,71.81,71.84,19808
1748892000,71.835,71.9,71.83,71.89,13055
1748892600,71.88,71.96,71.86,71.93,30325
1748893200,71.93,71.97,71.86,71.86,26743
1748893800,71.87,72.04,71.855,72.04,76516
1748957400,71.88,71.88,71.5,71.61,54095
1748958000,71.61,71.64,71.23,71.3,69487
1748958600,71.3,71.31,70.95,71.05,43881
1748959200,71.04,71.08,70.87,70.915,62384
1748959800,70.915,70.96,70.55,70.59,51844
1748960400,70.595,70.7,70.475,70.63,80653
1748961000,70.63,70.785,70.61,70.71,79862
1748961600,70.725,70.725,70.55,70.61,52486
1748962200,70.61,70.68,70.54,70.555,40571
1748962800,70.56,70.7,70.5,70.66,49585
1748963400,70.67,70.755,70.66,70.725,27283
1748964000,70.73,70.745,70.625,70.68,30662
1748964600,70.69,70.79,70.66,70.785,18205
1748965200,70.785,70.89,70.75,70.89,23044
1748965800,70.89,70.99,70.875,70.99,26687
1748966400,71,71.015,70.795,70.825,29838
1748967000,70.825,70.895,70.77,70.87,31330
1748967600,70.88,70.89,70.835,70.86,14234
1748968200,70.865,70.87,70.78,70.8,21871
1748968800,70.8,70.93,70.78,70.82,45321
1748969400,70.8,70.985,70.795,70.97,13500
1748970000,70.98,71.12,70.965,71.06,24401
1748970600,71.06,71.165,71.04,71.15,13587
1748971200,71.16,71.2,71.14,71.18,14201
1748971800,71.18,71.22,71.15,71.185,8188
1748972400,71.185,71.245,71.145,71.145,14078
1748973000,71.145,71.18,71.12,71.175,24282
1748973600,71.18,71.24,71.15,71.19,15576
1748974200,71.19,71.23,71.11,71.22,31270
1748974800,71.23,71.26,71.185,71.22,22538
1748975400,71.22,71.26,71.18,71.21,43065
1748976000,71.21,71.27,71.15,71.25,24805
1748976600,71.24,71.25,71.14,71.17,17704
1748977200,71.18,71.205,71.16,71.205,31184
1748977800,71.205,71.255,71.185,71.23,35381
1748978400,71.22,71.25,71.18,71.245,24802
1748979000,71.25,71.34,71.24,71.325,36413
1748979600,71.32,71.32,71.245,71.275,37798
1748980200,71.27,71.31,71.18,71.185,244469
1749043800,71.33,71.45,70.8,70.86,45654
1749044400,70.86,70.95,70.68,70.86,41654
1749045000,70.87,71.18,70.87,71.18,50914
1749045600,71.15,71.38,71.08,71.26,37821
1749046200,71.28,71.28,71.13,71.14,22161
1749046800,71.16,71.305,71.13,71.215,31729
1749047400,71.22,71.27,71.14,71.25,22638
1749048000,71.26,71.39,71.23,71.3,18106
1749048600,71.295,71.39,71.26,71.38,22726
1749049200,71.39,71.39,71.265,71.325,7205
1749049800,71.33,71.365,71.305,71.315,10185
1749050400,71.31,71.39,71.305,71.31,7748
1749051000,71.3,71.345,71.205,71.26,18466
1749051600,71.255,71.4,71.225,71.4,15042
1749052200,71.39,71.42,71.34,71.4,12771
1749052800,71.405,71.44,71.35,71.44,18944
1749053400,71.445,71.445,71.39,71.43,8542
1749054000,71.43,71.465,71.42,71.465,7001
1749054600,71.46,71.58,71.46,71.54,23432
1749055200,71.55,71.64,71.55,71.59,12677
1749055800,71.6,71.64,71.565,71.625,11635
1749056400,71.62,71.705,71.62,71.66,17594
1749057000,71.66,71.72,71.645,71.66,14022
1749057600,71.67,71.71,71.66,71.69,11088
1749058200,71.69,71.75,71.69,71.73,7764
1749058800,71.74,71.83,71.73,71.83,20920
1749059400,71.83,71.84,71.79,71.8,9985
1749060000,71.805,71.85,71.75,71.75,8129
1749060600,71.74,71.74,71.7,71.72,11493
1749061200,71.72,71.75,71.69,71.7,7977
1749061800,71.695,71.745,71.645,71.65,15275
1749062400,71.655,71.68,71.635,71.66,11375
1749063000,71.65,71.65,71.555,71.56,10066
1749063600,71.555,71.57,71.485,71.505,9585
1749064200,71.5,71.53,71.455,71.495,6731
1749064800,71.49,71.605,71.475,71.6,24388
1749065400,71.6,71.64,71.55,71.56,25909
1749066000,71.555,71.58,71.5,71.52,28717
1749066600,71.51,71.51,71.335,71.38,203905
1749130200,71.59,71.64,70.84,71.1,37470
1749130800,71.1,71.19,70.97,71.17,42838
1749131400,71.17,71.25,71.09,71.15,29395
1749132000,71.15,71.22,71.005,71.22,21056
1749132600,71.225,71.25,71.11,71.11,21592
1749133200,71.135,71.29,71.115,71.26,16040
1749133800,71.26,71.3,71.19,71.2,30758
1749134400,71.19,71.27,71.04,71.055,45645
1749135000,71.06,71.225,71.055,71.2,21535
1749135600,71.2,71.27,71.17,71.24,21380
1749136200,71.24,71.28,71.13,71.215,33431
1749136800,71.215,71.33,71.085,71.085,45703
1749137400,71.09,71.15,71.05,71.06,18679
1749138000,71.05,71.1,71.03,71.04,10674
1749138600,71.03,71.07,71,71.06,14797
1749139200,71.06,71.19,71.04,71.185,17007
1749139800,71.18,71.33,71.18,71.32,23837
1749140400,71.315,71.315,71.155,71.17,17426
1749141000,71.165,71.23,71.155,71.21,6673
1749141600,71.215,71.33,71.215,71.33,13339
1749142200,71.32,71.38,71.31,71.37,15267
1749142800,71.38,71.45,71.28,71.29,17131
1749143400,71.29,71.31,71.22,71.3,5883
1749144000,71.31,71.31,71.23,71.25,10842
1749144600,71.26,71.29,71.21,71.22,20833
1749145200,71.23,71.245,71.18,71.18,15752
1749145800,71.18,71.18,71.08,71.13,18640
1749146400,71.12,71.12,70.87,70.885,24882
1749147000,70.885,70.98,70.84,70.98,34574
1749147600,70.98,71.045,70.965,71.02,31664
1749148200,71.03,71.15,70.99,71.145,25801
1749148800,71.15,71.19,71.095,71.14,18898
1749149400,71.15,71.185,71.1,71.14,14626
1749150000,71.145,71.17,71.055,71.16,22261
1749150600,71.16,71.17,71.05,71.075,26386
1749151200,71.07,71.175,70.985,71,30209
1749151800,71.01,71.04,70.89,71.015,28480
1749152400,71.005,71.08,70.96,71.03,28242
1749153000,71.02,71.04,70.84,70.94,126467
1749216600,71.085,71.3,71.03,71.26,34333
1749217200,71.25,71.31,71.185,71.26,30252
1749217800,71.26,71.38,71.225,71.35,19566
1749218400,71.355,71.355,71.19,71.28,25169
1749219000,71.3,71.34,71.17,71.19,14521
1749219600,71.18,71.37,71.16,71.31,25148
1749220200,71.3,71.31,71.19,71.21,4738
1749220800,71.21,71.29,71.185,71.24,8596
1749221400,71.23,71.31,71.18,71.2,12104
1749222000,71.2,71.28,71.17,71.22,16694
1749222600,71.23,71.29,71.17,71.2,21714
1749223200,71.17,71.28,71.16,71.24,11649
1749223800,71.23,71.24,71.05,71.06,19464
1749224400,71.06,71.06,70.95,71.02,8749
1749225000,71.04,71.085,70.98,71.015,13626
1749225600,71.03,71.095,71.03,71.075,6643
1749226200,71.07,71.11,70.995,71.11,16646
1749226800,71.11,71.125,71.07,71.12,1917
1749227400,71.12,71.141,71.11,71.11,3217
1749228000,71.11,71.12,71.07,71.12,4117
1749228600,71.11,71.15,71.07,71.1,15483
1749229200,71.12,71.13,71.05,71.075,8547
1749229800,71.08,71.17,71.075,71.165,5953
1749230400,71.18,71.23,71.175,71.23,3560
1749231000,71.24,71.26,71.21,71.255,4832
1749231600,71.255,71.255,71.21,71.25,4526
1749232200,71.26,71.265,71.22,71.245,6059
1749232800,71.25,71.355,71.25,71.33,8432
1749233400,71.33,71.34,71.315,71.325,5336
1749234000,71.325,71.355,71.29,71.3,6162
1749234600,71.3,71.37,71.3,71.37,7950
1749235200,71.37,71.37,71.34,71.35,6308
1749235800,71.34,71.355,71.29,71.31,5752
1749236400,71.3,71.3,71.25,71.26,8047
1749237000,71.255,71.275,71.225,71.27,6933
1749237600,71.265,71.32,71.26,71.285,8721
1749238200,71.28,71.385,71.28,71.3,17829
1749238800,71.32,71.4,71.32,71.36,20415
1749239400,71.37,71.48,71.33,71.33,80627
1749475800,71.325,71.52,71.2,71.46,28615
1749476400,71.46,71.46,71.22,71.35,28682
1749477000,71.35,71.37,71.25,71.28,23042
1749477600,71.29,71.48,71.23,71.3,27938
1749478200,71.3,71.38,71.235,71.36,19004
1749478800,71.375,71.39,71.225,71.235,23247
1749479400,71.24,71.28,71.165,71.2,16914
1749480000,71.19,71.2,71.1,71.13,35199
1749480600,71.12,71.24,71.09,71.24,16821
1749481200,71.245,71.28,71.2,71.22,18481
1749481800,71.21,71.36,71.17,71.36,14518
1749482400,71.35,71.4,71.33,71.355,21049
1749483000,71.35,71.46,71.32,71.395,18224
1749483600,71.4,71.505,71.4,71.47,15959
1749484200,71.47,71.525,71.41,71.415,15373
1749484800,71.41,71.43,71.35,71.42,17522
1749485400,71.42,71.51,71.42,71.485,11757
1749486000,71.485,71.565,71.485,71.56,15760
1749486600,71.55,71.57,71.52,71.54,7178
1749487200,71.54,71.61,71.515,71.565,11088
1749487800,71.565,71.6,71.5,71.5,9560
1749488400,71.5,71.5,71.43,71.44,9987
1749489000,71.44,71.53,71.44,71.46,18809
1749489600,71.45,71.56,71.435,71.56,9102
1749490200,71.55,71.56,71.505,71.52,9410
1749490800,71.51,71.555,71.485,71.555,17042
1749491400,71.56,71.605,71.55,71.56,14804
1749492000,71.56,71.59,71.55,71.57,8734
1749492600,71.57,71.595,71.55,71.55,10331
1749493200,71.56,71.58,71.54,71.545,8768
1749493800,71.55,71.56,71.5,71.54,15404
1749494400,71.54,71.55,71.495,71.5,25719
1749495000,71.5,71.58,71.49,71.575,12354
1749495600,71.57,71.635,71.55,71.625,14210
1749496200,71.625,71.655,71.62,71.635,14905
1749496800,71.63,71.67,71.615,71.665,21652
1749497400,71.66,71.81,71.655,71.755,28839
1749498000,71.76,71.8,71.73,71.795,32933
1749498600,71.8,71.825,71.74,71.74,157295
1749562200,71.9,72.15,71.81,71.93,61766
1749562800,71.93,71.95,71.78,71.81,22515
1749563400,71.84,71.99,71.84,71.935,21002
1749564000,71.935,71.97,71.76,71.94,34537
1749564600,71.94,71.955,71.775,71.91,28832
1749565200,71.9,71.955,71.85,71.905,21665
1749565800,71.91,71.99,71.84,71.97,26220
1749566400,71.975,72.06,71.955,72.01,25219
1749567000,72.02,72.1,72.02,72.08,23647
1749567600,72.08,72.12,72.05,72.11,19797
1749568200,72.1,72.115,72.05,72.05,23518
1749568800,72.04,72.11,72.04,72.07,28605
1749569400,72.07,72.25,72.07,72.22,41953
1749570000,72.21,72.22,72.15,72.17,17903
1749570600,72.18,72.185,72.09,72.125,28460
1749571200,72.13,72.225,72.085,72.225,15603
1749571800,72.225,72.255,72.19,72.19,12030
1749572400,72.19,72.24,72.175,72.225,30667
1749573000,72.23,72.27,72.21,72.26,16533
1749573600,72.255,72.395,72.23,72.385,27910
1749574200,72.38,72.46,72.375,72.46,44569
1749574800,72.46,72.52,72.425,72.51,24689
1749575400,72.52,72.615,72.5,72.55,23920
1749576000,72.55,72.62,72.51,72.62,21747
1749576600,72.62,72.64,72.56,72.64,15259
1749577200,72.645,72.69,72.615,72.63,20748
1749577800,72.62,72.63,72.52,72.545,11083
1749578400,72.55,72.55,72.465,72.465,15447
1749579000,72.47,72.48,72.35,72.35,10526
1749579600,72.35,72.42,72.33,72.36,11526
1749580200,72.36,72.38,72.32,72.355,14742
1749580800,72.36,72.385,72.33,72.33,9331
1749581400,72.33,72.37,72.295,72.31,20837
1749582000,72.32,72.42,72.295,72.42,17608
1749582600,72.425,72.505,72.405,72.48,17633
1749583200,72.48,72.48,72.41,72.41,10733
1749583800,72.415,72.415,72.35,72.37,28114
1749584400,72.37,72.39,72.26,72.26,43147
1749585000,72.26,72.39,72.22,72.38,124272
1749648600,72.36,72.39,71.76,71.88,47128
1749649200,71.87,72.01,71.83,72,36741
1749649800,71.99,71.99,71.8,71.96,31429
1749650400,71.95,72.07,71.85,71.91,22114
1749651000,71.92,71.96,71.82,71.95,17499
1749651600,71.96,71.985,71.86,71.89,20432
1749652200,71.9,71.91,71.78,71.84,24917
1749652800,71.84,71.91,71.81,71.9,18488
1749653400,71.9,71.96,71.83,71.855,22736
1749654000,71.855,71.865,71.805,71.86,16008
1749654600,71.88,71.99,71.855,71.99,25308
1749655200,71.98,71.98,71.925,71.95,10959
1749655800,71.96,71.97,71.88,71.88,13331
1749656400,71.88,71.89,71.76,71.84,14819
1749657000,71.85,71.93,71.85,71.87,20423
1749657600,71.88,71.9,71.86,71.88,31446
1749658200,71.885,71.96,71.88,71.96,16094
1749658800,71.96,72.095,71.96,72.095,13757
1749659400,72.1,72.155,72.045,72.08,7956
1749660000,72.075,72.15,72.06,72.11,9119
1749660600,72.11,72.12,72.06,72.1,17603
1749661200,72.09,72.11,72.04,72.09,8657
1749661800,72.09,72.09,72.04,72.045,6851
1749662400,72.04,72.15,72.005,72.145,9713
1749663000,72.145,72.165,72.08,72.125,12702
1749663600,72.11,72.14,72.08,72.12,6781
1749664200,72.12,72.15,72.1,72.15,5107
1749664800,72.145,72.145,72.06,72.105,17170
1749665400,72.09,72.12,71.98,72.02,18427
1749666000,72.03,72.05,72.01,72.02,14260
1749666600,72.02,72.08,71.96,72.06,14248
1749667200,72.06,72.1,72.01,72.1,7789
1749667800,72.11,72.125,72.015,72.02,12081
1749668400,72.02,72.06,71.98,72.06,17501
1749669000,72.055,72.08,72.025,72.025,15418
1749669600,72.025,72.075,71.98,71.98,38584
1749670200,71.98,72,71.92,71.94,31237
1749670800,71.94,71.99,71.89,71.905,41356
1749671400,71.91,72.1,71.89,72.095,114529
1749735000,72.27,72.34,72.03,72.18,38663
1749735600,72.17,72.3,72.13,72.17,28360
1749736200,72.21,72.39,72.16,72.37,21935
1749736800,72.36,72.37,72.14,72.245,41151
1749737400,72.22,72.28,72.1,72.15,38766
1749738000,72.17,72.24,72.02,72.2,44821
1749738600,72.195,72.2,72.05,72.11,14744
1749739200,72.105,72.125,72.005,72.015,17881
1749739800,72.01,72.06,71.97,72.005,26031
1749740400,72.01,72.075,71.94,72,26280
1749741000,72.02,72.09,71.98,72.085,13876
1749741600,72.08,72.08,71.97,72.015,22790
1749742200,72.01,72.045,71.885,71.895,16039
1749742800,71.9,71.93,71.835,71.85,17730
1749743400,71.86,71.865,71.78,71.84,18465
1749744000,71.83,71.83,71.73,71.77,32855
1749744600,71.775,71.825,71.76,71.77,21606
1749745200,71.77,71.77,71.675,71.725,12428
1749745800,71.72,71.74,71.69,71.705,17519
1749746400,71.705,71.79,71.64,71.78,15966
1749747000,71.78,71.81,71.74,71.74,12524
1749747600,71.735,71.785,71.6,71.64,11105
1749748200,71.65,71.705,71.635,71.7,8057
1749748800,71.7,71.77,71.68,71.77,12260
1749749400,71.78,71.83,71.76,71.81,8696
1749750000,71.805,71.875,71.805,71.85,7841
1749750600,71.85,71.88,71.815,71.86,6183
1749751200,71.86,71.98,71.86,71.97,8722
1749751800,71.97,72,71.95,71.96,12415
1749752400,71.96,72.02,71.955,72.02,16056
1749753000,72.01,72.01,71.96,71.98,11315
1749753600,71.99,72.08,71.96,72.08,6711
1749754200,72.07,72.11,72.04,72.09,18192
1749754800,72.09,72.105,72.055,72.075,17610
1749755400,72.075,72.145,72.06,72.14,13432
1749756000,72.14,72.2,72.09,72.2,11289
1749756600,72.19,72.22,72.17,72.2,30537
1749757200,72.19,72.225,72.17,72.185,29482
1749757800,72.18,72.27,72.14,72.26,156808
1749821400,71.85,71.92,71.505,71.81,53774
1749822000,71.81,71.86,71.57,71.61,52139
1749822600,71.6,71.745,71.58,71.65,33805
1749823200,71.66,71.715,71.58,71.61,38295
1749823800,71.62,71.795,71.62,71.76,27908
1749824400,71.76,71.86,71.69,71.74,31891
1749825000,71.73,71.77,71.605,71.695,24809
1749825600,71.695,71.705,71.525,71.54,23807
1749826200,71.54,71.695,71.49,71.68,24329
1749826800,71.68,71.68,71.53,71.53,18459
1749827400,71.525,71.59,71.495,71.59,18631
1749828000,71.585,71.59,71.445,71.53,16164
1749828600,71.54,71.61,71.535,71.56,14512
1749829200,71.56,71.68,71.54,71.67,16830
1749829800,71.67,71.705,71.62,71.64,15488
1749830400,71.64,71.65,71.57,71.635,15372
1749831000,71.64,71.66,71.585,71.61,11104
1749831600,71.625,71.63,71.51,71.55,13526
1749832200,71.56,71.63,71.55,71.55,15038
1749832800,71.545,71.55,71.385,71.39,18339
1749833400,71.39,71.48,71.385,71.42,14034
1749834000,71.42,71.45,71.285,71.305,13869
1749834600,71.3,71.34,71.22,71.29,25395
1749835200,71.28,71.31,71.245,71.285,13150
1749835800,71.29,71.33,71.23,71.245,12459
1749836400,71.245,71.27,71.175,71.195,16960
1749837000,71.19,71.225,71.155,71.21,17384
1749837600,71.205,71.245,71.115,71.13,23879
1749838200,71.115,71.16,71.07,71.12,21440
1749838800,71.11,71.13,70.97,70.985,22384
1749839400,70.985,71.02,70.91,70.96,36182
1749840000,70.955,70.96,70.79,70.8,26435
1749840600,70.8,70.845,70.77,70.82,24384
1749841200,70.83,70.85,70.76,70.84,21799
1749841800,70.835,70.845,70.795,70.825,56336
1749842400,70.82,70.88,70.82,70.86,26496
1749843000,70.86,71.085,70.86,70.92,60713
1749843600,70.92,70.94,70.8,70.84,88783
1749844200,70.83,71.005,70.735,71.005,207964
1750080600,71.25,71.45,70.92,71.27,113083
1750081200,71.27,71.45,71.26,71.37,54214
1750081800,71.38,71.575,71.365,71.5,53760
1750082400,71.495,71.61,71.44,71.53,46498
1750083000,71.525,71.545,71.36,71.4,21356
1750083600,71.41,71.45,71.335,71.335,22662
1750084200,71.34,71.38,71.005,71.04,28560
1750084800,71.045,71.06,70.71,70.76,35779
1750085400,70.76,70.78,70.58,70.58,33795
1750086000,70.57,70.62,70.4,70.405,37982
1750086600,70.4,70.48,70.315,70.4,34883
1750087200,70.405,70.49,70.37,70.44,29638
1750087800,70.43,70.475,70.37,70.45,19356
1750088400,70.45,70.625,70.45,70.56,45530
1750089000,70.555,70.555,70.45,70.48,14995
1750089600,70.49,70.565,70.465,70.56,25744
1750090200,70.56,70.59,70.51,70.515,15784
1750090800,70.52,70.55,70.455,70.48,12922
1750091400,70.485,70.54,70.47,70.54,9160
1750092000,70.53,70.58,70.485,70.49,12501
1750092600,70.495,70.52,70.45,70.455,18690
1750093200,70.45,70.45,70.295,70.335,34538
1750093800,70.33,70.33,70.24,70.3,25615
1750094400,70.3,70.34,70.26,70.325,15724
1750095000,70.33,70.415,70.33,70.395,13327
1750095600,70.405,70.41,70.34,70.34,11550
1750096200,70.34,70.35,70.275,70.28,14411
1750096800,70.28,70.4,70.275,70.39,11680
1750097400,70.39,70.42,70.39,70.42,11659
1750098000,70.43,70.515,70.43,70.515,17265
1750098600,70.515,70.56,70.5,70.56,16145
1750099200,70.58,70.615,70.565,70.61,13371
1750099800,70.62,70.65,70.58,70.58,18511
1750100400,70.58,70.615,70.42,70.445,18497
1750101000,70.45,70.485,70.385,70.39,17389
1750101600,70.39,70.46,70.38,70.4,37413
1750102200,70.4,70.47,70.4,70.445,30815
1750102800,70.44,70.49,70.4,70.455,33249
1750103400,70.46,70.585,70.43,70.55,133722
1750167000,70.46,70.48,70.06,70.22,46829
1750167600,70.2,70.31,70.15,70.225,41581
1750168200,70.23,70.29,70.115,70.115,31451
1750168800,70.12,70.14,69.98,70.13,62399
1750169400,70.14,70.235,70.12,70.2,36025
1750170000,70.205,70.33,70.205,70.31,21148
1750170600,70.31,70.32,70.185,70.28,24982
1750171200,70.29,70.37,70.28,70.32,19507
1750171800,70.31,70.345,70.27,70.345,13472
1750172400,70.34,70.41,70.3,70.41,26584
1750173000,70.415,70.44,70.37,70.405,10594
1750173600,70.41,70.42,70.315,70.315,12563
1750174200,70.32,70.41,70.32,70.41,11263
1750174800,70.41,70.45,70.4,70.43,9811
1750175400,70.43,70.435,70.31,70.315,12266
1750176000,70.315,70.4,70.28,70.31,11257
1750176600,70.32,70.365,70.315,70.33,6329
1750177200,70.34,70.365,70.305,70.305,9586
1750177800,70.305,70.32,70.275,70.3,4849
1750178400,70.295,70.31,70.24,70.24,9553
1750179000,70.24,70.325,70.22,70.29,10397
1750179600,70.29,70.405,70.29,70.36,9963
1750180200,70.37,70.37,70.165,70.18,10008
1750180800,70.16,70.16,69.985,70.02,31662
1750181400,70.02,70.095,70.01,70.06,11780
1750182000,70.06,70.09,69.97,70.04,14672
1750182600,70.06,70.085,70.04,70.06,12311
1750183200,70.05,70.05,69.955,69.97,22963
1750183800,69.98,69.99,69.875,69.89,23152
1750184400,69.885,69.91,69.84,69.905,27587
1750185000,69.905,69.905,69.825,69.84,19168
1750185600,69.83,69.845,69.78,69.835,20479
1750186200,69.84,69.93,69.76,69.93,17407
1750186800,69.93,69.94,69.855,69.87,12209
1750187400,69.88,69.99,69.865,69.92,21810
1750188000,69.92,70.03,69.91,70,29787
1750188600,69.995,70,69.9,69.91,33588
1750189200,69.9,69.91,69.815,69.85,49197
1750189800,69.86,69.87,69.58,69.63,221111
1750253400,69.95,69.975,69.6,69.89,45811
1750254000,69.88,69.92,69.76,69.82,22453
1750254600,69.81,69.89,69.78,69.81,40796
1750255200,69.81,69.875,69.75,69.75,39101
1750255800,69.75,69.75,69.58,69.61,32841
1750256400,69.62,69.69,69.585,69.59,24635
1750257000,69.6,69.655,69.515,69.65,43487
1750257600,69.64,69.69,69.62,69.67,45981
1750258200,69.68,69.77,69.64,69.68,31453
1750258800,69.69,69.7,69.59,69.63,21665
1750259400,69.625,69.625,69.435,69.44,74347
1750260000,69.43,69.435,69.36,69.38,36410
1750260600,69.38,69.38,69.2,69.225,47668
1750261200,69.22,69.235,69.14,69.205,32500
1750261800,69.205,69.225,69.115,69.115,26771
1750262400,69.115,69.2,69.09,69.2,26151
1750263000,69.205,69.31,69.205,69.28,17189
1750263600,69.28,69.34,69.265,69.33,11994
1750264200,69.33,69.385,69.32,69.33,19638
1750264800,69.335,69.42,69.335,69.41,12829
1750265400,69.41,69.43,69.36,69.38,19712
1750266000,69.37,69.46,69.34,69.46,21400
1750266600,69.47,69.5,69.4,69.435,24356
1750267200,69.44,69.475,69.42,69.425,21739
1750267800,69.42,69.425,69.34,69.415,29583
1750268400,69.42,69.49,69.41,69.43,40208
1750269000,69.435,69.455,69.37,69.4,32462
1750269600,69.41,69.47,69.34,69.36,38286
1750270200,69.36,69.375,69.265,69.27,23077
1750270800,69.26,69.28,69.185,69.265,33630
1750271400,69.27,69.355,69.26,69.32,19860
1750272000,69.315,69.39,69.31,69.35,18544
1750272600,69.34,69.36,69.28,69.335,36025
1750273200,69.33,69.35,69.26,69.27,44307
1750273800,69.27,69.365,69.19,69.36,48011
1750274400,69.365,69.445,69.28,69.29,47807
1750275000,69.29,69.39,69.27,69.345,42259
1750275600,69.34,69.37,69.28,69.32,95678
1750276200,69.32,69.39,69.12,69.2,200606
1750426200,69.09,69.5,69,69.4,73802
1750426800,69.4,69.47,69.28,69.3,29294
1750427400,69.29,69.32,69.19,69.27,29299
1750428000,69.265,69.345,69.24,69.345,23246
1750428600,69.33,69.45,69.305,69.385,38037
1750429200,69.38,69.44,69.325,69.325,66641
1750429800,69.32,69.37,69.27,69.3,10461
1750430400,69.295,69.405,69.18,69.405,21653
1750431000,69.39,69.47,69.345,69.41,23596
1750431600,69.41,69.495,69.4,69.48,21824
1750432200,69.48,69.53,69.47,69.49,14894
1750432800,69.49,69.505,69.43,69.47,12658
1750433400,69.46,69.55,69.46,69.51,13091
1750434000,69.52,69.54,69.5,69.52,19003
1750434600,69.52,69.52,69.395,69.4,9918
1750435200,69.39,69.39,69.27,69.29,8281
1750435800,69.28,69.3,69.2,69.22,7061
1750436400,69.22,69.26,69.18,69.26,6921
1750437000,69.27,69.37,69.27,69.37,10128
1750437600,69.37,69.39,69.34,69.345,4807
1750438200,69.34,69.41,69.33,69.395,7506
1750438800,69.4,69.49,69.4,69.45,8485
1750439400,69.44,69.48,69.42,69.48,10320
1750440000,69.47,69.5,69.45,69.46,5594
1750440600,69.46,69.49,69.385,69.43,11252
1750441200,69.43,69.44,69.385,69.395,6881
1750441800,69.39,69.44,69.39,69.43,5515
1750442400,69.43,69.47,69.38,69.39,20667
1750443000,69.39,69.43,69.37,69.425,18370
1750443600,69.42,69.45,69.36,69.365,17020
1750444200,69.36,69.36,69.31,69.315,16051
1750444800,69.31,69.31,69.28,69.29,20079
1750445400,69.285,69.285,69.195,69.235,20434
1750446000,69.23,69.235,69.18,69.2,8517
1750446600,69.21,69.245,69.18,69.23,15680
1750447200,69.22,69.23,69.065,69.08,22691
1750447800,69.09,69.11,68.935,68.965,72395
1750448400,68.96,69.005,68.79,68.96,121074
1750449000,68.96,68.985,68.78,68.86,233263
1750685400,69.05,69.5,68.97,69.49,59479
1750686000,69.485,69.63,69.36,69.46,55177
1750686600,69.465,69.55,69.45,69.485,29734
1750687200,69.48,69.7,69.455,69.595,41581
1750687800,69.6,69.705,69.55,69.68,27490
1750688400,69.68,69.72,69.595,69.595,28182
1750689000,69.59,69.66,69.56,69.65,23543
1750689600,69.66,69.69,69.565,69.62,20784
1750690200,69.62,69.675,69.56,69.57,32257
1750690800,69.57,69.62,69.52,69.555,51978
1750691400,69.555,69.605,69.5,69.51,29908
1750692000,69.515,69.55,69.44,69.44,25912
1750692600,69.43,69.44,69.34,69.37,22391
1750693200,69.365,69.395,69.32,69.335,11330
1750693800,69.33,69.33,69.24,69.25,16750
1750694400,69.24,69.24,69.125,69.15,23355
1750695000,69.15,69.18,69.135,69.15,14257
1750695600,69.15,69.19,69.11,69.18,13053
1750696200,69.19,69.27,69.17,69.23,24404
1750696800,69.22,69.26,69.17,69.18,13641
1750697400,69.18,69.22,69.1,69.14,21267
1750698000,69.13,69.25,69.105,69.24,12358
1750698600,69.25,69.35,69.24,69.345,20840
1750699200,69.345,69.45,69.33,69.42,22220
1750699800,69.43,69.49,69.425,69.47,15479
1750700400,69.475,69.505,69.455,69.465,17041
1750701000,69.465,69.465,69.38,69.38,11888
1750701600,69.38,69.4,69.32,69.38,14596
1750702200,69.38,69.41,69.35,69.39,13328
1750702800,69.39,69.44,69.385,69.415,15843
1750703400,69.415,69.445,69.375,69.375,20678
1750704000,69.38,69.385,69.31,69.34,32235
1750704600,69.34,69.41,69.32,69.41,33825
1750705200,69.42,69.605,69.42,69.6,26571
1750705800,69.61,69.66,69.575,69.66,28129
1750706400,69.665,69.71,69.64,69.7,21263
1750707000,69.7,69.79,69.68,69.77,34853
1750707600,69.77,69.775,69.69,69.755,50380
1750708200,69.76,69.805,69.655,69.73,174192
1750771800,69.97,70.03,69.755,69.89,65693
1750772400,69.89,69.94,69.815,69.86,94899
1750773000,69.86,69.94,69.7,69.71,53917
1750773600,69.72,69.9,69.69,69.87,42783
1750774200,69.87,69.95,69.78,69.8,30059
1750774800,69.795,69.855,69.74,69.79,28836
1750775400,69.79,69.91,69.79,69.85,20193
1750776000,69.86,69.965,69.86,69.955,24310
1750776600,69.95,69.98,69.89,69.97,40551
1750777200,69.97,69.975,69.875,69.91,37150
1750777800,69.915,69.92,69.86,69.905,23780
1750778400,69.89,69.99,69.89,69.94,20328
1750779000,69.95,70.095,69.95,70.065,28995
1750779600,70.07,70.07,70.005,70.07,15055
1750780200,70.065,70.12,70.055,70.115,18777
1750780800,70.12,70.15,70.075,70.15,18052
1750781400,70.15,70.195,70.125,70.14,25156
1750782000,70.15,70.245,70.145,70.23,23362
1750782600,70.23,70.285,70.23,70.27,15055
1750783200,70.265,70.295,70.24,70.27,15892
1750783800,70.27,70.295,70.25,70.28,9541
1750784400,70.285,70.31,70.245,70.295,14528
1750785000,70.29,70.33,70.265,70.305,10084
1750785600,70.305,70.35,70.27,70.31,13704
1750786200,70.315,70.32,70.28,70.31,20228
1750786800,70.31,70.32,70.215,70.215,13241
1750787400,70.215,70.285,70.21,70.26,11515
1750788000,70.265,70.275,70.16,70.17,10975
1750788600,70.17,70.195,70.14,70.17,14474
1750789200,70.18,70.18,70.15,70.16,16200
1750789800,70.16,70.175,70.125,70.165,17532
1750790400,70.165,70.185,70.11,70.11,14044
1750791000,70.11,70.135,70.1,70.13,13195
1750791600,70.135,70.22,70.12,70.21,15179
1750792200,70.21,70.24,70.185,70.185,19041
1750792800,70.19,70.285,70.18,70.28,19105
1750793400,70.28,70.31,70.265,70.3,19259
1750794000,70.3,70.335,70.26,70.265,40214
1750794600,70.27,70.295,70.17,70.2,107449
1750858200,70.07,70.07,69.53,69.64,78159
1750858800,69.66,69.79,69.605,69.79,44261
1750859400,69.79,69.9,69.75,69.86,28132
1750860000,69.86,69.995,69.805,69.92,32132
1750860600,69.91,69.975,69.885,69.91,34891
1750861200,69.905,69.955,69.88,69.89,23166
1750861800,69.89,69.89,69.75,69.77,21634
1750862400,69.775,69.775,69.655,69.69,17160
1750863000,69.7,69.7,69.58,69.63,13312
1750863600,69.62,69.745,69.61,69.73,15244
1750864200,69.735,69.77,69.7,69.75,12712
1750864800,69.755,69.77,69.69,69.735,11106
1750865400,69.74,69.77,69.73,69.73,10789
1750866000,69.725,69.8,69.715,69.725,17843
1750866600,69.725,69.8,69.725,69.8,6962
1750867200,69.81,69.84,69.795,69.84,8683
1750867800,69.84,69.85,69.81,69.83,10599
1750868400,69.825,69.825,69.64,69.645,13114
1750869000,69.64,69.725,69.64,69.71,38052
1750869600,69.7,69.72,69.65,69.65,5493
1750870200,69.66,69.675,69.585,69.59,6424
1750870800,69.595,69.6,69.555,69.57,6871
1750871400,69.57,69.59,69.56,69.58,4350
1750872000,69.59,69.62,69.57,69.57,6995
1750872600,69.58,69.6,69.51,69.51,17212
1750873200,69.51,69.64,69.47,69.64,17056
1750873800,69.64,69.675,69.63,69.655,6586
1750874400,69.66,69.68,69.625,69.67,12753
1750875000,69.67,69.705,69.565,69.57,8821
1750875600,69.56,69.565,69.44,69.525,9756
1750876200,69.525,69.65,69.505,69.65,8227
1750876800,69.65,69.67,69.64,69.665,4741
1750877400,69.665,69.675,69.605,69.605,8344
1750878000,69.61,69.62,69.57,69.6,8113
1750878600,69.6,69.735,69.6,69.71,15241
1750879200,69.71,69.76,69.67,69.715,11565
1750879800,69.72,69.73,69.63,69.63,12138
1750880400,69.625,69.715,69.585,69.69,23687
1750881000,69.7,69.715,69.625,69.635,162131
1750944600,69.695,69.88,69.5,69.84,31137
1750945200,69.84,69.92,69.81,69.85,26537
1750945800,69.85,69.89,69.65,69.66,16271
1750946400,69.65,69.69,69.53,69.53,23621
1750947000,69.54,69.575,69.47,69.525,52448
1750947600,69.52,69.52,69.445,69.48,25057
1750948200,69.485,69.49,69.34,69.34,37277
1750948800,69.33,69.34,69.245,69.245,24154
1750949400,69.25,69.28,69.21,69.27,28482
1750950000,69.27,69.27,69.165,69.18,22278
1750950600,69.175,69.275,69.145,69.275,21737
1750951200,69.28,69.335,69.28,69.29,28205
1750951800,69.29,69.36,69.28,69.34,22315
1750952400,69.34,69.365,69.305,69.315,13429
1750953000,69.325,69.325,69.165,69.23,22553
1750953600,69.23,69.31,69.225,69.29,13742
1750954200,69.3,69.35,69.295,69.325,11957
1750954800,69.33,69.335,69.3,69.315,6627
1750955400,69.32,69.37,69.32,69.32,6984
1750956000,69.315,69.33,69.3,69.32,6706
1750956600,69.32,69.33,69.24,69.265,10048
1750957200,69.26,69.26,69.21,69.23,12193
1750957800,69.235,69.34,69.23,69.34,7058
1750958400,69.34,69.37,69.305,69.315,6602
1750959000,69.32,69.385,69.32,69.38,5395
1750959600,69.38,69.42,69.37,69.38,9056
1750960200,69.38,69.38,69.305,69.32,17325
1750960800,69.32,69.35,69.27,69.28,17990
1750961400,69.27,69.32,69.23,69.31,36974
1750962000,69.31,69.32,69.18,69.18,12313
1750962600,69.19,69.24,69.16,69.21,18803
1750963200,69.21,69.28,69.205,69.26,11858
1750963800,69.25,69.34,69.24,69.315,27999
1750964400,69.31,69.4,69.3,69.38,17621
1750965000,69.375,69.415,69.35,69.37,14874
1750965600,69.365,69.39,69.345,69.38,14389
1750966200,69.38,69.39,69.345,69.355,23047
1750966800,69.35,69.365,69.23,69.29,53852
1750967400,69.3,69.525,69.27,69.49,131892
1751031000,69.6,69.82,69.47,69.76,59777
1751031600,69.78,69.97,69.76,69.95,35890
1751032200,69.93,70.02,69.88,69.955,26093
1751032800,69.97,70.14,69.97,70.07,32920
1751033400,70.08,70.09,69.975,70.02,19279
1751034000,70.02,70.095,69.98,70.08,13376
1751034600,70.08,70.125,70.04,70.1,19609
1751035200,70.09,70.16,70.06,70.085,19745
1751035800,70.085,70.135,70.03,70.1,12645
1751036400,70.11,70.155,70.095,70.14,21538
1751037000,70.15,70.22,70.12,70.14,19051
1751037600,70.13,70.175,70.055,70.09,19506
1751038200,70.09,70.14,70.075,70.12,62379
1751038800,70.13,70.22,70.13,70.18,22043
1751039400,70.19,70.2,70.155,70.2,19314
1751040000,70.195,70.26,70.16,70.24,14784
1751040600,70.24,70.28,70.18,70.28,33941
1751041200,70.27,70.35,70.27,70.35,15243
1751041800,70.35,70.39,70.33,70.38,21074
1751042400,70.38,70.4,70.35,70.37,32718
1751043000,70.37,70.41,70.33,70.37,17238
1751043600,70.365,70.365,70.32,70.325,8131
1751044200,70.33,70.375,70.29,70.31,10263
1751044800,70.31,70.34,70.295,70.3,10203
1751045400,70.29,70.295,70.24,70.25,12204
1751046000,70.245,70.245,70.17,70.175,15032
1751046600,70.17,70.24,70.15,70.2,16096
1751047200,70.195,70.23,70.16,70.21,12195
1751047800,70.2,70.21,70.05,70.05,11413
1751048400,70.04,70.06,70.02,70.035,42004
1751049000,70.035,70.09,70.035,70.065,10710
1751049600,70.06,70.13,70.045,70.08,16637
1751050200,70.07,70.12,70.04,70.11,8669
1751050800,70.1,70.1,69.97,70.025,14702
1751051400,70.01,70.075,70.01,70.03,15175
1751052000,70.04,70.155,70.02,70.155,42483
1751052600,70.155,70.255,70.155,70.215,32773
1751053200,70.22,70.335,70.215,70.285,33291
1751053800,70.29,70.56,70.26,70.32,339888
1751290200,70.15,70.745,70.09,70.72,55047
1751290800,70.715,70.775,70.58,70.6,33822
1751291400,70.58,70.625,70.26,70.28,42313
1751292000,70.28,70.32,70.195,70.3,20866
1751292600,70.31,70.335,70.255,70.33,29462
1751293200,70.335,70.4,70.33,70.39,19271
1751293800,70.39,70.415,70.29,70.295,26271
1751294400,70.3,70.33,70.21,70.25,24988
1751295000,70.255,70.29,70.24,70.285,25367
1751295600,70.29,70.355,70.28,70.34,19453
1751296200,70.35,70.365,70.27,70.29,16355
1751296800,70.3,70.38,70.3,70.36,21406
1751297400,70.365,70.4,70.345,70.37,12466
1751298000,70.36,70.365,70.28,70.305,13689
1751298600,70.31,70.325,70.2,70.23,19124
1751299200,70.24,70.28,70.235,70.26,10675
1751299800,70.26,70.36,70.245,70.36,13179
1751300400,70.36,70.43,70.35,70.405,7832
1751301000,70.4,70.435,70.355,70.435,14269
1751301600,70.44,70.515,70.44,70.49,17655
1751302200,70.49,70.54,70.455,70.47,10119
1751302800,70.47,70.47,70.38,70.395,6930
1751303400,70.395,70.44,70.38,70.43,4950
1751304000,70.425,70.43,70.405,70.41,6698
1751304600,70.415,70.42,70.385,70.385,6862
1751305200,70.38,70.38,70.285,70.29,11103
1751305800,70.3,70.31,70.19,70.24,28813
1751306400,70.245,70.355,70.245,70.34,17552
1751307000,70.34,70.38,70.305,70.35,11261
1751307600,70.35,70.375,70.33,70.335,6814
1751308200,70.33,70.39,70.305,70.35,18656
1751308800,70.35,70.42,70.34,70.4,13490
1751309400,70.395,70.46,70.395,70.46,14987
1751310000,70.46,70.505,70.45,70.505,12066
1751310600,70.505,70.52,70.48,70.5,27659
1751311200,70.51,70.57,70.51,70.55,21865
1751311800,70.55,70.615,70.515,70.57,25939
1751312400,70.58,70.665,70.58,70.62,24241
1751313000,70.63,70.79,70.625,70.74,178093
1751376600,70.99,71.59,70.85,71.56,87470
1751377200,71.55,71.63,71.49,71.58,44651
1751377800,71.59,71.63,71.46,71.48,26839
1751378400,71.48,71.53,71.35,71.41,65945
1751379000,71.39,71.49,71.34,71.49,25515
1751379600,71.49,71.665,71.45,71.65,26510
1751380200,71.65,71.935,71.64,71.93,48747
1751380800,71.93,72.05,71.92,72.03,43914
1751381400,72.015,72.04,71.93,71.975,34151
1751382000,71.97,72.22,71.965,72.22,32370
1751382600,72.23,72.45,72.22,72.32,32564
1751383200,72.32,72.395,72.13,72.13,28271
1751383800,72.13,72.18,72.09,72.13,31231
1751384400,72.125,72.2,72.08,72.14,18803
1751385000,72.15,72.155,72.05,72.075,21094
1751385600,72.075,72.14,72.06,72.12,20360
1751386200,72.14,72.17,71.895,71.91,18360
1751386800,71.91,71.92,71.695,71.71,17655
1751387400,71.71,71.74,71.53,71.53,19880
1751388000,71.525,71.79,71.525,71.77,28831
1751388600,71.77,71.78,71.61,71.65,42372
1751389200,71.66,71.66,71.56,71.59,17351
1751389800,71.59,71.615,71.51,71.51,10230
1751390400,71.5,71.555,71.445,71.55,16480
1751391000,71.55,71.625,71.53,71.575,8713
1751391600,71.575,71.695,71.565,71.65,6964
1751392200,71.655,71.69,71.6,71.66,13337
1751392800,71.675,71.725,71.63,71.725,21563
1751393400,71.74,71.77,71.7,71.72,12088
1751394000,71.72,71.76,71.72,71.73,8497
1751394600,71.73,71.73,71.66,71.68,13785
1751395200,71.675,71.715,71.64,71.715,14926
1751395800,71.72,71.84,71.72,71.82,11614
1751396400,71.82,71.86,71.78,71.86,13863
1751397000,71.86,71.87,71.77,71.78,25680
1751397600,71.785,71.785,71.68,71.695,18036
1751398200,71.7,71.75,71.66,71.695,20421
1751398800,71.69,71.82,71.685,71.79,33699
1751399400,71.79,71.81,71.64,71.685,164472
1751463000,71.68,71.74,71.53,71.63,85161
1751463600,71.65,71.825,71.46,71.5,30541
1751464200,71.51,71.63,71.49,71.63,21448
1751464800,71.63,71.67,71.545,71.57,29423
1751465400,71.57,71.57,71.415,71.425,22345
1751466000,71.43,71.43,71.33,71.34,21440
1751466600,71.34,71.36,71.095,71.135,23278
1751467200,71.15,71.19,70.99,71.025,34428
1751467800,71.04,71.06,70.9,70.995,18783
1751468400,71,71.04,70.74,70.78,18860
1751469000,70.78,70.88,70.74,70.85,20958
1751469600,70.85,71.01,70.845,70.98,9830
1751470200,70.98,71.105,70.92,71.1,32405
1751470800,71.105,71.18,70.94,70.965,33651
1751471400,70.97,71.07,70.96,70.985,7646
1751472000,70.98,70.98,70.875,70.92,19928
1751472600,70.915,70.945,70.845,70.885,15461
1751473200,70.89,70.91,70.805,70.87,9297
1751473800,70.86,70.915,70.83,70.915,8377
1751474400,70.91,70.95,70.86,70.92,6011
1751475000,70.92,70.935,70.87,70.87,9212
1751475600,70.88,70.945,70.87,70.92,7736
1751476200,70.92,71.03,70.92,70.99,13140
1751476800,70.99,71.04,70.975,71.01,8410
1751477400,71.02,71.045,70.98,70.985,7519
1751478000,70.985,71.01,70.94,70.94,5478
1751478600,70.93,70.945,70.895,70.9,7322
1751479200,70.89,70.98,70.89,70.95,7902
1751479800,70.95,70.995,70.89,70.89,15121
1751480400,70.89,70.94,70.88,70.935,6305
1751481000,70.94,71.02,70.94,71.02,7635
1751481600,71.01,71.055,70.98,70.995,8055
1751482200,70.99,71.05,70.93,70.95,20462
1751482800,70.94,70.95,70.875,70.88,8498
1751483400,70.875,70.91,70.84,70.85,11514
1751484000,70.86,70.88,70.76,70.775,23130
1751484600,70.78,70.87,70.745,70.82,18732
1751485200,70.83,70.97,70.82,70.925,33094
1751485800,70.93,70.96,70.845,70.93,117788
1751549400,71.05,71.09,70.56,70.68,67740
1751550000,70.68,70.77,70.585,70.67,41193
1751550600,70.66,70.78,70.43,70.61,74288
1751551200,70.63,70.72,70.55,70.62,44549
1751551800,70.61,70.715,70.565,70.695,28753
1751552400,70.695,70.815,70.675,70.755,14699
1751553000,70.75,70.96,70.715,70.9,28560
1751553600,70.9,71.11,70.88,71.085,34927
1751554200,71.09,71.13,71.07,71.08,19275
1751554800,71.08,71.13,71.05,71.09,25114
1751555400,71.1,71.185,71.09,71.175,16459
1751556000,71.18,71.18,71.1,71.12,20860
1751556600,71.11,71.23,71.09,71.22,27726
1751557200,71.22,71.26,71.22,71.23,14716
1751557800,71.23,71.3,71.205,71.29,23745
1751558400,71.29,71.3,71.2,71.21,11192
1751559000,71.21,71.28,71.21,71.22,19270
1751559600,71.23,71.28,71.23,71.27,21570
1751560200,71.27,71.38,71.27,71.375,34435
1751560800,71.38,71.39,71.27,71.275,51515
1751561400,71.28,71.34,71.2,71.3,98748
1751895000,71.39,71.4,70.8,71.09,69379
1751895600,71.09,71.17,70.945,71.05,53513
1751896200,71.05,71.17,71.02,71.07,21477
1751896800,71.07,71.07,70.9,70.97,46303
1751897400,70.96,71.06,70.94,71.06,27748
1751898000,71.06,71.165,71.05,71.14,40144
1751898600,71.15,71.175,71.015,71.025,28930
1751899200,71.02,71.025,70.81,70.825,22280
1751899800,70.83,71.11,70.83,71.11,49142
1751900400,71.115,71.12,70.945,70.945,29057
1751901000,70.95,71.035,70.95,70.96,26569
1751901600,70.97,71.045,70.97,71.035,16206
1751902200,71.04,71.16,71.035,71.08,14451
1751902800,71.07,71.08,70.95,70.97,18950
1751903400,70.96,70.97,70.86,70.88,13087
1751904000,70.88,70.945,70.865,70.92,16308
1751904600,70.92,70.935,70.87,70.9,6831
1751905200,70.89,70.89,70.83,70.84,14283
1751905800,70.83,70.89,70.83,70.84,11078
1751906400,70.84,71.005,70.84,71.005,17155
1751907000,71,71.02,70.94,70.94,12982
1751907600,70.95,71.06,70.91,71.06,9101
1751908200,71.06,71.2,71.06,71.2,11446
1751908800,71.2,71.22,71.08,71.09,7253
1751909400,71.09,71.17,71.09,71.12,6734
1751910000,71.13,71.18,71.04,71.06,20300
1751910600,71.06,71.07,71.025,71.065,5704
1751911200,71.07,71.17,71.07,71.1,7113
1751911800,71.095,71.1,71,71.04,16305
1751912400,71.04,71.04,70.9,70.9,11105
1751913000,70.91,70.93,70.86,70.91,7979
1751913600,70.91,71.03,70.9,71.03,19950
1751914200,71.04,71.07,71.01,71.065,7102
1751914800,71.08,71.08,70.95,70.955,19013
1751915400,70.95,70.96,70.9,70.93,14213
1751916000,70.93,70.93,70.805,70.86,16827
1751916600,70.86,70.93,70.85,70.875,13852
1751917200,70.88,70.96,70.87,70.92,28576
1751917800,70.91,71.02,70.87,71.02,107401
1751981400,70.74,70.78,70.07,70.38,60740
1751982000,70.37,70.56,70.3,70.53,46570
1751982600,70.54,70.545,70.35,70.36,21515
1751983200,70.37,70.37,70.16,70.29,22045
1751983800,70.28,70.285,70.19,70.19,35026
1751984400,70.185,70.33,70.15,70.23,40143
1751985000,70.23,70.32,70.15,70.16,28400
1751985600,70.16,70.16,69.92,69.96,65113
1751986200,69.955,70.07,69.885,70.03,20793
1751986800,70.03,70.09,69.99,70.07,14073
1751987400,70.065,70.2,70.04,70.18,23349
1751988000,70.185,70.26,70.115,70.13,27237
1751988600,70.14,70.23,70.12,70.21,12228
1751989200,70.21,70.32,70.205,70.31,18507
1751989800,70.33,70.35,70.29,70.29,9155
1751990400,70.3,70.3,70.085,70.09,17332
1751991000,70.1,70.18,70.09,70.18,10069
1751991600,70.18,70.22,70.14,70.2,7783
1751992200,70.21,70.22,70.145,70.2,16169
1751992800,70.18,70.205,70.16,70.195,10247
1751993400,70.195,70.22,70.14,70.145,16136
1751994000,70.15,70.175,70.12,70.125,7282
1751994600,70.11,70.29,70.11,70.28,15763
1751995200,70.275,70.44,70.255,70.42,14227
1751995800,70.415,70.45,70.25,70.3,15689
1751996400,70.295,70.345,70.265,70.32,8272
1751997000,70.31,70.43,70.31,70.41,8420
1751997600,70.41,70.41,70.35,70.38,7215
1751998200,70.38,70.38,70.305,70.31,10617
1751998800,70.32,70.38,70.32,70.345,14052
1751999400,70.35,70.35,70.255,70.3,14032
1752000000,70.295,70.295,70.22,70.29,7870
1752000600,70.3,70.395,70.295,70.335,11607
1752001200,70.33,70.445,70.33,70.445,9576
1752001800,70.445,70.505,70.445,70.505,8007
1752002400,70.5,70.54,70.47,70.52,12265
1752003000,70.52,70.53,70.395,70.5,25401
1752003600,70.51,70.54,70.44,70.455,38457
1752004200,70.46,70.53,70.24,70.26,262818
1752067800,70.26,70.265,69.84,69.94,107530
1752068400,69.94,70.04,69.72,69.72,109168
1752069000,69.74,69.79,69.6,69.68,68856
1752069600,69.68,69.72,69.49,69.59,126705
1752070200,69.59,69.73,69.51,69.72,66375
1752070800,69.715,69.81,69.6,69.61,67666
1752071400,69.61,69.65,69.49,69.525,66891
1752072000,69.53,69.67,69.515,69.55,36692
1752072600,69.545,69.56,69.31,69.4,81264
1752073200,69.4,69.43,69.3,69.395,81561
1752073800,69.39,69.405,69.22,69.22,85283
1752074400,69.22,69.24,69.115,69.21,58197
1752075000,69.225,69.35,69.16,69.21,36719
1752075600,69.21,69.265,69.07,69.11,45021
1752076200,69.105,69.23,68.97,69.23,85854
1752076800,69.23,69.39,69.19,69.345,18889
1752077400,69.365,69.405,69.28,69.405,33336
1752078000,69.41,69.41,69.29,69.37,32048
1752078600,69.365,69.42,69.33,69.41,16374
1752079200,69.4,69.41,69.12,69.17,27224
1752079800,69.18,69.18,69.09,69.09,11297
1752080400,69.08,69.22,69,69.19,17342
1752081000,69.19,69.27,69.19,69.24,18926
1752081600,69.26,69.35,69.21,69.23,23102
1752082200,69.235,69.24,69.18,69.195,23274
1752082800,69.2,69.325,69.125,69.325,40393
1752083400,69.325,69.325,69.11,69.12,47968
1752084000,69.13,69.23,69.12,69.2,52263
1752084600,69.2,69.34,69.185,69.28,23077
1752085200,69.285,69.285,69.225,69.245,10825
1752085800,69.24,69.305,69.18,69.19,75216
1752086400,69.2,69.36,69.18,69.335,17302
1752087000,69.33,69.36,69.27,69.28,28917
1752087600,69.28,69.38,69.275,69.365,32956
1752088200,69.37,69.485,69.37,69.47,32465
1752088800,69.465,69.575,69.465,69.49,45802
1752089400,69.495,69.525,69.425,69.51,38965
1752090000,69.5,69.515,69.44,69.5,71331
1752090600,69.5,69.625,69.41,69.49,271423
1752154200,69.35,69.43,69.16,69.33,116180
1752154800,69.34,69.39,69.27,69.31,97378
1752155400,69.31,69.49,69.29,69.43,100872
1752156000,69.425,69.63,69.425,69.59,34741
1752156600,69.59,69.67,69.555,69.6,44095
1752157200,69.595,69.6,69.41,69.575,27021
1752157800,69.57,69.68,69.47,69.5,36503
1752158400,69.5,69.64,69.48,69.62,13010
1752159000,69.63,69.645,69.55,69.55,11905
1752159600,69.56,69.605,69.49,69.55,13934
1752160200,69.545,69.6,69.505,69.51,20667
1752160800,69.525,69.56,69.39,69.46,29986
1752161400,69.45,69.495,69.425,69.45,12067
1752162000,69.455,69.605,69.445,69.565,13677
1752162600,69.565,69.57,69.52,69.565,11361
1752163200,69.56,69.56,69.48,69.51,10884
1752163800,69.5,69.51,69.46,69.505,24055
1752164400,69.5,69.555,69.44,69.545,16757
1752165000,69.545,69.545,69.485,69.545,7607
1752165600,69.545,69.545,69.5,69.53,14946
1752166200,69.53,69.56,69.525,69.55,12318
1752166800,69.555,69.62,69.53,69.545,12451
1752167400,69.545,69.585,69.54,69.58,9045
1752168000,69.59,69.6,69.505,69.56,11488
1752168600,69.56,69.565,69.515,69.52,10457
1752169200,69.515,69.52,69.485,69.495,7545
1752169800,69.495,69.605,69.495,69.59,13619
1752170400,69.6,69.665,69.56,69.59,11651
1752171000,69.61,69.655,69.61,69.655,6933
1752171600,69.66,69.685,69.61,69.61,8279
1752172200,69.61,69.61,69.515,69.515,12550
1752172800,69.52,69.65,69.515,69.64,20228
1752173400,69.63,69.67,69.62,69.645,17138
1752174000,69.64,69.69,69.64,69.67,18804
1752174600,69.66,69.735,69.655,69.725,26469
1752175200,69.73,69.75,69.675,69.715,26735
1752175800,69.72,69.77,69.71,69.77,16278
1752176400,69.76,69.84,69.76,69.78,51059
1752177000,69.79,69.845,69.715,69.765,106185
1752240600,69.52,69.55,69.25,69.49,41307
1752241200,69.49,69.6,69.48,69.57,21482
1752241800,69.56,69.565,69.45,69.55,14862
1752242400,69.56,69.735,69.525,69.72,25103
1752243000,69.72,69.84,69.69,69.805,32118
1752243600,69.81,69.87,69.715,69.725,29969
1752244200,69.735,69.995,69.735,69.955,40138
1752244800,69.95,69.985,69.87,69.95,18294
1752245400,69.95,70.04,69.95,69.97,32014
1752246000,69.97,69.97,69.85,69.86,24282
1752246600,69.86,69.94,69.845,69.875,20287
1752247200,69.87,69.87,69.81,69.835,21260
1752247800,69.835,69.835,69.77,69.82,12444
1752248400,69.825,69.94,69.8,69.93,11648
1752249000,69.925,69.98,69.87,69.92,14356
1752249600,69.91,69.93,69.79,69.84,24374
1752250200,69.85,69.94,69.85,69.935,7946
1752250800,69.93,69.965,69.83,69.905,18553
1752251400,69.9,69.945,69.85,69.93,7554
1752252000,69.93,70.02,69.93,70.015,23997
1752252600,70.02,70.075,70.02,70.04,14195
1752253200,70.045,70.05,69.97,70.025,12953
1752253800,70.03,70.08,70.01,70.07,7793
1752254400,70.07,70.09,70.06,70.085,13991
1752255000,70.09,70.135,70.02,70.085,24331
1752255600,70.09,70.14,70.04,70.095,16187
1752256200,70.1,70.12,69.975,69.975,14625
1752256800,69.98,70,69.82,69.87,24329
1752257400,69.88,70.02,69.88,70.02,16574
1752258000,70.01,70.015,69.96,69.985,5647
1752258600,69.99,70,69.93,69.995,8242
1752259200,69.995,70.03,69.97,70.01,7818
1752259800,70.02,70.03,69.98,70.01,10129
1752260400,70.015,70.075,70.015,70.05,13370
1752261000,70.05,70.05,70.005,70.03,9538
1752261600,70.03,70.125,70.03,70.11,15210
1752262200,70.1,70.155,70.1,70.12,23236
1752262800,70.13,70.13,70.05,70.055,26577
1752263400,70.05,70.06,69.87,69.87,134197
1752499800,69.95,69.98,69.59,69.8,49487
1752500400,69.79,70.07,69.73,70.04,30049
1752501000,70.04,70.05,69.91,69.93,20719
1752501600,69.935,69.97,69.82,69.9,34274
1752502200,69.9,69.9,69.72,69.75,28276
1752502800,69.75,69.79,69.665,69.69,24564
1752503400,69.68,69.82,69.635,69.73,28889
1752504000,69.73,69.73,69.55,69.62,19662
1752504600,69.63,69.725,69.58,69.675,25625
1752505200,69.67,69.685,69.48,69.605,21923
1752505800,69.61,69.73,69.61,69.72,16853
1752506400,69.72,69.825,69.68,69.75,8942
1752507000,69.745,69.835,69.73,69.79,11333
1752507600,69.795,69.82,69.72,69.72,37403
1752508200,69.72,69.77,69.67,69.705,18326
1752508800,69.705,69.71,69.655,69.655,18735
1752509400,69.655,69.655,69.55,69.63,19392
1752510000,69.635,69.66,69.6,69.605,14118
1752510600,69.61,69.71,69.595,69.63,16859
1752511200,69.63,69.685,69.62,69.63,12477
1752511800,69.64,69.645,69.605,69.605,18160
1752512400,69.61,69.62,69.54,69.55,15451
1752513000,69.54,69.56,69.485,69.495,30977
1752513600,69.495,69.545,69.495,69.525,12790
1752514200,69.525,69.525,69.395,69.395,15231
1752514800,69.395,69.435,69.35,69.415,23876
1752515400,69.415,69.42,69.33,69.39,19824
1752516000,69.395,69.495,69.39,69.475,10591
1752516600,69.47,69.475,69.38,69.43,10174
1752517200,69.43,69.5,69.43,69.46,7091
1752517800,69.465,69.56,69.465,69.495,26720
1752518400,69.495,69.495,69.445,69.455,11153
1752519000,69.455,69.5,69.455,69.48,8924
1752519600,69.485,69.5,69.395,69.41,61707
1752520200,69.42,69.445,69.31,69.315,80806
1752520800,69.315,69.35,69.275,69.35,43612
1752521400,69.35,69.465,69.35,69.44,43572
1752522000,69.445,69.485,69.35,69.41,97160
1752522600,69.4,69.52,69.31,69.47,119152
1752586200,69.57,69.6,69.3,69.32,57323
1752586800,69.32,69.42,69.26,69.4,36170
1752587400,69.39,69.46,69.365,69.425,24576
1752588000,69.425,69.495,69.36,69.445,18143
1752588600,69.445,69.49,69.37,69.44,25295
1752589200,69.435,69.445,69.3,69.33,45141
1752589800,69.33,69.37,69.22,69.295,39296
1752590400,69.295,69.47,69.28,69.43,40440
1752591000,69.42,69.42,69.305,69.4,31083
1752591600,69.4,69.44,69.24,69.24,23497
1752592200,69.23,69.24,69.155,69.155,25768
1752592800,69.155,69.385,69.155,69.32,64899
1752593400,69.33,69.345,69.15,69.185,41633
1752594000,69.18,69.245,69.15,69.2,45704
1752594600,69.205,69.305,69.2,69.295,23504
1752595200,69.3,69.34,69.215,69.22,12869
1752595800,69.21,69.305,69.19,69.235,14172
1752596400,69.24,69.31,69.24,69.3,11843
1752597000,69.3,69.335,69.29,69.315,14901
1752597600,69.305,69.43,69.305,69.43,6218
1752598200,69.43,69.47,69.4,69.4,10703
1752598800,69.4,69.4,69.285,69.32,9013
1752599400,69.32,69.465,69.32,69.44,11462
1752600000,69.44,69.495,69.43,69.435,16108
1752600600,69.44,69.455,69.38,69.4,9574
1752601200,69.39,69.43,69.37,69.42,7926
1752601800,69.41,69.42,69.335,69.35,4611
1752602400,69.35,69.35,69.295,69.33,13671
1752603000,69.325,69.375,69.31,69.31,4664
1752603600,69.31,69.33,69.275,69.29,12111
1752604200,69.3,69.44,69.3,69.38,9724
1752604800,69.39,69.425,69.38,69.4,6041
1752605400,69.4,69.42,69.36,69.415,8214
1752606000,69.415,69.46,69.365,69.45,17658
1752606600,69.45,69.505,69.395,69.505,23024
1752607200,69.5,69.55,69.48,69.525,16293
1752607800,69.53,69.545,69.44,69.45,30223
1752608400,69.455,69.52,69.435,69.5,36106
1752609000,69.49,69.49,69.31,69.34,111985
1752672600,69.3,69.49,69.26,69.415,52267
1752673200,69.39,69.45,69.36,69.385,37976
1752673800,69.385,69.5,69.385,69.425,56903
1752674400,69.425,69.46,69.14,69.18,96401
1752675000,69.18,69.18,68.99,69.08,48213
1752675600,69.07,69.095,68.965,69.025,33438
1752676200,69.02,69.205,69,69.13,37219
1752676800,69.13,69.15,69.055,69.08,34595
1752677400,69.08,69.105,69,69.08,77376
1752678000,69.085,69.245,69.08,69.23,11524
1752678600,69.23,69.275,68.83,68.83,51005
1752679200,68.84,69.115,68.79,69.1,28424
1752679800,69.09,69.21,69.03,69.21,17707
1752680400,69.21,69.225,69.12,69.145,17174
1752681000,69.145,69.27,69.125,69.215,23728
1752681600,69.215,69.23,69.135,69.18,9115
1752682200,69.18,69.18,69.035,69.04,13506
1752682800,69.035,69.18,69.035,69.175,19949
1752683400,69.19,69.24,69.17,69.225,8944
1752684000,69.225,69.23,69.09,69.13,13381
1752684600,69.13,69.15,69.085,69.15,7923
1752685200,69.15,69.25,69.15,69.245,8334
1752685800,69.24,69.29,69.23,69.285,6236
1752686400,69.285,69.285,69.23,69.255,15171
1752687000,69.25,69.315,69.235,69.29,16832
1752687600,69.295,69.355,69.295,69.34,16310
1752688200,69.345,69.345,69.27,69.295,9233
1752688800,69.295,69.4,69.285,69.355,13408
1752689400,69.36,69.36,69.3,69.315,6394
1752690000,69.31,69.31,69.265,69.27,6035
1752690600,69.28,69.375,69.275,69.365,12180
1752691200,69.36,69.38,69.32,69.365,9980
1752691800,69.365,69.4,69.355,69.385,18558
1752692400,69.38,69.425,69.31,69.35,31430
1752693000,69.35,69.39,69.32,69.37,18493
1752693600,69.365,69.405,69.29,69.335,67558
1752694200,69.33,69.335,69.185,69.23,21322
1752694800,69.24,69.32,69.19,69.265,60711
1752695400,69.26,69.285,69.17,69.265,117054
1752759000,69.71,70.1,69.71,69.86,262129
1752759600,69.87,69.93,69.7,69.7,78718
1752760200,69.71,69.74,69.6,69.63,27300
1752760800,69.64,69.745,69.56,69.745,32694
1752761400,69.73,69.865,69.715,69.735,46154
1752762000,69.73,69.9,69.685,69.8,150172
1752762600,69.795,69.845,69.67,69.74,153495
1752763200,69.74,69.745,69.57,69.64,59205
1752763800,69.64,69.7,69.615,69.655,31903
1752764400,69.655,69.69,69.52,69.56,30307
1752765000,69.56,69.695,69.52,69.685,24611
1752765600,69.69,69.77,69.68,69.765,30950
1752766200,69.765,69.825,69.74,69.77,57614
1752766800,69.765,69.9,69.73,69.74,37138
1752767400,69.74,69.795,69.74,69.76,14177
1752768000,69.75,69.765,69.705,69.735,15272
1752768600,69.735,69.76,69.71,69.74,15040
1752769200,69.74,69.79,69.69,69.71,19559
1752769800,69.71,69.785,69.7,69.705,15305
1752770400,69.705,69.74,69.62,69.625,13389
1752771000,69.625,69.715,69.625,69.705,16794
1752771600,69.705,69.71,69.62,69.68,11350
1752772200,69.68,69.765,69.675,69.76,14222
1752772800,69.765,69.795,69.75,69.78,11855
1752773400,69.775,69.815,69.77,69.785,17108
1752774000,69.78,69.805,69.735,69.745,54712
1752774600,69.745,69.785,69.73,69.745,14184
1752775200,69.74,69.815,69.73,69.815,21288
1752775800,69.815,69.84,69.76,69.77,60655
1752776400,69.77,69.92,69.77,69.83,78948
1752777000,69.835,69.905,69.8,69.83,62422
1752777600,69.835,69.99,69.8,69.985,38615
1752778200,69.99,70.17,69.98,70.105,176727
1752778800,70.115,70.465,70.115,70.45,62344
1752779400,70.44,70.57,70.4,70.46,87492
1752780000,70.46,70.485,70.32,70.35,90822
1752780600,70.36,70.495,70.355,70.48,107353
1752781200,70.475,70.63,70.45,70.595,126700
1752781800,70.59,70.685,70.48,70.62,237842
1752845400,70.54,70.59,70.29,70.42,61557
1752846000,70.42,70.46,70.28,70.385,34227
1752846600,70.385,70.57,70.37,70.49,39554
1752847200,70.48,70.695,70.48,70.57,97582
1752847800,70.58,70.645,70.55,70.59,52354
1752848400,70.6,70.7,70.575,70.595,42599
1752849000,70.59,70.61,70.425,70.425,18799
1752849600,70.44,70.44,70.24,70.27,27753
1752850200,70.27,70.375,70.255,70.255,20662
1752850800,70.255,70.42,70.24,70.32,15817
1752851400,70.32,70.35,70.285,70.295,14819
1752852000,70.29,70.39,70.285,70.32,12067
1752852600,70.32,70.4,70.3,70.4,11002
1752853200,70.39,70.4,70.28,70.28,12563
1752853800,70.27,70.32,70.26,70.275,13018
1752854400,70.275,70.295,70.195,70.27,23358
1752855000,70.27,70.34,70.26,70.27,10192
1752855600,70.27,70.27,70.15,70.225,16589
1752856200,70.22,70.36,70.22,70.33,11398
1752856800,70.325,70.34,70.21,70.21,22194
1752857400,70.21,70.235,70.175,70.21,11697
1752858000,70.205,70.215,70.135,70.19,9623
1752858600,70.19,70.19,70.13,70.18,8948
1752859200,70.17,70.17,70.1,70.17,6061
1752859800,70.185,70.255,70.185,70.21,15322
1752860400,70.21,70.275,70.21,70.23,5332
1752861000,70.22,70.295,70.2,70.29,7584
1752861600,70.29,70.29,70.16,70.16,16491
1752862200,70.16,70.17,70.12,70.15,13946
1752862800,70.15,70.2,70.09,70.1,8983
1752863400,70.1,70.13,70.075,70.075,13368
1752864000,70.08,70.155,70.07,70.145,11252
1752864600,70.15,70.155,70.135,70.155,10885
1752865200,70.15,70.155,70.07,70.075,8649
1752865800,70.07,70.125,70.02,70.12,31549
1752866400,70.12,70.14,70.1,70.115,9043
1752867000,70.12,70.125,70.055,70.06,17389
1752867600,70.065,70.075,69.96,69.96,29438
1752868200,69.95,69.96,69.835,69.84,138244
1753104600,70.195,70.48,70.1,70.23,97948
1753105200,70.23,70.27,70.08,70.225,79026
1753105800,70.23,70.25,70.095,70.17,34947
1753106400,70.17,70.285,70.015,70.015,46588
1753107000,70.015,70.09,69.985,70.015,52228
1753107600,70.01,70.09,69.93,70.01,49067
1753108200,70.01,70.07,69.965,70.06,55817
1753108800,70.07,70.195,70.065,70.13,38779
1753109400,70.135,70.185,70.07,70.135,28253
1753110000,70.135,70.15,70.05,70.13,14767
1753110600,70.125,70.14,70.07,70.14,13236
1753111200,70.14,70.18,70.01,70.05,28619
1753111800,70.06,70.1,70.02,70.1,39518
1753112400,70.11,70.19,70.09,70.125,16389
1753113000,70.13,70.205,70.1,70.2,24559
1753113600,70.21,70.315,70.21,70.21,27548
1753114200,70.21,70.33,70.19,70.29,13828
1753114800,70.285,70.44,70.27,70.34,17000
1753115400,70.34,70.4,70.325,70.375,14791
1753116000,70.375,70.375,70.28,70.28,7857
1753116600,70.275,70.33,70.26,70.31,10067
1753117200,70.305,70.38,70.295,70.36,30379
1753117800,70.365,70.435,70.335,70.365,14469
1753118400,70.365,70.395,70.345,70.375,9845
1753119000,70.375,70.425,70.355,70.4,11829
1753119600,70.41,70.43,70.36,70.41,24416
1753120200,70.405,70.45,70.38,70.445,25730
1753120800,70.445,70.46,70.39,70.41,36397
1753121400,70.41,70.475,70.39,70.44,15498
1753122000,70.435,70.435,70.36,70.43,8695
1753122600,70.435,70.59,70.43,70.58,48532
1753123200,70.58,70.62,70.52,70.575,47841
1753123800,70.575,70.575,70.43,70.435,22330
1753124400,70.43,70.43,70.35,70.36,54429
1753125000,70.36,70.4,70.285,70.36,23981
1753125600,70.36,70.36,70.3,70.315,16492
1753126200,70.315,70.32,70.21,70.275,34118
1753126800,70.28,70.285,70.15,70.19,36490
1753127400,70.19,70.24,70.105,70.125,182793
1753191000,69.45,69.6,68.69,69.14,265333
1753191600,69.16,69.8,69.16,69.73,123817
1753192200,69.74,70.25,69.68,70.05,126045
1753192800,70.06,70.14,69.475,69.54,130326
1753193400,69.535,69.54,69.21,69.505,71331
1753194000,69.51,69.57,69.3,69.41,47259
1753194600,69.4,69.4,69.09,69.11,68415
1753195200,69.105,69.3,69.1,69.26,51394
1753195800,69.255,69.605,69.2,69.585,52247
1753196400,69.62,69.7,69.505,69.6,33202
1753197000,69.6,69.63,69.325,69.41,24396
1753197600,69.41,69.5,69.375,69.425,16365
1753198200,69.425,69.52,69.39,69.445,27533
1753198800,69.435,69.45,69.34,69.36,28684
1753199400,69.37,69.55,69.28,69.48,24838
1753200000,69.49,69.55,69.4,69.41,17252
1753200600,69.4,69.47,69.305,69.375,18829
1753201200,69.39,69.63,69.39,69.6,25890
1753201800,69.6,69.63,69.54,69.605,11604
1753202400,69.6,69.65,69.56,69.595,9690
1753203000,69.595,69.595,69.42,69.43,18078
1753203600,69.44,69.515,69.41,69.435,24253
1753204200,69.44,69.525,69.39,69.525,16296
1753204800,69.52,69.53,69.465,69.515,11988
1753205400,69.52,69.64,69.49,69.56,16474
1753206000,69.56,69.68,69.555,69.68,8253
1753206600,69.68,69.68,69.505,69.51,13014
1753207200,69.52,69.6,69.49,69.6,5846
1753207800,69.61,69.74,69.61,69.67,16750
1753208400,69.67,69.7,69.65,69.7,11399
1753209000,69.7,69.735,69.655,69.735,20659
1753209600,69.74,69.79,69.66,69.69,29646
1753210200,69.7,69.72,69.54,69.54,17239
1753210800,69.54,69.64,69.54,69.605,13391
1753211400,69.6,69.63,69.52,69.61,17803
1753212000,69.6,69.64,69.435,69.435,21859
1753212600,69.435,69.46,69.335,69.43,40729
1753213200,69.43,69.49,69.42,69.48,35658
1753213800,69.47,69.69,69.41,69.62,147265
1753277400,69.66,69.74,69.445,69.5,64488
1753278000,69.49,69.675,69.42,69.585,57843
1753278600,69.575,69.62,69.47,69.61,42203
1753279200,69.6,69.61,69.27,69.33,49369
1753279800,69.325,69.475,69.18,69.21,51127
1753280400,69.21,69.225,69.085,69.115,47761
1753281000,69.11,69.235,69.045,69.175,40222
1753281600,69.17,69.18,68.835,68.835,103765
1753282200,68.83,68.92,68.74,68.825,66825
1753282800,68.82,68.87,68.69,68.755,52590
1753283400,68.74,68.77,68.67,68.73,44121
1753284000,68.73,68.755,68.64,68.695,46296
1753284600,68.695,68.785,68.675,68.76,15443
1753285200,68.755,68.76,68.61,68.72,28308
1753285800,68.73,68.85,68.71,68.775,27823
1753286400,68.775,68.93,68.775,68.84,44551
1753287000,68.85,68.88,68.785,68.825,50757
1753287600,68.83,68.88,68.755,68.8,30597
1753288200,68.795,68.9,68.75,68.895,41855
1753288800,68.895,68.985,68.885,68.89,21774
1753289400,68.89,68.91,68.84,68.9,33413
1753290000,68.91,68.93,68.86,68.93,18115
1753290600,68.94,69,68.885,68.96,19802
1753291200,68.96,69.13,68.95,69.13,33514
1753291800,69.12,69.19,69.08,69.17,29641
1753292400,69.165,69.19,69.1,69.16,16296
1753293000,69.155,69.155,69,69.02,15993
1753293600,69.03,69.03,68.945,69,12428
1753294200,69.01,69.04,68.96,69.04,16111
1753294800,69.04,69.07,68.945,69.02,23451
1753295400,69.04,69.085,68.99,69.01,16241
1753296000,69.02,69.05,68.95,68.95,21885
1753296600,68.95,68.99,68.885,68.92,19138
1753297200,68.93,68.98,68.93,68.96,16445
1753297800,68.96,69,68.94,68.975,25816
1753298400,68.98,69.015,68.91,68.92,22783
1753299000,68.92,69,68.86,69,27861
1753299600,69,69.15,68.965,69.13,48848
1753300200,69.12,69.22,69.07,69.19,169281
1753363800,69.26,69.37,69.06,69.18,47804
1753364400,69.17,69.26,69.165,69.24,32371
1753365000,69.24,69.31,69.165,69.29,48855
1753365600,69.3,69.355,69.25,69.33,28625
1753366200,69.34,69.415,69.3,69.33,31900
1753366800,69.32,69.4,69.295,69.34,26687
1753367400,69.34,69.4,69.26,69.32,21441
1753368000,69.32,69.42,69.315,69.38,24562
1753368600,69.375,69.38,69.275,69.31,43662
1753369200,69.32,69.37,69.24,69.33,28215
1753369800,69.34,69.43,69.295,69.39,27567
1753370400,69.4,69.545,69.395,69.5,22016
1753371000,69.51,69.535,69.44,69.49,24347
1753371600,69.47,69.495,69.44,69.45,12203
1753372200,69.45,69.47,69.39,69.45,16107
1753372800,69.46,69.5,69.41,69.46,15500
1753373400,69.465,69.535,69.44,69.45,14879
1753374000,69.46,69.475,69.36,69.37,22677
1753374600,69.37,69.42,69.36,69.37,10456
1753375200,69.37,69.48,69.37,69.425,10307
1753375800,69.41,69.495,69.4,69.415,12336
1753376400,69.41,69.43,69.37,69.42,12620
1753377000,69.42,69.43,69.37,69.415,6131
1753377600,69.41,69.41,69.22,69.24,17048
1753378200,69.24,69.295,69.2,69.2,7786
1753378800,69.205,69.215,69.13,69.15,15730
1753379400,69.155,69.22,69.145,69.18,9224
1753380000,69.17,69.175,69.095,69.125,15622
1753380600,69.13,69.155,69.095,69.1,16179
1753381200,69.095,69.125,69.06,69.07,16559
1753381800,69.08,69.14,69.075,69.14,17536
1753382400,69.14,69.155,69.08,69.12,13370
1753383000,69.11,69.12,69.035,69.055,22180
1753383600,69.05,69.09,68.99,69.07,34844
1753384200,69.06,69.115,69.06,69.095,17006
1753384800,69.095,69.1,69.05,69.06,13453
1753385400,69.07,69.1,69.06,69.09,12583
1753386000,69.08,69.09,69.02,69.035,53939
1753386600,69.02,69.15,69.005,69.095,124573
1753450200,69.1,69.115,68.86,69.025,45261
1753450800,69.04,69.075,68.87,68.92,31309
1753451400,68.92,68.98,68.83,68.85,39082
1753452000,68.86,68.9,68.76,68.82,74308
1753452600,68.83,68.95,68.82,68.935,30982
1753453200,68.935,68.935,68.83,68.845,24240
1753453800,68.845,68.9,68.825,68.85,14770
1753454400,68.845,68.95,68.845,68.88,12179
1753455000,68.89,68.975,68.89,68.9,15155
1753455600,68.9,68.91,68.84,68.885,23342
1753456200,68.885,68.955,68.87,68.89,26570
1753456800,68.9,68.95,68.78,68.81,23911
1753457400,68.82,68.86,68.79,68.795,9774
1753458000,68.8,68.87,68.8,68.81,12605
1753458600,68.805,68.885,68.795,68.88,10596
1753459200,68.885,68.92,68.86,68.92,11303
1753459800,68.91,68.945,68.87,68.87,7441
1753460400,68.88,68.915,68.88,68.895,5538
1753461000,68.92,68.955,68.92,68.94,10108
1753461600,68.93,68.985,68.91,68.985,15482
1753462200,68.985,68.99,68.89,68.93,8315
1753462800,68.94,68.965,68.92,68.93,7872
1753463400,68.935,68.945,68.895,68.9,7719
1753464000,68.9,68.955,68.89,68.955,8457
1753464600,68.95,69.02,68.95,69,25833
1753465200,68.99,69,68.96,68.975,4524
1753465800,68.97,68.975,68.925,68.93,9190
1753466400,68.93,68.96,68.88,68.92,18557
1753467000,68.92,68.955,68.89,68.895,8389
1753467600,68.89,68.94,68.89,68.93,7673
1753468200,68.925,68.97,68.905,68.965,8976
1753468800,68.96,68.97,68.93,68.965,9747
1753469400,68.97,69.01,68.965,68.975,16497
1753470000,68.98,69.07,68.96,69.06,25064
1753470600,69.055,69.1,69.045,69.09,16896
1753471200,69.09,69.16,69.085,69.16,17655
1753471800,69.17,69.17,69.075,69.1,21346
1753472400,69.11,69.18,69.08,69.145,46858
1753473000,69.15,69.23,69.08,69.18,133813
1753709400,68.75,68.89,68.6,68.82,66637
1753710000,68.82,68.895,68.69,68.8,27111
1753710600,68.81,68.86,68.58,68.59,52059
1753711200,68.595,68.75,68.54,68.69,45726
1753711800,68.69,68.79,68.69,68.79,20068
1753712400,68.785,68.795,68.63,68.68,33648
1753713000,68.675,68.69,68.565,68.61,29461
1753713600,68.6,68.665,68.59,68.665,17157
1753714200,68.66,68.66,68.54,68.6,27366
1753714800,68.605,68.715,68.56,68.67,33099
1753715400,68.68,68.76,68.68,68.73,18132
1753716000,68.74,68.76,68.685,68.73,12161
1753716600,68.73,68.73,68.61,68.61,16774
1753717200,68.61,68.64,68.6,68.605,11528
1753717800,68.61,68.61,68.56,68.57,25412
1753718400,68.565,68.57,68.4,68.4,64983
1753719000,68.405,68.425,68.325,68.41,42645
1753719600,68.41,68.42,68.355,68.38,57491
1753720200,68.375,68.375,68.235,68.235,46022
1753720800,68.235,68.335,68.22,68.325,17246
1753721400,68.325,68.335,68.285,68.335,12262
1753722000,68.335,68.39,68.305,68.305,17844
1753722600,68.3,68.3,68.22,68.22,15694
1753723200,68.22,68.315,68.21,68.24,19416
1753723800,68.25,68.27,68.21,68.215,12080
1753724400,68.215,68.23,68.19,68.23,19113
1753725000,68.24,68.24,68.16,68.195,15555
1753725600,68.2,68.235,68.095,68.12,22779
1753726200,68.13,68.16,68.09,68.1,10824
1753726800,68.105,68.17,68.09,68.165,14690
1753727400,68.165,68.275,68.16,68.25,12410
1753728000,68.255,68.27,68.17,68.17,16500
1753728600,68.17,68.19,68.15,68.165,12917
1753729200,68.165,68.165,68.105,68.13,20743
1753729800,68.14,68.205,68.12,68.175,40600
1753730400,68.175,68.21,68.12,68.14,18337
1753731000,68.145,68.17,68.13,68.15,26493
1753731600,68.15,68.18,68.12,68.125,40828
1753732200,68.12,68.19,68.065,68.1,156162
1753795800,68.26,68.43,68.15,68.3,33855
1753796400,68.32,68.53,68.3,68.505,48718
1753797000,68.5,68.61,68.48,68.535,22512
1753797600,68.53,68.67,68.53,68.57,32721
1753798200,68.575,68.69,68.575,68.67,30438
1753798800,68.68,68.79,68.67,68.755,27503
1753799400,68.75,68.77,68.65,68.69,26548
1753800000,68.69,68.81,68.69,68.74,40770
1753800600,68.75,68.92,68.75,68.92,36551
1753801200,68.915,68.99,68.84,68.94,22983
1753801800,68.96,69.085,68.87,69.08,58207
1753802400,69.085,69.295,69.08,69.24,65128
1753803000,69.24,69.265,69.135,69.255,36529
1753803600,69.26,69.35,69.18,69.19,30483
1753804200,69.195,69.2,69.02,69.06,20262
1753804800,69.06,69.185,68.99,69.17,42075
1753805400,69.17,69.24,69.13,69.205,15251
1753806000,69.2,69.315,69.185,69.31,22323
1753806600,69.315,69.345,69.255,69.34,13752
1753807200,69.35,69.365,69.27,69.27,17835
1753807800,69.27,69.28,69.215,69.22,18537
1753808400,69.215,69.22,69.16,69.18,18253
1753809000,69.17,69.18,69.065,69.065,9785
1753809600,69.07,69.1,69.05,69.095,8994
1753810200,69.1,69.11,69.03,69.03,10036
1753810800,69.025,69.025,68.91,68.91,8509
1753811400,68.905,69,68.88,69,12079
1753812000,69.005,69.065,68.955,69.025,27912
1753812600,69.01,69.06,69.005,69.05,12107
1753813200,69.055,69.1,69.05,69.06,16510
1753813800,69.065,69.12,69.045,69.115,20984
1753814400,69.12,69.15,69.075,69.08,9779
1753815000,69.08,69.095,69.04,69.08,8723
1753815600,69.08,69.105,69.015,69.105,12561
1753816200,69.105,69.17,69.085,69.165,32684
1753816800,69.165,69.175,69.13,69.16,15997
1753817400,69.16,69.215,69.15,69.175,26652
1753818000,69.17,69.3,69.17,69.285,50780
1753818600,69.28,69.42,69.26,69.385,235629
1753882200,69.2,69.24,68.97,69.16,30603
1753882800,69.145,69.22,69.07,69.16,19997
1753883400,69.15,69.23,69.06,69.18,19166
1753884000,69.18,69.19,69.03,69.06,22993
1753884600,69.06,69.09,68.98,69,20148
1753885200,69.01,69.095,69.01,69.09,12498
1753885800,69.08,69.125,69.03,69.1,19499
1753886400,69.1,69.12,69.01,69.12,15098
1753887000,69.12,69.16,69.085,69.12,14177
1753887600,69.135,69.14,69.07,69.08,12268
1753888200,69.07,69.15,69.06,69.15,10391
1753888800,69.15,69.19,69.14,69.155,10215
1753889400,69.15,69.15,69.05,69.06,9952
1753890000,69.06,69.105,69.02,69.09,7268
1753890600,69.095,69.095,69.055,69.075,5682
1753891200,69.08,69.14,69.045,69.14,8471
1753891800,69.15,69.22,69.14,69.21,6024
1753892400,69.21,69.275,69.21,69.24,10262
1753893000,69.245,69.245,69.155,69.16,3081
1753893600,69.17,69.17,69.14,69.14,4620
1753894200,69.14,69.21,69.13,69.16,4042
1753894800,69.155,69.17,69.085,69.11,11133
1753895400,69.11,69.14,69.09,69.12,5159
1753896000,69.12,69.14,69.1,69.14,5207
1753896600,69.14,69.17,69.12,69.17,5022
1753897200,69.17,69.215,69.16,69.215,13356
1753897800,69.22,69.26,69.21,69.21,5202
1753898400,69.22,69.28,69.215,69.27,6902
1753899000,69.26,69.26,69.165,69.19,11126
1753899600,69.185,69.275,69.16,69.26,14586
1753900200,69.26,69.33,69.24,69.24,19480
1753900800,69.23,69.24,69.15,69.17,14251
1753901400,69.16,69.16,69.04,69.1,19216
1753902000,69.1,69.13,68.95,69,25361
1753902600,69.01,69.01,68.81,68.87,21976
1753903200,68.88,68.88,68.67,68.69,71574
1753903800,68.7,68.71,68.58,68.61,34166
1753904400,68.615,68.705,68.525,68.67,53134
1753905000,68.68,68.77,68.615,68.76,97797
1753968600,68.16,68.4,67.93,68.04,97139
1753969200,68.03,68.1,68.01,68.09,25096
1753969800,68.09,68.28,68.05,68.24,18135
1753970400,68.23,68.26,68.06,68.06,31794
1753971000,68.06,68.15,68.04,68.11,16438
1753971600,68.11,68.245,68.065,68.24,13328
1753972200,68.25,68.335,68.21,68.28,22227
1753972800,68.275,68.4,68.275,68.345,16228
1753973400,68.355,68.425,68.27,68.34,23796
1753974000,68.33,68.37,68.27,68.28,19478
1753974600,68.27,68.27,68.17,68.18,21815
1753975200,68.17,68.195,68.135,68.155,12834
1753975800,68.15,68.25,68.15,68.24,11889
1753976400,68.24,68.335,68.24,68.335,15336
1753977000,68.335,68.415,68.3,68.405,71671
1753977600,68.41,68.52,68.405,68.49,11784
1753978200,68.48,68.495,68.465,68.48,14640
1753978800,68.485,68.485,68.42,68.465,12496
1753979400,68.46,68.54,68.41,68.535,17136
1753980000,68.53,68.62,68.52,68.62,15690
1753980600,68.625,68.65,68.6,68.6,20716
1753981200,68.595,68.6,68.485,68.485,11815
1753981800,68.485,68.53,68.46,68.46,11966
1753982400,68.45,68.46,68.35,68.4,17829
1753983000,68.39,68.39,68.31,68.36,23294
1753983600,68.37,68.37,68.24,68.265,20691
1753984200,68.25,68.365,68.245,68.325,8456
1753984800,68.33,68.33,68.235,68.25,12286
1753985400,68.26,68.32,68.21,68.31,12492
1753986000,68.31,68.41,68.305,68.39,14918
1753986600,68.4,68.42,68.31,68.31,22206
1753987200,68.3,68.32,68.22,68.31,17643
1753987800,68.31,68.33,68.26,68.28,18330
1753988400,68.27,68.28,68.14,68.23,15508
1753989000,68.23,68.25,68.125,68.145,23072
1753989600,68.14,68.18,68.025,68.055,75376
1753990200,68.06,68.11,68,68.035,39595
1753990800,68.04,68.105,67.95,67.955,57093
1753991400,67.955,67.99,67.75,67.92,128444
1754055000,68.595,68.92,68.47,68.64,162852
1754055600,68.63,68.85,68.58,68.84,58189
1754056200,68.83,68.83,68.6,68.61,54729
1754056800,68.61,68.63,68.305,68.41,56101
1754057400,68.42,68.48,68.27,68.48,46960
1754058000,68.48,68.57,68.44,68.55,30819
1754058600,68.54,68.595,68.42,68.57,29237
1754059200,68.58,68.625,68.51,68.53,20877
1754059800,68.53,68.66,68.5,68.61,14049
1754060400,68.62,68.73,68.565,68.73,15516
1754061000,68.72,68.865,68.72,68.845,30576
1754061600,68.85,68.89,68.765,68.89,21068
1754062200,68.895,68.935,68.735,68.79,31292
1754062800,68.8,68.83,68.75,68.765,13867
1754063400,68.775,68.815,68.74,68.775,12141
1754064000,68.785,68.84,68.74,68.79,14079
1754064600,68.8,68.98,68.8,68.93,22086
1754065200,68.92,68.94,68.84,68.84,13824
1754065800,68.85,68.945,68.83,68.93,37026
1754066400,68.93,68.97,68.91,68.93,15818
1754067000,68.93,68.975,68.89,68.9,10874
1754067600,68.9,68.92,68.74,68.74,15540
1754068200,68.74,68.84,68.74,68.81,12928
1754068800,68.81,68.97,68.81,68.92,15381
1754069400,68.92,68.94,68.84,68.88,14435
1754070000,68.88,68.885,68.78,68.885,17424
1754070600,68.89,69.005,68.89,68.94,33679
1754071200,68.94,68.94,68.86,68.91,19130
1754071800,68.9,68.995,68.895,68.9,17162
1754072400,68.905,68.95,68.87,68.9,7325
1754073000,68.9,68.98,68.9,68.94,9076
1754073600,68.94,69.04,68.91,69.04,17305
1754074200,69.04,69.04,68.935,68.965,21774
1754074800,68.965,68.98,68.855,68.89,20655
1754075400,68.88,68.9,68.84,68.88,15667
1754076000,68.88,68.88,68.805,68.83,30706
1754076600,68.825,68.93,68.77,68.93,24653
1754077200,68.925,68.995,68.905,68.97,56695
1754077800,68.975,69.01,68.83,68.87,125336
1754314200,68.72,68.86,68.49,68.5,44170
1754314800,68.49,68.57,68.4,68.43,26125
1754315400,68.42,68.55,68.31,68.55,21039
1754316000,68.55,68.645,68.52,68.56,21617
1754316600,68.55,68.565,68.45,68.5,14024
1754317200,68.5,68.615,68.49,68.59,15448
1754317800,68.585,68.595,68.43,68.45,19731
1754318400,68.45,68.655,68.43,68.61,16241
1754319000,68.615,68.675,68.57,68.585,13735
1754319600,68.58,68.7,68.58,68.69,7942
1754320200,68.69,68.735,68.68,68.7,8333
1754320800,68.7,68.7,68.575,68.575,12249
1754321400,68.57,68.61,68.555,68.59,8871
1754322000,68.585,68.645,68.565,68.635,8554
1754322600,68.635,68.82,68.625,68.81,11053
1754323200,68.8,68.835,68.705,68.735,15872
1754323800,68.73,68.76,68.695,68.75,4382
1754324400,68.75,68.75,68.705,68.715,5979
1754325000,68.72,68.775,68.72,68.77,4505
1754325600,68.77,68.835,68.75,68.81,4585
1754326200,68.82,68.845,68.77,68.79,5627
1754326800,68.785,68.8,68.74,68.78,7709
1754327400,68.775,68.85,68.775,68.82,6242
1754328000,68.81,68.83,68.755,68.755,9955
1754328600,68.755,68.78,68.75,68.78,6284
1754329200,68.78,68.815,68.755,68.8,11357
1754329800,68.8,68.8,68.755,68.775,8973
1754330400,68.78,68.82,68.77,68.82,13247
1754331000,68.815,68.9,68.81,68.89,12268
1754331600,68.89,68.91,68.84,68.86,21807
1754332200,68.855,68.935,68.855,68.885,6471
1754332800,68.885,68.965,68.885,68.945,13134
1754333400,68.945,68.96,68.9,68.95,15507
1754334000,68.95,68.995,68.93,68.945,11926
1754334600,68.95,69.055,68.95,69.05,16971
1754335200,69.05,69.085,68.96,68.98,15432
1754335800,68.985,69.045,68.985,69.02,13654
1754336400,69.02,69.04,68.97,68.995,23940
1754337000,68.99,69.025,68.91,68.96,117165
1754400600,68.985,69.16,68.96,69.02,33247
1754401200,69.04,69.15,68.86,68.86,17359
1754401800,68.85,68.94,68.78,68.79,18927
1754402400,68.78,68.91,68.75,68.88,26106
1754403000,68.87,68.945,68.81,68.945,11562
1754403600,68.945,69.195,68.94,69.19,32436
1754404200,69.19,69.36,69.14,69.31,51569
1754404800,69.31,69.48,69.305,69.455,55939
1754405400,69.45,69.45,69.11,69.12,17577
1754406000,69.11,69.13,68.905,68.945,12792
1754406600,68.95,69.04,68.9,68.975,31974
1754407200,68.97,69.12,68.97,69.085,21887
1754407800,69.09,69.18,69.09,69.18,13607
1754408400,69.175,69.22,69.13,69.15,12260
1754409000,69.15,69.155,69.1,69.12,5177
1754409600,69.12,69.15,69.035,69.06,11568
1754410200,69.06,69.08,68.97,68.97,19723
1754410800,68.96,68.97,68.91,68.93,9978
1754411400,68.93,68.98,68.92,68.965,8687
1754412000,68.96,69,68.93,69,8181
1754412600,69,69.105,69,69.1,9424
1754413200,69.1,69.14,69.08,69.14,9694
1754413800,69.15,69.215,69.13,69.2,7615
1754414400,69.19,69.195,69.12,69.15,5121
1754415000,69.145,69.22,69.14,69.21,6603
1754415600,69.21,69.21,69.11,69.145,9681
1754416200,69.145,69.165,69.1,69.11,7391
1754416800,69.1,69.14,69.06,69.06,9367
1754417400,69.06,69.08,69.01,69.04,8943
1754418000,69.04,69.08,69.035,69.08,9854
1754418600,69.075,69.09,69.025,69.05,14248
1754419200,69.045,69.125,69.04,69.125,8283
1754419800,69.12,69.13,69.03,69.06,13398
1754420400,69.045,69.18,69.045,69.175,12979
1754421000,69.175,69.25,69.17,69.2,12778
1754421600,69.21,69.21,69.095,69.11,16378
1754422200,69.1,69.105,69.04,69.045,17287
1754422800,69.045,69.05,68.98,68.99,32478
1754423400,68.98,69.05,68.975,69.04,109858
1754487000,69.09,69.2,68.64,68.76,30720
1754487600,68.75,69.09,68.75,69.09,20703
1754488200,69.1,69.11,68.99,68.995,11561
1754488800,68.98,69.13,68.96,69.11,11687
1754489400,69.11,69.18,69.09,69.18,13798
1754490000,69.18,69.28,69.18,69.23,14546
1754490600,69.22,69.455,69.21,69.42,22007
1754491200,69.41,69.47,69.4,69.45,14570
1754491800,69.46,69.475,69.37,69.39,15426
1754492400,69.385,69.45,69.355,69.4,8006
1754493000,69.4,69.405,69.28,69.315,7074
1754493600,69.32,69.41,69.29,69.4,10289
1754494200,69.405,69.45,69.345,69.36,8190
1754494800,69.35,69.395,69.32,69.345,5315
1754495400,69.355,69.47,69.325,69.46,15638
1754496000,69.46,69.465,69.4,69.46,5208
1754496600,69.46,69.53,69.45,69.505,17343
1754497200,69.505,69.525,69.455,69.52,6121
1754497800,69.52,69.66,69.52,69.63,17360
1754498400,69.63,69.695,69.61,69.61,7780
1754499000,69.61,69.62,69.51,69.54,8046
1754499600,69.53,69.595,69.525,69.565,7736
1754500200,69.57,69.6,69.505,69.515,6453
1754500800,69.515,69.565,69.42,69.55,13890
1754501400,69.545,69.625,69.54,69.615,7477
1754502000,69.61,69.65,69.58,69.615,11144
1754502600,69.62,69.62,69.57,69.58,8635
1754503200,69.585,69.67,69.58,69.67,11358
1754503800,69.665,69.73,69.66,69.72,29694
1754504400,69.71,69.76,69.69,69.745,18060
1754505000,69.74,69.75,69.635,69.64,14371
1754505600,69.635,69.68,69.59,69.605,14122
1754506200,69.61,69.685,69.61,69.665,13268
1754506800,69.66,69.695,69.635,69.66,12001
1754507400,69.66,69.71,69.66,69.67,21052
1754508000,69.67,69.72,69.655,69.7,15889
1754508600,69.71,69.8,69.71,69.725,33072
1754509200,69.725,69.77,69.615,69.625,40737
1754509800,69.62,69.66,69.485,69.53,125932
1754573400,69.4,69.93,69.33,69.85,63598
1754574000,69.885,69.89,69.7,69.75,17844
1754574600,69.77,69.94,69.72,69.89,17822
1754575200,69.9,70.29,69.9,70.2,64598
1754575800,70.2,70.21,69.965,70.065,67872
1754576400,70.07,70.18,70.04,70.085,31277
1754577000,70.09,70.21,70.015,70.04,47302
1754577600,70.04,70.08,69.92,69.94,33951
1754578200,69.95,70.05,69.91,70.02,25616
1754578800,70.015,70.08,69.96,70.005,11178
1754579400,70,70.045,69.955,69.955,11986
1754580000,69.96,69.985,69.87,69.88,13274
1754580600,69.88,69.98,69.88,69.93,11535
1754581200,69.94,69.985,69.92,69.96,5316
1754581800,69.955,70.07,69.955,70.04,13111
1754582400,70.05,70.14,70.035,70.115,21372
1754583000,70.12,70.26,70.12,70.26,18899
1754583600,70.25,70.32,70.2,70.205,49330
1754584200,70.2,70.23,70.16,70.23,8014
1754584800,70.23,70.405,70.2,70.4,23008
1754585400,70.41,70.46,70.37,70.39,21604
1754586000,70.39,70.43,70.32,70.37,26965
1754586600,70.37,70.41,70.28,70.33,15018
1754587200,70.34,70.445,70.31,70.44,20385
1754587800,70.44,70.55,70.43,70.525,42825
1754588400,70.53,70.535,70.46,70.51,18402
1754589000,70.51,70.56,70.485,70.485,19126
1754589600,70.485,70.515,70.47,70.515,16795
1754590200,70.52,70.615,70.505,70.595,20448
1754590800,70.6,70.62,70.55,70.59,14974
1754591400,70.59,70.69,70.575,70.685,17303
1754592000,70.69,70.715,70.6,70.605,28046
1754592600,70.605,70.615,70.47,70.5,21048
1754593200,70.495,70.54,70.445,70.445,17269
1754593800,70.43,70.43,70.28,70.305,22647
1754594400,70.315,70.365,70.3,70.34,14761
1754595000,70.35,70.43,70.345,70.405,16726
1754595600,70.41,70.54,70.38,70.49,38598
1754596200,70.5,70.61,70.39,70.47,120898
1754659800,70.44,70.85,70.31,70.63,50396
1754660400,70.62,70.76,70.6,70.76,17460
1754661000,70.78,70.825,70.715,70.755,24361
1754661600,70.76,70.85,70.76,70.79,19089
1754662200,70.795,70.795,70.645,70.68,25999
1754662800,70.68,70.775,70.68,70.72,15708
1754663400,70.725,70.82,70.725,70.73,13004
1754664000,70.725,70.79,70.675,70.71,11946
1754664600,70.705,70.72,70.67,70.675,12074
1754665200,70.68,70.68,70.52,70.55,13670
1754665800,70.54,70.575,70.47,70.48,10229
1754666400,70.48,70.51,70.435,70.45,11798
1754667000,70.445,70.455,70.37,70.385,18000
1754667600,70.385,70.43,70.32,70.36,11772
1754668200,70.355,70.405,70.315,70.385,12802
1754668800,70.385,70.39,70.325,70.335,12197
1754669400,70.33,70.48,70.31,70.44,10422
1754670000,70.44,70.51,70.43,70.47,7332
1754670600,70.47,70.485,70.375,70.375,8826
1754671200,70.375,70.43,70.345,70.35,10302
1754671800,70.345,70.35,70.305,70.32,10529
1754672400,70.315,70.315,70.255,70.265,8459
1754673000,70.265,70.345,70.265,70.345,8416
1754673600,70.345,70.39,70.33,70.335,8237
1754674200,70.34,70.34,70.265,70.28,4919
1754674800,70.28,70.32,70.275,70.295,6618
1754675400,70.3,70.325,70.29,70.3,4720
1754676000,70.3,70.305,70.21,70.22,7913
1754676600,70.22,70.31,70.22,70.305,3569
1754677200,70.305,70.38,70.295,70.365,5956
1754677800,70.365,70.42,70.355,70.415,4576
1754678400,70.415,70.415,70.29,70.3,10346
1754679000,70.3,70.3,70.23,70.26,7262
1754679600,70.255,70.285,70.25,70.265,7564
1754680200,70.26,70.31,70.25,70.295,10956
1754680800,70.29,70.325,70.265,70.31,14140
1754681400,70.3,70.3,70.24,70.245,15205
1754682000,70.25,70.25,70.08,70.095,33167
1754682600,70.1,70.355,70.095,70.335,80015
1754919000,70.25,70.4,70.13,70.27,29846
1754919600,70.27,70.27,70.08,70.08,23155
1754920200,70.07,70.2,70.05,70.18,25622
1754920800,70.185,70.46,70.18,70.43,34326
1754921400,70.43,70.48,70.295,70.3,27761
1754922000,70.305,70.36,70.2,70.22,17188
1754922600,70.22,70.27,70.175,70.175,20983
1754923200,70.17,70.17,70.05,70.13,20195
1754923800,70.13,70.13,69.965,70.065,22246
1754924400,70.06,70.19,70.03,70.14,22641
1754925000,70.13,70.21,70.1,70.2,11449
1754925600,70.2,70.27,70.18,70.23,14038
1754926200,70.23,70.24,70.19,70.23,11753
1754926800,70.235,70.34,70.225,70.31,6543
1754927400,70.31,70.39,70.31,70.35,4312
1754928000,70.36,70.43,70.36,70.43,9338
1754928600,70.435,70.445,70.365,70.435,8969
1754929200,70.43,70.45,70.38,70.385,9111
1754929800,70.38,70.41,70.34,70.34,9326
1754930400,70.35,70.41,70.35,70.38,3523
1754931000,70.375,70.42,70.365,70.39,11596
1754931600,70.39,70.39,70.27,70.275,8815
1754932200,70.28,70.3,70.245,70.27,19298
1754932800,70.26,70.365,70.255,70.36,8585
1754933400,70.37,70.4,70.36,70.365,7928
1754934000,70.36,70.43,70.355,70.43,9371
1754934600,70.44,70.505,70.44,70.495,19902
1754935200,70.5,70.645,70.5,70.58,12642
1754935800,70.58,70.625,70.565,70.625,22820
1754936400,70.625,70.705,70.62,70.685,13835
1754937000,70.69,70.715,70.64,70.69,11453
1754937600,70.69,70.72,70.675,70.72,11440
1754938200,70.73,70.8,70.725,70.79,12349
1754938800,70.785,70.8,70.76,70.79,13171
1754939400,70.785,70.795,70.75,70.775,13619
1754940000,70.775,70.845,70.76,70.775,20483
1754940600,70.775,70.805,70.745,70.745,20397
1754941200,70.74,70.85,70.74,70.825,39939
1754941800,70.83,70.84,70.695,70.78,177616
1755005400,70.815,71.05,70.73,70.82,29439
1755006000,70.81,70.81,70.585,70.65,20263
1755006600,70.64,70.72,70.575,70.72,9557
1755007200,70.705,70.81,70.63,70.64,25659
1755007800,70.64,70.64,70.44,70.45,12636
1755008400,70.455,70.54,70.4,70.47,10347
1755009000,70.46,70.465,70.405,70.405,17839
1755009600,70.405,70.615,70.4,70.6,10377
1755010200,70.595,70.635,70.55,70.59,9683
1755010800,70.595,70.645,70.545,70.58,11533
1755011400,70.56,70.565,70.335,70.35,11901
1755012000,70.35,70.365,70.29,70.34,26671
1755012600,70.36,70.38,70.24,70.295,17327
1755013200,70.29,70.375,70.22,70.365,10172
1755013800,70.36,70.455,70.35,70.44,10053
1755014400,70.44,70.545,70.44,70.515,11454
1755015000,70.51,70.54,70.47,70.5,6063
1755015600,70.49,70.56,70.45,70.535,17505
1755016200,70.54,70.59,70.53,70.53,6258
1755016800,70.53,70.595,70.53,70.54,5030
1755017400,70.54,70.54,70.45,70.49,12166
1755018000,70.5,70.55,70.47,70.52,11465
1755018600,70.525,70.615,70.525,70.59,9872
1755019200,70.585,70.645,70.575,70.645,13772
1755019800,70.645,70.66,70.64,70.66,7136
1755020400,70.665,70.68,70.65,70.675,6353
1755021000,70.67,70.73,70.66,70.69,13260
1755021600,70.69,70.76,70.68,70.755,21676
1755022200,70.75,70.75,70.68,70.71,22619
1755022800,70.72,70.73,70.62,70.63,9007
1755023400,70.63,70.63,70.55,70.55,6640
1755024000,70.56,70.645,70.56,70.63,6791
1755024600,70.63,70.65,70.59,70.6,14628
1755025200,70.605,70.615,70.56,70.6,8495
1755025800,70.6,70.615,70.565,70.615,12351
1755026400,70.615,70.625,70.56,70.575,6045
1755027000,70.58,70.63,70.58,70.625,9351
1755027600,70.62,70.635,70.545,70.545,65565
1755028200,70.54,70.755,70.535,70.74,125186
1755091800,70.7,70.78,70.39,70.39,22406
1755092400,70.38,70.62,70.25,70.62,16207
1755093000,70.615,70.625,70.43,70.56,17977
1755093600,70.555,70.625,70.52,70.6,19413
1755094200,70.6,70.63,70.41,70.41,12637
1755094800,70.4,70.405,70.235,70.325,45890
1755095400,70.32,70.325,70.25,70.27,19050
1755096000,70.28,70.375,70.23,70.36,21686
1755096600,70.355,70.41,70.3,70.335,15761
1755097200,70.34,70.515,70.335,70.505,10261
1755097800,70.51,70.665,70.51,70.6,12456
1755098400,70.61,70.63,70.54,70.58,10395
1755099000,70.59,70.695,70.58,70.675,10831
1755099600,70.67,70.725,70.655,70.655,3586
1755100200,70.66,70.67,70.525,70.53,10786
1755100800,70.52,70.57,70.49,70.56,12046
1755101400,70.56,70.62,70.555,70.58,7923
1755102000,70.57,70.64,70.52,70.555,10438
1755102600,70.555,70.6,70.545,70.57,6400
1755103200,70.58,70.605,70.55,70.59,4977
1755103800,70.59,70.635,70.575,70.575,6621
1755104400,70.575,70.575,70.49,70.49,7223
1755105000,70.48,70.51,70.435,70.455,9801
1755105600,70.45,70.49,70.385,70.405,10602
1755106200,70.395,70.41,70.345,70.38,6279
1755106800,70.38,70.47,70.375,70.47,5075
1755107400,70.48,70.51,70.38,70.38,6627
1755108000,70.38,70.46,70.365,70.46,8833
1755108600,70.465,70.49,70.39,70.39,4554
1755109200,70.4,70.465,70.39,70.435,4013
1755109800,70.44,70.515,70.42,70.43,15853
1755110400,70.42,70.42,70.37,70.39,5521
1755111000,70.39,70.395,70.33,70.335,6168
1755111600,70.34,70.39,70.32,70.32,10530
1755112200,70.32,70.37,70.3,70.35,27532
1755112800,70.35,70.44,70.35,70.43,11194
1755113400,70.43,70.49,70.415,70.49,24929
1755114000,70.485,70.52,70.475,70.485,17974
1755114600,70.48,70.52,70.44,70.47,95871
1755178200,70.37,70.43,70.07,70.19,22102
1755178800,70.18,70.2,69.88,69.97,27916
1755179400,69.975,70.01,69.93,69.99,12758
1755180000,69.98,70.075,69.93,70.055,21293
1755180600,70.055,70.065,69.955,70.01,60112
1755181200,70.01,70.02,69.77,69.815,28403
1755181800,69.82,69.845,69.695,69.72,39309
1755182400,69.72,69.815,69.7,69.815,36104
1755183000,69.81,69.87,69.785,69.845,10892
1755183600,69.845,69.845,69.765,69.81,13215
1755184200,69.81,69.83,69.76,69.765,6762
1755184800,69.765,69.835,69.755,69.79,5703
1755185400,69.78,69.78,69.645,69.68,28084
1755186000,69.67,69.785,69.67,69.69,13853
1755186600,69.69,69.75,69.675,69.74,7884
1755187200,69.73,69.73,69.625,69.64,11640
1755187800,69.645,69.685,69.59,69.6,16555
1755188400,69.6,69.65,69.55,69.63,28300
1755189000,69.62,69.635,69.57,69.59,10201
1755189600,69.59,69.66,69.575,69.655,9374
1755190200,69.65,69.71,69.64,69.67,14723
1755190800,69.66,69.695,69.645,69.685,6439
1755191400,69.685,69.705,69.635,69.65,8237
1755192000,69.66,69.675,69.645,69.665,5222
1755192600,69.66,69.67,69.61,69.63,5737
1755193200,69.63,69.68,69.595,69.67,10206
1755193800,69.67,69.67,69.53,69.55,14340
1755194400,69.555,69.56,69.5,69.52,16843
1755195000,69.53,69.535,69.485,69.525,20272
1755195600,69.53,69.57,69.51,69.525,13197
1755196200,69.53,69.535,69.485,69.51,12797
1755196800,69.52,69.57,69.515,69.55,12726
1755197400,69.55,69.555,69.455,69.48,25368
1755198000,69.48,69.515,69.46,69.515,14779
1755198600,69.51,69.635,69.49,69.615,28068
1755199200,69.61,69.665,69.58,69.63,35689
1755199800,69.62,69.63,69.55,69.58,33899
1755200400,69.58,69.585,69.485,69.5,69233
1755201000,69.49,69.585,69.39,69.52,148721
1755264600,69.7,69.79,69.585,69.78,20925
1755265200,69.78,69.96,69.76,69.94,29557
1755265800,69.95,70.075,69.84,69.86,43534
1755266400,69.84,69.89,69.645,69.645,22197
1755267000,69.64,69.7,69.57,69.57,19393
1755267600,69.575,69.735,69.575,69.695,7089
1755268200,69.69,69.81,69.69,69.8,10545
1755268800,69.79,69.99,69.785,69.98,19569
1755269400,69.97,70.005,69.865,69.87,20136
1755270000,69.86,69.95,69.835,69.93,13473
1755270600,69.92,69.945,69.875,69.89,10921
1755271200,69.88,69.89,69.735,69.74,9400
1755271800,69.745,69.93,69.745,69.92,10180
1755272400,69.925,69.96,69.88,69.93,7416
1755273000,69.92,69.92,69.835,69.855,10935
1755273600,69.855,69.88,69.82,69.82,9320
1755274200,69.82,69.84,69.82,69.83,5276
1755274800,69.82,69.855,69.8,69.82,6568
1755275400,69.815,69.97,69.815,69.96,15786
1755276000,69.95,70,69.91,69.92,13319
1755276600,69.92,69.94,69.88,69.935,11654
1755277200,69.935,69.95,69.91,69.95,13150
1755277800,69.955,70.045,69.93,70.035,27719
1755278400,70.035,70.055,70,70.015,11727
1755279000,70.01,70.01,69.93,69.95,6181
1755279600,69.955,70.06,69.945,70.055,9895
1755280200,70.06,70.145,70.06,70.145,16156
1755280800,70.145,70.265,70.125,70.265,19428
1755281400,70.26,70.33,70.245,70.255,14194
1755282000,70.26,70.295,70.23,70.29,13685
1755282600,70.275,70.3,70.175,70.175,6948
1755283200,70.175,70.28,70.175,70.27,16156
1755283800,70.28,70.37,70.27,70.355,17366
1755284400,70.355,70.385,70.24,70.265,19145
1755285000,70.26,70.265,70.165,70.165,18340
1755285600,70.165,70.165,70.11,70.12,13533
1755286200,70.11,70.155,70.1,70.1,13766
1755286800,70.1,70.14,70.05,70.055,30019
1755287400,70.05,70.05,69.895,69.94,187919
1755523800,69.89,70.04,69.68,69.695,44301
1755524400,69.73,69.925,69.695,69.835,21909
1755525000,69.85,69.905,69.84,69.905,16226
1755525600,69.9,69.93,69.73,69.925,52649
1755526200,69.93,69.97,69.89,69.9,26099
1755526800,69.9,69.9,69.69,69.71,34693
1755527400,69.715,69.79,69.71,69.75,19040
1755528000,69.75,69.76,69.63,69.63,28544
1755528600,69.625,69.67,69.565,69.62,26406
1755529200,69.615,69.675,69.585,69.6,17813
1755529800,69.61,69.635,69.555,69.6,18984
1755530400,69.6,69.625,69.54,69.545,19287
1755531000,69.54,69.58,69.51,69.58,7128
1755531600,69.585,69.605,69.54,69.56,8958
1755532200,69.565,69.57,69.48,69.505,19247
1755532800,69.5,69.535,69.445,69.455,14851
1755533400,69.455,69.495,69.4,69.405,14789
1755534000,69.41,69.415,69.335,69.355,26990
1755534600,69.355,69.37,69.27,69.3,21971
1755535200,69.305,69.365,69.29,69.355,13722
1755535800,69.355,69.43,69.355,69.415,9882
1755536400,69.42,69.465,69.35,69.365,12026
1755537000,69.38,69.39,69.32,69.32,7456
1755537600,69.315,69.34,69.285,69.335,11072
1755538200,69.34,69.365,69.23,69.235,17536
1755538800,69.23,69.275,69.225,69.255,8555
1755539400,69.255,69.255,69.18,69.185,11838
1755540000,69.18,69.215,69.14,69.195,17476
1755540600,69.2,69.215,69.145,69.17,7312
1755541200,69.165,69.17,69.07,69.07,12167
1755541800,69.065,69.135,69.05,69.135,13913
1755542400,69.135,69.185,69.12,69.13,13350
1755543000,69.135,69.14,69.09,69.095,19429
1755543600,69.09,69.105,69.06,69.095,8467
1755544200,69.1,69.16,69.09,69.135,14203
1755544800,69.135,69.16,69.125,69.135,15709
1755545400,69.14,69.26,69.14,69.21,28880
1755546000,69.215,69.24,69.185,69.195,43855
1755546600,69.2,69.29,69.13,69.145,134252
1755610200,69.32,69.49,69.25,69.485,35710
1755610800,69.49,69.78,69.485,69.77,53965
1755611400,69.78,69.785,69.55,69.59,21999
1755612000,69.59,69.7,69.525,69.555,12603
1755612600,69.54,69.675,69.54,69.66,10392
1755613200,69.665,69.835,69.635,69.83,16478
1755613800,69.83,69.91,69.8,69.89,38337
1755614400,69.88,69.97,69.81,69.865,15569
1755615000,69.86,69.86,69.785,69.84,14848
1755615600,69.84,69.85,69.77,69.83,10248
1755616200,69.825,69.865,69.745,69.76,10124
1755616800,69.75,69.76,69.715,69.74,6615
1755617400,69.74,69.84,69.725,69.81,9198
1755618000,69.815,69.84,69.665,69.665,4844
1755618600,69.665,69.75,69.665,69.715,5718
1755619200,69.72,69.785,69.705,69.785,5591
1755619800,69.78,69.9,69.775,69.82,11286
1755620400,69.84,69.9,69.84,69.875,5826
1755621000,69.875,69.945,69.845,69.94,7413
1755621600,69.94,70.09,69.94,70.07,38853
1755622200,70.08,70.125,70.055,70.125,29816
1755622800,70.125,70.175,70.07,70.155,18060
1755623400,70.15,70.18,70.13,70.165,15489
1755624000,70.165,70.2,70.065,70.065,13189
1755624600,70.06,70.06,69.93,69.95,6997
1755625200,69.955,70.05,69.935,70.05,7657
1755625800,70.06,70.08,69.985,69.985,3693
1755626400,69.975,70.03,69.975,69.995,4798
1755627000,69.99,69.99,69.915,69.95,6503
1755627600,69.945,70.01,69.935,69.985,8091
1755628200,69.985,70.03,69.975,70.02,9772
1755628800,70.02,70.085,70.01,70.075,12975
1755629400,70.075,70.125,70.06,70.07,15758
1755630000,70.065,70.21,70.065,70.2,118370
1755630600,70.21,70.22,70.105,70.13,18436
1755631200,70.13,70.13,70.035,70.06,16279
1755631800,70.06,70.06,69.99,70.01,19574
1755632400,70,70.11,70,70.075,26091
1755633000,70.07,70.165,70.065,70.14,136675
1755696600,70.61,71.06,70.55,71.04,187024
1755697200,71.03,71.48,70.97,71.46,82392
1755697800,71.46,71.705,71.38,71.38,96549
1755698400,71.4,71.41,71.16,71.19,81536
1755699000,71.185,71.435,71.16,71.22,90639
1755699600,71.215,71.235,70.875,71.03,57076
1755700200,71.05,71.07,70.92,71.07,36070
1755700800,71.07,71.185,71.03,71.085,26930
1755701400,71.09,71.12,71.01,71.04,23289
1755702000,71.03,71.05,70.96,70.97,12067
1755702600,70.975,70.98,70.77,70.77,9957
1755703200,70.765,70.77,70.59,70.66,37905
1755703800,70.65,70.785,70.65,70.78,13532
1755704400,70.775,70.8,70.71,70.74,13357
1755705000,70.74,70.945,70.73,70.925,13694
1755705600,70.935,70.955,70.8,70.85,15441
1755706200,70.86,70.93,70.85,70.895,11344
1755706800,70.9,70.94,70.81,70.82,11674
1755707400,70.825,70.85,70.79,70.83,9356
1755708000,70.83,70.845,70.8,70.81,10749
1755708600,70.81,70.86,70.715,70.855,13578
1755709200,70.86,70.88,70.78,70.78,8478
1755709800,70.77,70.77,70.7,70.74,8155
1755710400,70.74,70.78,70.62,70.645,6950
1755711000,70.65,70.67,70.41,70.43,21760
1755711600,70.43,70.59,70.43,70.57,19405
1755712200,70.56,70.665,70.555,70.65,12039
1755712800,70.65,70.69,70.625,70.65,15216
1755713400,70.65,70.68,70.59,70.67,10605
1755714000,70.66,70.69,70.615,70.68,11279
1755714600,70.68,70.78,70.68,70.74,17970
1755715200,70.745,70.75,70.685,70.72,11929
1755715800,70.715,70.76,70.715,70.735,10170
1755716400,70.745,70.765,70.73,70.73,15136
1755717000,70.73,70.755,70.665,70.68,13310
1755717600,70.69,70.705,70.65,70.65,22216
1755718200,70.65,70.78,70.65,70.77,23185
1755718800,70.765,70.83,70.755,70.79,33542
1755719400,70.79,70.82,70.63,70.685,135128
1755783000,70.5,70.66,70.35,70.63,35388
1755783600,70.65,70.9,70.65,70.89,22950
1755784200,70.87,70.895,70.69,70.8,26370
1755784800,70.83,70.88,70.725,70.79,13989
1755785400,70.78,70.84,70.74,70.78,7286
1755786000,70.78,70.78,70.6,70.65,9415
1755786600,70.645,70.735,70.59,70.59,9647
1755787200,70.59,70.62,70.54,70.54,15456
1755787800,70.54,70.65,70.49,70.65,9516
1755788400,70.64,70.64,70.55,70.58,4886
1755789000,70.58,70.62,70.53,70.57,10249
1755789600,70.58,70.63,70.56,70.6,8181
1755790200,70.6,70.62,70.53,70.58,13140
1755790800,70.59,70.625,70.565,70.575,8268
1755791400,70.575,70.61,70.46,70.48,9920
1755792000,70.48,70.555,70.47,70.555,4163
1755792600,70.55,70.565,70.5,70.5,8840
1755793200,70.5,70.55,70.48,70.55,5699
1755793800,70.535,70.55,70.465,70.49,7076
1755794400,70.49,70.55,70.48,70.525,3297
1755795000,70.53,70.59,70.52,70.57,5161
1755795600,70.56,70.585,70.545,70.56,5527
1755796200,70.56,70.59,70.53,70.58,8373
1755796800,70.575,70.595,70.505,70.53,4167
1755797400,70.53,70.56,70.51,70.525,5451
1755798000,70.53,70.62,70.53,70.6,8947
1755798600,70.6,70.605,70.57,70.585,4105
1755799200,70.58,70.59,70.53,70.58,6370
1755799800,70.585,70.645,70.575,70.63,8906
1755800400,70.635,70.645,70.56,70.56,5971
1755801000,70.57,70.655,70.56,70.65,8645
1755801600,70.65,70.655,70.6,70.62,6549
1755802200,70.625,70.66,70.62,70.63,5132
1755802800,70.63,70.64,70.62,70.635,8396
1755803400,70.635,70.66,70.635,70.645,7981
1755804000,70.65,70.66,70.605,70.63,11000
1755804600,70.625,70.63,70.585,70.585,11790
1755805200,70.58,70.62,70.57,70.585,25977
1755805800,70.59,70.66,70.57,70.635,52352
1755869400,70.92,71.01,70.78,70.81,25556
1755870000,70.81,70.94,70.81,70.9,7689
1755870600,70.89,70.95,70.83,70.87,12318
1755871200,70.88,70.97,70.24,70.29,73972
1755871800,70.29,70.45,70.21,70.45,19703
1755872400,70.46,70.63,70.39,70.39,12557
1755873000,70.41,70.44,70.12,70.13,25924
1755873600,70.14,70.14,69.96,70.06,29583
1755874200,70.06,70.11,69.97,70.06,21960
1755874800,70.08,70.09,69.93,70.04,26664
1755875400,70.015,70.11,70.005,70.05,20591
1755876000,70.045,70.23,70.045,70.215,25092
1755876600,70.215,70.25,70.13,70.18,11776
1755877200,70.18,70.18,70.025,70.07,11000
1755877800,70.085,70.14,70.055,70.13,17113
1755878400,70.125,70.25,70.06,70.24,10527
1755879000,70.24,70.26,70.155,70.2,48491
1755879600,70.2,70.25,70.145,70.17,13016
1755880200,70.16,70.265,70.155,70.19,16576
1755880800,70.19,70.26,70.155,70.24,20882
1755881400,70.24,70.25,70.17,70.195,11772
1755882000,70.2,70.3,70.185,70.2,6875
1755882600,70.21,70.23,70.125,70.125,10543
1755883200,70.125,70.23,70.115,70.145,4969
1755883800,70.15,70.2,70.105,70.2,8377
1755884400,70.2,70.205,70.15,70.15,4704
1755885000,70.13,70.22,70.12,70.21,10474
1755885600,70.205,70.21,70.16,70.18,8303
1755886200,70.175,70.21,70.15,70.165,9180
1755886800,70.17,70.21,70.17,70.19,9979
1755887400,70.2,70.265,70.18,70.18,11038
1755888000,70.18,70.18,70.105,70.145,6431
1755888600,70.15,70.185,70.13,70.15,10303
1755889200,70.155,70.18,70.04,70.04,15652
1755889800,70.03,70.05,69.995,70.05,20601
1755890400,70.06,70.08,69.995,70.005,14413
1755891000,70.005,70.12,70.005,70.08,15273
1755891600,70.085,70.135,70.06,70.06,29453
1755892200,70.08,70.19,70.065,70.14,74776
1756128600,70.23,70.23,69.775,70.01,65248
1756129200,70.04,70.165,69.85,69.86,44500
1756129800,69.88,69.93,69.83,69.85,16625
1756130400,69.86,69.865,69.595,69.605,29247
1756131000,69.61,69.79,69.6,69.79,17590
1756131600,69.8,69.82,69.71,69.71,13256
1756132200,69.71,69.71,69.47,69.48,35247
1756132800,69.48,69.54,69.46,69.47,20554
1756133400,69.48,69.5,69.42,69.45,17898
1756134000,69.45,69.45,69.315,69.38,19530
1756134600,69.375,69.42,69.3,69.42,21405
1756135200,69.4,69.45,69.38,69.38,14710
1756135800,69.37,69.415,69.3,69.39,17616
1756136400,69.4,69.46,69.375,69.4,11370
1756137000,69.395,69.43,69.31,69.41,13582
1756137600,69.4,69.41,69.25,69.27,22394
1756138200,69.27,69.28,69.24,69.27,16083
1756138800,69.275,69.305,69.245,69.265,24491
1756139400,69.27,69.3,69.24,69.26,15197
1756140000,69.25,69.315,69.25,69.305,16227
1756140600,69.305,69.31,69.26,69.29,10095
1756141200,69.29,69.325,69.26,69.3,25992
1756141800,69.305,69.33,69.305,69.32,9649
1756142400,69.31,69.31,69.21,69.24,20121
1756143000,69.25,69.255,69.17,69.175,22887
1756143600,69.175,69.175,69.105,69.12,10509
1756144200,69.115,69.12,69.06,69.1,17988
1756144800,69.11,69.135,69.06,69.135,20047
1756145400,69.14,69.27,69.14,69.25,11745
1756146000,69.24,69.255,69.155,69.17,19962
1756146600,69.175,69.175,69.1,69.1,18449
1756147200,69.1,69.14,69.04,69.04,16824
1756147800,69.05,69.06,68.965,68.97,44819
1756148400,68.97,69.005,68.935,68.965,23180
1756149000,68.96,69.015,68.88,68.89,39475
1756149600,68.895,68.9,68.84,68.88,30972
1756150200,68.875,68.92,68.85,68.88,28097
1756150800,68.88,68.9,68.71,68.755,66695
1756151400,68.75,68.985,68.72,68.925,125057
1756215000,68.97,69.08,68.8,68.97,72185
1756215600,68.98,69.06,68.81,68.81,27755
1756216200,68.81,68.89,68.725,68.82,35699
1756216800,68.82,68.83,68.705,68.73,35395
1756217400,68.72,68.82,68.695,68.76,26558
1756218000,68.75,68.85,68.745,68.83,18239
1756218600,68.83,68.87,68.76,68.775,21480
1756219200,68.775,68.79,68.68,68.715,22775
1756219800,68.715,68.825,68.7,68.78,16292
1756220400,68.77,68.77,68.695,68.71,22457
1756221000,68.715,68.78,68.69,68.76,15825
1756221600,68.77,68.795,68.73,68.78,13059
1756222200,68.775,68.785,68.7,68.735,17945
1756222800,68.73,68.735,68.66,68.705,17060
1756223400,68.705,68.73,68.67,68.715,7245
1756224000,68.725,68.755,68.685,68.71,14516
1756224600,68.7,68.735,68.675,68.69,15298
1756225200,68.69,68.775,68.66,68.775,10111
1756225800,68.775,68.845,68.76,68.835,12494
1756226400,68.83,68.885,68.82,68.86,10279
1756227000,68.865,68.885,68.755,68.765,12012
1756227600,68.765,68.765,68.685,68.695,17329
1756228200,68.695,68.74,68.675,68.705,20888
1756228800,68.71,68.77,68.695,68.745,10130
1756229400,68.76,68.78,68.69,68.735,12796
1756230000,68.74,68.77,68.72,68.765,7502
1756230600,68.765,68.78,68.715,68.725,13396
1756231200,68.73,68.795,68.705,68.785,17477
1756231800,68.785,68.86,68.78,68.86,12424
1756232400,68.865,68.925,68.865,68.875,12210
1756233000,68.87,68.94,68.82,68.82,13217
1756233600,68.82,68.855,68.81,68.855,12871
1756234200,68.85,68.855,68.82,68.85,21292
1756234800,68.86,68.87,68.83,68.87,14815
1756235400,68.875,68.875,68.83,68.86,16739
1756236000,68.86,68.925,68.855,68.905,20060
1756236600,68.91,68.91,68.84,68.85,70182
1756237200,68.86,68.87,68.62,68.63,50318
1756237800,68.63,68.83,68.58,68.74,159814
1756301400,68.81,68.85,68.57,68.635,74783
1756302000,68.66,68.855,68.65,68.8,29272
1756302600,68.805,68.855,68.75,68.765,11321
1756303200,68.77,68.82,68.73,68.745,34289
1756303800,68.74,68.79,68.595,68.605,29842
1756304400,68.605,68.635,68.565,68.57,27934
1756305000,68.565,68.685,68.55,68.615,28493
1756305600,68.605,68.65,68.56,68.65,32689
1756306200,68.645,68.7,68.64,68.645,18519
1756306800,68.64,68.705,68.625,68.69,14682
1756307400,68.68,68.75,68.675,68.71,7014
1756308000,68.71,68.735,68.615,68.615,22234
1756308600,68.61,68.615,68.54,68.565,22647
1756309200,68.565,68.605,68.465,68.49,36706
1756309800,68.495,68.565,68.495,68.535,12712
1756310400,68.535,68.595,68.495,68.59,8751
1756311000,68.58,68.675,68.575,68.645,24454
1756311600,68.65,68.735,68.645,68.73,10747
1756312200,68.72,68.725,68.635,68.645,9814
1756312800,68.65,68.655,68.585,68.59,8558
1756313400,68.595,68.605,68.53,68.54,11289
1756314000,68.54,68.585,68.51,68.57,11734
1756314600,68.575,68.625,68.55,68.605,9729
1756315200,68.605,68.62,68.555,68.56,18334
1756315800,68.565,68.625,68.56,68.615,10592
1756316400,68.62,68.645,68.59,68.645,12796
1756317000,68.64,68.665,68.63,68.665,8074
1756317600,68.67,68.69,68.66,68.685,7191
1756318200,68.685,68.72,68.675,68.71,10683
1756318800,68.715,68.775,68.71,68.75,13769
1756319400,68.76,68.78,68.72,68.73,13880
1756320000,68.725,68.77,68.725,68.755,7955
1756320600,68.755,68.755,68.71,68.715,15392
1756321200,68.71,68.755,68.68,68.74,10429
1756321800,68.74,68.76,68.7,68.73,14710
1756322400,68.73,68.75,68.685,68.715,14426
1756323000,68.72,68.745,68.705,68.745,21861
1756323600,68.75,68.8,68.74,68.755,22431
1756324200,68.76,68.865,68.755,68.8,94368
1756387800,68.77,68.89,68.58,68.61,72956
1756388400,68.59,68.78,68.555,68.68,36776
1756389000,68.68,68.8,68.63,68.65,18828
1756389600,68.64,68.67,68.28,68.41,95799
1756390200,68.42,68.52,68.31,68.51,28352
1756390800,68.52,68.57,68.415,68.45,42742
1756391400,68.455,68.52,68.39,68.51,20905
1756392000,68.5,68.585,68.46,68.49,11065
1756392600,68.49,68.565,68.44,68.485,13219
1756393200,68.485,68.485,68.365,68.37,25005
1756393800,68.37,68.41,68.35,68.41,14387
1756394400,68.425,68.505,68.36,68.485,12987
1756395000,68.485,68.49,68.38,68.47,8862
1756395600,68.47,68.515,68.43,68.46,5595
1756396200,68.465,68.53,68.415,68.45,12555
1756396800,68.44,68.455,68.37,68.38,15593
1756397400,68.39,68.4,68.32,68.33,14468
1756398000,68.33,68.425,68.33,68.425,8859
1756398600,68.43,68.495,68.43,68.465,9854
1756399200,68.465,68.525,68.465,68.515,5538
1756399800,68.52,68.56,68.5,68.53,11472
1756400400,68.54,68.655,68.52,68.65,21723
1756401000,68.645,68.65,68.605,68.61,12643
1756401600,68.605,68.665,68.595,68.615,4701
1756402200,68.62,68.655,68.58,68.62,3978
1756402800,68.615,68.725,68.615,68.715,9502
1756403400,68.72,68.72,68.64,68.7,6698
1756404000,68.705,68.71,68.555,68.62,8225
1756404600,68.62,68.62,68.55,68.555,15575
1756405200,68.555,68.57,68.5,68.52,12164
1756405800,68.52,68.605,68.51,68.605,5614
1756406400,68.605,68.61,68.575,68.58,7285
1756407000,68.57,68.59,68.55,68.58,8575
1756407600,68.59,68.64,68.585,68.625,5031
1756408200,68.625,68.65,68.62,68.645,7422
1756408800,68.645,68.685,68.63,68.635,10170
1756409400,68.63,68.63,68.55,68.56,12976
1756410000,68.55,68.55,68.405,68.42,22703
1756410600,68.42,68.51,68.285,68.37,200274
1756474200,68.74,68.88,68.43,68.58,55147
1756474800,68.58,68.78,68.57,68.68,34888
1756475400,68.68,68.735,68.6,68.665,26540
1756476000,68.67,68.865,68.66,68.8,41229
1756476600,68.79,68.92,68.76,68.76,35620
1756477200,68.75,68.8,68.66,68.66,17429
1756477800,68.66,68.77,68.625,68.65,27593
1756478400,68.66,68.68,68.58,68.6,14929
1756479000,68.61,68.795,68.605,68.78,22680
1756479600,68.775,68.865,68.745,68.755,23078
1756480200,68.75,68.76,68.675,68.715,22325
1756480800,68.715,68.715,68.575,68.645,26409
1756481400,68.65,68.72,68.63,68.695,24471
1756482000,68.69,68.705,68.61,68.67,42881
1756482600,68.67,68.775,68.63,68.76,34250
1756483200,68.755,68.84,68.745,68.84,44480
1756483800,68.84,68.845,68.75,68.77,17948
1756484400,68.775,68.81,68.74,68.805,8652
1756485000,68.805,68.87,68.795,68.825,24066
1756485600,68.825,68.825,68.74,68.815,13645
1756486200,68.805,68.845,68.79,68.795,11407
1756486800,68.8,68.88,68.79,68.85,9499
1756487400,68.85,68.895,68.835,68.85,11496
1756488000,68.845,68.86,68.8,68.85,10370
1756488600,68.84,68.88,68.8,68.86,10431
1756489200,68.86,68.92,68.86,68.88,20739
1756489800,68.88,68.94,68.88,68.925,9965
1756490400,68.925,68.94,68.895,68.935,16500
1756491000,68.935,68.965,68.91,68.965,18952
1756491600,68.965,68.99,68.92,68.965,21537
1756492200,68.965,68.99,68.945,68.975,21505
1756492800,68.975,69.025,68.945,69.015,23195
1756493400,69.02,69.03,68.975,68.99,9155
1756494000,68.985,69.055,68.98,69.035,12982
1756494600,69.035,69.05,69.005,69.045,20295
1756495200,69.05,69.14,69.045,69.125,51036
1756495800,69.13,69.13,69.01,69.035,30564
1756496400,69.035,69.05,68.96,69,44424
1756497000,69.01,69.1,68.905,69.01,178268
1756819800,68.95,69.33,68.65,68.98,97402
1756820400,68.98,68.98,68.48,68.51,54997
1756821000,68.5,68.72,68.4,68.65,44259
1756821600,68.65,68.725,68.52,68.57,38294
1756822200,68.58,68.59,68.28,68.35,169843
1756822800,68.355,68.42,68.265,68.325,30971
1756823400,68.32,68.405,68.26,68.365,24765
1756824000,68.365,68.66,68.36,68.65,34078
1756824600,68.645,68.73,68.59,68.61,44189
1756825200,68.61,68.73,68.61,68.67,24076
1756825800,68.67,68.85,68.66,68.84,22665
1756826400,68.85,68.855,68.7,68.745,18136
1756827000,68.74,68.89,68.73,68.83,29707
1756827600,68.835,68.88,68.78,68.78,20060
1756828200,68.78,68.91,68.77,68.81,24658
1756828800,68.805,68.81,68.64,68.765,11584
1756829400,68.77,68.84,68.72,68.78,21579
1756830000,68.78,68.875,68.78,68.83,12927
1756830600,68.81,68.825,68.695,68.715,10592
1756831200,68.715,68.8,68.675,68.8,11363
1756831800,68.81,68.82,68.74,68.795,11239
1756832400,68.8,68.86,68.77,68.855,12123
1756833000,68.855,68.895,68.82,68.895,8170
1756833600,68.89,68.89,68.8,68.825,9408
1756834200,68.82,68.895,68.8,68.89,19724
1756834800,68.9,68.9,68.85,68.87,15059
1756835400,68.875,68.915,68.87,68.89,11409
1756836000,68.89,68.98,68.87,68.98,44470
1756836600,68.975,69.095,68.955,69,36574
1756837200,69.01,69.05,68.94,68.98,13131
1756837800,68.98,69.01,68.91,68.91,19349
1756838400,68.9,68.93,68.87,68.92,22899
1756839000,68.92,68.955,68.89,68.905,18341
1756839600,68.91,68.96,68.805,68.82,109795
1756840200,68.81,68.82,68.76,68.795,103283
1756840800,68.8,68.835,68.74,68.835,20448
1756841400,68.84,68.95,68.84,68.9,40377
1756842000,68.91,69.02,68.9,69.01,56209
1756842600,69.01,69.09,68.93,69.05,226504
1756906200,68.67,69.095,68.61,68.66,118326
1756906800,68.66,68.69,68.21,68.29,100920
1756907400,68.28,68.52,68.19,68.49,80063
1756908000,68.49,68.61,68.42,68.59,75330
1756908600,68.6,68.79,68.54,68.56,54319
1756909200,68.57,68.59,68.325,68.37,33272
1756909800,68.365,68.49,68.33,68.49,48396
1756910400,68.5,68.735,68.5,68.71,29254
1756911000,68.715,68.83,68.69,68.745,18536
1756911600,68.745,68.86,68.735,68.785,28153
1756912200,68.79,68.9,68.76,68.87,13993
1756912800,68.86,68.995,68.82,68.98,26680
1756913400,68.98,68.99,68.815,68.855,16535
1756914000,68.86,68.99,68.86,68.98,8504
1756914600,68.98,68.995,68.82,68.85,16567
1756915200,68.84,68.865,67.91,68.4,325713
1756915800,68.4,68.77,68.36,68.46,128443
1756916400,68.455,68.52,68.36,68.4,42570
1756917000,68.41,68.62,68.41,68.57,18227
1756917600,68.58,68.62,68.455,68.47,26703
1756918200,68.465,68.465,68.275,68.3,68033
1756918800,68.285,68.305,67.87,67.88,131284
1756919400,67.87,67.87,67.37,67.81,240339
1756920000,67.835,67.86,67.71,67.81,48031
1756920600,67.83,68.005,67.795,67.99,43608
1756921200,67.99,68.11,67.965,68.075,34298
1756921800,68.08,68.245,68.07,68.22,42199
1756922400,68.22,68.475,68.22,68.45,42107
1756923000,68.46,68.47,68.305,68.42,34211
1756923600,68.41,68.67,68.39,68.66,39017
1756924200,68.655,68.725,68.555,68.72,36707
1756924800,68.72,68.73,68.455,68.455,24166
1756925400,68.45,68.595,68.43,68.585,24561
1756926000,68.59,68.625,68.49,68.615,35845
1756926600,68.62,68.885,68.62,68.885,46351
1756927200,68.88,68.935,68.78,68.83,76252
1756927800,68.82,68.915,68.765,68.915,36247
1756928400,68.915,68.995,68.895,68.96,86955
1756929000,68.96,69.09,68.96,69.01,245423
1756992600,69.17,69.28,68.9,69.27,67321
1756993200,69.275,69.45,69.16,69.2,40005
1756993800,69.2,69.22,69.115,69.16,20873
1756994400,69.16,69.315,69.05,69.05,22672
1756995000,69.04,69.07,68.94,69.05,15907
1756995600,69.04,69.05,68.89,68.98,14436
1756996200,68.995,69.09,68.92,68.92,9847
1756996800,68.93,68.96,68.895,68.895,6037
1756997400,68.89,68.905,68.77,68.8,11699
1756998000,68.8,68.95,68.76,68.93,13367
1756998600,68.93,68.94,68.72,68.77,17348
1756999200,68.79,68.85,68.725,68.765,14414
1756999800,68.76,68.81,68.675,68.69,8933
1757000400,68.695,68.7,68.655,68.665,9450
1757001000,68.66,68.73,68.575,68.58,28910
1757001600,68.58,68.6,68.525,68.56,18176
1757002200,68.555,68.635,68.535,68.625,18423
1757002800,68.62,68.64,68.54,68.62,13867
1757003400,68.63,68.645,68.485,68.49,13536
1757004000,68.49,68.54,68.465,68.53,12737
1757004600,68.53,68.55,68.505,68.535,10958
1757005200,68.525,68.525,68.455,68.46,15306
1757005800,68.455,68.53,68.455,68.51,8246
1757006400,68.51,68.545,68.495,68.5,10600
1757007000,68.49,68.52,68.455,68.49,11765
1757007600,68.485,68.5,68.41,68.415,15353
1757008200,68.415,68.44,68.34,68.34,21615
1757008800,68.34,68.405,68.31,68.34,16301
1757009400,68.35,68.36,68.275,68.35,18762
1757010000,68.35,68.405,68.31,68.33,20545
1757010600,68.335,68.35,68.23,68.25,36417
1757011200,68.24,68.26,68.16,68.245,33549
1757011800,68.245,68.25,68.12,68.215,57433
1757012400,68.215,68.25,68.14,68.21,27669
1757013000,68.205,68.26,68.2,68.21,27717
1757013600,68.22,68.22,68.14,68.145,29207
1757014200,68.145,68.17,68.12,68.165,20715
1757014800,68.17,68.27,68.17,68.25,51379
1757015400,68.22,68.295,68.22,68.255,120181
1757079000,67.98,68.375,67.89,68.355,45449
1757079600,68.355,68.515,68.25,68.36,34347
1757080200,68.39,68.47,68.28,68.38,36458
1757080800,68.375,68.54,68.375,68.48,50768
1757081400,68.47,68.57,68.395,68.46,53989
1757082000,68.46,68.46,68.3,68.35,31243
1757082600,68.36,68.42,68.175,68.19,47996
1757083200,68.185,68.46,68.185,68.37,39403
1757083800,68.38,68.425,68.16,68.28,36218
1757084400,68.27,68.47,68.24,68.27,29204
1757085000,68.27,68.345,68.18,68.26,19477
1757085600,68.26,68.41,68.25,68.385,23550
1757086200,68.385,68.41,68.24,68.24,13781
1757086800,68.245,68.265,68.19,68.22,16146
1757087400,68.21,68.255,68.19,68.22,82477
1757088000,68.22,68.235,68.165,68.22,20171
1757088600,68.22,68.265,68.15,68.19,15025
1757089200,68.185,68.19,68.09,68.09,15064
1757089800,68.09,68.175,68.055,68.13,18423
1757090400,68.14,68.165,68.1,68.12,9788
1757091000,68.115,68.175,68.085,68.17,10659
1757091600,68.18,68.2,68.085,68.1,10635
1757092200,68.09,68.145,68.04,68.08,11699
1757092800,68.07,68.14,68.065,68.07,14420
1757093400,68.07,68.125,68.005,68.05,96523
1757094000,68.04,68.125,68.035,68.12,5806
1757094600,68.13,68.13,68.05,68.07,11396
1757095200,68.075,68.08,67.9,67.94,107485
1757095800,67.93,68.015,67.92,68.01,15431
1757096400,68.005,68.01,67.88,67.9,13876
1757097000,67.91,68,67.91,67.98,8100
1757097600,67.975,68.07,67.975,68.07,15788
1757098200,68.07,68.175,68.07,68.15,19220
1757098800,68.135,68.16,68.04,68.05,14383
1757099400,68.04,68.07,68.02,68.065,16066
1757100000,68.08,68.09,67.975,67.975,18287
1757100600,67.98,67.985,67.87,67.925,42300
1757101200,67.925,67.96,67.89,67.92,39574
1757101800,67.92,68,67.87,67.98,172569
1757338200,67.845,67.95,67.38,67.44,130658
1757338800,67.45,67.695,67.36,67.62,47657
1757339400,67.62,67.835,67.62,67.73,44122
1757340000,67.73,67.74,67.62,67.69,38700
1757340600,67.685,67.735,67.57,67.65,33452
1757341200,67.66,67.66,67.58,67.605,21741
1757341800,67.605,67.71,67.605,67.665,96663
1757342400,67.67,67.68,67.56,67.57,28414
1757343000,67.565,67.66,67.55,67.625,22608
1757343600,67.62,67.66,67.55,67.55,112747
1757344200,67.545,67.545,67.43,67.435,55101
1757344800,67.43,67.44,67.3,67.32,56307
1757345400,67.32,67.33,67.165,67.25,42524
1757346000,67.25,67.345,67.25,67.345,28111
1757346600,67.345,67.375,67.255,67.35,19600
1757347200,67.36,67.435,67.315,67.375,25699
1757347800,67.375,67.415,67.345,67.4,36531
1757348400,67.4,67.445,67.36,67.38,117557
1757349000,67.385,67.42,67.37,67.39,12898
1757349600,67.385,67.485,67.385,67.475,16640
1757350200,67.48,67.555,67.48,67.545,13792
1757350800,67.54,67.57,67.485,67.525,13277
1757351400,67.525,67.525,67.42,67.45,15377
1757352000,67.46,67.505,67.38,67.4,15903
1757352600,67.405,67.43,67.265,67.29,20079
1757353200,67.28,67.29,67.245,67.275,23423
1757353800,67.27,67.27,67.21,67.245,23722
1757354400,67.245,67.325,67.22,67.285,25665
1757355000,67.3,67.325,67.255,67.325,10244
1757355600,67.32,67.35,67.27,67.35,11003
1757356200,67.345,67.365,67.315,67.32,11102
1757356800,67.32,67.32,67.255,67.31,11806
1757357400,67.32,67.355,67.295,67.33,12817
1757358000,67.33,67.33,67.26,67.27,20797
1757358600,67.28,67.31,67.225,67.295,17460
1757359200,67.29,67.315,67.225,67.245,15674
1757359800,67.245,67.275,67.215,67.26,69622
1757360400,67.27,67.315,67.25,67.265,51080
1757361000,67.28,67.49,67.27,67.45,248320
1757424600,67.32,67.79,67.29,67.73,59152
1757425200,67.74,67.81,67.64,67.76,26206
1757425800,67.78,67.78,67.64,67.7,17988
1757426400,67.685,67.8,67.66,67.74,41095
1757427000,67.745,67.815,67.68,67.8,22248
1757427600,67.805,68.035,67.8,67.97,37235
1757428200,67.99,68.055,67.94,68.02,17180
1757428800,68.005,68.005,67.905,67.93,28873
1757429400,67.925,67.98,67.885,67.885,22181
1757430000,67.885,67.9,67.72,67.755,30164
1757430600,67.75,67.76,67.68,67.71,15518
1757431200,67.715,67.81,67.7,67.79,14792
1757431800,67.78,67.83,67.76,67.795,11188
1757432400,67.79,67.815,67.76,67.805,12215
1757433000,67.81,67.825,67.78,67.81,9885
1757433600,67.805,67.89,67.79,67.875,9244
1757434200,67.87,67.89,67.83,67.845,12013
1757434800,67.845,67.91,67.825,67.88,11214
1757435400,67.875,67.925,67.82,67.925,15461
1757436000,67.925,67.985,67.91,67.975,12860
1757436600,67.97,67.99,67.91,67.93,9741
1757437200,67.93,67.995,67.91,67.97,12249
1757437800,67.96,67.975,67.925,67.925,9141
1757438400,67.925,68.04,67.89,67.99,16762
1757439000,68,68.07,68,68,11145
1757439600,68.005,68.04,67.985,68,9766
1757440200,68,68.055,67.965,68.05,20321
1757440800,68.06,68.09,67.97,67.97,14369
1757441400,67.975,68.06,67.97,68.01,14077
1757442000,68,68.05,67.98,68.05,13194
1757442600,68.05,68.105,68.045,68.055,18211
1757443200,68.05,68.05,67.98,68.025,15868
1757443800,68.02,68.03,67.945,67.955,24046
1757444400,67.955,68.01,67.915,68.01,23387
1757445000,68.015,68.055,68.015,68.025,12557
1757445600,68.03,68.05,67.99,68.045,15834
1757446200,68.045,68.05,68,68.005,26060
1757446800,68.005,68.055,67.975,67.995,31784
1757447400,67.995,68.05,67.9,67.9,187149
1757511000,67.71,67.83,67.52,67.77,58601
1757511600,67.77,67.81,67.655,67.775,17529
1757512200,67.77,67.8,67.65,67.76,33334
1757512800,67.75,67.815,67.64,67.75,41865
1757513400,67.74,67.825,67.72,67.78,18023
1757514000,67.78,67.82,67.575,67.605,53531
1757514600,67.6,67.6,67.45,67.5,52883
1757515200,67.5,67.53,67.4,67.515,45770
1757515800,67.52,67.52,67.37,67.43,23727
1757516400,67.42,67.44,67.31,67.31,22980
1757517000,67.315,67.35,67.21,67.25,34589
1757517600,67.26,67.405,67.26,67.4,15267
1757518200,67.405,67.41,67.32,67.32,11093
1757518800,67.33,67.425,67.33,67.425,11988
1757519400,67.43,67.485,67.41,67.445,14859
1757520000,67.44,67.5,67.405,67.485,13079
1757520600,67.48,67.56,67.455,67.56,14398
1757521200,67.56,67.57,67.41,67.42,10437
1757521800,67.415,67.43,67.36,67.36,9712
1757522400,67.36,67.36,67.31,67.355,13040
1757523000,67.35,67.42,67.35,67.395,8953
1757523600,67.39,67.58,67.37,67.58,14673
1757524200,67.59,67.615,67.515,67.525,9585
1757524800,67.53,67.6,67.53,67.58,6765
1757525400,67.58,67.61,67.565,67.58,8469
1757526000,67.59,67.695,67.555,67.69,17418
1757526600,67.7,67.76,67.69,67.73,11427
1757527200,67.72,67.74,67.66,67.74,15968
1757527800,67.75,67.86,67.745,67.86,11755
1757528400,67.86,67.95,67.85,67.915,15904
1757529000,67.92,67.945,67.875,67.875,12734
1757529600,67.87,67.92,67.845,67.88,14307
1757530200,67.88,67.92,67.84,67.87,13616
1757530800,67.88,68.01,67.88,67.99,23639
1757531400,67.995,68.08,67.99,68.045,27353
1757532000,68.045,68.055,67.83,67.83,26127
1757532600,67.83,67.835,67.705,67.725,32371
1757533200,67.725,67.76,67.655,67.705,31186
1757533800,67.69,67.85,67.665,67.82,133549
1757597400,68.02,68.03,67.75,67.965,43964
1757598000,67.96,68.02,67.88,67.92,23514
1757598600,67.925,68,67.89,67.99,14704
1757599200,67.99,68.035,67.935,67.96,23259
1757599800,67.96,68.13,67.96,68.07,35929
1757600400,68.07,68.095,67.985,68.05,17676
1757601000,68.05,68.065,67.96,68.025,11839
1757601600,68.03,68.09,68.03,68.07,12407
1757602200,68.085,68.13,68.045,68.045,18022
1757602800,68.04,68.075,68.01,68.065,15883
1757603400,68.07,68.09,68.03,68.035,21894
1757604000,68.03,68.085,68.01,68.03,23598
1757604600,68.02,68.065,68.01,68.05,35789
1757605200,68.05,68.09,68.025,68.04,13488
1757605800,68.05,68.11,68.05,68.08,16436
1757606400,68.075,68.115,68.06,68.1,13708
1757607000,68.11,68.15,68.095,68.11,14768
1757607600,68.11,68.16,68.08,68.16,17589
1757608200,68.16,68.16,68.065,68.085,7844
1757608800,68.09,68.125,68.025,68.03,19774
1757609400,68.03,68.07,68.01,68.04,11196
1757610000,68.04,68.06,67.98,67.98,19166
1757610600,67.97,68.015,67.92,67.92,9921
1757611200,67.91,67.97,67.91,67.97,9393
1757611800,67.985,68.025,67.83,67.84,24890
1757612400,67.84,67.87,67.78,67.83,24933
1757613000,67.83,67.84,67.8,67.835,10648
1757613600,67.83,67.865,67.765,67.77,31588
1757614200,67.78,67.84,67.78,67.805,21115
1757614800,67.81,67.85,67.805,67.83,17819
1757615400,67.82,67.83,67.72,67.725,18865
1757616000,67.725,67.73,67.685,67.69,57842
1757616600,67.69,67.7,67.645,67.67,49285
1757617200,67.675,67.735,67.67,67.7,20733
1757617800,67.69,67.74,67.675,67.71,19791
1757618400,67.71,67.73,67.615,67.63,31085
1757619000,67.63,67.64,67.58,67.6,39139
1757619600,67.6,67.63,67.58,67.6,51427
1757620200,67.59,67.7,67.585,67.6,143382
1757683800,67.625,67.675,67.34,67.645,64959
1757684400,67.64,67.715,67.52,67.635,52235
1757685000,67.635,67.715,67.59,67.595,30456
1757685600,67.58,67.66,67.45,67.52,44185
1757686200,67.515,67.52,67.38,67.42,44487
1757686800,67.42,67.42,67.32,67.35,23468
1757687400,67.36,67.425,67.27,67.35,45807
1757688000,67.34,67.52,67.26,67.52,33813
1757688600,67.52,67.52,67.42,67.475,13626
1757689200,67.48,67.52,67.38,67.39,19045
1757689800,67.4,67.4,67.35,67.35,18137
1757690400,67.35,67.4,67.35,67.39,9346
1757691000,67.4,67.4,67.33,67.36,12516
1757691600,67.355,67.365,67.31,67.335,6719
1757692200,67.34,67.39,67.285,67.3,24767
1757692800,67.3,67.34,67.2,67.22,42357
1757693400,67.22,67.22,67.12,67.17,80695
1757694000,67.18,67.2,67.11,67.2,19704
1757694600,67.2,67.2,67.065,67.065,37838
1757695200,67.065,67.11,67,67.085,47905
1757695800,67.09,67.095,67,67.015,18012
1757696400,67.01,67.03,66.93,67.03,93540
1757697000,67.035,67.06,67.02,67.06,15981
1757697600,67.055,67.055,66.97,66.99,23539
1757698200,67,67.09,67,67.08,13623
1757698800,67.085,67.09,66.99,67.04,32802
1757699400,67.05,67.07,67,67,9757
1757700000,67.01,67.1,67,67.1,25657
1757700600,67.09,67.12,67.065,67.12,20286
1757701200,67.125,67.19,67.095,67.135,36083
1757701800,67.14,67.15,67.11,67.14,20617
1757702400,67.145,67.2,67.145,67.18,22464
1757703000,67.18,67.18,67.14,67.17,16651
1757703600,67.175,67.18,67.14,67.14,21644
1757704200,67.135,67.135,67.075,67.085,22426
1757704800,67.09,67.09,67.05,67.06,18814
1757705400,67.07,67.09,67.03,67.055,62970
1757706000,67.06,67.095,67,67.01,64593
1757706600,67.02,67.12,66.99,67.005,174350
1757943000,66.66,66.78,66.515,66.665,66103
1757943600,66.67,66.71,66.52,66.71,35192
1757944200,66.72,66.74,66.61,66.625,23589
1757944800,66.625,66.675,66.53,66.645,41438
1757945400,66.65,66.705,66.635,66.64,18733
1757946000,66.64,66.68,66.57,66.61,21502
1757946600,66.61,66.65,66.595,66.6,19970
1757947200,66.6,66.685,66.585,66.61,15053
1757947800,66.605,66.61,66.43,66.47,68437
1757948400,66.46,66.48,66.32,66.375,54624
1757949000,66.375,66.425,66.33,66.345,30170
1757949600,66.345,66.38,66.27,66.29,46450
1757950200,66.29,66.315,66.24,66.27,31873
1757950800,66.27,66.275,66.17,66.2,30122
1757951400,66.205,66.33,66.16,66.33,26512
1757952000,66.33,66.37,66.275,66.3,16257
1757952600,66.29,66.3,66.245,66.29,19454
1757953200,66.28,66.295,66.22,66.27,20693
1757953800,66.28,66.285,66.225,66.265,16082
1757954400,66.265,66.385,66.265,66.375,20353
1757955000,66.375,66.375,66.32,66.345,22366
1757955600,66.35,66.36,66.315,66.36,19937
1757956200,66.365,66.38,66.275,66.3,30947
1757956800,66.305,66.305,66.25,66.29,20690
1757957400,66.295,66.3,66.185,66.205,25134
1757958000,66.2,66.23,66.175,66.22,19541
1757958600,66.225,66.255,66.2,66.255,15868
1757959200,66.25,66.305,66.25,66.305,16469
1757959800,66.3,66.31,66.265,66.275,19585
1757960400,66.27,66.295,66.235,66.295,20126
1757961000,66.295,66.295,66.195,66.235,15653
1757961600,66.24,66.365,66.235,66.31,25447
1757962200,66.305,66.385,66.3,66.305,33526
1757962800,66.3,66.3,66.215,66.225,19604
1757963400,66.23,66.24,66.185,66.21,27671
1757964000,66.21,66.26,66.185,66.185,38975
1757964600,66.185,66.21,66.1,66.1,46356
1757965200,66.1,66.24,66.1,66.14,79111
1757965800,66.14,66.24,66.13,66.21,171431
1758029400,66.4,66.44,66.22,66.32,70069
1758030000,66.34,66.35,66.08,66.15,45213
1758030600,66.155,66.31,66.08,66.285,27534
1758031200,66.28,66.31,66.095,66.115,33720
1758031800,66.125,66.155,66.07,66.08,29306
1758032400,66.075,66.14,66.06,66.13,23810
1758033000,66.13,66.31,66.075,66.3,23803
1758033600,66.3,66.345,66.285,66.3,26971
1758034200,66.295,66.37,66.285,66.32,21371
1758034800,66.33,66.495,66.315,66.49,25433
1758035400,66.5,66.51,66.34,66.34,22564
1758036000,66.33,66.35,66.22,66.23,32920
1758036600,66.22,66.23,66.17,66.21,24403
1758037200,66.215,66.33,66.195,66.27,11194
1758037800,66.28,66.395,66.265,66.35,9452
1758038400,66.355,66.46,66.355,66.43,11311
1758039000,66.435,66.47,66.415,66.44,15589
1758039600,66.44,66.44,66.365,66.42,15123
1758040200,66.43,66.475,66.38,66.41,10884
1758040800,66.41,66.42,66.35,66.35,9615
1758041400,66.355,66.4,66.28,66.31,15060
1758042000,66.31,66.395,66.31,66.33,9232
1758042600,66.32,66.36,66.305,66.33,7342
1758043200,66.33,66.34,66.28,66.33,7526
1758043800,66.32,66.395,66.32,66.375,10182
1758044400,66.375,66.38,66.3,66.325,8205
1758045000,66.33,66.4,66.325,66.36,11086
1758045600,66.36,66.41,66.345,66.39,14187
1758046200,66.39,66.425,66.37,66.39,8271
1758046800,66.39,66.39,66.33,66.355,20069
1758047400,66.35,66.43,66.34,66.415,14506
1758048000,66.415,66.44,66.375,66.435,17528
1758048600,66.435,66.485,66.42,66.425,15287
1758049200,66.42,66.42,66.37,66.41,16199
1758049800,66.41,66.415,66.315,66.325,22130
1758050400,66.33,66.41,66.33,66.41,19862
1758051000,66.415,66.42,66.325,66.355,43215
1758051600,66.35,66.41,66.3,66.405,47856
1758052200,66.4,66.46,66.23,66.27,187697
1758115800,66.48,66.79,66.42,66.79,65005
1758116400,66.79,66.93,66.73,66.885,54072
1758117000,66.88,66.94,66.8,66.81,48705
1758117600,66.81,66.87,66.77,66.815,60223
1758118200,66.82,66.82,66.65,66.65,30565
1758118800,66.65,66.84,66.61,66.835,22980
1758119400,66.83,66.95,66.815,66.95,15796
1758120000,66.94,66.98,66.915,66.94,31588
1758120600,66.95,66.975,66.915,66.925,17282
1758121200,66.93,66.98,66.92,66.925,14985
1758121800,66.93,66.965,66.91,66.955,8324
1758122400,66.96,67.08,66.95,67.08,22764
1758123000,67.06,67.075,66.96,66.985,11209
1758123600,66.98,67.035,66.95,66.98,13001
1758124200,66.98,67,66.945,67,11220
1758124800,66.995,66.995,66.87,66.885,7723
1758125400,66.885,66.91,66.83,66.86,9244
1758126000,66.87,66.9,66.85,66.875,8542
1758126600,66.86,66.9,66.84,66.86,6491
1758127200,66.85,66.895,66.84,66.85,11097
1758127800,66.86,66.895,66.84,66.86,8521
1758128400,66.86,66.895,66.84,66.88,7777
1758129000,66.875,66.895,66.845,66.89,16064
1758129600,66.89,66.9,66.86,66.885,8480
1758130200,66.88,66.91,66.85,66.88,8614
1758130800,66.88,66.93,66.84,66.9,16965
1758131400,66.9,66.92,66.85,66.9,13955
1758132000,66.92,66.97,66.78,66.91,26985
1758132600,66.91,67.12,66.85,66.91,41952
1758133200,66.92,66.92,66.8,66.85,20571
1758133800,66.86,66.94,66.82,66.88,31033
1758134400,66.88,66.995,66.875,66.955,32551
1758135000,66.96,66.98,66.83,66.845,43007
1758135600,66.86,66.975,66.815,66.815,34581
1758136200,66.81,66.945,66.77,66.91,26891
1758136800,66.91,66.97,66.89,66.905,20765
1758137400,66.91,67.005,66.89,66.955,33854
1758138000,66.95,67.065,66.94,67.06,39690
1758138600,67.06,67.08,66.96,67.03,115204
1758202200,66.72,67.03,66.56,67.03,67297
1758202800,67.02,67.02,66.84,66.885,29005
1758203400,66.89,66.97,66.84,66.95,12971
1758204000,66.95,66.99,66.77,66.85,24588
1758204600,66.84,66.845,66.75,66.76,23031
1758205200,66.76,66.77,66.675,66.69,28229
1758205800,66.69,66.76,66.665,66.69,22915
1758206400,66.69,66.725,66.65,66.685,24252
1758207000,66.69,66.715,66.6,66.715,18159
1758207600,66.71,66.71,66.55,66.55,24107
1758208200,66.56,66.625,66.52,66.625,15827
1758208800,66.63,66.795,66.61,66.785,19360
1758209400,66.79,66.945,66.79,66.9,26861
1758210000,66.895,66.895,66.765,66.815,19095
1758210600,66.81,66.82,66.76,66.82,14266
1758211200,66.815,66.825,66.77,66.82,9740
1758211800,66.81,66.81,66.69,66.73,19541
1758212400,66.73,66.765,66.69,66.765,13901
1758213000,66.765,66.78,66.715,66.74,11100
1758213600,66.75,66.76,66.73,66.74,13055
1758214200,66.74,66.84,66.73,66.83,17448
1758214800,66.83,66.855,66.765,66.77,9664
1758215400,66.775,66.84,66.74,66.795,11105
1758216000,66.795,66.8,66.725,66.745,13075
1758216600,66.75,66.78,66.685,66.7,11269
1758217200,66.7,66.71,66.675,66.68,8369
1758217800,66.69,66.705,66.65,66.685,11704
1758218400,66.69,66.725,66.675,66.7,12451
1758219000,66.7,66.72,66.63,66.7,16035
1758219600,66.71,66.72,66.6,66.6,9210
1758220200,66.605,66.61,66.52,66.54,27100
1758220800,66.54,66.59,66.54,66.58,16772
1758221400,66.585,66.63,66.575,66.58,18571
1758222000,66.58,66.595,66.51,66.51,19781
1758222600,66.52,66.53,66.465,66.49,41650
1758223200,66.495,66.57,66.49,66.535,20616
1758223800,66.535,66.535,66.415,66.43,36301
1758224400,66.43,66.47,66.36,66.385,45143
1758225000,66.39,66.55,66.35,66.42,186190
1758288600,66.65,66.65,66.35,66.5,56973
1758289200,66.515,66.63,66.48,66.575,14767
1758289800,66.58,66.6,66.47,66.545,11391
1758290400,66.54,66.58,66.45,66.52,11362
1758291000,66.51,66.51,66.445,66.455,9188
1758291600,66.46,66.475,66.39,66.4,17120
1758292200,66.4,66.42,66.36,66.39,20662
1758292800,66.4,66.44,66.36,66.375,14691
1758293400,66.37,66.39,66.28,66.28,23940
1758294000,66.275,66.305,66.125,66.135,35035
1758294600,66.135,66.165,66.05,66.09,55210
1758295200,66.1,66.245,66.1,66.23,46984
1758295800,66.225,66.28,66.09,66.255,29411
1758296400,66.25,66.275,66.15,66.19,12061
1758297000,66.19,66.21,66.145,66.2,8065
1758297600,66.19,66.3,66.19,66.285,9248
1758298200,66.28,66.31,66.25,66.305,9649
1758298800,66.305,66.31,66.23,66.255,6342
1758299400,66.26,66.28,66.23,66.275,5376
1758300000,66.27,66.295,66.24,66.265,3985
1758300600,66.26,66.26,66.18,66.21,12034
1758301200,66.215,66.29,66.215,66.24,7562
1758301800,66.23,66.31,66.22,66.31,5598
1758302400,66.31,66.34,66.29,66.33,9197
1758303000,66.335,66.465,66.32,66.465,13521
1758303600,66.465,66.525,66.42,66.47,21516
1758304200,66.47,66.52,66.47,66.49,5546
1758304800,66.49,66.54,66.49,66.5,8512
1758305400,66.52,66.525,66.46,66.485,11565
1758306000,66.48,66.49,66.435,66.47,6286
1758306600,66.47,66.495,66.44,66.44,8787
1758307200,66.45,66.48,66.45,66.465,9636
1758307800,66.46,66.505,66.44,66.505,8395
1758308400,66.505,66.515,66.48,66.48,9681
1758309000,66.485,66.56,66.48,66.545,14478
1758309600,66.54,66.545,66.48,66.53,23674
1758310200,66.54,66.635,66.5,66.61,35328
1758310800,66.61,66.73,66.6,66.73,33496
1758311400,66.72,66.72,66.4,66.43,186236
1758547800,66.16,66.29,66.08,66.2,53008
1758548400,66.2,66.525,66.2,66.42,34715
1758549000,66.42,66.475,66.36,66.375,19470
1758549600,66.37,66.525,66.325,66.52,17702
1758550200,66.51,66.58,66.51,66.55,15491
1758550800,66.545,66.585,66.52,66.57,18882
1758551400,66.57,66.585,66.52,66.535,12409
1758552000,66.54,66.565,66.48,66.54,18983
1758552600,66.54,66.55,66.45,66.475,17236
1758553200,66.47,66.505,66.43,66.5,10606
1758553800,66.5,66.505,66.435,66.465,16767
1758554400,66.46,66.465,66.375,66.39,20493
1758555000,66.385,66.465,66.38,66.43,17493
1758555600,66.43,66.43,66.355,66.37,10489
1758556200,66.38,66.4,66.35,66.375,6995
1758556800,66.37,66.4,66.28,66.285,19100
1758557400,66.285,66.35,66.28,66.34,20151
1758558000,66.34,66.47,66.31,66.445,17624
1758558600,66.44,66.455,66.3,66.31,21265
1758559200,66.31,66.365,66.23,66.35,19080
1758559800,66.34,66.34,66.29,66.335,10069
1758560400,66.34,66.38,66.31,66.37,9691
1758561000,66.37,66.445,66.37,66.43,13093
1758561600,66.42,66.485,66.41,66.465,11389
1758562200,66.465,66.495,66.46,66.48,9076
1758562800,66.48,66.49,66.37,66.38,20128
1758563400,66.38,66.525,66.37,66.45,31678
1758564000,66.46,66.47,66.31,66.325,17393
1758564600,66.33,66.37,66.31,66.355,8598
1758565200,66.35,66.4,66.34,66.36,9763
1758565800,66.35,66.38,66.34,66.37,9898
1758566400,66.375,66.38,66.33,66.34,21036
1758567000,66.345,66.38,66.335,66.38,17664
1758567600,66.38,66.38,66.335,66.365,8318
1758568200,66.37,66.41,66.36,66.4,13525
1758568800,66.41,66.425,66.37,66.38,7715
1758569400,66.375,66.42,66.355,66.41,35108
1758570000,66.42,66.43,66.355,66.37,32324
1758570600,66.38,66.38,66.22,66.23,138509
1758634200,66.35,66.35,66.11,66.34,39498
1758634800,66.35,66.35,66.195,66.28,27581
1758635400,66.28,66.34,66.25,66.295,21333
1758636000,66.285,66.38,66.1,66.175,39537
1758636600,66.17,66.17,66.02,66.03,34289
1758637200,66.03,66.055,65.905,65.915,52237
1758637800,65.915,65.97,65.915,65.97,17925
1758638400,65.97,66.055,65.93,66,28380
1758639000,65.99,66.13,65.97,66.075,28769
1758639600,66.075,66.09,66.015,66.02,18011
1758640200,66.01,66.03,65.965,65.98,20380
1758640800,65.975,65.99,65.93,65.975,17668
1758641400,65.98,66.135,65.98,66.075,15045
1758642000,66.095,66.13,66.045,66.12,23602
1758642600,66.11,66.155,66.08,66.105,12830
1758643200,66.1,66.19,66.05,66.185,15764
1758643800,66.18,66.18,66.05,66.08,19986
1758644400,66.08,66.125,66.04,66.1,12077
1758645000,66.1,66.11,66.06,66.06,18179
1758645600,66.06,66.145,66.035,66.11,7935
1758646200,66.1,66.145,66.095,66.095,8160
1758646800,66.1,66.14,66.095,66.14,8677
1758647400,66.13,66.185,66.105,66.185,12491
1758648000,66.18,66.22,66.17,66.2,15161
1758648600,66.2,66.55,66.16,66.55,47088
1758649200,66.545,66.595,66.45,66.51,61442
1758649800,66.51,66.66,66.46,66.625,17572
1758650400,66.62,66.62,66.54,66.555,23459
1758651000,66.55,66.665,66.545,66.63,20949
1758651600,66.625,66.64,66.575,66.63,30325
1758652200,66.64,66.76,66.635,66.71,30407
1758652800,66.7,66.7,66.63,66.63,15073
1758653400,66.635,66.725,66.63,66.66,29951
1758654000,66.665,66.7,66.635,66.67,19951
1758654600,66.66,66.685,66.62,66.65,17215
1758655200,66.65,66.665,66.615,66.66,16493
1758655800,66.67,66.695,66.605,66.68,34320
1758656400,66.68,66.71,66.64,66.7,40365
1758657000,66.69,66.75,66.635,66.75,117163
1758720600,66.405,66.58,65.96,66.56,111966
1758721200,66.56,66.625,66.42,66.58,31055
1758721800,66.58,66.63,66.55,66.6,27253
1758722400,66.595,66.715,66.59,66.71,28109
1758723000,66.7,66.715,66.43,66.51,42699
1758723600,66.51,66.565,66.51,66.52,48172
1758724200,66.51,66.6,66.42,66.555,61609
1758724800,66.56,66.57,66.51,66.555,21428
1758725400,66.555,66.56,66.465,66.465,15789
1758726000,66.465,66.47,66.325,66.43,28662
1758726600,66.46,66.47,66.36,66.37,16374
1758727200,66.38,66.44,66.36,66.44,16210
1758727800,66.44,66.5,66.43,66.49,12060
1758728400,66.5,66.58,66.48,66.54,18037
1758729000,66.55,66.71,66.545,66.635,31787
1758729600,66.63,66.76,66.62,66.74,23903
1758730200,66.73,66.775,66.63,66.63,29562
1758730800,66.625,66.64,66.51,66.53,11515
1758731400,66.525,66.56,66.52,66.53,6454
1758732000,66.54,66.565,66.49,66.51,10087
1758732600,66.51,66.51,66.455,66.485,8082
1758733200,66.48,66.51,66.445,66.51,9928
1758733800,66.51,66.56,66.51,66.52,5901
1758734400,66.525,66.525,66.45,66.47,6013
1758735000,66.47,66.52,66.455,66.49,8478
1758735600,66.495,66.63,66.49,66.63,11876
1758736200,66.625,66.625,66.525,66.53,14428
1758736800,66.52,66.555,66.495,66.51,9962
1758737400,66.52,66.54,66.48,66.51,11930
1758738000,66.5,66.505,66.465,66.47,7203
1758738600,66.48,66.485,66.45,66.45,10158
1758739200,66.46,66.465,66.425,66.455,15664
1758739800,66.45,66.53,66.445,66.52,13810
1758740400,66.51,66.51,66.4,66.425,10206
1758741000,66.42,66.42,66.36,66.36,16830
1758741600,66.36,66.395,66.345,66.365,13950
1758742200,66.37,66.45,66.35,66.45,27893
1758742800,66.465,66.475,66.36,66.41,63985
1758743400,66.42,66.45,66.335,66.44,206292
1758807000,66.74,66.89,66.51,66.66,195575
1758807600,66.66,66.92,66.61,66.62,75584
1758808200,66.63,66.7,66.47,66.51,35172
1758808800,66.51,66.51,66.345,66.38,41633
1758809400,66.38,66.43,66.24,66.245,41523
1758810000,66.24,66.32,66.225,66.265,36535
1758810600,66.27,66.27,66.185,66.23,29404
1758811200,66.225,66.23,66.125,66.16,24755
1758811800,66.15,66.205,66.085,66.18,26281
1758812400,66.19,66.19,66.07,66.15,17690
1758813000,66.145,66.22,66.12,66.195,22360
1758813600,66.195,66.26,66.195,66.24,15868
1758814200,66.24,66.255,66.12,66.16,16981
1758814800,66.17,66.18,66.13,66.15,9801
1758815400,66.14,66.15,66.055,66.08,15177
1758816000,66.08,66.1,66.04,66.09,18196
1758816600,66.09,66.13,66.04,66.04,20176
1758817200,66.035,66.135,66.035,66.07,25414
1758817800,66.07,66.18,66.065,66.17,8902
1758818400,66.18,66.2,66.15,66.19,9944
1758819000,66.2,66.21,66.085,66.11,17775
1758819600,66.11,66.12,66.055,66.11,21669
1758820200,66.105,66.125,66.07,66.12,9197
1758820800,66.11,66.175,66.085,66.145,12153
1758821400,66.14,66.145,66.06,66.09,12739
1758822000,66.095,66.115,66.055,66.06,13009
1758822600,66.06,66.09,66.05,66.065,19695
1758823200,66.065,66.095,65.965,65.98,49927
1758823800,65.97,66.01,65.95,65.995,20687
1758824400,65.99,66.005,65.965,65.985,18655
1758825000,65.99,66.03,65.95,65.96,48863
1758825600,65.97,66.095,65.965,66.06,13665
1758826200,66.05,66.12,66.01,66.12,25870
1758826800,66.11,66.14,66.08,66.09,17873
1758827400,66.09,66.1,66.06,66.085,11050
1758828000,66.08,66.085,66.02,66.04,20602
1758828600,66.035,66.11,66.03,66.11,20775
1758829200,66.11,66.12,66.035,66.08,41671
1758829800,66.08,66.095,65.965,65.99,72972
1758893400,66.04,66.22,66.02,66.135,68121
1758894000,66.15,66.255,66.12,66.21,24553
1758894600,66.205,66.33,66.155,66.23,62981
1758895200,66.22,66.25,66.05,66.06,32817
1758895800,66.06,66.06,66,66.01,18734
1758896400,66.005,66.1,65.995,66.055,16840
1758897000,66.055,66.17,66.03,66.14,16404
1758897600,66.15,66.215,66.14,66.15,13937
1758898200,66.16,66.185,66.09,66.09,11180
1758898800,66.08,66.085,65.975,66.01,28438
1758899400,66.015,66.035,66.005,66.015,10339
1758900000,66.01,66.01,65.92,65.945,17926
1758900600,65.945,65.95,65.835,65.86,22613
1758901200,65.86,65.87,65.815,65.845,15139
1758901800,65.84,65.855,65.8,65.85,16036
1758902400,65.845,65.885,65.83,65.85,24311
1758903000,65.85,65.905,65.835,65.87,14724
1758903600,65.86,65.93,65.86,65.925,16285
1758904200,65.925,65.95,65.865,65.89,29693
1758904800,65.89,65.9,65.845,65.89,9745
1758905400,65.895,65.93,65.87,65.91,10423
1758906000,65.91,65.92,65.88,65.91,12683
1758906600,65.91,65.91,65.855,65.89,4834
1758907200,65.89,65.925,65.86,65.925,11017
1758907800,65.92,65.92,65.835,65.845,15371
1758908400,65.84,65.89,65.735,65.74,40485
1758909000,65.745,65.81,65.74,65.77,18236
1758909600,65.77,65.77,65.69,65.715,30642
1758910200,65.72,65.73,65.67,65.67,19516
1758910800,65.67,65.675,65.54,65.595,29358
1758911400,65.59,65.635,65.54,65.63,26231
1758912000,65.625,65.675,65.615,65.67,16774
1758912600,65.67,65.67,65.62,65.62,41083
1758913200,65.625,65.63,65.54,65.58,14942
1758913800,65.58,65.58,65.51,65.53,29651
1758914400,65.52,65.54,65.51,65.51,19040
1758915000,65.51,65.625,65.5,65.625,77479
1758915600,65.63,65.73,65.63,65.7,26319
1758916200,65.7,65.73,65.56,65.65,296036
1759152600,65.7,65.795,65.52,65.595,69726
1759153200,65.59,65.6,65.475,65.49,51869
1759153800,65.48,65.49,65.355,65.44,58322
1759154400,65.45,65.6,65.435,65.44,52349
1759155000,65.44,65.54,65.44,65.52,31661
1759155600,65.525,65.73,65.51,65.66,36375
1759156200,65.66,65.76,65.66,65.755,35016
1759156800,65.75,65.83,65.74,65.79,26524
1759157400,65.78,65.9,65.74,65.9,28549
1759158000,65.9,66.015,65.88,66,46226
1759158600,66,66.025,65.96,65.97,26468
1759159200,65.96,65.965,65.9,65.94,21552
1759159800,65.94,65.96,65.875,65.94,24811
1759160400,65.94,65.98,65.93,65.95,17905
1759161000,65.955,66.045,65.925,66.025,22401
1759161600,66.025,66.04,65.93,66,35432
1759162200,66,66.025,65.97,66.01,20582
1759162800,66.015,66.085,65.995,66.06,30344
1759163400,66.055,66.07,66.02,66.04,13144
1759164000,66.05,66.08,66.02,66.03,15171
1759164600,66.02,66.04,65.995,65.995,8402
1759165200,66,66.05,65.98,65.98,16298
1759165800,65.97,66.015,65.94,65.95,12938
1759166400,65.95,65.95,65.845,65.86,21628
1759167000,65.855,65.88,65.785,65.785,16522
1759167600,65.785,65.835,65.785,65.835,19277
1759168200,65.84,65.905,65.805,65.885,16176
1759168800,65.885,65.9,65.85,65.85,10380
1759169400,65.85,65.87,65.83,65.855,12682
1759170000,65.85,65.865,65.82,65.855,18771
1759170600,65.86,65.89,65.84,65.89,12278
1759171200,65.885,65.93,65.885,65.91,15118
1759171800,65.915,65.92,65.87,65.895,15456
1759172400,65.89,65.95,65.875,65.915,20700
1759173000,65.92,65.97,65.905,65.92,30852
1759173600,65.92,66.05,65.92,66.04,16363
1759174200,66.05,66.09,66.05,66.09,17343
1759174800,66.09,66.1,66.06,66.075,33577
1759175400,66.07,66.085,65.995,66.06,100778
1759239000,66.05,66.245,65.97,66.21,62054
1759239600,66.22,66.25,66.1,66.12,26415
1759240200,66.11,66.31,66.075,66.23,48052
1759240800,66.24,66.345,66.17,66.31,39587
1759241400,66.305,66.385,66.305,66.38,35518
1759242000,66.385,66.415,66.36,66.38,24495
1759242600,66.375,66.465,66.36,66.38,37840
1759243200,66.38,66.455,66.33,66.455,38167
1759243800,66.455,66.46,66.32,66.395,34434
1759244400,66.39,66.45,66.38,66.4,21364
1759245000,66.4,66.44,66.375,66.435,15475
1759245600,66.44,66.47,66.42,66.445,13202
1759246200,66.445,66.475,66.39,66.43,16143
1759246800,66.42,66.435,66.35,66.38,24888
1759247400,66.38,66.4,66.31,66.36,25688
1759248000,66.385,66.45,66.385,66.41,13873
1759248600,66.41,66.43,66.38,66.4,15561
1759249200,66.405,66.455,66.39,66.42,12778
1759249800,66.425,66.52,66.415,66.52,13724
1759250400,66.525,66.56,66.52,66.55,11502
1759251000,66.55,66.56,66.51,66.515,11535
1759251600,66.515,66.54,66.465,66.52,15213
1759252200,66.525,66.575,66.515,66.565,11623
1759252800,66.565,66.595,66.54,66.575,23068
1759253400,66.58,66.595,66.55,66.585,16000
1759254000,66.585,66.595,66.555,66.595,14357
1759254600,66.59,66.635,66.575,66.605,23345
1759255200,66.59,66.61,66.52,66.565,18403
1759255800,66.57,66.61,66.545,66.575,25248
1759256400,66.57,66.58,66.53,66.575,13068
1759257000,66.575,66.58,66.515,66.54,11730
1759257600,66.54,66.56,66.535,66.55,9315
1759258200,66.555,66.565,66.515,66.525,13123
1759258800,66.53,66.56,66.51,66.535,14655
1759259400,66.535,66.535,66.44,66.44,19189
1759260000,66.45,66.46,66.405,66.42,18228
1759260600,66.42,66.44,66.4,66.43,19749
1759261200,66.435,66.44,66.34,66.395,39275
1759261800,66.4,66.455,66.305,66.32,125555
1759325400,66.58,66.82,66.4,66.47,101385
1759326000,66.48,66.625,66.41,66.59,33534
1759326600,66.58,66.7,66.54,66.69,23908
1759327200,66.7,66.75,66.565,66.565,27156
1759327800,66.56,66.725,66.525,66.705,42003
1759328400,66.71,66.71,66.615,66.66,43429
1759329000,66.66,66.82,66.655,66.76,30452
1759329600,66.76,66.8,66.71,66.72,56121
1759330200,66.71,66.73,66.605,66.64,57966
1759330800,66.64,66.66,66.53,66.55,37728
1759331400,66.55,66.71,66.525,66.63,19285
1759332000,66.625,66.71,66.625,66.69,26343
1759332600,66.685,66.695,66.6,66.62,22942
1759333200,66.625,66.64,66.555,66.56,13940
1759333800,66.555,66.555,66.46,66.46,24119
1759334400,66.47,66.49,66.419,66.46,23190
1759335000,66.465,66.465,66.37,66.375,18793
1759335600,66.365,66.405,66.365,66.395,13103
1759336200,66.39,66.415,66.36,66.395,25924
1759336800,66.39,66.39,66.3,66.31,29766
1759337400,66.315,66.37,66.29,66.37,6185
1759338000,66.37,66.395,66.34,66.35,14718
1759338600,66.355,66.425,66.34,66.4,18596
1759339200,66.405,66.42,66.355,66.38,6666
1759339800,66.39,66.42,66.375,66.41,12554
1759340400,66.41,66.545,66.41,66.545,10187
1759341000,66.54,66.55,66.52,66.525,10150
1759341600,66.525,66.6,66.51,66.59,14925
1759342200,66.59,66.635,66.575,66.635,10403
1759342800,66.635,66.69,66.605,66.665,13521
1759343400,66.67,66.68,66.56,66.56,16503
1759344000,66.57,66.585,66.525,66.58,44574
1759344600,66.575,66.575,66.53,66.56,27146
1759345200,66.56,66.57,66.545,66.57,7524
1759345800,66.57,66.61,66.57,66.61,33267
1759346400,66.605,66.64,66.585,66.62,23520
1759347000,66.625,66.7,66.6,66.695,20535
1759347600,66.695,66.72,66.67,66.7,40885
1759348200,66.71,66.8,66.66,66.78,114281
1759411800,66.525,66.64,66.15,66.435,78273
1759412400,66.43,66.48,66.24,66.285,49582
1759413000,66.28,66.45,66.28,66.36,35284
1759413600,66.365,66.38,66.15,66.18,45502
1759414200,66.165,66.23,66.165,66.23,17269
1759414800,66.23,66.335,66.225,66.3,14512
1759415400,66.29,66.36,66.285,66.335,14387
1759416000,66.33,66.415,66.3,66.41,12667
1759416600,66.415,66.475,66.38,66.46,16264
1759417200,66.45,66.53,66.45,66.475,37526
1759417800,66.475,66.505,66.42,66.42,9401
1759418400,66.43,66.46,66.305,66.31,17263
1759419000,66.31,66.31,66.125,66.145,29148
1759419600,66.145,66.145,65.9,65.97,100541
1759420200,65.975,66.04,65.945,66.02,47804
1759420800,66.01,66.02,65.88,65.885,31797
1759421400,65.88,65.965,65.875,65.96,21480
1759422000,65.96,65.965,65.925,65.955,12758
1759422600,65.955,65.985,65.93,65.93,12572
1759423200,65.92,66.06,65.92,66.03,15714
1759423800,66.035,66.035,65.955,65.955,12263
1759424400,65.96,65.965,65.93,65.96,10679
1759425000,65.95,65.95,65.885,65.9,16356
1759425600,65.895,65.95,65.87,65.945,21439
1759426200,65.95,65.995,65.925,65.98,15817
1759426800,65.975,66.015,65.945,66.01,9267
1759427400,66,66.015,65.975,65.985,7084
1759428000,65.98,66.015,65.975,65.98,15088
1759428600,65.98,66.05,65.955,66.045,13970
1759429200,66.04,66.065,66.02,66.065,6654
1759429800,66.06,66.08,66.045,66.045,6325
1759430400,66.045,66.06,66.005,66.05,11443
1759431000,66.04,66.04,65.985,66,11379
1759431600,66.01,66.01,65.97,65.98,10123
1759432200,65.985,66.02,65.935,65.965,13900
1759432800,65.96,65.99,65.95,65.96,12618
1759433400,65.96,65.975,65.905,65.935,32641
1759434000,65.94,66.07,65.925,66.065,36196
1759434600,66.07,66.125,66.04,66.115,127123
1759498200,66.15,66.43,66.04,66.37,50401
1759498800,66.38,66.635,66.33,66.58,41520
1759499400,66.575,66.62,66.47,66.605,10866
1759500000,66.61,66.67,66.525,66.615,25425
1759500600,66.61,66.63,66.53,66.555,25162
1759501200,66.55,66.625,66.545,66.57,30778
1759501800,66.58,66.6,66.535,66.575,24298
1759502400,66.585,66.66,66.57,66.645,33617
1759503000,66.645,66.67,66.53,66.535,23483
1759503600,66.53,66.62,66.515,66.59,11816
1759504200,66.59,66.59,66.45,66.485,13866
1759504800,66.48,66.55,66.475,66.525,13702
1759505400,66.525,66.57,66.49,66.565,14274
1759506000,66.56,66.68,66.56,66.645,19611
1759506600,66.645,66.75,66.645,66.73,26769
1759507200,66.735,66.785,66.72,66.78,20403
1759507800,66.775,66.825,66.775,66.78,17757
1759508400,66.77,66.79,66.695,66.7,9783
1759509000,66.71,66.74,66.69,66.71,6359
1759509600,66.72,66.755,66.705,66.74,5662
1759510200,66.73,66.745,66.71,66.735,7143
1759510800,66.74,66.8,66.735,66.74,14688
1759511400,66.74,66.79,66.73,66.76,7984
1759512000,66.74,66.77,66.72,66.74,9833
1759512600,66.75,66.805,66.72,66.775,8244
1759513200,66.775,66.86,66.775,66.845,20738
1759513800,66.85,66.985,66.85,66.95,18085
1759514400,66.93,66.975,66.87,66.95,13427
1759515000,66.945,66.95,66.865,66.87,5906
1759515600,66.88,66.89,66.82,66.83,8737
1759516200,66.825,66.9,66.825,66.89,12610
1759516800,66.89,66.925,66.89,66.91,8718
1759517400,66.915,66.92,66.87,66.87,7950
1759518000,66.87,66.88,66.82,66.87,10388
1759518600,66.87,66.875,66.775,66.81,13877
1759519200,66.815,66.855,66.8,66.805,10955
1759519800,66.81,66.89,66.81,66.885,14695
1759520400,66.89,66.9,66.77,66.81,30033
1759521000,66.81,66.815,66.63,66.66,67089
1759757400,66.49,66.56,66.05,66.07,54935
1759758000,66.06,66.08,65.89,65.96,58434
1759758600,65.97,66.095,65.91,66.07,50225
1759759200,66.06,66.22,66.06,66.22,39552
1759759800,66.23,66.265,66.2,66.26,19856
1759760400,66.255,66.255,66.09,66.17,18041
1759761000,66.165,66.205,66.04,66.045,24331
1759761600,66.04,66.08,66.015,66.03,16138
1759762200,66.04,66.07,66.015,66.02,9640
1759762800,66.02,66.06,66.005,66.025,18036
1759763400,66.02,66.06,66.01,66.035,10787
1759764000,66.035,66.035,65.975,65.985,21272
1759764600,65.985,65.995,65.915,65.935,16149
1759765200,65.94,66.005,65.94,65.98,8740
1759765800,65.97,65.995,65.935,65.98,9851
1759766400,65.97,66.055,65.95,66.035,11668
1759767000,66.035,66.04,65.93,65.955,9047
1759767600,65.95,65.97,65.915,65.93,8293
1759768200,65.95,66,65.95,65.98,6697
1759768800,65.97,66,65.95,65.985,8350
1759769400,65.98,65.98,65.915,65.93,13639
1759770000,65.92,65.965,65.9,65.94,12445
1759770600,65.965,65.975,65.92,65.925,12598
1759771200,65.925,65.96,65.905,65.915,22434
1759771800,65.92,66,65.9,66,22973
1759772400,66.005,66.005,65.915,65.93,11830
1759773000,65.93,65.99,65.915,65.975,18201
1759773600,65.975,66.02,65.97,66,11090
1759774200,65.99,65.995,65.93,65.935,16300
1759774800,65.93,65.975,65.92,65.975,21158
1759775400,65.97,65.97,65.925,65.925,12472
1759776000,65.92,65.97,65.915,65.95,9433
1759776600,65.955,65.955,65.91,65.91,11557
1759777200,65.905,65.92,65.845,65.865,25700
1759777800,65.87,65.91,65.85,65.91,12038
1759778400,65.92,65.935,65.87,65.92,24972
1759779000,65.92,65.965,65.915,65.94,18260
1759779600,65.94,66,65.94,65.97,41204
1759780200,65.975,66.13,65.97,66.09,205646
1759843800,66.18,66.25,65.89,65.92,48987
1759844400,65.93,66.09,65.87,66.03,42344
1759845000,66.02,66.19,65.99,66.185,33615
1759845600,66.19,66.39,66.16,66.245,51132
1759846200,66.245,66.43,66.245,66.43,30602
1759846800,66.445,66.45,66.355,66.365,20560
1759847400,66.36,66.425,66.3,66.345,21105
1759848000,66.35,66.5,66.35,66.49,24507
1759848600,66.485,66.535,66.46,66.52,25940
1759849200,66.51,66.85,66.485,66.85,40600
1759849800,66.845,66.85,66.68,66.72,25010
1759850400,66.72,66.83,66.69,66.82,19572
1759851000,66.82,67.06,66.815,67.02,65927
1759851600,67.01,67.2,66.97,67.2,30893
1759852200,67.2,67.255,67.07,67.12,36688
1759852800,67.11,67.125,67.06,67.115,21415
1759853400,67.12,67.2,67.11,67.18,27765
1759854000,67.17,67.23,67.12,67.165,22614
1759854600,67.16,67.18,67.01,67.04,19517
1759855200,67.05,67.125,67.045,67.125,18654
1759855800,67.125,67.16,67.08,67.1,12548
1759856400,67.1,67.1,66.965,67.01,17261
1759857000,67.01,67.06,67.01,67.06,11769
1759857600,67.07,67.095,67.03,67.035,16326
1759858200,67.035,67.045,66.925,66.955,14864
1759858800,66.955,67,66.95,66.97,7711
1759859400,66.97,66.99,66.92,66.965,8652
1759860000,66.96,67.03,66.96,66.985,9766
1759860600,66.98,66.98,66.885,66.885,8694
1759861200,66.88,66.91,66.88,66.89,15205
1759861800,66.895,66.895,66.85,66.88,18028
1759862400,66.87,66.885,66.85,66.85,7949
1759863000,66.84,66.865,66.815,66.82,18077
1759863600,66.825,66.835,66.74,66.74,16775
1759864200,66.745,66.775,66.73,66.745,21938
1759864800,66.75,66.78,66.74,66.78,11135
1759865400,66.78,66.785,66.73,66.75,19070
1759866000,66.755,66.8,66.725,66.755,35716
1759866600,66.75,66.83,66.69,66.795,89668
1759930200,66.715,66.715,66.22,66.335,52030
1759930800,66.335,66.41,66.22,66.28,37207
1759931400,66.29,66.38,66.24,66.32,29416
1759932000,66.32,66.38,66.215,66.33,24399
1759932600,66.32,66.355,66.24,66.25,17544
1759933200,66.25,66.28,66.2,66.27,19788
1759933800,66.28,66.325,66.2,66.2,24012
1759934400,66.19,66.32,66.19,66.29,14367
1759935000,66.28,66.28,66.17,66.245,25075
1759935600,66.24,66.25,66.185,66.245,11244
1759936200,66.24,66.29,66.235,66.25,11697
1759936800,66.26,66.285,66.235,66.28,7073
1759937400,66.28,66.28,66.175,66.18,10627
1759938000,66.18,66.21,66.125,66.125,13301
1759938600,66.12,66.19,66.12,66.175,9968
1759939200,66.17,66.2,66.135,66.185,11558
1759939800,66.185,66.23,66.12,66.155,26337
1759940400,66.155,66.23,66.155,66.23,5550
1759941000,66.225,66.24,66.19,66.19,8839
1759941600,66.19,66.19,66.16,66.165,8694
1759942200,66.165,66.165,66.12,66.145,8084
1759942800,66.15,66.21,66.15,66.2,6755
1759943400,66.2,66.24,66.2,66.21,5876
1759944000,66.215,66.215,66.16,66.185,17694
1759944600,66.185,66.2,66.125,66.15,11032
1759945200,66.155,66.16,66.12,66.14,12812
1759945800,66.135,66.135,66.08,66.11,22523
1759946400,66.11,66.15,66.09,66.1,14180
1759947000,66.11,66.2,66.11,66.195,15427
1759947600,66.195,66.22,66.19,66.19,12335
1759948200,66.185,66.195,66.1,66.12,15905
1759948800,66.13,66.135,66.085,66.11,12769
1759949400,66.11,66.13,66.09,66.125,9946
1759950000,66.125,66.165,66.125,66.14,9231
1759950600,66.14,66.16,66.115,66.13,11418
1759951200,66.14,66.155,66.085,66.09,13402
1759951800,66.085,66.135,66.085,66.135,16128
1759952400,66.13,66.15,66.07,66.1,58819
1759953000,66.11,66.175,66.08,66.125,111051
1760016600,66.44,66.44,66.16,66.32,54372
1760017200,66.33,66.58,66.3,66.5,34942
1760017800,66.5,66.515,66.235,66.25,21903
1760018400,66.25,66.32,66.12,66.29,24275
1760019000,66.28,66.36,66.22,66.32,21220
1760019600,66.33,66.59,66.32,66.49,35710
1760020200,66.49,66.65,66.49,66.64,25337
1760020800,66.635,66.76,66.62,66.64,22662
1760021400,66.63,66.795,66.59,66.71,22872
1760022000,66.71,66.725,66.57,66.585,12941
1760022600,66.58,66.66,66.58,66.62,6574
1760023200,66.61,66.66,66.6,66.605,10993
1760023800,66.61,66.665,66.595,66.62,9291
1760024400,66.63,66.63,66.5,66.51,14962
1760025000,66.51,66.54,66.39,66.4,10075
1760025600,66.39,66.45,66.25,66.28,26194
1760026200,66.28,66.315,66.195,66.195,24754
1760026800,66.19,66.25,66.17,66.22,26346
1760027400,66.225,66.24,66.2,66.22,12848
1760028000,66.22,66.3,66.22,66.27,16211
1760028600,66.26,66.315,66.25,66.3,12804
1760029200,66.305,66.305,66.195,66.3,16343
1760029800,66.3,66.41,66.3,66.33,22108
1760030400,66.33,66.39,66.29,66.365,7629
1760031000,66.37,66.39,66.34,66.38,5767
1760031600,66.37,66.405,66.33,66.405,16320
1760032200,66.4,66.4,66.33,66.33,7549
1760032800,66.34,66.355,66.185,66.23,9381
1760033400,66.22,66.23,66.155,66.23,22185
1760034000,66.24,66.27,66.215,66.23,7113
1760034600,66.225,66.27,66.215,66.27,10357
1760035200,66.275,66.28,66.245,66.25,9772
1760035800,66.25,66.26,66.17,66.18,8031
1760036400,66.18,66.21,66.17,66.18,14825
1760037000,66.18,66.245,66.175,66.225,13231
1760037600,66.23,66.31,66.23,66.295,14935
1760038200,66.29,66.33,66.265,66.325,21213
1760038800,66.33,66.41,66.325,66.38,32282
1760039400,66.39,66.39,66.285,66.37,100601
1760103000,66.56,66.73,66.375,66.72,62507
1760103600,66.72,66.76,66.63,66.69,29032
1760104200,66.68,66.73,66.62,66.67,23897
1760104800,66.68,66.845,66.64,66.8,44414
1760105400,66.8,67,66.78,66.89,54116
1760106000,66.9,66.92,66.78,66.79,28480
1760106600,66.78,66.81,66.585,66.65,21967
1760107200,66.64,66.73,66.57,66.72,16515
1760107800,66.72,66.72,66.555,66.6,41433
1760108400,66.6,66.98,66.575,66.845,93159
1760109000,66.84,67.25,66.8,67.2,75208
1760109600,67.2,67.35,67.06,67.12,58950
1760110200,67.095,67.39,67.01,67.05,66078
1760110800,67.07,67.08,66.805,66.97,30548
1760111400,66.985,66.985,66.865,66.91,15745
1760112000,66.915,66.915,66.85,66.89,12311
1760112600,66.89,66.98,66.89,66.96,14831
1760113200,66.97,67,66.86,66.88,19829
1760113800,66.895,66.995,66.89,66.93,12347
1760114400,66.94,66.97,66.91,66.95,9484
1760115000,66.94,67.065,66.925,67.015,18429
1760115600,67.015,67.14,66.985,67.14,12859
1760116200,67.13,67.14,66.985,67,13512
1760116800,67,67.04,66.99,67.01,12398
1760117400,67.01,67.065,66.98,67.035,18099
1760118000,67.04,67.04,66.885,66.9,14375
1760118600,66.91,67.04,66.9,67.03,15936
1760119200,67.02,67.02,66.92,66.94,12783
1760119800,66.94,66.97,66.92,66.925,15151
1760120400,66.93,67.05,66.93,67.02,13457
1760121000,67.02,67.1,66.995,67.095,16342
1760121600,67.095,67.095,66.98,66.99,16854
1760122200,66.98,67.025,66.97,66.995,17601
1760122800,66.99,66.99,66.95,66.97,26513
1760123400,66.96,67,66.915,67,20682
1760124000,67,67.045,66.96,67.045,36092
1760124600,67.05,67.07,66.995,67.03,34713
1760125200,67.02,67.25,67.01,67.235,73807
1760125800,67.23,67.235,67.02,67.06,175562
1760362200,66.13,66.8,66.12,66.52,94497
1760362800,66.515,66.66,66.44,66.44,43950
1760363400,66.44,66.51,66.28,66.28,20263
1760364000,66.27,66.27,66.07,66.08,48593
1760364600,66.08,66.16,66,66.16,37901
1760365200,66.17,66.325,66.17,66.275,30826
1760365800,66.27,66.41,66.22,66.39,39058
1760366400,66.39,66.56,66.37,66.49,29738
1760367000,66.5,66.675,66.5,66.595,41260
1760367600,66.59,66.63,66.535,66.54,23874
1760368200,66.55,66.6,66.47,66.54,26441
1760368800,66.53,66.67,66.48,66.67,19057
1760369400,66.675,66.69,66.6,66.655,24545
1760370000,66.66,66.665,66.575,66.63,37515
1760370600,66.63,66.64,66.48,66.505,16428
1760371200,66.505,66.555,66.49,66.525,12016
1760371800,66.525,66.585,66.505,66.565,11300
1760372400,66.56,66.565,66.525,66.53,21869
1760373000,66.52,66.555,66.5,66.55,10575
1760373600,66.54,66.7,66.52,66.59,48134
1760374200,66.58,66.645,66.57,66.61,13199
1760374800,66.615,66.63,66.58,66.61,11774
1760375400,66.615,66.69,66.61,66.675,24173
1760376000,66.67,66.675,66.585,66.61,14644
1760376600,66.61,66.71,66.58,66.69,12435
1760377200,66.67,66.7,66.63,66.635,24884
1760377800,66.635,66.65,66.575,66.605,8602
1760378400,66.6,66.645,66.585,66.62,7491
1760379000,66.62,66.625,66.545,66.545,17543
1760379600,66.545,66.6,66.52,66.575,33806
1760380200,66.58,66.635,66.54,66.555,14163
1760380800,66.555,66.595,66.535,66.555,17393
1760381400,66.56,66.59,66.51,66.555,29961
1760382000,66.555,66.595,66.515,66.585,20759
1760382600,66.585,66.67,66.54,66.655,17452
1760383200,66.66,66.72,66.655,66.71,39067
1760383800,66.71,66.73,66.68,66.725,19254
1760384400,66.725,66.76,66.675,66.7,26051
1760385000,66.7,66.8,66.7,66.79,100133
1760448600,66.87,67.3,66.75,67.12,70846
1760449200,67.13,67.23,66.98,67.23,48507
1760449800,67.23,67.23,66.9,67.02,21873
1760450400,67.025,67.115,66.91,67.05,25888
1760451000,67.05,67.32,67.05,67.3,72835
1760451600,67.31,67.335,67.12,67.15,47704
1760452200,67.17,67.21,67.09,67.14,43659
1760452800,67.135,67.26,66.955,67.22,44728
1760453400,67.21,67.265,67.175,67.245,21196
1760454000,67.25,67.265,67.085,67.115,20805
1760454600,67.11,67.135,67.03,67.07,25542
1760455200,67.065,67.065,66.905,66.945,41469
1760455800,66.95,66.99,66.815,66.85,45583
1760456400,66.845,66.875,66.75,66.85,23151
1760457000,66.855,67,66.845,66.97,20026
1760457600,66.97,67.025,66.93,66.96,17494
1760458200,66.97,67.005,66.93,66.985,15150
1760458800,66.985,67,66.94,66.965,17523
1760459400,66.96,67.08,66.96,67.065,10921
1760460000,67.065,67.115,67.03,67.11,10891
1760460600,67.115,67.14,67.1,67.14,8226
1760461200,67.14,67.205,67.135,67.205,11014
1760461800,67.21,67.235,67.155,67.18,14313
1760462400,67.18,67.25,67.17,67.245,9627
1760463000,67.25,67.27,67.155,67.17,15362
1760463600,67.165,67.2,67.16,67.18,10718
1760464200,67.185,67.215,67.175,67.2,7985
1760464800,67.21,67.26,67.205,67.25,12228
1760465400,67.255,67.27,67.205,67.245,9315
1760466000,67.24,67.32,67.23,67.28,19160
1760466600,67.28,67.3,67.225,67.245,13507
1760467200,67.245,67.25,67.21,67.235,9111
1760467800,67.235,67.31,67.235,67.3,16452
1760468400,67.295,67.385,67.285,67.37,21584
1760469000,67.375,67.39,67.3,67.32,10275
1760469600,67.325,67.36,67.315,67.36,18798
1760470200,67.365,67.395,67.28,67.3,53350
1760470800,67.3,67.395,67.28,67.38,46424
1760471400,67.37,67.57,67.37,67.53,98184
1760535000,67.18,67.575,67.12,67.57,33877
1760535600,67.555,67.6,67.4,67.445,30200
1760536200,67.45,67.61,67.45,67.55,27277
1760536800,67.545,67.65,67.52,67.65,23018
1760537400,67.645,67.72,67.57,67.59,23660
1760538000,67.59,67.685,67.585,67.63,22258
1760538600,67.63,67.695,67.595,67.62,19089
1760539200,67.62,67.655,67.56,67.61,19368
1760539800,67.605,67.66,67.52,67.565,20016
1760540400,67.56,67.57,67.47,67.49,21122
1760541000,67.485,67.485,67.375,67.4,19144
1760541600,67.41,67.45,67.3,67.32,19361
1760542200,67.31,67.38,67.265,67.3,22363
1760542800,67.3,67.4,67.29,67.395,14719
1760543400,67.395,67.41,67.3,67.31,15864
1760544000,67.31,67.31,67.15,67.26,36206
1760544600,67.26,67.36,67.245,67.36,16393
1760545200,67.36,67.4,67.35,67.365,12140
1760545800,67.365,67.38,67.32,67.32,16714
1760546400,67.31,67.34,67.27,67.27,9073
1760547000,67.275,67.35,67.275,67.32,10930
1760547600,67.32,67.36,67.29,67.35,14764
1760548200,67.35,67.42,67.24,67.24,14662
1760548800,67.23,67.255,67.17,67.195,7913
1760549400,67.2,67.235,67.19,67.205,11420
1760550000,67.205,67.285,67.2,67.25,9158
1760550600,67.25,67.28,67.225,67.28,14223
1760551200,67.28,67.365,67.27,67.35,12433
1760551800,67.345,67.35,67.3,67.31,22508
1760552400,67.305,67.31,67.17,67.18,19786
1760553000,67.18,67.205,67.18,67.2,5640
1760553600,67.19,67.2,67.065,67.1,47239
1760554200,67.105,67.14,67.08,67.08,18449
1760554800,67.08,67.165,67.08,67.095,21933
1760555400,67.09,67.09,67.05,67.065,21043
1760556000,67.07,67.08,67.005,67.025,19102
1760556600,67.03,67.055,67,67.005,27581
1760557200,67.005,67.035,66.98,66.985,32415
1760557800,66.98,67.1,66.925,67.085,122123
1760621400,67.18,67.45,67.06,67.4,64406
1760622000,67.4,67.55,67.32,67.5,33481
1760622600,67.5,67.625,67.445,67.6,36297
1760623200,67.61,67.615,67.425,67.51,38543
1760623800,67.51,67.62,67.41,67.45,24352
1760624400,67.455,67.565,67.41,67.55,20039
1760625000,67.55,67.72,67.54,67.65,33604
1760625600,67.65,67.655,67.54,67.555,29292
1760626200,67.56,67.645,67.56,67.62,20551
1760626800,67.61,67.73,67.525,67.72,27696
1760627400,67.73,67.96,67.69,67.93,78263
1760628000,67.93,68.05,67.91,67.97,69142
1760628600,67.97,68.1,67.91,67.97,69696
1760629200,67.98,68,67.785,67.88,63273
1760629800,67.885,67.925,67.82,67.865,30009
1760630400,67.86,68.03,67.85,68.015,23013
1760631000,68.01,68.01,67.86,67.88,34991
1760631600,67.875,67.875,67.75,67.8,24149
1760632200,67.81,67.81,67.66,67.67,33920
1760632800,67.68,67.7,67.605,67.68,23968
1760633400,67.685,67.75,67.68,67.71,15978
1760634000,67.7,67.79,67.67,67.72,17966
1760634600,67.72,67.79,67.71,67.765,10365
1760635200,67.76,67.845,67.735,67.835,13974
1760635800,67.83,67.845,67.755,67.76,15065
1760636400,67.76,67.785,67.67,67.73,19166
1760637000,67.72,67.74,67.615,67.63,19309
1760637600,67.63,67.65,67.57,67.62,16821
1760638200,67.63,67.69,67.625,67.67,20211
1760638800,67.665,67.735,67.58,67.59,38178
1760639400,67.59,67.59,67.41,67.57,28758
1760640000,67.56,67.65,67.55,67.64,18664
1760640600,67.65,67.69,67.605,67.635,15075
1760641200,67.63,67.69,67.61,67.62,11687
1760641800,67.615,67.645,67.59,67.62,19545
1760642400,67.62,67.65,67.585,67.625,22288
1760643000,67.625,67.715,67.62,67.645,26634
1760643600,67.65,67.67,67.6,67.655,45073
1760644200,67.65,67.65,67.53,67.575,128805
1760707800,67.92,68.11,67.81,67.9,99370
1760708400,67.9,68.02,67.89,67.965,59012
1760709000,67.96,67.99,67.845,67.945,32408
1760709600,67.945,67.97,67.815,67.93,42526
1760710200,67.92,68.145,67.92,68.145,61487
1760710800,68.15,68.3,68.09,68.27,50187
1760711400,68.26,68.26,68.025,68.05,32414
1760712000,68.055,68.115,67.935,68.055,30020
1760712600,68.065,68.245,68.05,68.21,29563
1760713200,68.205,68.205,68.1,68.14,21995
1760713800,68.125,68.19,68.11,68.15,12590
1760714400,68.155,68.2,68.115,68.14,18417
1760715000,68.13,68.23,68.12,68.18,19495
1760715600,68.18,68.345,68.16,68.33,26188
1760716200,68.325,68.375,68.31,68.33,14507
1760716800,68.335,68.335,68.28,68.325,17687
1760717400,68.33,68.375,68.28,68.3,34695
1760718000,68.3,68.325,68.28,68.28,9518
1760718600,68.28,68.3,68.21,68.22,9769
1760719200,68.22,68.27,68.22,68.27,8569
1760719800,68.28,68.295,68.21,68.225,9814
1760720400,68.225,68.25,68.19,68.2,10428
1760721000,68.215,68.22,68.12,68.145,13306
1760721600,68.15,68.21,68.14,68.2,14102
1760722200,68.205,68.28,68.2,68.27,17791
1760722800,68.26,68.28,68.13,68.15,9039
1760723400,68.16,68.185,68.14,68.18,9079
1760724000,68.19,68.31,68.19,68.29,18318
1760724600,68.29,68.32,68.28,68.31,10013
1760725200,68.32,68.385,68.31,68.38,28640
1760725800,68.375,68.375,68.31,68.33,9970
1760726400,68.33,68.355,68.32,68.34,12675
1760727000,68.35,68.4,68.35,68.38,12991
1760727600,68.38,68.41,68.35,68.36,18934
1760728200,68.37,68.46,68.355,68.385,44846
1760728800,68.39,68.425,68.39,68.42,11640
1760729400,68.425,68.475,68.41,68.47,18370
1760730000,68.475,68.495,68.39,68.42,37113
1760730600,68.43,68.48,68.38,68.45,133034
1760967000,68.425,68.48,67.93,67.93,81185
1760967600,67.935,68.21,67.93,68.175,61296
1760968200,68.18,68.25,68.02,68.07,39733
1760968800,68.06,68.21,68.01,68.125,36970
1760969400,68.12,68.28,68.1,68.13,44035
1760970000,68.13,68.185,68.03,68.03,27218
1760970600,68.03,68.12,67.955,68.095,19125
1760971200,68.1,68.155,68.055,68.15,16588
1760971800,68.16,68.175,68.08,68.09,24237
1760972400,68.08,68.255,68.055,68.16,26521
1760973000,68.155,68.24,68.1,68.225,26672
1760973600,68.23,68.31,68.22,68.29,20196
1760974200,68.3,68.32,68.26,68.31,18203
1760974800,68.31,68.385,68.31,68.385,14342
1760975400,68.38,68.44,68.355,68.355,15618
1760976000,68.36,68.41,68.275,68.36,19263
1760976600,68.36,68.415,68.305,68.405,13888
1760977200,68.405,68.47,68.405,68.445,21425
1760977800,68.45,68.46,68.37,68.44,11255
1760978400,68.44,68.49,68.435,68.48,7801
1760979000,68.48,68.53,68.465,68.485,30133
1760979600,68.49,68.51,68.435,68.47,18558
1760980200,68.475,68.49,68.46,68.49,10794
1760980800,68.49,68.51,68.44,68.44,11712
1760981400,68.435,68.485,68.435,68.45,8284
1760982000,68.45,68.48,68.44,68.47,14779
1760982600,68.47,68.495,68.455,68.495,15869
1760983200,68.5,68.575,68.495,68.535,20858
1760983800,68.535,68.56,68.46,68.46,22990
1760984400,68.45,68.45,68.275,68.34,34682
1760985000,68.35,68.39,68.32,68.36,22877
1760985600,68.35,68.425,68.35,68.41,17313
1760986200,68.4,68.525,68.4,68.51,23650
1760986800,68.51,68.55,68.485,68.53,15679
1760987400,68.53,68.54,68.48,68.535,31652
1760988000,68.535,68.54,68.445,68.445,26308
1760988600,68.445,68.475,68.42,68.445,26718
1760989200,68.44,68.54,68.425,68.48,43564
1760989800,68.47,68.635,68.45,68.48,188111
1761053400,70.62,71.16,70.23,70.68,767797
1761054000,70.66,70.97,70.41,70.87,299765
1761054600,70.88,71.08,70.78,71.08,184677
1761055200,71.09,71.16,70.96,71.07,167380
1761055800,71.075,71.23,70.905,70.925,185894
1761056400,70.91,71.075,70.82,70.9,166402
1761057000,70.895,70.97,70.69,70.8,142999
1761057600,70.795,70.99,70.78,70.83,109519
1761058200,70.825,70.87,70.56,70.635,108716
1761058800,70.63,70.73,70.43,70.64,78682
1761059400,70.64,70.895,70.57,70.82,52385
1761060000,70.8,70.89,70.705,70.74,68768
1761060600,70.73,70.94,70.64,70.89,74254
1761061200,70.88,71.02,70.85,70.99,76598
1761061800,70.99,71.02,70.89,70.89,60114
1761062400,70.89,71.11,70.845,71.04,119086
1761063000,71.03,71.03,70.69,70.72,74425
1761063600,70.73,70.83,70.71,70.725,55757
1761064200,70.72,70.89,70.67,70.8,48695
1761064800,70.8,70.865,70.74,70.85,43750
1761065400,70.85,70.85,70.69,70.71,38994
1761066000,70.7,70.75,70.63,70.7,47710
1761066600,70.695,70.93,70.69,70.89,71807
1761067200,70.89,71.07,70.86,71.07,90918
1761067800,71.08,71.21,71.08,71.21,58667
1761068400,71.22,71.26,71.18,71.22,55959
1761069000,71.225,71.255,71.18,71.2,28207
1761069600,71.2,71.205,71.055,71.17,52991
1761070200,71.18,71.29,71.175,71.275,48774
1761070800,71.27,71.36,71.26,71.34,37620
1761071400,71.35,71.38,71.235,71.24,34326
1761072000,71.23,71.265,71.13,71.13,55700
1761072600,71.13,71.13,71.025,71.08,51954
1761073200,71.06,71.06,70.7,70.715,79477
1761073800,70.715,70.755,70.65,70.725,53413
1761074400,70.725,70.935,70.72,70.905,41729
1761075000,70.905,71.085,70.905,71.065,61335
1761075600,71.07,71.16,71.04,71.12,70410
1761076200,71.12,71.27,71.045,71.25,193926
1761139800,71.36,71.5,70.61,70.7,262680
1761140400,70.69,70.96,70.64,70.92,78451
1761141000,70.915,70.995,70.635,70.68,66326
1761141600,70.68,70.735,70.51,70.58,85878
1761142200,70.58,71.185,70.58,71.13,142061
1761142800,71.14,71.34,71.04,71.34,75226
1761143400,71.33,71.38,71.255,71.38,61963
1761144000,71.375,71.42,71.25,71.32,74806
1761144600,71.315,71.34,71.16,71.24,48329
1761145200,71.235,71.395,71.21,71.27,62929
1761145800,71.26,71.52,71.22,71.44,75943
1761146400,71.45,71.615,71.39,71.45,64472
1761147000,71.45,71.54,71.395,71.505,35213
1761147600,71.51,71.57,71.28,71.35,24343
1761148200,71.345,71.45,71.33,71.38,29845
1761148800,71.38,71.39,71.225,71.26,17439
1761149400,71.265,71.3,71.21,71.23,27247
1761150000,71.23,71.335,71.21,71.23,32383
1761150600,71.22,71.275,71.12,71.275,52300
1761151200,71.28,71.295,71.155,71.245,15173
1761151800,71.25,71.33,71.245,71.255,25154
1761152400,71.25,71.43,71.235,71.34,23204
1761153000,71.35,71.47,71.345,71.44,20017
1761153600,71.45,71.465,71.33,71.4,31790
1761154200,71.4,71.4,71.215,71.23,29343
1761154800,71.22,71.235,71.11,71.18,27687
1761155400,71.195,71.29,71.16,71.23,27770
1761156000,71.23,71.31,71.17,71.28,36311
1761156600,71.27,71.285,71.19,71.205,31661
1761157200,71.2,71.235,71.045,71.065,29772
1761157800,71.07,71.105,71.01,71.1,31066
1761158400,71.11,71.11,71.01,71.04,27042
1761159000,71.045,71.115,71.01,71.035,23755
1761159600,71.03,71.04,70.955,70.955,36447
1761160200,70.96,70.965,70.89,70.93,51178
1761160800,70.935,70.935,70.855,70.875,43443
1761161400,70.875,70.935,70.765,70.825,54398
1761162000,70.82,70.82,70.71,70.71,64848
1761162600,70.71,70.825,70.695,70.78,166510
1761226200,70.875,70.88,70.53,70.7,73919
1761226800,70.73,70.76,70.59,70.635,53678
1761227400,70.625,70.66,70.38,70.41,72050
1761228000,70.405,70.75,70.36,70.47,47194
1761228600,70.46,70.485,70.36,70.48,24211
1761229200,70.48,70.565,70.36,70.375,27927
1761229800,70.38,70.415,70.255,70.255,19407
1761230400,70.25,70.27,70.15,70.155,18795
1761231000,70.16,70.18,70.06,70.06,19745
1761231600,70.05,70.09,69.89,69.92,48038
1761232200,69.925,69.955,69.9,69.955,18057
1761232800,69.96,70.09,69.96,70.03,27765
1761233400,70.03,70.05,69.87,69.87,20651
1761234000,69.87,69.89,69.77,69.81,30693
1761234600,69.8,69.82,69.755,69.815,14687
1761235200,69.82,69.91,69.82,69.86,16340
1761235800,69.865,69.885,69.825,69.84,8964
1761236400,69.84,69.87,69.815,69.84,11251
1761237000,69.84,69.875,69.8,69.86,15585
1761237600,69.87,69.945,69.85,69.85,15447
1761238200,69.84,69.87,69.795,69.82,11296
1761238800,69.83,69.86,69.78,69.82,25126
1761239400,69.83,69.88,69.775,69.795,32054
1761240000,69.8,69.94,69.8,69.935,11005
1761240600,69.94,69.94,69.855,69.87,18356
1761241200,69.88,69.9,69.735,69.735,16242
1761241800,69.73,69.84,69.725,69.795,14306
1761242400,69.8,69.87,69.795,69.8,15985
1761243000,69.81,69.83,69.76,69.78,14585
1761243600,69.77,69.905,69.77,69.85,18172
1761244200,69.85,69.93,69.84,69.91,16494
1761244800,69.92,69.97,69.91,69.95,27577
1761245400,69.955,70.02,69.95,70.015,20585
1761246000,70.02,70.09,70.02,70.06,19149
1761246600,70.06,70.14,70.06,70.115,25467
1761247200,70.115,70.155,70.09,70.115,27860
1761247800,70.12,70.125,70.06,70.06,24027
1761248400,70.055,70.125,70.04,70.06,44879
1761249000,70.06,70.075,69.94,69.945,168215
1761312600,70.05,70.05,69.76,69.89,96493
1761313200,69.89,70.05,69.76,69.835,50262
1761313800,69.84,69.885,69.76,69.8,29539
1761314400,69.79,70.025,69.79,69.94,53094
1761315000,69.93,69.985,69.795,69.875,31681
1761315600,69.88,70.02,69.875,69.97,34180
1761316200,69.98,70,69.775,69.86,37620
1761316800,69.86,69.97,69.84,69.96,18759
1761317400,69.965,69.985,69.92,69.94,21623
1761318000,69.94,69.99,69.9,69.92,34901
1761318600,69.915,69.97,69.88,69.89,18883
1761319200,69.89,69.98,69.82,69.83,21257
1761319800,69.835,69.85,69.795,69.8,30220
1761320400,69.795,69.91,69.73,69.91,22520
1761321000,69.915,69.92,69.82,69.83,10447
1761321600,69.835,69.845,69.76,69.76,9420
1761322200,69.765,69.95,69.745,69.92,20679
1761322800,69.925,69.945,69.885,69.89,16835
1761323400,69.88,69.91,69.86,69.86,14857
1761324000,69.865,69.92,69.82,69.89,20155
1761324600,69.89,69.91,69.81,69.82,10502
1761325200,69.815,69.905,69.785,69.845,13476
1761325800,69.85,69.885,69.85,69.87,11839
1761326400,69.88,69.9,69.825,69.87,14924
1761327000,69.86,69.905,69.85,69.88,14379
1761327600,69.885,69.95,69.87,69.93,23326
1761328200,69.92,69.93,69.885,69.885,9191
1761328800,69.89,69.91,69.835,69.87,20741
1761329400,69.86,69.915,69.86,69.88,11199
1761330000,69.875,69.98,69.87,69.98,20039
1761330600,69.97,70.005,69.905,69.98,25024
1761331200,69.97,70.02,69.97,70.02,20182
1761331800,70.02,70.03,69.93,69.97,21374
1761332400,69.965,70.02,69.945,69.96,39685
1761333000,69.95,69.96,69.81,69.825,26442
1761333600,69.82,69.83,69.77,69.79,29484
1761334200,69.79,69.8,69.725,69.75,51947
1761334800,69.745,69.745,69.64,69.7,64423
1761335400,69.7,69.805,69.69,69.71,115391
1761571800,69.7,69.78,69.39,69.46,95254
1761572400,69.46,69.64,69.32,69.47,36102
1761573000,69.465,69.54,69.43,69.535,18562
1761573600,69.53,69.64,69.52,69.625,28643
1761574200,69.63,69.665,69.35,69.36,37891
1761574800,69.36,69.46,69.31,69.45,28492
1761575400,69.465,69.505,69.42,69.44,24195
1761576000,69.44,69.49,69.42,69.48,15385
1761576600,69.47,69.485,69.405,69.455,9875
1761577200,69.45,69.45,69.32,69.34,17495
1761577800,69.33,69.34,69.251,69.34,22303
1761578400,69.34,69.43,69.33,69.405,25544
1761579000,69.4,69.49,69.385,69.45,16235
1761579600,69.445,69.55,69.445,69.53,30066
1761580200,69.525,69.56,69.48,69.52,23183
1761580800,69.515,69.565,69.5,69.5,15261
1761581400,69.495,69.495,69.4,69.485,29787
1761582000,69.48,69.52,69.455,69.485,21474
1761582600,69.49,69.515,69.475,69.485,9587
1761583200,69.48,69.56,69.47,69.52,21123
1761583800,69.53,69.56,69.515,69.52,12702
1761584400,69.515,69.57,69.48,69.525,19027
1761585000,69.525,69.57,69.51,69.515,27996
1761585600,69.52,69.55,69.5,69.51,14584
1761586200,69.5,69.55,69.47,69.55,20103
1761586800,69.56,69.61,69.545,69.585,22588
1761587400,69.59,69.655,69.585,69.655,20410
1761588000,69.66,69.705,69.64,69.7,15782
1761588600,69.695,69.73,69.65,69.685,16514
1761589200,69.685,69.76,69.68,69.76,20035
1761589800,69.75,69.83,69.73,69.805,25558
1761590400,69.81,69.85,69.795,69.83,27718
1761591000,69.82,69.84,69.8,69.835,19581
1761591600,69.835,69.925,69.835,69.88,27514
1761592200,69.88,69.94,69.88,69.9,27449
1761592800,69.895,69.945,69.895,69.93,17562
1761593400,69.925,69.995,69.9,69.985,20924
1761594000,69.99,70.05,69.94,70.03,37892
1761594600,70.03,70.115,69.93,70.07,125090
1761658200,70.14,70.26,69.95,70.245,45062
1761658800,70.25,70.28,70.1,70.275,39612
1761659400,70.26,70.43,70.25,70.37,29156
1761660000,70.36,70.56,70.35,70.475,42299
1761660600,70.47,70.59,70.45,70.52,22495
1761661200,70.515,70.63,70.48,70.595,46427
1761661800,70.6,70.715,70.59,70.68,23243
1761662400,70.68,70.755,70.68,70.735,23724
1761663000,70.75,70.895,70.74,70.76,18761
1761663600,70.755,70.765,70.65,70.75,15192
1761664200,70.745,70.755,70.68,70.75,17710
1761664800,70.745,70.77,70.65,70.65,19256
1761665400,70.66,70.785,70.65,70.665,17102
1761666000,70.67,70.68,70.585,70.585,20933
1761666600,70.585,70.785,70.58,70.775,17564
1761667200,70.78,70.785,70.695,70.695,12885
1761667800,70.69,70.69,70.575,70.575,9501
1761668400,70.57,70.61,70.51,70.605,25781
1761669000,70.61,70.63,70.565,70.58,16886
1761669600,70.58,70.615,70.515,70.515,12185
1761670200,70.51,70.575,70.495,70.565,72196
1761670800,70.57,70.58,70.53,70.56,17847
1761671400,70.565,70.58,70.415,70.495,14908
1761672000,70.49,70.5,70.4,70.42,8911
1761672600,70.42,70.43,70.31,70.335,21297
1761673200,70.34,70.34,70.21,70.25,26426
1761673800,70.27,70.28,70.155,70.17,9098
1761674400,70.175,70.28,70.175,70.26,18677
1761675000,70.26,70.35,70.26,70.295,11501
1761675600,70.29,70.315,70.24,70.29,24566
1761676200,70.305,70.305,70.13,70.155,17543
1761676800,70.16,70.21,70.15,70.19,9672
1761677400,70.19,70.29,70.17,70.28,24524
1761678000,70.28,70.34,70.2,70.2,18161
1761678600,70.2,70.35,70.195,70.3,21943
1761679200,70.3,70.36,70.27,70.33,16544
1761679800,70.335,70.345,70.26,70.26,25110
1761680400,70.26,70.285,70.15,70.15,27394
1761681000,70.16,70.235,70.16,70.185,94252
1761744600,69.94,70.02,69.4,69.57,74171
1761745200,69.58,69.6,69.14,69.18,85334
1761745800,69.19,69.22,69.01,69.135,67724
1761746400,69.145,69.32,69.13,69.29,50876
1761747000,69.3,69.33,69.03,69.06,63377
1761747600,69.06,69.06,68.855,68.96,68586
1761748200,68.97,69,68.71,68.74,69741
1761748800,68.74,68.87,68.72,68.805,44163
1761749400,68.8,68.82,68.685,68.74,33313
1761750000,68.745,68.76,68.61,68.63,41037
1761750600,68.63,68.685,68.51,68.53,37873
1761751200,68.52,68.595,68.48,68.54,47864
1761751800,68.54,68.545,68.44,68.45,30448
1761752400,68.45,68.56,68.445,68.47,43811
1761753000,68.465,68.52,68.325,68.36,45297
1761753600,68.355,68.6,68.355,68.6,34602
1761754200,68.59,68.59,68.405,68.455,31085
1761754800,68.46,68.47,68.335,68.375,35025
1761755400,68.375,68.375,68.2,68.2,31689
1761756000,68.2,68.255,68.155,68.25,14726
1761756600,68.26,68.33,68.235,68.32,46420
1761757200,68.325,68.37,68.215,68.29,26269
1761757800,68.285,68.46,68.265,68.41,18569
1761758400,68.405,68.42,68.26,68.28,21816
1761759000,68.29,68.39,68.255,68.39,17023
1761759600,68.39,68.43,68.33,68.36,21018
1761760200,68.37,68.37,68.23,68.25,39902
1761760800,68.26,68.44,68.25,68.36,27609
1761761400,68.37,68.38,68.31,68.33,29698
1761762000,68.325,68.43,68.315,68.42,30004
1761762600,68.425,68.475,68.32,68.42,77113
1761763200,68.41,68.52,68.35,68.52,87712
1761763800,68.53,68.575,68.46,68.55,44887
1761764400,68.54,68.55,68.31,68.39,57538
1761765000,68.39,68.48,68.345,68.45,44660
1761765600,68.46,68.51,68.45,68.455,41648
1761766200,68.455,68.46,68.38,68.425,45860
1761766800,68.42,68.535,68.33,68.48,71768
1761767400,68.48,68.49,68.29,68.385,206022
1761831000,68.4,69.18,68.4,69.01,104732
1761831600,69.01,69.01,68.76,68.84,52835
1761832200,68.83,69.04,68.8,69.025,41514
1761832800,69.03,69.185,68.97,69.185,43446
1761833400,69.185,69.275,69.1,69.11,37735
1761834000,69.1,69.21,69.1,69.13,19715
1761834600,69.14,69.26,69.14,69.21,43869
1761835200,69.21,69.21,69.12,69.15,27433
1761835800,69.155,69.28,69.15,69.21,24767
1761836400,69.215,69.28,69.13,69.23,31923
1761837000,69.22,69.28,69.21,69.25,19998
1761837600,69.255,69.285,69,69.01,31477
1761838200,69.01,69.06,68.92,68.95,21900
1761838800,68.96,69.08,68.95,69.08,16339
1761839400,69.075,69.09,68.98,68.99,12002
1761840000,68.98,69.035,68.9,68.925,11940
1761840600,68.92,68.98,68.885,68.96,29141
1761841200,68.965,69.03,68.94,69.03,16431
1761841800,69.03,69.08,68.9,68.91,21734
1761842400,68.905,68.935,68.855,68.86,19574
1761843000,68.86,68.95,68.86,68.9,11947
1761843600,68.89,68.94,68.87,68.9,10920
1761844200,68.9,68.935,68.86,68.89,15336
1761844800,68.885,68.885,68.78,68.84,8826
1761845400,68.845,68.87,68.82,68.82,15130
1761846000,68.825,68.845,68.79,68.835,9882
1761846600,68.82,68.84,68.77,68.805,9708
1761847200,68.8,68.825,68.69,68.705,19416
1761847800,68.705,68.815,68.705,68.81,16620
1761848400,68.82,68.835,68.765,68.835,15431
1761849000,68.84,68.86,68.82,68.855,15423
1761849600,68.85,68.905,68.82,68.9,18800
1761850200,68.89,68.935,68.865,68.865,19151
1761850800,68.865,68.975,68.8,68.975,13727
1761851400,68.98,69.01,68.945,68.97,22148
1761852000,68.975,69.025,68.975,69.015,35981
1761852600,69.01,69.11,69.01,69.07,25311
1761853200,69.06,69.08,68.955,68.955,49874
1761853800,68.95,69.04,68.87,68.975,184696
1761917400,68.59,68.59,67.91,68.13,75990
1761918000,68.13,68.26,68.04,68.24,26836
1761918600,68.23,68.33,68.16,68.25,36601
1761919200,68.25,68.37,68.11,68.34,33353
1761919800,68.33,68.51,68.32,68.46,32372
1761920400,68.46,68.6,68.415,68.57,18930
1761921000,68.58,68.62,68.43,68.605,17554
1761921600,68.6,68.65,68.555,68.61,22050
1761922200,68.6,68.62,68.48,68.49,22905
1761922800,68.505,68.55,68.355,68.38,15725
1761923400,68.38,68.455,68.3,68.455,14647
1761924000,68.455,68.55,68.455,68.48,15165
1761924600,68.495,68.6,68.48,68.59,16973
1761925200,68.6,68.65,68.565,68.635,12370
1761925800,68.645,68.79,68.635,68.77,16543
1761926400,68.765,68.79,68.65,68.69,12414
1761927000,68.7,68.74,68.695,68.74,10978
1761927600,68.75,68.83,68.71,68.83,15331
1761928200,68.83,68.94,68.83,68.91,16897
1761928800,68.91,68.93,68.8,68.83,12059
1761929400,68.82,68.915,68.82,68.89,20538
1761930000,68.89,68.96,68.83,68.83,16843
1761930600,68.84,68.86,68.8,68.82,5779
1761931200,68.815,68.815,68.68,68.68,7165
1761931800,68.67,68.79,68.67,68.78,10327
1761932400,68.78,68.85,68.78,68.815,5711
1761933000,68.82,68.825,68.745,68.78,14707
1761933600,68.78,68.915,68.78,68.87,7258
1761934200,68.87,68.895,68.77,68.825,10994
1761934800,68.825,68.83,68.785,68.785,6660
1761935400,68.79,68.87,68.79,68.87,6918
1761936000,68.865,68.885,68.825,68.825,8280
1761936600,68.825,68.945,68.825,68.91,9327
1761937200,68.92,68.93,68.76,68.77,13755
1761937800,68.78,68.915,68.78,68.87,16370
1761938400,68.87,68.945,68.87,68.935,13954
1761939000,68.935,69.07,68.935,69.04,29454
1761939600,69.03,69.065,68.95,68.95,48228
1761940200,68.95,68.98,68.85,68.9,162764
1762180200,68.84,68.84,68.17,68.21,76232
1762180800,68.22,68.27,68.09,68.14,45537
1762181400,68.14,68.24,68.01,68.06,35818
1762182000,68.055,68.17,68.01,68.17,32571
1762182600,68.175,68.225,68.085,68.125,24022
1762183200,68.125,68.195,67.96,67.96,50941
1762183800,67.95,67.98,67.83,67.84,38486
1762184400,67.845,67.965,67.805,67.86,35446
1762185000,67.85,67.85,67.695,67.72,53287
1762185600,67.715,67.87,67.7,67.715,52132
1762186200,67.715,67.765,67.66,67.765,39392
1762186800,67.765,67.995,67.72,67.98,53795
1762187400,68,68.065,67.99,68.02,31792
1762188000,68.01,68.08,68,68.05,26817
1762188600,68.04,68.05,67.96,67.975,21262
1762189200,67.975,68.08,67.96,68,33169
1762189800,68.01,68.02,67.875,67.925,13672
1762190400,67.92,67.935,67.86,67.88,14956
1762191000,67.87,67.87,67.69,67.71,28701
1762191600,67.715,67.805,67.71,67.785,19534
1762192200,67.78,67.82,67.755,67.79,29461
1762192800,67.785,67.815,67.725,67.8,16621
1762193400,67.795,67.845,67.76,67.79,17514
1762194000,67.79,67.81,67.71,67.725,18192
1762194600,67.73,67.835,67.73,67.83,13328
1762195200,67.825,67.905,67.82,67.82,31827
1762195800,67.815,67.815,67.715,67.75,43044
1762196400,67.755,67.88,67.75,67.88,19112
1762197000,67.875,67.935,67.835,67.93,17599
1762197600,67.92,68.005,67.895,67.95,34988
1762198200,67.95,68.06,67.925,67.98,25069
1762198800,67.985,68.015,67.935,68,19086
1762199400,68,68,67.91,67.915,25434
1762200000,67.91,68.035,67.88,68.025,28766
1762200600,68.02,68.07,67.99,68.02,29941
1762201200,68.02,68.115,68.01,68.09,38644
1762201800,68.09,68.11,68,68.02,38859
1762202400,68.02,68.09,67.995,68.01,67183
1762203000,68.015,68.115,67.96,67.99,149012
1762266600,68.4,68.54,68.17,68.45,96337
1762267200,68.45,68.53,68.35,68.425,35822
1762267800,68.425,68.51,68.235,68.29,45087
1762268400,68.29,68.55,68.28,68.51,48196
1762269000,68.5,68.51,68.415,68.46,26401
1762269600,68.46,68.56,68.405,68.505,27772
1762270200,68.5,68.62,68.48,68.61,27145
1762270800,68.6,68.66,68.56,68.62,23400
1762271400,68.625,68.69,68.58,68.6,28542
1762272000,68.605,68.645,68.56,68.635,16342
1762272600,68.63,68.68,68.61,68.625,17112
1762273200,68.625,68.695,68.55,68.56,16300
1762273800,68.565,68.565,68.52,68.56,13620
1762274400,68.56,68.625,68.52,68.61,10733
1762275000,68.61,68.64,68.55,68.58,14841
1762275600,68.58,68.58,68.44,68.44,13480
1762276200,68.44,68.47,68.41,68.42,11242
1762276800,68.43,68.44,68.32,68.34,13003
1762277400,68.345,68.35,68.21,68.21,12483
1762278000,68.21,68.345,68.19,68.32,9518
1762278600,68.32,68.35,68.25,68.25,7989
1762279200,68.245,68.25,68.18,68.195,9119
1762279800,68.2,68.27,68.16,68.25,9190
1762280400,68.25,68.305,68.2,68.285,7427
1762281000,68.285,68.3,68.26,68.29,8359
1762281600,68.295,68.33,68.23,68.23,7512
1762282200,68.23,68.3,68.2,68.29,5806
1762282800,68.29,68.34,68.285,68.34,7773
1762283400,68.33,68.38,68.3,68.305,7251
1762284000,68.305,68.36,68.3,68.32,7300
1762284600,68.31,68.38,68.285,68.38,12582
1762285200,68.37,68.48,68.37,68.475,11719
1762285800,68.485,68.53,68.48,68.5,9386
1762286400,68.49,68.54,68.46,68.51,11098
1762287000,68.51,68.545,68.495,68.54,9897
1762287600,68.54,68.6,68.54,68.59,22470
1762288200,68.59,68.655,68.545,68.595,28195
1762288800,68.595,68.67,68.575,68.58,34265
1762289400,68.58,68.725,68.58,68.68,87775
1762353000,68.73,68.85,68.545,68.66,46942
1762353600,68.67,68.67,68.44,68.54,34089
1762354200,68.54,68.56,68.43,68.46,22216
1762354800,68.45,68.515,68.4,68.51,20866
1762355400,68.52,68.63,68.5,68.5,19243
1762356000,68.495,68.53,68.41,68.425,21312
1762356600,68.43,68.59,68.42,68.56,14816
1762357200,68.55,68.555,68.34,68.41,16378
1762357800,68.415,68.435,68.31,68.36,20213
1762358400,68.36,68.36,68.27,68.335,17164
1762359000,68.33,68.47,68.33,68.47,7607
1762359600,68.465,68.48,68.39,68.39,14505
1762360200,68.39,68.455,68.39,68.405,7986
1762360800,68.41,68.43,68.31,68.355,15844
1762361400,68.355,68.54,68.355,68.51,11589
1762362000,68.51,68.52,68.44,68.45,8066
1762362600,68.45,68.48,68.42,68.45,17648
1762363200,68.45,68.49,68.425,68.47,8260
1762363800,68.485,68.49,68.41,68.41,7517
1762364400,68.415,68.425,68.36,68.38,9561
1762365000,68.38,68.405,68.36,68.375,8348
1762365600,68.375,68.41,68.32,68.33,13920
1762366200,68.33,68.4,68.33,68.355,8345
1762366800,68.35,68.4,68.325,68.33,9058
1762367400,68.32,68.32,68.235,68.25,13017
1762368000,68.25,68.255,68.19,68.21,14163
1762368600,68.2,68.24,68.17,68.24,10562
1762369200,68.24,68.295,68.24,68.275,14554
1762369800,68.27,68.34,68.215,68.325,12979
1762370400,68.34,68.34,68.285,68.32,10158
1762371000,68.32,68.38,68.315,68.38,10615
1762371600,68.39,68.4,68.335,68.365,17262
1762372200,68.36,68.36,68.29,68.31,11009
1762372800,68.315,68.41,68.315,68.37,11265
1762373400,68.37,68.38,68.315,68.37,19449
1762374000,68.365,68.395,68.335,68.345,25292
1762374600,68.35,68.4,68.325,68.365,34380
1762375200,68.365,68.44,68.34,68.44,30049
1762375800,68.45,68.635,68.45,68.495,200287
1762439400,68.39,68.47,68.07,68.29,77824
1762440000,68.28,68.4,68.05,68.07,39116
1762440600,68.06,68.25,67.92,68.25,63163
1762441200,68.265,68.37,68.13,68.36,58510
1762441800,68.37,68.43,68.25,68.42,26938
1762442400,68.43,68.43,68.27,68.35,30199
1762443000,68.355,68.67,68.35,68.66,41647
1762443600,68.66,68.81,68.6,68.75,36388
1762444200,68.74,68.82,68.64,68.79,27604
1762444800,68.795,68.795,68.64,68.765,23086
1762445400,68.76,68.92,68.705,68.92,25903
1762446000,68.92,68.93,68.85,68.86,30057
1762446600,68.87,68.925,68.83,68.89,17105
1762447200,68.895,69.03,68.895,69.03,35878
1762447800,69.03,69.04,68.885,68.915,22620
1762448400,68.91,68.99,68.83,68.975,20862
1762449000,68.97,68.99,68.91,68.945,23998
1762449600,68.94,69.05,68.93,69,20078
1762450200,69,69.025,68.88,68.925,11048
1762450800,68.92,68.92,68.74,68.74,14800
1762451400,68.73,68.73,68.66,68.675,10520
1762452000,68.67,68.8,68.625,68.75,14918
1762452600,68.75,68.77,68.695,68.76,6620
1762453200,68.77,68.775,68.675,68.71,11317
1762453800,68.71,68.75,68.7,68.7,10906
1762454400,68.7,68.75,68.695,68.73,14744
1762455000,68.725,68.82,68.705,68.8,12748
1762455600,68.805,68.815,68.71,68.725,11364
1762456200,68.72,68.76,68.655,68.72,14096
1762456800,68.73,68.76,68.69,68.69,8206
1762457400,68.68,68.7,68.635,68.675,9338
1762458000,68.675,68.765,68.665,68.745,14345
1762458600,68.75,68.825,68.745,68.825,13283
1762459200,68.83,68.9,68.815,68.87,19986
1762459800,68.87,68.985,68.87,68.92,30965
1762460400,68.93,68.97,68.885,68.97,20962
1762461000,68.97,68.985,68.89,68.91,32985
1762461600,68.92,68.99,68.9,68.99,53013
1762462200,68.99,69.13,68.96,69.075,237106
1762525800,69.78,70.24,69.41,70.2,332380
1762526400,70.2,70.42,70.09,70.38,108856
1762527000,70.36,70.445,70.12,70.21,78851
1762527600,70.21,70.58,70.2,70.39,128282
1762528200,70.38,70.43,70.22,70.32,44873
1762528800,70.33,70.395,70.21,70.35,42309
1762529400,70.34,70.46,70.3,70.39,51918
1762530000,70.385,70.515,70.29,70.4,54440
1762530600,70.405,70.53,70.23,70.49,35605
1762531200,70.49,70.67,70.44,70.67,56234
1762531800,70.67,70.85,70.67,70.73,43700
1762532400,70.725,70.76,70.61,70.66,40222
1762533000,70.67,70.755,70.66,70.72,38709
1762533600,70.72,70.865,70.72,70.81,39293
1762534200,70.805,70.815,70.74,70.78,43168
1762534800,70.78,70.83,70.735,70.83,55128
1762535400,70.83,70.84,70.565,70.58,42818
1762536000,70.575,70.61,70.425,70.495,30262
1762536600,70.49,70.53,70.445,70.51,26430
1762537200,70.515,70.7,70.515,70.695,36223
1762537800,70.69,70.695,70.515,70.535,24914
1762538400,70.53,70.565,70.415,70.45,26085
1762539000,70.45,70.47,70.36,70.415,37959
1762539600,70.41,70.46,70.31,70.32,33757
1762540200,70.33,70.44,70.32,70.36,52059
1762540800,70.36,70.51,70.33,70.505,60401
1762541400,70.5,70.51,70.37,70.41,42438
1762542000,70.415,70.515,70.4,70.44,53006
1762542600,70.43,70.495,70.425,70.46,75092
1762543200,70.455,70.525,70.45,70.505,49956
1762543800,70.51,70.57,70.49,70.515,54022
1762544400,70.51,70.545,70.475,70.485,57468
1762545000,70.485,70.5,70.39,70.405,53743
1762545600,70.405,70.445,70.39,70.44,55705
1762546200,70.44,70.525,70.43,70.52,70200
1762546800,70.53,70.62,70.51,70.605,73234
1762547400,70.61,70.615,70.51,70.535,75941
1762548000,70.54,70.625,70.5,70.53,126578
1762548600,70.54,70.625,70.485,70.55,266548
1762785000,70.13,70.24,69.83,69.83,278718
1762785600,69.82,69.91,69.69,69.905,68217
1762786200,69.91,69.965,69.82,69.84,35297
1762786800,69.845,69.935,69.72,69.88,33841
1762787400,69.87,69.95,69.7,69.73,40380
1762788000,69.73,69.74,69.51,69.56,31445
1762788600,69.55,69.745,69.45,69.73,39916
1762789200,69.73,69.95,69.72,69.9,34649
1762789800,69.9,70.03,69.88,70.03,25365
1762790400,70.025,70.105,69.975,70.07,28081
1762791000,70.07,70.11,69.91,69.91,43490
1762791600,69.9,70,69.82,69.825,25992
1762792200,69.82,69.82,69.64,69.72,34308
1762792800,69.7,69.715,69.585,69.665,23671
1762793400,69.66,69.855,69.65,69.845,23340
1762794000,69.85,69.905,69.785,69.84,48661
1762794600,69.84,69.93,69.8,69.9,36336
1762795200,69.9,69.98,69.86,69.975,21787
1762795800,69.98,70.01,69.98,69.98,12530
1762796400,69.99,70.025,69.845,69.92,47642
1762797000,69.91,70,69.9,69.955,21554
1762797600,69.94,69.995,69.92,69.98,16288
1762798200,69.985,70.01,69.955,69.98,24773
1762798800,69.985,70.015,69.94,70.015,18767
1762799400,70.02,70.15,70.02,70.15,16580
1762800000,70.16,70.22,70.155,70.18,13812
1762800600,70.19,70.23,70.17,70.23,10239
1762801200,70.23,70.295,70.16,70.17,19263
1762801800,70.18,70.22,70.18,70.185,5141
1762802400,70.19,70.25,70.19,70.25,7154
1762803000,70.25,70.305,70.195,70.28,16864
1762803600,70.29,70.345,70.29,70.315,13010
1762804200,70.32,70.36,70.305,70.36,12094
1762804800,70.355,70.47,70.34,70.46,13615
1762805400,70.46,70.525,70.445,70.495,16843
1762806000,70.5,70.51,70.45,70.455,21180
1762806600,70.46,70.54,70.46,70.535,15762
1762807200,70.535,70.63,70.52,70.555,27998
1762807800,70.55,70.66,70.5,70.52,108527
1762871400,70.73,71.01,70.73,70.91,66139
1762872000,70.89,70.93,70.76,70.925,30140
1762872600,70.93,70.97,70.8,70.8,41768
1762873200,70.78,70.845,70.66,70.82,27685
1762873800,70.815,70.94,70.815,70.935,22292
1762874400,70.94,70.96,70.8,70.92,18961
1762875000,70.93,71.02,70.9,70.995,55878
1762875600,70.99,71.03,70.78,71.02,28190
1762876200,71.01,71.165,70.99,71,27532
1762876800,71,71.215,70.99,71.21,33588
1762877400,71.2,71.205,71.005,71.01,16060
1762878000,71,71.295,70.99,71.255,27366
1762878600,71.25,71.315,71.21,71.285,26148
1762879200,71.285,71.36,71.25,71.35,18729
1762879800,71.36,71.405,71.32,71.405,15569
1762880400,71.4,71.455,71.33,71.33,15774
1762881000,71.335,71.345,71.3,71.31,9930
1762881600,71.3,71.375,71.295,71.33,12933
1762882200,71.32,71.33,71.27,71.29,11314
1762882800,71.3,71.35,71.3,71.33,8748
1762883400,71.335,71.365,71.29,71.34,8695
1762884000,71.35,71.475,71.35,71.47,15375
1762884600,71.47,71.5,71.455,71.475,21732
1762885200,71.47,71.53,71.47,71.5,21402
1762885800,71.505,71.53,71.45,71.475,20752
1762886400,71.47,71.52,71.395,71.46,10011
1762887000,71.47,71.51,71.43,71.46,12813
1762887600,71.46,71.53,71.44,71.53,17300
1762888200,71.535,71.655,71.535,71.615,27645
1762888800,71.62,71.69,71.61,71.68,14471
1762889400,71.68,71.69,71.635,71.635,23821
1762890000,71.635,71.635,71.58,71.615,19393
1762890600,71.62,71.645,71.585,71.6,26921
1762891200,71.61,71.675,71.58,71.665,22621
1762891800,71.665,71.67,71.595,71.605,34458
1762892400,71.605,71.625,71.59,71.62,17476
1762893000,71.615,71.635,71.545,71.58,46290
1762893600,71.58,71.65,71.58,71.625,35602
1762894200,71.63,71.75,71.57,71.65,128122
1762957800,71.49,71.73,71.34,71.725,64995
1762958400,71.725,71.775,71.645,71.745,27826
1762959000,71.75,71.78,71.54,71.595,43104
1762959600,71.61,71.745,71.56,71.62,26569
1762960200,71.61,71.815,71.595,71.79,56378
1762960800,71.79,71.8,71.6,71.62,31537
1762961400,71.62,71.835,71.6,71.73,14557
1762962000,71.73,71.8,71.72,71.75,11952
1762962600,71.755,71.84,71.73,71.78,20650
1762963200,71.78,71.83,71.75,71.82,18801
1762963800,71.82,71.87,71.775,71.82,13700
1762964400,71.81,71.88,71.74,71.75,11289
1762965000,71.75,71.75,71.61,71.66,8573
1762965600,71.69,71.8,71.69,71.76,15806
1762966200,71.76,71.76,71.655,71.71,11688
1762966800,71.715,71.77,71.715,71.75,12551
1762967400,71.75,71.795,71.75,71.785,6866
1762968000,71.78,71.795,71.7,71.7,12608
1762968600,71.69,71.715,71.6,71.675,22147
1762969200,71.68,71.77,71.67,71.755,11320
1762969800,71.75,71.755,71.69,71.7,12761
1762970400,71.7,71.75,71.685,71.71,12504
1762971000,71.705,71.735,71.66,71.66,11229
1762971600,71.665,71.75,71.665,71.72,8678
1762972200,71.71,71.71,71.61,71.71,39727
1762972800,71.715,71.805,71.7,71.795,16330
1762973400,71.79,71.81,71.75,71.81,11039
1762974000,71.81,71.81,71.72,71.765,8968
1762974600,71.76,71.785,71.695,71.72,9755
1762975200,71.72,71.73,71.695,71.72,10856
1762975800,71.715,71.745,71.7,71.72,10242
1762976400,71.72,71.72,71.685,71.71,10232
1762977000,71.71,71.71,71.665,71.69,16574
1762977600,71.69,71.72,71.65,71.665,10735
1762978200,71.66,71.72,71.66,71.67,19234
1762978800,71.67,71.69,71.64,71.675,14499
1762979400,71.67,71.71,71.65,71.69,30432
1762980000,71.685,71.695,71.645,71.67,43168
1762980600,71.68,71.705,71.54,71.54,140626
1763044200,71.34,71.46,71.18,71.41,53529
1763044800,71.405,71.54,71.35,71.43,30875
1763045400,71.43,71.44,71.2,71.28,27384
1763046000,71.28,71.385,71.15,71.2,40129
1763046600,71.2,71.25,71.02,71.19,37105
1763047200,71.19,71.35,71.165,71.26,24480
1763047800,71.25,71.305,71.19,71.22,23650
1763048400,71.22,71.38,71.14,71.34,22720
1763049000,71.33,71.39,71.165,71.165,16593
1763049600,71.16,71.385,71.03,71.24,37204
1763050200,71.245,71.37,71.175,71.36,19794
1763050800,71.355,71.355,71.21,71.25,15690
1763051400,71.25,71.355,71.225,71.33,36912
1763052000,71.33,71.385,71.305,71.32,14725
1763052600,71.325,71.485,71.31,71.46,21666
1763053200,71.445,71.46,71.37,71.455,12168
1763053800,71.45,71.475,71.4,71.47,13087
1763054400,71.465,71.485,71.42,71.45,10731
1763055000,71.45,71.525,71.43,71.43,20687
1763055600,71.42,71.48,71.41,71.435,11537
1763056200,71.44,71.52,71.435,71.495,14693
1763056800,71.49,71.54,71.47,71.525,8157
1763057400,71.525,71.555,71.505,71.55,9054
1763058000,71.545,71.645,71.545,71.61,15268
1763058600,71.6,71.66,71.58,71.61,11972
1763059200,71.59,71.61,71.52,71.57,13249
1763059800,71.57,71.65,71.57,71.575,12596
1763060400,71.58,71.625,71.545,71.57,10321
1763061000,71.57,71.625,71.53,71.555,11436
1763061600,71.56,71.57,71.39,71.42,16665
1763062200,71.43,71.47,71.29,71.305,10769
1763062800,71.305,71.355,71.29,71.345,8398
1763063400,71.34,71.395,71.3,71.355,12536
1763064000,71.36,71.45,71.34,71.4,17033
1763064600,71.4,71.455,71.37,71.42,17234
1763065200,71.42,71.43,71.38,71.38,11946
1763065800,71.37,71.405,71.34,71.38,26319
1763066400,71.375,71.38,71.22,71.23,28156
1763067000,71.24,71.255,71,71.09,132441
1763130600,71.43,71.64,71.02,71.23,114362
1763131200,71.24,71.24,70.84,71,81709
1763131800,70.995,71.06,70.74,70.795,42539
1763132400,70.79,70.96,70.77,70.94,26434
1763133000,70.93,71.13,70.8,71.06,15445
1763133600,71.08,71.09,70.77,70.89,33379
1763134200,70.87,70.915,70.79,70.8,17598
1763134800,70.81,70.81,70.66,70.81,21259
1763135400,70.82,70.98,70.78,70.85,17726
1763136000,70.85,70.95,70.81,70.85,13657
1763136600,70.83,70.85,70.77,70.85,11818
1763137200,70.86,70.86,70.63,70.69,13653
1763137800,70.69,70.695,70.63,70.66,21279
1763138400,70.685,70.735,70.6,70.625,15141
1763139000,70.63,70.71,70.61,70.69,11350
1763139600,70.69,70.72,70.63,70.72,9678
1763140200,70.72,70.76,70.68,70.76,18481
1763140800,70.765,70.8,70.72,70.765,10698
1763141400,70.77,70.92,70.76,70.92,6679
1763142000,70.925,70.985,70.92,70.98,10161
1763142600,70.98,70.985,70.89,70.91,8989
1763143200,70.895,70.895,70.845,70.89,8080
1763143800,70.895,70.905,70.84,70.84,11082
1763144400,70.83,70.83,70.78,70.805,6117
1763145000,70.8,70.9,70.8,70.85,11166
1763145600,70.84,70.87,70.815,70.815,10131
1763146200,70.815,70.82,70.77,70.795,19911
1763146800,70.8,70.885,70.78,70.87,29736
1763147400,70.88,70.88,70.795,70.84,17129
1763148000,70.865,70.965,70.84,70.9,13172
1763148600,70.89,70.995,70.88,70.98,10816
1763149200,70.99,71.035,70.97,70.99,12338
1763149800,70.99,71.05,70.94,71.03,11203
1763150400,71.025,71.06,71.01,71.025,14870
1763151000,71.025,71.055,70.965,70.98,13885
1763151600,70.98,71,70.93,70.93,12887
1763152200,70.93,70.98,70.905,70.975,14929
1763152800,70.98,71.06,70.97,71.01,30341
1763153400,71.01,71.17,70.98,71.155,117465
1763389800,71.22,71.31,70.875,71.07,75885
1763390400,71.085,71.09,70.91,70.935,24630
1763391000,70.94,71.22,70.9,71.19,30839
1763391600,71.205,71.39,71.13,71.37,23766
1763392200,71.37,71.52,71.27,71.5,51598
1763392800,71.49,71.49,71.18,71.235,34186
1763393400,71.23,71.31,71.19,71.28,33943
1763394000,71.27,71.295,71.2,71.245,17728
1763394600,71.24,71.32,71.17,71.255,19196
1763395200,71.25,71.28,71.19,71.19,15938
1763395800,71.19,71.205,71.07,71.11,16658
1763396400,71.115,71.16,70.97,71.02,18263
1763397000,71.04,71.145,71.03,71.1,11465
1763397600,71.12,71.255,71.12,71.25,10911
1763398200,71.25,71.31,71.25,71.255,13391
1763398800,71.25,71.3,71.245,71.27,9222
1763399400,71.28,71.305,71.215,71.24,13644
1763400000,71.235,71.28,71.195,71.24,10117
1763400600,71.235,71.235,71.15,71.195,15735
1763401200,71.2,71.23,71.15,71.17,8994
1763401800,71.17,71.175,71.07,71.12,16596
1763402400,71.11,71.11,71.065,71.1,9299
1763403000,71.105,71.155,71.07,71.08,9299
1763403600,71.1,71.235,71.1,71.235,7414
1763404200,71.24,71.265,71.195,71.215,8201
1763404800,71.21,71.255,71.2,71.255,6817
1763405400,71.25,71.29,71.23,71.235,10650
1763406000,71.22,71.34,71.18,71.22,19302
1763406600,71.225,71.28,71.17,71.26,9439
1763407200,71.25,71.275,71.24,71.26,9740
1763407800,71.26,71.26,71.18,71.22,9099
1763408400,71.22,71.235,71.145,71.16,17441
1763409000,71.15,71.215,71.13,71.13,13774
1763409600,71.12,71.135,71.055,71.12,17754
1763410200,71.11,71.135,71.05,71.095,18032
1763410800,71.09,71.09,70.95,71,26193
1763411400,70.99,71.035,70.96,70.995,32449
1763412000,70.99,70.99,70.8,70.805,46487
1763412600,70.8,70.815,70.62,70.675,155156
1763476200,70.99,71.07,70.59,70.91,101925
1763476800,70.9,71.25,70.87,70.96,47729
1763477400,70.96,70.97,70.75,70.92,21379
1763478000,70.91,71.13,70.87,71.05,35702
1763478600,71.04,71.21,70.99,71.02,29447
1763479200,71.025,71.08,70.9,71,31701
1763479800,71.01,71.025,70.9,70.96,36012
1763480400,70.95,70.965,70.83,70.95,37184
1763481000,70.945,70.995,70.805,70.86,26945
1763481600,70.83,70.87,70.73,70.75,22193
1763482200,70.76,70.83,70.74,70.78,16489
1763482800,70.78,70.815,70.66,70.72,24304
1763483400,70.72,70.79,70.575,70.72,24584
1763484000,70.71,70.93,70.71,70.91,21759
1763484600,70.9,70.955,70.82,70.895,16008
1763485200,70.89,70.98,70.86,70.975,14755
1763485800,70.98,71.095,70.98,71.06,11421
1763486400,71.06,71.085,71.035,71.04,10756
1763487000,71.04,71.05,70.95,71,13158
1763487600,70.995,71.12,70.96,71.09,8395
1763488200,71.1,71.155,71.08,71.11,21113
1763488800,71.11,71.15,71.09,71.12,10700
1763489400,71.12,71.19,71.1,71.15,18708
1763490000,71.15,71.23,71.12,71.225,10573
1763490600,71.22,71.27,71.21,71.24,8122
1763491200,71.24,71.27,71.22,71.25,9932
1763491800,71.245,71.28,71.215,71.235,13710
1763492400,71.235,71.29,71.195,71.24,12394
1763493000,71.23,71.26,71.19,71.25,12478
1763493600,71.24,71.25,71.17,71.23,12252
1763494200,71.23,71.23,71.14,71.19,9947
1763494800,71.185,71.225,71.17,71.19,19607
1763495400,71.195,71.28,71.185,71.21,22303
1763496000,71.22,71.3,71.22,71.24,13164
1763496600,71.24,71.28,71.205,71.22,12585
1763497200,71.21,71.255,71.195,71.235,26549
1763497800,71.24,71.255,71.175,71.21,16453
1763498400,71.21,71.25,71.17,71.17,29951
1763499000,71.2,71.34,71.175,71.24,147693
1763562600,71.21,71.24,70.98,71.03,63705
1763563200,71.025,71.18,71.01,71.06,32327
1763563800,71.04,71.17,70.91,70.91,29520
1763564400,70.91,71.02,70.82,70.96,18574
1763565000,70.96,71.02,70.9,70.99,21779
1763565600,71,71.05,70.94,70.99,19885
1763566200,71,71.08,71,71.025,10674
1763566800,71.03,71.13,71.03,71.07,7767
1763567400,71.07,71.125,70.94,70.95,15243
1763568000,70.96,71.075,70.91,70.93,8885
1763568600,70.95,71,70.915,70.93,5902
1763569200,70.93,71.02,70.9,70.93,8668
1763569800,70.925,70.98,70.905,70.955,7320
1763570400,70.94,71.075,70.9,71.04,8266
1763571000,71.05,71.205,71.05,71.18,12587
1763571600,71.19,71.41,71.19,71.41,24833
1763572200,71.41,71.44,71.28,71.29,15256
1763572800,71.28,71.42,71.24,71.38,11124
1763573400,71.38,71.435,71.37,71.4,13493
1763574000,71.405,71.435,71.33,71.33,19492
1763574600,71.31,71.4,71.27,71.33,12296
1763575200,71.33,71.43,71.315,71.355,13100
1763575800,71.36,71.385,71.34,71.365,11028
1763576400,71.365,71.43,71.365,71.39,18404
1763577000,71.395,71.43,71.355,71.395,21965
1763577600,71.4,71.435,71.375,71.415,26107
1763578200,71.41,71.415,71.355,71.37,23280
1763578800,71.37,71.41,71.33,71.35,17883
1763579400,71.33,71.33,71.23,71.255,17666
1763580000,71.25,71.26,71.115,71.15,20274
1763580600,71.15,71.15,71.075,71.115,16695
1763581200,71.12,71.13,71.005,71.055,23583
1763581800,71.06,71.19,71.05,71.16,31523
1763582400,71.16,71.2,71.145,71.19,18862
1763583000,71.2,71.23,71.165,71.19,44805
1763583600,71.19,71.195,71.1,71.11,36728
1763584200,71.1,71.24,71.1,71.205,46389
1763584800,71.205,71.22,71.065,71.075,47129
1763585400,71.09,71.235,71.075,71.12,103119
1763649000,70.96,71.09,70.655,70.75,118259
1763649600,70.75,71.025,70.735,70.975,34148
1763650200,70.98,71.09,70.91,70.97,21413
1763650800,70.95,70.95,70.78,70.89,19545
1763651400,70.89,71.1,70.83,70.83,27814
1763652000,70.825,70.845,70.61,70.65,58140
1763652600,70.645,70.81,70.625,70.73,18892
1763653200,70.75,70.8,70.685,70.73,15726
1763653800,70.74,70.81,70.65,70.73,34354
1763654400,70.73,70.81,70.64,70.81,27262
1763655000,70.81,70.97,70.805,70.84,31622
1763655600,70.82,70.92,70.78,70.92,19598
1763656200,70.95,71.1,70.9,71.07,22364
1763656800,71.08,71.13,70.975,70.995,21742
1763657400,70.98,71.25,70.96,70.97,23724
1763658000,70.955,71.07,70.93,71.04,24820
1763658600,71.01,71.045,70.88,70.94,29424
1763659200,70.94,71.07,70.93,71.055,25934
1763659800,71.03,71.18,70.99,71.09,15336
1763660400,71.1,71.21,71.04,71.05,19966
1763661000,71.05,71.065,70.88,70.97,27888
1763661600,70.97,71.22,70.97,71.17,28959
1763662200,71.18,71.22,71.09,71.09,12175
1763662800,71.09,71.16,71.05,71.14,13089
1763663400,71.125,71.19,71.11,71.13,10856
1763664000,71.12,71.16,71.035,71.035,9837
1763664600,71.04,71.21,71,71.18,12434
1763665200,71.18,71.26,71.17,71.23,19951
1763665800,71.23,71.35,71.22,71.34,14056
1763666400,71.33,71.375,71.235,71.29,14905
1763667000,71.285,71.31,71.25,71.265,17176
1763667600,71.265,71.335,71.235,71.33,19843
1763668200,71.325,71.325,71.255,71.31,29868
1763668800,71.31,71.41,71.31,71.37,23491
1763669400,71.37,71.43,71.36,71.405,14527
1763670000,71.4,71.42,71.355,71.355,31681
1763670600,71.36,71.435,71.335,71.43,41018
1763671200,71.435,71.48,71.375,71.41,56959
1763671800,71.415,71.43,71.19,71.22,137678
1763735400,71.67,72,71.46,71.985,135997
1763736000,71.98,72.07,71.89,71.955,70305
1763736600,71.945,72.07,71.84,72.05,52397
1763737200,72.06,72.53,72.05,72.45,88182
1763737800,72.44,72.545,72.32,72.37,49266
1763738400,72.37,72.845,72.365,72.83,71258
1763739000,72.82,73.13,72.75,73.12,95579
1763739600,73.115,73.185,72.87,72.885,57699
1763740200,72.88,73.075,72.695,72.78,46079
1763740800,72.77,72.87,72.58,72.66,42282
1763741400,72.6,72.805,72.5,72.775,30758
1763742000,72.78,72.78,72.6,72.64,15174
1763742600,72.63,72.77,72.58,72.75,24991
1763743200,72.74,72.84,72.66,72.7,32017
1763743800,72.72,72.86,72.665,72.81,28515
1763744400,72.845,72.88,72.68,72.7,37913
1763745000,72.69,72.85,72.69,72.74,33060
1763745600,72.77,72.78,72.595,72.725,32892
1763746200,72.72,72.875,72.715,72.82,28286
1763746800,72.83,73.06,72.8,73.035,36754
1763747400,73.04,73.07,72.87,72.9,39389
1763748000,72.905,73.015,72.88,72.89,39457
1763748600,72.89,72.95,72.885,72.91,13218
1763749200,72.92,73.035,72.92,73.005,20337
1763749800,73.01,73.035,72.975,72.975,26211
1763750400,72.98,73.055,72.92,73.01,65882
1763751000,73,73.115,73,73.095,22762
1763751600,73.09,73.135,73.025,73.04,18190
1763752200,73.03,73.09,73.025,73.05,12490
1763752800,73.06,73.105,73,73.015,24386
1763753400,73.02,73.15,73.01,73.12,31777
1763754000,73.115,73.155,73.04,73.065,27468
1763754600,73.065,73.11,73.01,73.11,41202
1763755200,73.105,73.105,73.01,73.035,40377
1763755800,73.035,73.065,72.805,72.885,47563
1763756400,72.89,72.955,72.865,72.885,48624
1763757000,72.9,73.035,72.89,73.01,38667
1763757600,73.01,73.045,72.975,73.01,44355
1763758200,73.01,73.11,72.91,72.97,227580
1763994600,73.33,73.33,72.77,72.89,134819
1763995200,72.9,72.97,72.11,72.255,177562
1763995800,72.25,72.28,71.84,71.89,97661
1763996400,71.88,72.03,71.57,71.94,108540
1763997000,71.95,71.96,71.83,71.83,52927
1763997600,71.82,71.96,71.68,71.73,53472
1763998200,71.735,71.85,71.59,71.84,34857
1763998800,71.85,71.94,71.815,71.915,32021
1763999400,71.895,72.04,71.855,72,41249
1764000000,71.995,72.05,71.9,71.91,33835
1764000600,71.905,72.01,71.895,71.975,38938
1764001200,71.98,71.98,71.815,71.84,30365
1764001800,71.85,72.01,71.815,71.98,32304
1764002400,71.98,72,71.89,71.96,17334
1764003000,71.96,71.98,71.885,71.925,28925
1764003600,71.92,72,71.915,71.99,21711
1764004200,71.99,72.065,71.94,72.015,16645
1764004800,72.01,72.065,72,72.06,12811
1764005400,72.055,72.055,71.97,71.985,13626
1764006000,71.99,72,71.925,71.95,16284
1764006600,71.95,71.975,71.91,71.975,17517
1764007200,71.98,72.12,71.96,72.06,20957
1764007800,72.06,72.105,72.04,72.04,8331
1764008400,72.045,72.1,72.045,72.09,10805
1764009000,72.09,72.115,72.06,72.105,14502
1764009600,72.11,72.19,72.095,72.18,9966
1764010200,72.19,72.235,72.13,72.13,10910
1764010800,72.14,72.205,72.12,72.145,11845
1764011400,72.145,72.145,72.01,72.04,11513
1764012000,72.04,72.09,71.99,72.08,13213
1764012600,72.08,72.08,71.99,71.99,11485
1764013200,71.995,72.05,71.99,71.99,12807
1764013800,71.99,72.005,71.93,71.97,19892
1764014400,71.97,72.03,71.97,72,21181
1764015000,72.005,72.09,71.995,72.07,16406
1764015600,72.08,72.1,72.025,72.085,19745
1764016200,72.09,72.465,72.08,72.45,79733
1764016800,72.45,72.57,72.44,72.495,124176
1764017400,72.5,72.81,72.48,72.56,434751
1764081000,72.87,72.9,72.54,72.75,65176
1764081600,72.76,72.9,72.75,72.83,42728
1764082200,72.84,72.87,72.69,72.75,41181
1764082800,72.77,72.89,72.7,72.885,45591
1764083400,72.87,72.92,72.72,72.74,38918
1764084000,72.74,72.81,72.605,72.63,23657
1764084600,72.62,72.64,72.55,72.64,31335
1764085200,72.64,72.65,72.53,72.62,32786
1764085800,72.625,72.715,72.545,72.55,27735
1764086400,72.55,72.58,72.515,72.555,33440
1764087000,72.54,72.55,72.425,72.455,27957
1764087600,72.46,72.46,72.27,72.28,34250
1764088200,72.29,72.385,72.285,72.34,28137
1764088800,72.33,72.41,72.26,72.405,37521
1764089400,72.4,72.425,72.34,72.425,19447
1764090000,72.43,72.46,72.4,72.41,13033
1764090600,72.415,72.43,72.375,72.41,20541
1764091200,72.415,72.525,72.39,72.52,20329
1764091800,72.53,72.54,72.365,72.39,19163
1764092400,72.38,72.42,72.34,72.34,22088
1764093000,72.34,72.38,72.32,72.37,17521
1764093600,72.365,72.405,72.26,72.35,23584
1764094200,72.35,72.375,72.27,72.285,18229
1764094800,72.285,72.325,72.26,72.28,13254
1764095400,72.265,72.285,72.245,72.275,13232
1764096000,72.275,72.31,72.245,72.295,10881
1764096600,72.295,72.295,72.225,72.25,20385
1764097200,72.25,72.26,72.19,72.26,21248
1764097800,72.245,72.265,72.14,72.24,21764
1764098400,72.23,72.32,72.225,72.32,20739
1764099000,72.315,72.43,72.305,72.415,14868
1764099600,72.42,72.465,72.41,72.46,16881
1764100200,72.46,72.46,72.345,72.36,11296
1764100800,72.35,72.375,72.34,72.345,25247
1764101400,72.345,72.4,72.31,72.4,19948
1764102000,72.4,72.415,72.36,72.36,23897
1764102600,72.35,72.4,72.315,72.395,31932
1764103200,72.395,72.45,72.38,72.4,39651
1764103800,72.41,72.62,72.39,72.61,143723
1764167400,72.6,72.66,72.4,72.66,39771
1764168000,72.67,72.72,72.5,72.6,16144
1764168600,72.59,72.68,72.39,72.63,23360
1764169200,72.62,72.725,72.59,72.655,30966
1764169800,72.66,72.72,72.61,72.705,16649
1764170400,72.7,72.73,72.615,72.71,12638
1764171000,72.695,72.755,72.68,72.755,21517
1764171600,72.76,72.885,72.76,72.84,16461
1764172200,72.845,72.87,72.71,72.73,21799
1764172800,72.725,72.79,72.72,72.72,11374
1764173400,72.72,72.84,72.72,72.75,17442
1764174000,72.75,72.755,72.69,72.73,8017
1764174600,72.725,72.75,72.71,72.735,5407
1764175200,72.74,72.87,72.74,72.84,9187
1764175800,72.845,72.905,72.845,72.9,6940
1764176400,72.9,72.965,72.89,72.94,9372
1764177000,72.95,73.01,72.93,72.96,16459
1764177600,72.95,72.95,72.86,72.865,5699
1764178200,72.86,72.895,72.83,72.895,7487
1764178800,72.89,72.895,72.845,72.885,5417
1764179400,72.885,72.9,72.81,72.835,5583
1764180000,72.83,72.845,72.8,72.8,11760
1764180600,72.8,72.825,72.73,72.785,11574
1764181200,72.785,72.905,72.785,72.89,7946
1764181800,72.89,72.91,72.845,72.85,5280
1764182400,72.85,72.885,72.825,72.88,5653
1764183000,72.88,72.88,72.815,72.84,6601
1764183600,72.845,72.91,72.845,72.895,7544
1764184200,72.89,72.945,72.865,72.915,9157
1764184800,72.92,72.96,72.92,72.94,5383
1764185400,72.945,72.955,72.905,72.905,14597
1764186000,72.905,72.93,72.89,72.905,9191
1764186600,72.905,72.945,72.905,72.93,15664
1764187200,72.935,72.95,72.875,72.885,11702
1764187800,72.89,72.92,72.87,72.895,7234
1764188400,72.895,72.96,72.88,72.955,11601
1764189000,72.955,72.965,72.895,72.96,15096
1764189600,72.97,73.02,72.91,72.91,20502
1764190200,72.92,73.08,72.88,72.88,132633
1764340200,72.99,73.13,72.83,73.09,28421
1764340800,73.11,73.21,73.04,73.085,11218
1764341400,73.1,73.165,73.04,73.095,18076
1764342000,73.08,73.13,72.95,72.98,24183
1764342600,72.99,73.09,72.99,73.01,12054
1764343200,73.03,73.11,73.03,73.06,17380
1764343800,73.06,73.1,72.945,72.95,19108
1764344400,72.94,72.99,72.895,72.91,14498
1764345000,72.9,72.91,72.765,72.88,24285
1764345600,72.875,73.005,72.87,72.89,11014
1764346200,72.89,72.925,72.85,72.9,11633
1764346800,72.905,72.94,72.86,72.91,20571
1764347400,72.9,73,72.89,72.975,14670
1764348000,72.975,73.025,72.975,73.01,11248
1764348600,73.01,73.01,72.95,72.97,10886
1764349200,72.97,72.985,72.88,72.91,16689
1764349800,72.9,72.975,72.895,72.91,12067
1764350400,72.92,72.93,72.89,72.915,16667
1764351000,72.92,73.02,72.905,72.96,20536
1764351600,72.955,73.025,72.93,73.015,24680
1764352200,73,73.13,72.995,73.12,67162
1764599400,72.61,72.89,72.44,72.885,56454
1764600000,72.9,72.905,72.455,72.49,63906
1764600600,72.48,72.6,72.44,72.59,20359
1764601200,72.59,72.605,72.345,72.405,17119
1764601800,72.415,72.435,72.26,72.32,16757
1764602400,72.32,72.325,72.22,72.28,11035
1764603000,72.29,72.29,72.125,72.13,12842
1764603600,72.12,72.29,72.12,72.21,13556
1764604200,72.205,72.215,72.125,72.155,20173
1764604800,72.16,72.28,72.105,72.28,19216
1764605400,72.27,72.35,72.265,72.295,11655
1764606000,72.29,72.34,72.255,72.285,13875
1764606600,72.28,72.31,72.115,72.12,25913
1764607200,72.12,72.165,72.085,72.115,13402
1764607800,72.11,72.235,72.09,72.21,19082
1764608400,72.215,72.215,72.095,72.13,15702
1764609000,72.13,72.155,72.035,72.05,15125
1764609600,72.055,72.075,71.995,72.06,20579
1764610200,72.05,72.22,72.04,72.09,15266
1764610800,72.09,72.14,72.045,72.07,11522
1764611400,72.06,72.13,72.04,72.08,6057
1764612000,72.08,72.105,72.035,72.05,8129
1764612600,72.05,72.11,72.025,72.1,5914
1764613200,72.095,72.165,72.095,72.16,8647
1764613800,72.17,72.215,72.15,72.165,10237
1764614400,72.165,72.23,72.165,72.19,8159
1764615000,72.195,72.2,72.09,72.1,23962
1764615600,72.09,72.15,72.07,72.145,14017
1764616200,72.14,72.155,72.09,72.145,10093
1764616800,72.16,72.22,72.155,72.215,10900
1764617400,72.21,72.225,72.13,72.15,11711
1764618000,72.14,72.15,72.115,72.115,5126
1764618600,72.11,72.14,72.085,72.135,9074
1764619200,72.13,72.13,72.095,72.11,10864
1764619800,72.115,72.155,72.11,72.14,9871
1764620400,72.13,72.14,72.085,72.125,20307
1764621000,72.125,72.15,72.07,72.145,14128
1764621600,72.14,72.21,72.12,72.12,30394
1764622200,72.13,72.16,71.93,71.99,148266
1764685800,71.75,71.75,71.19,71.27,74917
1764686400,71.28,71.4,71.25,71.34,26215
1764687000,71.34,71.53,71.31,71.335,20898
1764687600,71.33,71.375,71.19,71.29,32566
1764688200,71.29,71.3,71.16,71.16,31978
1764688800,71.16,71.185,70.94,70.95,70854
1764689400,70.93,71.01,70.875,70.95,59633
1764690000,70.94,70.94,70.73,70.74,40482
1764690600,70.74,70.915,70.67,70.83,45077
1764691200,70.85,70.995,70.835,70.98,30838
1764691800,70.97,71.035,70.88,70.925,23093
1764692400,70.935,71.08,70.935,71.045,14403
1764693000,71.03,71.07,70.905,70.94,15677
1764693600,70.96,70.98,70.685,70.86,88363
1764694200,70.86,70.91,70.61,70.71,55117
1764694800,70.71,70.77,70.545,70.55,49803
1764695400,70.56,70.66,70.555,70.645,41777
1764696000,70.65,70.73,70.61,70.72,19652
1764696600,70.73,70.805,70.725,70.74,20099
1764697200,70.74,70.77,70.72,70.725,14042
1764697800,70.72,70.735,70.545,70.57,17336
1764698400,70.57,70.62,70.49,70.51,26659
1764699000,70.5,70.53,70.48,70.53,20454
1764699600,70.52,70.6,70.51,70.59,16725
1764700200,70.59,70.605,70.47,70.48,20015
1764700800,70.49,70.56,70.435,70.54,17033
1764701400,70.53,70.6,70.53,70.57,17213
1764702000,70.57,70.635,70.525,70.585,17420
1764702600,70.585,70.585,70.465,70.54,19795
1764703200,70.54,70.565,70.5,70.52,11569
1764703800,70.52,70.53,70.48,70.5,17351
1764704400,70.505,70.54,70.47,70.52,18447
1764705000,70.525,70.605,70.525,70.575,16406
1764705600,70.58,70.6,70.515,70.52,17604
1764706200,70.52,70.65,70.52,70.61,26460
1764706800,70.61,70.695,70.605,70.655,18824
1764707400,70.65,70.73,70.61,70.69,51699
1764708000,70.695,70.725,70.635,70.71,83530
1764708600,70.71,70.8,70.665,70.665,204257
1764772200,70.91,71.38,70.76,71.38,113007
1764772800,71.37,71.39,70.94,71.035,31547
1764773400,71.04,71.07,70.99,71.04,19603
1764774000,71.02,71.08,70.79,70.825,38815
1764774600,70.82,70.975,70.755,70.95,39088
1764775200,70.975,71.06,70.95,70.995,59559
1764775800,71,71.02,70.8,70.9,29704
1764776400,70.91,70.91,70.84,70.85,20855
1764777000,70.845,71.025,70.84,70.975,22969
1764777600,70.965,71.065,70.965,71.05,11387
1764778200,71.06,71.14,71.055,71.065,11101
1764778800,71.06,71.065,70.965,70.965,23488
1764779400,70.97,71.035,70.96,71.01,10637
1764780000,71.015,71.04,70.99,71.01,14238
1764780600,71.01,71.01,70.925,70.955,15178
1764781200,70.95,71.015,70.905,70.995,12035
1764781800,70.995,71.005,70.94,70.96,16692
1764782400,70.965,70.97,70.86,70.89,20119
1764783000,70.9,70.915,70.835,70.845,15475
1764783600,70.845,70.865,70.815,70.83,15272
1764784200,70.83,70.835,70.755,70.765,13400
1764784800,70.765,70.8,70.735,70.785,12580
1764785400,70.785,70.79,70.74,70.78,8916
1764786000,70.775,70.9,70.765,70.9,20824
1764786600,70.91,70.94,70.9,70.925,17574
1764787200,70.92,70.935,70.89,70.92,10950
1764787800,70.92,70.925,70.85,70.85,11744
1764788400,70.84,70.86,70.785,70.82,14791
1764789000,70.83,70.845,70.745,70.78,16744
1764789600,70.78,70.88,70.78,70.875,9769
1764790200,70.875,70.89,70.85,70.865,11276
1764790800,70.865,70.9,70.83,70.85,22780
1764791400,70.855,70.855,70.695,70.695,18491
1764792000,70.69,70.73,70.66,70.665,17978
1764792600,70.67,70.68,70.625,70.645,25068
1764793200,70.645,70.68,70.615,70.625,32864
1764793800,70.625,70.67,70.615,70.65,35571
1764794400,70.65,70.79,70.65,70.755,102907
1764795000,70.76,70.81,70.66,70.81,145791
1764858600,70.83,71.32,70.81,71.28,86294
1764859200,71.27,71.335,71.14,71.14,24054
1764859800,71.135,71.3,71.125,71.295,43337
1764860400,71.29,71.32,71.075,71.08,36145
1764861000,71.08,71.15,70.915,70.92,10886
1764861600,70.915,70.935,70.81,70.81,23335
1764862200,70.8,70.9,70.755,70.88,15280
1764862800,70.89,70.89,70.715,70.81,25856
1764863400,70.8,70.8,70.71,70.755,10871
1764864000,70.76,70.83,70.695,70.735,41143
1764864600,70.725,70.75,70.63,70.66,14764
1764865200,70.66,70.755,70.615,70.695,11972
1764865800,70.7,70.7,70.64,70.665,7249
1764866400,70.665,70.675,70.61,70.615,14885
1764867000,70.61,70.71,70.61,70.66,10650
1764867600,70.67,70.675,70.6,70.6,11881
1764868200,70.6,70.65,70.58,70.615,11401
1764868800,70.62,70.72,70.62,70.69,12331
1764869400,70.69,70.69,70.62,70.64,7257
1764870000,70.65,70.67,70.615,70.67,14575
1764870600,70.675,70.695,70.66,70.675,7555
1764871200,70.675,70.68,70.635,70.66,8770
1764871800,70.65,70.725,70.645,70.72,8507
1764872400,70.725,70.76,70.69,70.73,11027
1764873000,70.735,70.735,70.66,70.695,7301
1764873600,70.695,70.705,70.63,70.63,10305
1764874200,70.63,70.645,70.595,70.62,16002
1764874800,70.62,70.665,70.62,70.635,11253
1764875400,70.635,70.635,70.59,70.59,7918
1764876000,70.59,70.59,70.525,70.53,12659
1764876600,70.53,70.595,70.52,70.56,9407
1764877200,70.55,70.56,70.51,70.51,8006
1764877800,70.51,70.525,70.495,70.515,9189
1764878400,70.51,70.52,70.45,70.515,19303
1764879000,70.515,70.555,70.495,70.54,18260
1764879600,70.55,70.57,70.52,70.525,14676
1764880200,70.52,70.545,70.515,70.535,20490
1764880800,70.53,70.57,70.445,70.47,28779
1764881400,70.48,70.54,70.38,70.455,123851
1764945000,70.315,70.48,70.25,70.48,61414
1764945600,70.49,70.705,70.485,70.69,26471
1764946200,70.67,70.69,70.495,70.55,25133
1764946800,70.55,70.67,70.525,70.57,22248
1764947400,70.57,70.575,70.46,70.51,22884
1764948000,70.52,70.595,70.505,70.55,16846
1764948600,70.55,70.57,70.465,70.51,17645
1764949200,70.5,70.55,70.475,70.51,15938
1764949800,70.51,70.64,70.5,70.53,20644
1764950400,70.535,70.575,70.51,70.52,19065
1764951000,70.525,70.655,70.5,70.515,40257
1764951600,70.52,70.54,70.46,70.515,33651
1764952200,70.515,70.535,70.415,70.435,34341
1764952800,70.43,70.465,70.355,70.41,19087
1764953400,70.42,70.44,70.36,70.37,32656
1764954000,70.36,70.4,70.32,70.33,13352
1764954600,70.325,70.325,70.24,70.27,23482
1764955200,70.28,70.3,70.13,70.17,32197
1764955800,70.17,70.175,70.065,70.065,30494
1764956400,70.07,70.07,69.98,70.01,47709
1764957000,70.005,70.07,70,70.07,30720
1764957600,70.075,70.13,70.055,70.09,23779
1764958200,70.1,70.11,70.01,70.015,27516
1764958800,70.015,70.02,69.96,69.985,25680
1764959400,69.99,70.07,69.99,70.04,17957
1764960000,70.045,70.09,70.035,70.085,17039
1764960600,70.085,70.145,70.07,70.13,26976
1764961200,70.13,70.165,70.115,70.14,21995
1764961800,70.145,70.145,70.085,70.095,24375
1764962400,70.09,70.105,70.075,70.075,16928
1764963000,70.075,70.09,70.025,70.055,25374
1764963600,70.055,70.06,70.025,70.035,24309
1764964200,70.035,70.045,70.005,70.005,16940
1764964800,70.01,70.03,69.985,69.995,23321
1764965400,69.995,70.12,69.985,70.105,22203
1764966000,70.11,70.13,70.065,70.08,31612
1764966600,70.08,70.08,70.035,70.065,38775
1764967200,70.065,70.09,69.965,70.025,84193
1764967800,70.03,70.03,69.875,69.97,137911
1765204200,69.98,69.98,69.5,69.63,59325
1765204800,69.655,70.08,69.63,70.055,28032
1765205400,70.06,70.175,70.04,70.08,26560
1765206000,70.065,70.075,69.875,69.95,37472
1765206600,69.96,70.06,69.96,70.025,31697
1765207200,70.03,70.23,70.02,70.12,34158
1765207800,70.12,70.16,69.99,70.05,31950
1765208400,70.06,70.07,69.92,70.02,16089
1765209000,70.035,70.245,70.025,70.16,17251
1765209600,70.155,70.18,70.12,70.145,10281
1765210200,70.145,70.25,70.12,70.14,21182
1765210800,70.14,70.17,70.065,70.09,10745
1765211400,70.09,70.245,70.09,70.24,10773
1765212000,70.235,70.33,70.23,70.25,18474
1765212600,70.25,70.265,70.12,70.155,12551
1765213200,70.15,70.17,70.055,70.065,13604
1765213800,70.06,70.06,69.97,70.02,18027
1765214400,70.03,70.03,69.89,69.93,11692
1765215000,69.93,69.97,69.92,69.945,7277
1765215600,69.94,69.995,69.895,69.99,13670
1765216200,70,70.05,69.955,70.045,17521
1765216800,70.05,70.06,69.985,70.01,9434
1765217400,70.005,70.13,70,70.11,9130
1765218000,70.11,70.17,70.075,70.14,9215
1765218600,70.14,70.18,70.09,70.175,10187
1765219200,70.175,70.18,70.07,70.115,13866
1765219800,70.12,70.16,70.105,70.14,10633
1765220400,70.145,70.22,70.12,70.215,13665
1765221000,70.21,70.235,70.135,70.15,11928
1765221600,70.15,70.18,70.135,70.155,6461
1765222200,70.16,70.175,70.115,70.115,5787
1765222800,70.115,70.18,70.095,70.165,21786
1765223400,70.16,70.205,70.145,70.205,18051
1765224000,70.2,70.205,70.135,70.185,22609
1765224600,70.185,70.3,70.185,70.27,23504
1765225200,70.265,70.315,70.22,70.22,19245
1765225800,70.22,70.31,70.145,70.305,29541
1765226400,70.31,70.37,70.285,70.345,36499
1765227000,70.35,70.35,70.2,70.29,141050
1765290600,70.41,70.58,70.36,70.45,55731
1765291200,70.45,70.59,70.385,70.385,42493
1765291800,70.39,70.625,70.35,70.47,30695
1765292400,70.47,70.51,70.31,70.42,27824
1765293000,70.42,70.435,70.345,70.43,14137
1765293600,70.44,70.465,70.325,70.325,10797
1765294200,70.33,70.445,70.33,70.39,15157
1765294800,70.39,70.53,70.37,70.37,21200
1765295400,70.37,70.38,70.26,70.26,17826
1765296000,70.265,70.27,70.14,70.21,18140
1765296600,70.21,70.26,70.165,70.24,10421
1765297200,70.245,70.36,70.24,70.36,13137
1765297800,70.365,70.415,70.335,70.36,11915
1765298400,70.365,70.405,70.265,70.27,14298
1765299000,70.28,70.29,70.205,70.215,9159
1765299600,70.21,70.225,70.16,70.17,9129
1765300200,70.17,70.205,70.155,70.16,13237
1765300800,70.16,70.17,70.12,70.12,7059
1765301400,70.13,70.135,70.075,70.09,12301
1765302000,70.1,70.1,70.02,70.025,7984
1765302600,70.03,70.075,70.015,70.035,16938
1765303200,70.04,70.09,70.04,70.075,16302
1765303800,70.075,70.095,70.05,70.07,18409
1765304400,70.08,70.08,69.98,69.98,20984
1765305000,69.99,70.02,69.92,69.93,11794
1765305600,69.925,69.94,69.9,69.905,7778
1765306200,69.91,69.915,69.835,69.905,13163
1765306800,69.9,69.95,69.87,69.87,15662
1765307400,69.87,69.965,69.87,69.945,9047
1765308000,69.945,70,69.935,69.975,5325
1765308600,69.97,70.005,69.945,70.005,15842
1765309200,70.005,70.02,69.96,69.99,16396
1765309800,70,70.025,69.945,69.95,15415
1765310400,69.94,69.94,69.86,69.895,15433
1765311000,69.9,69.96,69.9,69.93,13577
1765311600,69.935,70.06,69.915,70.04,14092
1765312200,70.03,70.105,70.03,70.1,27019
1765312800,70.1,70.105,69.995,70.045,56757
1765313400,70.04,70.12,69.99,70.115,155217
1765377000,70.32,70.4,70.13,70.285,48241
1765377600,70.29,70.44,70.21,70.43,35227
1765378200,70.44,70.505,70.39,70.49,29330
1765378800,70.48,70.53,70.3,70.33,40436
1765379400,70.32,70.44,70.105,70.155,26494
1765380000,70.17,70.19,70.07,70.135,16598
1765380600,70.13,70.18,70.06,70.095,15490
1765381200,70.09,70.28,70.09,70.23,17718
1765381800,70.24,70.255,70.06,70.09,26526
1765382400,70.09,70.1,69.985,70.085,19682
1765383000,70.08,70.135,70.055,70.13,11919
1765383600,70.12,70.155,70.1,70.12,11236
1765384200,70.12,70.16,70.065,70.085,11630
1765384800,70.07,70.11,70.05,70.09,9063
1765385400,70.07,70.11,70.05,70.1,6213
1765386000,70.11,70.115,70.025,70.055,10033
1765386600,70.06,70.105,69.895,69.92,29037
1765387200,69.915,69.955,69.885,69.94,21713
1765387800,69.945,69.98,69.895,69.925,39518
1765388400,69.92,70.015,69.915,70.005,38109
1765389000,70.005,70.06,70,70.035,29901
1765389600,70.03,70.135,70.025,70.125,27169
1765390200,70.13,70.15,70.09,70.12,38441
1765390800,70.125,70.14,70.095,70.1,24809
1765391400,70.095,70.125,70.08,70.08,21875
1765392000,70.085,70.105,70.06,70.08,33000
1765392600,70.085,70.14,70.04,70.13,26969
1765393200,70.12,70.15,69.93,69.97,37739
1765393800,69.97,70,69.89,69.94,28388
1765394400,69.93,69.995,69.895,69.98,29138
1765395000,69.98,70.095,69.97,70.045,40186
1765395600,70.05,70.07,69.885,69.975,48951
1765396200,69.98,70.04,69.82,69.83,32310
1765396800,69.83,69.92,69.785,69.915,39607
1765397400,69.91,70.01,69.885,69.95,36594
1765398000,69.95,69.995,69.86,69.875,30115
1765398600,69.865,70.105,69.86,70.105,39848
1765399200,70.1,70.19,70.085,70.14,56783
1765399800,70.14,70.325,70.07,70.215,256508
1765463400,70.46,70.69,70,70.13,106142
1765464000,70.14,70.16,69.9,69.925,70493
1765464600,69.92,69.96,69.45,69.47,95106
1765465200,69.475,69.53,69.015,69.11,83562
1765465800,69.11,69.41,69.11,69.375,39000
1765466400,69.37,69.4,69.155,69.4,42073
1765467000,69.37,69.57,69.33,69.52,49799
1765467600,69.535,69.68,69.44,69.54,39487
1765468200,69.54,69.66,69.475,69.49,13317
1765468800,69.51,69.69,69.385,69.68,34776
1765469400,69.675,69.68,69.41,69.425,24466
1765470000,69.42,69.515,69.385,69.4,34280
1765470600,69.395,69.395,69.195,69.21,25663
1765471200,69.21,69.23,69.115,69.15,30351
1765471800,69.15,69.22,69.145,69.175,21209
1765472400,69.175,69.175,68.925,69,67647
1765473000,68.99,69.04,68.975,69.035,21248
1765473600,69.035,69.13,68.975,69.05,24822
1765474200,69.05,69.1,69.015,69.04,21530
1765474800,69.04,69.065,68.99,69.065,25536
1765475400,69.065,69.16,69.06,69.09,17122
1765476000,69.09,69.145,69.04,69.105,24402
1765476600,69.105,69.18,69.055,69.055,22352
1765477200,69.055,69.08,68.965,68.975,28558
1765477800,68.98,69.025,68.935,68.97,30108
1765478400,68.965,68.995,68.925,68.995,21782
1765479000,69,69.045,68.87,68.9,39650
1765479600,68.89,68.985,68.89,68.89,14178
1765480200,68.89,68.92,68.79,68.83,25714
1765480800,68.84,68.95,68.81,68.95,18574
1765481400,68.94,69.1,68.935,69.075,31750
1765482000,69.075,69.12,69.025,69.105,31720
1765482600,69.11,69.295,69.11,69.27,32064
1765483200,69.28,69.295,69.205,69.22,26210
1765483800,69.22,69.24,69.08,69.15,25670
1765484400,69.15,69.21,69.095,69.1,24524
1765485000,69.095,69.17,69.065,69.085,35146
1765485600,69.08,69.13,68.94,69.06,59329
1765486200,69.07,69.17,69.015,69.115,193685
1765549800,69.38,69.68,69.04,69.64,65390
1765550400,69.64,69.73,69.58,69.69,43222
1765551000,69.7,69.845,69.48,69.71,70867
1765551600,69.705,69.91,69.66,69.88,54498
1765552200,69.885,69.885,69.675,69.72,25124
1765552800,69.715,69.82,69.71,69.82,18540
1765553400,69.82,69.895,69.735,69.895,41847
1765554000,69.9,69.92,69.82,69.89,23985
1765554600,69.88,69.88,69.66,69.74,30154
1765555200,69.74,69.905,69.68,69.77,59306
1765555800,69.77,69.925,69.755,69.9,25504
1765556400,69.89,70.02,69.86,69.95,27128
1765557000,69.99,70.085,69.93,70,24546
1765557600,69.99,70.01,69.885,69.885,26594
1765558200,69.885,69.89,69.82,69.88,18913
1765558800,69.88,69.885,69.81,69.845,15661
1765559400,69.84,69.895,69.79,69.79,11880
1765560000,69.78,69.835,69.71,69.83,18165
1765560600,69.83,69.89,69.82,69.83,11356
1765561200,69.835,69.85,69.73,69.74,12465
1765561800,69.74,69.775,69.725,69.745,10537
1765562400,69.745,69.81,69.74,69.74,13632
1765563000,69.74,69.755,69.715,69.74,11657
1765563600,69.745,69.895,69.665,69.88,18254
1765564200,69.9,69.97,69.82,69.825,15872
1765564800,69.83,69.97,69.83,69.955,6599
1765565400,69.955,70.025,69.94,69.98,18048
1765566000,69.98,70.135,69.98,70.13,10748
1765566600,70.14,70.2,70.13,70.16,15973
1765567200,70.155,70.225,70.15,70.225,13352
1765567800,70.23,70.345,70.22,70.315,20513
1765568400,70.315,70.365,70.315,70.355,9469
1765569000,70.355,70.39,70.25,70.25,13315
1765569600,70.26,70.36,70.22,70.36,15399
1765570200,70.36,70.45,70.36,70.45,11569
1765570800,70.46,70.57,70.445,70.49,28281
1765571400,70.495,70.52,70.415,70.5,32196
1765572000,70.495,70.615,70.475,70.545,62502
1765572600,70.54,70.595,70.48,70.53,124796
1765809000,70.4,71.16,70.3,70.96,141355
1765809600,71,71.22,70.97,71.12,56865
1765810200,71.12,71.31,71.12,71.18,59751
1765810800,71.175,71.175,70.85,70.93,50353
1765811400,70.93,71.06,70.815,71.05,38338
1765812000,71.04,71.16,71,71.12,41774
1765812600,71.115,71.205,71.1,71.19,30563
1765813200,71.19,71.21,70.94,70.975,21805
1765813800,70.97,70.99,70.88,70.93,25130
1765814400,70.93,70.965,70.865,70.93,19613
1765815000,70.935,70.965,70.84,70.85,18094
1765815600,70.85,70.855,70.72,70.775,18046
1765816200,70.77,70.855,70.77,70.8,20722
1765816800,70.81,70.885,70.77,70.81,16055
1765817400,70.795,70.82,70.74,70.755,12886
1765818000,70.765,70.775,70.685,70.71,12649
1765818600,70.71,70.83,70.705,70.81,10612
1765819200,70.805,70.805,70.695,70.7,10590
1765819800,70.7,70.7,70.635,70.665,10813
1765820400,70.665,70.71,70.645,70.68,7698
1765821000,70.675,70.685,70.615,70.66,20513
1765821600,70.665,70.685,70.615,70.63,13230
1765822200,70.635,70.65,70.595,70.64,12036
1765822800,70.64,70.645,70.59,70.59,10809
1765823400,70.6,70.735,70.57,70.69,18135
1765824000,70.695,70.715,70.65,70.695,11965
1765824600,70.69,70.72,70.655,70.68,10206
1765825200,70.68,70.725,70.62,70.685,16123
1765825800,70.69,70.775,70.69,70.76,8420
1765826400,70.76,70.775,70.735,70.775,9038
1765827000,70.78,70.83,70.775,70.83,9230
1765827600,70.835,70.895,70.835,70.88,13680
1765828200,70.88,71,70.88,71,14612
1765828800,70.995,71.015,70.975,71.015,5643
1765829400,71.015,71.05,70.97,70.985,27117
1765830000,70.99,71.07,70.985,70.99,25793
1765830600,71,71.045,70.995,71.005,25794
1765831200,71.005,71.025,70.96,70.99,29955
1765831800,70.97,71.045,70.95,70.975,122676
1765895400,71.265,71.29,70.86,70.88,62615
1765896000,70.89,70.9,70.665,70.765,65599
1765896600,70.77,70.83,70.64,70.67,49064
1765897200,70.675,70.75,70.58,70.73,70441
1765897800,70.73,70.795,70.55,70.595,32452
1765898400,70.585,70.78,70.585,70.72,26364
1765899000,70.72,70.76,70.63,70.64,25671
1765899600,70.65,70.785,70.635,70.75,18465
1765900200,70.76,70.775,70.645,70.645,21140
1765900800,70.64,70.775,70.6,70.77,17366
1765901400,70.78,70.8,70.695,70.705,11978
1765902000,70.71,70.72,70.64,70.645,17620
1765902600,70.65,70.765,70.63,70.755,28250
1765903200,70.75,70.775,70.705,70.71,10838
1765903800,70.705,70.73,70.675,70.7,17352
1765904400,70.705,70.735,70.68,70.73,16121
1765905000,70.72,70.77,70.705,70.77,19516
1765905600,70.78,70.8,70.76,70.795,13511
1765906200,70.8,70.815,70.775,70.79,12414
1765906800,70.78,70.795,70.715,70.75,14698
1765907400,70.76,70.86,70.76,70.86,13079
1765908000,70.85,70.865,70.795,70.865,9693
1765908600,70.87,70.9,70.83,70.885,7080
1765909200,70.89,70.92,70.84,70.85,8335
1765909800,70.86,70.895,70.81,70.87,17629
1765910400,70.865,70.91,70.855,70.86,10327
1765911000,70.89,70.91,70.84,70.86,11305
1765911600,70.855,70.855,70.79,70.8,10005
1765912200,70.8,70.815,70.77,70.8,12247
1765912800,70.81,70.825,70.775,70.82,15620
1765913400,70.82,70.89,70.82,70.87,13750
1765914000,70.87,70.875,70.835,70.835,8521
1765914600,70.83,70.92,70.81,70.88,14933
1765915200,70.89,70.92,70.79,70.795,10647
1765915800,70.8,70.805,70.775,70.79,16676
1765916400,70.785,70.8,70.71,70.725,27130
1765917000,70.73,70.74,70.695,70.715,22405
1765917600,70.715,70.72,70.61,70.68,48146
1765918200,70.69,70.69,70.33,70.385,186304
1765981800,70.61,70.8,70.42,70.64,69688
1765982400,70.65,70.78,70.56,70.74,23497
1765983000,70.755,70.83,70.52,70.55,19743
1765983600,70.54,70.69,70.5,70.5,19381
1765984200,70.49,70.505,70.315,70.45,22543
1765984800,70.44,70.45,70.31,70.41,15417
1765985400,70.415,70.58,70.4,70.575,17031
1765986000,70.57,70.64,70.525,70.64,27001
1765986600,70.645,70.73,70.6,70.71,33680
1765987200,70.71,70.76,70.58,70.58,17131
1765987800,70.57,70.69,70.57,70.62,13184
1765988400,70.63,70.66,70.585,70.61,24936
1765989000,70.6,70.65,70.565,70.58,10458
1765989600,70.57,70.57,70.495,70.555,18461
1765990200,70.55,70.56,70.525,70.555,12780
1765990800,70.56,70.56,70.395,70.4,15285
1765991400,70.41,70.44,70.36,70.37,12630
1765992000,70.38,70.42,70.325,70.33,8266
1765992600,70.36,70.37,70.34,70.36,4233
1765993200,70.36,70.43,70.35,70.39,6529
1765993800,70.39,70.445,70.38,70.42,7755
1765994400,70.43,70.48,70.43,70.45,9279
1765995000,70.46,70.53,70.45,70.495,11235
1765995600,70.5,70.58,70.46,70.58,8004
1765996200,70.57,70.685,70.57,70.62,15106
1765996800,70.61,70.69,70.58,70.645,9157
1765997400,70.65,70.715,70.62,70.705,14151
1765998000,70.7,70.825,70.695,70.79,6508
1765998600,70.785,70.88,70.75,70.875,8954
1765999200,70.88,70.91,70.77,70.77,16420
1765999800,70.76,70.81,70.755,70.795,10988
1766000400,70.795,70.8,70.735,70.765,10204
1766001000,70.77,70.79,70.735,70.735,8473
1766001600,70.75,70.75,70.66,70.72,13839
1766002200,70.73,70.735,70.655,70.655,29002
1766002800,70.655,70.665,70.575,70.585,15151
1766003400,70.58,70.63,70.56,70.6,8558
1766004000,70.605,70.72,70.6,70.71,37513
1766004600,70.71,70.785,70.545,70.675,146384
1766068200,70.285,70.7,70.225,70.7,35969
1766068800,70.71,70.73,70.52,70.59,24912
1766069400,70.59,70.66,70.51,70.535,21224
1766070000,70.545,70.63,70.495,70.525,44891
1766070600,70.535,70.795,70.535,70.58,43542
1766071200,70.58,70.59,70.335,70.38,28923
1766071800,70.39,70.41,70.29,70.35,35007
1766072400,70.36,70.485,70.34,70.45,16082
1766073000,70.45,70.495,70.395,70.42,22471
1766073600,70.42,70.48,70.365,70.42,28791
1766074200,70.41,70.485,70.39,70.47,15845
1766074800,70.475,70.48,70.415,70.45,16356
1766075400,70.46,70.485,70.37,70.42,14646
1766076000,70.41,70.44,70.3,70.3,11911
1766076600,70.295,70.325,70.255,70.275,22740
1766077200,70.28,70.335,70.24,70.24,17612
1766077800,70.235,70.33,70.205,70.26,25500
1766078400,70.26,70.29,70.18,70.275,22238
1766079000,70.27,70.305,70.21,70.29,17465
1766079600,70.31,70.415,70.3,70.36,22181
1766080200,70.35,70.39,70.31,70.37,12262
1766080800,70.38,70.42,70.345,70.355,8537
1766081400,70.355,70.38,70.34,70.35,6403
1766082000,70.35,70.45,70.31,70.45,11941
1766082600,70.45,70.49,70.45,70.485,6320
1766083200,70.485,70.545,70.485,70.515,8930
1766083800,70.51,70.58,70.485,70.56,14385
1766084400,70.55,70.61,70.525,70.61,10978
1766085000,70.615,70.63,70.57,70.58,8275
1766085600,70.57,70.59,70.475,70.545,15344
1766086200,70.54,70.589,70.535,70.575,8322
1766086800,70.58,70.605,70.54,70.58,18167
1766087400,70.575,70.615,70.56,70.59,18431
1766088000,70.595,70.605,70.52,70.54,12116
1766088600,70.54,70.61,70.525,70.595,14939
1766089200,70.6,70.63,70.58,70.585,21135
1766089800,70.59,70.75,70.59,70.66,42807
1766090400,70.655,70.655,70.52,70.545,43381
1766091000,70.54,70.55,70.365,70.38,140982
1766154600,70.12,70.21,70.03,70.09,63555
1766155200,70.12,70.37,70.12,70.3,23244
1766155800,70.28,70.45,70.27,70.41,11193
1766156400,70.41,70.525,70.4,70.52,14579
1766157000,70.51,70.54,70.43,70.47,17196
1766157600,70.47,70.59,70.47,70.585,15170
1766158200,70.58,70.725,70.52,70.72,26732
1766158800,70.72,70.745,70.69,70.74,15799
1766159400,70.73,70.765,70.63,70.635,20280
1766160000,70.64,70.65,70.575,70.625,16364
1766160600,70.625,70.67,70.585,70.645,29828
1766161200,70.65,70.735,70.585,70.735,26290
1766161800,70.735,70.74,70.56,70.575,15910
1766162400,70.575,70.655,70.57,70.61,24654
1766163000,70.62,70.63,70.57,70.585,23700
1766163600,70.585,70.585,70.495,70.5,14287
1766164200,70.49,70.495,70.39,70.39,9999
1766164800,70.39,70.51,70.38,70.455,9322
1766165400,70.455,70.475,70.4,70.43,7889
1766166000,70.43,70.43,70.345,70.35,4935
1766166600,70.35,70.35,70.32,70.34,7732
1766167200,70.33,70.33,70.22,70.26,8171
1766167800,70.27,70.4,70.265,70.36,10087
1766168400,70.36,70.36,70.28,70.29,4298
1766169000,70.29,70.345,70.275,70.345,9033
1766169600,70.345,70.4,70.31,70.38,11378
1766170200,70.36,70.36,70.32,70.355,6998
1766170800,70.36,70.48,70.36,70.44,10134
1766171400,70.45,70.51,70.45,70.51,12721
1766172000,70.505,70.525,70.445,70.45,10071
1766172600,70.45,70.45,70.42,70.445,6477
1766173200,70.445,70.49,70.445,70.485,7662
1766173800,70.49,70.515,70.465,70.475,11708
1766174400,70.48,70.485,70.355,70.355,13293
1766175000,70.35,70.465,70.34,70.445,16021
1766175600,70.445,70.48,70.425,70.445,27977
1766176200,70.44,70.49,70.4,70.465,38750
1766176800,70.465,70.58,70.41,70.41,36314
1766177400,70.39,70.44,70.08,70.09,170642
1766413800,69.9,70.11,69.71,69.99,69060
1766414400,70.01,70.08,69.77,69.77,33729
1766415000,69.77,69.87,69.655,69.71,25631
1766415600,69.7,69.855,69.685,69.82,22641
1766416200,69.82,69.965,69.82,69.88,13298
1766416800,69.89,69.96,69.88,69.955,15427
1766417400,69.955,70.065,69.945,69.975,20025
1766418000,69.97,69.98,69.885,69.89,13623
1766418600,69.88,69.955,69.865,69.925,16154
1766419200,69.92,70.06,69.9,70.035,17246
1766419800,70.04,70.075,69.965,69.97,9521
1766420400,69.97,70.005,69.97,69.99,11950
1766421000,69.99,70.035,69.92,69.945,13059
1766421600,69.945,69.965,69.92,69.94,5354
1766422200,69.94,70,69.915,70,8255
1766422800,70.01,70.075,70.01,70.04,7321
1766423400,70.03,70.05,69.98,69.99,8897
1766424000,69.99,69.995,69.94,69.94,5519
1766424600,69.945,70.09,69.935,70.08,13009
1766425200,70.07,70.17,70.065,70.16,17133
1766425800,70.155,70.195,70.13,70.13,12242
1766426400,70.14,70.155,70.08,70.085,8810
1766427000,70.09,70.11,70.07,70.075,8827
1766427600,70.07,70.085,70.055,70.08,9676
1766428200,70.08,70.125,70.08,70.08,10841
1766428800,70.075,70.115,70.06,70.07,14156
1766429400,70.07,70.09,70.055,70.055,13161
1766430000,70.06,70.06,70.01,70.03,12939
1766430600,70.025,70.06,70.02,70.02,7089
1766431200,70.025,70.05,69.985,70.05,11653
1766431800,70.05,70.095,70.04,70.04,9914
1766432400,70.04,70.045,70.015,70.015,7448
1766433000,70.015,70.045,69.97,69.995,14769
1766433600,70,70.005,69.94,69.975,10872
1766434200,69.98,70.055,69.98,70.04,16230
1766434800,70.04,70.085,70.04,70.04,14039
1766435400,70.05,70.13,70.05,70.105,22361
1766436000,70.105,70.145,70.07,70.145,28177
1766436600,70.14,70.22,70.09,70.195,124616
1766500200,70.32,70.32,69.79,69.79,37386
1766500800,69.78,69.91,69.7,69.88,16089
1766501400,69.885,69.97,69.88,69.955,13187
1766502000,69.96,70.04,69.94,70.01,16616
1766502600,70.01,70.255,70.01,70.19,16170
1766503200,70.18,70.2,70.125,70.135,13448
1766503800,70.14,70.16,70.065,70.11,9964
1766504400,70.1,70.17,70.055,70.13,10947
1766505000,70.13,70.14,70.075,70.11,9480
1766505600,70.11,70.175,70.085,70.11,13870
1766506200,70.13,70.155,70.09,70.095,7016
1766506800,70.095,70.095,69.975,70.01,7453
1766507400,70.015,70.095,70.005,70.08,5879
1766508000,70.08,70.085,70.02,70.07,7622
1766508600,70.065,70.07,70.03,70.035,7333
1766509200,70.04,70.12,69.96,69.96,21567
1766509800,69.965,69.98,69.92,69.925,9415
1766510400,69.92,69.955,69.89,69.945,13362
1766511000,69.95,69.975,69.91,69.96,4653
1766511600,69.96,70.01,69.945,69.945,10863
1766512200,69.95,69.99,69.945,69.97,5112
1766512800,69.965,70.005,69.95,69.995,3713
1766513400,70,70.045,69.985,70.045,7317
1766514000,70.05,70.095,70.04,70.085,6514
1766514600,70.09,70.115,70.055,70.1,5239
1766515200,70.1,70.185,70.095,70.115,7054
1766515800,70.12,70.125,70.075,70.08,6277
1766516400,70.075,70.075,70.01,70.04,8019
1766517000,70.045,70.085,70.045,70.05,12705
1766517600,70.05,70.085,70.03,70.055,9409
1766518200,70.055,70.105,70.035,70.07,7792
1766518800,70.065,70.065,70.005,70.005,9827
1766519400,70.005,70.03,69.985,70.025,11807
1766520000,70.025,70.045,70,70.005,9430
1766520600,70.005,70.005,69.89,69.905,30064
1766521200,69.905,69.905,69.835,69.86,13123
1766521800,69.87,69.94,69.87,69.93,13110
1766522400,69.925,69.935,69.86,69.87,25165
1766523000,69.87,69.875,69.775,69.86,57059
1766586600,69.86,69.96,69.76,69.94,16514
1766587200,69.92,69.92,69.82,69.845,5306
1766587800,69.85,69.925,69.835,69.92,4128
1766588400,69.92,69.95,69.87,69.9,9014
1766589000,69.91,69.955,69.88,69.885,11489
1766589600,69.88,69.91,69.865,69.87,6595
1766590200,69.87,69.88,69.81,69.825,11144
1766590800,69.825,69.835,69.795,69.82,8645
1766591400,69.83,69.875,69.815,69.845,6725
1766592000,69.85,69.9,69.84,69.84,10431
1766592600,69.845,69.85,69.785,69.825,6708
1766593200,69.84,69.845,69.8,69.825,7744
1766593800,69.82,69.845,69.795,69.845,5404
1766594400,69.845,69.865,69.83,69.855,10632
1766595000,69.86,69.9,69.845,69.845,6168
1766595600,69.85,69.945,69.83,69.915,9582
1766596200,69.915,69.915,69.88,69.9,4893
1766596800,69.905,70.015,69.88,69.985,14320
1766597400,70,70.085,70,70.055,14116
1766598000,70.055,70.16,70.055,70.125,23483
1766598600,70.13,70.15,70.08,70.1,25736
1766759400,69.96,70.1,69.95,70.07,35145
1766760000,70.07,70.1,70,70.03,28382
1766760600,70.03,70.08,70.005,70.04,15537
1766761200,70.03,70.125,69.995,70.12,13460
1766761800,70.11,70.155,70.04,70.1,13951
1766762400,70.105,70.105,70.03,70.04,9571
1766763000,70.04,70.1,70.04,70.06,11768
1766763600,70.06,70.065,69.97,69.97,9343
1766764200,69.96,70,69.945,69.995,9633
1766764800,69.99,69.99,69.945,69.95,6652
1766765400,69.95,69.95,69.905,69.92,8297
1766766000,69.92,69.93,69.885,69.925,4653
1766766600,69.93,69.93,69.9,69.91,5865
1766767200,69.9,69.92,69.89,69.895,5721
1766767800,69.9,69.945,69.9,69.93,4302
1766768400,69.93,69.93,69.9,69.905,3883
1766769000,69.905,69.905,69.865,69.885,9203
1766769600,69.89,69.92,69.89,69.91,3358
1766770200,69.91,69.91,69.875,69.895,5428
1766770800,69.895,69.91,69.885,69.905,3342
1766771400,69.909,69.909,69.88,69.89,2794
1766772000,69.895,69.9,69.875,69.895,20474
1766772600,69.895,69.915,69.875,69.88,30382
1766773200,69.88,69.885,69.815,69.82,37193
1766773800,69.815,69.83,69.785,69.785,14203
1766774400,69.78,69.795,69.75,69.77,8342
1766775000,69.775,69.79,69.75,69.75,3855
1766775600,69.74,69.77,69.73,69.73,5489
1766776200,69.735,69.74,69.73,69.735,2755
1766776800,69.74,69.75,69.735,69.745,2686
1766777400,69.75,69.785,69.725,69.73,5391
1766778000,69.74,69.78,69.74,69.74,4687
1766778600,69.74,69.775,69.735,69.755,3189
1766779200,69.75,69.79,69.73,69.775,7641
1766779800,69.78,69.829,69.765,69.795,6631
1766780400,69.795,69.815,69.79,69.805,3341
1766781000,69.8,69.835,69.78,69.825,8951
1766781600,69.825,69.88,69.805,69.86,14242
1766782200,69.86,69.935,69.845,69.88,36351
1767018600,70,70.08,69.85,69.88,68548
1767019200,69.89,70.09,69.87,70.075,57445
1767019800,70.07,70.2,70.04,70.165,31320
1767020400,70.17,70.305,70.16,70.28,31412
1767021000,70.29,70.32,70.26,70.31,15462
1767021600,70.3,70.3,70.21,70.28,16280
1767022200,70.28,70.37,70.27,70.355,31031
1767022800,70.36,70.415,70.31,70.36,13605
1767023400,70.36,70.38,70.24,70.26,12613
1767024000,70.26,70.28,70.21,70.225,8491
1767024600,70.225,70.285,70.13,70.285,11773
1767025200,70.285,70.3,70.215,70.22,10193
1767025800,70.23,70.25,70.14,70.14,10353
1767026400,70.14,70.185,70.14,70.15,6587
1767027000,70.15,70.175,70.14,70.175,6097
1767027600,70.175,70.195,70.145,70.175,5183
1767028200,70.18,70.185,70.135,70.145,7295
1767028800,70.145,70.16,70.14,70.145,4191
1767029400,70.145,70.15,70.12,70.12,2930
1767030000,70.12,70.19,70.12,70.19,1614
1767030600,70.19,70.24,70.19,70.24,16418
1767031200,70.24,70.275,70.24,70.26,5637
1767031800,70.265,70.275,70.255,70.27,5052
1767032400,70.265,70.29,70.26,70.29,3536
1767033000,70.29,70.315,70.275,70.305,4705
1767033600,70.3,70.31,70.29,70.3,2419
1767034200,70.295,70.305,70.22,70.23,8849
1767034800,70.23,70.24,70.175,70.215,7881
1767035400,70.21,70.225,70.185,70.185,6658
1767036000,70.185,70.21,70.18,70.2,5324
1767036600,70.2,70.21,70.19,70.195,8039
1767037200,70.195,70.21,70.185,70.185,5095
1767037800,70.18,70.18,70.14,70.155,6526
1767038400,70.15,70.18,70.14,70.17,11450
1767039000,70.18,70.195,70.145,70.155,5412
1767039600,70.14,70.145,70.07,70.08,5928
1767040200,70.07,70.15,70.06,70.14,11703
1767040800,70.145,70.17,70.105,70.145,11536
1767041400,70.14,70.16,70.07,70.155,46108
1767105000,70.11,70.12,69.82,70,42200
1767105600,69.99,70.02,69.895,69.935,15906
1767106200,69.93,69.965,69.805,69.815,22269
1767106800,69.825,69.89,69.805,69.83,69280
1767107400,69.825,69.865,69.81,69.84,82210
1767108000,69.83,69.85,69.815,69.85,11079
1767108600,69.85,69.915,69.85,69.915,20843
1767109200,69.91,69.96,69.905,69.94,6305
1767109800,69.94,69.96,69.935,69.94,7325
1767110400,69.94,69.96,69.93,69.96,10410
1767111000,69.97,69.98,69.925,69.965,8194
1767111600,69.97,70.045,69.965,70.045,7365
1767112200,70.045,70.06,70.02,70.05,4479
1767112800,70.055,70.08,70.035,70.065,5155
1767113400,70.065,70.075,70.025,70.03,4605
1767114000,70.035,70.055,70.025,70.04,5333
1767114600,70.04,70.065,70.03,70.065,9744
1767115200,70.06,70.08,70.055,70.055,4769
1767115800,70.06,70.1,70.06,70.095,2907
1767116400,70.095,70.11,70.075,70.105,4585
1767117000,70.1,70.13,70.09,70.11,4034
1767117600,70.105,70.125,70.065,70.08,16078
1767118200,70.09,70.09,70.035,70.06,17715
1767118800,70.065,70.1,70.03,70.075,9602
1767119400,70.075,70.1,70.075,70.085,7647
1767120000,70.085,70.1,70.065,70.08,7686
1767120600,70.08,70.085,70,70.04,11662
1767121200,70.045,70.045,70.005,70.035,6775
1767121800,70.035,70.06,70.02,70.05,6609
1767122400,70.045,70.06,70.045,70.055,2869
1767123000,70.055,70.105,70.055,70.085,7163
1767123600,70.085,70.11,70.075,70.105,4849
1767124200,70.11,70.125,70.095,70.105,4558
1767124800,70.105,70.135,70.105,70.105,7920
1767125400,70.11,70.14,70.095,70.125,16856
1767126000,70.125,70.13,70.095,70.1,5740
1767126600,70.11,70.16,70.11,70.14,8565
1767127200,70.145,70.21,70.14,70.18,15175
1767127800,70.18,70.24,70.07,70.105,100980
1767191400,70.04,70.13,69.905,70,27962
1767192000,69.99,70.11,69.99,70.1,8451
1767192600,70.08,70.1,70.06,70.075,7848
1767193200,70.07,70.11,70.045,70.11,14041
1767193800,70.12,70.13,70.07,70.07,13862
1767194400,70.07,70.09,70.05,70.06,6111
1767195000,70.06,70.07,70.02,70.02,10115
1767195600,70.02,70.025,69.95,69.955,7003
1767196200,69.95,69.98,69.935,69.95,7311
1767196800,69.955,69.985,69.945,69.98,8667
1767197400,69.975,70.03,69.975,70.015,8716
1767198000,70.015,70.05,70.005,70.045,5888
1767198600,70.045,70.05,69.98,69.99,5663
1767199200,69.99,70.015,69.99,70,6351
1767199800,70.01,70.035,70,70.015,3654
1767200400,70.02,70.025,69.99,69.995,2642
1767201000,69.99,70.025,69.98,70.025,10654
1767201600,70.02,70.02,69.995,70.005,3366
1767202200,70.005,70.03,70.005,70.01,3906
1767202800,70.01,70.035,70.01,70.025,4467
1767203400,70.025,70.035,70.005,70.01,5674
1767204000,70.02,70.025,69.98,70.02,9024
1767204600,70.02,70.035,70.01,70.03,2719
1767205200,70.025,70.035,70.015,70.03,3532
1767205800,70.03,70.065,70.03,70.065,1745
1767206400,70.06,70.095,70.06,70.085,2749
1767207000,70.09,70.11,70.025,70.04,12420
1767207600,70.055,70.16,70.055,70.13,5914
1767208200,70.14,70.14,70.095,70.1,4449
1767208800,70.095,70.115,70.085,70.105,3129
1767209400,70.11,70.13,70.08,70.125,7876
1767210000,70.125,70.145,70.11,70.145,5732
1767210600,70.145,70.145,70.105,70.11,9074
1767211200,70.115,70.12,70.09,70.11,9286
1767211800,70.115,70.12,70.065,70.065,8840
1767212400,70.065,70.07,69.95,69.96,23341
1767213000,69.95,70.055,69.95,70.03,17580
1767213600,70.025,70.025,69.945,69.98,19818
1767214200,69.97,70.005,69.89,69.93,106555
1767364200,69.87,69.9,69.34,69.39,86669
1767364800,69.4,69.425,69.29,69.405,54331
1767365400,69.4,69.5,69.33,69.36,22105
1767366000,69.35,69.39,69.2,69.22,52421
1767366600,69.23,69.325,69.22,69.27,16124
1767367200,69.26,69.325,69.23,69.32,12586
1767367800,69.32,69.37,69.22,69.23,26850
1767368400,69.23,69.23,69.09,69.11,34551
1767369000,69.115,69.37,69.085,69.365,34188
1767369600,69.36,69.375,69.27,69.315,16067
1767370200,69.32,69.405,69.3,69.4,11338
1767370800,69.42,69.42,69.33,69.33,11807
1767371400,69.325,69.34,69.23,69.245,7547
1767372000,69.25,69.335,69.23,69.3,10446
1767372600,69.295,69.36,69.28,69.325,11637
1767373200,69.33,69.34,69.26,69.275,11747
1767373800,69.28,69.33,69.265,69.28,8640
1767374400,69.27,69.29,69.23,69.275,12725
1767375000,69.28,69.295,69.21,69.215,16109
1767375600,69.215,69.225,69.09,69.09,31129
1767376200,69.09,69.19,69.09,69.17,11860
1767376800,69.165,69.19,69.115,69.14,12848
1767377400,69.135,69.24,69.135,69.22,7562
1767378000,69.23,69.24,69.195,69.225,14794
1767378600,69.225,69.26,69.22,69.25,6882
1767379200,69.24,69.245,69.18,69.18,8665
1767379800,69.18,69.21,69.17,69.195,8032
1767380400,69.2,69.225,69.16,69.17,9682
1767381000,69.175,69.285,69.145,69.24,15613
1767381600,69.235,69.26,69.2,69.215,4928
1767382200,69.215,69.26,69.21,69.245,9023
1767382800,69.245,69.3,69.245,69.265,12797
1767383400,69.27,69.285,69.24,69.26,20206
1767384000,69.27,69.275,69.205,69.205,24122
1767384600,69.205,69.205,69.135,69.18,19940
1767385200,69.18,69.19,69.11,69.12,15003
1767385800,69.115,69.13,69.06,69.08,36079
1767386400,69.085,69.085,68.98,69.02,93891
1767387000,69.03,69.13,68.99,69.115,95747
1767623400,68.92,68.99,68.32,68.34,78145
1767624000,68.33,68.44,68.22,68.42,73996
1767624600,68.42,68.61,68.38,68.42,36672
1767625200,68.41,68.49,68.28,68.37,35172
1767625800,68.37,68.42,68.28,68.34,31424
1767626400,68.345,68.42,68.27,68.27,26203
1767627000,68.27,68.295,68.145,68.19,49125
1767627600,68.19,68.27,68.14,68.205,26522
1767628200,68.21,68.29,68.19,68.195,50426
1767628800,68.2,68.24,68.15,68.19,39736
1767629400,68.17,68.22,68.11,68.14,35946
1767630000,68.15,68.295,68.15,68.29,28395
1767630600,68.29,68.31,68.22,68.28,33557
1767631200,68.28,68.29,68.22,68.245,25564
1767631800,68.24,68.26,68.18,68.259,18366
1767632400,68.255,68.285,68.15,68.18,25379
1767633000,68.17,68.18,68.08,68.11,45666
1767633600,68.12,68.255,68.12,68.18,19161
1767634200,68.19,68.235,68.105,68.115,24745
1767634800,68.115,68.17,68.06,68.065,24969
1767635400,68.06,68.065,67.935,68.005,73776
1767636000,68,68.09,67.99,68.065,22985
1767636600,68.06,68.075,68.029,68.03,24649
1767637200,68.035,68.04,67.93,68.04,41333
1767637800,68.03,68.115,68,68.11,23385
1767638400,68.11,68.13,68.065,68.095,19678
1767639000,68.095,68.095,67.98,67.99,21034
1767639600,67.99,68.05,67.93,68.015,41883
1767640200,68.015,68.085,68.015,68.08,24773
1767640800,68.075,68.155,68.075,68.155,26320
1767641400,68.16,68.175,68.115,68.165,25182
1767642000,68.16,68.2,68.135,68.15,23429
1767642600,68.15,68.18,68.11,68.135,24904
1767643200,68.13,68.18,68.11,68.15,30622
1767643800,68.14,68.18,68.08,68.085,32647
1767644400,68.085,68.085,67.935,68.045,65352
1767645000,68.04,68.145,68.035,68.11,64235
1767645600,68.11,68.14,67.995,68.115,73914
1767646200,68.1,68.18,67.94,67.97,159878
1767709800,68.055,68.25,67.92,68.25,100606
1767710400,68.245,68.245,67.92,67.965,58500
1767711000,67.96,68.02,67.85,67.895,47671
1767711600,67.895,68.115,67.885,68.11,41275
1767712200,68.105,68.155,67.96,67.99,30506
1767712800,68,68.015,67.95,67.985,27188
1767713400,67.985,68.04,67.905,67.935,21933
1767714000,67.93,67.94,67.85,67.9,46738
1767714600,67.89,67.9,67.715,67.73,51434
1767715200,67.73,67.92,67.73,67.885,39240
1767715800,67.89,67.965,67.865,67.93,32383
1767716400,67.93,67.985,67.89,67.955,39805
1767717000,67.97,68.005,67.89,67.965,24868
1767717600,67.96,67.96,67.885,67.905,17793
1767718200,67.905,68.005,67.905,67.925,33470
1767718800,67.92,67.925,67.84,67.899,23952
1767719400,67.9,67.945,67.895,67.935,18921
1767720000,67.93,67.99,67.915,67.97,10940
1767720600,67.97,67.99,67.945,67.98,14311
1767721200,67.98,67.99,67.955,67.965,21682
1767721800,67.97,68,67.965,67.98,22829
1767722400,67.98,68.015,67.945,67.955,21709
1767723000,67.955,67.96,67.915,67.915,19010
1767723600,67.91,67.92,67.85,67.85,31526
1767724200,67.855,67.885,67.855,67.86,26799
1767724800,67.85,67.91,67.845,67.88,16553
1767725400,67.89,67.9,67.82,67.83,15433
1767726000,67.83,67.885,67.825,67.885,16057
1767726600,67.885,67.945,67.885,67.9,21744
1767727200,67.89,67.955,67.875,67.94,26218
1767727800,67.94,67.98,67.935,67.935,13820
1767728400,67.939,68.005,67.93,67.995,20301
1767729000,67.995,67.995,67.59,67.685,122731
1767729600,67.7,67.9,67.7,67.87,50762
1767730200,67.865,67.885,67.825,67.845,34525
1767730800,67.84,67.89,67.765,67.79,37153
1767731400,67.785,67.83,67.72,67.83,65656
1767732000,67.83,67.885,67.795,67.885,89829
1767732600,67.885,67.98,67.78,67.845,197839
1767796200,67.96,68.15,67.515,67.52,98172
1767796800,67.52,67.82,67.48,67.63,53192
1767797400,67.62,67.71,67.58,67.63,19921
1767798000,67.63,67.715,67.575,67.65,27539
1767798600,67.65,67.7,67.5,67.51,48013
1767799200,67.505,67.565,67.45,67.47,24754
1767799800,67.465,67.56,67.465,67.56,21632
1767800400,67.56,67.62,67.515,67.53,15583
1767801000,67.54,67.61,67.53,67.56,19070
1767801600,67.57,67.64,67.57,67.635,16541
1767802200,67.635,67.72,67.605,67.655,32980
1767802800,67.65,67.655,67.575,67.595,23399
1767803400,67.595,67.66,67.575,67.62,18839
1767804000,67.625,67.69,67.575,67.575,25504
1767804600,67.57,67.605,67.565,67.595,16828
1767805200,67.6,67.64,67.575,67.61,10567
1767805800,67.605,67.635,67.58,67.58,18902
1767806400,67.58,67.6,67.565,67.575,7302
1767807000,67.575,67.575,67.525,67.545,13693
1767807600,67.545,67.56,67.525,67.55,13699
1767808200,67.545,67.58,67.51,67.515,19634
1767808800,67.52,67.525,67.485,67.51,32298
1767809400,67.505,67.51,67.45,67.485,31579
1767810000,67.49,67.49,67.4,67.44,29482
1767810600,67.44,67.44,67.275,67.325,39805
1767811200,67.325,67.455,67.305,67.455,21999
1767811800,67.46,67.51,67.455,67.47,20359
1767812400,67.465,67.465,67.37,67.445,27275
1767813000,67.44,67.445,67.395,67.41,23790
1767813600,67.415,67.53,67.41,67.525,41108
1767814200,67.53,67.545,67.475,67.51,33228
1767814800,67.51,67.51,67.475,67.5,19135
1767815400,67.5,67.57,67.475,67.55,27627
1767816000,67.55,67.625,67.535,67.59,32248
1767816600,67.6,67.635,67.535,67.565,27936
1767817200,67.565,67.565,67.485,67.495,16671
1767817800,67.49,67.5,67.46,67.47,30015
1767818400,67.47,67.54,67.46,67.52,49156
1767819000,67.515,67.58,67.48,67.54,124923
1767882600,67.48,67.9,67.45,67.83,87479
1767883200,67.815,68.335,67.795,68.26,106360
1767883800,68.26,68.48,68.26,68.46,54913
1767884400,68.47,68.83,68.385,68.765,87183
1767885000,68.76,68.845,68.66,68.785,47700
1767885600,68.76,68.815,68.655,68.655,23507
1767886200,68.65,69.03,68.63,69.03,50989
1767886800,69.04,69.065,68.94,69.005,32588
1767887400,69,69.08,68.95,69.03,39738
1767888000,69.04,69.12,69.01,69.04,19094
1767888600,69.03,69.11,69.03,69.07,17002
1767889200,69.06,69.09,68.895,69.075,29405
1767889800,69.08,69.1,68.97,69.09,11978
1767890400,69.1,69.105,68.97,69.08,21350
1767891000,69.09,69.19,69.08,69.16,19701
1767891600,69.165,69.215,69.07,69.155,17785
1767892200,69.16,69.18,69.11,69.12,19327
1767892800,69.11,69.17,69.1,69.165,16556
1767893400,69.17,69.25,69.17,69.2,14218
1767894000,69.2,69.215,69.175,69.195,9010
1767894600,69.19,69.21,69.11,69.11,12813
1767895200,69.1,69.12,69.045,69.08,7720
1767895800,69.09,69.11,69.05,69.11,7707
1767896400,69.1,69.12,69.055,69.065,6764
1767897000,69.055,69.14,69.055,69.095,11009
1767897600,69.1,69.3,69.1,69.295,27188
1767898200,69.29,69.33,69.26,69.265,11839
1767898800,69.27,69.38,69.26,69.375,15132
1767899400,69.37,69.395,69.355,69.37,6960
1767900000,69.37,69.43,69.36,69.37,29556
1767900600,69.375,69.405,69.355,69.405,20931
1767901200,69.41,69.455,69.39,69.45,17474
1767901800,69.44,69.45,69.39,69.42,20745
1767902400,69.415,69.44,69.37,69.38,18360
1767903000,69.38,69.38,69.225,69.225,21284
1767903600,69.225,69.26,69.195,69.22,15915
1767904200,69.22,69.29,69.21,69.21,17343
1767904800,69.215,69.26,69.185,69.25,27443
1767905400,69.24,69.395,69.21,69.345,118121
1767969000,69.33,69.5,69.125,69.21,76566
1767969600,69.19,69.47,69.17,69.45,101062
1767970200,69.46,69.685,69.39,69.67,121909
1767970800,69.67,69.985,69.655,69.93,46437
1767971400,69.92,69.95,69.87,69.92,70075
1767972000,69.92,70.11,69.84,69.93,130051
1767972600,69.93,69.99,69.88,69.93,42332
1767973200,69.92,70.03,69.81,69.87,29970
1767973800,69.87,69.875,69.695,69.78,32001
1767974400,69.78,69.89,69.75,69.82,23671
1767975000,69.82,69.895,69.81,69.87,20428
1767975600,69.87,69.885,69.76,69.84,29678
1767976200,69.835,69.91,69.815,69.835,31373
1767976800,69.835,69.98,69.825,69.98,10158
1767977400,69.99,70.15,69.98,70.075,36079
1767978000,70.08,70.21,70.055,70.2,33551
1767978600,70.2,70.315,70.195,70.295,51117
1767979200,70.3,70.33,70.255,70.29,17141
1767979800,70.29,70.4,70.29,70.35,16116
1767980400,70.36,70.385,70.28,70.33,30844
1767981000,70.34,70.345,70.26,70.305,11379
1767981600,70.3,70.325,70.28,70.315,14270
1767982200,70.28,70.42,70.26,70.355,19355
1767982800,70.35,70.35,70.255,70.285,16659
1767983400,70.28,70.29,70.21,70.265,15218
1767984000,70.265,70.33,70.26,70.3,16333
1767984600,70.295,70.31,70.205,70.205,21222
1767985200,70.205,70.4,70.18,70.39,21081
1767985800,70.385,70.415,70.335,70.34,13469
1767986400,70.35,70.385,70.3,70.32,25500
1767987000,70.32,70.41,70.32,70.38,21580
1767987600,70.375,70.485,70.36,70.485,27645
1767988200,70.485,70.5,70.385,70.405,31146
1767988800,70.4,70.44,70.375,70.43,20120
1767989400,70.44,70.475,70.435,70.455,21271
1767990000,70.46,70.565,70.455,70.56,67433
1767990600,70.555,70.615,70.52,70.595,53531
1767991200,70.59,70.6,70.48,70.55,59421
1767991800,70.54,70.66,70.52,70.53,162752
1768228200,70.92,70.92,70.27,70.46,76026
1768228800,70.46,70.86,70.42,70.84,61028
1768229400,70.83,70.94,70.74,70.79,34066
1768230000,70.78,70.965,70.685,70.835,24386
1768230600,70.83,70.935,70.83,70.865,14451
1768231200,70.86,70.89,70.8,70.885,18270
1768231800,70.88,70.945,70.79,70.91,34628
1768232400,70.92,70.935,70.695,70.705,29729
1768233000,70.7,70.745,70.625,70.67,22403
1768233600,70.66,70.735,70.555,70.615,22202
1768234200,70.61,70.65,70.45,70.46,24801
1768234800,70.44,70.6,70.42,70.585,15946
1768235400,70.595,70.675,70.52,70.52,10422
1768236000,70.51,70.65,70.48,70.625,14986
1768236600,70.62,70.66,70.575,70.58,9561
1768237200,70.58,70.595,70.39,70.4,15924
1768237800,70.395,70.425,70.355,70.405,20761
1768238400,70.4,70.435,70.39,70.41,10972
1768239000,70.405,70.415,70.355,70.38,11940
1768239600,70.375,70.45,70.375,70.425,11523
1768240200,70.42,70.445,70.405,70.425,7747
1768240800,70.425,70.45,70.375,70.45,21145
1768241400,70.455,70.54,70.45,70.52,31473
1768242000,70.515,70.515,70.455,70.455,14241
1768242600,70.46,70.47,70.4,70.4,10760
1768243200,70.405,70.42,70.375,70.39,17459
1768243800,70.38,70.41,70.365,70.39,18076
1768244400,70.39,70.53,70.38,70.45,15476
1768245000,70.445,70.525,70.435,70.51,5810
1768245600,70.505,70.56,70.48,70.545,14629
1768246200,70.55,70.62,70.505,70.51,15122
1768246800,70.505,70.51,70.445,70.495,21255
1768247400,70.495,70.525,70.415,70.42,27621
1768248000,70.42,70.445,70.295,70.295,19599
1768248600,70.29,70.345,70.24,70.34,23720
1768249200,70.33,70.44,70.31,70.435,20831
1768249800,70.435,70.46,70.34,70.34,21951
1768250400,70.345,70.39,70.34,70.385,25747
1768251000,70.38,70.605,70.38,70.475,141677
1768314600,70.3,70.76,70.18,70.76,62347
1768315200,70.77,70.78,70.51,70.645,48667
1768315800,70.645,70.86,70.61,70.67,35766
1768316400,70.68,70.78,70.65,70.75,26694
1768317000,70.77,70.87,70.715,70.86,24398
1768317600,70.86,70.945,70.84,70.885,34060
1768318200,70.89,70.89,70.72,70.72,22689
1768318800,70.71,70.755,70.585,70.635,23036
1768319400,70.63,70.71,70.525,70.54,34399
1768320000,70.53,70.57,70.48,70.54,14506
1768320600,70.53,70.565,70.48,70.55,18137
1768321200,70.555,70.715,70.555,70.58,35648
1768321800,70.58,70.59,70.455,70.49,10715
1768322400,70.5,70.545,70.46,70.46,17652
1768323000,70.46,70.465,70.34,70.34,16177
1768323600,70.34,70.345,70.27,70.285,16978
1768324200,70.28,70.42,70.28,70.38,25417
1768324800,70.365,70.46,70.36,70.435,22988
1768325400,70.43,70.545,70.4,70.535,18912
1768326000,70.535,70.54,70.46,70.48,10925
1768326600,70.485,70.64,70.46,70.64,19548
1768327200,70.645,70.645,70.54,70.55,23212
1768327800,70.56,70.58,70.525,70.525,15649
1768328400,70.53,70.63,70.515,70.61,22537
1768329000,70.615,70.66,70.615,70.635,28619
1768329600,70.635,70.775,70.615,70.675,51610
1768330200,70.68,70.745,70.67,70.735,31206
1768330800,70.74,70.81,70.71,70.8,40594
1768331400,70.8,70.88,70.8,70.82,17838
1768332000,70.81,70.9,70.805,70.89,41059
1768332600,70.89,70.905,70.87,70.89,11916
1768333200,70.89,70.925,70.865,70.915,17164
1768333800,70.92,70.955,70.895,70.945,17544
1768334400,70.94,70.96,70.87,70.88,18157
1768335000,70.89,70.925,70.84,70.9,10439
1768335600,70.9,70.925,70.84,70.87,21207
1768336200,70.875,70.975,70.875,70.97,27241
1768336800,70.98,71,70.95,70.95,108225
1768337400,70.96,71.23,70.96,71.215,184131
1768401000,71.26,71.49,71.1,71.18,127452
1768401600,71.17,71.23,70.9,70.9,58917
1768402200,70.89,70.94,70.81,70.91,29841
1768402800,70.91,71.05,70.88,70.92,51376
1768403400,70.91,71.34,70.905,71.31,34713
1768404000,71.34,71.38,71.285,71.3,24727
1768404600,71.295,71.4,71.265,71.33,37788
1768405200,71.335,71.4,71.295,71.395,34098
1768405800,71.395,71.54,71.35,71.43,42654
1768406400,71.43,71.465,71.38,71.45,11371
1768407000,71.46,71.495,71.42,71.48,12347
1768407600,71.47,71.51,71.385,71.51,25905
1768408200,71.51,71.56,71.44,71.53,47994
1768408800,71.53,71.535,71.34,71.35,47808
1768409400,71.36,71.38,71.27,71.325,76187
1768410000,71.32,71.34,71.275,71.28,31060
1768410600,71.28,71.41,71.275,71.405,21734
1768411200,71.41,71.455,71.36,71.36,23651
1768411800,71.36,71.37,71.235,71.34,20282
1768412400,71.34,71.345,71.255,71.3,21392
1768413000,71.29,71.355,71.23,71.35,15269
1768413600,71.36,71.42,71.36,71.38,12999
1768414200,71.39,71.44,71.335,71.34,10393
1768414800,71.35,71.4,71.33,71.39,9742
1768415400,71.39,71.425,71.335,71.36,9376
1768416000,71.36,71.435,71.33,71.43,7761
1768416600,71.425,71.46,71.36,71.42,12493
1768417200,71.425,71.505,71.425,71.46,18210
1768417800,71.465,71.55,71.455,71.54,14502
1768418400,71.54,71.57,71.535,71.55,9330
1768419000,71.56,71.615,71.555,71.615,9563
1768419600,71.62,71.7,71.62,71.7,23474
1768420200,71.7,71.71,71.63,71.66,13128
1768420800,71.65,71.65,71.57,71.6,14311
1768421400,71.61,71.61,71.46,71.47,18669
1768422000,71.46,71.47,71.38,71.46,38722
1768422600,71.47,71.56,71.46,71.495,29105
1768423200,71.49,71.54,71.16,71.17,72541
1768423800,71.17,71.42,71.17,71.42,138674
1768487400,71.55,71.59,71.2,71.22,49401
1768488000,71.21,71.3,71.14,71.21,31593
1768488600,71.2,71.26,71.12,71.12,16126
1768489200,71.12,71.15,71.045,71.12,24896
1768489800,71.14,71.285,71.1,71.27,15898
1768490400,71.27,71.29,71.19,71.195,12991
1768491000,71.195,71.22,71.07,71.1,17996
1768491600,71.1,71.15,71.05,71.07,19597
1768492200,71.07,71.1,71.02,71.02,21489
1768492800,71.01,71.04,70.885,70.925,16523
1768493400,70.92,71.15,70.92,71.095,16204
1768494000,71.1,71.25,71.09,71.205,19269
1768494600,71.21,71.24,71.08,71.09,8671
1768495200,71.08,71.085,70.98,70.985,9677
1768495800,70.98,71.075,70.97,71.015,12197
1768496400,71.02,71.025,70.965,70.975,12207
1768497000,70.97,71.065,70.97,71.055,14956
1768497600,71.06,71.06,70.895,70.895,12650
1768498200,70.9,71.01,70.895,70.96,15490
1768498800,70.96,71.015,70.96,70.99,16575
1768499400,71,71,70.92,70.935,16559
1768500000,70.93,70.995,70.905,70.905,14055
1768500600,70.905,70.945,70.905,70.925,12448
1768501200,70.92,70.935,70.73,70.73,34803
1768501800,70.73,70.735,70.66,70.665,19092
1768502400,70.665,70.665,70.55,70.56,22012
1768503000,70.56,70.575,70.53,70.545,18508
1768503600,70.545,70.63,70.52,70.59,25063
1768504200,70.595,70.635,70.58,70.625,22741
1768504800,70.63,70.735,70.62,70.72,18075
1768505400,70.71,70.73,70.675,70.715,12502
1768506000,70.71,70.735,70.63,70.63,20425
1768506600,70.635,70.665,70.61,70.61,11309
1768507200,70.605,70.62,70.5,70.545,18456
1768507800,70.54,70.575,70.51,70.55,20102
1768508400,70.545,70.61,70.545,70.61,22297
1768509000,70.6,70.6,70.49,70.51,28889
1768509600,70.51,70.58,70.405,70.51,34907
1768510200,70.5,70.53,70.365,70.46,113784
1768573800,70.4,70.71,70.04,70.48,109936
1768574400,70.47,70.54,70.26,70.29,49370
1768575000,70.28,70.33,70.15,70.245,61953
1768575600,70.26,70.31,70.19,70.205,60066
1768576200,70.21,70.265,70.16,70.265,30914
1768576800,70.27,70.33,70.22,70.255,25575
1768577400,70.25,70.47,70.245,70.415,25629
1768578000,70.42,70.55,70.38,70.52,20516
1768578600,70.52,70.54,70.395,70.415,21218
1768579200,70.41,70.52,70.325,70.52,14927
1768579800,70.515,70.515,70.365,70.4,10769
1768580400,70.4,70.43,70.375,70.39,10292
1768581000,70.39,70.45,70.31,70.325,12886
1768581600,70.32,70.5,70.32,70.495,16980
1768582200,70.5,70.515,70.465,70.465,9587
1768582800,70.47,70.695,70.47,70.695,22524
1768583400,70.7,70.7,70.62,70.7,15002
1768584000,70.71,70.74,70.605,70.615,8943
1768584600,70.62,70.64,70.585,70.625,11365
1768585200,70.62,70.665,70.585,70.605,9349
1768585800,70.61,70.655,70.595,70.655,6030
1768586400,70.655,70.68,70.555,70.675,16061
1768587000,70.675,70.69,70.65,70.675,6828
1768587600,70.675,70.7,70.53,70.53,9263
1768588200,70.53,70.53,70.445,70.45,8391
1768588800,70.46,70.47,70.36,70.395,10204
1768589400,70.4,70.415,70.3,70.3,10292
1768590000,70.295,70.495,70.295,70.465,11102
1768590600,70.47,70.48,70.44,70.47,8707
1768591200,70.475,70.56,70.46,70.53,14578
1768591800,70.52,70.605,70.515,70.575,10228
1768592400,70.58,70.625,70.555,70.555,14175
1768593000,70.56,70.57,70.45,70.45,11084
1768593600,70.445,70.485,70.4,70.445,19054
1768594200,70.445,70.45,70.395,70.41,15224
1768594800,70.41,70.475,70.4,70.405,14991
1768595400,70.41,70.455,70.375,70.395,28018
1768596000,70.39,70.405,70.28,70.285,56688
1768596600,70.3,70.495,70.29,70.425,127982
1768919400,70.38,70.39,69.79,70.29,128488
1768920000,70.27,70.35,70.05,70.35,53817
1768920600,70.34,70.35,69.965,70.03,60676
1768921200,70.02,70.33,70,70.3,66041
1768921800,70.3,70.43,70.21,70.4,60168
1768922400,70.4,70.515,70.38,70.46,44880
1768923000,70.46,70.5,70.345,70.4,51746
1768923600,70.405,70.565,70.375,70.52,50027
1768924200,70.52,70.57,70.47,70.52,34548
1768924800,70.52,70.59,70.5,70.57,35144
1768925400,70.58,70.815,70.58,70.78,53751
1768926000,70.78,70.825,70.72,70.825,31443
1768926600,70.83,70.92,70.8,70.9,30141
1768927200,70.905,70.995,70.905,70.995,30205
1768927800,70.995,71.055,70.99,71.04,52174
1768928400,71.045,71.27,71.045,71.2,35316
1768929000,71.195,71.27,71.18,71.265,34198
1768929600,71.26,71.28,71.11,71.24,38357
1768930200,71.23,71.35,71.2,71.335,24690
1768930800,71.34,71.355,71.29,71.34,30301
1768931400,71.345,71.35,71.3,71.33,30289
1768932000,71.33,71.495,71.325,71.49,23856
1768932600,71.5,71.595,71.5,71.555,33780
1768933200,71.555,71.555,71.41,71.46,26784
1768933800,71.465,71.53,71.465,71.53,23268
1768934400,71.54,71.62,71.43,71.44,40355
1768935000,71.44,71.495,71.35,71.49,27982
1768935600,71.49,71.54,71.26,71.26,33183
1768936200,71.265,71.335,71.25,71.335,30072
1768936800,71.34,71.5,71.33,71.435,35875
1768937400,71.43,71.555,71.41,71.515,31092
1768938000,71.515,71.555,71.43,71.46,24239
1768938600,71.455,71.47,71.27,71.325,34839
1768939200,71.325,71.46,71.32,71.36,36015
1768939800,71.375,71.465,71.315,71.43,30865
1768940400,71.42,71.56,71.39,71.52,53736
1768941000,71.515,71.565,71.46,71.53,43366
1768941600,71.54,71.66,71.515,71.66,73717
1768942200,71.66,71.78,71.64,71.765,183900
1769005800,71.8,72.24,71.7,71.82,202579
1769006400,71.815,71.9,71.63,71.82,59806
1769007000,71.83,71.96,71.591,71.6,68156
1769007600,71.6,71.62,71.26,71.33,66357
1769008200,71.33,71.34,71.12,71.13,67772
1769008800,71.15,71.16,70.97,71.03,31173
1769009400,71.03,71.03,70.92,71.02,16259
1769010000,71.01,71.06,70.97,70.99,16306
1769010600,70.99,71.01,70.86,70.86,12860
1769011200,70.855,71.005,70.835,70.985,22304
1769011800,70.98,71.03,70.84,71.03,23536
1769012400,71.03,71.175,71.01,71.16,38190
1769013000,71.15,71.26,71.03,71.26,39016
1769013600,71.275,71.37,71.25,71.36,18685
1769014200,71.36,71.45,71.335,71.4,9871
1769014800,71.39,71.46,71.32,71.33,20185
1769015400,71.33,71.34,71.22,71.285,7211
1769016000,71.28,71.38,71.25,71.375,11319
1769016600,71.38,71.45,71.38,71.41,6421
1769017200,71.41,71.505,71.41,71.45,16349
1769017800,71.45,71.475,71.39,71.41,7058
1769018400,71.42,71.46,71.39,71.46,7683
1769019000,71.46,71.585,71.45,71.56,9087
1769019600,71.55,71.6,71.54,71.59,56186
1769020200,71.595,71.66,71.49,71.5,41284
1769020800,71.5,71.54,71.465,71.53,11412
1769021400,71.54,71.555,71.33,71.33,10157
1769022000,71.33,71.43,71.31,71.42,8438
1769022600,71.42,71.54,71.42,71.535,7867
1769023200,71.54,71.635,71.525,71.58,26188
1769023800,71.59,71.75,71.52,71.74,55364
1769024400,71.745,71.875,71.72,71.87,46170
1769025000,71.87,71.93,71.79,71.8,20068
1769025600,71.81,71.905,71.805,71.85,21549
1769026200,71.85,71.92,71.81,71.835,27685
1769026800,71.84,71.965,71.84,71.955,36796
1769027400,71.955,72.06,71.885,72.04,57489
1769028000,72.035,72.095,72.01,72.05,91045
1769028600,72.05,72.13,71.95,72.01,173183
1769092200,71.825,71.93,71.62,71.73,141483
1769092800,71.73,71.92,71.645,71.83,53548
1769093400,71.825,71.83,71.45,71.5,57635
1769094000,71.48,71.71,71.46,71.68,29113
1769094600,71.69,71.855,71.625,71.855,27512
1769095200,71.855,71.915,71.755,71.825,20975
1769095800,71.83,71.935,71.82,71.905,22093
1769096400,71.92,71.965,71.875,71.95,17668
1769097000,71.95,71.975,71.905,71.91,19032
1769097600,71.92,71.955,71.86,71.9,14386
1769098200,71.91,71.92,71.76,71.83,18663
1769098800,71.815,71.835,71.73,71.745,17437
1769099400,71.745,71.93,71.72,71.825,44280
1769100000,71.82,71.845,71.775,71.83,17531
1769100600,71.83,71.84,71.78,71.82,8441
1769101200,71.81,71.89,71.8,71.85,10147
1769101800,71.855,71.935,71.855,71.88,13491
1769102400,71.88,71.91,71.84,71.875,13699
1769103000,71.88,71.905,71.83,71.89,9446
1769103600,71.895,71.94,71.85,71.905,14360
1769104200,71.91,71.985,71.87,71.975,9513
1769104800,71.98,71.99,71.905,71.915,12769
1769105400,71.91,71.935,71.855,71.925,9400
1769106000,71.92,71.92,71.84,71.87,9203
1769106600,71.87,71.96,71.87,71.91,10102
1769107200,71.915,71.915,71.79,71.81,21036
1769107800,71.815,71.835,71.75,71.765,16141
1769108400,71.77,71.8,71.74,71.79,10208
1769109000,71.785,71.8,71.755,71.78,6960
1769109600,71.78,71.84,71.78,71.8,7228
1769110200,71.795,71.8,71.72,71.77,13633
1769110800,71.765,71.765,71.69,71.755,7656
1769111400,71.76,71.805,71.75,71.785,30580
1769112000,71.79,71.81,71.715,71.81,14776
1769112600,71.805,71.94,71.805,71.94,13060
1769113200,71.93,71.945,71.84,71.87,22713
1769113800,71.87,71.97,71.795,71.96,60029
1769114400,71.97,71.995,71.925,71.99,29388
1769115000,71.98,72.04,71.86,71.885,127552
1769178600,72.2,72.23,71.81,71.975,117853
1769179200,71.98,72.03,71.87,71.87,30654
1769179800,71.87,72.03,71.78,72.02,38515
1769180400,72.015,72.035,71.975,72,29135
1769181000,72,72.1,71.99,72.055,22331
1769181600,72.05,72.105,72.02,72.03,15633
1769182200,72.03,72.09,72,72.08,16987
1769182800,72.08,72.16,72.075,72.15,12238
1769183400,72.16,72.215,72.01,72.01,30228
1769184000,72.02,72.1,71.95,72.06,15840
1769184600,72.055,72.135,72.03,72.07,12163
1769185200,72.08,72.155,72.05,72.115,18571
1769185800,72.11,72.155,72.04,72.055,20422
1769186400,72.06,72.17,72.06,72.12,22466
1769187000,72.115,72.145,72.07,72.14,11032
1769187600,72.14,72.17,72.13,72.15,5578
1769188200,72.15,72.175,72.125,72.135,9871
1769188800,72.14,72.24,72.07,72.225,14902
1769189400,72.23,72.31,72.23,72.31,19367
1769190000,72.31,72.42,72.29,72.295,11413
1769190600,72.28,72.31,72.21,72.21,8139
1769191200,72.22,72.27,72.18,72.27,11005
1769191800,72.275,72.3,72.24,72.285,7827
1769192400,72.28,72.37,72.265,72.37,7092
1769193000,72.37,72.42,72.36,72.36,14199
1769193600,72.355,72.44,72.355,72.43,25330
1769194200,72.43,72.46,72.405,72.44,9723
1769194800,72.445,72.465,72.405,72.42,9736
1769195400,72.38,72.41,72.38,72.4,5647
1769196000,72.41,72.48,72.41,72.465,16605
1769196600,72.46,72.475,72.41,72.41,10584
1769197200,72.42,72.465,72.405,72.45,8814
1769197800,72.45,72.465,72.425,72.46,5462
1769198400,72.46,72.605,72.46,72.59,29573
1769199000,72.6,72.62,72.58,72.6,16099
1769199600,72.59,72.655,72.58,72.61,14796
1769200200,72.62,72.635,72.545,72.585,15447
1769200800,72.585,72.655,72.5,72.65,52048
1769201400,72.65,73.06,72.65,72.875,602548
1769437800,72.92,73.02,72.77,72.86,54762
1769438400,72.88,72.97,72.805,72.965,22527
1769439000,72.965,73.065,72.925,73.025,19473
1769439600,73.03,73.17,73.01,73.17,37304
1769440200,73.18,73.28,73.13,73.15,25910
1769440800,73.16,73.26,73.155,73.195,14720
1769441400,73.19,73.27,73.15,73.22,28244
1769442000,73.22,73.245,73.18,73.23,10253
1769442600,73.23,73.27,73.19,73.225,16354
1769443200,73.22,73.295,73.22,73.22,20259
1769443800,73.215,73.22,73.095,73.125,12348
1769444400,73.12,73.13,72.995,72.995,18371
1769445000,73,73,72.87,72.91,19335
1769445600,72.915,72.915,72.845,72.89,11553
1769446200,72.89,72.915,72.85,72.855,8633
1769446800,72.85,72.96,72.85,72.89,13146
1769447400,72.89,72.96,72.89,72.93,6863
1769448000,72.93,72.93,72.84,72.87,8107
1769448600,72.875,72.895,72.8,72.83,6864
1769449200,72.84,72.92,72.84,72.875,9778
1769449800,72.875,72.88,72.755,72.805,12225
1769450400,72.81,72.83,72.78,72.79,6900
1769451000,72.8,72.82,72.78,72.82,6325
1769451600,72.82,72.84,72.77,72.79,8248
1769452200,72.79,72.81,72.765,72.765,5876
1769452800,72.765,72.82,72.76,72.8,10672
1769453400,72.8,72.825,72.77,72.77,5704
1769454000,72.76,72.835,72.75,72.83,7763
1769454600,72.825,72.86,72.81,72.82,10119
1769455200,72.8,72.8,72.725,72.74,7827
1769455800,72.73,72.775,72.725,72.73,10557
1769456400,72.72,72.745,72.69,72.735,8677
1769457000,72.73,72.75,72.715,72.725,8109
1769457600,72.73,72.73,72.62,72.65,17352
1769458200,72.66,72.695,72.645,72.68,13132
1769458800,72.675,72.695,72.63,72.63,17211
1769459400,72.63,72.72,72.625,72.68,20885
1769460000,72.69,72.735,72.62,72.67,33007
1769460600,72.68,72.735,72.54,72.57,121058
1769524200,72.45,72.8,72.27,72.71,54534
1769524800,72.71,72.93,72.685,72.85,44340
1769525400,72.84,72.94,72.75,72.76,25696
1769526000,72.77,72.86,72.77,72.79,19036
1769526600,72.795,72.87,72.75,72.83,19444
1769527200,72.835,72.87,72.77,72.85,18057
1769527800,72.86,73.105,72.86,73.08,30442
1769528400,73.08,73.235,73.04,73.19,19692
1769529000,73.2,73.225,73.14,73.14,13295
1769529600,73.15,73.22,73.145,73.195,20441
1769530200,73.19,73.25,73.135,73.25,15399
1769530800,73.26,73.33,73.23,73.32,22786
1769531400,73.325,73.37,73.29,73.34,16185
1769532000,73.33,73.34,73.25,73.26,17340
1769532600,73.265,73.27,73.205,73.21,6522
1769533200,73.2,73.34,73.2,73.34,14522
1769533800,73.35,73.37,73.31,73.34,18229
1769534400,73.335,73.39,73.28,73.32,15940
1769535000,73.31,73.33,73.225,73.23,7174
1769535600,73.24,73.36,73.23,73.34,7928
1769536200,73.34,73.38,73.33,73.35,4474
1769536800,73.35,73.35,73.25,73.25,4796
1769537400,73.25,73.3,73.24,73.29,4868
1769538000,73.29,73.29,73.22,73.245,6494
1769538600,73.26,73.34,73.255,73.29,4854
1769539200,73.285,73.315,73.25,73.3,4808
1769539800,73.3,73.36,73.3,73.335,7099
1769540400,73.335,73.35,73.295,73.31,6748
1769541000,73.32,73.33,73.285,73.29,7371
1769541600,73.3,73.31,73.245,73.29,6152
1769542200,73.3,73.46,73.3,73.43,11694
1769542800,73.43,73.45,73.38,73.4,8653
1769543400,73.4,73.405,73.3,73.37,12803
1769544000,73.37,73.415,73.35,73.35,16035
1769544600,73.37,73.37,73.25,73.29,8304
1769545200,73.28,73.295,73.235,73.29,9291
1769545800,73.28,73.375,73.24,73.33,21117
1769546400,73.33,73.395,73.28,73.38,20810
1769547000,73.375,73.56,73.375,73.545,84524
1769610600,73.21,73.62,73.21,73.35,40601
1769611200,73.34,73.37,73.175,73.3,47609
1769611800,73.3,73.3,73.06,73.06,29967
1769612400,73.06,73.24,73.06,73.18,26266
1769613000,73.175,73.34,73.175,73.26,27643
1769613600,73.265,73.32,73.155,73.16,22282
1769614200,73.17,73.345,73.17,73.23,14299
1769614800,73.235,73.39,73.22,73.39,16243
1769615400,73.395,73.4,73.3,73.305,25810
1769616000,73.31,73.31,73.14,73.19,13310
1769616600,73.2,73.265,73.14,73.23,26280
1769617200,73.24,73.35,73.18,73.29,19037
1769617800,73.28,73.285,73.205,73.205,13516
1769618400,73.205,73.315,73.2,73.25,20053
1769619000,73.245,73.27,73.14,73.27,21037
1769619600,73.28,73.295,73.185,73.25,14733
1769620200,73.25,73.295,73.21,73.255,18578
1769620800,73.26,73.31,73.26,73.3,11750
1769621400,73.31,73.325,73.23,73.245,16342
1769622000,73.25,73.26,73.18,73.215,11390
1769622600,73.21,73.215,73.05,73.06,15186
1769623200,73.065,73.09,73.03,73.09,14388
1769623800,73.085,73.18,73.075,73.15,37767
1769624400,73.14,73.16,73.055,73.105,61045
1769625000,73.11,73.11,72.975,73.02,17677
1769625600,73.02,73.07,72.995,73.01,4658
1769626200,73,73.04,72.935,73.03,13919
1769626800,73.04,73.04,72.87,72.96,9729
1769627400,72.95,72.965,72.85,72.85,24233
1769628000,72.86,72.92,72.785,72.89,14598
1769628600,72.895,72.93,72.69,72.745,51258
1769629200,72.725,72.74,72.64,72.66,13724
1769629800,72.67,72.68,72.565,72.65,17372
1769630400,72.645,72.85,72.645,72.81,8606
1769631000,72.81,72.84,72.785,72.809,10578
1769631600,72.81,72.87,72.78,72.825,14151
1769632200,72.82,72.88,72.78,72.88,19889
1769632800,72.88,72.99,72.83,72.95,25408
1769633400,72.96,73.12,72.955,73.05,99548
1769697000,73.4,73.68,73.19,73.585,41524
1769697600,73.59,73.59,73.15,73.225,29126
1769698200,73.21,73.43,73.2,73.385,24368
1769698800,73.38,73.45,73.255,73.31,32363
1769699400,73.31,73.36,73.285,73.34,10774
1769700000,73.34,73.38,73.25,73.255,11938
1769700600,73.25,73.55,73.245,73.52,13253
1769701200,73.515,73.845,73.48,73.8,37576
1769701800,73.79,73.93,73.77,73.86,33509
1769702400,73.87,73.99,73.87,73.98,24490
1769703000,73.97,73.995,73.76,73.855,19315
1769703600,73.86,73.86,73.67,73.67,35158
1769704200,73.69,73.745,73.58,73.66,20553
1769704800,73.65,73.73,73.54,73.72,15394
1769705400,73.72,73.72,73.54,73.72,11021
1769706000,73.74,73.77,73.67,73.72,12422
1769706600,73.725,73.845,73.69,73.735,18733
1769707200,73.74,73.8,73.705,73.74,18395
1769707800,73.73,73.76,73.705,73.725,7740
1769708400,73.72,73.77,73.665,73.675,9980
1769709000,73.67,73.67,73.52,73.63,27201
1769709600,73.64,73.75,73.63,73.75,27096
1769710200,73.74,73.795,73.665,73.72,20624
1769710800,73.72,73.77,73.62,73.73,10830
1769711400,73.73,73.84,73.715,73.79,14099
1769712000,73.79,73.865,73.775,73.805,16105
1769712600,73.81,73.82,73.68,73.695,20910
1769713200,73.69,73.835,73.61,73.78,24171
1769713800,73.79,73.88,73.79,73.88,10916
1769714400,73.885,73.95,73.875,73.945,15463
1769715000,73.95,74.085,73.94,73.97,61010
1769715600,73.965,73.965,73.86,73.895,17722
1769716200,73.9,73.9,73.81,73.82,19514
1769716800,73.825,73.93,73.78,73.78,16694
1769717400,73.77,73.83,73.635,73.67,18410
1769718000,73.68,73.815,73.675,73.8,20117
1769718600,73.8,73.84,73.67,73.755,35306
1769719200,73.76,73.76,73.485,73.54,58615
1769719800,73.55,73.575,73.34,73.41,239418
1769783400,73.8,73.89,73.65,73.765,83814
1769784000,73.76,73.8,73.63,73.71,37040
1769784600,73.7,73.74,73.57,73.665,38799
1769785200,73.66,73.79,73.63,73.77,144257
1769785800,73.77,73.78,73.61,73.67,73256
1769786400,73.66,73.81,73.66,73.79,65737
1769787000,73.8,73.88,73.74,73.795,76732
1769787600,73.8,73.81,73.7,73.735,31591
1769788200,73.735,73.8,73.68,73.77,39357
1769788800,73.765,73.86,73.74,73.81,49383
1769789400,73.81,73.9,73.72,73.87,25986
1769790000,73.87,73.9,73.82,73.88,45002
1769790600,73.88,73.91,73.785,73.82,30395
1769791200,73.82,73.86,73.73,73.84,21540
1769791800,73.84,73.995,73.825,73.89,52638
1769792400,73.89,73.92,73.76,73.795,20807
1769793000,73.79,73.79,73.56,73.62,25622
1769793600,73.62,73.73,73.54,73.7,30043
1769794200,73.705,73.77,73.7,73.73,20797
1769794800,73.72,73.74,73.64,73.69,22419
1769795400,73.68,73.85,73.66,73.79,52489
1769796000,73.78,74,73.78,73.91,69348
1769796600,73.92,73.95,73.86,73.95,14891
1769797200,73.955,74.26,73.92,74.25,49344
1769797800,74.25,74.34,74.21,74.335,59430
1769798400,74.35,74.495,74.35,74.49,25609
1769799000,74.5,74.575,74.43,74.575,25120
1769799600,74.575,74.655,74.46,74.51,35951
1769800200,74.51,74.52,74.4,74.445,15789
1769800800,74.445,74.525,74.405,74.5,24256
1769801400,74.48,74.66,74.47,74.58,24577
1769802000,74.575,74.6,74.395,74.4,20498
1769802600,74.41,74.53,74.385,74.455,21053
1769803200,74.46,74.595,74.46,74.595,17872
1769803800,74.595,74.7,74.575,74.655,22345
1769804400,74.65,74.84,74.65,74.825,19196
1769805000,74.83,74.85,74.73,74.75,30621
1769805600,74.75,74.855,74.625,74.855,70999
1769806200,74.82,74.895,74.79,74.85,180014
1770042600,75.1,75.15,74.88,75.04,129018
1770043200,75.07,75.365,75.03,75.11,40785
1770043800,75.11,75.11,74.89,74.98,23094
1770044400,74.95,74.97,74.85,74.96,28560
1770045000,74.97,74.97,74.62,74.635,29918
1770045600,74.65,74.695,74.54,74.55,63117
1770046200,74.56,74.65,74.505,74.54,44181
1770046800,74.54,74.55,74.4,74.545,44955
1770047400,74.54,74.77,74.515,74.76,26222
1770048000,74.755,74.765,74.615,74.63,23039
1770048600,74.63,74.83,74.59,74.78,14629
1770049200,74.78,74.865,74.72,74.86,12531
1770049800,74.86,74.875,74.78,74.87,8818
1770050400,74.88,74.885,74.825,74.86,8832
1770051000,74.875,75.055,74.875,75.055,13032
1770051600,75.06,75.14,75.04,75.1,13658
1770052200,75.11,75.2,75.1,75.2,18641
1770052800,75.205,75.22,75.13,75.15,8946
1770053400,75.16,75.215,75.095,75.1,15265
1770054000,75.11,75.135,75.06,75.13,17813
1770054600,75.14,75.14,75.01,75.01,9550
1770055200,75.01,75.04,74.88,74.89,16201
1770055800,74.885,74.96,74.86,74.875,9551
1770056400,74.87,75.05,74.85,75.03,15260
1770057000,75.04,75.09,75.025,75.08,8128
1770057600,75.085,75.165,75.085,75.13,11678
1770058200,75.13,75.215,75.11,75.12,18120
1770058800,75.115,75.2,75.11,75.19,8291
1770059400,75.19,75.26,75.16,75.165,16235
1770060000,75.16,75.235,75.15,75.23,11509
1770060600,75.24,75.285,75.16,75.275,12999
1770061200,75.28,75.41,75.26,75.375,23378
1770061800,75.375,75.42,75.25,75.35,34119
1770062400,75.34,75.46,75.32,75.39,25202
1770063000,75.4,75.49,75.4,75.48,20908
1770063600,75.485,75.68,75.45,75.67,29133
1770064200,75.66,75.695,75.55,75.625,28557
1770064800,75.63,75.68,75.575,75.675,37073
1770065400,75.67,75.68,75.3,75.34,138781
1770129000,75.35,76.28,75.13,76.27,213043
1770129600,76.27,76.66,76.16,76.24,87455
1770130200,76.22,76.74,76.21,76.645,79747
1770130800,76.65,77.025,76.44,76.93,96748
1770131400,76.92,77.03,76.79,76.95,64087
1770132000,76.945,76.95,76.58,76.655,39503
1770132600,76.66,76.81,76.59,76.73,50409
1770133200,76.73,76.745,76.51,76.51,28159
1770133800,76.5,76.67,76.44,76.63,45379
1770134400,76.62,76.86,76.485,76.79,30151
1770135000,76.78,76.985,76.78,76.95,51806
1770135600,76.96,77.12,76.96,77.12,57568
1770136200,77.11,77.215,77.05,77.16,99071
1770136800,77.16,77.41,77.105,77.31,71955
1770137400,77.31,77.315,77.18,77.29,46862
1770138000,77.29,77.295,77.09,77.1,39892
1770138600,77.11,77.175,77,77.12,35505
1770139200,77.115,77.325,77.095,77.26,32817
1770139800,77.26,77.485,77.22,77.44,21562
1770140400,77.43,77.48,77.36,77.38,30834
1770141000,77.375,77.47,77.26,77.44,30788
1770141600,77.43,77.495,77.315,77.315,22826
1770142200,77.32,77.38,77.22,77.24,23458
1770142800,77.23,77.285,77.13,77.13,21693
1770143400,77.125,77.18,77.05,77.12,20842
1770144000,77.115,77.17,76.96,76.96,23890
1770144600,76.95,76.99,76.77,76.885,30008
1770145200,76.9,76.92,76.76,76.79,24746
1770145800,76.79,76.84,76.63,76.63,30432
1770146400,76.625,76.88,76.625,76.88,17610
1770147000,76.88,76.96,76.79,76.85,26040
1770147600,76.85,76.9,76.75,76.77,16485
1770148200,76.78,76.8,76.695,76.76,34288
1770148800,76.755,77.01,76.755,77.005,27081
1770149400,77.01,77.01,76.895,76.95,38798
1770150000,76.96,77.08,76.96,77.02,34288
1770150600,77.02,77.07,76.955,77.005,56087
1770151200,77.01,77.09,76.94,77.05,100191
1770151800,77.05,77.05,76.89,76.895,245247
1770215400,77.265,77.89,77.18,77.59,160842
1770216000,77.59,77.76,77.55,77.65,84085
1770216600,77.64,78.04,77.62,77.93,63163
1770217200,77.9,77.98,77.48,77.52,60503
1770217800,77.53,77.6,77.23,77.45,97289
1770218400,77.46,77.52,77.09,77.315,94675
1770219000,77.32,77.62,77.27,77.36,78008
1770219600,77.385,77.41,77.1,77.23,77747
1770220200,77.23,77.37,77.13,77.31,59385
1770220800,77.32,77.465,77.28,77.38,74335
1770221400,77.37,77.54,77.205,77.54,40975
1770222000,77.535,77.785,77.49,77.73,65935
1770222600,77.73,77.865,77.72,77.785,18300
1770223200,77.78,77.99,77.75,77.99,13511
1770223800,77.99,78,77.735,77.75,39429
1770224400,77.74,77.78,77.71,77.74,28259
1770225000,77.74,77.82,77.57,77.82,30489
1770225600,77.815,77.985,77.81,77.96,26167
1770226200,77.96,78,77.855,77.99,16809
1770226800,77.98,78.1,77.915,78.075,32234
1770227400,78.07,78.07,77.915,77.93,30455
1770228000,77.92,77.98,77.81,77.84,24445
1770228600,77.83,77.865,77.745,77.795,58010
1770229200,77.795,77.88,77.64,77.73,26519
1770229800,77.71,77.795,77.71,77.795,17769
1770230400,77.8,77.975,77.79,77.975,17190
1770231000,77.97,77.97,77.81,77.91,12874
1770231600,77.93,78,77.87,77.92,28549
1770232200,77.93,78.01,77.925,77.96,16355
1770232800,77.97,77.975,77.77,77.83,36077
1770233400,77.81,77.81,77.72,77.785,15637
1770234000,77.79,77.8,77.69,77.71,21863
1770234600,77.68,77.695,77.4,77.41,44131
1770235200,77.4,77.56,77.38,77.41,31098
1770235800,77.42,77.47,77.35,77.4,38366
1770236400,77.395,77.485,77.355,77.455,54091
1770237000,77.46,77.57,77.46,77.495,44910
1770237600,77.485,77.53,77.375,77.44,76539
1770238200,77.44,77.47,77.245,77.325,262381
1770301800,77.675,78.35,77.59,77.95,228709
1770302400,77.92,78.1,77.83,77.98,130421
1770303000,77.985,78.18,77.81,78.14,69568
1770303600,78.14,78.57,78.085,78.42,87458
1770304200,78.41,78.785,78.37,78.665,77253
1770304800,78.65,78.67,78.41,78.55,56083
1770305400,78.54,78.715,78.465,78.47,48571
1770306000,78.46,78.545,78.355,78.46,53210
1770306600,78.465,78.465,78.29,78.34,30599
1770307200,78.31,78.47,78.31,78.4,27435
1770307800,78.415,78.415,78.16,78.165,30600
1770308400,78.181,78.19,77.995,78,39906
1770309000,77.995,78.045,77.885,77.95,63523
1770309600,77.93,78.06,77.925,78,47270
1770310200,78,78.01,77.88,78,30464
1770310800,78,78.075,77.9,77.93,39551
1770311400,77.925,78,77.87,77.97,22544
1770312000,77.98,77.99,77.93,77.95,17181
1770312600,77.97,78.13,77.95,78.08,25829
1770313200,78.09,78.29,78.06,78.27,16715
1770313800,78.27,78.39,78.27,78.36,32948
1770314400,78.36,78.43,78.26,78.29,43518
1770315000,78.295,78.395,78.21,78.375,39823
1770315600,78.38,78.475,78.365,78.42,26154
1770316200,78.415,78.49,78.36,78.44,39137
1770316800,78.44,78.47,78.36,78.375,26895
1770317400,78.38,78.38,78.24,78.25,31515
1770318000,78.27,78.375,78.27,78.33,31945
1770318600,78.325,78.5,78.32,78.5,17471
1770319200,78.51,78.66,78.47,78.595,26167
1770319800,78.61,78.645,78.57,78.59,20478
1770320400,78.58,78.67,78.58,78.595,24774
1770321000,78.6,78.71,78.53,78.64,31985
1770321600,78.65,78.65,78.53,78.6,22608
1770322200,78.61,78.785,78.61,78.76,28265
1770322800,78.765,78.855,78.745,78.785,42476
1770323400,78.79,78.79,78.62,78.64,54046
1770324000,78.65,78.66,78.235,78.315,90109
1770324600,78.32,78.56,78.31,78.505,194401
1770388200,78.59,78.85,78.26,78.57,304940
1770388800,78.57,78.89,78.57,78.64,122876
1770389400,78.63,78.94,78.52,78.93,99057
1770390000,78.95,79.055,78.86,79.02,105659
1770390600,79.01,79.015,78.82,78.82,42122
1770391200,78.82,78.955,78.74,78.83,45583
1770391800,78.84,78.94,78.75,78.75,28688
1770392400,78.74,78.79,78.665,78.75,28184
1770393000,78.75,78.775,78.66,78.66,23554
1770393600,78.65,78.705,78.54,78.615,27011
1770394200,78.61,78.74,78.58,78.62,32156
1770394800,78.615,78.64,78.46,78.55,25050
1770395400,78.54,78.71,78.53,78.65,29267
1770396000,78.66,78.75,78.625,78.625,17226
1770396600,78.63,78.745,78.59,78.69,39875
1770397200,78.685,78.74,78.665,78.685,17146
1770397800,78.69,78.7,78.6,78.65,16508
1770398400,78.645,78.65,78.53,78.54,18244
1770399000,78.545,78.545,78.38,78.5,18824
1770399600,78.51,78.58,78.48,78.51,27129
1770400200,78.52,78.58,78.37,78.37,8656
1770400800,78.36,78.5,78.33,78.5,15865
1770401400,78.49,78.581,78.48,78.57,24160
1770402000,78.57,78.665,78.55,78.66,11741
1770402600,78.66,78.81,78.66,78.785,12976
1770403200,78.78,78.8,78.71,78.755,15933
1770403800,78.76,78.865,78.72,78.84,13940
1770404400,78.84,78.93,78.83,78.91,9977
1770405000,78.92,78.94,78.88,78.93,11802
1770405600,78.95,78.965,78.88,78.93,11691
1770406200,78.94,78.97,78.88,78.88,12795
1770406800,78.875,78.905,78.815,78.865,19966
1770407400,78.865,79.05,78.865,79.05,31539
1770408000,79.05,79.08,78.91,78.92,12215
1770408600,78.93,78.935,78.85,78.87,11532
1770409200,78.88,78.94,78.86,78.88,16561
1770409800,78.88,78.99,78.88,78.97,28302
1770410400,78.97,79.075,78.965,78.98,64510
1770411000,78.99,79.2,78.99,79.03,112464
1770647400,78.8,79.11,78.56,78.6,139531
1770648000,78.59,78.645,78.15,78.21,90685
1770648600,78.21,78.54,78.2,78.51,74618
1770649200,78.505,78.66,78.305,78.32,41566
1770649800,78.32,78.49,78.315,78.34,36847
1770650400,78.34,78.54,78.34,78.535,17575
1770651000,78.53,78.53,78.41,78.48,21459
1770651600,78.49,78.525,78.25,78.3,47204
1770652200,78.3,78.42,78.13,78.14,88147
1770652800,78.14,78.235,78.071,78.08,76580
1770653400,78.075,78.09,77.99,78.04,34277
1770654000,78.04,78.07,77.92,77.92,20467
1770654600,77.92,77.93,77.78,77.8,52100
1770655200,77.8,77.87,77.75,77.78,31150
1770655800,77.765,77.79,77.69,77.77,24429
1770656400,77.765,77.81,77.61,77.62,26972
1770657000,77.62,77.64,77.535,77.58,31463
1770657600,77.59,77.78,77.59,77.77,23045
1770658200,77.76,77.825,77.685,77.74,30075
1770658800,77.74,77.835,77.74,77.77,23913
1770659400,77.755,77.87,77.755,77.835,25756
1770660000,77.83,77.85,77.685,77.685,16353
1770660600,77.68,77.845,77.66,77.84,18133
1770661200,77.84,78.02,77.825,77.935,28228
1770661800,77.94,78.02,77.94,77.975,21577
1770662400,77.96,77.96,77.87,77.925,27014
1770663000,77.925,77.93,77.855,77.91,23593
1770663600,77.91,77.92,77.835,77.91,16988
1770664200,77.9,78,77.87,77.99,18179
1770664800,77.99,78.055,77.97,78.045,16450
1770665400,78.05,78.06,77.95,77.965,18064
1770666000,77.965,78.075,77.92,78.06,15418
1770666600,78.055,78.08,78.01,78.065,12755
1770667200,78.065,78.16,78.065,78.16,30624
1770667800,78.16,78.17,78.01,78.115,24183
1770668400,78.11,78.18,78.075,78.17,42135
1770669000,78.16,78.16,78.015,78.03,31600
1770669600,78.02,78.075,77.94,77.95,40860
1770670200,77.94,78.11,77.82,77.95,143747
1770733800,76.8,77.5,76.16,77.2,594805
1770734400,77.19,77.42,76.96,77.29,214872
1770735000,77.27,77.45,77.1,77.32,119401
1770735600,77.3,77.36,76.62,76.83,98388
1770736200,76.84,77.07,76.655,77.07,92012
1770736800,77.07,77.125,76.62,76.69,56820
1770737400,76.68,76.69,76.08,76.3,101751
1770738000,76.31,76.32,76.08,76.15,44137
1770738600,76.15,76.37,76.02,76.315,60694
1770739200,76.315,76.49,76.05,76.49,37909
1770739800,76.5,76.51,76.35,76.43,33851
1770740400,76.43,76.55,76.33,76.48,37487
1770741000,76.47,76.51,76.355,76.445,25196
1770741600,76.44,76.61,76.32,76.33,54191
1770742200,76.33,76.41,76.13,76.35,50397
1770742800,76.37,76.39,76.17,76.22,27988
1770743400,76.235,76.53,76.225,76.39,37091
1770744000,76.38,76.42,76.17,76.39,44952
1770744600,76.38,76.4,76.29,76.31,18223
1770745200,76.32,76.565,76.3,76.54,30868
1770745800,76.52,76.62,76.47,76.48,30507
1770746400,76.48,76.67,76.44,76.645,28089
1770747000,76.65,76.69,76.55,76.64,22313
1770747600,76.65,76.84,76.53,76.82,52523
1770748200,76.83,76.91,76.795,76.895,42982
1770748800,76.895,76.99,76.89,76.99,26190
1770749400,76.99,77,76.89,76.975,26428
1770750000,76.975,76.975,76.88,76.93,27791
1770750600,76.945,76.99,76.85,76.985,24133
1770751200,76.995,77.065,76.97,76.99,28642
1770751800,77,77.015,76.91,76.98,33226
1770752400,76.97,77.015,76.94,76.98,22176
1770753000,76.975,77,76.825,76.83,25796
1770753600,76.84,76.855,76.735,76.74,27126
1770754200,76.745,76.75,76.655,76.67,32935
1770754800,76.67,76.755,76.665,76.7,16399
1770755400,76.705,76.82,76.68,76.76,33462
1770756000,76.75,76.77,76.65,76.745,31365
1770756600,76.75,77,76.71,76.82,163025
1770820200,76.77,77.04,76.58,76.93,226545
1770820800,76.93,77.205,76.88,77.03,121197
1770821400,77.03,77.315,76.95,77.305,101293
1770822000,77.31,77.845,77.285,77.79,93572
1770822600,77.78,78.05,77.745,78.04,60332
1770823200,78.04,78.175,77.92,78.11,74728
1770823800,78.12,78.21,77.96,78.18,61739
1770824400,78.17,78.22,78.035,78.19,33306
1770825000,78.2,78.21,77.99,78.115,32257
1770825600,78.11,78.33,78.085,78.285,49665
1770826200,78.285,78.335,78.145,78.2,39275
1770826800,78.195,78.57,78.17,78.57,27279
1770827400,78.57,78.865,78.49,78.8,52428
1770828000,78.805,78.85,78.68,78.7,29369
1770828600,78.71,78.8,78.69,78.755,23832
1770829200,78.76,78.915,78.76,78.91,28111
1770829800,78.9,78.92,78.81,78.895,26861
1770830400,78.9,78.92,78.8,78.84,23425
1770831000,78.84,78.89,78.8,78.86,24914
1770831600,78.87,78.965,78.845,78.86,24537
1770832200,78.87,78.88,78.76,78.85,16547
1770832800,78.859,79.05,78.85,78.945,33950
1770833400,78.94,78.95,78.75,78.8,17012
1770834000,78.79,78.805,78.725,78.79,16057
1770834600,78.79,78.89,78.79,78.865,18575
1770835200,78.86,78.89,78.82,78.82,13243
1770835800,78.81,78.86,78.61,78.66,22788
1770836400,78.66,78.76,78.63,78.67,22289
1770837000,78.67,78.67,78.565,78.64,15801
1770837600,78.64,78.69,78.62,78.655,22182
1770838200,78.65,78.675,78.55,78.58,26185
1770838800,78.57,78.675,78.53,78.675,35306
1770839400,78.68,78.705,78.575,78.575,20967
1770840000,78.575,78.6,78.475,78.52,26791
1770840600,78.52,78.57,78.465,78.55,27899
1770841200,78.56,78.8,78.545,78.74,29300
1770841800,78.745,78.765,78.6,78.68,28641
1770842400,78.68,78.715,78.55,78.68,52496
1770843000,78.7,78.76,78.59,78.6,253194
1770906600,78.8,79.26,78.79,78.9,121973
1770907200,78.88,79.51,78.84,79.46,74994
1770907800,79.455,79.62,79.32,79.6,43177
1770908400,79.57,79.615,79.27,79.47,49115
1770909000,79.46,79.71,79.41,79.71,33238
1770909600,79.71,79.76,79.57,79.68,37837
1770910200,79.68,79.915,79.635,79.86,29467
1770910800,79.88,80.11,79.865,80.02,75355
1770911400,80.03,80.28,79.96,80.25,46977
1770912000,80.27,80.285,80.095,80.18,105179
1770912600,80.175,80.18,79.975,80,75679
1770913200,80.02,80.37,80.015,80.34,43905
1770913800,80.34,80.41,80.075,80.08,60345
1770914400,80.08,80.28,80.04,80.135,51373
1770915000,80.14,80.21,80.05,80.14,20061
1770915600,80.14,80.305,80.13,80.18,44919
1770916200,80.21,80.32,80.175,80.215,23585
1770916800,80.215,80.22,79.94,79.95,99346
1770917400,79.94,80.09,79.87,80.04,29020
1770918000,80.04,80.15,79.99,80.15,78493
1770918600,80.15,80.18,80.04,80.12,33283
1770919200,80.11,80.23,80.015,80.15,30883
1770919800,80.16,80.21,80.04,80.21,14251
1770920400,80.19,80.19,79.955,79.99,62051
1770921000,80.02,80.11,79.95,79.95,16663
1770921600,79.95,80.27,79.93,80.27,19390
1770922200,80.285,80.35,80.16,80.24,36505
1770922800,80.23,80.285,80.015,80.04,24556
1770923400,80.05,80.11,79.98,79.98,22683
1770924000,79.97,79.99,79.885,79.91,39531
1770924600,79.91,79.955,79.665,79.71,53145
1770925200,79.7,79.9,79.675,79.885,36067
1770925800,79.885,79.95,79.84,79.875,48043
1770926400,79.87,79.96,79.83,79.92,32967
1770927000,79.91,79.915,79.735,79.81,27537
1770927600,79.82,79.895,79.72,79.74,22378
1770928200,79.75,79.75,79.33,79.35,82234
1770928800,79.34,79.37,79.09,79.13,94830
1770929400,79.14,79.15,78.875,78.985,252333
1770993000,78.43,79.26,78.1,78.98,254205
1770993600,79,79.03,78.31,78.35,97023
1770994200,78.36,78.6,78.14,78.24,49210
1770994800,78.24,78.395,78.135,78.395,38718
1770995400,78.39,78.58,78.29,78.53,29639
1770996000,78.52,78.6,78.4,78.54,23225
1770996600,78.54,78.82,78.48,78.79,27079
1770997200,78.79,78.97,78.73,78.965,22653
1770997800,78.95,78.95,78.705,78.81,18523
1770998400,78.81,78.85,78.65,78.84,18769
1770999000,78.84,79.05,78.83,79.05,17726
1770999600,79.05,79.08,79.005,79.02,31265
1771000200,79.02,79.125,78.94,78.975,45917
1771000800,78.975,79.115,78.93,78.95,13474
1771001400,78.945,79.085,78.855,79.06,16354
1771002000,79.06,79.115,79.04,79.07,12796
1771002600,79.07,79.19,79.035,79.035,16188
1771003200,79.045,79.1,79.04,79.065,11595
1771003800,79.07,79.26,79.07,79.22,17311
1771004400,79.22,79.375,79.2,79.36,15316
1771005000,79.35,79.4,79.275,79.375,11670
1771005600,79.37,79.385,79.3,79.305,12302
1771006200,79.305,79.365,79.25,79.315,12403
1771006800,79.32,79.385,79.24,79.34,25616
1771007400,79.35,79.35,79.15,79.175,13747
1771008000,79.19,79.265,79.185,79.22,7092
1771008600,79.21,79.25,79.085,79.2,29441
1771009200,79.185,79.21,79.07,79.075,14703
1771009800,79.07,79.07,78.88,78.89,10141
1771010400,78.89,78.975,78.85,78.945,13530
1771011000,78.95,78.97,78.76,78.76,14767
1771011600,78.76,78.84,78.655,78.84,10869
1771012200,78.84,78.87,78.65,78.65,15998
1771012800,78.64,78.71,78.61,78.62,11967
1771013400,78.62,78.79,78.62,78.735,19584
1771014000,78.73,78.76,78.635,78.65,15706
1771014600,78.64,78.65,78.555,78.61,65686
1771015200,78.6,78.61,78.465,78.56,31815
1771015800,78.555,78.705,78.36,78.665,131867
1771338600,78.96,79.31,78.845,79.08,180945
1771339200,79.1,79.53,79,79.31,99614
1771339800,79.31,79.5,79.19,79.3,56307
1771340400,79.3,79.37,79.15,79.26,44881
1771341000,79.27,79.29,78.94,79.16,57707
1771341600,79.19,79.45,79.16,79.2,33072
1771342200,79.19,79.23,79.08,79.18,34878
1771342800,79.17,79.185,78.95,78.995,56446
1771343400,78.99,79.225,78.975,79.02,31973
1771344000,79.01,79.02,78.87,78.87,20300
1771344600,78.9,79.1,78.9,78.91,19703
1771345200,78.93,79.105,78.93,78.96,26367
1771345800,78.96,78.99,78.835,78.99,14515
1771346400,78.98,79.065,78.875,78.97,19862
1771347000,78.97,78.995,78.855,78.855,18976
1771347600,78.85,78.865,78.74,78.795,13554
1771348200,78.8,78.94,78.8,78.865,12908
1771348800,78.87,78.945,78.795,78.81,8344
1771349400,78.81,79.105,78.81,79.09,12265
1771350000,79.095,79.16,79,79.01,18766
1771350600,79.01,79.04,78.86,78.92,10924
1771351200,78.93,79.045,78.92,78.995,8961
1771351800,78.995,79.085,78.94,79.085,11213
1771352400,79.075,79.18,79.06,79.18,23353
1771353000,79.18,79.36,79.16,79.31,28141
1771353600,79.3,79.35,79.21,79.35,13658
1771354200,79.355,79.38,79.23,79.24,21708
1771354800,79.24,79.31,79.16,79.27,17641
1771355400,79.28,79.33,79.065,79.07,9849
1771356000,79.08,79.31,79.06,79.28,24134
1771356600,79.28,79.31,79.2,79.29,14490
1771357200,79.29,79.35,79.245,79.335,21259
1771357800,79.33,79.36,79.22,79.23,18286
1771358400,79.25,79.38,79.23,79.36,28929
1771359000,79.355,79.475,79.3,79.475,30895
1771359600,79.48,79.58,79.45,79.575,53857
1771360200,79.58,79.585,79.365,79.47,31892
1771360800,79.475,79.54,79.41,79.535,42788
1771361400,79.53,79.635,79.46,79.595,188239
1771425000,79.47,79.84,79.43,79.6,237401
1771425600,79.61,79.69,79.26,79.41,94304
1771426200,79.41,79.46,79.3,79.45,46815
1771426800,79.45,79.67,79.39,79.62,54165
1771427400,79.63,79.775,79.615,79.69,51063
1771428000,79.71,79.74,79.37,79.54,38623
1771428600,79.55,79.6,79.4,79.43,65685
1771429200,79.43,79.45,79.31,79.45,48863
1771429800,79.46,79.52,79.4,79.48,39869
1771430400,79.465,79.605,79.39,79.605,37959
1771431000,79.605,79.685,79.55,79.62,40982
1771431600,79.64,79.77,79.54,79.55,35926
1771432200,79.555,79.56,79.36,79.39,12324
1771432800,79.4,79.42,79.27,79.35,8175
1771433400,79.35,79.4,79.335,79.345,6470
1771434000,79.345,79.345,79.22,79.26,13608
1771434600,79.25,79.26,79.01,79.07,14642
1771435200,79.06,79.16,79,79.155,11320
1771435800,79.155,79.17,79.06,79.11,7753
1771436400,79.105,79.13,79.04,79.1,6836
1771437000,79.1,79.19,79.08,79.08,5911
1771437600,79.09,79.145,79.02,79.04,6365
1771438200,79.055,79.14,79.055,79.12,6976
1771438800,79.14,79.17,79.11,79.165,5875
1771439400,79.16,79.18,79.085,79.16,7974
1771440000,79.155,79.205,79.125,79.15,10336
1771440600,79.145,79.145,79.07,79.14,6680
1771441200,79.13,79.22,78.99,79,10178
1771441800,79.01,79.02,78.93,78.96,4404
1771442400,78.95,79.12,78.95,79.08,10092
1771443000,79.08,79.11,79,79.08,22833
1771443600,79.11,79.19,79.09,79.11,8300
1771444200,79.12,79.21,79.08,79.21,11778
1771444800,79.205,79.205,79.11,79.13,11365
1771445400,79.14,79.2,79.135,79.17,8203
1771446000,79.17,79.2,79.145,79.2,7188
1771446600,79.21,79.23,79.18,79.2,10690
1771447200,79.21,79.25,79.17,79.21,12283
1771447800,79.21,79.52,79.21,79.48,180232
1771511400,79.565,79.605,79.27,79.45,156233
1771512000,79.43,79.585,79.29,79.33,74030
1771512600,79.31,79.5,79.2,79.38,32097
1771513200,79.37,79.38,79.03,79.04,35528
1771513800,79.04,79.095,78.95,78.99,27789
1771514400,78.98,79.15,78.89,79.12,22378
1771515000,79.12,79.22,78.995,79.04,24928
1771515600,79.03,79.105,79.01,79.055,15145
1771516200,79.07,79.145,78.96,78.96,12589
1771516800,78.95,78.95,78.86,78.865,73255
1771517400,78.86,78.89,78.725,78.745,16605
1771518000,78.74,78.75,78.595,78.65,23422
1771518600,78.645,78.795,78.625,78.665,19397
1771519200,78.66,78.73,78.64,78.65,14610
1771519800,78.65,78.745,78.635,78.695,17788
1771520400,78.7,78.8,78.645,78.67,11574
1771521000,78.68,78.76,78.66,78.71,10562
1771521600,78.71,78.83,78.71,78.8,12066
1771522200,78.81,78.82,78.755,78.78,9884
1771522800,78.8,78.87,78.8,78.86,10860
1771523400,78.86,78.86,78.77,78.8,7428
1771524000,78.81,78.82,78.78,78.81,4956
1771524600,78.8,78.89,78.79,78.88,7060
1771525200,78.88,78.925,78.83,78.91,7129
1771525800,78.92,79.03,78.88,79.03,7712
1771526400,79.02,79.11,79.005,79.09,9545
1771527000,79.085,79.11,79.055,79.07,8582
1771527600,79.065,79.135,79.06,79.085,8687
1771528200,79.085,79.115,79.03,79.03,16882
1771528800,79.02,79.045,78.93,79,16914
1771529400,79,79,78.78,78.805,11583
1771530000,78.81,78.905,78.805,78.87,16557
1771530600,78.86,78.89,78.755,78.79,24346
1771531200,78.8,78.935,78.79,78.915,13663
1771531800,78.915,78.99,78.885,78.955,13686
1771532400,78.95,78.985,78.9,78.975,23056
1771533000,78.99,79,78.865,78.955,23243
1771533600,78.96,79.04,78.92,79.02,34350
1771534200,79.02,79.02,78.8,78.89,87637
1771597800,79.25,79.365,78.89,79.11,95137
1771598400,79.1,79.255,78.995,79.245,39007
1771599000,79.235,79.34,79.12,79.33,28657
1771599600,79.33,79.4,79.085,79.25,96645
1771600200,79.26,79.525,79.14,79.51,56301
1771600800,79.52,79.56,79.455,79.55,37719
1771601400,79.54,79.565,79.425,79.505,35266
1771602000,79.5,79.565,79.475,79.485,37026
1771602600,79.48,79.505,79.235,79.25,37363
1771603200,79.24,79.29,79.15,79.28,20709
1771603800,79.29,79.43,79.29,79.39,21336
1771604400,79.39,79.49,79.38,79.38,17101
1771605000,79.37,79.42,79.33,79.38,32949
1771605600,79.385,79.45,79.37,79.38,13702
1771606200,79.38,79.47,79.38,79.46,15959
1771606800,79.46,79.499,79.345,79.375,14285
1771607400,79.37,79.47,79.325,79.46,14185
1771608000,79.455,79.53,79.415,79.5,13920
1771608600,79.48,79.48,79.365,79.37,15604
1771609200,79.375,79.5,79.345,79.44,14637
1771609800,79.45,79.47,79.36,79.375,14055
1771610400,79.365,79.4,79.32,79.37,14954
1771611000,79.36,79.495,79.345,79.48,8204
1771611600,79.48,79.58,79.48,79.56,10784
1771612200,79.56,79.6,79.51,79.555,23418
1771612800,79.545,79.62,79.49,79.49,15640
1771613400,79.46,79.5,79.41,79.5,18141
1771614000,79.49,79.63,79.49,79.61,16628
1771614600,79.61,79.635,79.57,79.61,11992
1771615200,79.61,79.67,79.58,79.67,6464
1771615800,79.68,79.765,79.68,79.695,11359
1771616400,79.695,79.71,79.54,79.54,10626
1771617000,79.545,79.69,79.54,79.69,12219
1771617600,79.68,79.755,79.675,79.705,12801
1771618200,79.71,79.76,79.71,79.725,16254
1771618800,79.725,79.785,79.71,79.73,16163
1771619400,79.735,79.8,79.685,79.69,21100
1771620000,79.7,79.74,79.67,79.72,26866
1771620600,79.72,79.84,79.64,79.84,114868
1771857000,79.52,80.07,79.36,79.9,187317
1771857600,79.91,79.99,79.52,79.57,163429
1771858200,79.57,80.18,79.5,80.05,79354
1771858800,80.04,80.125,79.965,80.09,68114
1771859400,80.08,80.225,79.98,80.11,38829
1771860000,80.12,80.18,79.97,80.07,30839
1771860600,80.07,80.265,80.02,80.2,25414
1771861200,80.2,80.215,80.065,80.13,24626
1771861800,80.11,80.3,80.08,80.21,29844
1771862400,80.18,80.21,79.985,80.085,26460
1771863000,80.085,80.36,80.065,80.35,26149
1771863600,80.35,80.37,80.23,80.32,15138
1771864200,80.32,80.53,80.27,80.49,24974
1771864800,80.49,80.65,80.49,80.6,10935
1771865400,80.61,80.67,80.42,80.445,19647
1771866000,80.47,80.59,80.455,80.52,10717
1771866600,80.52,80.585,80.45,80.51,12495
1771867200,80.5,80.535,80.405,80.405,8744
1771867800,80.4,80.4,80.23,80.26,13776
1771868400,80.255,80.27,80.185,80.21,7135
1771869000,80.19,80.25,80.15,80.24,10108
1771869600,80.25,80.39,80.25,80.39,12187
1771870200,80.39,80.39,80.28,80.38,9693
1771870800,80.395,80.42,80.325,80.375,14060
1771871400,80.41,80.46,80.36,80.37,13285
1771872000,80.38,80.42,80.375,80.42,10006
1771872600,80.43,80.51,80.395,80.51,11868
1771873200,80.51,80.51,80.36,80.44,11208
1771873800,80.44,80.58,80.43,80.55,11325
1771874400,80.555,80.61,80.48,80.52,14714
1771875000,80.52,80.55,80.44,80.5,13945
1771875600,80.5,80.625,80.495,80.61,11083
1771876200,80.61,80.635,80.53,80.59,16372
1771876800,80.595,80.67,80.58,80.67,10115
1771877400,80.67,80.73,80.62,80.71,17354
1771878000,80.71,80.84,80.71,80.84,14359
1771878600,80.84,80.84,80.71,80.715,24778
1771879200,80.71,80.71,80.57,80.665,30585
1771879800,80.67,80.73,80.5,80.57,100541
1771943400,80.54,81.09,80.32,80.41,180934
1771944000,80.4,80.42,79.85,80.16,151570
1771944600,80.17,80.59,80.1,80.58,118958
1771945200,80.6,80.71,80.5,80.63,67952
1771945800,80.63,80.685,80.47,80.49,61694
1771946400,80.49,80.53,80.26,80.311,53682
1771947000,80.33,80.55,80.325,80.465,45261
1771947600,80.46,80.54,80.42,80.47,21798
1771948200,80.495,80.55,80.45,80.48,33863
1771948800,80.47,80.755,80.45,80.755,28696
1771949400,80.76,80.79,80.62,80.65,24484
1771950000,80.65,80.675,80.499,80.53,24326
1771950600,80.54,80.7,80.54,80.6,26757
1771951200,80.6,80.65,80.58,80.6,20734
1771951800,80.6,80.63,80.52,80.54,25516
1771952400,80.52,80.565,80.39,80.42,25501
1771953000,80.43,80.555,80.41,80.555,10937
1771953600,80.555,80.58,80.4,80.51,13947
1771954200,80.51,80.525,80.385,80.515,25100
1771954800,80.51,80.52,80.43,80.47,19026
1771955400,80.46,80.49,80.41,80.415,19445
1771956000,80.42,80.47,80.4,80.45,17525
1771956600,80.45,80.465,80.405,80.41,11656
1771957200,80.41,80.435,80.375,80.385,17018
1771957800,80.39,80.49,80.36,80.475,17191
1771958400,80.48,80.5,80.445,80.45,12598
1771959000,80.45,80.57,80.445,80.5,27027
1771959600,80.52,80.545,80.445,80.5,16200
1771960200,80.5,80.635,80.48,80.63,17659
1771960800,80.63,80.67,80.61,80.645,16877
1771961400,80.65,80.68,80.57,80.66,20220
1771962000,80.655,80.68,80.62,80.63,27119
1771962600,80.64,80.69,80.58,80.68,25086
1771963200,80.685,80.74,80.66,80.74,14833
1771963800,80.73,80.79,80.73,80.78,24604
1771964400,80.79,80.81,80.745,80.76,19109
1771965000,80.76,80.77,80.69,80.74,33653
1771965600,80.73,80.8,80.72,80.795,36794
1771966200,80.8,80.905,80.695,80.72,146741
1772029800,80.47,80.59,80.02,80.48,152206
1772030400,80.49,80.57,80.24,80.26,68444
1772031000,80.25,80.28,79.57,79.62,60498
1772031600,79.64,79.84,79.56,79.795,39162
1772032200,79.77,80.04,79.77,79.99,32841
1772032800,80,80.11,79.98,80.04,36996
1772033400,80.03,80.24,80.01,80.23,18547
1772034000,80.24,80.26,80.06,80.26,16263
1772034600,80.27,80.355,80.26,80.35,34672
1772035200,80.36,80.475,80.325,80.44,29898
1772035800,80.435,80.5,80.33,80.345,33605
1772036400,80.34,80.35,80.22,80.29,11731
1772037000,80.3,80.45,80.3,80.35,24161
1772037600,80.34,80.47,80.29,80.455,8935
1772038200,80.45,80.48,80.37,80.46,16788
1772038800,80.47,80.62,80.47,80.6,26828
1772039400,80.59,80.67,80.56,80.65,10563
1772040000,80.65,80.685,80.53,80.57,23217
1772040600,80.57,80.59,80.485,80.54,8284
1772041200,80.53,80.54,80.39,80.39,23845
1772041800,80.38,80.505,80.355,80.47,18611
1772042400,80.46,80.485,80.43,80.43,7360
1772043000,80.42,80.45,80.355,80.42,39377
1772043600,80.43,80.44,80.365,80.4,8608
1772044200,80.395,80.405,80.305,80.32,7842
1772044800,80.32,80.32,80.235,80.245,12921
1772045400,80.25,80.29,80.22,80.24,14270
1772046000,80.235,80.35,80.21,80.335,20617
1772046600,80.33,80.36,80.26,80.26,12913
1772047200,80.25,80.28,80.22,80.24,14683
1772047800,80.25,80.29,80.2,80.24,12293
1772048400,80.24,80.265,80.14,80.16,42475
1772049000,80.155,80.26,80.12,80.23,10675
1772049600,80.235,80.29,80.22,80.245,16238
1772050200,80.245,80.245,80.16,80.205,11142
1772050800,80.22,80.25,80.14,80.21,21773
1772051400,80.205,80.38,80.2,80.355,24872
1772052000,80.36,80.52,80.36,80.495,28270
1772052600,80.5,80.5,80.39,80.465,148541
1772116200,80.56,80.89,80.54,80.54,126520
1772116800,80.56,80.77,80.365,80.65,67856
1772117400,80.68,80.795,80.62,80.64,36668
1772118000,80.635,80.82,80.585,80.64,39260
1772118600,80.62,80.64,80.505,80.55,40182
1772119200,80.54,80.54,80.43,80.44,40446
1772119800,80.43,80.43,80.045,80.08,45962
1772120400,80.08,80.22,80.035,80.14,30723
1772121000,80.17,80.29,80.16,80.289,22575
1772121600,80.28,80.28,80.04,80.13,27210
1772122200,80.13,80.2,80.025,80.15,25241
1772122800,80.15,80.29,80.11,80.28,11469
1772123400,80.285,80.325,80.19,80.25,17382
1772124000,80.26,80.3,80.18,80.275,15355
1772124600,80.28,80.5,80.23,80.49,14356
1772125200,80.48,80.49,80.38,80.42,21545
1772125800,80.43,80.45,80.3,80.34,16136
1772126400,80.34,80.35,80.24,80.28,11765
1772127000,80.29,80.3,80.22,80.235,10370
1772127600,80.24,80.31,80.239,80.28,10264
1772128200,80.275,80.37,80.25,80.32,14653
1772128800,80.33,80.53,80.33,80.52,8053
1772129400,80.51,80.66,80.51,80.52,19805
1772130000,80.53,80.595,80.49,80.545,15600
1772130600,80.545,80.6,80.485,80.545,17765
1772131200,80.53,80.635,80.505,80.6,14390
1772131800,80.595,80.62,80.54,80.605,13817
1772132400,80.61,80.61,80.53,80.55,12470
1772133000,80.54,80.65,80.525,80.64,10507
1772133600,80.66,80.7,80.56,80.66,21106
1772134200,80.67,80.67,80.55,80.61,7794
1772134800,80.61,80.64,80.53,80.605,14432
1772135400,80.62,80.62,80.39,80.47,15516
1772136000,80.47,80.595,80.465,80.585,10788
1772136600,80.59,80.605,80.42,80.445,14018
1772137200,80.45,80.53,80.43,80.515,14237
1772137800,80.515,80.53,80.43,80.43,13213
1772138400,80.435,80.495,80.385,80.4,24749
1772139000,80.39,80.49,80.275,80.48,127350
1772202600,81,81.415,80.82,81.33,145168
1772203200,81.35,81.55,81.24,81.26,97622
1772203800,81.26,81.38,81.065,81.065,41071
1772204400,81.06,81.2,80.96,81.02,34209
1772205000,81.01,81.125,80.88,81.02,38085
1772205600,81.01,81.275,81.01,81.23,23254
1772206200,81.24,81.3,81.16,81.28,25535
1772206800,81.28,81.33,81.255,81.26,24660
1772207400,81.26,81.36,81.26,81.305,15719
1772208000,81.31,81.405,81.28,81.38,14284
1772208600,81.38,81.48,81.34,81.475,25183
1772209200,81.485,81.52,81.42,81.43,20054
1772209800,81.435,81.47,81.395,81.46,27854
1772210400,81.455,81.59,81.435,81.545,27056
1772211000,81.56,81.63,81.49,81.49,47602
1772211600,81.49,81.53,81.395,81.5,37605
1772212200,81.52,81.69,81.47,81.48,15531
1772212800,81.48,81.53,81.39,81.42,26760
1772213400,81.395,81.46,81.37,81.415,18729
1772214000,81.415,81.425,81.31,81.345,16702
1772214600,81.35,81.41,81.31,81.35,23203
1772215200,81.35,81.355,81.21,81.24,22782
1772215800,81.25,81.32,81.25,81.29,18233
1772216400,81.29,81.35,81.28,81.35,18979
1772217000,81.355,81.41,81.31,81.39,27276
1772217600,81.385,81.4,81.325,81.33,13670
1772218200,81.325,81.39,81.325,81.375,15076
1772218800,81.375,81.51,81.35,81.48,23414
1772219400,81.47,81.645,81.46,81.64,21919
1772220000,81.635,81.67,81.53,81.53,18073
1772220600,81.53,81.54,81.45,81.515,20527
1772221200,81.52,81.54,81.43,81.45,28629
1772221800,81.455,81.46,81.275,81.315,32392
1772222400,81.32,81.44,81.32,81.4,22660
1772223000,81.4,81.46,81.4,81.45,19688
1772223600,81.45,81.5,81.39,81.445,22533
1772224200,81.45,81.5,81.34,81.43,32295
1772224800,81.42,81.48,81.29,81.47,43697
1772225400,81.47,81.69,81.3,81.55,301718
1772461800,81.5,81.5,80.71,80.83,142118
1772462400,80.82,81.05,80.65,81,89596
1772463000,81,81.12,80.81,80.87,38520
1772463600,80.865,81.17,80.85,80.98,64757
1772464200,80.98,81.07,80.865,81.03,43478
1772464800,81.03,81.04,80.75,80.82,50667
1772465400,80.83,81.01,80.82,80.91,28508
1772466000,80.905,80.93,80.71,80.77,23890
1772466600,80.77,80.77,80.52,80.58,21260
1772467200,80.57,80.705,80.51,80.58,38292
1772467800,80.59,80.67,80.53,80.6,21721
1772468400,80.6,80.7,80.57,80.58,18804
1772469000,80.56,80.59,80.46,80.495,24723
1772469600,80.495,80.595,80.47,80.495,26713
1772470200,80.5,80.52,80.395,80.485,20901
1772470800,80.48,80.6,80.46,80.53,20050
1772471400,80.53,80.605,80.47,80.55,11277
1772472000,80.55,80.61,80.51,80.56,12269
1772472600,80.555,80.59,80.525,80.545,9172
1772473200,80.56,80.61,80.52,80.53,5477
1772473800,80.54,80.59,80.51,80.54,6655
1772474400,80.545,80.55,80.41,80.44,9302
1772475000,80.445,80.46,80.33,80.38,8602
1772475600,80.385,80.46,80.36,80.455,16886
1772476200,80.45,80.45,80.315,80.4,19001
1772476800,80.4,80.415,80.32,80.38,14328
1772477400,80.41,80.415,80.32,80.34,19178
1772478000,80.33,80.51,80.29,80.5,14152
1772478600,80.5,80.59,80.49,80.58,27674
1772479200,80.59,80.67,80.575,80.66,9263
1772479800,80.67,80.79,80.67,80.68,7161
1772480400,80.67,80.73,80.635,80.645,10447
1772481000,80.65,80.69,80.635,80.68,10019
1772481600,80.67,80.715,80.46,80.49,24227
1772482200,80.49,80.49,80.37,80.395,17549
1772482800,80.39,80.43,80.33,80.38,16849
1772483400,80.385,80.49,80.31,80.485,16076
1772484000,80.49,80.52,80.4,80.42,33641
1772484600,80.43,80.44,80.155,80.19,115553
1772548200,79.68,80.09,79.56,79.83,112926
1772548800,79.79,79.82,79.45,79.47,42028
1772549400,79.49,79.67,79.14,79.2,55846
1772550000,79.21,79.33,78.91,78.91,128555
1772550600,78.93,79,78.77,78.93,47188
1772551200,78.93,79.265,78.9,79.265,51706
1772551800,79.26,79.325,79.1,79.12,52421
1772552400,79.12,79.25,79.01,79.05,34429
1772553000,79.05,79.32,79.03,79.2,44914
1772553600,79.19,79.21,79.01,79.01,43112
1772554200,79.02,79.09,78.87,78.87,50414
1772554800,78.85,78.875,78.71,78.76,43769
1772555400,78.76,78.765,78.56,78.6,35400
1772556000,78.605,78.75,78.56,78.705,30989
1772556600,78.7,78.75,78.63,78.645,24412
1772557200,78.65,78.905,78.64,78.9,34166
1772557800,78.895,79.165,78.89,79.1,21198
1772558400,79.11,79.195,79.11,79.17,15417
1772559000,79.165,79.23,79.035,79.14,17722
1772559600,79.165,79.235,79.085,79.215,21192
1772560200,79.21,79.21,78.985,79.04,15389
1772560800,79.03,79.095,78.96,79.03,15352
1772561400,79.03,79.065,78.93,78.99,15268
1772562000,78.995,79.085,78.94,79.04,21008
1772562600,79.045,79.1,79.025,79.1,16421
1772563200,79.09,79.22,79.08,79.215,16324
1772563800,79.22,79.41,79.21,79.38,16089
1772564400,79.4,79.45,79.335,79.375,16482
1772565000,79.38,79.46,79.36,79.46,21825
1772565600,79.46,79.5,79.43,79.45,16809
1772566200,79.44,79.49,79.34,79.45,24210
1772566800,79.45,79.575,79.45,79.54,17794
1772567400,79.54,79.58,79.43,79.505,18076
1772568000,79.505,79.52,79.37,79.485,25482
1772568600,79.49,79.64,79.46,79.62,19885
1772569200,79.635,79.72,79.62,79.68,24017
1772569800,79.69,79.75,79.64,79.64,37784
1772570400,79.64,79.65,79.495,79.52,43298
1772571000,79.53,79.53,79.26,79.36,139068
1772634600,79.29,79.42,78.405,78.54,155824
1772635200,78.54,78.635,78.345,78.45,63324
1772635800,78.435,78.435,78.12,78.25,58558
1772636400,78.24,78.39,78.15,78.23,82108
1772637000,78.23,78.28,78.09,78.26,44772
1772637600,78.255,78.315,78.06,78.16,45725
1772638200,78.17,78.21,77.885,77.885,80865
1772638800,77.88,78.03,77.86,77.985,76642
1772639400,77.97,78.095,77.885,77.92,63417
1772640000,77.92,78.11,77.86,78.07,41288
1772640600,78.09,78.17,77.96,77.98,25505
1772641200,77.975,78,77.76,77.78,60118
1772641800,77.76,78.09,77.755,78.02,23985
1772642400,78.04,78.14,77.99,77.99,19679
1772643000,77.99,78.04,77.935,78.02,24166
1772643600,78.025,78.15,78.02,78.07,15124
1772644200,78.075,78.16,78.055,78.07,19739
1772644800,78.07,78.21,78.01,78.19,9269
1772645400,78.18,78.29,78.14,78.285,16840
1772646000,78.28,78.35,78.27,78.305,12208
1772646600,78.3,78.4,78.14,78.14,16017
1772647200,78.15,78.245,78.145,78.22,11048
1772647800,78.255,78.27,78.2,78.225,25893
1772648400,78.225,78.32,78.215,78.27,8970
1772649000,78.28,78.28,78.195,78.2,53201
1772649600,78.205,78.305,78.2,78.3,10600
1772650200,78.3,78.3,78.12,78.14,11765
1772650800,78.145,78.16,78.035,78.09,25989
1772651400,78.11,78.255,78.1,78.24,17396
1772652000,78.24,78.31,78.225,78.25,15709
1772652600,78.3,78.43,78.285,78.43,6861
1772653200,78.42,78.44,78.315,78.33,19790
1772653800,78.31,78.32,78.19,78.22,13534
1772654400,78.23,78.315,78.23,78.3,13170
1772655000,78.305,78.305,78.22,78.265,13657
1772655600,78.26,78.315,78.225,78.27,22564
1772656200,78.28,78.4,78.28,78.39,43141
1772656800,78.39,78.39,78.19,78.2,62992
1772657400,78.19,78.265,78.005,78.075,135103
1772721000,77.675,77.85,77.185,77.24,106937
1772721600,77.255,77.46,77.09,77.415,48514
1772722200,77.41,77.41,77.08,77.18,67306
1772722800,77.18,77.51,77.18,77.35,76682
1772723400,77.35,77.44,77.04,77.18,49233
1772724000,77.18,77.35,77.01,77.18,52192
1772724600,77.17,77.41,77.15,77.365,42576
1772725200,77.35,77.51,77.35,77.435,45831
1772725800,77.44,77.46,77.31,77.33,34366
1772726400,77.34,77.45,77.2,77.33,40199
1772727000,77.32,77.32,77.095,77.26,52450
1772727600,77.26,77.37,77.235,77.33,20231
1772728200,77.32,77.32,77.14,77.205,25336
1772728800,77.2,77.3,77.18,77.28,17839
1772729400,77.275,77.295,77.2,77.25,16157
1772730000,77.25,77.3,77.19,77.21,21490
1772730600,77.21,77.39,77.12,77.39,30851
1772731200,77.38,77.38,77.14,77.18,25252
1772731800,77.16,77.21,77.09,77.14,46302
1772732400,77.135,77.34,77.135,77.32,21923
1772733000,77.325,77.37,77.22,77.225,33578
1772733600,77.225,77.335,77.2,77.27,26056
1772734200,77.265,77.31,77.19,77.19,20214
1772734800,77.18,77.245,77.13,77.24,20533
1772735400,77.25,77.265,76.99,77.07,42772
1772736000,77.08,77.13,76.93,76.93,33131
1772736600,76.935,76.97,76.815,76.88,37928
1772737200,76.88,76.88,76.59,76.6,41009
1772737800,76.595,76.67,76.56,76.61,31530
1772738400,76.61,76.63,76.5,76.545,31963
1772739000,76.545,76.715,76.515,76.595,28606
1772739600,76.6,76.74,76.6,76.705,21805
1772740200,76.71,76.785,76.675,76.78,28926
1772740800,76.79,76.96,76.78,76.9,56987
1772741400,76.9,76.95,76.825,76.88,33069
1772742000,76.87,76.99,76.795,76.97,30212
1772742600,76.955,76.99,76.845,76.86,30642
1772743200,76.85,76.85,76.685,76.79,47875
1772743800,76.79,77.02,76.755,77,227074
1772807400,76.78,76.85,76.35,76.58,80571
1772808000,76.55,76.62,76.41,76.585,52535
1772808600,76.59,76.72,76.43,76.63,70057
1772809200,76.635,76.73,76.48,76.68,51616
1772809800,76.68,76.78,76.57,76.69,41520
1772810400,76.69,76.9,76.69,76.85,46953
1772811000,76.86,76.9,76.78,76.85,37765
1772811600,76.86,76.89,76.68,76.72,37114
1772812200,76.74,76.86,76.73,76.79,24162
1772812800,76.81,76.88,76.79,76.82,29369
1772813400,76.82,76.86,76.71,76.86,15258
1772814000,76.87,76.87,76.77,76.81,16608
1772814600,76.83,76.865,76.71,76.72,15601
1772815200,76.72,76.76,76.62,76.63,14348
1772815800,76.62,76.75,76.61,76.64,19854
1772816400,76.63,76.66,76.57,76.66,19926
1772817000,76.67,76.81,76.66,76.81,19746
1772817600,76.81,76.91,76.73,76.74,13445
1772818200,76.73,76.821,76.73,76.78,10745
1772818800,76.785,76.81,76.71,76.73,8353
1772819400,76.735,76.795,76.735,76.765,6509
1772820000,76.77,76.91,76.77,76.89,9720
1772820600,76.895,77.025,76.895,77.02,19571
1772821200,77.025,77.029,76.9,76.92,12268
1772821800,76.92,76.92,76.84,76.86,14723
1772822400,76.88,76.895,76.825,76.85,10468
1772823000,76.86,76.92,76.84,76.88,10320
1772823600,76.875,76.91,76.855,76.91,9249
1772824200,76.92,76.955,76.89,76.91,13233
1772824800,76.915,77.04,76.91,77.035,20637
1772825400,77.03,77.08,77.005,77.07,16024
1772826000,77.075,77.12,77.035,77.035,16360
1772826600,77.03,77.09,77.03,77.055,17320
1772827200,77.055,77.09,77.05,77.08,14066
1772827800,77.075,77.175,77.07,77.07,16278
1772828400,77.08,77.19,77.08,77.17,19815
1772829000,77.185,77.185,77.105,77.17,26626
1772829600,77.18,77.19,77.105,77.125,48225
1772830200,77.13,77.15,76.985,77.06,185379
1773063000,76.37,77.04,76.37,76.92,108637
1773063600,76.93,77.04,76.82,77.03,79610
1773064200,77.03,77.16,76.94,76.985,75888
1773064800,76.98,77.12,76.57,76.71,78935
1773065400,76.71,77.01,76.7,76.9,65682
1773066000,76.9,77.055,76.81,76.995,43131
1773066600,76.995,77.09,76.95,76.95,28374
1773067200,76.955,77.14,76.94,77.08,25807
1773067800,77.07,77.155,77.01,77.145,36993
1773068400,77.16,77.46,77.055,77.455,41346
1773069000,77.455,77.51,77.28,77.48,58431
1773069600,77.475,77.595,77.475,77.53,43391
1773070200,77.52,77.52,77.35,77.44,19487
1773070800,77.43,77.52,77.39,77.5,23412
1773071400,77.51,77.51,77.335,77.36,18523
1773072000,77.375,77.42,77.3,77.35,17623
1773072600,77.36,77.41,77.24,77.335,15526
1773073200,77.35,77.465,77.295,77.39,25507
1773073800,77.39,77.455,77.35,77.38,22387
1773074400,77.38,77.535,77.36,77.48,12543
1773075000,77.495,77.53,77.42,77.43,11604
1773075600,77.435,77.54,77.37,77.54,23316
1773076200,77.53,77.54,77.45,77.48,13483
1773076800,77.49,77.495,77.415,77.45,11441
1773077400,77.445,77.45,77.395,77.415,13301
1773078000,77.415,77.46,77.37,77.385,17478
1773078600,77.385,77.505,77.385,77.44,16385
1773079200,77.45,77.46,77.34,77.42,23080
1773079800,77.43,77.46,77.37,77.43,12967
1773080400,77.45,77.52,77.34,77.37,24020
1773081000,77.36,77.47,77.36,77.45,33132
1773081600,77.45,77.535,77.425,77.47,18671
1773082200,77.47,77.565,77.45,77.56,16393
1773082800,77.57,77.615,77.46,77.48,24540
1773083400,77.485,77.66,77.485,77.66,43288
1773084000,77.65,77.87,77.62,77.86,77678
1773084600,77.86,78.06,77.77,78.06,75459
1773085200,78.06,78.06,77.87,77.885,84203
1773085800,77.89,77.94,77.76,77.855,221842
1773149400,77.75,77.75,77.1,77.4,70013
1773150000,77.4,77.62,77.25,77.27,42058
1773150600,77.28,77.33,77.15,77.3,18029
1773151200,77.31,77.72,77.275,77.701,33926
1773151800,77.7,77.74,77.62,77.735,19523
1773152400,77.745,77.885,77.745,77.885,14693
1773153000,77.89,77.975,77.81,77.84,16373
1773153600,77.84,77.98,77.825,77.925,16355
1773154200,77.92,77.99,77.865,77.92,17617
1773154800,77.92,77.98,77.885,77.92,27265
1773155400,77.91,77.99,77.839,77.99,14913
1773156000,77.99,78.025,77.92,77.97,20214
1773156600,77.96,78.08,77.95,78.08,14855
1773157200,78.08,78.135,78.075,78.12,10328
1773157800,78.115,78.15,78.1,78.14,14439
1773158400,78.13,78.23,78.02,78.23,16569
1773159000,78.23,78.29,78.175,78.29,15675
1773159600,78.29,78.29,78.06,78.06,15628
1773160200,78.07,78.14,78.04,78.13,14382
1773160800,78.14,78.17,78.095,78.11,8878
1773161400,78.14,78.27,78.13,78.27,4144
1773162000,78.27,78.35,78.255,78.33,8129
1773162600,78.34,78.4,78.34,78.39,14804
1773163200,78.395,78.395,78.28,78.33,11070
1773163800,78.33,78.335,78.2,78.23,24928
1773164400,78.23,78.26,78.165,78.215,15089
1773165000,78.22,78.31,78.2,78.275,16624
1773165600,78.275,78.355,78.24,78.31,20276
1773166200,78.31,78.4,77.999,78.07,63695
1773166800,78.07,78.22,78.05,78.2,28637
1773167400,78.2,78.225,78.12,78.12,27568
1773168000,78.11,78.23,78.095,78.17,22877
1773168600,78.16,78.18,78.04,78.06,16008
1773169200,78.06,78.175,78.06,78.14,26271
1773169800,78.145,78.24,78.14,78.18,31603
1773170400,78.18,78.18,77.99,77.99,24402
1773171000,77.98,77.98,77.81,77.88,33155
1773171600,77.885,78.045,77.83,77.95,44269
1773172200,77.94,77.96,77.73,77.91,89717
1773235800,77.72,77.72,77.07,77.11,60006
1773236400,77.1,77.28,77.01,77.21,31926
1773237000,77.21,77.315,77.1,77.1,26572
1773237600,77.12,77.18,76.91,76.95,55398
1773238200,76.95,76.96,76.705,76.89,28414
1773238800,76.895,76.92,76.605,76.635,26306
1773239400,76.63,76.83,76.6,76.8,31095
1773240000,76.82,77.05,76.775,77.04,24240
1773240600,77.05,77.29,77,77.265,36616
1773241200,77.26,77.31,77.19,77.29,13618
1773241800,77.3,77.325,77.2,77.25,7663
1773242400,77.25,77.34,77.2,77.2,17035
1773243000,77.21,77.33,77.17,77.325,14283
1773243600,77.32,77.445,77.27,77.4,18377
1773244200,77.4,77.4,77.31,77.32,13832
1773244800,77.305,77.315,77.22,77.31,17292
1773245400,77.31,77.34,77.22,77.3,16024
1773246000,77.31,77.37,77.29,77.35,4959
1773246600,77.35,77.461,77.34,77.44,5504
1773247200,77.44,77.5,77.335,77.4,13752
1773247800,77.39,77.48,77.37,77.44,11495
1773248400,77.445,77.53,77.43,77.48,13372
1773249000,77.48,77.535,77.45,77.51,24289
1773249600,77.525,77.57,77.5,77.57,8214
1773250200,77.59,77.605,77.44,77.525,17654
1773250800,77.53,77.53,77.38,77.53,11044
1773251400,77.55,77.62,77.55,77.61,15808
1773252000,77.62,77.625,77.49,77.49,13540
1773252600,77.495,77.56,77.48,77.55,15292
1773253200,77.55,77.57,77.45,77.51,14920
1773253800,77.52,77.55,77.42,77.45,9441
1773254400,77.44,77.51,77.39,77.39,9645
1773255000,77.41,77.45,77.375,77.42,11016
1773255600,77.415,77.45,77.31,77.39,8835
1773256200,77.385,77.435,77.335,77.4,14168
1773256800,77.39,77.445,77.355,77.445,11518
1773257400,77.45,77.525,77.445,77.49,14461
1773258000,77.5,77.6,77.455,77.455,28299
1773258600,77.45,77.63,77.39,77.61,96069
1773322200,77.53,77.54,77.02,77.11,70586
1773322800,77.105,77.19,76.899,77.1,33632
1773323400,77.09,77.41,77.09,77.385,29653
1773324000,77.4,77.62,77.395,77.57,26204
1773324600,77.59,77.63,77.52,77.54,33277
1773325200,77.54,77.62,77.51,77.56,27553
1773325800,77.56,77.72,77.56,77.66,26359
1773326400,77.665,77.86,77.62,77.86,27270
1773327000,77.87,78.05,77.865,77.98,70735
1773327600,77.98,78.1,77.91,78.07,30496
1773328200,78.08,78.12,77.96,77.99,27238
1773328800,77.99,78.12,77.99,78.04,22206
1773329400,78.04,78.06,77.92,77.97,38148
1773330000,77.98,78.045,77.88,78.03,39011
1773330600,78.03,78.035,77.9,77.96,33145
1773331200,77.98,78.09,77.965,78.02,26960
1773331800,78,78.06,77.93,77.99,33014
1773332400,78.01,78.085,77.81,77.86,49883
1773333000,77.85,78.065,77.78,78.06,41496
1773333600,78.06,78.085,77.9,77.935,35815
1773334200,77.93,77.98,77.835,77.9,28755
1773334800,77.89,77.96,77.86,77.86,26707
1773335400,77.87,77.89,77.76,77.79,20679
1773336000,77.79,77.905,77.78,77.875,22499
1773336600,77.87,77.905,77.825,77.87,27680
1773337200,77.87,77.92,77.82,77.865,25912
1773337800,77.86,77.935,77.855,77.925,20431
1773338400,77.93,78.04,77.915,78.04,36879
1773339000,78.045,78.15,78.04,78.085,59914
1773339600,78.09,78.12,77.97,78.065,89924
1773340200,78.07,78.085,77.9,77.91,26463
1773340800,77.91,77.97,77.88,77.95,48439
1773341400,77.94,78.005,77.865,77.88,32088
1773342000,77.87,78.05,77.855,78.01,32260
1773342600,78.015,78.07,77.86,77.91,21988
1773343200,77.905,77.92,77.705,77.75,61264
1773343800,77.75,77.855,77.735,77.81,29593
1773344400,77.825,77.885,77.6,77.61,55342
1773345000,77.62,77.69,77.545,77.59,149157
1773408600,77.6,77.82,77.49,77.57,64404
1773409200,77.58,77.62,77.39,77.52,30434
1773409800,77.51,77.72,77.46,77.67,26187
1773410400,77.68,77.71,77.44,77.46,17695
1773411000,77.455,77.565,77.42,77.47,20071
1773411600,77.47,77.535,77.44,77.485,22592
1773412200,77.49,77.625,77.475,77.49,17436
1773412800,77.5,77.56,77.38,77.54,20505
1773413400,77.54,77.55,77.35,77.39,16506
1773414000,77.385,77.44,77.33,77.41,16927
1773414600,77.41,77.47,77.38,77.415,16441
1773415200,77.41,77.49,77.39,77.43,9840
1773415800,77.43,77.52,77.41,77.49,12810
1773416400,77.49,77.59,77.46,77.54,29305
1773417000,77.55,77.62,77.55,77.595,37615
1773417600,77.6,77.675,77.58,77.645,18946
1773418200,77.65,77.705,77.565,77.65,23118
1773418800,77.66,77.87,77.65,77.87,19240
1773419400,77.87,77.92,77.8,77.82,19390
1773420000,77.82,77.93,77.75,77.93,14389
1773420600,77.935,78.02,77.91,77.94,13169
1773421200,77.95,78.045,77.84,77.845,18166
1773421800,77.85,77.885,77.735,77.745,13677
1773422400,77.74,77.74,77.45,77.46,20017
1773423000,77.45,77.53,77.38,77.48,11702
1773423600,77.48,77.585,77.47,77.52,12687
1773424200,77.51,77.555,77.44,77.48,18700
1773424800,77.47,77.77,77.47,77.66,22549
1773425400,77.65,77.73,77.55,77.56,19432
1773426000,77.56,77.565,77.4,77.47,18043
1773426600,77.47,77.595,77.445,77.59,6865
1773427200,77.6,77.675,77.59,77.675,8303
1773427800,77.66,77.68,77.615,77.64,12625
1773428400,77.64,77.7,77.59,77.61,13078
1773429000,77.62,77.655,77.49,77.52,16030
1773429600,77.51,77.53,77.39,77.43,27521
1773430200,77.43,77.455,77.225,77.255,32545
1773430800,77.26,77.31,77.215,77.26,28709
1773431400,77.24,77.355,77.195,77.335,102733
1773667800,77.96,78.12,77.735,77.96,81588
1773668400,77.97,78.32,77.93,78.13,48273
1773669000,78.15,78.24,77.95,78.21,32502
1773669600,78.23,78.41,78.2,78.34,42633
1773670200,78.34,78.42,78.25,78.355,19548
1773670800,78.34,78.425,78.31,78.33,23201
1773671400,78.34,78.385,78.12,78.15,15693
1773672000,78.14,78.18,78.1,78.13,10449
1773672600,78.14,78.3,78.07,78.3,14168
1773673200,78.3,78.335,78.07,78.155,18919
1773673800,78.15,78.215,78.1,78.21,16300
1773674400,78.22,78.3,78.19,78.23,12073
1773675000,78.24,78.315,78.23,78.24,12733
1773675600,78.23,78.25,78.13,78.18,8700
1773676200,78.19,78.19,78.01,78.03,14543
1773676800,78.02,78.09,78.01,78.085,11340
1773677400,78.09,78.14,78.03,78.04,7898
1773678000,78.02,78.02,77.89,77.97,24963
1773678600,77.99,78.02,77.91,77.99,9854
1773679200,77.99,78.02,77.97,78.01,10066
1773679800,78.01,78.03,77.96,77.99,10915
1773680400,77.98,78.02,77.865,77.96,23618
1773681000,77.965,78.09,77.965,78.01,13026
1773681600,78.015,78.12,78,78.08,13577
1773682200,78.09,78.095,78.03,78.055,9698
1773682800,78.06,78.065,77.85,77.85,12314
1773683400,77.86,77.93,77.83,77.895,8428
1773684000,77.9,77.925,77.84,77.865,9958
1773684600,77.87,78.02,77.84,78.005,16332
1773685200,78,78.01,77.95,77.965,10738
1773685800,77.96,77.97,77.91,77.945,13674
1773686400,77.95,78.01,77.935,77.995,12650
1773687000,77.99,78.03,77.925,77.945,31515
1773687600,77.95,77.995,77.84,77.86,17582
1773688200,77.88,77.91,77.79,77.895,29221
1773688800,77.895,77.97,77.865,77.97,15025
1773689400,77.97,77.98,77.84,77.85,25433
1773690000,77.855,77.855,77.74,77.77,31668
1773690600,77.76,77.9,77.76,77.845,97965
1773754200,78.14,78.17,77.52,77.67,112503
1773754800,77.7,77.98,77.63,77.63,40463
1773755400,77.655,77.655,77.46,77.52,41922
1773756000,77.51,77.97,77.47,77.92,36785
1773756600,77.9,77.95,77.82,77.905,30165
1773757200,77.895,77.94,77.8,77.83,28805
1773757800,77.825,77.89,77.8,77.81,31044
1773758400,77.81,77.93,77.785,77.93,23481
1773759000,77.94,77.995,77.86,77.88,28851
1773759600,77.89,77.995,77.87,77.96,20777
1773760200,77.98,77.99,77.89,77.93,18414
1773760800,77.93,78.065,77.93,78.04,41856
1773761400,78.04,78.055,78,78.05,22209
1773762000,78.04,78.12,77.96,77.96,40027
1773762600,77.96,78.035,77.95,78.03,22637
1773763200,78.02,78.03,77.905,77.985,17059
1773763800,77.985,78.19,77.985,78.19,35347
1773764400,78.18,78.18,78.065,78.115,26957
1773765000,78.11,78.205,78.1,78.16,18589
1773765600,78.17,78.19,78.11,78.11,17919
1773766200,78.11,78.15,78,78.02,12251
1773766800,78,78.06,77.945,78.06,8456
1773767400,78.05,78.06,78.02,78.03,4201
1773768000,78.03,78.03,77.91,77.975,15265
1773768600,77.96,77.99,77.89,77.92,11806
1773769200,77.91,77.92,77.815,77.82,8556
1773769800,77.835,77.89,77.78,77.885,9985
1773770400,77.89,77.9,77.805,77.83,11339
1773771000,77.83,77.89,77.815,77.865,8587
1773771600,77.86,77.86,77.79,77.86,9233
1773772200,77.85,77.875,77.835,77.86,8712
1773772800,77.85,77.86,77.78,77.79,14588
1773773400,77.79,77.85,77.715,77.745,8080
1773774000,77.75,77.78,77.69,77.69,7074
1773774600,77.69,77.77,77.62,77.755,22875
1773775200,77.74,77.765,77.71,77.73,9563
1773775800,77.72,77.75,77.62,77.62,30781
1773776400,77.62,77.64,77.49,77.495,59176
1773777000,77.5,77.67,77.5,77.605,121200
1773840600,77.01,77.12,76.39,76.65,83462
1773841200,76.63,76.64,76.21,76.26,54721
1773841800,76.27,76.3,76,76.27,40996
1773842400,76.28,76.43,76.28,76.35,30728
1773843000,76.35,76.725,76.34,76.71,19620
1773843600,76.7,76.8,76.685,76.76,18340
1773844200,76.75,76.75,76.25,76.43,14937
1773844800,76.44,76.51,76.355,76.355,10577
1773845400,76.36,76.51,76.32,76.5,15181
1773846000,76.49,76.555,76.47,76.5,13194
1773846600,76.5,76.515,76.43,76.46,10290
1773847200,76.46,76.52,76.415,76.48,10633
1773847800,76.48,76.595,76.44,76.595,5891
1773848400,76.59,76.59,76.475,76.5,7201
1773849000,76.51,76.59,76.485,76.505,11493
1773849600,76.51,76.685,76.49,76.68,10804
1773850200,76.67,76.69,76.63,76.69,6495
1773850800,76.7,76.71,76.58,76.65,14954
1773851400,76.65,76.73,76.59,76.73,17637
1773852000,76.72,76.73,76.655,76.67,8938
1773852600,76.66,76.71,76.605,76.635,4490
1773853200,76.65,76.65,76.45,76.47,7892
1773853800,76.46,76.46,76.25,76.365,14531
1773854400,76.37,76.48,76.365,76.43,13661
1773855000,76.43,76.44,76.32,76.32,6357
1773855600,76.315,76.42,76.249,76.41,8638
1773856200,76.405,76.45,76.345,76.41,8028
1773856800,76.44,76.44,76.18,76.25,30304
1773857400,76.27,76.34,76.245,76.245,15710
1773858000,76.26,76.31,76.1,76.305,23170
1773858600,76.28,76.29,76.035,76.035,14527
1773859200,76.04,76.055,75.895,76,33379
1773859800,75.98,76.02,75.955,75.975,14503
1773860400,75.98,76.045,75.92,76,14020
1773861000,76.01,76.05,75.91,75.985,15698
1773861600,75.98,75.995,75.905,75.955,23223
1773862200,75.96,76.1,75.95,76.005,24610
1773862800,76.005,76.04,75.86,75.945,33560
1773863400,75.95,76.06,75.94,75.965,88317
1773927000,75.88,76.46,75.86,75.96,80371
1773927600,75.97,76.02,75.89,75.94,49672
1773928200,75.93,76.07,75.91,76.01,29157
1773928800,76.03,76.07,75.935,76.05,41573
1773929400,76.08,76.11,75.88,75.965,23449
1773930000,76,76.04,75.89,75.89,16488
1773930600,75.905,75.96,75.695,75.695,25368
1773931200,75.72,75.81,75.67,75.74,16213
1773931800,75.73,75.73,75.53,75.55,23454
1773932400,75.56,75.67,75.55,75.605,18053
1773933000,75.6,75.78,75.59,75.765,30776
1773933600,75.77,75.905,75.68,75.905,39131
1773934200,75.9,75.915,75.84,75.88,19659
1773934800,75.89,75.92,75.81,75.87,19141
1773935400,75.87,75.99,75.86,75.98,22348
1773936000,75.98,76.01,75.86,76.01,16679
1773936600,76.01,76.02,75.91,75.99,22280
1773937200,75.99,76.015,75.84,75.86,25629
1773937800,75.87,75.98,75.86,75.88,14458
1773938400,75.88,75.915,75.73,75.75,17014
1773939000,75.75,75.8,75.73,75.79,19839
1773939600,75.785,75.785,75.6,75.6,21039
1773940200,75.595,75.73,75.575,75.73,8171
1773940800,75.72,75.82,75.7,75.74,9690
1773941400,75.74,75.76,75.66,75.7,5926
1773942000,75.69,75.735,75.68,75.73,8195
1773942600,75.74,75.865,75.74,75.855,12169
1773943200,75.86,75.865,75.75,75.79,11705
1773943800,75.79,75.93,75.79,75.87,16838
1773944400,75.87,75.87,75.74,75.745,11636
1773945000,75.74,75.785,75.715,75.73,12423
1773945600,75.73,75.805,75.72,75.78,14991
1773946200,75.79,75.795,75.71,75.745,24835
1773946800,75.75,76.055,75.725,75.98,48337
1773947400,75.975,76.02,75.885,75.945,40004
1773948000,75.955,75.955,75.8,75.83,22188
1773948600,75.83,75.92,75.805,75.87,26000
1773949200,75.87,75.87,75.69,75.69,47987
1773949800,75.69,75.74,75.54,75.57,122321
1774013400,75.68,76.05,75.605,75.73,79223
1774014000,75.73,75.75,75.57,75.71,40887
1774014600,75.68,75.69,75.59,75.62,19909
1774015200,75.61,75.61,75.09,75.09,41358
1774015800,75.075,75.27,75.05,75.24,25266
1774016400,75.24,75.28,75.04,75.225,20911
1774017000,75.22,75.37,75.18,75.245,23979
1774017600,75.24,75.265,74.99,75.07,34402
1774018200,75.08,75.175,75.01,75.13,23595
1774018800,75.145,75.29,75.08,75.29,25562
1774019400,75.285,75.29,75.12,75.13,17352
1774020000,75.14,75.19,74.97,75.03,27346
1774020600,75.03,75.12,74.99,75.02,43743
1774021200,75.01,75.07,74.885,74.93,39344
1774021800,74.93,75.015,74.915,75.015,15543
1774022400,75.035,75.11,74.935,74.94,24293
1774023000,74.95,74.995,74.89,74.97,8548
1774023600,74.97,74.98,74.9,74.91,12010
1774024200,74.91,74.94,74.84,74.86,14992
1774024800,74.85,74.92,74.75,74.78,17744
1774025400,74.78,74.825,74.725,74.755,41785
1774026000,74.76,74.855,74.745,74.815,26061
1774026600,74.815,74.94,74.795,74.94,57402
1774027200,74.94,74.955,74.875,74.955,14806
1774027800,74.96,75.01,74.84,74.9,66685
1774028400,74.9,74.9,74.76,74.79,24248
1774029000,74.78,74.92,74.78,74.83,21135
1774029600,74.83,74.9,74.825,74.88,15491
1774030200,74.88,74.92,74.82,74.9,17065
1774030800,74.91,74.955,74.825,74.905,24675
1774031400,74.9,74.93,74.65,74.66,44957
1774032000,74.67,74.725,74.635,74.7,40206
1774032600,74.69,74.8,74.68,74.79,35794
1774033200,74.8,74.82,74.75,74.77,42874
1774033800,74.77,74.79,74.65,74.7,42093
1774034400,74.7,74.83,74.645,74.8,50357
1774035000,74.8,74.88,74.645,74.75,70185
1774035600,74.75,74.75,74.53,74.57,103401
1774036200,74.58,74.795,74.39,74.78,280426
1774272600,75.45,75.93,74.6,74.7,109199
1774273200,74.71,75,74.55,74.71,54939
1774273800,74.7,74.77,74.57,74.71,28499
1774274400,74.72,74.83,74.65,74.71,84802
1774275000,74.7,74.77,74.56,74.75,111594
1774275600,74.755,74.855,74.665,74.685,45837
1774276200,74.69,74.795,74.66,74.75,27783
1774276800,74.75,75.03,74.7,74.98,26712
1774277400,74.99,75.03,74.945,75.01,23008
1774278000,75.01,75.13,74.99,75.08,23769
1774278600,75.08,75.13,75.02,75.08,24119
1774279200,75.08,75.145,75.02,75.09,16133
1774279800,75.1,75.22,75.09,75.19,18295
1774280400,75.18,75.26,75.15,75.22,13352
1774281000,75.21,75.405,75.18,75.39,21396
1774281600,75.38,75.38,75.12,75.14,21054
1774282200,75.13,75.25,75.11,75.18,10956
1774282800,75.18,75.22,75.1,75.14,16647
1774283400,75.15,75.255,75.13,75.155,25674
1774284000,75.15,75.26,75.125,75.125,19259
1774284600,75.11,75.2,75.1,75.19,21097
1774285200,75.18,75.35,75.165,75.34,13729
1774285800,75.33,75.33,75.195,75.235,16422
1774286400,75.24,75.285,75.21,75.25,19101
1774287000,75.245,75.44,75.24,75.4,21219
1774287600,75.4,75.41,75.23,75.275,13663
1774288200,75.27,75.325,75.265,75.31,11774
1774288800,75.305,75.31,75.12,75.23,18976
1774289400,75.24,75.335,75.21,75.33,12780
1774290000,75.33,75.345,75.28,75.285,10497
1774290600,75.29,75.41,75.29,75.39,19435
1774291200,75.38,75.385,75.33,75.375,13835
1774291800,75.38,75.4,75.29,75.345,31041
1774292400,75.34,75.4,75.22,75.4,31633
1774293000,75.39,75.405,75.24,75.24,23456
1774293600,75.245,75.245,75.09,75.155,20098
1774294200,75.16,75.18,75.04,75.075,33590
1774294800,75.08,75.19,75.015,75.155,37234
1774295400,75.16,75.26,75.08,75.12,145416
1774359000,74.56,74.98,74.56,74.95,34174
1774359600,74.95,75.14,74.825,74.97,24098
1774360200,74.97,75.25,74.94,75.245,14667
1774360800,75.24,75.68,75.23,75.57,31873
1774361400,75.6,75.66,75.52,75.57,30138
1774362000,75.57,75.64,75.455,75.55,21562
1774362600,75.55,75.65,75.45,75.55,23750
1774363200,75.55,75.61,75.41,75.44,23211
1774363800,75.43,75.585,75.33,75.4,39761
1774364400,75.4,75.54,75.39,75.51,22680
1774365000,75.51,75.51,75.3,75.39,22616
1774365600,75.39,75.435,75.33,75.435,20782
1774366200,75.44,75.51,75.41,75.51,18008
1774366800,75.515,75.6,75.51,75.58,14365
1774367400,75.57,75.595,75.41,75.44,15684
1774368000,75.44,75.505,75.38,75.505,15763
1774368600,75.5,75.57,75.465,75.57,6699
1774369200,75.57,75.57,75.475,75.535,9160
1774369800,75.53,75.53,75.33,75.36,15054
1774370400,75.365,75.4,75.31,75.32,7995
1774371000,75.32,75.42,75.32,75.42,5856
1774371600,75.425,75.43,75.27,75.28,9922
1774372200,75.275,75.29,75.23,75.27,5092
1774372800,75.29,75.33,75.27,75.33,4236
1774373400,75.33,75.35,75.215,75.23,6114
1774374000,75.24,75.26,75.14,75.19,5058
1774374600,75.19,75.22,75.16,75.19,14024
1774375200,75.19,75.21,75.065,75.08,14541
1774375800,75.075,75.17,75.03,75.16,9001
1774376400,75.16,75.25,75.13,75.21,8584
1774377000,75.21,75.265,75.15,75.265,7519
1774377600,75.26,75.265,75.11,75.14,9148
1774378200,75.145,75.18,75.065,75.105,13784
1774378800,75.105,75.18,75.045,75.11,6316
1774379400,75.105,75.15,74.99,75.04,7319
1774380000,75.04,75.06,74.915,74.98,8295
1774380600,74.975,75.005,74.9,74.935,8213
1774381200,74.94,74.94,74.755,74.82,17223
1774381800,74.82,74.82,74.64,74.68,144521
1774445400,74.47,74.83,74.345,74.55,94779
1774446000,74.54,74.68,74.29,74.29,68651
1774446600,74.28,74.51,74.26,74.44,41737
1774447200,74.435,74.49,74.32,74.39,32904
1774447800,74.38,74.44,74.12,74.16,40038
1774448400,74.155,74.3,74.07,74.29,28741
1774449000,74.295,74.45,74.27,74.39,16269
1774449600,74.38,74.59,74.365,74.59,32844
1774450200,74.59,74.77,74.57,74.685,44586
1774450800,74.695,75.04,74.68,75,28560
1774451400,74.99,75.145,74.96,75.14,42546
1774452000,75.14,75.26,75.08,75.25,27898
1774452600,75.255,75.255,75.14,75.175,30681
1774453200,75.18,75.235,75.13,75.17,32022
1774453800,75.18,75.33,75.135,75.265,23499
1774454400,75.26,75.315,75.23,75.305,10937
1774455000,75.305,75.34,75.28,75.34,15850
1774455600,75.33,75.37,75.24,75.29,27193
1774456200,75.3,75.405,75.3,75.39,9118
1774456800,75.4,75.42,75.3,75.31,8557
1774457400,75.32,75.365,75.24,75.34,13108
1774458000,75.34,75.415,75.32,75.415,13521
1774458600,75.41,75.45,75.39,75.45,4450
1774459200,75.455,75.56,75.455,75.55,11552
1774459800,75.55,75.62,75.54,75.61,7860
1774460400,75.61,75.65,75.545,75.56,20945
1774461000,75.55,75.605,75.51,75.52,24728
1774461600,75.52,75.57,75.46,75.54,14708
1774462200,75.53,75.53,75.46,75.47,14591
1774462800,75.475,75.5,75.415,75.46,9919
1774463400,75.455,75.455,75.39,75.42,14680
1774464000,75.415,75.42,75.29,75.33,7652
1774464600,75.32,75.465,75.3,75.45,24503
1774465200,75.45,75.455,75.37,75.375,13496
1774465800,75.38,75.455,75.315,75.455,13866
1774466400,75.45,75.485,75.4,75.44,13382
1774467000,75.44,75.465,75.35,75.375,19926
1774467600,75.37,75.465,75.36,75.385,19650
1774468200,75.38,75.42,75.205,75.27,123167
1774531800,75.2,75.39,74.85,75.08,61514
1774532400,75.08,75.42,75,75.355,26239
1774533000,75.36,75.4,75.27,75.305,29830
1774533600,75.315,75.42,75.14,75.42,23650
1774534200,75.46,75.68,75.4,75.58,28998
1774534800,75.595,75.6,75.47,75.51,12694
1774535400,75.5,75.65,75.49,75.62,20955
1774536000,75.62,75.74,75.53,75.665,27716
1774536600,75.67,75.69,75.55,75.57,11528
1774537200,75.58,75.61,75.51,75.57,10675
1774537800,75.565,75.6,75.49,75.52,8111
1774538400,75.51,75.53,75.34,75.37,12332
1774539000,75.37,75.37,75.255,75.275,11908
1774539600,75.28,75.29,75.1,75.125,16462
1774540200,75.13,75.215,75.13,75.215,11024
1774540800,75.2,75.23,75.14,75.16,14823
1774541400,75.16,75.28,75.15,75.27,10623
1774542000,75.255,75.29,75.18,75.235,9659
1774542600,75.23,75.29,75.22,75.23,11251
1774543200,75.23,75.375,75.23,75.375,5773
1774543800,75.37,75.425,75.345,75.385,8796
1774544400,75.39,75.44,75.35,75.38,10825
1774545000,75.36,75.38,75.29,75.3,5581
1774545600,75.31,75.355,75.255,75.33,9259
1774546200,75.325,75.325,75.225,75.23,9514
1774546800,75.225,75.29,75.205,75.24,13298
1774547400,75.24,75.34,75.235,75.3,7600
1774548000,75.31,75.35,75.215,75.22,18115
1774548600,75.21,75.26,75.13,75.19,13210
1774549200,75.185,75.19,75.085,75.15,14159
1774549800,75.15,75.155,75.1,75.11,9973
1774550400,75.105,75.115,75.04,75.05,11602
1774551000,75.045,75.085,75,75.055,16558
1774551600,75.055,75.07,74.935,74.935,14335
1774552200,74.94,74.94,74.85,74.91,13371
1774552800,74.91,74.955,74.86,74.895,18015
1774553400,74.885,74.885,74.8,74.84,25271
1774554000,74.845,74.915,74.8,74.825,28752
1774554600,74.83,74.85,74.65,74.7,68667
1774618200,75.01,75.19,74.7,74.98,69679
1774618800,74.96,75.2,74.91,75.095,26066
1774619400,75.1,75.37,75.09,75.36,28718
1774620000,75.36,75.69,75.28,75.64,52224
1774620600,75.61,75.615,75.38,75.49,37160
1774621200,75.495,75.54,75.35,75.43,28196
1774621800,75.4,75.545,75.4,75.485,31936
1774622400,75.48,75.49,75.335,75.43,22932
1774623000,75.42,75.62,75.35,75.53,27710
1774623600,75.53,75.59,75.42,75.435,16965
1774624200,75.44,75.58,75.44,75.52,21122
1774624800,75.52,75.63,75.51,75.58,18911
1774625400,75.58,75.61,75.54,75.59,13892
1774626000,75.58,75.67,75.565,75.595,24520
1774626600,75.595,75.615,75.35,75.385,28991
1774627200,75.38,75.615,75.3,75.61,30454
1774627800,75.62,75.74,75.58,75.74,20678
1774628400,75.73,75.82,75.635,75.75,20940
1774629000,75.75,75.93,75.745,75.91,64538
1774629600,75.91,75.93,75.85,75.9,23632
1774630200,75.91,75.94,75.71,75.71,26047
1774630800,75.7,75.86,75.68,75.74,22864
1774631400,75.75,75.805,75.735,75.775,10069
1774632000,75.78,75.87,75.765,75.845,9020
1774632600,75.85,76.03,75.83,76,18106
1774633200,76.01,76.045,75.91,75.94,15458
1774633800,75.94,76,75.925,75.93,12337
1774634400,75.925,75.96,75.88,75.95,15997
1774635000,75.92,75.92,75.77,75.77,19219
1774635600,75.785,75.815,75.73,75.77,16027
1774636200,75.765,75.855,75.725,75.805,13623
1774636800,75.795,75.875,75.735,75.805,25793
1774637400,75.8,75.845,75.755,75.81,18972
1774638000,75.81,75.825,75.695,75.79,17294
1774638600,75.785,75.785,75.65,75.66,28604
1774639200,75.655,75.66,75.55,75.61,23694
1774639800,75.61,75.68,75.575,75.68,33158
1774640400,75.67,75.67,75.34,75.45,68762
1774641000,75.46,75.72,75.425,75.68,168185
1774877400,76.19,76.19,75.72,75.9,75593
1774878000,75.9,76.23,75.88,76.2,56325
1774878600,76.22,76.33,76.01,76.23,46971
1774879200,76.23,76.59,76.19,76.445,60662
1774879800,76.44,76.52,76.275,76.46,41718
1774880400,76.46,76.61,76.41,76.6,37669
1774881000,76.6,76.74,76.5,76.66,21665
1774881600,76.69,76.88,76.67,76.76,26001
1774882200,76.78,76.855,76.72,76.77,23783
1774882800,76.78,76.95,76.76,76.92,38808
1774883400,76.91,76.99,76.84,76.985,23562
1774884000,76.97,76.99,76.76,76.76,15867
1774884600,76.76,76.835,76.71,76.8,22240
1774885200,76.815,76.82,76.665,76.7,28422
1774885800,76.7,76.785,76.665,76.72,29793
1774886400,76.715,76.78,76.66,76.735,10734
1774887000,76.72,76.785,76.66,76.69,16383
1774887600,76.705,76.78,76.63,76.775,15001
1774888200,76.785,76.86,76.7,76.72,23639
1774888800,76.72,76.79,76.69,76.78,17756
1774889400,76.78,76.78,76.65,76.73,24016
1774890000,76.74,76.81,76.71,76.8,7126
1774890600,76.81,76.815,76.76,76.79,7681
1774891200,76.78,76.94,76.77,76.9,16507
1774891800,76.91,76.915,76.84,76.9,17821
1774892400,76.89,76.93,76.85,76.88,13940
1774893000,76.89,76.89,76.65,76.67,13756
1774893600,76.68,76.81,76.68,76.78,11418
1774894200,76.79,76.96,76.78,76.955,25911
1774894800,76.955,76.98,76.92,76.945,7346
1774895400,76.945,76.955,76.76,76.76,10284
1774896000,76.75,76.805,76.73,76.8,8961
1774896600,76.8,76.825,76.63,76.65,15252
1774897200,76.66,76.66,76.39,76.45,26825
1774897800,76.44,76.5,76.36,76.47,40483
1774898400,76.47,76.49,76.355,76.375,14350
1774899000,76.38,76.41,76.22,76.32,29715
1774899600,76.32,76.37,76.255,76.28,68523
1774900200,76.29,76.48,76.225,76.27,175271
1774963800,76.575,77.01,76.18,76.18,95456
1774964400,76.19,76.39,76.05,76.07,39624
1774965000,76.06,76.15,75.9,75.98,45828
1774965600,75.99,76.17,75.96,76.07,54434
1774966200,76.07,76.11,75.695,75.76,42187
1774966800,75.76,75.94,75.76,75.88,22568
1774967400,75.89,76.04,75.74,75.8,59126
1774968000,75.81,75.82,75.51,75.55,35212
1774968600,75.55,75.7,75.54,75.58,34316
1774969200,75.59,75.815,75.58,75.74,43085
1774969800,75.75,75.955,75.67,75.93,16964
1774970400,75.93,75.95,75.73,75.75,18017
1774971000,75.76,75.825,75.72,75.81,18523
1774971600,75.79,75.89,75.75,75.77,10647
1774972200,75.785,75.795,75.665,75.7,13127
1774972800,75.69,75.69,75.53,75.53,16569
1774973400,75.525,75.65,75.51,75.59,11712
1774974000,75.58,75.65,75.56,75.585,5839
1774974600,75.58,75.71,75.555,75.71,11445
1774975200,75.71,75.89,75.605,75.75,79893
1774975800,75.75,75.85,75.71,75.84,22262
1774976400,75.84,75.87,75.76,75.76,22587
1774977000,75.75,75.91,75.72,75.83,33132
1774977600,75.84,75.84,75.61,75.64,46426
1774978200,75.66,75.84,75.635,75.83,18348
1774978800,75.84,76.07,75.84,76.02,14621
1774979400,76.025,76.09,76.01,76.02,13917
1774980000,76.02,76.145,76.005,76.1,13112
1774980600,76.1,76.15,76.01,76.06,11368
1774981200,76.07,76.07,75.97,76.04,12258
1774981800,76.03,76.125,76,76.085,9785
1774982400,76.08,76.14,75.86,75.92,26857
1774983000,75.93,75.94,75.79,75.81,22250
1774983600,75.81,75.92,75.765,75.855,22297
1774984200,75.86,76.105,75.855,76.1,19269
1774984800,76.1,76.17,76.08,76.135,23273
1774985400,76.13,76.265,76.125,76.24,26434
1774986000,76.26,76.265,76.08,76.16,55852
1774986600,76.165,76.19,75.945,76.07,126056
1775050200,76.12,76.2,75.65,75.76,118274
1775050800,75.76,76.07,75.61,75.995,47386
1775051400,75.98,75.98,75.64,75.69,35359
1775052000,75.69,75.69,75.35,75.38,68180
1775052600,75.38,75.51,75.265,75.44,29517
1775053200,75.45,75.71,75.39,75.6,27687
1775053800,75.62,76.03,75.62,75.98,25721
1775054400,75.975,76.24,75.9,76.24,29714
1775055000,76.24,76.25,76.06,76.08,18364
1775055600,76.07,76.18,75.97,76.095,21645
1775056200,76.1,76.145,75.99,76.11,14378
1775056800,76.1,76.13,76.01,76.09,30501
1775057400,76.08,76.155,76.03,76.085,17065
1775058000,76.08,76.1,75.95,76.02,18479
1775058600,76.02,76.02,75.83,75.875,16405
1775059200,75.885,75.89,75.63,75.785,20164
1775059800,75.775,75.9,75.72,75.9,13104
1775060400,75.9,75.935,75.87,75.895,10679
1775061000,75.9,76.06,75.885,75.99,11696
1775061600,75.98,76.035,75.97,76.025,8198
1775062200,76.01,76.06,75.98,76.005,6531
1775062800,76.005,76.02,75.91,75.945,9685
1775063400,75.95,75.985,75.93,75.96,5829
1775064000,75.965,76.06,75.91,76.055,14131
1775064600,76.055,76.13,76.01,76.04,18086
1775065200,76.04,76.09,76.04,76.08,15595
1775065800,76.08,76.18,76.08,76.11,28429
1775066400,76.11,76.11,76.035,76.11,40067
1775067000,76.11,76.24,76.1,76.21,30335
1775067600,76.22,76.25,76.125,76.14,18529
1775068200,76.13,76.195,76.095,76.17,15647
1775068800,76.16,76.2,76.14,76.19,15095
1775069400,76.185,76.2,76.135,76.18,21137
1775070000,76.18,76.255,76.16,76.21,18627
1775070600,76.22,76.27,76.145,76.15,22900
1775071200,76.16,76.215,76.11,76.2,29234
1775071800,76.21,76.35,76.2,76.29,28293
1775072400,76.29,76.35,76.115,76.14,36089
1775073000,76.13,76.27,76.06,76.09,158313
1775136600,76.56,76.76,76.11,76.69,61987
1775137200,76.71,76.87,76.6,76.62,29845
1775137800,76.63,76.71,76.49,76.52,25601
1775138400,76.525,76.67,76.48,76.54,27097
1775139000,76.52,76.53,76.27,76.49,25208
1775139600,76.49,76.7,76.49,76.675,27459
1775140200,76.67,76.86,76.535,76.82,52465
1775140800,76.825,76.95,76.75,76.91,23148
1775141400,76.905,76.95,76.81,76.84,12092
1775142000,76.83,76.89,76.71,76.75,13947
1775142600,76.735,76.735,76.595,76.65,15309
1775143200,76.64,76.71,76.525,76.71,16440
1775143800,76.71,76.76,76.67,76.74,10178
1775144400,76.74,76.76,76.705,76.74,10041
1775145000,76.74,76.78,76.66,76.68,11499
1775145600,76.68,76.76,76.66,76.72,12873
1775146200,76.72,76.82,76.68,76.77,9338
1775146800,76.76,76.86,76.74,76.83,8004
1775147400,76.83,76.905,76.805,76.88,9248
1775148000,76.88,76.89,76.665,76.695,14294
1775148600,76.7,76.73,76.65,76.65,5179
1775149200,76.65,76.69,76.6,76.69,6273
1775149800,76.695,76.715,76.665,76.67,5405
1775150400,76.67,76.745,76.665,76.715,4037
1775151000,76.71,76.71,76.55,76.575,5425
1775151600,76.58,76.62,76.535,76.62,13172
1775152200,76.62,76.695,76.585,76.69,12085
1775152800,76.69,76.77,76.685,76.74,9638
1775153400,76.745,76.745,76.67,76.7,8067
1775154000,76.69,76.7,76.67,76.69,11781
1775154600,76.68,76.69,76.61,76.67,87334
1775155200,76.68,76.8,76.675,76.775,15118
1775155800,76.78,76.83,76.77,76.825,9993
1775156400,76.82,76.89,76.76,76.81,9253
1775157000,76.82,76.84,76.665,76.68,17847
1775157600,76.685,76.72,76.635,76.66,12356
1775158200,76.65,76.67,76.59,76.63,16563
1775158800,76.65,76.655,76.53,76.595,18403
1775159400,76.6,76.77,76.6,76.72,70509
1775482200,76.67,76.67,76.24,76.46,27407
1775482800,76.5,76.75,76.41,76.75,25263
1775483400,76.74,76.84,76.71,76.83,13794
1775484000,76.83,76.96,76.77,76.93,28945
1775484600,76.91,77.02,76.89,77,23963
1775485200,77,77.06,76.94,77.02,14602
1775485800,77.035,77.04,76.93,77.01,13863
1775486400,77.02,77.15,76.99,77.08,10277
1775487000,77.07,77.125,77.07,77.09,7226
1775487600,77.09,77.11,76.995,77.045,11292
1775488200,77.04,77.065,76.97,76.98,7198
1775488800,76.985,77.06,76.97,77.03,6598
1775489400,77.03,77.03,76.935,76.935,5554
1775490000,76.94,76.99,76.93,76.97,6514
1775490600,76.955,77.069,76.955,77.05,10255
1775491200,77.05,77.08,77.01,77.05,8820
1775491800,77.04,77.13,77.03,77.12,5496
1775492400,77.13,77.16,77.08,77.13,6882
1775493000,77.12,77.14,77.095,77.1,4999
1775493600,77.1,77.16,77.095,77.14,13807
1775494200,77.15,77.16,77.11,77.13,4216
1775494800,77.14,77.15,77.09,77.15,9701
1775495400,77.16,77.17,77.06,77.09,14862
1775496000,77.085,77.14,77.085,77.12,7864
1775496600,77.12,77.17,77.09,77.16,10831
1775497200,77.16,77.16,77.1,77.1,5457
1775497800,77.11,77.17,77.11,77.11,8358
1775498400,77.11,77.16,77.04,77.08,8645
1775499000,77.08,77.1,77.02,77.04,10969
1775499600,77.04,77.04,76.93,77.005,14699
1775500200,77.01,77.07,77,77.05,4441
1775500800,77.06,77.21,77.06,77.195,15594
1775501400,77.2,77.26,77.2,77.22,10426
1775502000,77.215,77.22,77.14,77.19,12398
1775502600,77.185,77.205,77.15,77.155,12082
1775503200,77.15,77.2,77.14,77.195,16701
1775503800,77.195,77.22,77.09,77.2,28764
1775504400,77.2,77.24,77.17,77.24,27033
1775505000,77.23,77.27,77.2,77.24,67860
1775568600,77.2,77.43,77.03,77.38,57549
1775569200,77.36,77.44,77.15,77.32,16159
1775569800,77.31,77.52,77.31,77.51,13551
1775570400,77.5,77.59,77.47,77.49,18797
1775571000,77.5,77.5,77.22,77.26,22232
1775571600,77.255,77.26,76.97,76.97,37604
1775572200,76.955,77.16,76.95,77.15,27379
1775572800,77.16,77.16,76.905,76.96,23828
1775573400,76.96,76.99,76.61,76.61,16374
1775574000,76.61,76.63,76.44,76.48,19749
1775574600,76.45,76.54,76.33,76.43,15545
1775575200,76.46,76.5,76.19,76.27,15608
1775575800,76.25,76.29,76.19,76.22,22434
1775576400,76.215,76.275,76.16,76.21,8356
1775577000,76.2,76.23,76.13,76.165,13626
1775577600,76.17,76.28,76.135,76.27,29864
1775578200,76.26,76.38,76.25,76.33,6306
1775578800,76.32,76.32,76.215,76.235,10646
1775579400,76.24,76.24,76.12,76.16,8717
1775580000,76.16,76.165,76.095,76.13,6434
1775580600,76.125,76.22,76.12,76.22,3844
1775581200,76.22,76.23,76.14,76.15,5828
1775581800,76.16,76.2,76.09,76.09,11088
1775582400,76.1,76.115,75.95,75.95,10181
1775583000,75.94,76.035,75.91,75.945,9837
1775583600,75.94,75.965,75.89,75.93,7708
1775584200,75.94,75.97,75.87,75.97,12729
1775584800,75.97,75.99,75.905,75.93,8483
1775585400,75.93,76.04,75.88,76.035,6747
1775586000,76.035,76.05,75.989,76.02,7884
1775586600,76.04,76.04,75.835,75.875,13765
1775587200,75.88,75.885,75.785,75.79,11325
1775587800,75.79,75.82,75.74,75.79,16227
1775588400,75.795,75.8,75.625,75.68,14803
1775589000,75.67,75.92,75.67,75.92,23612
1775589600,75.91,76,75.87,75.945,22111
1775590200,75.95,76.03,75.88,75.885,20147
1775590800,75.89,75.98,75.75,75.88,44439
1775591400,75.89,75.95,75.82,75.92,85494
1775655000,76.07,76.07,75.31,75.73,121708
1775655600,75.75,76.05,75.66,75.86,83664
1775656200,75.85,76.23,75.84,76.14,42287
1775656800,76.14,76.65,76.13,76.57,46524
1775657400,76.56,76.675,76.45,76.45,39082
1775658000,76.445,76.52,76.2,76.21,15715
1775658600,76.205,76.45,76.16,76.425,22838
1775659200,76.42,76.65,76.415,76.61,20650
1775659800,76.6,76.82,76.59,76.72,18360
1775660400,76.715,76.75,76.55,76.61,18039
1775661000,76.6,76.61,76.51,76.53,11132
1775661600,76.54,76.67,76.53,76.63,13530
1775662200,76.625,76.76,76.625,76.74,11672
1775662800,76.73,76.82,76.71,76.8,14835
1775663400,76.795,76.88,76.76,76.76,10822
1775664000,76.77,76.84,76.75,76.77,8549
1775664600,76.77,76.785,76.695,76.73,9938
1775665200,76.74,76.75,76.705,76.715,9061
1775665800,76.71,76.8,76.645,76.8,9686
1775666400,76.82,76.83,76.75,76.76,6129
1775667000,76.76,76.775,76.67,76.72,5951
1775667600,76.73,76.8,76.705,76.72,8036
1775668200,76.73,76.87,76.73,76.825,8209
1775668800,76.825,76.85,76.775,76.79,8755
1775669400,76.79,76.87,76.75,76.8,11183
1775670000,76.805,76.85,76.78,76.78,7923
1775670600,76.78,76.86,76.775,76.82,10481
1775671200,76.8,76.92,76.8,76.89,15989
1775671800,76.885,76.885,76.825,76.84,9164
1775672400,76.82,76.885,76.795,76.86,7787
1775673000,76.84,76.87,76.72,76.75,8794
1775673600,76.75,76.79,76.74,76.78,11928
1775674200,76.77,76.945,76.76,76.93,7817
1775674800,76.93,76.99,76.91,76.94,10302
1775675400,76.95,77.01,76.95,76.96,17709
1775676000,76.96,77.045,76.94,77.01,12744
1775676600,77,77.15,77,77.15,20568
1775677200,77.15,77.16,77.03,77.075,28485
1775677800,77.085,77.37,77.08,77.32,92508
1775741400,76.54,77.3,76.37,77.13,102932
1775742000,77.14,77.4,77.08,77.305,23893
1775742600,77.3,77.68,77.3,77.64,25889
1775743200,77.65,77.8,77.61,77.8,21492
1775743800,77.8,77.81,77.69,77.81,11547
1775744400,77.79,77.815,77.735,77.8,9978
1775745000,77.8,77.81,77.65,77.65,12078
1775745600,77.65,77.66,77.5,77.5,9249
1775746200,77.5,77.56,77.47,77.53,21899
1775746800,77.53,77.56,77.465,77.5,8582
1775747400,77.5,77.6,77.45,77.6,12277
1775748000,77.59,77.74,77.57,77.72,17904
1775748600,77.71,77.835,77.68,77.835,21909
1775749200,77.83,77.88,77.78,77.88,23331
1775749800,77.885,77.94,77.82,77.84,9422
1775750400,77.845,77.94,77.845,77.88,15459
1775751000,77.89,78.085,77.89,78.08,26669
1775751600,78.08,78.085,77.95,77.965,10255
1775752200,77.965,78,77.94,77.955,10510
1775752800,77.95,78.035,77.94,78.02,8290
1775753400,78.04,78.07,77.975,78,16159
1775754000,78,78.105,77.975,78.05,38139
1775754600,78.05,78.15,78.02,78.08,12348
1775755200,78.075,78.09,78.03,78.06,10701
1775755800,78.06,78.25,78,78.22,24814
1775756400,78.25,78.285,78.19,78.23,11037
1775757000,78.225,78.28,78.19,78.2,8773
1775757600,78.195,78.2,78.09,78.16,18095
1775758200,78.14,78.16,78.09,78.12,12171
1775758800,78.12,78.145,78.09,78.09,11066
1775759400,78.09,78.12,78.055,78.085,13217
1775760000,78.085,78.115,78.065,78.075,7985
1775760600,78.07,78.105,78.05,78.075,12130
1775761200,78.075,78.15,78.05,78.15,10934
1775761800,78.17,78.17,78.045,78.05,14235
1775762400,78.06,78.105,78.05,78.08,19734
1775763000,78.09,78.205,78.05,78.125,28178
1775763600,78.11,78.165,78.09,78.14,19733
1775764200,78.13,78.23,78.05,78.18,103627
1775827800,77.99,78.05,77.73,77.97,41165
1775828400,77.95,77.97,77.55,77.825,22325
1775829000,77.81,77.92,77.79,77.82,9780
1775829600,77.825,78.065,77.78,78.06,15821
1775830200,78.05,78.16,78.04,78.07,13032
1775830800,78.06,78.08,77.955,78.05,15384
1775831400,78.06,78.09,77.88,77.97,19989
1775832000,77.98,77.98,77.91,77.96,11410
1775832600,77.965,77.965,77.87,77.87,14100
1775833200,77.86,77.89,77.73,77.87,17527
1775833800,77.86,77.925,77.85,77.87,10889
1775834400,77.88,77.89,77.795,77.84,14677
1775835000,77.85,77.95,77.85,77.93,6040
1775835600,77.94,78.03,77.93,77.98,9778
1775836200,78,78.035,77.96,77.975,7966
1775836800,77.97,77.985,77.92,77.95,8420
1775837400,77.95,77.95,77.81,77.81,9110
1775838000,77.81,77.841,77.7,77.71,6422
1775838600,77.72,77.75,77.705,77.73,4771
1775839200,77.74,77.81,77.715,77.805,4248
1775839800,77.81,77.825,77.76,77.76,5970
1775840400,77.755,77.76,77.685,77.715,6359
1775841000,77.72,77.77,77.72,77.76,4454
1775841600,77.76,77.76,77.66,77.67,5026
1775842200,77.67,77.71,77.625,77.655,7058
1775842800,77.655,77.71,77.625,77.7,12292
1775843400,77.705,77.705,77.63,77.67,9841
1775844000,77.66,77.66,77.61,77.635,8196
1775844600,77.63,77.665,77.62,77.655,6373
1775845200,77.65,77.65,77.6,77.62,4923
1775845800,77.615,77.69,77.61,77.66,6197
1775846400,77.66,77.67,77.63,77.65,31712
1775847000,77.655,77.68,77.58,77.66,10179
1775847600,77.66,77.665,77.6,77.635,8971
1775848200,77.64,77.69,77.63,77.65,9196
1775848800,77.65,77.65,77.53,77.57,15392
1775849400,77.56,77.575,77.47,77.48,21377
1775850000,77.475,77.5,77.305,77.34,50523
1775850600,77.34,77.5,77.31,77.47,122649
1776087000,77.63,77.63,76.92,76.95,42655
1776087600,76.94,77.05,76.88,76.97,22340
1776088200,76.96,76.98,76.71,76.82,18429
1776088800,76.825,76.83,76.61,76.81,24946
1776089400,76.82,76.955,76.78,76.94,12663
1776090000,76.93,76.93,76.65,76.67,14121
1776090600,76.68,76.77,76.585,76.71,16920
1776091200,76.7,76.72,76.56,76.6,20096
1776091800,76.595,76.595,76.26,76.36,23731
1776092400,76.38,76.46,76.35,76.41,22809
1776093000,76.42,76.43,76.26,76.41,35952
1776093600,76.41,76.445,76.1,76.1,36127
1776094200,76.09,76.11,75.995,76,36005
1776094800,76,76.04,75.94,75.99,43911
1776095400,75.99,76.11,75.975,76.075,20722
1776096000,76.08,76.12,76.055,76.075,20791
1776096600,76.08,76.09,75.92,75.96,24427
1776097200,75.97,76.06,75.95,75.99,28676
1776097800,75.99,76,75.925,75.99,27538
1776098400,75.99,76.04,75.96,75.98,18757
1776099000,75.97,75.97,75.88,75.95,19347
1776099600,75.94,76.02,75.935,75.995,12463
1776100200,75.995,76.035,75.96,75.96,10770
1776100800,75.95,75.95,75.83,75.88,36628
1776101400,75.88,75.925,75.84,75.9,15966
1776102000,75.91,75.94,75.865,75.91,13856
1776102600,75.91,75.94,75.88,75.94,23032
1776103200,75.935,76.015,75.92,75.975,22971
1776103800,75.975,76.15,75.975,76.12,21507
1776104400,76.12,76.18,76.07,76.09,19845
1776105000,76.08,76.11,76.045,76.05,18206
1776105600,76.05,76.14,76.03,76.12,14489
1776106200,76.12,76.19,76.105,76.17,21428
1776106800,76.18,76.23,76.155,76.2,8869
1776107400,76.23,76.27,76.18,76.2,13172
1776108000,76.185,76.315,76.18,76.31,17991
1776108600,76.31,76.4,76.3,76.35,28750
1776109200,76.36,76.37,76.24,76.305,25104
1776109800,76.3,76.48,76.3,76.4,140906
1776173400,75.95,76.19,75.79,76.14,71894
1776174000,76.15,76.27,75.97,76.21,33621
1776174600,76.24,76.54,76.16,76.535,18409
1776175200,76.53,76.62,76.53,76.575,15528
1776175800,76.57,76.6,76.52,76.57,29588
1776176400,76.57,76.58,76.46,76.49,11632
1776177000,76.495,76.5,76.42,76.43,10976
1776177600,76.42,76.505,76.4,76.49,9776
1776178200,76.48,76.495,76.43,76.46,5780
1776178800,76.45,76.56,76.425,76.545,6573
1776179400,76.55,76.6,76.54,76.59,8801
1776180000,76.58,76.59,76.49,76.51,6698
1776180600,76.51,76.515,76.275,76.3,13087
1776181200,76.3,76.3,76.16,76.18,14147
1776181800,76.18,76.26,76.18,76.25,11844
1776182400,76.24,76.24,76.13,76.135,12533
1776183000,76.14,76.185,76.115,76.14,6053
1776183600,76.14,76.205,76.14,76.2,9491
1776184200,76.19,76.205,76.135,76.14,9220
1776184800,76.14,76.2,76.12,76.12,8382
1776185400,76.12,76.125,76.045,76.095,7797
1776186000,76.095,76.115,76.08,76.1,4335
1776186600,76.1,76.1,76.045,76.05,6271
1776187200,76.055,76.105,76.03,76.105,6367
1776187800,76.1,76.11,76.06,76.065,6360
1776188400,76.06,76.1,76.05,76.05,7343
1776189000,76.05,76.09,76.01,76.07,10801
1776189600,76.065,76.21,76.045,76.205,8495
1776190200,76.21,76.255,76.195,76.23,9458
1776190800,76.225,76.255,76.195,76.24,6503
1776191400,76.235,76.285,76.22,76.27,10349
1776192000,76.28,76.295,76.25,76.265,10393
1776192600,76.26,76.265,76.235,76.25,8086
1776193200,76.25,76.29,76.205,76.25,10927
1776193800,76.25,76.265,76.215,76.24,8977
1776194400,76.24,76.285,76.225,76.285,13243
1776195000,76.29,76.37,76.255,76.28,14923
1776195600,76.27,76.27,76.155,76.23,23080
1776196200,76.235,76.24,75.9,75.9,111764
1776259800,75.99,75.99,75,75.14,102663
1776260400,75.13,75.46,75.01,75.05,69763
1776261000,75.03,75.03,74.72,75.01,59253
1776261600,75.02,75.06,74.78,74.845,55198
1776262200,74.84,74.985,74.805,74.98,31085
1776262800,74.98,74.98,74.87,74.9,32105
1776263400,74.9,74.91,74.79,74.84,44009
1776264000,74.835,75.03,74.835,74.995,18174
1776264600,74.99,75.03,74.915,75.025,23963
1776265200,75.025,75.09,74.98,75.07,37313
1776265800,75.06,75.14,75.035,75.035,33808
1776266400,75.03,75.125,75.03,75.07,34991
1776267000,75.075,75.245,75.06,75.245,10626
1776267600,75.24,75.33,75.24,75.305,20043
1776268200,75.3,75.3,75.22,75.25,15454
1776268800,75.26,75.29,75.235,75.29,11380
1776269400,75.29,75.29,75.215,75.23,10238
1776270000,75.22,75.22,75.15,75.195,8485
1776270600,75.2,75.3,75.195,75.285,14057
1776271200,75.285,75.53,75.285,75.48,23532
1776271800,75.47,75.6,75.44,75.57,7312
1776272400,75.56,75.6,75.51,75.52,6993
1776273000,75.52,75.55,75.505,75.545,5882
1776273600,75.54,75.57,75.53,75.57,6986
1776274200,75.57,75.57,75.44,75.47,9862
1776274800,75.47,75.47,75.4,75.41,8594
1776275400,75.41,75.42,75.34,75.4,13899
1776276000,75.4,75.405,75.235,75.245,14719
1776276600,75.24,75.26,75.195,75.23,25512
1776277200,75.24,75.245,75.195,75.24,27839
1776277800,75.23,75.24,75.09,75.1,20240
1776278400,75.11,75.21,75.065,75.175,23605
1776279000,75.18,75.25,75.165,75.23,18536
1776279600,75.225,75.35,75.205,75.27,27682
1776280200,75.265,75.27,75.205,75.27,12772
1776280800,75.27,75.38,75.27,75.38,15016
1776281400,75.37,75.38,75.225,75.265,26872
1776282000,75.26,75.26,75.115,75.18,40170
1776282600,75.19,75.32,75.175,75.31,120316
1776346200,75.02,75.46,74.9,75.28,56656
1776346800,75.28,75.52,75.13,75.49,24667
1776347400,75.5,75.82,75.5,75.77,31057
1776348000,75.76,75.83,75.59,75.59,25880
1776348600,75.595,75.715,75.56,75.685,12376
1776349200,75.69,75.69,75.61,75.67,13163
1776349800,75.675,75.7,75.62,75.64,30396
1776350400,75.63,75.63,75.47,75.53,10170
1776351000,75.52,75.58,75.475,75.48,9406
1776351600,75.49,75.5,75.38,75.38,10524
1776352200,75.385,75.435,75.345,75.38,6070
1776352800,75.38,75.385,75.34,75.38,13227
1776353400,75.38,75.44,75.28,75.285,12157
1776354000,75.29,75.32,75.225,75.28,10296
1776354600,75.28,75.295,75.25,75.28,8328
1776355200,75.285,75.3,75.19,75.19,8818
1776355800,75.19,75.2,75.115,75.13,7958
1776356400,75.135,75.15,75.105,75.14,5248
1776357000,75.135,75.2,75.11,75.11,8149
1776357600,75.11,75.11,74.975,74.98,10050
1776358200,74.98,74.98,74.92,74.95,21764
1776358800,74.95,75.025,74.915,75.02,8621
1776359400,75.01,75.015,74.98,74.98,7034
1776360000,74.97,75,74.94,74.97,8104
1776360600,74.97,74.995,74.95,74.96,5626
1776361200,74.96,75.05,74.955,75.035,14710
1776361800,75.035,75.07,75,75.06,18696
1776362400,75.05,75.08,75.01,75.08,14190
1776363000,75.08,75.08,74.99,75.03,7781
1776363600,75.035,75.1,75.03,75.09,6954
1776364200,75.09,75.09,75.01,75.015,6125
1776364800,75.02,75.05,75.005,75.04,4514
1776365400,75.04,75.05,74.98,74.98,6584
1776366000,74.98,75.05,74.945,75.03,13129
1776366600,75.03,75.155,75.025,75.125,9137
1776367200,75.13,75.245,75.13,75.235,20634
1776367800,75.24,75.24,75.045,75.06,18302
1776368400,75.065,75.15,75.015,75.15,26108
1776369000,75.15,75.26,75.15,75.16,46934
1776432600,74.87,75.42,74.78,75.08,54286
1776433200,75.11,75.38,75.07,75.31,36600
1776433800,75.32,75.71,75.28,75.65,22550
1776434400,75.645,75.795,75.56,75.79,29173
1776435000,75.79,75.79,75.46,75.495,22005
1776435600,75.5,75.66,75.5,75.605,14240
1776436200,75.605,75.605,75.465,75.53,14134
1776436800,75.52,75.68,75.51,75.67,35755
1776437400,75.67,75.805,75.67,75.775,14496
1776438000,75.775,75.97,75.775,75.93,37531
1776438600,75.925,75.935,75.81,75.855,8599
1776439200,75.85,75.86,75.77,75.815,6479
1776439800,75.82,75.93,75.785,75.91,10649
1776440400,75.915,75.985,75.915,75.96,14199
1776441000,75.96,76.035,75.96,76.03,17082
1776441600,76.04,76.05,75.89,75.9,15303
1776442200,75.89,75.94,75.88,75.94,11225
1776442800,75.945,75.96,75.88,75.89,11429
1776443400,75.89,75.95,75.87,75.945,12663
1776444000,75.94,75.965,75.89,75.9,12849
1776444600,75.9,75.94,75.88,75.94,11513
1776445200,75.95,75.965,75.85,75.88,6010
1776445800,75.88,75.915,75.86,75.915,5938
1776446400,75.915,75.95,75.83,75.845,6802
1776447000,75.85,75.86,75.79,75.82,6431
1776447600,75.81,75.85,75.775,75.85,5331
1776448200,75.85,75.885,75.83,75.87,7258
1776448800,75.88,75.88,75.825,75.835,10469
1776449400,75.835,75.865,75.795,75.85,6660
1776450000,75.855,75.935,75.855,75.935,7579
1776450600,75.94,75.99,75.905,75.95,13228
1776451200,75.955,75.96,75.875,75.895,8185
1776451800,75.89,75.9,75.83,75.88,7865
1776452400,75.88,75.98,75.855,75.945,10464
1776453000,75.945,75.98,75.835,75.91,20371
1776453600,75.91,75.93,75.82,75.925,15491
1776454200,75.93,75.97,75.92,75.945,18770
1776454800,75.94,76.01,75.9,75.98,20963
1776455400,75.98,76.025,75.71,75.75,112792
1776691800,75.83,76.16,75.64,76.15,64730
1776692400,76.16,76.18,76.04,76.125,19869
1776693000,76.13,76.16,75.82,75.82,17979
1776693600,75.81,76,75.81,75.83,10454
1776694200,75.84,76.08,75.79,76.07,10909
1776694800,76.07,76.08,75.9,76.03,11109
1776695400,76.05,76.07,75.88,75.88,14793
1776696000,75.88,76.035,75.87,76.03,12280
1776696600,76.03,76.22,76.03,76.17,18825
1776697200,76.165,76.2,76.04,76.12,16145
1776697800,76.11,76.17,76.03,76.1,13089
1776698400,76.1,76.1,76.02,76.03,8130
1776699000,76.04,76.07,76.005,76.005,10086
1776699600,76,76.09,75.95,76.09,8281
1776700200,76.095,76.095,75.98,75.985,11912
1776700800,75.96,76,75.94,75.96,4331
1776701400,75.95,75.98,75.94,75.94,7726
1776702000,75.935,76.035,75.92,76,9713
1776702600,75.98,75.98,75.84,75.84,6882
1776703200,75.84,75.84,75.75,75.81,4903
1776703800,75.82,75.82,75.77,75.79,6779
1776704400,75.79,75.79,75.67,75.68,5362
1776705000,75.69,75.71,75.65,75.68,5402
1776705600,75.67,75.7,75.645,75.68,5646
1776706200,75.68,75.69,75.6,75.63,11108
1776706800,75.625,75.645,75.55,75.55,7143
1776707400,75.545,75.575,75.5,75.55,7445
1776708000,75.55,75.56,75.44,75.52,13261
1776708600,75.52,75.54,75.465,75.48,9960
1776709200,75.475,75.505,75.42,75.425,17044
1776709800,75.43,75.595,75.42,75.57,14593
1776710400,75.565,75.57,75.5,75.56,18232
1776711000,75.555,75.58,75.53,75.56,6241
1776711600,75.55,75.605,75.53,75.53,10668
1776712200,75.52,75.62,75.515,75.565,15303
1776712800,75.56,75.56,75.48,75.5,15967
1776713400,75.49,75.52,75.38,75.39,27390
1776714000,75.4,75.515,75.365,75.5,33484
1776714600,75.505,75.56,75.44,75.5,70874
1776778200,75.475,75.53,74.83,75.23,55453
1776778800,75.22,75.25,74.99,75.07,31851
1776779400,75.05,75.12,74.89,75.01,32979
1776780000,75.01,75.1,74.89,75.07,29026
1776780600,75.07,75.07,74.92,74.98,16000
1776781200,74.975,75.045,74.835,74.84,20329
1776781800,74.85,74.85,74.665,74.79,25277
1776782400,74.79,74.825,74.73,74.79,11257
1776783000,74.795,74.92,74.75,74.88,15108
1776783600,74.87,74.96,74.77,74.78,15624
1776784200,74.775,74.78,74.65,74.71,15039
1776784800,74.7,74.79,74.62,74.72,20699
1776785400,74.72,74.805,74.665,74.73,20888
1776786000,74.72,74.88,74.72,74.87,6974
1776786600,74.88,74.945,74.85,74.88,9579
1776787200,74.88,74.94,74.84,74.84,9949
1776787800,74.85,74.885,74.8,74.83,9943
1776788400,74.82,74.86,74.8,74.81,11552
1776789000,74.81,74.88,74.79,74.87,8441
1776789600,74.88,74.93,74.815,74.82,7803
1776790200,74.82,74.83,74.68,74.73,12628
1776790800,74.73,74.73,74.68,74.72,15068
1776791400,74.73,74.815,74.715,74.815,8727
1776792000,74.81,74.935,74.8,74.935,12348
1776792600,74.935,75.19,74.935,75.15,23934
1776793200,75.15,75.2,75.09,75.11,12067
1776793800,75.12,75.12,75.005,75.005,8635
1776794400,75.005,75.07,74.955,75.06,14026
1776795000,75.07,75.08,75,75.06,15775
1776795600,75.06,75.11,75.04,75.11,6748
1776796200,75.115,75.18,75.09,75.17,8369
1776796800,75.16,75.17,75.11,75.16,7254
1776797400,75.155,75.155,75.055,75.09,14600
1776798000,75.09,75.115,75.04,75.1,10366
1776798600,75.11,75.17,75.06,75.06,15127
1776799200,75.07,75.07,74.96,74.99,17177
1776799800,74.99,74.99,74.73,74.85,32328
1776800400,74.855,74.885,74.7,74.88,51411
1776801000,74.9,74.95,74.7,74.71,145561
1776864600,74.96,75.1,74.72,74.97,45646
1776865200,74.96,75.15,74.81,75.135,13883
1776865800,75.13,75.305,75.12,75.3,13072
1776866400,75.3,75.37,75.26,75.27,21821
1776867000,75.28,75.32,75.23,75.31,12070
1776867600,75.31,75.355,75.22,75.28,10764
1776868200,75.275,75.32,75.2,75.27,21426
1776868800,75.26,75.37,75.25,75.28,13011
1776869400,75.29,75.34,75.24,75.31,13942
1776870000,75.33,75.38,75.16,75.23,26580
1776870600,75.25,75.31,75.09,75.1,9590
1776871200,75.11,75.11,74.985,75.02,14306
1776871800,75.01,75.01,74.9,74.9,21416
1776872400,74.9,74.975,74.865,74.915,12161
1776873000,74.905,74.97,74.895,74.92,9321
1776873600,74.915,74.96,74.885,74.95,9353
1776874200,74.94,74.94,74.85,74.85,12414
1776874800,74.84,74.85,74.72,74.73,9856
1776875400,74.74,74.91,74.73,74.91,6782
1776876000,74.9,74.945,74.855,74.885,10331
1776876600,74.89,74.905,74.845,74.85,7064
1776877200,74.84,74.88,74.805,74.815,9690
1776877800,74.82,74.9,74.82,74.89,3891
1776878400,74.88,74.92,74.865,74.92,5240
1776879000,74.93,74.945,74.865,74.89,7616
1776879600,74.895,74.895,74.8,74.8,13701
1776880200,74.795,74.795,74.73,74.73,9777
1776880800,74.73,74.775,74.73,74.765,4492
1776881400,74.765,74.765,74.67,74.71,17698
1776882000,74.71,74.72,74.65,74.72,7364
1776882600,74.71,74.71,74.63,74.635,7639
1776883200,74.64,74.66,74.6,74.625,5561
1776883800,74.62,74.68,74.595,74.655,9067
1776884400,74.66,74.69,74.55,74.6,29986
1776885000,74.6,74.635,74.57,74.59,13879
1776885600,74.6,74.75,74.6,74.75,9708
1776886200,74.75,74.8,74.585,74.615,24025
1776886800,74.61,74.78,74.6,74.775,26741
1776887400,74.79,74.79,74.595,74.635,115478
1776951000,75.21,75.75,75.06,75.61,46495
1776951600,75.63,75.82,75.585,75.81,38795
1776952200,75.82,76.05,75.77,76.04,31518
1776952800,76.06,76.38,76.01,76.28,40134
1776953400,76.29,76.57,76.27,76.57,39088
1776954000,76.57,76.575,76.28,76.28,13443
1776954600,76.28,76.3,76.2,76.29,11030
1776955200,76.29,76.3,76.12,76.16,10924
1776955800,76.16,76.185,76,76.08,20210
1776956400,76.07,76.09,75.95,75.95,13246
1776957000,75.93,76.045,75.88,76.015,9834
1776957600,76.01,76.21,75.99,76.21,11514
1776958200,76.22,76.43,76.16,76.35,22262
1776958800,76.35,76.35,76.155,76.3,13399
1776959400,76.31,76.37,76.31,76.31,9323
1776960000,76.31,76.39,76.26,76.39,14937
1776960600,76.38,76.39,76.3,76.37,11324
1776961200,76.37,76.38,76.28,76.315,8226
1776961800,76.315,76.41,76.305,76.405,5743
1776962400,76.41,76.43,76.355,76.38,7259
1776963000,76.38,76.38,76.345,76.36,5787
1776963600,76.36,76.36,76.225,76.26,14107
1776964200,76.265,76.39,76.255,76.31,8370
1776964800,76.31,76.345,76.275,76.32,8609
1776965400,76.32,76.445,76.31,76.43,16736
1776966000,76.42,76.55,76.41,76.52,23831
1776966600,76.53,76.63,76.5,76.56,25614
1776967200,76.555,76.555,76.45,76.48,18453
1776967800,76.49,76.57,76.47,76.565,12710
1776968400,76.57,76.59,76.54,76.55,8554
1776969000,76.555,76.615,76.54,76.56,12209
1776969600,76.56,76.57,76.52,76.55,7861
1776970200,76.54,76.57,76.46,76.5,19025
1776970800,76.5,76.54,76.45,76.515,16295
1776971400,76.51,76.61,76.51,76.61,23075
1776972000,76.615,76.66,76.52,76.55,18674
1776972600,76.55,76.62,76.485,76.495,29592
1776973200,76.5,76.58,76.475,76.54,32264
1776973800,76.54,76.54,76.29,76.3,150011
1777037400,76.71,76.71,76.18,76.39,54740
1777038000,76.37,76.49,76.31,76.46,33703
1777038600,76.43,76.77,76.4,76.68,29867
1777039200,76.69,76.77,76.58,76.67,16301
1777039800,76.66,76.76,76.62,76.73,18067
1777040400,76.74,76.89,76.74,76.88,14290
1777041000,76.86,77.01,76.85,76.95,24336
1777041600,76.95,76.95,76.745,76.79,18551
1777042200,76.79,76.805,76.705,76.71,16637
1777042800,76.71,76.74,76.66,76.71,17457
1777043400,76.71,76.79,76.63,76.79,13911
1777044000,76.8,76.82,76.68,76.695,9367
1777044600,76.69,76.705,76.6,76.65,19924
1777045200,76.645,76.78,76.62,76.7,14227
1777045800,76.7,76.81,76.64,76.78,12063
1777046400,76.78,76.84,76.78,76.83,7844
1777047000,76.83,76.83,76.755,76.795,9401
1777047600,76.785,76.785,76.695,76.7,5609
1777048200,76.7,76.705,76.645,76.66,7303
1777048800,76.66,76.68,76.61,76.655,4594
1777049400,76.66,76.75,76.66,76.7,6441
1777050000,76.69,76.69,76.65,76.66,7902
1777050600,76.665,76.675,76.635,76.635,6472
1777051200,76.63,76.735,76.625,76.71,5444
1777051800,76.7,76.76,76.62,76.76,9968
1777052400,76.76,76.78,76.635,76.635,5355
1777053000,76.635,76.64,76.54,76.55,19227
1777053600,76.55,76.55,76.465,76.5,12187
1777054200,76.5,76.505,76.4,76.465,12572
1777054800,76.47,76.47,76.41,76.44,5273
1777055400,76.44,76.445,76.4,76.405,4773
1777056000,76.405,76.47,76.4,76.47,4153
1777056600,76.48,76.525,76.469,76.52,5355
1777057200,76.53,76.6,76.53,76.57,15020
1777057800,76.57,76.605,76.475,76.5,12603
1777058400,76.49,76.495,76.395,76.44,11334
1777059000,76.435,76.53,76.39,76.51,16024
1777059600,76.51,76.65,76.5,76.63,44629
1777060200,76.64,76.74,76.62,76.63,105774
1777296600,76.28,76.565,76.12,76.26,77083
1777297200,76.24,76.52,76.18,76.46,18876
1777297800,76.51,76.69,76.4,76.49,19301
1777298400,76.51,76.52,76.2,76.36,22185
1777299000,76.36,76.45,76.22,76.22,16316
1777299600,76.22,76.28,76.1,76.105,14370
1777300200,76.11,76.27,76.07,76.16,16567
1777300800,76.15,76.245,76.11,76.165,12484
1777301400,76.17,76.3,76.15,76.26,15522
1777302000,76.25,76.25,76.085,76.105,61862
1777302600,76.1,76.1,75.88,75.91,16208
1777303200,75.9,76,75.86,75.97,16225
1777303800,75.97,76.02,75.895,75.91,16309
1777304400,75.905,75.99,75.89,75.98,20159
1777305000,75.985,76.055,75.975,75.985,15726
1777305600,75.96,76.105,75.96,76.1,16883
1777306200,76.105,76.205,76.09,76.19,15394
1777306800,76.19,76.31,76.18,76.285,12583
1777307400,76.285,76.285,76.225,76.23,9748
1777308000,76.23,76.245,76.18,76.21,11225
1777308600,76.205,76.275,76.2,76.275,8794
1777309200,76.275,76.3,76.23,76.23,9043
1777309800,76.23,76.25,76.135,76.135,9930
1777310400,76.13,76.17,76.07,76.09,10462
1777311000,76.09,76.135,76.065,76.08,13861
1777311600,76.09,76.12,76.055,76.065,7963
1777312200,76.07,76.11,76,76.005,10276
1777312800,76.01,76.06,75.975,75.985,14149
1777313400,75.97,76.04,75.96,76,5992
1777314000,76,76.01,75.94,75.98,8661
1777314600,75.98,76.02,75.94,76.02,6622
1777315200,76.03,76.04,75.955,76.025,9679
1777315800,76.02,76.065,75.935,76.01,15609
1777316400,76.02,76.09,75.945,76.07,21970
1777317000,76.07,76.1,75.72,75.73,35332
1777317600,75.72,75.895,75.71,75.82,29409
1777318200,75.81,75.965,75.76,75.88,39030
1777318800,75.875,75.92,75.725,75.81,43750
1777319400,75.81,75.81,75.4,75.44,221519
1777383000,79.525,79.83,78.87,79.55,512982
1777383600,79.54,80.03,79.5,79.87,253748
1777384200,79.87,79.88,79.21,79.25,166148
1777384800,79.23,79.76,79.13,79.65,81780
1777385400,79.66,79.845,79.49,79.63,60250
1777386000,79.63,79.84,79.45,79.75,43051
1777386600,79.765,79.89,79.41,79.88,60861
1777387200,79.88,80.05,79.88,79.98,105847
1777387800,79.98,80.28,79.98,80.22,79074
1777388400,80.21,80.31,80.02,80.18,56145
1777389000,80.18,80.19,79.84,79.93,29392
1777389600,79.93,80.3,79.92,80.18,45101
1777390200,80.19,80.2,79.87,79.87,45954
1777390800,79.88,80.085,79.84,79.97,22936
1777391400,79.97,80.07,79.93,80.02,24191
1777392000,80.015,80.1,79.96,80.06,37885
1777392600,80.065,80.265,80.065,80.105,32795
1777393200,80.1,80.3,80.1,80.24,21722
1777393800,80.235,80.29,80.08,80.115,27413
1777394400,80.115,80.14,80.015,80.08,27542
1777395000,80.08,80.11,80.02,80.06,25686
1777395600,80.06,80.08,79.72,79.75,31176
1777396200,79.745,79.865,79.72,79.76,13993
1777396800,79.76,79.8,79.63,79.63,16600
1777397400,79.64,79.8,79.61,79.685,19882
1777398000,79.68,79.725,79.65,79.68,20751
1777398600,79.67,79.72,79.55,79.56,13292
1777399200,79.56,79.59,79.05,79.05,51632
1777399800,79.04,79.1,78.88,78.915,39144
1777400400,78.91,78.935,78.78,78.86,22002
1777401000,78.85,78.89,78.7,78.72,17300
1777401600,78.715,78.75,78.66,78.69,15246
1777402200,78.67,78.695,78.56,78.66,16923
1777402800,78.66,78.67,78.51,78.51,21286
1777403400,78.51,78.595,78.39,78.55,38272
1777404000,78.545,78.605,78.4,78.48,45632
1777404600,78.47,78.47,78.115,78.135,46019
1777405200,78.13,78.36,78.115,78.14,87530
1777405800,78.14,78.39,78.08,78.38,202796
1777469400,78.39,79.09,78.205,78.91,164947
1777470000,78.89,79.08,78.78,79.08,60934
1777470600,79.1,79.18,78.965,79.08,66264
1777471200,79.06,79.215,78.89,79.05,58039
1777471800,79.04,79.075,78.57,78.59,26869
1777472400,78.6,78.69,78.395,78.41,24901
1777473000,78.415,78.49,78.23,78.25,27009
1777473600,78.245,78.46,78.2,78.44,36191
1777474200,78.435,78.575,78.4,78.57,26586
1777474800,78.55,78.68,78.52,78.68,18283
1777475400,78.68,78.905,78.63,78.87,19655
1777476000,78.86,78.91,78.74,78.75,16279
1777476600,78.745,78.745,78.535,78.67,27426
1777477200,78.66,78.67,78.575,78.62,22430
1777477800,78.62,78.83,78.58,78.815,33157
1777478400,78.82,78.99,78.82,78.955,29989
1777479000,78.955,79.04,78.9,79.04,20868
1777479600,79.05,79.18,78.99,79.18,19459
1777480200,79.175,79.27,79.1,79.1,32841
1777480800,79.095,79.14,78.98,78.99,16100
1777481400,79,79.02,78.96,78.98,13250
1777482000,78.98,79.055,78.91,79,14958
1777482600,78.995,79.03,78.93,78.94,9652
1777483200,78.94,78.96,78.86,78.92,13561
1777483800,78.93,79.035,78.93,79.005,16557
1777484400,79.01,79.02,78.9,78.91,11309
1777485000,78.905,78.95,78.85,78.9,13761
1777485600,78.9,79.07,78.89,78.93,17443
1777486200,78.94,78.95,78.855,78.87,19982
1777486800,78.87,78.89,78.8,78.84,17255
1777487400,78.85,78.875,78.77,78.83,19065
1777488000,78.815,78.92,78.79,78.815,55415
1777488600,78.82,78.875,78.79,78.83,25527
1777489200,78.83,78.84,78.605,78.81,47559
1777489800,78.82,78.83,78.745,78.82,23637
1777490400,78.82,78.86,78.76,78.815,21990
1777491000,78.81,78.95,78.79,78.905,37376
1777491600,78.91,78.96,78.805,78.93,35663
1777492200,78.97,78.97,78.725,78.9,123268
1777555800,78.795,79.12,78.56,78.91,58193
1777556400,78.9,79.1,78.43,78.43,28770
1777557000,78.43,78.83,78.41,78.45,23363
1777557600,78.45,78.79,78.38,78.68,49330
1777558200,78.69,78.98,78.67,78.81,58791
1777558800,78.81,79.06,78.71,79.04,111496
1777559400,79.04,79.1,78.86,78.95,39010
1777560000,78.95,78.98,78.66,78.72,22333
1777560600,78.72,78.91,78.59,78.59,37937
1777561200,78.6,78.69,78.48,78.51,63333
1777561800,78.51,78.54,78.4,78.4,13346
1777562400,78.39,78.52,78.355,78.46,21024
1777563000,78.45,78.49,78.33,78.43,21645
1777563600,78.45,78.51,78.405,78.43,12608
1777564200,78.425,78.525,78.39,78.51,13504
1777564800,78.53,78.54,78.41,78.495,16837
1777565400,78.48,78.48,78.38,78.4,11311
1777566000,78.4,78.57,78.36,78.56,13126
1777566600,78.54,78.62,78.515,78.58,7718
1777567200,78.58,78.7,78.575,78.65,12973
1777567800,78.645,78.86,78.64,78.85,14018
1777568400,78.86,78.86,78.74,78.76,11242
1777569000,78.76,78.76,78.68,78.68,11213
1777569600,78.69,78.735,78.455,78.47,24773
1777570200,78.46,78.48,78.385,78.415,18201
1777570800,78.41,78.54,78.385,78.51,10631
1777571400,78.52,78.56,78.45,78.47,23619
1777572000,78.48,78.55,78.38,78.52,13606
1777572600,78.53,78.575,78.48,78.53,12183
1777573200,78.53,78.54,78.475,78.475,10701
1777573800,78.48,78.69,78.48,78.69,12322
1777574400,78.69,78.695,78.54,78.57,12903
1777575000,78.58,78.58,78.455,78.47,12640
1777575600,78.48,78.48,78.4,78.42,20206
1777576200,78.4,78.52,78.38,78.435,18328
1777576800,78.44,78.58,78.44,78.545,22037
1777577400,78.545,78.79,78.48,78.79,29029
1777578000,78.8,78.88,78.74,78.87,35854
1777578600,78.86,78.93,78.75,78.78,129209
1777642200,79.4,79.435,78.8,79.27,72831
1777642800,79.25,79.5,79.24,79.3,24747
1777643400,79.33,79.46,79.08,79.24,21328
1777644000,79.26,79.495,79.17,79.41,31761
1777644600,79.42,79.635,79.42,79.545,29033
1777645200,79.535,79.535,79.4,79.415,19526
1777645800,79.41,79.61,79.36,79.395,32314
1777646400,79.385,79.4,79.15,79.29,19421
1777647000,79.3,79.335,79.075,79.17,14592
1777647600,79.17,79.25,79.12,79.205,12204
1777648200,79.2,79.2,78.98,78.98,11948
1777648800,78.98,79.01,78.935,78.955,13317
1777649400,78.955,78.96,78.81,78.82,8579
1777650000,78.81,78.94,78.8,78.865,7180
1777650600,78.85,78.95,78.84,78.91,13323
1777651200,78.915,78.92,78.755,78.76,6374
1777651800,78.76,78.76,78.6,78.73,19320
1777652400,78.73,78.735,78.58,78.605,7527
1777653000,78.59,78.59,78.475,78.49,7393
1777653600,78.49,78.55,78.49,78.51,9412
1777654200,78.5,78.515,78.41,78.42,12003
1777654800,78.41,78.435,78.36,78.37,6778
1777655400,78.37,78.395,78.33,78.34,6986
1777656000,78.331,78.37,78.29,78.36,9202
1777656600,78.35,78.495,78.315,78.34,10047
1777657200,78.34,78.425,78.34,78.4,7810
1777657800,78.395,78.44,78.31,78.31,14938
1777658400,78.32,78.35,78.2,78.21,20098
1777659000,78.21,78.235,78.185,78.2,10747
1777659600,78.2,78.21,78.11,78.13,14958
1777660200,78.12,78.18,78.04,78.13,12661
1777660800,78.15,78.315,78.15,78.26,13746
1777661400,78.26,78.315,78.23,78.25,9691
1777662000,78.27,78.435,78.27,78.42,11022
1777662600,78.43,78.55,78.43,78.54,12267
1777663200,78.54,78.709,78.54,78.695,15706
1777663800,78.7,78.72,78.55,78.64,25829
1777664400,78.63,78.835,78.605,78.775,140997
1777665000,78.805,78.84,78.575,78.575,112790
1777901400,78.03,78.27,77.74,78.095,116706
1777902000,78.08,78.21,78,78.15,22015
1777902600,78.18,78.52,78.165,78.5,59559
1777903200,78.52,78.61,78.42,78.55,31290
1777903800,78.54,78.675,78.49,78.63,15624
1777904400,78.645,78.68,78.54,78.68,16157
1777905000,78.69,78.71,78.6,78.6,16313
1777905600,78.58,78.585,78.33,78.375,26515
1777906200,78.38,78.6,78.35,78.6,17816
1777906800,78.61,78.64,78.39,78.4,18358
1777907400,78.4,78.515,78.39,78.51,16607
1777908000,78.52,78.65,78.435,78.46,25482
1777908600,78.46,78.685,78.46,78.67,27556
1777909200,78.66,78.77,78.49,78.49,21810
1777909800,78.48,78.545,78.4,78.41,19217
1777910400,78.41,78.455,78.3,78.38,27475
1777911000,78.375,78.42,78.31,78.34,12976
1777911600,78.34,78.34,78.245,78.25,18612
1777912200,78.255,78.425,78.25,78.39,21220
1777912800,78.395,78.395,78.265,78.28,18814
1777913400,78.275,78.3,78.145,78.2,23289
1777914000,78.205,78.23,78.155,78.2,18901
1777914600,78.205,78.21,78.13,78.19,14412
1777915200,78.17,78.41,78.13,78.395,15956
1777915800,78.39,78.41,78.3,78.315,18663
1777916400,78.31,78.34,78.185,78.3,18380
1777917000,78.305,78.32,78.25,78.29,16997
1777917600,78.29,78.36,78.245,78.285,13511
1777918200,78.28,78.295,78.135,78.15,5081
1777918800,78.155,78.155,77.98,77.98,13885
1777919400,77.985,78.045,77.95,77.96,18184
1777920000,77.96,78.08,77.95,78.05,12693
1777920600,78.06,78.06,77.93,77.93,10883
1777921200,77.91,78.04,77.885,77.975,17752
1777921800,77.98,78.06,77.97,78.035,13008
1777922400,78.03,78.075,77.99,78.03,18106
1777923000,78.03,78.03,77.92,77.925,24963
1777923600,77.93,78.14,77.93,78.135,32171
1777924200,78.13,78.24,78.04,78.18,174210
1777987800,78.225,78.36,77.91,78.14,106319
1777988400,78.13,78.13,77.74,77.89,37843
1777989000,77.89,78.12,77.82,78.12,26311
1777989600,78.12,78.23,77.98,78.18,19273
1777990200,78.19,78.33,78.15,78.33,34743
1777990800,78.34,78.36,78.21,78.28,15053
1777991400,78.28,78.42,78.22,78.42,11897
1777992000,78.43,78.495,78.325,78.47,10164
1777992600,78.49,78.53,78.36,78.41,8581
1777993200,78.425,78.43,78.34,78.41,11187
1777993800,78.41,78.44,78.31,78.4,6649
1777994400,78.405,78.41,78.31,78.38,8072
1777995000,78.38,78.455,78.35,78.44,8908
1777995600,78.44,78.485,78.42,78.485,5587
1777996200,78.485,78.55,78.46,78.55,10888
1777996800,78.55,78.55,78.485,78.49,5134
1777997400,78.49,78.67,78.48,78.6,9716
1777998000,78.61,78.61,78.41,78.51,9332
1777998600,78.51,78.585,78.47,78.53,5376
1777999200,78.535,78.545,78.39,78.43,6517
1777999800,78.43,78.47,78.409,78.46,6400
1778000400,78.46,78.475,78.4,78.41,5021
1778001000,78.42,78.42,78.38,78.4,3311
1778001600,78.41,78.43,78.35,78.35,4031
1778002200,78.355,78.42,78.345,78.39,21573
1778002800,78.395,78.475,78.395,78.465,9196
1778003400,78.475,78.52,78.46,78.495,11641
1778004000,78.5,78.51,78.425,78.495,14078
1778004600,78.5,78.575,78.495,78.57,13080
1778005200,78.56,78.72,78.56,78.72,13158
1778005800,78.72,78.72,78.625,78.63,16901
1778006400,78.62,78.71,78.605,78.71,12557
1778007000,78.71,78.77,78.68,78.715,14261
1778007600,78.71,78.76,78.655,78.7,23210
1778008200,78.7,78.74,78.655,78.71,19679
1778008800,78.72,78.78,78.69,78.695,24104
1778009400,78.68,78.7,78.635,78.685,22062
1778010000,78.69,78.765,78.555,78.56,50955
1778010600,78.56,78.58,78.27,78.51,275887
1778074200,78.84,79.21,78.57,79.12,84703
1778074800,79.12,79.15,78.88,78.94,70498
1778075400,78.94,79.08,78.84,79.03,37714
1778076000,79.02,79.13,78.93,78.93,37812
1778076600,78.93,79.085,78.84,79.08,29981
1778077200,79.09,79.09,78.86,78.97,21406
1778077800,78.97,79.06,78.78,78.94,31473
1778078400,78.95,79.07,78.85,78.86,28841
1778079000,78.88,78.98,78.87,78.98,19585
1778079600,78.97,79.04,78.8,78.82,26864
1778080200,78.81,78.84,78.65,78.68,19470
1778080800,78.68,78.805,78.68,78.78,17626
1778081400,78.785,78.79,78.7,78.76,18329
1778082000,78.76,78.79,78.695,78.77,23997
1778082600,78.77,78.81,78.75,78.75,16763
1778083200,78.76,78.78,78.63,78.63,15811
1778083800,78.64,78.73,78.57,78.73,21528
1778084400,78.74,78.78,78.67,78.73,3858
1778085000,78.73,78.795,78.7,78.7,4960
1778085600,78.695,78.815,78.67,78.8,22641
1778086200,78.8,78.805,78.66,78.66,6449
1778086800,78.635,78.73,78.6,78.72,11173
1778087400,78.715,78.715,78.61,78.655,9685
1778088000,78.65,78.72,78.61,78.715,10407
1778088600,78.715,78.85,78.715,78.85,11967
1778089200,78.86,78.9,78.79,78.9,7977
1778089800,78.9,79.03,78.895,79.03,8224
1778090400,79.03,79.05,79.005,79.04,8711
1778091000,79.04,79.06,79,79.02,14158
1778091600,79.01,79.11,78.975,79.11,16099
1778092200,79.11,79.13,79.07,79.09,16210
1778092800,79.085,79.155,79.06,79.155,16298
1778093400,79.155,79.18,79.135,79.145,10835
1778094000,79.14,79.32,79.11,79.3,17893
1778094600,79.31,79.32,79.18,79.185,11990
1778095200,79.18,79.205,79.11,79.13,21021
1778095800,79.125,79.215,79.085,79.17,20145
1778096400,79.165,79.245,79.15,79.155,45250
1778097000,79.16,79.295,79.15,79.21,150545
1778160600,78.9,79.07,78.4,78.41,59689
1778161200,78.4,78.64,78.28,78.3,24735
1778161800,78.29,78.61,78.18,78.58,28895
1778162400,78.57,78.585,78.315,78.32,23753
1778163000,78.34,78.4,78.27,78.33,25057
1778163600,78.325,78.325,78.1,78.21,34038
1778164200,78.2,78.4,78.2,78.35,29592
1778164800,78.34,78.51,78.3,78.46,15608
1778165400,78.48,78.58,78.44,78.54,25032
1778166000,78.57,78.745,78.54,78.61,17544
1778166600,78.61,78.735,78.595,78.73,12152
1778167200,78.73,78.87,78.71,78.87,15786
1778167800,78.88,78.92,78.79,78.83,19589
1778168400,78.85,78.895,78.73,78.75,14440
1778169000,78.77,79.02,78.755,78.98,18065
1778169600,78.97,79.105,78.91,79.03,20263
1778170200,79.03,79.065,78.96,79.06,12694
1778170800,79.06,79.15,79.055,79.06,10522
1778171400,79.07,79.09,78.995,79.04,9818
1778172000,79.035,79.035,78.9,78.91,10811
1778172600,78.9,78.91,78.755,78.765,7620
1778173200,78.75,78.9,78.675,78.9,8343
1778173800,78.9,79.02,78.9,78.99,9788
1778174400,78.98,79,78.83,78.83,11740
1778175000,78.83,78.85,78.73,78.73,10423
1778175600,78.73,78.74,78.55,78.605,6648
1778176200,78.6,78.64,78.53,78.565,12763
1778176800,78.561,78.73,78.515,78.73,11929
1778177400,78.73,78.81,78.65,78.79,12825
1778178000,78.775,78.875,78.775,78.82,10952
1778178600,78.82,78.82,78.72,78.72,14905
1778179200,78.72,78.805,78.685,78.79,15053
1778179800,78.8,78.895,78.745,78.82,20345
1778180400,78.805,78.93,78.76,78.895,22973
1778181000,78.895,78.895,78.69,78.75,18929
1778181600,78.76,78.78,78.68,78.75,20902
1778182200,78.75,78.75,78.64,78.645,21867
1778182800,78.64,78.64,78.57,78.58,32073
1778183400,78.58,78.58,78.39,78.45,213093
1778247000,78.565,79.19,78.43,78.79,74028
1778247600,78.81,78.9,78.66,78.66,36335
1778248200,78.66,79.04,78.64,79.02,20676
1778248800,79,79.02,78.73,78.73,21314
1778249400,78.71,78.86,78.65,78.84,23599
1778250000,78.85,78.93,78.77,78.92,23259
1778250600,78.92,78.935,78.805,78.86,18240
1778251200,78.87,78.935,78.735,78.75,20183
1778251800,78.74,78.84,78.64,78.685,16908
1778252400,78.68,78.69,78.46,78.5,29528
1778253000,78.5,78.65,78.48,78.59,12481
1778253600,78.585,78.69,78.58,78.64,15069
1778254200,78.63,78.71,78.62,78.705,17489
1778254800,78.705,78.85,78.7,78.825,25577
1778255400,78.83,78.94,78.825,78.93,26576
1778256000,78.935,78.95,78.82,78.92,31472
1778256600,78.92,78.93,78.76,78.81,5641
1778257200,78.8,78.81,78.7,78.71,9286
1778257800,78.705,78.74,78.66,78.66,7533
1778258400,78.67,78.72,78.62,78.62,8677
1778259000,78.63,78.665,78.5,78.5,5569
1778259600,78.5,78.55,78.46,78.46,8341
1778260200,78.45,78.47,78.4,78.44,8619
1778260800,78.425,78.5,78.36,78.46,8479
1778261400,78.47,78.53,78.42,78.5,8015
1778262000,78.5,78.58,78.5,78.57,3673
1778262600,78.58,78.635,78.53,78.635,6159
1778263200,78.63,78.63,78.5,78.52,13378
1778263800,78.53,78.575,78.47,78.55,7360
1778264400,78.55,78.565,78.325,78.345,13431
1778265000,78.35,78.43,78.33,78.395,10015
1778265600,78.385,78.4,78.315,78.315,8105
1778266200,78.31,78.31,78.175,78.255,31904
1778266800,78.24,78.255,78.12,78.15,27667
1778267400,78.18,78.255,78.17,78.23,37686
1778268000,78.22,78.38,78.22,78.37,23955
1778268600,78.37,78.465,78.33,78.46,20335
1778269200,78.46,78.48,78.41,78.44,30329
1778269800,78.44,78.55,78.385,78.42,180961
1778506200,78.33,78.38,77.87,78.19,125047
1778506800,78.2,78.25,78.07,78.23,26585
1778507400,78.21,78.4,78.07,78.38,37061
1778508000,78.4,78.4,78.15,78.35,37023
1778508600,78.34,78.36,78.23,78.34,35195
1778509200,78.34,78.37,78.09,78.37,26578
1778509800,78.37,78.38,78.14,78.17,17676
1778510400,78.16,78.2,78.09,78.13,16756
1778511000,78.12,78.24,78.12,78.16,13868
1778511600,78.17,78.26,78.12,78.12,15156
1778512200,78.11,78.285,78.11,78.24,13405
1778512800,78.24,78.27,78.09,78.105,12884
1778513400,78.105,78.19,78,78.03,14017
1778514000,78.03,78.035,77.89,77.895,15602
1778514600,77.895,77.935,77.85,77.9,13691
1778515200,77.91,77.97,77.89,77.91,15862
1778515800,77.915,78.045,77.865,78.03,10674
1778516400,78.025,78.04,77.915,77.915,9565
1778517000,77.91,77.97,77.845,77.97,7918
1778517600,77.99,78.08,77.92,77.92,10430
1778518200,77.945,78.04,77.92,78.04,5780
1778518800,78.03,78.25,78.01,78.18,12393
1778519400,78.16,78.29,78.15,78.28,7470
1778520000,78.29,78.315,78.21,78.24,10131
1778520600,78.25,78.34,78.25,78.34,10792
1778521200,78.34,78.44,78.33,78.37,10206
1778521800,78.36,78.46,78.35,78.425,12992
1778522400,78.43,78.54,78.38,78.39,18726
1778523000,78.38,78.41,78.34,78.39,8605
1778523600,78.395,78.44,78.35,78.37,9666
1778524200,78.36,78.375,78.2,78.2,11347
1778524800,78.2,78.265,78.1,78.11,16545
1778525400,78.11,78.22,78,78.165,16455
1778526000,78.165,78.2,78.1,78.13,10162
1778526600,78.15,78.36,78.15,78.33,16111
1778527200,78.33,78.55,78.32,78.51,41479
1778527800,78.51,78.585,78.445,78.55,28819
1778528400,78.55,78.605,78.52,78.6,26120
1778529000,78.6,78.73,78.56,78.69,135001
1778592600,79.1,79.15,78.58,78.58,98367
1778593200,78.58,78.6,78.28,78.56,35292
1778593800,78.57,78.91,78.47,78.87,31729
1778594400,78.87,78.95,78.7,78.77,24758
1778595000,78.75,78.92,78.72,78.74,26629
1778595600,78.73,79.16,78.73,79.16,20389
1778596200,79.16,79.28,79.02,79.09,30758
1778596800,79.1,79.29,79.06,79.27,22809
1778597400,79.28,79.42,79.18,79.4,76471
1778598000,79.38,79.49,79.2,79.25,51606
1778598600,79.24,79.475,79.23,79.4,34619
1778599200,79.4,79.63,79.38,79.57,27256
1778599800,79.575,79.6,79.42,79.45,34065
1778600400,79.45,79.64,79.41,79.64,19282
1778601000,79.65,79.91,79.635,79.89,21919
1778601600,79.91,79.92,79.7,79.73,18021
1778602200,79.73,79.805,79.7,79.8,14295
1778602800,79.8,79.9,79.8,79.89,13024
1778603400,79.88,80.045,79.855,80.01,27522
1778604000,80.02,80.08,79.97,80.025,24368
1778604600,80.02,80.19,80.015,80.19,14033
1778605200,80.18,80.29,80.12,80.24,33929
1778605800,80.25,80.25,80.15,80.16,12579
1778606400,80.16,80.24,80.12,80.195,25177
1778607000,80.19,80.205,80.05,80.12,30679
1778607600,80.1,80.15,80.075,80.13,14642
1778608200,80.13,80.19,80.065,80.125,33551
1778608800,80.13,80.16,80.08,80.16,16180
1778609400,80.15,80.19,79.98,80.16,30290
1778610000,80.16,80.18,80.115,80.18,18450
1778610600,80.16,80.275,80.14,80.275,23820
1778611200,80.27,80.31,80.24,80.25,15587
1778611800,80.255,80.32,80.2,80.305,20180
1778612400,80.28,80.295,80.16,80.23,24439
1778613000,80.21,80.21,80.09,80.13,39921
1778613600,80.125,80.205,80.11,80.16,47956
1778614200,80.16,80.235,80.13,80.21,37647
1778614800,80.21,80.25,80.14,80.245,69056
1778615400,80.24,80.26,80.02,80.1,305207
1778679000,80,80.47,79.85,80.4,69148
1778679600,80.4,81.03,80.25,80.8,94769
1778680200,80.81,80.98,80.64,80.68,38374
1778680800,80.675,80.775,80.59,80.67,36730
1778681400,80.67,80.74,80.48,80.52,32458
1778682000,80.54,80.54,80.345,80.45,30257
1778682600,80.44,80.48,80.36,80.42,25326
1778683200,80.43,80.435,80.27,80.32,26804
1778683800,80.325,80.325,80.13,80.28,25913
1778684400,80.29,80.3,79.945,79.945,28368
1778685000,79.96,80.03,79.85,80.005,23012
1778685600,80.03,80.35,80.02,80.33,27346
1778686200,80.31,80.325,80.19,80.26,12516
1778686800,80.26,80.32,80.08,80.1,49307
1778687400,80.1,80.32,80.1,80.3,10027
1778688000,80.29,80.29,80.06,80.115,19970
1778688600,80.12,80.145,80.01,80.13,13977
1778689200,80.13,80.195,80.1,80.12,16581
1778689800,80.125,80.155,80.04,80.08,20657
1778690400,80.07,80.145,80.04,80.08,19235
1778691000,80.09,80.185,80.01,80.14,25469
1778691600,80.14,80.22,80.02,80.22,22121
1778692200,80.2,80.205,80.11,80.2,18462
1778692800,80.19,80.225,80.13,80.13,11946
1778693400,80.14,80.235,80.085,80.21,16545
1778694000,80.21,80.235,80.18,80.2,12604
1778694600,80.205,80.24,80.11,80.23,20828
1778695200,80.24,80.24,80.15,80.155,8507
1778695800,80.155,80.21,80.07,80.2,21204
1778696400,80.19,80.19,80.1,80.12,12492
1778697000,80.11,80.19,80.09,80.185,31231
1778697600,80.19,80.29,80.18,80.27,17383
1778698200,80.29,80.39,80.27,80.37,19526
1778698800,80.385,80.47,80.36,80.43,34778
1778699400,80.43,80.46,80.32,80.35,14764
1778700000,80.35,80.41,80.32,80.36,20052
1778700600,80.36,80.38,80.31,80.325,20298
1778701200,80.325,80.4,80.31,80.36,20839
1778701800,80.36,80.395,80.23,80.26,76809
1778765400,80.77,80.87,79.92,80.115,92088
1778766000,80.12,80.27,80.1,80.24,27808
1778766600,80.25,80.4,80.2,80.225,17114
1778767200,80.25,80.36,79.995,80.35,23071
1778767800,80.32,80.385,80.285,80.31,15128
1778768400,80.32,80.405,80.21,80.36,21545
1778769000,80.36,80.5,80.34,80.4,17318
1778769600,80.4,80.49,80.38,80.44,25773
1778770200,80.44,80.605,80.42,80.57,41183
1778770800,80.55,80.575,80.42,80.43,12989
1778771400,80.44,80.46,80.3,80.39,20369
1778772000,80.4,80.595,80.39,80.57,21535
1778772600,80.58,80.67,80.52,80.67,17183
1778773200,80.67,80.775,80.66,80.735,14958
1778773800,80.735,80.915,80.7,80.89,33172
1778774400,80.89,80.91,80.77,80.785,20968
1778775000,80.785,80.89,80.75,80.88,87918
1778775600,80.885,80.89,80.77,80.785,14608
1778776200,80.79,80.79,80.71,80.74,12419
1778776800,80.75,80.77,80.7,80.75,15220
1778777400,80.755,80.795,80.68,80.73,9650
1778778000,80.73,80.77,80.69,80.715,9145
1778778600,80.71,80.85,80.7,80.83,9897
1778779200,80.82,80.84,80.68,80.68,13567
1778779800,80.69,80.79,80.64,80.79,13206
1778780400,80.76,80.815,80.71,80.8,15160
1778781000,80.79,80.795,80.61,80.635,5857
1778781600,80.64,80.675,80.62,80.66,6012
1778782200,80.66,80.68,80.56,80.659,13725
1778782800,80.66,80.66,80.59,80.59,8518
1778783400,80.6,80.62,80.53,80.58,8868
1778784000,80.59,80.65,80.58,80.6,7966
1778784600,80.61,80.61,80.53,80.53,9462
1778785200,80.52,80.65,80.52,80.65,10031
1778785800,80.65,80.75,80.575,80.61,22174
1778786400,80.62,80.64,80.37,80.62,57691
1778787000,80.61,80.64,80.59,80.635,9944
1778787600,80.64,80.64,80.495,80.5,20509
1778788200,80.51,80.58,80.4,80.48,69259
1778851800,81.3,81.36,80.75,81.22,188022
1778852400,81.19,81.27,80.85,81.08,56218
1778853000,81.08,81.29,80.92,81.215,45703
1778853600,81.23,81.33,80.99,81.01,47760
1778854200,81,81.09,80.9,81.02,40028
1778854800,81.03,81.12,80.95,81.1,25757
1778855400,81.09,81.15,80.99,81.05,12106
1778856000,81.02,81.13,80.98,81.13,10100
1778856600,81.13,81.14,80.77,80.81,49782
1778857200,80.82,81.01,80.76,80.77,17341
1778857800,80.77,80.78,80.66,80.67,13415
1778858400,80.67,80.78,80.67,80.74,17622
1778859000,80.74,80.77,80.62,80.66,18288
1778859600,80.67,80.68,80.5,80.545,11112
1778860200,80.54,80.73,80.46,80.715,62628
1778860800,80.72,80.84,80.7,80.83,11282
1778861400,80.83,80.915,80.83,80.88,8040
1778862000,80.89,80.89,80.7,80.75,11567
1778862600,80.73,80.775,80.69,80.73,7226
1778863200,80.74,80.91,80.74,80.83,7610
1778863800,80.81,80.87,80.765,80.785,6454
1778864400,80.77,80.97,80.75,80.965,12378
1778865000,80.965,80.98,80.91,80.98,9845
1778865600,80.985,81.16,80.98,81.09,27691
1778866200,81.07,81.07,80.905,80.91,13766
1778866800,80.92,81.01,80.9,80.96,13548
1778867400,80.97,81.005,80.91,80.93,9274
1778868000,80.935,80.94,80.79,80.865,9397
1778868600,80.86,80.89,80.825,80.885,10000
1778869200,80.89,81.06,80.87,81.01,13974
1778869800,81.04,81.06,80.92,80.92,8410
1778870400,80.93,81.01,80.93,80.97,8369
1778871000,80.98,81.05,80.95,81.04,12670
1778871600,81.03,81.06,80.995,81.02,11277
1778872200,81.02,81.065,80.95,80.98,11696
1778872800,80.99,81.045,80.98,81.01,16570
1778873400,81.01,81.01,80.93,80.97,14428
1778874000,80.97,81.05,80.895,81.04,27557
1778874600,81.05,81.075,80.805,80.83,102689
1779111000,80.87,80.99,80.4,80.66,56901
1779111600,80.69,81.09,80.66,80.96,60300
1779112200,80.95,81.1,80.79,80.95,32357
1779112800,80.93,81.17,80.73,80.8,37672
1779113400,80.81,80.95,80.55,80.86,62374
1779114000,80.85,81.06,80.81,81.05,21041
1779114600,81.04,81.27,80.975,81.09,29496
1779115200,81.09,81.23,80.95,81.21,17799
1779115800,81.23,81.28,81.05,81.17,29936
1779116400,81.19,81.21,80.89,81.06,25450
1779117000,81.08,81.08,80.86,80.92,9600
1779117600,80.95,80.98,80.87,80.96,15245
1779118200,80.95,80.95,80.8,80.83,24843
1779118800,80.825,80.93,80.82,80.91,21423
1779119400,80.93,80.955,80.84,80.91,17449
1779120000,80.9,81.02,80.9,80.91,14332
1779120600,80.92,80.93,80.825,80.88,6564
1779121200,80.89,81.1,80.87,81.06,13317
1779121800,81.05,81.06,80.87,80.92,17637
1779122400,80.93,80.95,80.85,80.95,6820
1779123000,80.95,80.96,80.855,80.87,10155
1779123600,80.86,81.08,80.84,81.08,13573
1779124200,81.08,81.16,81.07,81.15,10974
1779124800,81.16,81.19,81.03,81.03,11104
1779125400,81.04,81.1,81.01,81.02,10444
1779126000,81.02,81.17,80.97,81.17,17891
1779126600,81.19,81.195,81.11,81.15,8255
1779127200,81.15,81.195,81.12,81.14,18318
1779127800,81.14,81.205,81.09,81.2,6009
1779128400,81.2,81.23,81.175,81.18,11250
1779129000,81.195,81.24,81.13,81.24,9424
1779129600,81.25,81.295,81.19,81.27,11955
1779130200,81.265,81.33,81.2,81.21,23222
1779130800,81.2,81.36,81.12,81.36,64852
1779131400,81.345,81.38,81.3,81.33,20626
1779132000,81.32,81.34,81.26,81.29,22000
1779132600,81.28,81.29,81.2,81.22,15671
1779133200,81.22,81.325,81.22,81.3,36755
1779133800,81.31,81.36,81.19,81.22,91999
1779197400,81.53,81.77,81.26,81.67,184268
1779198000,81.69,81.91,81.69,81.86,50276
1779198600,81.86,82.21,81.83,82.14,75440
1779199200,82.14,82.36,82.07,82.27,55035
1779199800,82.3,82.61,82.17,82.44,54316
1779200400,82.435,82.56,82.38,82.47,64520
1779201000,82.47,82.66,82.42,82.52,38716
1779201600,82.53,82.57,82.33,82.4,47195
1779202200,82.41,82.44,82.22,82.34,37151
1779202800,82.33,82.45,82.28,82.33,61218
1779203400,82.33,82.345,82.09,82.3,37646
1779204000,82.3,82.3,82.075,82.13,23789
1779204600,82.13,82.13,81.92,81.97,32872
1779205200,81.97,82.16,81.97,82.15,22146
1779205800,82.15,82.28,82.15,82.17,35272
1779206400,82.17,82.17,82.02,82.11,34575
1779207000,82.12,82.19,82.04,82.19,24024
1779207600,82.19,82.28,81.98,82.05,19722
1779208200,82.05,82.27,82.05,82.27,20334
1779208800,82.28,82.395,82.28,82.38,30650
1779209400,82.38,82.38,82.25,82.31,20286
1779210000,82.31,82.31,82.13,82.15,20125
1779210600,82.15,82.195,82.06,82.08,29311
1779211200,82.07,82.095,81.95,81.95,19689
1779211800,81.96,82.055,81.89,82.03,18403
1779212400,82.03,82.05,81.945,82.03,15316
1779213000,82.04,82.14,81.94,81.96,18725
1779213600,81.95,81.96,81.83,81.915,11740
1779214200,81.915,81.985,81.89,81.98,22774
1779214800,81.98,81.98,81.86,81.87,23435
1779215400,81.87,81.88,81.79,81.85,12187
1779216000,81.86,81.89,81.825,81.84,15230
1779216600,81.84,81.885,81.79,81.8,31042
1779217200,81.81,82.01,81.75,81.905,62752
1779217800,81.9,81.97,81.84,81.92,20355
1779218400,81.9,81.92,81.82,81.9,24933
1779219000,81.89,81.945,81.87,81.9,32570
1779219600,81.895,81.96,81.805,81.83,60862
1779220200,81.82,81.99,81.77,81.935,171165
1779283800,82.37,82.37,81.8,81.86,87714
1779284400,81.85,82.04,81.68,81.76,45718
1779285000,81.76,82.21,81.72,81.94,51049
1779285600,81.93,81.93,81.59,81.6,31691
1779286200,81.63,81.77,81.52,81.75,51811
1779286800,81.74,81.88,81.7,81.86,30480
1779287400,81.84,82.14,81.83,82.13,29278
1779288000,82.12,82.12,81.89,81.93,30879
1779288600,81.92,81.94,81.84,81.94,26892
1779289200,81.95,82.005,81.84,81.94,30373
1779289800,81.93,82.17,81.9,82.09,43355
1779290400,82.1,82.19,82.07,82.12,18384
1779291000,82.115,82.22,82.1,82.17,21213
1779291600,82.18,82.33,82.17,82.31,19678
1779292200,82.31,82.35,82.05,82.08,21227
1779292800,82.08,82.205,82.07,82.19,20606
1779293400,82.2,82.315,82.145,82.29,16688
1779294000,82.3,82.4,82.2,82.35,39413
1779294600,82.34,82.345,82.25,82.34,11047
1779295200,82.35,82.36,82.24,82.25,9482
1779295800,82.25,82.28,82.18,82.19,8183
1779296400,82.2,82.225,82.12,82.12,21329
1779297000,82.12,82.24,82.12,82.14,32536
1779297600,82.14,82.175,82.12,82.13,8002
1779298200,82.135,82.18,82.07,82.13,14189
1779298800,82.14,82.2,82.09,82.12,17252
1779299400,82.12,82.13,81.87,81.88,20367
1779300000,81.87,81.96,81.84,81.92,17201
1779300600,81.93,81.96,81.895,81.9,13771
1779301200,81.89,81.93,81.82,81.82,18977
1779301800,81.82,81.93,81.81,81.9,17814
1779302400,81.895,81.91,81.775,81.87,28887
1779303000,81.88,81.96,81.805,81.83,26549
1779303600,81.83,81.905,81.76,81.79,24125
1779304200,81.78,81.81,81.72,81.8,19566
1779304800,81.795,81.85,81.715,81.715,29080
1779305400,81.72,81.88,81.67,81.81,35078
1779306000,81.81,81.855,81.78,81.81,41741
1779306600,81.82,81.84,81.53,81.55,124403
1779370200,81.88,81.88,81.25,81.3,108301
1779370800,81.29,81.29,80.79,81.08,78804
1779371400,81.1,81.41,81.04,81.41,26941
1779372000,81.42,81.42,81.09,81.14,26078
1779372600,81.15,81.32,81.08,81.31,46900
1779373200,81.34,81.53,81.32,81.33,78079
1779373800,81.34,81.49,81.3,81.34,21045
1779374400,81.35,81.39,81.22,81.385,14293
1779375000,81.39,81.42,81.305,81.33,11148
1779375600,81.34,81.39,81.275,81.37,13119
1779376200,81.39,81.45,81.31,81.31,16796
1779376800,81.32,81.385,81.29,81.33,10613
1779377400,81.34,81.35,81.225,81.23,11423
1779378000,81.235,81.34,81.23,81.295,10550
1779378600,81.3,81.38,81.285,81.35,11494
1779379200,81.36,81.38,81.3,81.34,7816
1779379800,81.33,81.39,81.29,81.29,7126
1779380400,81.29,81.44,81.29,81.43,7768
1779381000,81.44,81.48,81.38,81.44,10985
1779381600,81.43,81.51,81.42,81.435,11208
1779382200,81.44,81.49,81.38,81.39,19273
1779382800,81.38,81.425,81.24,81.24,8805
1779383400,81.235,81.3,81.145,81.29,32936
1779384000,81.295,81.32,81.125,81.19,22637
1779384600,81.2,81.215,81.065,81.1,16528
1779385200,81.095,81.22,81.09,81.12,11138
1779385800,81.13,81.15,81.055,81.09,11972
1779386400,81.09,81.115,80.93,80.97,25734
1779387000,80.99,81,80.74,80.77,20952
1779387600,80.765,80.92,80.76,80.87,19852
1779388200,80.87,80.905,80.79,80.88,21418
1779388800,80.88,80.98,80.86,80.955,20157
1779389400,80.96,81,80.72,80.8,35167
1779390000,80.805,81,80.8,80.98,24246
1779390600,80.98,81.02,80.935,80.995,20372
1779391200,80.99,81.05,80.98,81.03,23115
1779391800,81.04,81.19,81.01,81.1,25977
1779392400,81.09,81.21,80.91,81.06,63401
1779393000,81.09,81.24,81.075,81.15,77167
1779456600,81.44,81.46,80.93,81.27,45875
1779457200,81.29,81.5,81.29,81.43,32185
1779457800,81.42,81.55,81.34,81.47,23130
1779458400,81.46,81.47,81.22,81.24,24969
1779459000,81.23,81.28,81.12,81.23,22285
1779459600,81.23,81.28,81.22,81.26,8688
1779460200,81.25,81.3,81.12,81.13,22061
1779460800,81.1,81.12,81.02,81.02,15886
1779461400,81.02,81.04,80.95,80.97,23135
1779462000,80.98,81.065,80.925,80.94,19046
1779462600,80.94,81.03,80.92,81.01,10652
1779463200,81.005,81.16,80.97,81.135,14958
1779463800,81.13,81.22,81.12,81.16,17993
1779464400,81.185,81.25,81.185,81.24,9684
1779465000,81.24,81.26,81.16,81.17,8952
1779465600,81.17,81.19,81.14,81.15,7446
1779466200,81.14,81.35,81.14,81.31,26650
1779466800,81.3,81.36,81.29,81.335,6752
1779467400,81.345,81.35,81.12,81.12,29578
1779468000,81.12,81.25,81.095,81.24,22083
1779468600,81.24,81.35,81.23,81.24,4867
1779469200,81.24,81.31,81.24,81.275,6700
1779469800,81.28,81.32,81.23,81.23,8069
1779470400,81.23,81.31,81.2,81.3,19001
1779471000,81.31,81.35,81.25,81.35,10013
1779471600,81.35,81.42,81.35,81.37,5805
1779472200,81.37,81.42,81.37,81.405,3272
1779472800,81.41,81.515,81.41,81.49,13056
1779473400,81.48,81.63,81.47,81.62,7367
1779474000,81.635,81.67,81.6,81.6,10462
1779474600,81.61,81.645,81.59,81.59,13666
1779475200,81.59,81.62,81.57,81.59,6236
1779475800,81.59,81.6,81.53,81.53,11842
1779476400,81.54,81.575,81.52,81.545,14553
1779477000,81.55,81.64,81.55,81.59,8787
1779477600,81.6,81.635,81.545,81.58,16557
1779478200,81.59,81.64,81.56,81.58,18286
1779478800,81.57,81.57,81.495,81.52,22310
1779479400,81.53,81.675,81.47,81.49,59620
1779802200,80.84,81.51,80.84,81.49,86175
1779802800,81.51,81.6,80.77,80.77,50193
1779803400,80.76,80.89,80.51,80.51,53875
1779804000,80.5,80.71,80.36,80.51,59870
1779804600,80.51,80.635,80.305,80.52,41828
1779805200,80.52,80.56,80.375,80.49,29965
1779805800,80.495,80.585,80.375,80.46,25327
1779806400,80.48,80.52,80.355,80.395,20617
1779807000,80.4,80.45,80.265,80.39,23743
1779807600,80.37,80.55,80.31,80.5,25632
1779808200,80.49,80.56,80.48,80.495,22454
1779808800,80.5,80.63,80.42,80.57,30097
1779809400,80.58,80.62,80.47,80.515,10038
1779810000,80.52,80.65,80.43,80.44,42276
1779810600,80.44,80.61,80.44,80.6,9575
1779811200,80.6,80.69,80.535,80.56,21208
1779811800,80.55,80.56,80.505,80.52,10168
1779812400,80.52,80.535,80.41,80.41,30777
1779813000,80.41,80.49,80.4,80.49,10825
1779813600,80.49,80.555,80.46,80.47,7639
1779814200,80.475,80.48,80.36,80.36,11177
1779814800,80.36,80.42,80.345,80.36,9871
1779815400,80.365,80.49,80.36,80.41,6922
1779816000,80.41,80.415,80.285,80.285,11858
1779816600,80.28,80.375,80.27,80.33,19053
1779817200,80.335,80.38,80.3,80.335,25596
1779817800,80.34,80.38,80.245,80.3,13997
1779818400,80.33,80.5,80.33,80.465,19462
1779819000,80.47,80.505,80.43,80.49,15646
1779819600,80.495,80.51,80.435,80.47,11751
1779820200,80.47,80.53,80.455,80.5,8863
1779820800,80.5,80.615,80.48,80.545,17001
1779821400,80.55,80.575,80.42,80.525,24535
1779822000,80.53,80.605,80.53,80.59,12739
1779822600,80.59,80.76,80.565,80.73,37845
1779823200,80.72,80.74,80.68,80.695,25317
1779823800,80.7,80.725,80.625,80.715,40398
1779824400,80.72,80.855,80.71,80.81,39466
1779825000,80.81,80.81,80.48,80.51,133683
1779888600,81.125,81.65,80.8,81.49,107106
1779889200,81.47,81.88,81.47,81.82,75686
1779889800,81.81,82.05,81.7,81.79,57296
1779890400,81.74,81.99,81.68,81.9,34696
1779891000,81.89,82.04,81.83,81.85,45261
1779891600,81.85,82.19,81.81,82.11,38672
1779892200,82.1,82.22,81.94,82.2,67968
1779892800,82.22,82.31,82.1,82.17,38786
1779893400,82.16,82.27,81.94,82.16,25555
1779894000,82.17,82.32,82.16,82.29,27489
1779894600,82.3,82.4,82.23,82.39,27741
1779895200,82.39,82.47,82.29,82.37,30029
1779895800,82.38,82.46,82.32,82.43,24390
1779896400,82.425,82.495,82.325,82.46,22074
1779897000,82.45,82.505,82.35,82.38,22140
1779897600,82.36,82.41,82.2,82.24,25153
1779898200,82.25,82.25,82.15,82.16,19337
1779898800,82.16,82.19,82.05,82.14,11673
1779899400,82.135,82.135,82.07,82.08,7784
1779900000,82.08,82.09,81.99,82.035,8686
1779900600,82.02,82.12,82.01,82.06,5551
1779901200,82.06,82.09,82.03,82.07,11285
1779901800,82.07,82.225,82.05,82.225,13744
1779902400,82.22,82.22,82.03,82.06,14490
1779903000,82.06,82.11,82.02,82.05,10056
1779903600,82.05,82.09,81.97,82.01,10982
1779904200,82.015,82.04,81.93,81.975,9737
1779904800,81.97,82,81.84,81.93,14011
1779905400,81.94,82.15,81.92,82.09,18549
1779906000,82.08,82.09,81.98,81.98,11187
1779906600,81.99,82.06,81.94,82.02,15085
1779907200,82.03,82.03,81.97,81.99,10911
1779907800,81.99,82.02,81.93,81.93,12818
1779908400,81.93,81.995,81.92,81.935,18796
1779909000,81.94,82.04,81.91,81.99,20530
1779909600,81.99,82.04,81.95,81.97,23234
1779910200,81.97,81.97,81.83,81.85,22412
1779910800,81.845,81.845,81.675,81.69,59465
1779911400,81.69,81.8,81.61,81.63,130807
1779975000,81.33,81.49,81.17,81.28,76255
1779975600,81.28,81.49,81.18,81.35,43787
1779976200,81.35,81.36,80.9,80.91,39248
1779976800,80.91,80.99,80.76,80.96,44073
1779977400,80.97,81.14,80.77,80.78,81396
1779978000,80.79,80.91,80.79,80.89,26104
1779978600,80.89,80.93,80.72,80.825,46806
1779979200,80.81,80.86,80.74,80.85,36524
1779979800,80.86,80.86,80.81,80.81,17705
1779980400,80.81,80.83,80.65,80.71,44597
1779981000,80.7,80.75,80.64,80.68,18173
1779981600,80.68,80.68,80.56,80.62,19809
1779982200,80.62,80.76,80.57,80.735,24348
1779982800,80.74,80.76,80.655,80.73,18898
1779983400,80.735,80.79,80.67,80.69,22510
1779984000,80.685,80.69,80.51,80.62,69675
1779984600,80.62,80.66,80.59,80.63,27946
1779985200,80.64,80.7,80.625,80.63,13478
1779985800,80.635,80.71,80.635,80.69,6569
1779986400,80.7,80.71,80.62,80.63,12999
1779987000,80.641,80.665,80.6,80.65,15326
1779987600,80.64,80.64,80.49,80.49,13491
1779988200,80.5,80.595,80.49,80.59,13742
1779988800,80.585,80.6,80.52,80.56,14658
1779989400,80.55,80.55,80.48,80.495,13878
1779990000,80.49,80.54,80.37,80.53,25312
1779990600,80.53,80.53,80.42,80.45,12765
1779991200,80.44,80.45,80.34,80.41,17520
1779991800,80.415,80.509,80.415,80.509,12567
1779992400,80.51,80.535,80.495,80.505,11584
1779993000,80.5,80.5,80.425,80.465,20085
1779993600,80.465,80.465,80.4,80.42,10923
1779994200,80.41,80.42,80.34,80.365,20927
1779994800,80.37,80.45,80.36,80.36,14077
1779995400,80.36,80.515,80.355,80.47,19339
1779996000,80.48,80.595,80.47,80.505,28274
1779996600,80.51,80.58,80.45,80.45,28759
1779997200,80.445,80.47,80.36,80.395,44067
1779997800,80.39,80.515,80.375,80.435,96129
1780061400,80.1,80.32,79.82,80.085,98163
1780062000,80.1,80.2,79.87,79.965,31622
1780062600,79.96,79.97,79.79,79.81,36226
1780063200,79.8,79.84,79.49,79.68,40659
1780063800,79.69,79.92,79.68,79.9,26377
1780064400,79.885,80.125,79.825,80.01,32032
1780065000,80.02,80.025,79.915,80,17294
1780065600,80.005,80.14,79.97,79.98,25004
1780066200,79.98,79.99,79.69,79.79,42825
1780066800,79.8,79.81,79.455,79.48,34443
1780067400,79.47,79.5,79.355,79.445,26953
1780068000,79.43,79.45,79.31,79.31,25542
1780068600,79.315,79.315,79.13,79.23,55141
1780069200,79.24,79.345,79.24,79.3,26809
1780069800,79.295,79.395,79.28,79.38,13971
1780070400,79.38,79.42,79.33,79.335,15700
1780071000,79.33,79.4,79.28,79.32,36462
1780071600,79.315,79.36,79.255,79.36,18260
1780072200,79.37,79.59,79.37,79.58,12797
1780072800,79.57,79.64,79.565,79.62,12077
1780073400,79.61,79.615,79.58,79.59,8203
1780074000,79.57,79.6,79.535,79.55,6906
1780074600,79.56,79.56,79.46,79.49,15387
1780075200,79.49,79.59,79.49,79.545,15899
1780075800,79.545,79.575,79.46,79.46,26445
1780076400,79.45,79.485,79.43,79.47,18134
1780077000,79.46,79.47,79.38,79.43,15947
1780077600,79.435,79.52,79.4,79.41,17628
1780078200,79.4,79.58,79.345,79.53,50273
1780078800,79.53,79.62,79.525,79.57,14446
1780079400,79.58,79.605,79.52,79.55,18483
1780080000,79.56,79.62,79.555,79.58,19155
1780080600,79.59,79.635,79.56,79.56,12947
1780081200,79.56,79.575,79.475,79.525,20110
1780081800,79.53,79.53,79.42,79.44,24956
1780082400,79.44,79.49,79.41,79.42,36709
1780083000,79.41,79.54,79.38,79.53,35524
1780083600,79.52,79.52,79.2,79.22,61540
1780084200,79.25,79.26,78.905,79.02,287570
1780320600,78.575,78.85,78.4,78.55,139553
1780321200,78.56,78.9,78.49,78.89,78060
1780321800,78.87,79.2,78.8,79.17,58997
1780322400,79.18,79.2,78.98,79.02,42641
1780323000,79.01,79.175,78.95,79.01,37077
1780323600,79.03,79.09,78.96,79.02,24476
1780324200,79,79.015,78.8,78.88,30724
1780324800,78.87,78.92,78.8,78.8,22141
1780325400,78.8,78.92,78.74,78.82,23181
1780326000,78.82,78.89,78.74,78.805,23067
1780326600,78.81,78.83,78.69,78.7,20953
1780327200,78.71,78.785,78.67,78.76,15463
1780327800,78.755,78.78,78.57,78.62,30789
1780328400,78.62,78.7,78.62,78.67,10367
1780329000,78.65,78.775,78.64,78.765,14676
1780329600,78.76,78.76,78.645,78.65,8458
1780330200,78.66,78.82,78.66,78.81,14809
1780330800,78.81,78.85,78.75,78.79,15461
1780331400,78.79,78.82,78.74,78.75,6345
1780332000,78.78,78.835,78.76,78.76,9373
1780332600,78.77,78.77,78.67,78.74,19098
1780333200,78.75,78.8,78.67,78.68,6738
1780333800,78.69,78.72,78.665,78.7,4095
1780334400,78.71,78.74,78.655,78.71,5192
1780335000,78.705,78.71,78.6,78.67,10371
1780335600,78.68,78.81,78.68,78.73,28002
1780336200,78.73,78.765,78.72,78.74,9382
1780336800,78.75,78.785,78.71,78.75,7530
1780337400,78.75,78.77,78.72,78.77,4749
1780338000,78.77,78.81,78.73,78.78,5856
1780338600,78.8,78.92,78.78,78.92,10405
1780339200,78.93,78.93,78.785,78.785,12627
1780339800,78.785,78.86,78.78,78.805,7290
1780340400,78.805,78.835,78.73,78.73,20581
1780341000,78.725,78.775,78.69,78.755,23034
1780341600,78.755,78.78,78.64,78.67,36531
1780342200,78.68,78.73,78.67,78.67,23359
1780342800,78.665,78.725,78.585,78.615,37752
1780343400,78.61,78.72,78.5,78.56,129830
1780407000,78.88,79.12,78.66,79.03,90461
1780407600,79.04,79.21,78.69,78.72,38311
1780408200,78.73,78.77,78.52,78.6,46168
1780408800,78.6,78.67,78.29,78.4,42301
1780409400,78.42,78.6,78.38,78.49,31560
1780410000,78.5,78.74,78.44,78.7,32776
1780410600,78.695,78.825,78.41,78.46,40524
1780411200,78.46,78.51,78.31,78.34,18555
1780411800,78.34,78.39,78.25,78.38,18814
1780412400,78.37,78.47,78.32,78.44,28607
1780413000,78.43,78.43,78.27,78.27,18362
1780413600,78.28,78.37,78.28,78.35,9660
1780414200,78.36,78.43,78.345,78.35,7726
1780414800,78.34,78.44,78.29,78.42,10314
1780415400,78.42,78.42,78.275,78.36,17943
1780416000,78.36,78.39,78.26,78.295,11283
1780416600,78.295,78.34,78.245,78.32,15358
1780417200,78.29,78.39,78.28,78.38,11996
1780417800,78.38,78.445,78.33,78.42,23583
1780418400,78.44,78.49,78.43,78.45,15709
1780419000,78.44,78.47,78.37,78.455,7170
1780419600,78.44,78.47,78.33,78.33,5895
1780420200,78.33,78.425,78.33,78.42,4902
1780420800,78.42,78.44,78.345,78.41,9719
1780421400,78.43,78.475,78.4,78.42,17509
1780422000,78.42,78.51,78.42,78.465,16734
1780422600,78.46,78.49,78.395,78.44,19282
1780423200,78.43,78.455,78.39,78.39,13150
1780423800,78.395,78.405,78.32,78.35,6809
1780424400,78.35,78.39,78.335,78.34,10295
1780425000,78.34,78.385,78.31,78.365,9874
1780425600,78.36,78.5,78.35,78.44,21365
1780426200,78.44,78.515,78.44,78.5,13652
1780426800,78.5,78.545,78.44,78.46,20548
1780427400,78.46,78.46,78.405,78.41,16855
1780428000,78.41,78.43,78.36,78.43,12722
1780428600,78.43,78.47,78.37,78.43,16135
1780429200,78.425,78.51,78.415,78.475,36817
1780429800,78.48,78.6,78.385,78.435,186438
1780493400,78.46,78.59,78.11,78.58,94762
1780494000,78.57,78.95,78.55,78.92,58100
1780494600,78.92,78.99,78.74,78.89,91372
1780495200,78.9,78.94,78.65,78.65,39849
1780495800,78.66,78.8,78.61,78.65,41729
1780496400,78.67,78.7,78.54,78.63,23311
1780497000,78.62,78.72,78.545,78.66,19314
1780497600,78.675,78.675,78.505,78.565,16161
1780498200,78.56,78.65,78.525,78.63,14788
1780498800,78.62,78.64,78.38,78.42,28294
1780499400,78.42,78.49,78.38,78.429,9738
1780500000,78.44,78.57,78.425,78.53,17276
1780500600,78.54,78.55,78.42,78.52,8382
1780501200,78.53,78.64,78.5,78.6,17349
1780501800,78.58,78.665,78.555,78.615,9570
1780502400,78.61,78.735,78.61,78.69,9155
1780503000,78.7,78.761,78.65,78.67,11751
1780503600,78.675,78.83,78.59,78.73,51354
1780504200,78.735,78.81,78.72,78.8,10122
1780504800,78.805,78.89,78.79,78.88,7080
1780505400,78.89,78.98,78.88,78.95,7342
1780506000,78.94,78.94,78.77,78.83,12667
1780506600,78.83,79.03,78.829,78.95,33956
1780507200,78.95,78.95,78.88,78.89,5326
1780507800,78.895,78.965,78.895,78.945,11967
1780508400,78.95,78.96,78.87,78.88,9902
1780509000,78.88,78.925,78.87,78.87,10155
1780509600,78.87,78.87,78.72,78.78,12282
1780510200,78.78,78.855,78.78,78.795,9531
1780510800,78.79,78.8,78.71,78.72,9175
1780511400,78.72,78.82,78.715,78.81,12478
1780512000,78.8,78.84,78.75,78.765,18352
1780512600,78.765,78.845,78.76,78.82,14549
1780513200,78.81,78.83,78.79,78.805,12453
1780513800,78.8,78.825,78.705,78.74,17054
1780514400,78.74,78.81,78.695,78.79,19831
1780515000,78.79,78.805,78.64,78.66,20913
1780515600,78.66,78.685,78.57,78.62,31906
1780516200,78.63,78.845,78.52,78.78,201230
1780579800,79.52,80.03,79.5,79.685,151241
1780580400,79.7,79.83,79.64,79.75,38154
1780581000,79.75,79.82,79.6,79.68,39724
1780581600,79.68,79.69,79.4,79.475,66116
1780582200,79.47,79.47,79.09,79.13,29525
1780582800,79.14,79.18,79.05,79.13,22731
1780583400,79.13,79.17,79.055,79.12,20753
1780584000,79.11,79.13,78.895,78.895,17416
1780584600,78.89,79.03,78.78,78.82,67649
1780585200,78.8,78.85,78.585,78.585,18746
1780585800,78.59,78.605,78.34,78.34,34802
1780586400,78.345,78.46,78.32,78.35,25749
1780587000,78.355,78.52,78.35,78.485,23632
1780587600,78.485,78.68,78.38,78.68,12518
1780588200,78.67,78.69,78.53,78.56,15658
1780588800,78.56,78.61,78.455,78.55,12648
1780589400,78.56,78.7,78.56,78.63,12726
1780590000,78.63,78.73,78.6,78.725,17550
1780590600,78.72,78.845,78.72,78.725,31830
1780591200,78.72,78.725,78.655,78.69,10128
1780591800,78.69,78.695,78.575,78.61,9135
1780592400,78.605,78.605,78.46,78.46,14219
1780593000,78.47,78.485,78.395,78.405,16709
1780593600,78.4,78.43,78.31,78.345,11598
1780594200,78.345,78.36,78.12,78.13,28560
1780594800,78.12,78.12,77.75,77.8,60558
1780595400,77.815,77.85,77.64,77.709,39302
1780596000,77.7,77.71,77.59,77.615,21251
1780596600,77.61,77.61,77.46,77.56,35801
1780597200,77.555,77.65,77.37,77.43,28875
1780597800,77.445,77.515,77.37,77.415,28401
1780598400,77.41,77.45,77.365,77.38,22251
1780599000,77.37,77.43,77.35,77.385,31284
1780599600,77.39,77.43,77.185,77.24,53048
1780600200,77.24,77.29,77.18,77.26,40780
1780600800,77.255,77.29,76.99,77.06,74089
1780601400,77.04,77.2,77.015,77.08,65069
1780602000,77.08,77.1,76.88,76.94,70470
1780602600,76.94,77.06,76.81,76.85,209785
1780666200,77.61,78.56,77.47,78.55,142046
1780666800,78.58,79.05,78.57,79,93362
1780667400,78.95,79.19,78.85,79.17,72880
1780668000,79.18,79.19,78.75,78.83,75817
1780668600,78.83,78.885,78.57,78.58,61393
1780669200,78.56,79.015,78.525,78.98,64955
1780669800,78.99,79.1,78.87,78.93,97504
1780670400,78.95,79.055,78.74,78.8,62212
1780671000,78.8,78.84,78.64,78.74,32862
1780671600,78.77,78.93,78.77,78.93,25524
1780672200,78.94,79.15,78.94,79.06,49338
1780672800,79.07,79.24,79.07,79.15,35433
1780673400,79.155,79.39,79.14,79.37,36645
1780674000,79.38,79.47,79.19,79.195,59668
1780674600,79.2,79.395,79.13,79.385,42775
1780675200,79.38,79.635,79.37,79.61,53693
1780675800,79.62,79.78,79.595,79.77,35449
1780676400,79.77,79.895,79.62,79.715,41118
1780677000,79.72,79.87,79.69,79.87,29196
1780677600,79.86,80.07,79.85,79.95,80365
1780678200,79.95,80.045,79.79,79.9,35582
1780678800,79.9,79.96,79.81,79.94,29120
1780679400,79.93,80.1,79.91,80.09,50868
1780680000,80.09,80.14,79.95,79.98,69810
1780680600,79.98,80.01,79.795,79.795,28939
1780681200,79.8,79.89,79.79,79.81,24825
1780681800,79.81,79.925,79.76,79.89,28695
1780682400,79.89,79.99,79.88,79.96,26002
1780683000,79.95,80.21,79.94,80.17,55053
1780683600,80.165,80.28,80.15,80.24,76890
1780684200,80.24,80.48,80.23,80.46,71506
1780684800,80.47,80.73,80.46,80.6,57825
1780685400,80.61,80.625,80.18,80.18,53605
1780686000,80.18,80.29,79.92,79.95,51419
1780686600,79.95,80.035,79.94,80.02,46340
1780687200,80.01,80.04,79.875,79.875,42675
1780687800,79.87,79.95,79.74,79.84,47259
1780688400,79.83,79.83,79.53,79.565,64314
1780689000,79.58,79.73,79.45,79.49,270555
1780925400,79.215,79.92,79.1,79.46,202447
1780926000,79.43,79.49,79.23,79.28,53558
1780926600,79.28,79.605,79.26,79.6,46956
1780927200,79.63,79.93,79.59,79.84,54271
1780927800,79.835,79.9,79.6,79.64,29749
1780928400,79.64,79.71,79.53,79.54,23097
1780929000,79.54,79.55,79.34,79.37,23863
1780929600,79.38,79.44,79.315,79.36,19037
1780930200,79.36,79.45,79.31,79.39,17517
1780930800,79.4,79.485,79.37,79.45,13088
1780931400,79.445,79.46,79.32,79.33,11945
1780932000,79.33,79.44,79.32,79.34,13919
1780932600,79.34,79.36,79.29,79.33,13864
1780933200,79.33,79.4,79.265,79.37,7458
1780933800,79.37,79.48,79.37,79.4,27520
1780934400,79.395,79.435,79.355,79.38,13021
1780935000,79.39,79.435,79.355,79.36,17573
1780935600,79.37,79.41,79.23,79.23,12670
1780936200,79.225,79.55,79.22,79.47,50727
1780936800,79.45,79.49,79.4,79.455,11575
1780937400,79.455,79.46,79.37,79.38,10645
1780938000,79.371,79.38,79.195,79.24,15313
1780938600,79.25,79.325,79.24,79.275,11323
1780939200,79.27,79.36,79.27,79.345,9645
1780939800,79.345,79.35,79.21,79.32,17212
1780940400,79.315,79.36,79.31,79.325,13848
1780941000,79.33,79.34,79.28,79.33,20360
1780941600,79.34,79.525,79.34,79.51,24374
1780942200,79.5,79.53,79.455,79.51,13337
1780942800,79.51,79.62,79.495,79.62,11361
1780943400,79.62,79.64,79.565,79.57,10221
1780944000,79.58,79.6,79.43,79.44,10290
1780944600,79.44,79.48,79.43,79.475,6840
1780945200,79.475,79.56,79.46,79.55,8365
1780945800,79.545,79.55,79.47,79.5,14708
1780946400,79.49,79.62,79.48,79.58,24030
1780947000,79.57,79.585,79.41,79.425,16391
1780947600,79.43,79.56,79.43,79.53,21008
1780948200,79.54,79.59,79.38,79.535,105313
1781011800,79.63,79.77,79.35,79.665,106086
1781012400,79.67,79.755,79.49,79.59,54244
1781013000,79.59,79.7,79.47,79.56,53586
1781013600,79.56,80.07,79.56,80.065,35060
1781014200,80.07,80.48,80.07,80.29,33284
1781014800,80.29,80.47,80.23,80.47,31458
1781015400,80.48,80.74,80.46,80.505,59994
1781016000,80.5,80.73,80.43,80.66,57246
1781016600,80.665,80.665,80.25,80.44,61124
1781017200,80.45,80.6,80.42,80.44,22189
1781017800,80.45,80.75,80.415,80.745,32083
1781018400,80.75,80.93,80.74,80.91,40761
1781019000,80.9,81.075,80.88,81.035,57867
1781019600,81.05,81.065,80.8,80.9,45362
1781020200,80.9,81.34,80.9,81.32,45272
1781020800,81.32,81.54,81.14,81.44,75398
1781021400,81.43,81.64,81.39,81.6,75521
1781022000,81.6,81.68,81.49,81.59,72730
1781022600,81.61,81.69,81.52,81.67,131984
1781023200,81.65,81.67,81.39,81.52,94408
1781023800,81.52,81.76,81.52,81.57,53817
1781024400,81.56,81.61,81.18,81.22,85192
1781025000,81.23,81.275,80.87,80.87,68886
1781025600,80.86,81.22,80.83,81.13,41220
1781026200,81.135,81.135,81,81.02,20739
1781026800,81.01,81.215,80.96,81.15,40672
1781027400,81.16,81.16,80.97,81.03,23671
1781028000,81.02,81.05,80.94,80.97,29745
1781028600,80.98,80.99,80.875,80.895,20746
1781029200,80.9,80.96,80.8,80.815,9873
1781029800,80.82,80.82,80.72,80.765,22194
1781030400,80.765,80.855,80.76,80.84,23401
1781031000,80.85,80.85,80.7,80.71,26466
1781031600,80.705,80.895,80.69,80.87,22627
1781032200,80.865,81.015,80.865,80.99,26965
1781032800,80.995,81.02,80.865,81,180093
1781033400,81,81,80.85,80.87,62827
1781034000,80.86,81.03,80.845,81.02,69952
1781034600,81.025,81.375,81.02,81.35,172377
1781098200,82.68,82.89,82.12,82.81,251767
1781098800,82.8,82.87,82.32,82.39,98633
1781099400,82.38,83.09,82.37,83.06,107227
1781100000,83.045,83.185,82.99,82.99,86896
1781100600,82.98,83.255,82.94,83.225,66555
1781101200,83.21,83.37,83.08,83.2,62401
1781101800,83.21,83.24,82.93,83.21,57048
1781102400,83.22,83.615,83.19,83.61,59042
1781103000,83.6,83.645,83.42,83.42,104749
1781103600,83.41,83.64,83.38,83.59,65105
1781104200,83.59,83.845,83.59,83.73,68141
1781104800,83.715,83.76,83.56,83.69,53453
1781105400,83.69,83.77,83.57,83.65,72100
1781106000,83.65,83.71,83.55,83.71,69472
1781106600,83.705,83.83,83.515,83.59,50207
1781107200,83.58,83.71,83.55,83.65,51635
1781107800,83.66,83.75,83.64,83.64,18264
1781108400,83.62,83.695,83.6,83.665,22732
1781109000,83.665,83.67,83.55,83.585,25722
1781109600,83.585,83.685,83.575,83.65,14163
1781110200,83.64,83.71,83.6,83.71,20773
1781110800,83.69,83.75,83.62,83.64,23255
1781111400,83.64,83.72,83.63,83.71,11044
1781112000,83.71,83.8,83.665,83.76,16338
1781112600,83.75,83.75,83.45,83.45,16351
1781113200,83.45,83.52,83.245,83.34,43291
1781113800,83.335,83.4,83.26,83.3,34916
1781114400,83.3,83.45,83.3,83.41,23847
1781115000,83.41,83.44,83.29,83.36,21241
1781115600,83.35,83.45,83.32,83.435,22688
1781116200,83.44,83.54,83.42,83.51,16018
1781116800,83.5,83.625,83.495,83.585,27520
1781117400,83.58,83.7,83.555,83.7,25573
1781118000,83.7,83.715,83.5,83.55,36571
1781118600,83.545,83.63,83.505,83.63,26976
1781119200,83.63,83.75,83.58,83.71,40253
1781119800,83.715,83.805,83.635,83.675,46973
1781120400,83.675,83.74,83.55,83.595,100012
1781121000,83.6,83.635,83.43,83.59,147998
1781184600,83.71,83.95,83.27,83.49,75119
1781185200,83.48,83.66,83.16,83.26,46427
1781185800,83.24,83.5,83.18,83.48,53562
1781186400,83.48,83.525,83.28,83.52,38124
1781187000,83.47,83.99,83.47,83.95,41727
1781187600,83.925,83.925,83.52,83.62,24161
1781188200,83.63,83.91,83.63,83.9,25025
1781188800,83.895,84.02,83.88,84.01,41801
1781189400,84.02,84.03,83.855,83.915,19246
1781190000,83.9,84.04,83.78,83.83,22805
1781190600,83.84,83.92,83.7,83.72,32812
1781191200,83.72,83.78,83.63,83.635,16351
1781191800,83.64,83.69,83.54,83.66,23461
1781192400,83.66,83.73,83.59,83.61,18287
1781193000,83.62,83.66,83.5,83.55,24818
1781193600,83.56,83.58,83.445,83.51,14416
1781194200,83.5,83.575,83.45,83.47,15012
1781194800,83.47,83.535,83.33,83.35,21794
1781195400,83.36,83.405,83.285,83.39,22427
1781196000,83.39,83.465,83.37,83.455,13114
1781196600,83.44,83.57,83.415,83.53,13853
1781197200,83.53,83.59,83.44,83.5,11172
1781197800,83.51,83.69,83.51,83.615,16058
1781198400,83.61,83.62,83.45,83.49,50017
1781199000,83.5,83.66,83.39,83.56,96722
1781199600,83.55,83.63,83.38,83.38,24520
1781200200,83.39,83.4,83.26,83.26,20552
1781200800,83.26,83.4,83.17,83.33,26652
1781201400,83.33,83.35,83.21,83.35,19884
1781202000,83.335,83.4,83.27,83.27,20836
1781202600,83.27,83.315,83.195,83.295,19205
1781203200,83.29,83.4,83.25,83.39,14192
1781203800,83.39,83.43,83.335,83.365,12309
1781204400,83.37,83.45,83.335,83.39,19554
1781205000,83.395,83.4,83.28,83.33,19399
1781205600,83.34,83.37,83.3,83.33,20792
1781206200,83.34,83.38,83.22,83.325,49620
1781206800,83.33,83.33,82.935,82.97,79880
1781207400,82.93,83,82.49,82.55,188389
1781271000,82.72,82.89,82.17,82.8,112690
1781271600,82.775,82.8,82.3,82.38,77657
1781272200,82.38,82.515,82.17,82.28,32639
1781272800,82.31,82.32,82.01,82.23,47652
1781273400,82.23,82.24,81.88,82.03,71062
1781274000,82.03,82.3,81.89,82.17,33299
1781274600,82.16,82.31,82.07,82.18,20665
1781275200,82.17,82.24,82.04,82.22,15524
1781275800,82.22,82.49,82.155,82.45,29962
1781276400,82.455,82.495,82.26,82.27,14540
1781277000,82.295,82.36,82.22,82.31,13349
1781277600,82.34,82.395,82.25,82.31,28464
1781278200,82.32,82.38,82.14,82.2,24569
1781278800,82.21,82.44,82.18,82.38,11778
1781279400,82.39,82.39,82.17,82.305,9433
1781280000,82.31,82.33,82.19,82.28,25629
1781280600,82.29,82.3,82.13,82.14,34898
1781281200,82.14,82.15,82,82.07,10082
1781281800,82.06,82.08,81.98,82.02,14673
1781282400,82.03,82.085,81.995,82.08,10821
1781283000,82.08,82.08,81.99,82.01,14064
1781283600,82.02,82.14,82.02,82.11,32176
1781284200,82.09,82.175,82.09,82.175,10560
1781284800,82.175,82.18,82.095,82.18,10298
1781285400,82.19,82.2,82.08,82.2,9047
1781286000,82.21,82.28,82.17,82.28,14500
1781286600,82.285,82.29,82.2,82.205,7173
1781287200,82.21,82.375,82.21,82.34,11244
1781287800,82.35,82.45,82.35,82.43,5096
1781288400,82.43,82.565,82.43,82.565,13609
1781289000,82.57,82.75,82.565,82.675,61836
1781289600,82.67,82.68,82.515,82.52,9464
1781290200,82.52,82.6,82.485,82.54,13478
1781290800,82.54,82.61,82.49,82.5,13460
1781291400,82.505,82.515,82.425,82.5,13455
1781292000,82.5,82.52,82.48,82.51,20418
1781292600,82.495,82.565,82.37,82.43,27818
1781293200,82.43,82.605,82.385,82.59,28108
1781293800,82.61,82.69,82.57,82.62,78069
1781530200,81.215,81.215,80.32,80.72,182545
1781530800,80.73,81.14,80.7,81.04,70582
1781531400,81.04,81.12,80.82,80.99,65184
1781532000,80.995,81.055,80.83,80.97,51452
1781532600,80.97,81.13,80.91,81.03,37115
1781533200,81.03,81.14,81.02,81.07,41136
1781533800,81.065,81.14,80.74,80.765,57780
1781534400,80.77,80.925,80.765,80.92,43542
1781535000,80.92,80.925,80.745,80.84,42231
1781535600,80.85,80.865,80.69,80.7,29342
1781536200,80.71,80.74,80.615,80.685,18635
1781536800,80.7,80.78,80.6,80.69,22353
1781537400,80.69,80.69,80.46,80.46,32437
1781538000,80.46,80.495,80.4,80.405,28278
1781538600,80.41,80.43,80.34,80.345,21308
1781539200,80.35,80.46,80.34,80.385,20577
1781539800,80.39,80.41,80.34,80.39,19847
1781540400,80.38,80.39,80.26,80.3,27660
1781541000,80.3,80.41,80.27,80.38,14246
1781541600,80.38,80.5,80.37,80.5,20055
1781542200,80.49,80.665,80.49,80.61,18749
1781542800,80.61,80.875,80.605,80.87,23168
1781543400,80.87,80.9,80.825,80.89,66688
1781544000,80.89,80.93,80.85,80.86,10638
1781544600,80.85,80.85,80.67,80.745,20233
1781545200,80.75,80.755,80.675,80.73,11169
1781545800,80.73,80.76,80.65,80.705,24485
1781546400,80.71,80.85,80.71,80.81,12188
1781547000,80.8,80.85,80.79,80.81,12404
1781547600,80.805,80.85,80.745,80.745,11952
1781548200,80.74,80.75,80.64,80.75,22964
1781548800,80.745,80.8,80.715,80.715,15037
1781549400,80.71,80.74,80.7,80.72,11668
1781550000,80.73,80.8,80.715,80.775,17531
1781550600,80.78,80.83,80.73,80.765,25888
1781551200,80.76,80.91,80.755,80.9,28525
1781551800,80.895,81.015,80.87,80.99,42176
1781552400,80.985,81.03,80.86,80.995,55547
1781553000,80.99,81.08,80.88,80.93,130763
1781616600,81.1,81.34,80.62,80.68,101401
1781617200,80.67,80.7,80.15,80.17,47292
1781617800,80.15,80.37,80.03,80.335,47270
1781618400,80.31,80.94,80.3,80.77,58454
1781619000,80.77,81.09,80.72,81.07,30728
1781619600,81.09,81.22,81.05,81.22,26030
1781620200,81.215,81.39,80.84,80.85,43397
1781620800,80.87,80.87,80.63,80.68,22975
1781621400,80.67,80.78,80.615,80.69,22390
1781622000,80.68,80.68,80.4,80.44,25917
1781622600,80.425,80.43,80.27,80.37,27022
1781623200,80.36,80.69,80.34,80.6,21131
1781623800,80.58,80.745,80.55,80.74,12173
1781624400,80.735,80.99,80.67,80.98,21383
1781625000,80.98,81.01,80.87,80.99,19047
1781625600,80.98,80.98,80.83,80.87,17476
1781626200,80.87,80.87,80.62,80.635,28618
1781626800,80.635,80.68,80.525,80.56,18896
1781627400,80.555,80.69,80.55,80.68,8924
1781628000,80.68,80.68,80.455,80.485,15747
1781628600,80.47,80.475,80.27,80.3,34805
1781629200,80.3,80.39,80.28,80.38,16191
1781629800,80.36,80.38,80.235,80.235,15968
1781630400,80.24,80.3,80.225,80.255,9722
1781631000,80.25,80.31,80.22,80.28,12756
1781631600,80.275,80.31,80.205,80.24,11250
1781632200,80.25,80.26,80.16,80.175,11151
1781632800,80.18,80.185,80.08,80.11,14462
1781633400,80.12,80.18,80.09,80.16,8520
1781634000,80.15,80.18,80.09,80.115,9977
1781634600,80.115,80.18,80.07,80.145,12439
1781635200,80.14,80.14,80.06,80.1,36205
1781635800,80.09,80.105,80.025,80.05,14897
1781636400,80.045,80.045,79.93,80.03,32438
1781637000,80.03,80.24,80.03,80.16,26547
1781637600,80.16,80.16,79.89,79.9,36443
1781638200,79.89,80.005,79.85,79.99,31547
1781638800,79.99,80.215,79.99,80.215,47846
1781639400,80.22,80.32,80.15,80.31,187627
1781703000,79.97,80,79.51,79.59,77391
1781703600,79.605,79.61,79,79.24,57990
1781704200,79.245,79.41,79.05,79.39,37076
1781704800,79.4,79.73,79.4,79.61,44045
1781705400,79.63,79.73,79.56,79.66,21552
1781706000,79.65,79.65,79.28,79.48,28891
1781706600,79.48,79.75,79.47,79.73,13920
1781707200,79.74,80.03,79.73,79.92,21383
1781707800,79.92,79.975,79.87,79.93,6013
1781708400,79.945,80.08,79.89,80.015,18152
1781709000,80.01,80.01,79.91,79.96,11420
1781709600,79.965,80.11,79.92,80.11,10541
1781710200,80.11,80.27,80.11,80.23,16117
1781710800,80.22,80.28,80.16,80.23,17536
1781711400,80.22,80.27,80.21,80.25,7779
1781712000,80.25,80.33,80.225,80.31,13887
1781712600,80.31,80.31,80.22,80.31,8217
1781713200,80.31,80.31,80.07,80.175,15641
1781713800,80.17,80.22,80.13,80.215,9670
1781714400,80.215,80.27,80.185,80.185,7576
1781715000,80.185,80.19,80.09,80.1,13912
1781715600,80.09,80.18,80.04,80.12,20619
1781716200,80.11,80.255,80.06,80.25,9952
1781716800,80.255,80.255,80.04,80.08,9100
1781717400,80.08,80.14,80.03,80.09,13646
1781718000,80.08,80.125,80.06,80.115,7432
1781718600,80.12,80.215,80.115,80.19,12597
1781719200,80.19,80.2,79.98,79.985,37193
1781719800,79.99,80.13,79.84,79.96,46629
1781720400,79.99,80.11,79.99,80.02,14885
1781721000,80,80.105,79.97,80.06,36336
1781721600,80.06,80.07,79.81,79.82,18005
1781722200,79.82,79.85,79.72,79.72,27764
1781722800,79.72,79.725,79.645,79.665,27126
1781723400,79.67,79.865,79.65,79.74,33445
1781724000,79.735,79.755,79.565,79.68,48418
1781724600,79.67,79.695,79.47,79.685,77991
1781725200,79.685,79.86,79.6,79.77,60414
1781725800,79.76,80.075,79.72,79.94,156261
1781789400,79.87,80.14,79.46,79.72,69932
1781790000,79.74,79.79,79.44,79.51,58465
1781790600,79.49,79.61,79.43,79.51,32483
1781791200,79.5,79.61,79.1,79.2,37338
1781791800,79.2,79.21,79.02,79.14,28150
1781792400,79.14,79.16,78.845,79.08,40514
1781793000,79.08,79.245,79.04,79.06,18124
1781793600,79.05,79.23,78.92,78.95,19036
1781794200,78.96,78.97,78.79,78.905,28613
1781794800,78.9,79.07,78.765,79.06,23098
1781795400,79.07,79.18,78.965,78.98,19527
1781796000,78.97,79.025,78.915,78.92,14503
1781796600,78.925,79.06,78.875,79.02,22400
1781797200,79.03,79.08,78.94,79.06,18065
1781797800,79.07,79.07,78.93,78.93,12202
1781798400,78.92,79,78.91,78.97,12573
1781799000,78.97,79.01,78.92,78.92,9653
1781799600,78.91,78.94,78.84,78.84,14413
1781800200,78.84,78.95,78.84,78.95,14189
1781800800,78.94,78.995,78.93,78.98,9976
1781801400,78.98,78.99,78.905,78.935,12463
1781802000,78.935,79,78.935,78.945,16279
1781802600,78.95,78.965,78.88,78.88,19098
1781803200,78.875,78.9,78.805,78.82,21644
1781803800,78.83,78.85,78.745,78.75,23411
1781804400,78.76,78.795,78.745,78.795,19639
1781805000,78.8,78.84,78.79,78.84,12899
1781805600,78.83,78.95,78.8,78.88,23343
1781806200,78.885,79.055,78.885,79.05,17784
1781806800,79.06,79.395,79.06,79.175,54969
1781807400,79.17,79.365,79.15,79.34,18972
1781808000,79.33,79.435,79.26,79.325,25608
1781808600,79.325,79.335,79.215,79.25,14889
1781809200,79.24,79.265,79.13,79.13,24948
1781809800,79.125,79.16,78.96,79.05,43185
1781810400,79.055,79.09,78.97,79.06,32435
1781811000,79.055,79.32,79.03,79.315,49764
1781811600,79.31,79.36,79.2,79.29,77887
1781812200,79.29,79.57,79.145,79.37,412141
1782135000,79.25,79.79,79.25,79.34,89659
1782135600,79.34,79.56,79.06,79.49,66164
1782136200,79.48,79.49,79.07,79.22,42176
1782136800,79.23,79.55,79.21,79.355,35984
1782137400,79.34,79.57,79.26,79.52,53205
1782138000,79.52,79.69,79.51,79.54,38454
1782138600,79.55,79.575,79.32,79.43,35083
1782139200,79.435,79.53,79.375,79.495,22318
1782139800,79.495,79.67,79.48,79.515,25345
1782140400,79.515,79.57,79.415,79.47,21804
1782141000,79.475,79.62,79.465,79.61,26165
1782141600,79.61,79.635,79.505,79.565,22949
1782142200,79.55,79.555,79.475,79.54,18851
1782142800,79.53,79.595,79.43,79.485,16120
1782143400,79.48,79.52,79.425,79.49,12094
1782144000,79.51,79.535,79.49,79.51,8622
1782144600,79.52,79.605,79.48,79.6,10626
1782145200,79.59,79.66,79.545,79.59,7732
1782145800,79.6,79.8,79.59,79.775,17056
1782146400,79.775,79.885,79.76,79.825,20270
1782147000,79.83,79.865,79.785,79.835,13190
1782147600,79.845,79.93,79.83,79.925,15062
1782148200,79.93,79.96,79.81,79.86,21072
1782148800,79.865,79.875,79.79,79.8,12434
1782149400,79.81,79.885,79.8,79.87,34555
1782150000,79.87,79.88,79.835,79.87,16116
1782150600,79.875,79.88,79.79,79.825,19832
1782151200,79.825,79.825,79.76,79.785,10138
1782151800,79.78,79.82,79.765,79.8,11282
1782152400,79.8,79.855,79.755,79.775,33208
1782153000,79.78,79.795,79.685,79.75,45273
1782153600,79.74,79.84,79.74,79.79,26094
1782154200,79.79,79.825,79.73,79.82,34272
1782154800,79.81,79.855,79.77,79.815,21135
1782155400,79.82,79.9,79.82,79.83,21669
1782156000,79.83,79.85,79.805,79.83,35306
1782156600,79.84,79.905,79.835,79.88,37685
1782157200,79.875,80.055,79.845,80.05,70643
1782157800,80.04,80.04,79.53,79.56,187486
1782221400,81.325,81.4,80.04,80.18,179144
1782222000,80.2,80.43,80.1,80.335,47966
1782222600,80.33,80.475,80.15,80.28,57786
1782223200,80.31,80.43,80.23,80.34,31825
1782223800,80.34,80.39,80.23,80.28,24752
1782224400,80.29,80.46,80.225,80.38,25153
1782225000,80.35,80.495,80.07,80.17,29763
1782225600,80.16,80.26,80.12,80.14,23130
1782226200,80.12,80.235,80.07,80.19,37202
1782226800,80.18,80.23,79.985,80.18,21125
1782227400,80.18,80.285,80.15,80.225,19971
1782228000,80.22,80.22,80.115,80.15,27914
1782228600,80.15,80.2,80.015,80.12,28426
1782229200,80.12,80.22,80.1,80.215,19847
1782229800,80.21,80.23,80.11,80.115,22550
1782230400,80.12,80.12,80.015,80.06,28888
1782231000,80.07,80.1,80,80.065,27933
1782231600,80.07,80.11,79.875,79.93,12440
1782232200,79.93,80.08,79.92,80.03,19447
1782232800,80.03,80.055,79.92,79.92,8996
1782233400,79.92,79.965,79.83,79.915,15009
1782234000,79.92,79.94,79.86,79.925,9791
1782234600,79.93,80.005,79.89,79.975,11996
1782235200,79.975,80.03,79.94,79.945,16278
1782235800,79.95,79.99,79.915,79.99,7223
1782236400,79.99,80.06,79.98,79.99,15806
1782237000,79.98,80.085,79.96,80.085,12731
1782237600,80.08,80.125,80.025,80.105,16134
1782238200,80.105,80.185,80.095,80.15,17695
1782238800,80.155,80.23,80.125,80.2,9579
1782239400,80.19,80.21,80.13,80.19,21076
1782240000,80.19,80.25,80.155,80.235,16873
1782240600,80.235,80.32,80.225,80.28,19689
1782241200,80.27,80.28,80.095,80.165,16971
1782241800,80.185,80.215,80.085,80.21,20231
1782242400,80.21,80.365,80.21,80.33,25333
1782243000,80.32,80.38,80.285,80.34,34520
1782243600,80.355,80.39,80.2,80.25,56186
1782244200,80.26,80.41,80.145,80.32,208944
1782307800,80.93,81.2,80.505,80.825,151593
1782308400,80.81,81.305,80.74,81.04,93703
1782309000,81.05,81.16,80.87,81.16,62927
1782309600,81.17,81.39,81.03,81.09,38108
1782310200,81.07,81.3,80.98,81.27,38348
1782310800,81.27,81.335,81.09,81.12,34722
1782311400,81.1,81.105,80.9,80.995,21119
1782312000,81,81.15,81,81.14,38730
1782312600,81.15,81.35,81.15,81.23,36056
1782313200,81.23,81.29,81.19,81.24,21910
1782313800,81.25,81.375,81.2,81.36,35820
1782314400,81.355,81.45,81.35,81.415,41392
1782315000,81.42,81.575,81.41,81.425,28564
1782315600,81.42,81.46,81.355,81.36,22323
1782316200,81.37,81.375,81.24,81.26,16141
1782316800,81.25,81.33,81.21,81.305,15467
1782317400,81.31,81.345,81.285,81.3,13060
1782318000,81.29,81.29,81.21,81.255,9915
1782318600,81.255,81.35,81.24,81.24,15556
1782319200,81.23,81.24,81.075,81.105,13743
1782319800,81.1,81.1,80.96,80.97,9707
1782320400,80.975,81.005,80.92,80.97,7547
1782321000,80.97,80.98,80.87,80.91,8430
1782321600,80.9,80.935,80.77,80.785,12621
1782322200,80.79,80.82,80.67,80.71,14583
1782322800,80.72,80.76,80.695,80.75,5920
1782323400,80.755,80.83,80.73,80.83,11999
1782324000,80.83,81.05,80.83,80.95,11423
1782324600,80.955,81,80.92,80.94,7626
1782325200,80.94,80.965,80.88,80.915,41016
1782325800,80.925,81.04,80.925,81.03,27728
1782326400,81.025,81.105,81.01,81.09,17488
1782327000,81.08,81.09,81.005,81.01,13712
1782327600,81.02,81.095,80.955,81.01,17479
1782328200,81.01,81.11,81,81.08,41881
1782328800,81.08,81.145,80.93,80.96,37341
1782329400,80.96,80.96,80.65,80.73,33105
1782330000,80.73,80.905,80.68,80.815,131603
1782330600,80.81,80.84,80.56,80.62,177730
1782394200,80.3,80.73,80.3,80.61,106911
1782394800,80.53,81,80.51,80.91,91720
1782395400,80.89,81.38,80.785,81.22,46631
1782396000,81.24,81.26,80.87,80.89,52846
1782396600,80.9,80.93,80.65,80.85,40214
1782397200,80.88,80.88,80.67,80.725,38913
1782397800,80.72,80.72,80.5,80.51,46442
1782398400,80.52,80.72,80.48,80.67,26970
1782399000,80.68,80.85,80.6,80.68,85461
1782399600,80.69,80.835,80.68,80.775,37994
1782400200,80.78,80.82,80.515,80.54,30621
1782400800,80.53,80.635,80.51,80.54,22541
1782401400,80.53,80.53,80.26,80.3,20695
1782402000,80.29,80.5,80.28,80.47,44630
1782402600,80.47,80.495,80.37,80.41,34660
1782403200,80.4,80.48,80.37,80.41,17639
1782403800,80.42,80.46,80.24,80.285,28667
1782404400,80.29,80.35,80.24,80.295,30880
1782405000,80.29,80.35,80.245,80.27,21853
1782405600,80.26,80.37,80.25,80.28,19745
1782406200,80.28,80.3,80.2,80.22,21559
1782406800,80.22,80.235,80.14,80.22,24289
1782407400,80.21,80.32,80.19,80.2,22620
1782408000,80.19,80.22,80.11,80.135,15096
1782408600,80.14,80.14,79.97,80.06,28306
1782409200,80.05,80.11,80.04,80.08,18066
1782409800,80.07,80.115,80.05,80.08,11715
1782410400,80.08,80.145,80.04,80.08,20123
1782411000,80.11,80.29,80.11,80.28,14369
1782411600,80.28,80.32,80.23,80.24,25595
1782412200,80.245,80.37,80.225,80.36,20694
1782412800,80.365,80.37,80.29,80.32,14075
1782413400,80.33,80.455,80.33,80.43,21139
1782414000,80.43,80.595,80.365,80.495,41442
1782414600,80.5,80.56,80.42,80.5,34002
1782415200,80.5,80.52,80.435,80.495,54386
1782415800,80.49,80.545,80.41,80.42,36413
1782416400,80.43,80.545,80.355,80.51,33776
1782417000,80.52,80.62,80.345,80.425,87229
1782480600,81.14,81.46,80.7,81.23,130141
1782481200,81.25,81.69,81.21,81.59,79015
1782481800,81.58,81.73,81.44,81.47,43953
1782482400,81.48,81.58,81.37,81.43,36963
1782483000,81.44,81.49,81.25,81.37,30681
1782483600,81.38,81.53,81.3,81.38,33786
1782484200,81.39,81.5,81.3,81.49,32811
1782484800,81.49,81.58,81.385,81.45,25982
1782485400,81.43,81.55,81.32,81.545,30739
1782486000,81.56,81.68,81.54,81.65,25462
1782486600,81.67,81.76,81.67,81.7,55217
1782487200,81.705,81.805,81.7,81.76,47625
1782487800,81.77,81.775,81.41,81.41,20417
1782488400,81.41,81.545,81.36,81.52,19608
1782489000,81.515,81.53,81.415,81.45,24364
1782489600,81.45,81.67,81.44,81.61,25048
1782490200,81.62,81.66,81.52,81.59,24442
1782490800,81.595,81.6,81.33,81.42,26162
1782491400,81.4,81.46,81.36,81.45,24015
1782492000,81.455,81.515,81.425,81.5,24611
1782492600,81.49,81.68,81.48,81.66,16042
1782493200,81.66,81.85,81.66,81.84,24295
1782493800,81.85,81.88,81.755,81.815,26554
1782494400,81.81,81.83,81.77,81.81,13240
1782495000,81.81,81.92,81.81,81.9,22852
1782495600,81.91,81.92,81.825,81.845,18451
1782496200,81.845,81.97,81.845,81.935,25644
1782496800,81.94,82.07,81.94,82.03,52966
1782497400,82.04,82.12,82.025,82.115,34948
1782498000,82.12,82.25,82.085,82.245,32517
1782498600,82.25,82.39,82.245,82.31,31467
1782499200,82.305,82.385,82.285,82.33,32220
1782499800,82.32,82.38,82.285,82.335,32664
1782500400,82.34,82.37,82.27,82.27,38391
1782501000,82.28,82.605,82.28,82.565,78254
1782501600,82.56,82.715,82.52,82.63,66921
1782502200,82.63,82.69,82.46,82.685,97413
1782502800,82.685,82.685,82.02,82.42,139345
1782503400,82.43,82.81,82.285,82.625,406233
1782739800,82.51,83.14,82.51,83.13,86064
1782740400,83.12,83.3,83.03,83.2,71328
1782741000,83.2,83.37,82.99,83.19,67336
1782741600,83.2,83.38,83.15,83.27,29861
1782742200,83.26,83.61,83.21,83.44,43539
1782742800,83.48,83.55,83.28,83.34,28348
1782743400,83.3,83.38,83.08,83.31,142399
1782744000,83.29,83.3,83.09,83.09,30459
1782744600,83.08,83.22,83.05,83.1,35665
1782745200,83.095,83.14,83.03,83.14,19352
1782745800,83.14,83.23,83.07,83.195,22367
1782746400,83.195,83.25,83.055,83.08,27553
1782747000,83.07,83.13,82.895,82.94,19912
1782747600,82.93,82.955,82.86,82.95,19273
1782748200,82.945,82.945,82.73,82.78,21665
1782748800,82.79,82.8,82.72,82.73,13411
1782749400,82.74,82.79,82.605,82.63,20543
1782750000,82.63,82.715,82.615,82.71,15446
1782750600,82.71,82.8,82.67,82.72,12771
1782751200,82.72,82.72,82.58,82.61,13997
1782751800,82.61,82.61,82.515,82.53,8510
1782752400,82.52,82.52,82.44,82.46,8984
1782753000,82.465,82.48,82.41,82.43,15003
1782753600,82.43,82.48,82.405,82.425,11982
1782754200,82.41,82.41,82.22,82.285,20792
1782754800,82.28,82.315,82.23,82.24,11212
1782755400,82.24,82.27,82.21,82.25,17301
1782756000,82.26,82.33,82.245,82.295,11136
1782756600,82.27,82.395,82.225,82.355,9117
1782757200,82.36,82.425,82.345,82.39,20455
1782757800,82.39,82.49,82.355,82.36,15555
1782758400,82.365,82.405,82.34,82.38,10618
1782759000,82.38,82.435,82.37,82.43,11448
1782759600,82.43,82.63,82.425,82.57,16228
1782760200,82.55,82.56,82.455,82.5,12564
1782760800,82.51,82.63,82.44,82.625,28358
1782761400,82.62,82.66,82.45,82.45,25050
1782762000,82.44,82.57,82.4,82.53,38544
1782762600,82.54,82.7,82.52,82.625,112965
1782826200,82.79,82.91,81.57,81.89,95379
1782826800,81.87,82,81.75,81.87,41183
1782827400,81.88,81.91,81.48,81.52,40167
1782828000,81.54,81.73,81.43,81.55,47882
1782828600,81.56,81.64,81.38,81.47,32307
1782829200,81.48,81.56,81.26,81.31,31089
1782829800,81.31,81.54,81.3,81.49,47714
1782830400,81.5,81.78,81.45,81.78,31934
1782831000,81.78,81.92,81.7,81.885,22147
1782831600,81.88,81.98,81.7,81.98,38895
1782832200,81.98,82.04,81.79,81.89,22645
1782832800,81.88,81.97,81.81,81.83,30433
1782833400,81.85,82.055,81.82,82.025,42065
1782834000,82.025,82.1,81.99,82.08,37010
1782834600,82.075,82.095,82,82.085,21641
1782835200,82.085,82.09,81.97,82,15528
1782835800,82,82.055,81.96,82.035,15579
1782836400,82.025,82.04,81.9,81.96,22169
1782837000,81.94,81.99,81.84,81.86,12590
1782837600,81.865,81.91,81.74,81.76,8631
1782838200,81.75,81.765,81.69,81.75,8663
1782838800,81.74,81.84,81.73,81.825,8892
1782839400,81.83,81.865,81.82,81.83,10192
1782840000,81.83,81.925,81.81,81.91,8195
1782840600,81.91,81.925,81.845,81.875,6910
1782841200,81.885,81.93,81.85,81.93,8743
1782841800,81.93,81.955,81.87,81.905,12114
1782842400,81.9,81.955,81.88,81.93,12332
1782843000,81.93,81.97,81.77,81.79,10001
1782843600,81.79,81.79,81.64,81.68,9959
1782844200,81.67,81.7,81.635,81.7,12658
1782844800,81.7,81.71,81.565,81.58,17938
1782845400,81.59,81.59,81.52,81.54,11357
1782846000,81.53,81.53,81.37,81.39,12028
1782846600,81.39,81.51,81.375,81.45,15311
1782847200,81.45,81.48,81.275,81.3,43499
1782847800,81.305,81.355,81.075,81.11,65421
1782848400,81.12,81.15,81.015,81.12,61441
1782849000,81.12,81.25,81.025,81.21,170763
1782912600,81.7,81.92,81.17,81.55,176918
1782913200,81.535,81.9,81.285,81.725,65961
1782913800,81.7,81.82,81.58,81.675,25545
1782914400,81.65,81.66,81.44,81.55,29284
1782915000,81.555,81.775,81.43,81.505,38220
1782915600,81.51,81.72,81.345,81.4,77737
1782916200,81.42,81.59,81.35,81.55,37462
1782916800,81.535,81.75,81.5,81.68,74319
1782917400,81.67,81.97,81.63,81.78,136001
1782918000,81.77,81.83,81.62,81.71,45414
1782918600,81.7,81.76,81.61,81.7,16276
1782919200,81.7,81.75,81.639,81.639,21346
1782919800,81.64,81.74,81.6,81.71,17675
1782920400,81.72,81.81,81.685,81.79,68889
1782921000,81.79,81.81,81.63,81.655,118744
1782921600,81.64,81.69,81.551,81.56,15324
1782922200,81.56,81.67,81.485,81.63,15371
1782922800,81.63,81.635,81.45,81.55,10982
1782923400,81.55,81.635,81.54,81.585,10771
1782924000,81.585,81.625,81.58,81.59,11265
1782924600,81.575,81.58,81.45,81.45,9284
1782925200,81.45,81.46,81.4,81.435,7891
1782925800,81.44,81.49,81.405,81.43,12057
1782926400,81.43,81.445,81.325,81.399,11134
1782927000,81.39,81.495,81.32,81.39,28244
1782927600,81.39,81.445,81.36,81.43,17989
1782928200,81.43,81.52,81.39,81.51,10270
1782928800,81.51,81.51,81.22,81.29,17092
1782929400,81.29,81.29,81.055,81.11,15371
1782930000,81.115,81.19,81.095,81.185,22227
1782930600,81.19,81.3,81.18,81.275,20050
1782931200,81.275,81.37,81.27,81.36,16559
1782931800,81.37,81.43,81.32,81.35,17184
1782932400,81.36,81.38,81.075,81.09,17325
1782933000,81.08,81.105,80.965,81.035,34680
1782933600,81.03,81.135,80.995,81.11,21642
1782934200,81.1,81.11,81,81.07,20883
1782934800,81.07,81.115,80.99,81.02,44725
1782935400,81.03,81.355,81.01,81.315,166433
1782999000,81.65,82.02,81.13,82.02,87303
1782999600,82.03,82.12,81.75,81.8,48879
1783000200,81.82,81.84,81.515,81.55,62568
1783000800,81.59,81.77,81.56,81.75,32176
1783001400,81.785,81.88,81.69,81.88,22225
1783002000,81.855,82.485,81.855,82.43,138922
1783002600,82.43,82.58,82.26,82.41,95327
1783003200,82.43,82.68,82.39,82.545,31670
1783003800,82.56,82.8,82.45,82.73,39591
1783004400,82.73,83.55,82.715,83.45,137164
1783005000,83.45,83.55,83.31,83.43,53574
1783005600,83.42,83.445,83.315,83.35,25176
1783006200,83.37,83.37,82.905,82.955,28484
1783006800,82.95,83.19,82.945,83.165,23631
1783007400,83.17,83.17,83.04,83.09,15334
1783008000,83.095,83.225,83.055,83.185,16997
1783008600,83.18,83.185,82.91,83,13314
1783009200,83,83.08,82.97,83.065,13052
1783009800,83.055,83.28,83.055,83.25,22518
1783010400,83.23,83.245,83.02,83.14,15456
1783011000,83.13,83.215,83.08,83.12,13215
1783011600,83.13,83.19,83.02,83.15,13635
1783012200,83.15,83.18,82.92,82.935,17801
1783012800,82.93,82.94,82.815,82.815,27337
1783013400,82.82,82.97,82.79,82.94,20035
1783014000,82.93,83.02,82.86,83.02,17650
1783014600,83.035,83.16,83.035,83.15,12984
1783015200,83.15,83.19,83.065,83.08,12884
1783015800,83.08,83.27,83.035,83.21,10464
1783016400,83.22,83.315,83.175,83.18,7355
1783017000,83.185,83.32,83.15,83.3,27466
1783017600,83.3,83.37,83.25,83.33,10000
1783018200,83.335,83.34,82.94,83.18,37127
1783018800,83.18,83.59,83.14,83.57,45459
1783019400,83.56,83.56,83.48,83.53,23985
1783020000,83.54,83.75,83.54,83.59,54654
1783020600,83.585,83.6,83.405,83.51,48098
1783021200,83.515,83.815,83.475,83.81,44272
1783021800,83.77,84.01,83.705,83.99,210290
1783344600,84.14,84.56,83.93,84.07,176942
1783345200,84.06,84.06,83.51,83.55,53779
1783345800,83.56,83.6,82.88,83.01,76391
1783346400,83,83.25,82.95,83.03,51095
1783347000,83.06,83.07,82.77,82.92,32583
1783347600,82.91,82.95,82.81,82.83,13810
1783348200,82.83,82.87,82.67,82.82,19757
1783348800,82.82,82.92,82.79,82.83,17287
1783349400,82.81,82.91,82.75,82.84,15544
1783350000,82.845,82.87,82.575,82.86,18695
1783350600,82.87,82.87,82.695,82.735,15847
1783351200,82.71,82.775,82.665,82.67,14928
1783351800,82.68,82.75,82.6,82.66,14825
1783352400,82.65,82.68,82.56,82.585,8911
1783353000,82.57,82.61,82.49,82.49,10776
1783353600,82.49,82.54,82.32,82.36,24366
1783354200,82.37,82.5,82.32,82.485,13015
1783354800,82.475,82.55,82.45,82.47,32487
1783355400,82.475,82.565,82.42,82.55,40129
1783356000,82.56,82.66,82.495,82.605,28356
1783356600,82.61,82.87,82.57,82.87,67508
1783357200,82.88,83,82.86,82.945,14166
1783357800,82.95,82.97,82.88,82.95,7665
1783358400,82.95,83.05,82.92,83.03,28730
1783359000,83.03,83.08,82.99,83.01,10824
1783359600,83.02,83.06,82.96,83.05,9873
1783360200,83.05,83.26,83.04,83.26,23366
1783360800,83.27,83.34,83.11,83.12,56626
1783361400,83.13,83.19,83.11,83.15,7986
1783362000,83.15,83.18,83.1,83.14,7175
1783362600,83.15,83.175,83.1,83.13,9304
1783363200,83.12,83.235,83.045,83.17,20969
1783363800,83.18,83.27,83.16,83.27,7420
1783364400,83.28,83.39,83.275,83.36,9252
1783365000,83.36,83.36,83.17,83.17,8826
1783365600,83.16,83.2,83.13,83.135,8310
1783366200,83.15,83.155,83.01,83.07,22105
1783366800,83.06,83.06,82.9,82.93,34244
1783367400,82.93,83.09,82.89,82.96,131791
1783431000,84.4,85.07,84.3,84.97,168032
1783431600,84.99,85.18,84.67,85.16,83181
1783432200,85.12,85.46,85.11,85.14,33870
1783432800,85.17,85.27,85.02,85.1,22830
1783433400,85.12,85.37,85.065,85.08,31137
1783434000,85.08,85.51,85.08,85.16,31434
1783434600,85.17,85.55,85.09,85.54,31189
1783435200,85.53,85.67,85.42,85.56,34842
1783435800,85.54,85.54,85.13,85.22,30489
1783436400,85.22,85.26,84.99,85.05,33249
1783437000,85.05,85.17,84.93,85.14,65766
1783437600,85.13,85.135,84.74,84.74,59026
1783438200,84.74,84.74,84.55,84.73,45305
1783438800,84.74,84.76,84.49,84.68,54221
1783439400,84.67,84.74,84.33,84.42,84324
1783440000,84.41,84.43,84.23,84.29,15389
1783440600,84.27,84.35,84.21,84.26,9537
1783441200,84.26,84.32,84.14,84.165,18905
1783441800,84.18,84.335,84.11,84.31,17210
1783442400,84.32,84.34,84.14,84.16,13213
1783443000,84.15,84.28,84.1,84.26,10274
1783443600,84.285,84.3,84.01,84.03,16530
1783444200,84.03,84.165,84.03,84.125,5955
1783444800,84.13,84.13,83.95,83.965,9122
1783445400,83.97,84.01,83.91,83.975,7515
1783446000,83.96,83.98,83.845,83.955,5377
1783446600,83.96,83.97,83.8,83.84,42848
1783447200,83.83,83.83,83.68,83.75,13080
1783447800,83.76,83.76,83.65,83.71,15261
1783448400,83.72,83.79,83.65,83.78,8132
1783449000,83.78,83.92,83.72,83.88,20251
1783449600,83.88,84.09,83.88,83.945,14826
1783450200,83.94,84.035,83.92,84.02,15896
1783450800,84.03,84.15,83.985,84.04,21966
1783451400,84.04,84.22,84.03,84.22,24002
1783452000,84.23,84.32,84.15,84.16,24592
1783452600,84.18,84.25,84.04,84.24,34130
1783453200,84.24,84.33,84.17,84.22,45293
1783453800,84.22,84.4,83.955,84,216425
1783517400,84.38,84.42,83.57,83.97,107027
1783518000,83.96,84.4,83.83,84.36,46434
1783518600,84.42,84.42,84,84.045,25844
1783519200,84.06,84.5,84,84.37,40556
1783519800,84.34,84.49,84.17,84.23,40880
1783520400,84.22,84.31,84.09,84.14,37959
1783521000,84.12,84.31,83.96,84.19,63586
1783521600,84.185,84.48,84.185,84.39,32246
1783522200,84.39,84.4,83.96,84.1,51214
1783522800,84.09,84.25,84.07,84.155,24494
1783523400,84.16,84.3,84.09,84.13,20733
1783524000,84.15,84.3,84.15,84.25,20772
1783524600,84.24,84.3,84.19,84.27,21713
1783525200,84.27,84.52,84.25,84.52,56163
1783525800,84.53,84.82,84.53,84.76,31485
1783526400,84.75,84.77,84.65,84.65,16945
1783527000,84.63,84.67,84.54,84.57,17965
1783527600,84.56,84.56,84.3,84.35,23098
1783528200,84.36,84.47,84.33,84.44,11804
1783528800,84.435,84.47,84.24,84.24,16516
1783529400,84.24,84.315,84.18,84.18,18159
1783530000,84.2,84.23,84.01,84.05,25693
1783530600,84.035,84.19,84.01,84.045,12469
1783531200,84.045,84.07,83.9,83.9,16109
1783531800,83.89,83.97,83.88,83.89,15026
1783532400,83.89,84.02,83.885,83.985,15770
1783533000,83.98,84.01,83.945,84.005,6620
1783533600,84,84.03,83.96,84,26630
1783534200,84,84.02,83.88,83.92,11570
1783534800,83.92,84.02,83.92,83.98,12767
1783535400,83.98,83.98,83.85,83.865,10791
1783536000,83.85,83.895,83.81,83.83,11641
1783536600,83.84,83.89,83.83,83.88,15990
1783537200,83.88,83.925,83.81,83.81,15446
1783537800,83.815,83.86,83.78,83.8,18055
1783538400,83.81,83.83,83.64,83.66,19014
1783539000,83.65,83.71,83.59,83.6,29709
1783539600,83.6,83.6,83.27,83.49,114823
1783540200,83.49,83.76,83.39,83.39,124906
1783603800,82.14,82.72,81.74,81.76,225948
1783604400,81.76,82.13,81.71,82,89092
1783605000,81.99,82.025,81.82,81.935,41031
1783605600,81.96,82.09,81.84,82.04,51882
1783606200,82.06,82.4,82.03,82.4,25526
1783606800,82.4,82.6,82.24,82.27,20142
1783607400,82.25,82.39,82.18,82.24,12767
1783608000,82.245,82.245,82.06,82.12,12106
1783608600,82.14,82.36,82.14,82.2,13212
1783609200,82.22,82.32,82.14,82.28,13479
1783609800,82.32,82.5,82.27,82.5,14185
1783610400,82.48,82.49,82.375,82.45,11584
1783611000,82.45,82.535,82.42,82.475,8791
1783611600,82.47,82.47,82.38,82.45,8021
1783612200,82.45,82.57,82.43,82.51,9866
1783612800,82.51,82.53,82.38,82.51,9097
1783613400,82.54,82.645,82.5,82.55,10931
1783614000,82.55,82.67,82.51,82.665,8415
1783614600,82.66,82.73,82.62,82.64,10216
1783615200,82.63,82.675,82.585,82.66,8461
1783615800,82.66,82.69,82.61,82.68,11765
1783616400,82.68,82.71,82.59,82.71,9605
1783617000,82.72,82.81,82.715,82.81,7158
1783617600,82.8,82.8,82.71,82.76,7593
1783618200,82.74,82.77,82.71,82.745,12953
1783618800,82.74,82.755,82.7,82.74,9403
1783619400,82.74,82.75,82.635,82.67,12494
1783620000,82.67,82.71,82.64,82.68,9567
1783620600,82.68,82.68,82.61,82.62,7348
1783621200,82.62,82.66,82.48,82.49,12092
1783621800,82.49,82.49,82.34,82.395,8412
1783622400,82.4,82.42,82.31,82.38,9829
1783623000,82.37,82.415,82.24,82.4,16165
1783623600,82.41,82.52,82.4,82.455,10877
1783624200,82.46,82.615,82.425,82.46,24906
1783624800,82.46,82.545,82.43,82.5,32851
1783625400,82.5,82.555,82.31,82.325,32195
1783626000,82.325,82.49,82.29,82.3,61213
1783626600,82.3,82.645,82.24,82.615,175644
1783690200,82.55,83.12,82.55,83.05,70578
1783690800,83.06,83.31,83.03,83.13,39610
1783691400,83.13,83.23,82.89,83.2,39093
1783692000,83.21,83.31,83.07,83.1,25933
1783692600,83.09,83.34,83.08,83.315,17433
1783693200,83.32,83.44,83.25,83.275,35432
1783693800,83.265,83.495,83.13,83.395,85406
1783694400,83.4,83.665,83.38,83.61,27767
1783695000,83.62,83.71,83.49,83.7,39887
1783695600,83.68,83.71,83.48,83.52,43997
1783696200,83.51,83.74,83.37,83.67,55235
1783696800,83.66,83.685,83.56,83.63,27476
1783697400,83.62,83.63,83.53,83.59,14205
1783698000,83.59,83.685,83.52,83.52,21460
1783698600,83.53,83.6,83.51,83.56,10200
1783699200,83.565,83.58,83.48,83.495,12526
1783699800,83.48,83.495,83.36,83.36,9736
1783700400,83.37,83.39,83.33,83.34,10892
1783701000,83.34,83.36,83.265,83.35,13237
1783701600,83.34,83.4,83.3,83.4,6277
1783702200,83.41,83.495,83.38,83.485,10995
1783702800,83.485,83.495,83.415,83.495,12996
1783703400,83.495,83.55,83.45,83.515,19165
1783704000,83.52,83.54,83.47,83.515,10083
1783704600,83.51,83.52,83.37,83.38,9783
1783705200,83.37,83.43,83.35,83.42,8288
1783705800,83.42,83.435,83.38,83.39,7360
1783706400,83.39,83.39,83.3,83.35,9316
1783707000,83.35,83.43,83.35,83.415,12485
1783707600,83.43,83.47,83.41,83.42,12843
1783708200,83.43,83.47,83.34,83.36,17168
1783708800,83.36,83.51,83.35,83.51,13680
1783709400,83.53,83.54,83.465,83.47,7011
1783710000,83.47,83.525,83.46,83.5,12533
1783710600,83.5,83.575,83.49,83.57,7468
1783711200,83.57,83.63,83.565,83.59,14834
1783711800,83.58,83.58,83.43,83.445,28187
1783712400,83.43,83.48,83.35,83.48,47306
1783713000,83.49,83.51,83.36,83.48,72813
1783949400,84.1,84.1,83.7,83.915,50991
1783950000,83.93,84.3,83.93,84.18,52590
1783950600,84.16,84.66,84.16,84.53,62754
1783951200,84.535,84.57,84.14,84.18,42471
1783951800,84.195,84.245,84.08,84.19,67764
1783952400,84.195,84.24,83.97,83.99,19723
1783953000,83.98,84,83.76,83.775,26229
1783953600,83.77,84.04,83.77,83.94,30523
1783954200,83.945,84.01,83.84,83.9,19950
1783954800,83.905,83.92,83.72,83.8,22502
1783955400,83.78,83.88,83.74,83.79,17105
1783956000,83.77,83.78,83.67,83.74,18536
1783956600,83.74,83.775,83.68,83.77,21337
1783957200,83.775,83.91,83.76,83.88,23269
1783957800,83.87,84.01,83.85,83.96,30659
1783958400,83.96,83.995,83.905,83.91,21500
1783959000,83.91,83.96,83.87,83.93,14520
1783959600,83.95,83.97,83.765,83.765,14590
1783960200,83.77,84.1,83.77,84.01,24097
1783960800,84.005,84.03,83.93,84.03,13789
1783961400,84.04,84.06,83.97,83.99,17114
1783962000,84,84.01,83.88,83.97,21001
1783962600,83.96,84.05,83.92,84.03,14908
1783963200,84.04,84.15,84.03,84.15,17637
1783963800,84.13,84.275,84.13,84.26,12224
1783964400,84.27,84.36,84.27,84.35,17104
1783965000,84.37,84.41,84.285,84.3,20419
1783965600,84.31,84.31,84.18,84.22,42951
1783966200,84.225,84.27,84.165,84.24,8002
1783966800,84.24,84.36,84.2,84.36,12130
1783967400,84.37,84.41,84.34,84.38,14538
1783968000,84.38,84.41,84.33,84.34,15138
1783968600,84.35,84.45,84.31,84.44,16400
1783969200,84.43,84.49,84.35,84.47,57949
1783969800,84.47,84.525,84.47,84.5,20400
1783970400,84.5,84.585,84.43,84.43,27325
1783971000,84.42,84.45,84.325,84.37,35327
1783971600,84.38,84.38,84.27,84.28,37587
1783972200,84.28,84.3,84.165,84.275,99504
1784035800,84.17,84.53,84.01,84.52,66638
1784036400,84.505,84.61,84.15,84.16,32138
1784037000,84.13,84.515,84.13,84.22,27652
1784037600,84.22,84.43,84.13,84.33,27399
1784038200,84.35,84.43,84.255,84.32,12795
1784038800,84.325,84.35,84.1,84.24,19151
1784039400,84.26,84.26,83.845,84,58079
1784040000,83.995,84.23,83.995,84.17,26489
1784040600,84.18,84.19,83.87,83.88,24339
1784041200,83.88,83.98,83.775,83.785,59071
1784041800,83.785,83.855,83.705,83.75,17154
1784042400,83.745,83.88,83.695,83.825,26204
1784043000,83.83,84.03,83.83,84.01,12796
1784043600,84.015,84.035,83.865,83.9,12471
1784044200,83.9,83.98,83.85,83.85,9007
1784044800,83.83,83.885,83.775,83.79,9296
1784045400,83.8,83.88,83.785,83.84,10373
1784046000,83.82,83.82,83.72,83.725,12133
1784046600,83.72,83.815,83.71,83.775,8614
1784047200,83.765,83.765,83.415,83.5,41854
1784047800,83.49,83.495,83.31,83.335,28244
1784048400,83.34,83.38,83.3,83.38,29477
1784049000,83.39,83.45,83.37,83.38,11137
1784049600,83.385,83.395,83.275,83.305,12576
1784050200,83.305,83.4,83.21,83.23,21586
1784050800,83.23,83.37,83.23,83.345,14669
1784051400,83.34,83.385,83.28,83.37,11465
1784052000,83.36,83.38,83.27,83.315,20573
1784052600,83.31,83.34,83.28,83.34,13752
1784053200,83.34,83.355,83.27,83.295,14944
1784053800,83.3,83.32,83.175,83.3,26815
1784054400,83.305,83.365,83.205,83.25,18066
1784055000,83.245,83.29,83.15,83.18,13238
1784055600,83.18,83.27,83.15,83.19,25171
1784056200,83.2,83.26,83.12,83.26,27948
1784056800,83.26,83.46,83.19,83.45,36698
1784057400,83.455,83.49,83.295,83.36,39149
1784058000,83.36,83.39,83.26,83.34,51013
1784058600,83.34,83.37,83.08,83.08,186537
1784122200,82.78,82.93,82.27,82.67,88331
1784122800,82.65,82.83,82.59,82.65,41014
1784123400,82.62,82.78,82.54,82.65,18139
1784124000,82.64,82.69,82.49,82.59,13574
1784124600,82.58,82.74,82.44,82.58,20008
1784125200,82.58,82.815,82.58,82.72,19554
1784125800,82.73,83.03,82.68,83.01,30625
1784126400,82.995,83.21,82.99,83,42291
1784127000,82.99,83.08,82.885,82.95,49269
1784127600,82.95,83.03,82.82,82.87,23071
1784128200,82.86,83.02,82.82,83.02,29127
1784128800,83.025,83.11,82.94,82.94,20031
1784129400,82.95,83.035,82.845,82.885,24946
1784130000,82.88,82.99,82.83,82.9,24332
1784130600,82.92,83.02,82.81,82.83,26908
1784131200,82.83,83.02,82.81,83.01,27888
1784131800,83.03,83.09,82.97,83.05,95126
1784132400,83.05,83.14,82.97,83,62668
1784133000,82.97,83.195,82.92,83.145,57777
1784133600,83.15,83.235,83.1,83.21,45042
1784134200,83.21,83.21,82.99,83.005,26025
1784134800,83.01,83.13,82.95,83.1,31123
1784135400,83.1,83.15,83.04,83.06,27908
1784136000,83.07,83.075,82.92,82.93,44224
1784136600,82.955,83.08,82.91,83.015,20892
1784137200,83.02,83.05,82.935,82.975,18568
1784137800,82.975,82.995,82.92,82.935,16812
1784138400,82.94,82.94,82.77,82.8,26768
1784139000,82.8,82.84,82.78,82.8,22922
1784139600,82.81,82.81,82.61,82.68,22058
1784140200,82.68,82.72,82.64,82.705,20520
1784140800,82.72,82.72,82.59,82.6,20894
1784141400,82.61,82.64,82.55,82.615,30281
1784142000,82.61,82.635,82.44,82.57,37844
1784142600,82.57,82.69,82.54,82.645,51122
1784143200,82.66,82.66,82.495,82.5,27923
1784143800,82.5,82.51,82.335,82.335,38076
1784144400,82.33,82.38,82.275,82.33,59188
1784145000,82.33,82.46,82.23,82.46,156102
1784208600,83.5,84.29,83.27,84.27,95396
1784209200,84.27,84.735,84.12,84.63,100329
1784209800,84.64,84.7,84.45,84.52,57434
1784210400,84.53,84.66,84.51,84.52,39950
1784211000,84.52,84.53,84.155,84.23,90331
1784211600,84.21,84.43,84.09,84.115,54378
1784212200,84.12,84.13,83.95,84.02,35595
1784212800,84.03,84.34,84.03,84.11,38685
1784213400,84.12,84.35,84.12,84.2,61993
1784214000,84.21,84.35,84.16,84.23,45366
1784214600,84.23,84.41,84.23,84.315,44288
1784215200,84.315,84.37,84.235,84.345,84345
1784215800,84.35,84.385,84.255,84.28,56402
1784216400,84.29,84.41,84.24,84.25,115726
1784217000,84.25,84.385,84.25,84.29,43358
1784217600,84.28,84.36,84.265,84.29,38477
1784218200,84.3,84.52,84.275,84.44,39886
1784218800,84.43,84.46,84.115,84.125,35007
1784219400,84.12,84.33,84.075,84.3,47813
1784220000,84.31,84.45,84.28,84.35,69044
1784220600,84.36,84.4,84.27,84.35,12108
1784221200,84.35,84.54,84.35,84.485,17612
1784221800,84.48,84.52,84.42,84.5,20596
1784222400,84.495,84.6,84.48,84.52,12221
1784223000,84.51,84.61,84.49,84.6,16740
1784223600,84.6,84.78,84.59,84.7,64031
1784224200,84.695,84.75,84.66,84.66,17571
1784224800,84.645,84.74,84.58,84.73,16789
1784225400,84.73,84.76,84.67,84.69,29118
1784226000,84.7,84.72,84.6,84.685,22448
1784226600,84.69,84.81,84.69,84.78,52314
1784227200,84.79,84.82,84.735,84.74,32271
1784227800,84.75,84.79,84.715,84.74,28842
1784228400,84.75,84.76,84.52,84.7,93567
1784229000,84.705,84.72,84.59,84.705,55643
1784229600,84.715,84.77,84.56,84.58,67529
1784230200,84.58,84.62,84.51,84.53,67310
1784230800,84.54,84.85,84.52,84.79,98023
1784231400,84.8,84.95,84.7,84.935,136544
1784295000,85.555,85.72,84.01,84.41,294106
1784295600,84.41,84.42,83.98,84.13,180810
1784296200,84.14,84.26,83.82,83.98,110248
1784296800,84,84.01,83.13,83.2,88559
1784297400,83.22,83.24,82.875,82.93,111031
1784298000,82.94,83.055,82.8,82.93,119564
1784298600,82.95,83.16,82.88,83.1,122772
1784299200,83.12,83.33,83.06,83.12,66551
1784299800,83.12,83.15,82.965,83.04,34980
1784300400,83.03,83.16,82.94,83.03,48240
1784301000,83.04,83.17,82.955,83.13,37719
1784301600,83.15,83.22,83.07,83.095,44820
1784302200,83.12,83.19,82.965,82.965,70355
1784302800,82.965,83.13,82.92,83,27869
1784303400,83,83,82.705,82.82,40134
1784304000,82.81,82.835,82.48,82.55,65038
1784304600,82.54,82.54,82.36,82.39,14549
1784305200,82.39,82.51,82.28,82.305,51197
1784305800,82.3,82.37,82.065,82.23,33034
1784306400,82.22,82.22,82.01,82.015,47008
1784307000,82.01,82.01,81.77,81.8,48401
1784307600,81.8,81.81,81.56,81.595,87074
1784308200,81.59,81.65,81.505,81.525,87246
1784308800,81.53,81.64,81.47,81.47,52147
1784309400,81.465,81.465,81.215,81.33,57998
1784310000,81.32,81.39,80.975,81.04,63160
1784310600,81.05,81.14,80.91,80.97,58493
1784311200,80.97,81.06,80.84,80.93,67066
1784311800,80.93,81.28,80.92,81.265,78211
1784312400,81.265,81.345,81.01,81.05,102415
1784313000,81.05,81.47,81.02,81.46,136131
1784313600,81.465,81.64,81.44,81.485,103634
1784314200,81.48,81.615,81.4,81.405,71792
1784314800,81.41,81.49,81.29,81.45,75898
1784315400,81.45,81.64,81.45,81.51,68582
1784316000,81.525,81.695,81.51,81.63,60476
1784316600,81.62,81.63,81.36,81.47,124395
1784317200,81.48,81.66,81.445,81.52,85789
1784317800,81.51,81.575,81.32,81.565,185826
1784554200,81.6,82.17,81.515,82.15,157733
1784554800,82.16,82.17,81.66,81.87,76329
1784555400,81.86,82.17,81.86,82.15,37288
1784556000,82.15,82.29,81.98,81.99,38395
1784556600,82.01,82.21,82.01,82.2,37554
1784557200,82.21,82.36,81.985,82.15,28582
1784557800,82.15,82.15,81.935,82.03,30769
1784558400,82.02,82.18,81.95,82.14,17920
1784559000,82.15,82.21,82.085,82.17,23651
1784559600,82.18,82.18,81.94,81.965,32255
1784560200,81.98,81.99,81.8,81.84,30632
1784560800,81.84,81.84,81.49,81.54,47008
1784561400,81.535,81.56,81.47,81.545,20463
1784562000,81.55,81.62,81.5,81.585,44334
1784562600,81.585,81.61,81.455,81.51,26180
1784563200,81.5,81.5,81.405,81.485,16056
1784563800,81.47,81.58,81.47,81.555,11710
1784564400,81.56,81.58,81.48,81.51,19020
1784565000,81.525,81.525,81.39,81.43,17815
1784565600,81.43,81.6,81.375,81.5,47596
1784566200,81.5,81.6,81.495,81.52,27553
1784566800,81.51,81.635,81.485,81.52,37463
1784567400,81.53,81.55,81.4,81.4,25891
1784568000,81.4,81.41,81.33,81.36,32639
1784568600,81.365,81.38,81.305,81.34,23006
1784569200,81.34,81.43,81.33,81.385,21814
1784569800,81.38,81.49,81.355,81.46,16761
1784570400,81.465,81.53,81.365,81.37,20116
1784571000,81.36,81.52,81.33,81.51,20998
1784571600,81.51,81.63,81.51,81.62,16453
1784572200,81.63,81.66,81.49,81.53,23364
1784572800,81.545,81.655,81.52,81.65,11258
1784573400,81.64,81.68,81.61,81.67,10928
1784574000,81.68,81.755,81.585,81.585,22445
1784574600,81.59,81.66,81.5,81.66,22093
1784575200,81.67,81.755,81.67,81.715,24689
1784575800,81.715,81.78,81.69,81.78,26723
1784576400,81.78,81.84,81.69,81.755,48110
1784577000,81.76,82.14,81.74,82.115,149313
1784640600,81.95,81.99,81.53,81.64,119539
1784641200,81.65,81.76,81.32,81.71,91773
1784641800,81.73,81.91,81.64,81.9,46110
1784642400,81.88,82.09,81.87,82.09,26483
1784643000,82.09,82.12,81.8,81.85,67724
1784643600,81.84,82.05,81.83,81.89,17817
1784644200,81.87,82.005,81.73,81.955,50460
1784644800,81.96,82.09,81.875,81.93,32053
1784645400,81.93,82.045,81.87,82.04,18031
1784646000,82.03,82.05,81.92,82,40023
1784646600,82,82.175,81.985,82.17,21588
1784647200,82.18,82.355,82.15,82.26,23283
1784647800,82.265,82.275,82.075,82.135,26800
1784648400,82.14,82.185,81.99,82,28144
1784649000,82,82.065,81.97,82.065,22938
1784649600,82.065,82.085,81.89,81.92,14910
1784650200,81.93,82.085,81.93,82.04,14764
1784650800,82.025,82.145,81.965,82.14,15648
1784651400,82.135,82.155,82.025,82.045,10442
1784652000,82.045,82.12,82.02,82.08,11700
1784652600,82.08,82.08,81.955,82.03,17345
1784653200,82.02,82.02,81.91,81.94,11136
1784653800,81.94,81.99,81.905,81.975,20068
1784654400,81.97,82.06,81.945,82.04,10162
1784655000,82.03,82.08,81.985,82.07,14890
1784655600,82.075,82.165,82.06,82.13,16959
1784656200,82.13,82.185,82.12,82.16,6750
1784656800,82.155,82.175,81.965,82.095,17768
1784657400,82.09,82.14,82.04,82.08,6388
1784658000,82.085,82.13,82.01,82.12,23660
1784658600,82.12,82.12,82.04,82.08,13925
1784659200,82.085,82.13,82.07,82.11,13789
1784659800,82.12,82.15,82.07,82.075,12216
1784660400,82.08,82.235,82.08,82.205,23151
1784661000,82.2,82.28,82.2,82.27,18929
1784661600,82.26,82.39,82.23,82.37,24117
1784662200,82.36,82.37,82.1,82.21,24977
1784662800,82.19,82.205,82.12,82.13,47982
1784663400,82.13,82.165,81.94,81.96,107852
1784727000,82.84,82.9,82.47,82.61,52753
1784727600,82.63,82.69,82.35,82.59,40893
1784728200,82.57,82.61,82.26,82.26,35926
1784728800,82.27,82.49,82.25,82.39,26243
1784729400,82.385,82.8,82.385,82.65,39950
1784730000,82.66,82.68,82.5,82.54,24266
1784730600,82.54,82.54,82.33,82.465,22386
1784731200,82.46,82.515,82.38,82.38,13077
1784731800,82.375,82.49,82.34,82.4,16977
1784732400,82.401,82.415,82.14,82.17,15927
1784733000,82.17,82.26,82.015,82.09,21819
1784733600,82.08,82.125,81.95,82.01,15158
1784734200,82,82.26,82,82.26,23302
1784734800,82.26,82.4,82.24,82.38,15721
1784735400,82.38,82.495,82.36,82.47,15598
1784736000,82.48,82.525,82.45,82.52,14506
1784736600,82.52,82.53,82.47,82.525,12213
1784737200,82.53,82.6,82.485,82.6,13525
1784737800,82.585,82.59,82.485,82.49,10692
1784738400,82.5,82.58,82.45,82.55,14297
1784739000,82.545,82.55,82.47,82.48,11038
1784739600,82.47,82.47,82.37,82.42,8753
1784740200,82.415,82.49,82.411,82.45,11532
1784740800,82.455,82.495,82.33,82.38,9477
1784741400,82.365,82.41,82.33,82.35,10505
1784742000,82.35,82.43,82.33,82.4,10120
1784742600,82.4,82.555,82.39,82.55,7501
1784743200,82.56,82.56,82.455,82.47,10720
1784743800,82.475,82.55,82.475,82.55,8834
1784744400,82.56,82.605,82.54,82.545,9716
1784745000,82.55,82.6,82.51,82.57,12172
1784745600,82.56,82.58,82.46,82.47,19102
1784746200,82.47,82.55,82.47,82.505,20250
1784746800,82.5,82.5,82.39,82.47,60023
1784747400,82.48,82.495,82.41,82.44,17192
1784748000,82.44,82.49,82.395,82.475,27226
1784748600,82.475,82.57,82.47,82.495,52093
1784749200,82.49,82.56,82.435,82.49,62752
1784749800,82.5,82.55,82.19,82.205,204399
1784813400,80.93,81.86,80.93,81.73,116041
1784814000,81.71,81.72,81.1,81.25,49088
1784814600,81.24,81.26,80.97,81.26,50060
1784815200,81.27,81.37,81.17,81.34,55918
1784815800,81.33,81.445,81.22,81.24,35227
1784816400,81.24,81.27,80.99,81.02,20387
1784817000,81.02,81.28,80.9,81.25,36611
1784817600,81.26,81.54,81.24,81.46,15771
1784818200,81.44,81.65,81.41,81.615,22791
1784818800,81.625,81.67,81.55,81.61,19685
1784819400,81.595,81.65,81.55,81.56,27729
1784820000,81.57,81.66,81.5,81.5,29316
1784820600,81.49,81.6,81.43,81.59,37874
1784821200,81.58,81.68,81.55,81.57,29356
1784821800,81.57,81.57,81.345,81.4,27998
1784822400,81.39,81.39,81.135,81.29,52009
1784823000,81.28,81.28,81.015,81.015,26888
1784823600,81.01,81.04,80.95,80.96,20968
1784824200,80.97,81.07,80.97,81.04,12214
1784824800,81.03,81.1,80.945,80.97,21198
1784825400,80.97,81.08,80.97,81.05,15337
1784826000,81.045,81.08,81.02,81.02,7601
1784826600,81.02,81.06,80.905,80.97,39292
1784827200,80.98,81.015,80.94,80.99,11993
1784827800,81,81.06,80.965,80.99,10049
1784828400,81.01,81.095,80.95,81.07,8524
1784829000,81.07,81.075,81.02,81.02,9233
1784829600,81.03,81.18,81.015,81.17,13441
1784830200,81.16,81.23,81.11,81.22,12060
1784830800,81.215,81.29,81.15,81.285,19036
1784831400,81.285,81.33,81.05,81.05,14671
1784832000,81.05,81.05,80.97,81.01,20792
1784832600,81,81.09,80.96,81.06,9555
1784833200,81.05,81.13,81.05,81.08,13014
1784833800,81.08,81.1,81.05,81.1,12582
1784834400,81.1,81.12,81.01,81.03,21319
1784835000,81.02,81.11,80.965,81.11,24235
1784835600,81.1,81.185,81,81.01,28011
1784836200,81.02,81.16,80.95,81.12,202949
1784899800,81.48,81.66,80.91,81.27,91879
1784900400,81.27,81.45,81.19,81.24,51685
1784901000,81.24,81.595,81.24,81.43,23938
1784901600,81.42,81.55,81.34,81.54,23665
1784902200,81.56,81.89,81.51,81.75,29971
1784902800,81.75,81.82,81.69,81.74,14703
1784903400,81.76,81.95,81.75,81.93,38723
1784904000,81.94,82.23,81.94,82.09,47168
1784904600,82.085,82.14,81.93,81.97,24749
1784905200,81.985,82.09,81.94,82.09,23194
1784905800,82.1,82.225,82.04,82.16,32765
1784906400,82.16,82.24,82.12,82.18,17574
1784907000,82.18,82.19,82.08,82.11,8854
1784907600,82.115,82.205,82.085,82.16,19056
1784908200,82.16,82.17,82.02,82.04,8507
1784908800,82.04,82.05,81.84,81.88,16195
1784909400,81.86,81.98,81.81,81.92,32608
1784910000,81.92,81.96,81.84,81.95,6648
1784910600,81.96,82.045,81.9,81.92,7239
1784911200,81.9,81.93,81.83,81.915,42193
1784911800,81.94,82.01,81.92,81.95,4138
1784912400,81.95,82.02,81.95,82.005,11814
1784913000,82.005,82.015,81.91,81.94,5649
1784913600,81.94,81.96,81.87,81.94,20158
1784914200,81.95,82,81.91,82,9487
1784914800,82.01,82.085,82.01,82.02,8734
1784915400,82.01,82.02,81.93,81.99,7702
1784916000,81.985,82.06,81.96,82.04,8456
1784916600,82.04,82.095,82.025,82.08,11286
1784917200,82.09,82.17,82.09,82.12,11583
1784917800,82.13,82.15,82.01,82.125,17639
1784918400,82.125,82.15,82.07,82.105,10558
1784919000,82.1,82.18,82.07,82.17,12993
1784919600,82.18,82.28,82.12,82.22,40457
1784920200,82.21,82.32,82.19,82.21,17089
1784920800,82.23,82.25,82.09,82.1,11439
1784921400,82.09,82.23,82.05,82.2,29847
1784922000,82.2,82.27,82.19,82.21,44527
1784922600,82.2,82.3,82.12,82.24,139980
1785159000,82.91,83.26,82.5,82.76,145846
1785159600,82.74,83.02,82.74,82.89,80115
1785160200,82.91,83.01,82.78,82.86,76100
1785160800,82.86,83.07,82.82,82.94,61427
1785161400,82.95,83.16,82.73,83.08,50020
1785162000,83.09,83.33,83.09,83.32,65834
1785162600,83.31,83.64,83.3,83.63,53340
1785163200,83.64,83.91,83.26,83.28,47155
1785163800,83.25,83.4,83.17,83.39,83025
1785164400,83.38,83.6,83.38,83.46,77603
1785165000,83.47,83.79,83.39,83.64,120120
1785165600,83.64,83.87,83.56,83.79,47455
1785166200,83.79,83.99,83.695,83.99,45625
1785166800,84,84.1,83.81,83.81,52406
1785167400,83.81,83.91,83.78,83.825,36091
1785168000,83.82,83.82,83.63,83.65,28454
1785168600,83.63,83.79,83.58,83.76,34659
1785169200,83.78,83.795,83.485,83.495,44295
1785169800,83.49,83.55,83.41,83.46,28831
1785170400,83.46,83.65,83.46,83.61,35588
1785171000,83.615,83.675,83.585,83.63,27730
1785171600,83.62,83.74,83.6,83.67,26527
1785172200,83.67,83.77,83.65,83.73,18074
1785172800,83.74,83.75,83.685,83.7,23188
1785173400,83.705,83.74,83.67,83.7,28117
1785174000,83.71,83.76,83.685,83.725,28682
1785174600,83.72,83.87,83.705,83.855,31835
1785175200,83.85,83.94,83.8,83.91,28039
1785175800,83.91,84.025,83.87,84,34984
1785176400,84,84.07,84,84.02,21273
1785177000,84.02,84.13,84.01,84.07,33484
1785177600,84.065,84.09,84,84.025,37489
1785178200,84.03,84.06,83.935,84.01,35506
1785178800,84.01,84.01,83.87,83.88,40609
1785179400,83.88,83.915,83.77,83.89,50245
1785180000,83.89,83.98,83.85,83.9,40656
1785180600,83.89,83.98,83.845,83.94,64781
1785181200,83.955,84.06,83.94,84.035,88277
1785181800,84.04,84.11,83.87,84.11,205877
1785245400,88.42,89.47,86.29,89.24,572348
1785246000,89.22,89.48,88.68,89.47,296419
1785246600,89.44,89.94,89.26,89.59,264540
1785247200,89.6,89.68,89.15,89.55,203111
1785247800,89.57,90.02,89.46,89.79,244900
1785248400,89.79,90.02,89.56,90,129823
1785249000,90.01,90.15,89.78,90.005,214314
1785249600,89.99,90.21,89.6,89.61,203712
1785250200,89.605,89.77,89.45,89.665,108064
1785250800,89.64,89.87,89.475,89.66,123328
1785251400,89.65,89.79,89.26,89.61,164209
1785252000,89.6,89.6,89,89.21,87668
1785252600,89.2,89.2,88.995,89.12,52598
1785253200,89.13,89.19,88.95,88.96,61535
1785253800,88.99,89.08,88.74,88.86,56380
1785254400,88.88,88.9,88.51,88.52,72980
1785255000,88.52,88.61,88.39,88.47,119658
1785255600,88.475,88.55,88.215,88.23,105594
1785256200,88.215,88.47,88.21,88.365,43392
1785256800,88.37,88.37,87.98,88.14,113484
1785257400,88.14,88.14,87.84,87.87,52133
1785258000,87.875,88.075,87.81,88.07,47016
1785258600,88.07,88.17,87.91,88.02,24249
1785259200,88.01,88.01,87.89,87.91,18168
1785259800,87.92,87.93,87.635,87.67,48911
1785260400,87.67,87.8,87.61,87.76,34056
1785261000,87.76,87.97,87.68,87.9,34807
1785261600,87.87,87.97,87.75,87.84,45336
1785262200,87.84,87.95,87.72,87.85,46334
1785262800,87.84,87.93,87.8,87.81,33645
1785263400,87.82,87.89,87.72,87.82,28030
1785264000,87.82,87.83,87.7,87.8,37287
1785264600,87.79,88.07,87.77,88,53630
1785265200,88.01,88.01,87.75,87.765,45244
1785265800,87.77,87.86,87.695,87.855,62266
1785266400,87.86,87.97,87.81,87.89,49326
1785267000,87.89,88.245,87.79,88.22,66204
1785267600,88.22,88.4,88.14,88.4,105414
1785268200,88.4,88.5,88.24,88.29,295092
1785331800,88.58,90.21,88.58,90.1,419047
1785332400,90.1,90.56,89.95,90.36,210199
1785333000,90.34,90.92,90.31,90.65,128071
1785333600,90.65,90.66,90.12,90.28,79782
1785334200,90.31,90.51,90.2,90.51,78084
1785334800,90.49,90.8,90.24,90.66,93068
1785335400,90.63,90.69,90.39,90.65,38578
1785336000,90.66,90.74,90.11,90.21,48442
1785336600,90.19,90.33,89.94,90.13,39385
1785337200,90.13,90.31,90.05,90.08,66621
1785337800,90.07,90.27,90.02,90.15,35107
1785338400,90.13,90.37,90.12,90.36,25641
1785339000,90.36,90.44,90.22,90.395,39482
1785339600,90.4,90.43,90.135,90.22,51521
1785340200,90.21,90.415,90.19,90.23,31331
1785340800,90.23,90.31,90.165,90.24,28756
1785341400,90.23,90.3,89.97,90.02,48084
1785342000,90.025,90.125,89.87,89.87,38267
1785342600,89.86,89.86,89.7,89.72,25031
1785343200,89.74,89.97,89.67,89.915,44819
1785343800,89.92,89.97,89.79,89.83,31368
1785344400,89.84,89.86,89.65,89.77,42117
1785345000,89.77,89.805,89.55,89.57,38131
1785345600,89.59,89.59,89.4,89.44,26951
1785346200,89.43,89.52,89.33,89.5,46703
1785346800,89.51,89.52,89.39,89.39,17851
1785347400,89.39,89.4,89.275,89.35,29571
1785348000,89.34,89.45,88.93,88.95,83808
1785348600,88.92,89.04,88.77,88.92,35354
1785349200,88.925,89.15,88.925,89.14,38815
1785349800,89.14,89.185,88.89,88.97,44855
1785350400,88.97,89.09,88.91,88.92,40489
1785351000,88.93,88.99,88.84,88.86,47283
1785351600,88.86,88.89,88.74,88.89,58153
1785352200,88.9,89.03,88.8,88.97,43342
1785352800,88.98,89.105,88.91,88.91,54383
1785353400,88.9,89,88.82,88.99,50532
1785354000,89,89.25,88.79,89.18,86126
1785354600,89.165,89.38,89.09,89.135,323470
1785418200,87.61,88.41,87.42,87.98,202356
1785418800,87.99,88.06,87.55,87.76,105758
1785419400,87.76,87.85,87.43,87.48,79157
1785420000,87.47,87.775,87.46,87.55,95094
1785420600,87.54,87.92,87.325,87.83,71384
1785421200,87.84,87.93,87.34,87.47,56354
1785421800,87.47,87.67,87.22,87.37,50913
1785422400,87.4,87.64,87.33,87.39,48186
1785423000,87.38,88.04,87.38,87.82,49525
1785423600,87.81,87.9,87.66,87.85,42795
1785424200,87.88,88.12,87.735,87.87,54593
1785424800,87.88,87.95,87.8,87.84,33273
1785425400,87.83,88.05,87.82,87.96,25855
1785426000,87.97,88.2,87.96,88.15,26654
1785426600,88.18,88.38,88.17,88.24,25829
1785427200,88.245,88.25,88.03,88.05,23888
1785427800,88.05,88.14,87.93,88.14,23965
1785428400,88.13,88.13,87.875,87.88,21547
1785429000,87.89,88.13,87.88,88.01,30919
1785429600,88.02,88.14,88.01,88.11,14101
1785430200,88.1,88.2,88.05,88.175,18803
1785430800,88.18,88.33,88.17,88.27,20733
1785431400,88.275,88.31,88.2,88.28,15206
1785432000,88.295,88.36,88.25,88.31,16078
1785432600,88.31,88.46,88.285,88.43,24821
1785433200,88.445,88.45,88.33,88.35,24192
1785433800,88.34,88.39,88.23,88.24,18056
1785434400,88.24,88.47,88.24,88.465,24786
1785435000,88.46,88.545,88.45,88.53,25030
1785435600,88.54,88.58,88.48,88.56,24258
1785436200,88.555,88.555,88.43,88.5,22583
1785436800,88.5,88.51,88.395,88.485,37813
1785437400,88.485,88.545,88.445,88.47,37956
1785438000,88.47,88.57,88.38,88.425,33245
1785438600,88.435,88.45,88.32,88.325,25252
1785439200,88.33,88.43,88.315,88.375,22913
1785439800,88.39,88.46,88.25,88.26,36868
1785440400,88.265,88.4,88.24,88.395,66073
1785441000,88.41,88.64,88.235,88.51,181200
1785504600,87.92,87.92,86.82,87.35,181380
1785505200,87.34,87.56,87.27,87.28,73545
1785505800,87.26,87.5,87.14,87.39,74144
1785506400,87.36,87.65,87.35,87.65,58621
1785507000,87.64,87.79,87.33,87.38,87940
1785507600,87.395,87.85,87.34,87.69,51413
1785508200,87.69,87.69,87.46,87.5,29171
1785508800,87.5,87.71,87.47,87.52,32946
1785509400,87.52,87.64,87.48,87.58,17451
1785510000,87.59,87.6,87.46,87.58,20175
1785510600,87.58,87.76,87.48,87.67,25948
1785511200,87.67,87.98,87.67,87.84,22496
1785511800,87.83,87.95,87.77,87.95,23082
1785512400,87.93,88,87.9,87.91,30334
1785513000,87.91,87.92,87.57,87.72,37112
1785513600,87.69,87.71,87.59,87.63,14896
1785514200,87.63,87.67,87.455,87.48,15169
1785514800,87.49,87.53,87.42,87.42,15630
1785515400,87.41,87.45,87.31,87.35,26148
1785516000,87.36,87.5,87.36,87.46,14984
1785516600,87.45,87.45,87.33,87.33,23388
1785517200,87.34,87.375,87.295,87.365,14609
1785517800,87.365,87.37,87.235,87.26,18004
1785518400,87.26,87.31,87.22,87.25,15148
1785519000,87.26,87.3,87.22,87.3,12994
1785519600,87.31,87.4,87.23,87.38,14222
1785520200,87.37,87.4,87.3,87.34,17467
1785520800,87.33,87.64,87.33,87.635,17945
1785521400,87.63,87.71,87.52,87.575,27844
1785522000,87.58,87.67,87.57,87.64,37234
1785522600,87.63,87.64,87.53,87.59,12466
1785523200,87.59,87.64,87.56,87.57,13452
1785523800,87.555,87.63,87.495,87.575,14704
1785524400,87.58,87.69,87.51,87.68,12840
1785525000,87.68,87.81,87.68,87.81,16106
1785525600,87.8,87.92,87.735,87.735,20558
1785526200,87.725,87.9,87.69,87.89,25005
1785526800,87.88,87.92,87.78,87.79,37290
1785527400,87.785,87.785,87.47,87.59,149206
1785763800,88.24,88.3,87.69,87.7,129061
1785764400,87.7,87.99,87.42,87.45,90865
1785765000,87.46,87.59,87.2,87.28,77502
1785765600,87.27,87.58,87.17,87.3,78699
1785766200,87.31,87.43,87.11,87.32,27340
1785766800,87.34,87.39,87.045,87.07,28494
1785767400,87.06,87.06,86.88,86.96,62928
1785768000,86.99,87.05,86.83,86.85,35293
1785768600,86.84,86.84,86.71,86.71,33537
1785769200,86.71,86.98,86.69,86.98,49948
1785769800,87,87.04,86.8,86.85,22010
1785770400,86.85,86.98,86.77,86.94,26503
1785771000,86.94,86.99,86.78,86.985,20046
1785771600,86.99,87.08,86.94,87.055,22808
1785772200,87.05,87.13,86.965,87.03,20505
1785772800,87.02,87.07,86.94,86.98,19376
1785773400,86.97,87,86.78,86.81,19398
1785774000,86.81,86.85,86.74,86.8,19708
1785774600,86.79,86.82,86.64,86.82,27502
1785775200,86.81,86.88,86.695,86.88,16277
1785775800,86.89,86.99,86.88,86.94,15741
1785776400,86.94,86.94,86.8,86.84,15672
1785777000,86.83,86.84,86.75,86.82,17486
1785777600,86.81,86.85,86.78,86.8,12903
1785778200,86.8,86.88,86.76,86.88,11004
1785778800,86.905,87.03,86.905,87,12878
1785779400,86.99,87.03,86.96,86.98,14224
1785780000,86.98,87.13,86.91,87.11,37697
1785780600,87.105,87.11,86.995,87.04,19828
1785781200,87.03,87.1,86.97,86.97,25248
1785781800,86.975,87.02,86.93,86.98,21425
1785782400,86.98,86.99,86.785,86.87,22142
1785783000,86.86,86.93,86.81,86.92,22591
1785783600,86.91,87,86.855,86.94,39441
1785784200,86.94,86.97,86.88,86.88,24038
1785784800,86.89,86.93,86.77,86.775,50900
1785785400,86.77,86.815,86.68,86.78,39062
1785786000,86.77,86.925,86.77,86.87,60526
1785786600,86.86,87.11,86.73,86.87,154339
1785850200,86.5,86.5,85.16,85.68,135111
1785850800,85.67,85.78,85.55,85.69,50538
1785851400,85.67,85.91,85.57,85.85,59863
1785852000,85.85,86.08,85.82,86.005,34215
1785852600,86,86.07,85.89,86.05,31910
1785853200,86.06,86.24,85.91,85.92,28843
1785853800,85.94,86.23,85.94,86.165,29044
1785854400,86.16,86.35,86.11,86.295,16574
1785855000,86.295,86.39,86.28,86.31,18152
1785855600,86.3,86.33,86.145,86.16,20059
1785856200,86.16,86.175,86.05,86.11,25059
1785856800,86.13,86.17,86.015,86.07,20162
1785857400,86.065,86.14,86.02,86.06,12255
1785858000,86.07,86.11,86.01,86.09,20568
1785858600,86.07,86.12,85.95,86.04,18205
1785859200,86.03,86.08,85.95,86.08,16775
1785859800,86.1,86.18,86.095,86.16,13490
1785860400,86.16,86.27,86.15,86.24,9738
1785861000,86.24,86.26,86.16,86.17,12267
1785861600,86.185,86.315,86.185,86.305,11779
1785862200,86.3,86.39,86.29,86.3,10923
1785862800,86.3,86.33,86.2,86.27,10682
1785863400,86.26,86.39,86.25,86.35,14087
1785864000,86.355,86.475,86.35,86.42,15595
1785864600,86.42,86.5,86.38,86.44,17015
1785865200,86.43,86.525,86.42,86.48,12586
1785865800,86.475,86.51,86.455,86.47,9579
1785866400,86.46,86.52,86.44,86.51,16096
1785867000,86.51,86.59,86.46,86.47,17634
1785867600,86.46,86.49,86.38,86.395,10596
1785868200,86.39,86.45,86.33,86.44,11795
1785868800,86.43,86.52,86.36,86.38,10096
1785869400,86.375,86.46,86.36,86.41,10466
1785870000,86.415,86.5,86.395,86.5,18253
1785870600,86.5,86.5,86.4,86.45,19761
1785871200,86.44,86.485,86.395,86.415,20256
1785871800,86.41,86.51,86.4,86.495,21789
1785872400,86.52,86.65,86.52,86.65,43913
1785873000,86.65,86.68,86.37,86.555,109323
1785936600,87.24,87.24,86.34,86.57,62776
1785937200,86.58,86.6,86.28,86.29,28401
1785937800,86.28,86.6,86.19,86.54,38900
1785938400,86.53,86.77,86.37,86.42,50261
1785939000,86.41,86.52,86.33,86.5,20759
1785939600,86.5,86.65,86.47,86.55,25439
1785940200,86.56,87,86.56,86.98,37458
1785940800,86.98,87.065,86.73,86.79,42465
1785941400,86.795,86.88,86.66,86.825,33922
1785942000,86.84,86.85,86.65,86.65,15155
1785942600,86.66,86.8,86.64,86.71,24877
1785943200,86.72,86.73,86.56,86.6,40115
1785943800,86.61,86.64,86.54,86.61,21569
1785944400,86.6,86.74,86.57,86.685,12588
1785945000,86.68,86.71,86.6,86.64,23892
1785945600,86.64,86.94,86.64,86.94,18395
1785946200,86.94,87.04,86.83,86.89,17030
1785946800,86.87,86.885,86.71,86.725,13443
1785947400,86.705,86.835,86.68,86.695,14075
1785948000,86.69,86.75,86.61,86.62,10753
1785948600,86.64,86.69,86.61,86.655,10117
1785949200,86.66,86.75,86.65,86.74,11866
1785949800,86.745,86.78,86.71,86.725,13965
1785950400,86.73,86.75,86.71,86.73,11188
1785951000,86.73,86.805,86.71,86.76,15995
1785951600,86.76,86.81,86.705,86.735,20793
1785952200,86.73,86.78,86.71,86.75,13747
1785952800,86.74,86.87,86.735,86.79,12830
1785953400,86.8,86.84,86.77,86.785,15671
1785954000,86.78,86.78,86.735,86.765,7697
1785954600,86.76,86.81,86.73,86.735,13497
1785955200,86.74,86.77,86.705,86.77,6930
1785955800,86.76,86.89,86.75,86.84,20481
1785956400,86.84,86.84,86.73,86.745,22894
1785957000,86.735,86.805,86.73,86.78,18695
1785957600,86.79,86.82,86.73,86.82,25324
1785958200,86.82,86.865,86.8,86.82,34290
1785958800,86.82,87.03,86.78,86.985,45566
1785959400,86.98,87.15,86.79,86.82,162112
1786023000,87.805,87.93,87.24,87.45,99073
1786023600,87.44,87.49,87.15,87.19,45873
1786024200,87.19,87.43,87.11,87.14,34194
1786024800,87.16,87.4,87.11,87.14,35733
1786025400,87.13,87.15,86.85,87,33982
1786026000,87.01,87.12,86.93,87.11,41753
1786026600,87.11,87.14,86.87,86.93,38655
1786027200,86.93,87.19,86.85,86.97,38917
1786027800,86.99,87.12,86.9,86.985,19251
1786028400,87,87.24,86.94,86.95,19630
1786029000,86.93,86.96,86.8,86.82,23459
1786029600,86.83,86.83,86.575,86.66,34596
1786030200,86.65,86.65,86.525,86.55,26033
1786030800,86.56,86.71,86.51,86.67,22470
1786031400,86.675,86.7,86.525,86.545,24144
1786032000,86.55,86.73,86.505,86.525,15845
1786032600,86.51,86.56,86.45,86.51,17054
1786033200,86.5,86.72,86.48,86.72,28760
1786033800,86.725,86.74,86.55,86.55,18503
1786034400,86.55,86.67,86.535,86.65,15886
1786035000,86.64,86.64,86.495,86.525,14068
1786035600,86.52,86.54,86.46,86.47,14712
1786036200,86.48,86.53,86.43,86.46,17111
1786036800,86.46,86.51,86.42,86.47,15640
1786037400,86.48,86.57,86.455,86.57,16223
1786038000,86.585,86.68,86.55,86.62,13155
1786038600,86.61,86.7,86.61,86.685,8841
1786039200,86.68,86.72,86.57,86.64,34442
1786039800,86.625,86.71,86.575,86.6,23164
1786040400,86.61,86.61,86.535,86.61,8418
1786041000,86.61,86.7,86.58,86.64,13160
1786041600,86.64,86.74,86.63,86.74,11728
1786042200,86.74,86.755,86.67,86.71,18609
1786042800,86.7,86.715,86.575,86.66,16570
1786043400,86.68,86.68,86.54,86.56,15375
1786044000,86.56,86.57,86.43,86.52,25270
1786044600,86.53,86.575,86.45,86.53,20642
1786045200,86.54,86.69,86.54,86.66,31757
1786045800,86.67,86.865,86.57,86.86,141545
1786109400,86.37,86.76,86.19,86.67,78077
1786110000,86.64,86.86,86.63,86.77,35616
1786110600,86.8,86.98,86.75,86.905,29720
1786111200,86.9,87.01,86.8,86.93,28770
1786111800,86.91,87.07,86.81,86.82,47118
1786112400,86.82,86.98,86.67,86.75,27052
1786113000,86.74,86.8,86.575,86.74,36838
1786113600,86.72,86.81,86.58,86.73,60685
1786114200,86.75,86.82,86.655,86.78,21410
1786114800,86.78,86.8,86.62,86.72,19616
1786115400,86.72,86.89,86.68,86.89,26677
1786116000,86.89,86.965,86.87,86.87,22662
1786116600,86.87,86.94,86.82,86.89,26762
1786117200,86.875,86.94,86.835,86.89,25361
1786117800,86.89,86.92,86.825,86.84,23631
1786118400,86.835,86.92,86.825,86.88,15376
1786119000,86.885,86.995,86.875,86.995,8868
1786119600,87,87.055,86.965,86.99,11436
1786120200,86.99,87.075,86.915,87.02,14624
1786120800,87.01,87.09,87.01,87.05,11144
1786121400,87.04,87.07,86.945,86.98,17652
1786122000,86.98,87.08,86.98,87.025,12919
1786122600,87.02,87.115,87.02,87.02,9105
1786123200,87.02,87.06,86.985,87,7959
1786123800,86.995,87.035,86.985,87.02,8866
1786124400,87.02,87.07,87.01,87.045,6220
1786125000,87.045,87.05,87.01,87.05,6901
1786125600,87.04,87.1,87.03,87.065,7041
1786126200,87.05,87.12,87.05,87.09,8749
1786126800,87.09,87.13,87.07,87.1,6403
1786127400,87.11,87.12,87.05,87.05,12557
1786128000,87.045,87.09,87.02,87.03,9154
1786128600,87.025,87.1,87.01,87.015,16118
1786129200,87.02,87.02,86.93,86.985,14422
1786129800,86.99,87.12,86.99,87.11,12379
1786130400,87.1,87.13,87.08,87.125,13725
1786131000,87.12,87.16,87.06,87.06,19879
1786131600,87.06,87.12,87.03,87.06,31459
1786132200,87.06,87.14,86.95,87.05,152315
1786368600,87.14,87.14,86.45,86.57,75543
1786369200,86.57,86.74,86.44,86.54,56545
1786369800,86.51,86.71,86.44,86.63,51338
1786370400,86.63,86.71,86.51,86.64,52423
1786371000,86.65,86.995,86.47,86.99,49831
1786371600,87,87.03,86.84,86.97,47515
1786372200,86.98,87.17,86.92,87.11,29888
1786372800,87.11,87.195,86.98,87.15,18277
1786373400,87.13,87.435,87.12,87.43,40515
1786374000,87.42,87.48,87.32,87.44,27671
1786374600,87.45,87.52,87.315,87.47,32288
1786375200,87.48,87.49,87.37,87.39,15942
1786375800,87.4,87.48,87.4,87.44,11687
1786376400,87.44,87.465,87.36,87.42,13134
1786377000,87.42,87.455,87.26,87.335,17813
1786377600,87.33,87.385,87.23,87.35,11382
1786378200,87.35,87.46,87.34,87.4,14411
1786378800,87.4,87.42,87.29,87.42,15685
1786379400,87.425,87.43,87.26,87.33,39240
1786380000,87.33,87.395,87.305,87.38,9879
1786380600,87.38,87.41,87.35,87.39,16723
1786381200,87.38,87.46,87.325,87.34,29569
1786381800,87.35,87.39,87.31,87.34,9757
1786382400,87.34,87.4,87.29,87.34,22129
1786383000,87.35,87.38,87.28,87.31,15724
1786383600,87.295,87.31,87.26,87.26,10769
1786384200,87.27,87.29,87.2,87.245,20504
1786384800,87.25,87.27,87.12,87.19,12643
1786385400,87.18,87.19,87.05,87.08,20803
1786386000,87.08,87.12,87,87.01,14748
1786386600,87.01,87.01,86.91,86.92,14824
1786387200,86.91,86.935,86.84,86.85,13560
1786387800,86.85,86.86,86.77,86.78,17193
1786388400,86.78,86.86,86.71,86.86,19772
1786389000,86.865,86.96,86.84,86.96,18937
1786389600,86.955,87.015,86.81,86.835,17250
1786390200,86.83,86.885,86.78,86.875,26679
1786390800,86.87,86.91,86.82,86.89,35011
1786391400,86.89,86.98,86.71,86.875,105561
1786455000,86.69,87.05,86.43,86.96,66593
1786455600,86.94,86.98,86.78,86.925,42552
1786456200,86.93,86.945,86.58,86.61,32684
1786456800,86.61,86.84,86.4,86.43,36391
1786457400,86.42,86.42,86.16,86.32,34836
1786458000,86.32,86.445,86.23,86.43,29381
1786458600,86.43,86.53,86.4,86.475,15509
1786459200,86.48,86.51,86.28,86.29,42798
1786459800,86.28,86.325,86.11,86.13,58760
1786460400,86.12,86.31,86.11,86.25,24787
1786461000,86.25,86.31,86.18,86.26,19724
1786461600,86.27,86.44,86.245,86.44,22490
1786462200,86.44,86.57,86.43,86.57,20098
1786462800,86.58,86.7,86.55,86.7,7836
1786463400,86.7,86.735,86.65,86.735,18868
1786464000,86.74,86.82,86.72,86.77,15409
1786464600,86.78,86.91,86.75,86.845,11928
1786465200,86.85,86.895,86.8,86.82,8804
1786465800,86.83,86.88,86.75,86.76,10118
1786466400,86.74,86.83,86.735,86.78,7399
1786467000,86.78,86.85,86.73,86.755,10484
1786467600,86.76,86.81,86.745,86.81,13405
1786468200,86.805,86.85,86.77,86.85,10538
1786468800,86.85,86.88,86.77,86.79,11721
1786469400,86.79,86.85,86.74,86.76,19449
1786470000,86.76,86.79,86.7,86.73,12626
1786470600,86.73,86.73,86.64,86.71,12390
1786471200,86.72,86.72,86.56,86.56,12830
1786471800,86.56,86.655,86.53,86.58,13909
1786472400,86.59,86.64,86.525,86.53,16757
1786473000,86.53,86.64,86.53,86.63,9778
1786473600,86.62,86.635,86.5,86.55,15410
1786474200,86.55,86.565,86.5,86.55,15982
1786474800,86.545,86.59,86.49,86.54,33169
1786475400,86.535,86.58,86.49,86.58,12453
1786476000,86.58,86.61,86.53,86.55,19277
1786476600,86.56,86.67,86.55,86.67,21910
1786477200,86.68,86.76,86.62,86.74,46723
1786477800,86.74,86.75,86.49,86.5,153052
1786541400,85.78,86.2,85.66,86.08,78488
1786542000,86.07,86.19,85.95,85.97,29188
1786542600,86,86.27,85.96,86.14,19057
1786543200,86.14,86.39,86.14,86.27,25928
1786543800,86.275,86.37,86.25,86.355,30347
1786544400,86.37,86.39,86.27,86.3,15077
1786545000,86.31,86.43,86.225,86.37,64097
1786545600,86.38,86.605,86.38,86.6,23268
1786546200,86.61,86.67,86.51,86.63,32194
1786546800,86.63,86.63,86.55,86.62,15561
1786547400,86.63,86.68,86.58,86.67,17548
1786548000,86.665,86.82,86.66,86.82,15994
1786548600,86.815,87.03,86.76,87.03,28777
1786549200,87.01,87.21,87,87.2,18396
1786549800,87.19,87.29,87.16,87.27,23146
1786550400,87.28,87.29,87.12,87.135,10750
1786551000,87.135,87.15,87.03,87.035,13185
1786551600,87.03,87.05,86.92,86.97,20791
1786552200,86.97,87.06,86.96,87.04,15036
1786552800,87.03,87.04,86.93,86.975,13710
1786553400,86.97,87.005,86.94,86.985,17361
1786554000,86.98,87.06,86.97,87.02,15805
1786554600,87.03,87.055,87.02,87.04,11085
1786555200,87.035,87.045,86.995,87.02,15671
1786555800,87.03,87.1,87.02,87.07,15006
1786556400,87.075,87.19,87.04,87.19,9064
1786557000,87.185,87.23,87.1,87.11,12317
1786557600,87.12,87.16,86.86,86.92,31241
1786558200,86.92,86.96,86.85,86.865,14829
1786558800,86.865,86.87,86.8,86.83,12676
1786559400,86.83,86.9,86.805,86.85,12143
1786560000,86.84,86.84,86.76,86.78,9166
1786560600,86.78,86.86,86.68,86.69,15424
1786561200,86.685,86.77,86.66,86.77,13530
1786561800,86.77,86.855,86.76,86.845,11331
1786562400,86.84,86.875,86.765,86.78,13262
1786563000,86.79,86.86,86.78,86.81,16144
1786563600,86.81,86.82,86.7,86.76,24544
1786564200,86.77,86.785,86.64,86.735,83806
1786627800,87.4,87.5,86.9,87.23,56139
1786628400,87.2,87.4,87.11,87.27,28232
1786629000,87.27,87.44,87.2,87.36,28892
1786629600,87.38,87.675,87.37,87.56,40261
1786630200,87.56,87.56,87.3,87.48,24310
1786630800,87.49,87.64,87.49,87.58,13019
1786631400,87.58,87.66,87.54,87.58,16923
1786632000,87.59,87.73,87.53,87.64,21908
1786632600,87.64,87.7,87.56,87.69,18704
1786633200,87.7,87.74,87.57,87.62,29658
1786633800,87.62,87.69,87.435,87.45,26216
1786634400,87.46,87.49,87.305,87.33,28763
1786635000,87.35,87.55,87.27,87.53,20002
1786635600,87.505,87.58,87.38,87.545,28085
1786636200,87.545,87.65,87.51,87.58,17187
1786636800,87.59,87.6,87.53,87.57,15027
1786637400,87.57,87.71,87.57,87.68,22003
1786638000,87.685,87.685,87.545,87.57,13322
1786638600,87.54,87.615,87.49,87.575,18703
1786639200,87.57,87.615,87.555,87.57,15072
1786639800,87.57,87.6,87.53,87.54,17493
1786640400,87.535,87.55,87.46,87.47,9537
1786641000,87.46,87.485,87.42,87.48,6677
1786641600,87.48,87.54,87.48,87.53,14014
1786642200,87.53,87.54,87.45,87.515,18050
1786642800,87.51,87.56,87.49,87.52,10072
1786643400,87.52,87.57,87.515,87.56,10407
1786644000,87.56,87.63,87.56,87.595,7926
1786644600,87.59,87.64,87.585,87.62,7591
1786645200,87.62,87.67,87.61,87.67,9516
1786645800,87.675,87.69,87.56,87.63,15452
1786646400,87.63,87.65,87.56,87.59,13818
1786647000,87.59,87.605,87.43,87.445,22299
1786647600,87.45,87.47,87.37,87.42,17259
1786648200,87.415,87.51,87.385,87.475,28998
1786648800,87.47,87.49,87.39,87.43,36739
1786649400,87.44,87.56,87.415,87.42,33458
1786650000,87.415,87.47,87.365,87.465,30222
1786650600,87.47,87.63,87.39,87.435,128537
1786714200,87.41,87.77,87.2,87.66,78753
1786714800,87.65,87.76,87.44,87.63,42536
1786715400,87.62,87.69,87.52,87.6,28143
1786716000,87.605,87.75,87.58,87.63,44485
1786716600,87.62,87.85,87.53,87.82,40603
1786717200,87.83,87.92,87.68,87.85,31927
1786717800,87.85,87.87,87.66,87.66,37189
1786718400,87.67,87.74,87.575,87.65,22916
1786719000,87.64,87.66,87.56,87.66,12773
1786719600,87.65,87.785,87.64,87.73,25708
1786720200,87.735,87.815,87.69,87.75,15397
1786720800,87.74,87.89,87.72,87.86,12858
1786721400,87.86,87.9,87.84,87.86,13881
1786722000,87.87,87.97,87.87,87.88,18730
1786722600,87.885,87.91,87.785,87.8,17416
1786723200,87.8,87.89,87.8,87.85,8371
1786723800,87.845,87.86,87.765,87.765,11446
1786724400,87.765,87.795,87.7,87.725,12326
1786725000,87.72,87.77,87.68,87.685,34128
1786725600,87.68,87.695,87.58,87.6,12824
1786726200,87.605,87.645,87.6,87.635,7546
1786726800,87.64,87.71,87.625,87.69,4973
1786727400,87.685,87.73,87.685,87.725,7406
1786728000,87.72,87.725,87.68,87.7,8780
1786728600,87.71,87.72,87.635,87.65,7715
1786729200,87.645,87.645,87.59,87.605,9342
1786729800,87.605,87.64,87.6,87.62,7265
1786730400,87.63,87.705,87.63,87.68,18574
1786731000,87.68,87.69,87.61,87.62,8369
1786731600,87.64,87.68,87.6,87.645,9850
1786732200,87.65,87.675,87.635,87.65,7463
1786732800,87.665,87.71,87.625,87.7,11294
1786733400,87.695,87.71,87.65,87.655,8692
1786734000,87.65,87.655,87.605,87.62,12655
1786734600,87.63,87.66,87.57,87.58,18288
1786735200,87.575,87.595,87.53,87.535,13430
1786735800,87.53,87.56,87.45,87.52,24759
1786736400,87.505,87.565,87.465,87.55,19778
1786737000,87.55,87.76,87.51,87.71,118316
1786973400,87.49,88.02,87.095,87.67,58998
1786974000,87.7,87.74,87.45,87.48,20264
1786974600,87.53,87.76,87.49,87.58,24209
1786975200,87.58,87.78,87.57,87.63,29463
1786975800,87.62,87.86,87.55,87.8,16242
1786976400,87.81,87.81,87.645,87.7,13958
1786977000,87.71,87.87,87.68,87.7,23065
1786977600,87.7,87.705,87.51,87.53,17426
1786978200,87.53,87.55,87.21,87.29,20900
1786978800,87.28,87.31,87.105,87.25,43871
1786979400,87.24,87.34,87.11,87.15,55903
1786980000,87.16,87.17,86.99,87.115,37187
1786980600,87.12,87.16,87.06,87.13,14685
1786981200,87.14,87.14,86.92,86.94,13773
1786981800,86.94,87.04,86.915,86.985,13023
1786982400,86.98,87.08,86.96,87.07,9489
1786983000,87.07,87.18,87.07,87.175,10515
1786983600,87.17,87.23,87.13,87.135,10866
1786984200,87.14,87.22,87.09,87.09,9861
1786984800,87.1,87.12,87.055,87.07,7301
1786985400,87.06,87.11,87.05,87.07,6250
1786986000,87.07,87.09,86.945,87.04,16989
1786986600,87.03,87.11,86.95,86.97,11287
1786987200,86.97,87.025,86.92,87.01,13028
1786987800,87.01,87.01,86.93,86.95,13487
1786988400,86.95,86.96,86.9,86.93,11837
1786989000,86.94,86.975,86.92,86.94,11338
1786989600,86.94,87.15,86.94,87.14,14747
1786990200,87.14,87.19,87.105,87.18,18903
1786990800,87.18,87.19,87.06,87.075,20143
1786991400,87.075,87.075,87.01,87.03,11903
1786992000,87.025,87.03,86.91,86.92,11515
1786992600,86.91,86.95,86.85,86.9,17104
1786993200,86.9,86.915,86.855,86.91,11312
1786993800,86.9,87,86.88,86.94,16822
1786994400,86.94,86.97,86.855,86.935,18150
1786995000,86.94,86.955,86.9,86.91,22508
1786995600,86.91,87.105,86.88,87.06,38755
1786996200,87.07,87.11,86.965,86.99,88720
1787059800,88.265,88.33,87.89,88.07,109713
1787060400,88.05,88.55,87.97,88.47,48977
1787061000,88.465,88.5,88.27,88.36,41221
1787061600,88.35,88.6,88.175,88.59,36703
1787062200,88.61,88.63,88.41,88.52,42783
1787062800,88.52,88.58,88.33,88.345,25383
1787063400,88.35,88.53,88.28,88.53,29431
1787064000,88.54,88.66,88.53,88.59,22792
1787064600,88.59,88.78,88.59,88.76,24610
1787065200,88.75,88.92,88.69,88.88,24917
1787065800,88.88,88.93,88.785,88.91,35508
1787066400,88.92,88.92,88.73,88.83,30805
1787067000,88.83,88.85,88.66,88.825,44163
1787067600,88.82,88.875,88.65,88.73,21839
1787068200,88.72,88.78,88.685,88.7,18738
1787068800,88.69,88.79,88.66,88.77,15741
1787069400,88.77,88.84,88.75,88.79,20400
1787070000,88.79,88.79,88.72,88.775,27434
1787070600,88.79,88.83,88.69,88.7,18188
1787071200,88.69,88.705,88.6,88.65,15379
1787071800,88.64,88.675,88.605,88.65,8235
1787072400,88.66,88.705,88.62,88.705,23968
1787073000,88.69,88.76,88.69,88.73,40673
1787073600,88.72,88.8,88.71,88.74,12931
1787074200,88.745,88.78,88.7,88.75,16487
1787074800,88.75,88.795,88.715,88.795,14453
1787075400,88.8,88.89,88.785,88.89,16102
1787076000,88.88,88.93,88.8,88.93,17217
1787076600,88.92,88.93,88.85,88.855,12387
1787077200,88.85,88.88,88.82,88.845,19291
1787077800,88.85,88.905,88.83,88.83,18762
1787078400,88.84,88.91,88.83,88.885,18284
1787079000,88.885,88.94,88.86,88.91,12261
1787079600,88.91,88.93,88.86,88.86,19476
1787080200,88.865,88.915,88.82,88.91,15681
1787080800,88.9,88.93,88.78,88.79,19542
1787081400,88.795,88.815,88.69,88.72,25114
1787082000,88.72,88.735,88.59,88.72,28800
1787082600,88.71,88.96,88.7,88.83,143267
1787146200,88.59,89.9,88.59,89.82,86542
1787146800,89.81,89.9,89.67,89.68,54856
1787147400,89.66,90.1,89.63,89.77,57337
1787148000,89.77,90.02,89.75,90,41572
1787148600,89.99,90.23,89.99,90.22,42655
1787149200,90.24,90.3,89.86,89.87,51905
1787149800,89.86,90,89.75,89.75,36905
1787150400,89.74,89.98,89.72,89.84,29276
1787151000,89.85,89.86,89.69,89.78,27573
1787151600,89.81,89.93,89.72,89.81,21385
1787152200,89.77,89.77,89.575,89.65,17012
1787152800,89.65,89.69,89.46,89.51,18427
1787153400,89.52,89.665,89.52,89.575,37328
1787154000,89.58,89.595,89.4,89.49,21736
1787154600,89.5,89.52,89.43,89.485,19048
1787155200,89.49,89.525,89.38,89.47,29324
1787155800,89.47,89.725,89.45,89.705,28966
1787156400,89.705,89.79,89.65,89.76,47132
1787157000,89.75,89.765,89.66,89.725,22436
1787157600,89.7,89.92,89.67,89.92,23703
1787158200,89.91,89.94,89.865,89.925,22396
1787158800,89.93,90.12,89.89,90.02,51000
1787159400,90.03,90.04,89.9,90.02,30487
1787160000,90.03,90.04,90,90.02,6489
1787160600,90.03,90.04,89.97,90.015,7527
1787161200,90.025,90.13,90.02,90.13,9823
1787161800,90.13,90.2,90.12,90.19,17199
1787162400,90.2,90.445,90.16,90.41,23066
1787163000,90.41,90.585,90.41,90.47,24638
1787163600,90.47,90.495,90.44,90.495,11139
1787164200,90.5,90.595,90.46,90.58,15407
1787164800,90.59,90.635,90.515,90.635,17412
1787165400,90.64,90.74,90.62,90.71,23918
1787166000,90.71,90.755,90.62,90.655,53827
1787166600,90.64,90.67,90.54,90.57,42139
1787167200,90.57,90.59,90.35,90.485,102687
1787167800,90.49,90.53,90.36,90.39,70453
1787168400,90.4,90.44,90.35,90.35,48833
1787169000,90.34,90.415,90.26,90.38,120828
1787232600,90.18,90.53,89.73,90.44,102559
1787233200,90.42,90.9,90,90.7,110027
1787233800,90.71,91.23,90.71,91.09,133019
1787234400,91.1,91.2,91.02,91.1,39285
1787235000,91.07,91.14,90.99,91.04,32487
1787235600,91.06,91.08,90.92,90.92,27652
1787236200,90.935,91.01,90.85,90.91,27511
1787236800,90.92,90.97,90.85,90.97,22008
1787237400,90.975,91.14,90.89,91.1,23523
1787238000,91.11,91.27,91.01,91.22,96221
1787238600,91.22,91.43,91.21,91.32,69467
1787239200,91.32,91.49,91.32,91.475,31874
1787239800,91.49,91.51,91.42,91.51,22727
1787240400,91.51,91.53,91.45,91.505,19516
1787241000,91.52,91.52,91.4,91.42,21439
1787241600,91.43,91.71,91.43,91.71,26823
1787242200,91.72,91.87,91.71,91.84,47770
1787242800,91.835,91.87,91.69,91.705,23831
1787243400,91.7,91.755,91.68,91.71,17151
1787244000,91.73,91.76,91.64,91.65,44048
1787244600,91.65,91.72,91.6,91.63,34870
1787245200,91.635,91.78,91.62,91.77,36953
1787245800,91.78,91.78,91.65,91.66,18399
1787246400,91.655,91.67,91.515,91.57,21240
1787247000,91.58,91.6,91.37,91.37,33109
1787247600,91.38,91.385,91.25,91.29,21158
1787248200,91.28,91.42,91.27,91.405,14117
1787248800,91.4,91.4,91.215,91.345,27294
1787249400,91.35,91.37,91.185,91.22,19084
1787250000,91.22,91.23,91.165,91.18,13866
1787250600,91.175,91.29,91.14,91.25,28608
1787251200,91.26,91.27,91.195,91.215,15560
1787251800,91.22,91.25,91.16,91.185,16459
1787252400,91.19,91.25,91.08,91.24,30161
1787253000,91.24,91.24,91.16,91.24,17196
1787253600,91.24,91.24,91.075,91.075,23659
1787254200,91.09,91.12,90.99,91.105,41586
1787254800,91.1,91.12,90.9,90.97,103922
1787255400,90.97,90.98,90.39,90.53,186033
1787319000,90.84,90.91,90.32,90.5,50964
1787319600,90.51,90.71,90.42,90.44,33781
1787320200,90.46,90.61,90.36,90.385,21415
1787320800,90.38,90.71,90.35,90.67,40479
1787321400,90.67,90.87,90.57,90.87,30722
1787322000,90.9,90.975,90.71,90.78,23447
1787322600,90.79,90.905,90.76,90.79,21753
1787323200,90.8,90.88,90.71,90.78,23390
1787323800,90.78,90.85,90.69,90.83,17458
1787324400,90.82,90.82,90.64,90.64,14489
1787325000,90.64,90.65,90.54,90.61,16228
1787325600,90.61,90.64,90.44,90.5,21632
1787326200,90.5,90.56,90.4,90.55,20268
1787326800,90.55,90.59,90.48,90.58,13024
1787327400,90.58,90.65,90.55,90.645,11221
1787328000,90.65,90.675,90.51,90.62,12168
1787328600,90.615,90.64,90.55,90.57,10103
1787329200,90.59,90.61,90.55,90.57,11519
1787329800,90.59,90.72,90.54,90.7,20842
1787330400,90.7,90.73,90.64,90.71,17433
1787331000,90.7,90.84,90.69,90.815,14662
1787331600,90.81,90.9,90.75,90.9,14432
1787332200,90.915,90.93,90.86,90.88,6771
1787332800,90.89,90.93,90.86,90.92,9080
1787333400,90.91,90.93,90.785,90.84,10631
1787334000,90.86,90.87,90.76,90.81,7789
1787334600,90.81,90.81,90.7,90.73,9742
1787335200,90.735,90.755,90.68,90.685,9834
1787335800,90.68,90.705,90.62,90.69,15561
1787336400,90.69,90.74,90.67,90.7,5752
1787337000,90.7,90.8,90.7,90.79,8917
1787337600,90.785,90.845,90.785,90.845,6993
1787338200,90.84,90.965,90.835,90.965,10016
1787338800,90.96,90.96,90.8,90.83,8788
1787339400,90.83,90.865,90.78,90.8,10337
1787340000,90.805,90.81,90.695,90.77,13061
1787340600,90.77,90.77,90.62,90.68,16352
1787341200,90.67,90.72,90.57,90.72,37904
1787341800,90.72,91.13,90.71,91.1,208909