time,open,high,low,close,Volume
1715563200,18904.58,18904.58,18904.58,18904.58,
1715563800,18862.01,18916.81,18842.62,18888.8,
1715564400,18885.59,18893.35,18844.1,18858.79,
1715565000,18858.13,18895.46,18827.6,18890.16,
1715565600,18890.22,18898.46,18835.18,18879.3,
1715566200,18881.46,18981.35,18881.29,18980.19,
1715566800,18979.08,18996.16,18953.83,18955.76,
1715567400,18954.88,19044.18,18951.51,19035.63,
1715568000,19038.37,19097.84,19032.55,19084.67,
1715568600,19082.91,19086.44,19033.32,19035.4,
1715569200,19035.25,19047.81,18997.76,19031.08,
1715569800,19032.13,19042.13,19013.97,19032.68,
1715570400,19030.55,19087.9,19028.05,19083.45,
1715571000,19083.97,19089.58,19039.22,19047.51,
1715571600,19046.63,19046.72,19031.07,19039.96,
1715572200,19041.71,19054.07,19035.25,19051.67,
1715572800,19052.14,19052.14,19052.14,19052.14,
1715576400,19050.03,19109.45,19050.03,19058.69,
1715577000,19060.24,19065.93,19038.58,19052.02,
1715577600,19048.03,19121.51,19045.96,19117.58,
1715578200,19116.59,19121.51,19075.06,19080.12,
1715578800,19077.87,19091.09,19064.57,19083.9,
1715579400,19081.94,19101.65,19078.65,19097.11,
1715580000,19097.27,19099.06,19060.66,19063.44,
1715580600,19063.76,19068.62,19037.5,19045.54,
1715581200,19046.04,19054.28,19036.81,19054.28,
1715581800,19053.3,19078.26,19039.42,19076.33,
1715582400,19075.56,19095.89,19072.86,19084.83,
1715583000,19084.31,19093.02,19075.54,19084.12,
1715583600,19084.2,19096.41,19066.58,19074.67,
1715584200,19073.51,19103.18,19070.82,19102.79,
1715584800,19102.42,19122.68,19102.42,19110.62,
1715585400,19110.6,19123.48,19099.27,19107.66,
1715586000,19105.44,19112.72,19097.98,19101.87,
1715586600,19103.35,19113.07,19095.53,19113.07,
1715587200,19108.78,19115.06,19108.78,19115.06,
1715649600,19203.82,19203.82,19203.82,19203.82,
1715650200,19234.06,19301.13,19198.32,19204.64,
1715650800,19203.4,19220.51,19170.22,19178.09,
1715651400,19179.61,19197.16,19145.53,19153.87,
1715652000,19158.17,19163.6,19111.23,19119.66,
1715652600,19120.37,19178.06,19104.67,19166.89,
1715653200,19164.99,19181.49,19153.88,19171.05,
1715653800,19171.99,19171.99,19099.25,19124.44,
1715654400,19121.88,19130.61,19079.6,19080.97,
1715655000,19080.01,19135.43,19078.94,19117.29,
1715655600,19118.49,19145.97,19102.96,19138.39,
1715656200,19137.2,19143.95,19125.22,19125.22,
1715656800,19126.56,19139.87,19101.67,19108.79,
1715657400,19110.1,19111.99,19092.49,19101.27,
1715658000,19101.46,19109.7,19091.42,19091.42,
1715658600,19092.9,19096.16,19084.17,19089.78,
1715659200,19089.83,19089.83,19089.83,19089.83,
1715662800,19088.23,19107.72,19072.64,19107.72,
1715663400,19108.67,19116.03,19089.96,19113.45,
1715664000,19113.39,19129.61,19110.59,19111.16,
1715664600,19108.73,19117.34,19096.89,19097.96,
1715665200,19097.65,19098.99,19083.74,19085.44,
1715665800,19086.92,19111.33,19085.53,19104.78,
1715666400,19105.14,19114.65,19093.34,19112.93,
1715667000,19113.83,19127.76,19105.17,19119.19,
1715667600,19121.2,19128.79,19107.65,19111.12,
1715668200,19110.15,19112.01,19094.81,19104.41,
1715668800,19105.44,19123.81,19105.36,19118.85,
1715669400,19120.22,19128.94,19108.52,19110.83,
1715670000,19110.52,19119.31,19097.55,19108.1,
1715670600,19107.34,19113,19096,19108.07,
1715671200,19106.42,19109.33,19095.42,19105.74,
1715671800,19103.26,19116.5,19089.7,19092.48,
1715672400,19093.09,19099.7,19079.29,19082.9,
1715673000,19086.61,19098.44,19086.5,19094.75,
1715673600,19096.72,19096.72,19073.71,19073.71,
1715822400,19262.79,19262.79,19262.79,19262.79,
1715823000,19250.85,19250.85,19139.39,19139.39,
1715823600,19142.41,19227.03,19114.38,19174.97,
1715824200,19171.92,19210.32,19154.86,19178.69,
1715824800,19178.46,19213.85,19154.31,19185.96,
1715825400,19183.9,19199.77,19161.07,19199.22,
1715826000,19199.98,19261.93,19165.36,19231.49,
1715826600,19232.13,19269.81,19227.71,19268.73,
1715827200,19269.98,19302.15,19253.9,19292.28,
1715827800,19289.79,19347.6,19265,19329.73,
1715828400,19329.94,19329.94,19288.72,19295.7,
1715829000,19294.34,19310.99,19270.75,19289.42,
1715829600,19288.96,19326.06,19282.69,19324.02,
1715830200,19322.73,19369.94,19322.73,19341.05,
1715830800,19341.69,19397.14,19336.17,19388.28,
1715831400,19387.86,19391.73,19366.87,19377.37,
1715832000,19376.79,19376.79,19376.79,19376.79,
1715835600,19372.53,19412.96,19372.53,19383.55,
1715836200,19380.63,19397.25,19366.98,19390.21,
1715836800,19390.89,19438.75,19388.02,19431.69,
1715837400,19431.99,19442.84,19406.84,19433.08,
1715838000,19434.61,19442.9,19410.16,19417.75,
1715838600,19418.67,19439.9,19414.12,19415.12,
1715839200,19416.75,19417.74,19395.63,19411.24,
1715839800,19409.14,19435.23,19409.14,19429.73,
1715840400,19429.36,19438.93,19410.8,19415.24,
1715841000,19413.31,19413.61,19338.53,19343.74,
1715841600,19342.9,19364.29,19340.94,19361.45,
1715842200,19363.02,19379.1,19356.04,19361.1,
1715842800,19362.57,19362.77,19313.78,19325.42,
1715843400,19323.4,19352.28,19318.98,19347.95,
1715844000,19346.07,19358.05,19338.77,19351.77,
1715844600,19353.56,19362.88,19333.69,19339.14,
1715845200,19338.28,19342.01,19327.32,19339.73,
1715845800,19340.63,19366.31,19338.75,19358.48,
1715846400,19359.36,19376.53,19359.36,19376.53,
1715908800,19525.12,19525.12,19525.12,19525.12,
1715909400,19508.61,19593.18,19490.84,19588.39,
1715910000,19597.52,19597.52,19520.12,19521.14,
1715910600,19530.93,19563.14,19501.82,19563.14,
1715911200,19569.1,19572.94,19450.87,19469.57,
1715911800,19477.09,19477.09,19438.2,19445.29,
1715912400,19456.96,19469.54,19418,19419.25,
1715913000,19426.43,19426.43,19373.53,19386.07,
1715913600,19396.42,19396.42,19342.96,19366.29,
1715914200,19371.49,19399.23,19344.71,19399.23,
1715914800,19404.47,19417.9,19386.55,19398.08,
1715915400,19405.93,19407.79,19382.9,19389.04,
1715916000,19394.68,19408.84,19391.99,19407.86,
1715916600,19415.16,19428.18,19405.58,19425.01,
1715917200,19430.24,19430.24,19407.59,19413,
1715917800,19420.74,19425.26,19411.61,19423.12,
1715918400,19433.14,19433.14,19433.14,19433.14,
1715922000,19418.75,19463.46,19404.68,19455.73,
1715922600,19464.46,19476.34,19454.52,19457.98,
1715923200,19466.07,19466.07,19398.92,19400.77,
1715923800,19411.53,19437.45,19397.61,19436.43,
1715924400,19442.57,19465.13,19436.01,19452.41,
1715925000,19457.69,19510.27,19450.59,19477.76,
1715925600,19485.63,19498.57,19466.88,19477.99,
1715926200,19488.78,19496.2,19469.19,19469.43,
1715926800,19477.38,19481.15,19460.93,19475.63,
1715927400,19486.69,19536.2,19480.48,19536.2,
1715928000,19542.87,19543.77,19502.45,19520.61,
1715928600,19528.37,19533.5,19517.57,19524.52,
1715929200,19529.31,19553.23,19520.55,19544.89,
1715929800,19553.8,19561.11,19538.56,19557.7,
1715930400,19563.56,19575.26,19549.49,19569.3,
1715931000,19577.24,19602.24,19568.81,19593.06,
1715931600,19596.77,19598.99,19577.11,19579.93,
1715932200,19588.26,19588.77,19571.01,19584.15,
1715932800,19591.29,19591.29,19553.61,19553.61,
1716168000,19621.43,19621.43,19621.43,19621.43,
1716168600,19614.95,19680.23,19610.51,19631.47,
1716169200,19629.96,19687.84,19624.22,19628.11,
1716169800,19627.03,19674.21,19610.54,19622.65,
1716170400,19620.35,19629.89,19574.56,19609.86,
1716171000,19609.58,19627.49,19586.97,19602.35,
1716171600,19602.72,19639.6,19582.76,19614,
1716172200,19614.49,19677.46,19601.88,19665.76,
1716172800,19663.27,19674.14,19633.96,19646.46,
1716173400,19646.89,19653.1,19625.9,19626.91,
1716174000,19626.77,19636.8,19608.11,19608.75,
1716174600,19608.58,19649.81,19606.2,19606.84,
1716175200,19608.92,19627.78,19602.31,19622.1,
1716175800,19624.28,19645.01,19619.79,19636.65,
1716176400,19636.69,19657.12,19632.68,19647.35,
1716177000,19645.79,19663.06,19642.9,19649.15,
1716177600,19650.18,19650.18,19650.18,19650.18,
1716181200,19649.48,19706.12,19641.9,19692.52,
1716181800,19691.38,19692.44,19672.11,19677.22,
1716182400,19675.14,19683.45,19650.19,19651.28,
1716183000,19652.32,19652.32,19630.24,19635.47,
1716183600,19634.42,19670.9,19633.28,19664.41,
1716184200,19663.98,19687.38,19656.05,19679.95,
1716184800,19677.67,19682.97,19665.23,19672.92,
1716185400,19672.22,19683.66,19651.96,19654.05,
1716186000,19653.68,19668.6,19639.89,19652.97,
1716186600,19652.78,19665.32,19636.47,19639.2,
1716187200,19638.21,19661.43,19631.42,19660.2,
1716187800,19658.47,19661.59,19634.21,19637.77,
1716188400,19640.05,19644.42,19624.13,19624.13,
1716189000,19624.56,19630.61,19613.51,19616.41,
1716189600,19613.06,19615.38,19579.23,19593.37,
1716190200,19592.29,19607.99,19589.22,19602.74,
1716190800,19603.61,19608.29,19595.67,19601.01,
1716191400,19599.62,19614.23,19598.12,19609.03,
1716192000,19608.3,19636.22,19608.3,19636.22,
1716254400,19473.67,19473.67,19473.67,19473.67,
1716255000,19467.48,19478.32,19399.84,19477.51,
1716255600,19480.21,19487.36,19439.05,19441.38,
1716256200,19439.35,19442.65,19334.31,19343.64,
1716256800,19346.22,19358,19294.39,19299.15,
1716257400,19296.67,19300.69,19241.67,19248.03,
1716258000,19247.58,19300.13,19245.87,19276.35,
1716258600,19278.23,19278.23,19224.11,19226.34,
1716259200,19224.17,19249.66,19191.28,19196.69,
1716259800,19197.11,19222.41,19187.74,19219.81,
1716260400,19218.07,19264.75,19216.17,19250.94,
1716261000,19250.56,19250.56,19210.9,19226.11,
1716261600,19227.52,19236.25,19221.81,19227.19,
1716262200,19226.77,19233.27,19216.17,19233.27,
1716262800,19233.29,19248.03,19228.2,19232.65,
1716263400,19232.35,19240.02,19220.73,19233.66,
1716264000,19234.33,19234.33,19234.33,19234.33,
1716267600,19231.71,19285.51,19223.38,19267.43,
1716268200,19268.86,19282.67,19267.29,19273.08,
1716268800,19271.63,19301.33,19269.34,19296.91,
1716269400,19297.25,19303.6,19275.54,19279.65,
1716270000,19278.98,19298.7,19265.67,19265.67,
1716270600,19264.56,19267.67,19232.99,19235.34,
1716271200,19237.51,19238.44,19205.86,19228.87,
1716271800,19227.17,19230.82,19192.5,19194.7,
1716272400,19194.41,19194.58,19175.8,19180.34,
1716273000,19181.39,19205.4,19178.19,19192.56,
1716273600,19191.49,19220.02,19189.39,19208.8,
1716274200,19212.11,19216.81,19196.67,19209.39,
1716274800,19210.2,19235.61,19210.2,19229.57,
1716275400,19231.68,19258.27,19224.15,19254.91,
1716276000,19253.54,19275.6,19251.35,19271.13,
1716276600,19269.17,19275.02,19251.42,19253.14,
1716277200,19253.62,19261.17,19231.19,19231.79,
1716277800,19234.38,19235.26,19207.36,19217.67,
1716278400,19216.17,19220.62,19216.17,19220.62,
1716340800,19225.26,19225.26,19225.26,19225.26,
1716341400,19205.81,19224.37,19150.42,19162.14,
1716342000,19162.15,19234.48,19149.41,19234.48,
1716342600,19236.46,19274.18,19223.95,19254.3,
1716343200,19253.82,19334.83,19247.6,19331.86,
1716343800,19330.19,19359.68,19315.49,19318.49,
1716344400,19316.82,19323.56,19277.54,19302.17,
1716345000,19301.06,19333.55,19292.05,19301.69,
1716345600,19303.52,19322.69,19276.09,19277.82,
1716346200,19279.77,19300.79,19272.55,19288.85,
1716346800,19286.62,19292.76,19251.7,19264.07,
1716347400,19264,19291.26,19244.66,19244.95,
1716348000,19245,19246,19225.23,19225.24,
1716348600,19225.34,19252.24,19221.55,19247.54,
1716349200,19247.67,19255.32,19242.21,19245.95,
1716349800,19246.27,19262.68,19238.5,19254.44,
1716350400,19254.8,19254.8,19254.8,19254.8,
1716354000,19250.31,19271.86,19247.86,19270.17,
1716354600,19272.4,19300.56,19256.43,19297.86,
1716355200,19294.82,19299.53,19248.08,19253.77,
1716355800,19253.19,19257.28,19237.24,19239.23,
1716356400,19238.75,19259.14,19235.77,19254.05,
1716357000,19252.64,19274.74,19252.08,19269.82,
1716357600,19270.7,19295.3,19242.92,19244.09,
1716358200,19244.29,19262.73,19239.7,19249.82,
1716358800,19251.87,19259.99,19234.17,19235.43,
1716359400,19235.83,19237.69,19203.65,19209.2,
1716360000,19209.35,19215.12,19196.77,19205.48,
1716360600,19205.34,19211.71,19187.47,19190.74,
1716361200,19190.88,19196.55,19173.1,19176.71,
1716361800,19175.34,19192.84,19174.39,19186.02,
1716362400,19186.09,19200.51,19181.87,19186.3,
1716363000,19186.41,19192.85,19178.38,19181.27,
1716363600,19183.69,19190.44,19173.35,19177.6,
1716364200,19175.58,19195.25,19173.12,19195.25,
1716364800,19197.68,19197.68,19195.6,19195.6,
1716427200,19024.41,19024.41,19024.41,19024.41,
1716427800,19010.11,19010.11,18934.07,18936.82,
1716428400,18934.79,18953.66,18894.12,18926.66,
1716429000,18925.04,18925.24,18866.01,18866.47,
1716429600,18865.19,18865.19,18802.95,18835.8,
1716430200,18835.23,18842.58,18776.21,18778.12,
1716430800,18776.72,18879.89,18776.72,18876.67,
1716431400,18877.34,18901.44,18870.64,18901.44,
1716432000,18900.7,18952.88,18900.7,18931.53,
1716432600,18929.83,18933.27,18896.01,18909.97,
1716433200,18910.46,18946.28,18897.93,18932.72,
1716433800,18931.69,18970.24,18926.39,18962.93,
1716434400,18963.03,18965.42,18940.08,18947.63,
1716435000,18947.99,18948.1,18929.65,18933.25,
1716435600,18932.35,18934.42,18911.08,18931.88,
1716436200,18931.65,18935.83,18917.66,18929.13,
1716436800,18930.02,18930.02,18930.02,18930.02,
1716440400,18923.8,18925.62,18893.61,18901.91,
1716441000,18898.6,18910.72,18878.39,18881.25,
1716441600,18880.89,18885.05,18849.45,18867.21,
1716442200,18864.41,18884.15,18861.17,18870.52,
1716442800,18868.52,18876.82,18833.44,18838.61,
1716443400,18838.87,18863.17,18836.4,18840.35,
1716444000,18841.43,18872.31,18839.86,18851.23,
1716444600,18856.35,18890.9,18852.64,18890.9,
1716445200,18891.32,18919.69,18886.86,18892.48,
1716445800,18891.96,18894.32,18876.52,18883.4,
1716446400,18883.28,18917.15,18879.26,18911.96,
1716447000,18914.61,18922.28,18908.09,18918.35,
1716447600,18919.59,18934.83,18907.79,18927.39,
1716448200,18929.02,18935.88,18906.51,18906.51,
1716448800,18905.53,18912.21,18872.19,18876.7,
1716449400,18876.44,18882.98,18831.96,18854.09,
1716450000,18853.48,18863.49,18844.24,18852.59,
1716450600,18852.22,18874.03,18849.5,18868.31,
1716451200,18868.76,18868.76,18868.71,18868.71,
1716513600,18742.28,18742.28,18742.28,18742.28,
1716514200,18760.63,18798.3,18740.82,18789.43,
1716514800,18787.95,18867.91,18787.95,18822.69,
1716515400,18811.07,18836.94,18755.01,18760.29,
1716516000,18751.22,18757.77,18672.99,18676.97,
1716516600,18668.74,18686.75,18644.73,18662.32,
1716517200,18649.43,18653.59,18608.19,18638.25,
1716517800,18630.66,18633.64,18593.1,18603.76,
1716518400,18594,18629.39,18572.27,18607.96,
1716519000,18599.26,18644.86,18599.26,18628.37,
1716519600,18617.97,18683.92,18617.97,18683.92,
1716520200,18673.36,18702.37,18673.36,18696.48,
1716520800,18687.09,18697.47,18637.54,18642.05,
1716521400,18632.19,18648.07,18626.49,18645.7,
1716522000,18635.86,18648.27,18628.56,18638.73,
1716522600,18628.74,18647.21,18628.74,18641.55,
1716523200,18629.1,18629.1,18629.1,18629.1,
1716526800,18628.83,18667.01,18614.74,18648.64,
1716527400,18639.13,18652.13,18630.82,18633.97,
1716528000,18622.95,18640.96,18616.18,18617.73,
1716528600,18609.59,18614.39,18571.29,18586.77,
1716529200,18577.05,18598.49,18574.75,18594.41,
1716529800,18583.22,18626.42,18583.22,18603.9,
1716530400,18595.43,18622.4,18594.78,18617.96,
1716531000,18609.19,18621.97,18587.68,18591.9,
1716531600,18583.19,18592.92,18571.01,18576.86,
1716532200,18572.24,18581.35,18553.77,18577.29,
1716532800,18568.43,18577.21,18546.69,18553.33,
1716533400,18544.25,18568.88,18537.92,18566.35,
1716534000,18557.88,18576.48,18542.63,18549.85,
1716534600,18539.99,18564.03,18532.41,18562.76,
1716535200,18556.17,18588.56,18556.17,18578.67,
1716535800,18572.33,18597.86,18572.33,18587.21,
1716536400,18579.24,18600.46,18572.91,18595.9,
1716537000,18590.76,18604.25,18589.78,18602.02,
1716537600,18590.33,18608.94,18590.33,18608.94,
1716772800,18606.02,18606.02,18606.02,18606.02,
1716773400,18623.56,18742.61,18619.29,18707.83,
1716774000,18710.73,18721.04,18655.74,18655.74,
1716774600,18660.25,18697.94,18631.7,18692.17,
1716775200,18690.36,18692.63,18638.46,18646.21,
1716775800,18646.66,18646.66,18555.69,18585.35,
1716776400,18585.55,18595.62,18528.25,18528.25,
1716777000,18528.36,18580.36,18504.53,18579.6,
1716777600,18578.93,18625.16,18567.35,18620.2,
1716778200,18620.68,18646.97,18613.25,18641.52,
1716778800,18640.56,18696.44,18635.96,18696.44,
1716779400,18693.09,18717.8,18677.8,18692.43,
1716780000,18693.18,18720.17,18677.62,18705.6,
1716780600,18706.1,18708.38,18658.93,18660.08,
1716781200,18660.2,18667.48,18651.19,18662.25,
1716781800,18661.8,18672.29,18660.36,18666.43,
1716782400,18665.79,18665.79,18665.79,18665.79,
1716786000,18670.89,18725.35,18670.89,18722.37,
1716786600,18720.53,18776.31,18710.12,18771.09,
1716787200,18771.17,18772.6,18721.25,18737.52,
1716787800,18738.27,18747.82,18725.45,18736.62,
1716788400,18735.1,18749.78,18733.87,18745.22,
1716789000,18742.7,18742.7,18716.09,18738.29,
1716789600,18736.92,18800.36,18734.43,18792.38,
1716790200,18793.64,18826.53,18792.29,18823.95,
1716790800,18822.03,18842.8,18811.78,18838.88,
1716791400,18838.91,18866.76,18834.55,18850.97,
1716792000,18848.5,18871.13,18838.02,18855.37,
1716792600,18856.75,18859.31,18830.06,18832.37,
1716793200,18831.79,18853.07,18815.01,18845.94,
1716793800,18844.49,18861.13,18840.32,18858.02,
1716794400,18855.81,18858.43,18844.75,18851.79,
1716795000,18852.74,18856.18,18839.11,18847.67,
1716795600,18847.22,18849.25,18826.81,18830.13,
1716796200,18831.66,18844.02,18824.37,18842.12,
1716796800,18841.89,18841.89,18827.35,18827.35,
1716859200,18814.01,18814.01,18814.01,18814.01,
1716859800,18802.41,18901.21,18788.19,18832.32,
1716860400,18830.37,18887.83,18791.38,18879.82,
1716861000,18880.32,18923.31,18872.55,18916.71,
1716861600,18916.28,18952.28,18914.32,18951.01,
1716862200,18948.69,18983.73,18948.69,18972.19,
1716862800,18974.35,19000.52,18971.23,18972.46,
1716863400,18970.71,18974.91,18936.31,18936.31,
1716864000,18936.16,18937.79,18896.67,18901.42,
1716864600,18901.02,18901.02,18858.49,18875.7,
1716865200,18873.69,18897.85,18865.63,18894.5,
1716865800,18893.64,18914.08,18893.11,18896.79,
1716866400,18897.03,18913.97,18882.4,18904.31,
1716867000,18904.39,18953.62,18899.47,18953.62,
1716867600,18955.68,18957.1,18934.82,18934.82,
1716868200,18935.88,18942.86,18932.62,18935.26,
1716868800,18934.74,18934.74,18934.74,18934.74,
1716872400,18938.11,18938.11,18873.31,18890.22,
1716873000,18890.46,18902.92,18836.28,18842.49,
1716873600,18841.58,18858.22,18838.78,18848.36,
1716874200,18847.38,18848.05,18819.96,18837.98,
1716874800,18837.28,18851.28,18824.41,18845.08,
1716875400,18845.52,18848,18798.02,18801.9,
1716876000,18815.51,18817.87,18776.1,18806.16,
1716876600,18805.45,18815.07,18790.43,18805.46,
1716877200,18804.32,18808.37,18781.33,18791.2,
1716877800,18781.08,18850.63,18781.08,18839.62,
1716878400,18839.85,18839.88,18800.19,18803.48,
1716879000,18802.31,18819.72,18796.32,18810.37,
1716879600,18810.89,18831.17,18810.89,18815.36,
1716880200,18813.99,18816.31,18786.81,18797.55,
1716880800,18796.04,18826.76,18793.53,18821.12,
1716881400,18822.53,18850.42,18822.53,18850.07,
1716882000,18848.38,18854.98,18824.7,18829.02,
1716882600,18829.98,18835.74,18814.68,18823.72,
1716883200,18824.56,18824.56,18821.16,18821.16,
1716945600,18659.41,18659.41,18659.41,18659.41,
1716946200,18675,18694.55,18578.82,18633.1,
1716946800,18635.44,18647.76,18560.08,18598.21,
1716947400,18598.15,18649.41,18562.87,18612.25,
1716948000,18612.52,18626.06,18577.8,18585.22,
1716948600,18583.63,18650.58,18580.99,18631.82,
1716949200,18631.62,18632.46,18577.43,18623.69,
1716949800,18622.58,18632.84,18582.36,18583.34,
1716950400,18584.91,18585.86,18536.14,18545.84,
1716951000,18545.52,18562.22,18533.98,18552.43,
1716951600,18551.55,18559.37,18533.5,18535.22,
1716952200,18540.39,18546.88,18521.91,18541.94,
1716952800,18541.97,18553.49,18500.33,18518.82,
1716953400,18520.05,18532.04,18518,18520.34,
1716954000,18520.61,18526.65,18514.34,18517.4,
1716954600,18518.99,18538.9,18515.94,18531.77,
1716955200,18531.29,18531.29,18531.29,18531.29,
1716958800,18532.59,18554.13,18516.88,18550.95,
1716959400,18553.19,18553.19,18525.2,18532.35,
1716960000,18532.44,18549.05,18528.85,18531.84,
1716960600,18532.95,18538.72,18501.88,18501.88,
1716961200,18494.96,18497.89,18471.32,18496.01,
1716961800,18494.19,18497.18,18453.53,18465.15,
1716962400,18465.98,18467.95,18447.45,18449.44,
1716963000,18449.74,18452.37,18425.09,18448.58,
1716963600,18449.5,18506.44,18447.25,18505.8,
1716964200,18508.58,18569.38,18508.58,18551.93,
1716964800,18551.25,18554.71,18509.08,18519.52,
1716965400,18519.41,18530.04,18514.24,18519.36,
1716966000,18521.29,18529.11,18503.55,18506.63,
1716966600,18508.38,18528.28,18501.75,18527.23,
1716967200,18526.65,18536.33,18504.6,18505.22,
1716967800,18505.09,18510.08,18477.64,18480.08,
1716968400,18478.31,18509.44,18478.22,18497.48,
1716969000,18500.12,18514.48,18488.05,18505.83,
1716969600,18507.52,18507.52,18477.01,18477.01,
1717032000,18423.78,18423.78,18423.78,18423.78,
1717032600,18433.28,18498.6,18373.83,18484.3,
1717033200,18470.18,18529.46,18470.18,18503.83,
1717033800,18488.72,18537.92,18460.83,18489.13,
1717034400,18473.97,18527.09,18419.91,18419.91,
1717035000,18409.57,18456.51,18363.15,18367.25,
1717035600,18355.05,18388.89,18341.93,18354.66,
1717036200,18340.97,18381.92,18315.23,18315.26,
1717036800,18304.74,18328.63,18278.43,18300.31,
1717037400,18283.78,18303.94,18257.53,18261.35,
1717038000,18248.28,18311.64,18248.28,18305.23,
1717038600,18289.67,18315.67,18289.6,18305.86,
1717039200,18292.7,18329.63,18292.7,18305.77,
1717039800,18295.3,18310.21,18269.06,18283.86,
1717040400,18271.08,18299.61,18270.21,18277.54,
1717041000,18265.62,18288.35,18263.54,18268.66,
1717041600,18252.32,18252.32,18252.32,18252.32,
1717045200,18252.99,18264.72,18229.52,18236.8,
1717045800,18221.5,18244.87,18198.48,18204.01,
1717046400,18194.08,18226.06,18194.08,18219.18,
1717047000,18206.88,18259.99,18206.88,18220.91,
1717047600,18209.89,18252.31,18204.4,18208.38,
1717048200,18195.3,18215.16,18175.67,18187.11,
1717048800,18176,18212.42,18173.88,18198.96,
1717049400,18187.75,18200.54,18174.3,18189.71,
1717050000,18176.04,18206.13,18172.04,18203.11,
1717050600,18185.17,18204.45,18168.78,18173.28,
1717051200,18163.21,18197.32,18163.21,18191.96,
1717051800,18180.01,18219.11,18180.01,18203.48,
1717052400,18191.53,18233.97,18191.53,18225.34,
1717053000,18209.98,18239.12,18209.98,18234.47,
1717053600,18221.25,18245.86,18214.33,18239.99,
1717054200,18224.91,18253.39,18224.91,18235.17,
1717054800,18225.5,18239.83,18203.73,18204.51,
1717055400,18195.44,18238.42,18195.44,18237.22,
1717056000,18234.15,18234.15,18230.19,18230.19,
1717118400,18409.62,18409.62,18409.62,18409.62,
1717119000,18436.19,18536.7,18411.24,18529.16,
1717119600,18526.42,18532.87,18456.67,18493.82,
1717120200,18493.39,18551.18,18472.66,18539.5,
1717120800,18539.23,18539.45,18463.33,18473.51,
1717121400,18472.84,18497.3,18447.05,18492.95,
1717122000,18493.02,18506.65,18454.12,18455.94,
1717122600,18456.19,18465.97,18430.3,18464.94,
1717123200,18464.08,18471.6,18434.71,18444.24,
1717123800,18445.9,18448.69,18398.22,18401.34,
1717124400,18402.41,18434.23,18393.9,18434.23,
1717125000,18433.15,18438.32,18386.61,18403.36,
1717125600,18404.36,18423.59,18392.64,18419.07,
1717126200,18418.6,18423.53,18404.87,18413.79,
1717126800,18411.7,18419.96,18399.16,18408.45,
1717127400,18409.15,18412.46,18391.78,18402.11,
1717128000,18402.19,18402.19,18402.19,18402.19,
1717131600,18400.81,18430.38,18390.58,18425.74,
1717132200,18424.52,18428.68,18400.49,18404.17,
1717132800,18403.71,18410.98,18345.22,18345.22,
1717133400,18347.22,18367.72,18332.25,18365.54,
1717134000,18364.36,18396.59,18360.19,18391.96,
1717134600,18391.63,18396.54,18333.04,18333.04,
1717135200,18334.25,18335.09,18298.84,18299.44,
1717135800,18300.62,18303.49,18253.42,18255.62,
1717136400,18254.28,18262.99,18212.95,18254.26,
1717137000,18256.32,18274.66,18256.32,18268.27,
1717137600,18269.49,18271.12,18226.76,18240.56,
1717138200,18241.74,18255.54,18233.15,18239.53,
1717138800,18239.02,18254.27,18230.27,18237.59,
1717139400,18239.44,18239.99,18202.96,18213.05,
1717140000,18213.27,18216.81,18189.45,18197.34,
1717140600,18195.83,18198.31,18124.83,18145.97,
1717141200,18148.59,18156.66,18114.5,18115.3,
1717141800,18114.45,18117.79,18077.39,18092.78,
1717142400,18088.7,18088.7,18079.61,18079.61,
1717377600,18283.56,18283.56,18283.56,18283.56,
1717378200,18313.44,18385.7,18296.65,18370.66,
1717378800,18371.05,18518.35,18371.05,18496.71,
1717379400,18495.17,18525.59,18491.76,18523.02,
1717380000,18522.14,18538.95,18478.5,18478.5,
1717380600,18478.88,18569.4,18476.98,18567.76,
1717381200,18567.55,18567.72,18523.28,18537.68,
1717381800,18537.06,18567.08,18510.83,18522.82,
1717382400,18525,18557.55,18524.24,18531.55,
1717383000,18530.98,18556.85,18528.19,18549.71,
1717383600,18545.86,18566.98,18536.07,18555.47,
1717384200,18558.75,18573.81,18548.3,18551.12,
1717384800,18549.65,18550.29,18458.49,18459.48,
1717385400,18459.03,18504.18,18454.18,18504.18,
1717386000,18502.92,18503.21,18480.49,18495.52,
1717386600,18495.13,18511.1,18493.95,18498.1,
1717387200,18498.33,18498.33,18498.33,18498.33,
1717390800,18493.77,18512.24,18472.63,18509.37,
1717391400,18508.11,18524.56,18492.41,18492.41,
1717392000,18493.29,18530.55,18466.4,18526.88,
1717392600,18526.24,18556.27,18513.34,18517.71,
1717393200,18517.02,18526.71,18485.31,18494.62,
1717393800,18494.78,18517.94,18462.41,18472.06,
1717394400,18470.64,18480.22,18457.02,18463.15,
1717395000,18466.43,18468.92,18434.98,18434.98,
1717395600,18436.91,18447.86,18423.69,18442.14,
1717396200,18443.74,18473.34,18439.05,18468.44,
1717396800,18469.59,18479.19,18459.41,18477.92,
1717397400,18478.07,18482.43,18445.48,18446.44,
1717398000,18446.06,18456.1,18418.67,18428.53,
1717398600,18425.22,18425.9,18392.55,18395.06,
1717399200,18396.58,18409.16,18394.99,18401.09,
1717399800,18400.56,18413.06,18400.13,18403.07,
1717400400,18403.01,18414.15,18394.27,18410.22,
1717401000,18407.79,18410.69,18386.71,18402.18,
1717401600,18402.16,18403.04,18402.16,18403.04,
1717464000,18335.45,18335.45,18335.45,18335.45,
1717464600,18347.04,18411.55,18346.12,18411.55,
1717465200,18412.48,18450.82,18393.91,18415.81,
1717465800,18415.47,18498.06,18413.02,18475.71,
1717466400,18480.67,18523.3,18469.41,18521.27,
1717467000,18521.04,18536.06,18467.57,18468.58,
1717467600,18468.26,18477.93,18444.29,18444.29,
1717468200,18443.41,18445.98,18407.59,18422.72,
1717468800,18422.06,18444.39,18405.18,18422.57,
1717469400,18424.16,18468.52,18418.54,18468.4,
1717470000,18468.79,18500.67,18460.86,18499.8,
1717470600,18498.59,18505.12,18439.59,18439.59,
1717471200,18441.39,18442.3,18417.79,18439.07,
1717471800,18438.83,18459.12,18429.58,18454.23,
1717472400,18456.42,18480.63,18456.42,18475.53,
1717473000,18475.17,18475.92,18437.91,18443.45,
1717473600,18441.59,18441.59,18441.59,18441.59,
1717477200,18441.84,18456.03,18421.27,18455.1,
1717477800,18456.37,18480.03,18446.54,18480.03,
1717478400,18479.87,18492.68,18460.89,18461.99,
1717479000,18464.1,18484.18,18458.2,18469.31,
1717479600,18469.28,18477.97,18453.07,18469.27,
1717480200,18468.31,18495.3,18468.19,18492.17,
1717480800,18495.06,18502.08,18469.36,18481.59,
1717481400,18479.31,18503.2,18478.32,18498.85,
1717482000,18495.63,18531.93,18495.63,18509.08,
1717482600,18510.66,18541.03,18496.07,18536.7,
1717483200,18540.21,18540.21,18504.56,18528.21,
1717483800,18528.26,18536.11,18514.53,18516.42,
1717484400,18517.64,18519.17,18465.07,18466.85,
1717485000,18468.76,18469.53,18435.45,18439.68,
1717485600,18436.37,18439.2,18419.68,18427.83,
1717486200,18428.79,18443.41,18415.72,18440.81,
1717486800,18440.09,18457.3,18440.07,18447.13,
1717487400,18446.81,18470.24,18445.08,18458.98,
1717488000,18459.46,18459.46,18444.11,18444.11,
1717550400,18489.78,18489.78,18489.78,18489.78,
1717551000,18471.12,18588.28,18447.93,18588.28,
1717551600,18586.4,18705.78,18586.15,18671.72,
1717552200,18673.58,18680.2,18634.37,18671.64,
1717552800,18670.31,18684.36,18640,18682.63,
1717553400,18680.99,18724.62,18643.58,18655.16,
1717554000,18653.98,18662.66,18607.11,18612.55,
1717554600,18611.98,18660.49,18606.14,18648.67,
1717555200,18648.7,18667.83,18625.34,18630.35,
1717555800,18634.57,18653.65,18603.55,18604.23,
1717556400,18603.76,18606.26,18553.04,18577.32,
1717557000,18579.86,18595.03,18521.02,18525.95,
1717557600,18526.56,18531.34,18475.62,18502.92,
1717558200,18504.51,18529.93,18502.3,18521.8,
1717558800,18520.98,18523.61,18495.05,18498.04,
1717559400,18496.93,18513.7,18482.59,18505.6,
1717560000,18505.56,18505.56,18505.56,18505.56,
1717563600,18510.05,18531.56,18499.6,18529.16,
1717564200,18529.24,18533.45,18497.99,18514.95,
1717564800,18514.03,18529.82,18507.41,18519.38,
1717565400,18520.05,18527.53,18504.5,18513.68,
1717566000,18513.55,18522.03,18492.19,18496.77,
1717566600,18497.27,18517.36,18481.85,18516.71,
1717567200,18515.91,18530.35,18510.67,18511.71,
1717567800,18511.53,18515.2,18486.38,18489.27,
1717568400,18488.06,18488.06,18453.77,18474.34,
1717569000,18474.71,18475.19,18458.81,18465.7,
1717569600,18465.67,18470.35,18416.36,18424.13,
1717570200,18425.18,18427.43,18410.87,18423.08,
1717570800,18424.26,18451.39,18422.18,18444.99,
1717571400,18441.58,18450.59,18422.02,18433.83,
1717572000,18433.39,18447.55,18424.74,18444.42,
1717572600,18445.68,18453.88,18423.53,18426.7,
1717573200,18425.21,18428.22,18375.27,18379.07,
1717573800,18378.29,18419.88,18378.29,18416.56,
1717574400,18417.03,18424.96,18417.03,18424.96,
1717636800,18577.58,18577.58,18577.58,18577.58,
1717637400,18609.05,18700.68,18609.05,18627.96,
1717638000,18630.47,18631.13,18556.68,18581.09,
1717638600,18579.22,18656.57,18578.97,18606.37,
1717639200,18607.86,18607.88,18523.01,18533.41,
1717639800,18535.59,18545.52,18480.17,18499.24,
1717640400,18495.33,18535.52,18488.48,18519.4,
1717641000,18517.55,18586.79,18511.88,18586.79,
1717641600,18585.24,18619.04,18562.7,18606.56,
1717642200,18607.7,18615.32,18537.37,18538.45,
1717642800,18538.28,18572.41,18519.92,18571.17,
1717643400,18570.75,18576.2,18547.56,18549.78,
1717644000,18549.35,18552.52,18528.28,18548.02,
1717644600,18548.14,18549.68,18531.99,18540.04,
1717645200,18540.2,18554.8,18528.31,18550.11,
1717645800,18549.79,18557.81,18530.49,18533.27,
1717646400,18533.22,18533.22,18533.22,18533.22,
1717650000,18532.55,18555.05,18513.67,18553.54,
1717650600,18551.86,18556.45,18499.74,18515.26,
1717651200,18515.05,18516.67,18447.53,18474.07,
1717651800,18473.08,18473.08,18400.22,18407.35,
1717652400,18408.92,18413.87,18383.8,18405.51,
1717653000,18405.71,18423.71,18388.52,18406.32,
1717653600,18404.9,18432,18394.1,18430.26,
1717654200,18430.84,18448.86,18420.12,18438.95,
1717654800,18437.73,18438.74,18404.61,18409.97,
1717655400,18411.71,18416.81,18395.14,18415.4,
1717656000,18414.53,18433.02,18408.27,18413.1,
1717656600,18413.84,18451.26,18411.29,18450.32,
1717657200,18450.09,18467.47,18449.22,18454.01,
1717657800,18455.96,18476.05,18455.11,18467.4,
1717658400,18468.21,18476.83,18444.6,18447.91,
1717659000,18445.7,18469.55,18439.8,18459.52,
1717659600,18458.75,18463.98,18444.44,18448.24,
1717660200,18448.85,18481.44,18445.72,18479.59,
1717660800,18480.61,18480.61,18476.8,18476.8,
1717723200,18562.48,18562.48,18562.48,18562.48,
1717723800,18535.42,18549.69,18459.87,18524.48,
1717724400,18534.77,18575.69,18497.8,18510.04,
1717725000,18517.86,18517.86,18448.74,18459.33,
1717725600,18466.86,18469.22,18404.33,18425.19,
1717726200,18432.12,18480.1,18423.98,18432.5,
1717726800,18446.08,18492.21,18435.16,18468.94,
1717727400,18474.97,18474.97,18398.43,18418.97,
1717728000,18426.21,18456.82,18409.69,18443.73,
1717728600,18450.61,18471.13,18419.67,18419.67,
1717729200,18429.85,18438.26,18383.46,18390.67,
1717729800,18401.38,18401.38,18353.58,18363.93,
1717730400,18367.85,18388.97,18356.59,18377.3,
1717731000,18386.25,18399.72,18377.09,18390.16,
1717731600,18396.67,18405.56,18385.43,18398.28,
1717732200,18405.43,18405.43,18386.48,18391.44,
1717732800,18399.04,18399.04,18399.04,18399.04,
1717736400,18394.27,18429.77,18392.31,18427.53,
1717737000,18428.4,18431.24,18375.63,18378.55,
1717737600,18385.56,18393.46,18375.54,18382.9,
1717738200,18384.76,18384.76,18347.11,18347.11,
1717738800,18353.4,18353.4,18308.7,18308.7,
1717739400,18316.28,18352.54,18302.33,18351.87,
1717740000,18355.92,18375.18,18333.91,18371.19,
1717740600,18376.19,18384.88,18369.36,18372.94,
1717741200,18378.24,18379.17,18352.63,18366.62,
1717741800,18372.52,18372.52,18340.53,18341.97,
1717742400,18348.51,18363.73,18328.38,18363.73,
1717743000,18369.2,18385.68,18365.36,18373.6,
1717743600,18381.01,18382.78,18365.74,18370.79,
1717744200,18379.62,18390.01,18364.96,18372.43,
1717744800,18382.01,18382.01,18354.68,18357.26,
1717745400,18361.69,18362.5,18335.72,18337.91,
1717746000,18351.16,18353.21,18335.87,18341.1,
1717746600,18350.37,18350.37,18331.22,18340.74,
1717747200,18349.4,18366.95,18349.4,18366.95,
1718068800,18163.12,18163.12,18163.12,18163.12,
1718069400,18164.34,18187.38,18096.79,18181.58,
1718070000,18181.88,18203.25,18139.93,18146.04,
1718070600,18145.66,18156.39,18106.1,18117.19,
1718071200,18117.79,18123.72,18020.95,18048.25,
1718071800,18046.18,18063.89,18024.1,18050.46,
1718072400,18050.05,18073.82,18019.95,18020.12,
1718073000,18014.55,18039.01,17994.1,18026.42,
1718073600,18024.8,18062.47,18024.8,18062.47,
1718074200,18062.1,18077.25,18023.94,18077.25,
1718074800,18078.15,18098.13,18070,18070.4,
1718075400,18070.94,18085.97,18035.67,18059.21,
1718076000,18062.11,18077.48,18044.27,18068.58,
1718076600,18071.68,18072.23,18051.67,18060.81,
1718077200,18060.24,18091.82,18057.75,18069.06,
1718077800,18070.61,18070.61,18051.22,18060.55,
1718078400,18059.96,18059.96,18059.96,18059.96,
1718082000,18058.41,18111.87,18051.19,18056.93,
1718082600,18056.68,18079.65,18051.33,18061.53,
1718083200,18062.75,18072.39,18053.05,18066.4,
1718083800,18064.47,18105.04,18064.47,18095.32,
1718084400,18095.38,18153.66,18094.85,18149.8,
1718085000,18151.83,18183.03,18141.31,18171.72,
1718085600,18172.45,18212.5,18162.13,18210.82,
1718086200,18211.88,18267.69,18208.8,18259.37,
1718086800,18260.83,18266.22,18224.35,18241.67,
1718087400,18241.18,18242.54,18199.36,18208.88,
1718088000,18210.22,18216.32,18194.52,18202.72,
1718088600,18203.02,18217.51,18183.63,18184.23,
1718089200,18185.69,18212.78,18165.55,18171.76,
1718089800,18170.57,18184.31,18159,18168.22,
1718090400,18166.58,18174.18,18151.24,18160.77,
1718091000,18161.53,18195.14,18155.12,18179.22,
1718091600,18177.55,18198.55,18168.94,18190.25,
1718092200,18191,18204.87,18178.44,18190.63,
1718092800,18194.52,18194.52,18176.34,18176.34,
1718155200,18032.4,18032.4,18032.4,18032.4,
1718155800,18017.17,18063.72,17958.22,17960.73,
1718156400,17960.35,17967.42,17884.17,17903.65,
1718157000,17902.2,17954.27,17888.3,17941.86,
1718157600,17945.23,17969.13,17895.22,17898.71,
1718158200,17896.16,17896.16,17855.14,17868.6,
1718158800,17864.26,17920.08,17848.76,17918.26,
1718159400,17917.6,17943.63,17893.31,17893.31,
1718160000,17894.51,17944.76,17893.2,17928.24,
1718160600,17927.68,17976.52,17925.32,17957.29,
1718161200,17960.07,18003.6,17950.18,17950.18,
1718161800,17949.52,17962.49,17931.12,17940.09,
1718162400,17939.73,17955.75,17930.17,17942.19,
1718163000,17941.9,17941.9,17916.28,17924.78,
1718163600,17925.46,17927.09,17904.19,17907.12,
1718164200,17905.86,17916.46,17898.89,17913.19,
1718164800,17913.1,17913.1,17913.1,17913.1,
1718168400,17921.19,17950.16,17912.97,17937.02,
1718169000,17937.94,17937.94,17905.71,17926.03,
1718169600,17926.71,17971.65,17926.71,17971.65,
1718170200,17969.49,17980.95,17946.26,17950.06,
1718170800,17950.89,17988.17,17946.78,17976.03,
1718171400,17977,17987.64,17965.56,17974.05,
1718172000,17974.87,17979.67,17943.99,17972.48,
1718172600,17975.27,17993.29,17961.97,17982.6,
1718173200,17980.53,17991.1,17967.35,17979.11,
1718173800,17978.17,17985.22,17963.59,17977,
1718174400,17975.6,17993.51,17975.6,17982.95,
1718175000,17982.49,17982.49,17952.51,17954.36,
1718175600,17954.56,17967.17,17940.94,17945.93,
1718176200,17947.07,17961.65,17936.34,17940.59,
1718176800,17940.61,17942,17907.07,17908.85,
1718177400,17908.53,17943.32,17908.53,17937.05,
1718178000,17939.71,17953.33,17933.32,17937.84,
1718178600,17937.57,17954.93,17937.57,17946.76,
1718179200,17947.88,17947.88,17937.84,17937.84,
1718241600,18104.13,18104.13,18104.13,18104.13,
1718242200,18096.8,18173.53,18096.8,18140.26,
1718242800,18141.78,18162.81,18088.33,18105.46,
1718243400,18104.67,18104.67,18017.46,18036.71,
1718244000,18038.7,18096.53,18022.5,18088.9,
1718244600,18090.61,18116.92,18066.65,18077.11,
1718245200,18068.5,18068.5,17994.72,17996.51,
1718245800,17999.83,18030.37,17999.12,18028.46,
1718246400,18027.98,18050.35,18016.26,18025.48,
1718247000,18027.21,18046.43,18000.41,18011.05,
1718247600,18010.37,18023.17,17997.88,18010.71,
1718248200,18012.32,18014.55,17971.57,17982.02,
1718248800,17982.09,18004.62,17974.61,18002.2,
1718249400,18008.49,18030.38,18005.38,18020.01,
1718250000,18019.58,18043.07,18015.7,18042.83,
1718250600,18042.69,18046.02,18027.4,18033.35,
1718251200,18034.42,18034.42,18034.42,18034.42,
1718254800,18032.25,18033.27,18003.69,18010.52,
1718255400,18010.8,18016.09,17991.79,18003.61,
1718256000,18004.65,18020.37,17995.41,18015.95,
1718256600,18018.52,18030.12,18011.9,18024.28,
1718257200,18026.32,18028.82,18008.95,18011.26,
1718257800,18012.79,18021.64,18008.21,18014.06,
1718258400,18015.26,18022.03,17989.1,17992.01,
1718259000,17994.36,18014.42,17990.92,18010.51,
1718259600,18010.63,18034.69,18008.47,18029.84,
1718260200,18031.78,18056.24,18028.34,18053.34,
1718260800,18052.57,18054.43,18037.04,18044.54,
1718261400,18044.88,18065.82,18039.19,18061.21,
1718262000,18056.18,18091,18050.83,18080.86,
1718262600,18082.45,18086.93,18069.57,18086.55,
1718263200,18086.78,18103.46,18079.82,18087.5,
1718263800,18086.03,18102.73,18078.22,18098.07,
1718264400,18098.03,18123.17,18096.6,18121.44,
1718265000,18120.37,18125.21,18098.09,18114.22,
1718265600,18115.02,18115.02,18112.63,18112.63,
1718328000,18028.07,18028.07,18028.07,18028.07,
1718328600,17998.31,17998.31,17927.16,17987.62,
1718329200,17983.19,18071.57,17982.29,18067.02,
1718329800,18067.18,18109.89,18057.08,18095.41,
1718330400,18097.19,18104.89,18054.66,18082.81,
1718331000,18083.56,18098.25,18012.34,18013.08,
1718331600,18011.06,18011.06,17956.36,17971.9,
1718332200,17971.34,17997.79,17955.01,17972.2,
1718332800,17972.08,17995.69,17964.32,17981.21,
1718333400,17982.42,18007.25,17982.42,17998.02,
1718334000,17998.43,18024.97,17991.69,18016.18,
1718334600,18016.78,18079.14,18015.31,18075.73,
1718335200,18074.05,18076.61,18026.22,18030.33,
1718335800,18028.46,18033.05,17995.07,17996.38,
1718336400,17997.25,18000.29,17985.96,17996.99,
1718337000,17996.53,18000.68,17984.74,17990.91,
1718337600,17991.04,17991.04,17991.04,17991.04,
1718341200,17994.83,18001.84,17941.75,17959.59,
1718341800,17958.76,18003.28,17956.07,17987.43,
1718342400,17987.39,18028.47,17987.39,18014.45,
1718343000,18014.54,18018.81,17992.64,18016.15,
1718343600,18012.84,18033.52,18011.15,18025.23,
1718344200,18023.86,18031.59,17980.19,18000.22,
1718344800,17998.73,18014.06,17991.62,18012.31,
1718345400,18011,18014.4,17988.88,18006.8,
1718346000,18005.61,18021.23,17988.32,18005.06,
1718346600,18006.9,18048.04,18000.89,18043.31,
1718347200,18039.53,18043.48,17998.77,18004.95,
1718347800,18005.28,18015.46,17991.36,18015.27,
1718348400,18010.55,18028.41,18007.94,18012.64,
1718349000,18012.85,18017.56,17972.85,17975.43,
1718349600,17973.55,17999.13,17973.55,17990.65,
1718350200,17992.21,17995.19,17976.56,17976.56,
1718350800,17976.25,17983.79,17962.51,17969.93,
1718351400,17974.45,17984.63,17961.2,17962.68,
1718352000,17963.15,17963.15,17941.78,17941.78,
1718587200,17848.87,17848.87,17848.87,17848.87,
1718587800,17799.6,17858.78,17752.96,17855.75,
1718588400,17855.53,17947.81,17852.81,17946.89,
1718589000,17946.05,17981.53,17899.29,17964.18,
1718589600,17965.08,17994.79,17950.17,17980.62,
1718590200,17982.73,18056.72,17970.39,18056.72,
1718590800,18058.29,18078.77,18050.4,18053.27,
1718591400,18052.72,18122.8,18047.7,18117.62,
1718592000,18116.51,18121.44,18084.75,18109.85,
1718592600,18108.54,18109.91,18047.25,18071.77,
1718593200,18071.72,18074,18034.63,18036.49,
1718593800,18034.97,18039.54,17983.44,18023.73,
1718594400,18021.52,18034.11,18013.72,18026.17,
1718595000,18028.16,18039.55,18004.15,18005.17,
1718595600,18004.33,18006.69,17965.99,17978.08,
1718596200,17978.64,17989.04,17963.32,17981.38,
1718596800,17978.3,17978.3,17978.3,17978.3,
1718600400,17979.92,17979.92,17939.61,17960.92,
1718601000,17961.88,17981.76,17956.59,17973.87,
1718601600,17976.14,17994.1,17969.85,17992.24,
1718602200,17993.34,18013.09,17988.94,17988.94,
1718602800,17988.81,17991.24,17963.49,17972.43,
1718603400,17973.15,17976.02,17948.81,17952.33,
1718604000,17951.15,17956.14,17932.93,17938.85,
1718604600,17939.54,17982.05,17931.18,17965.66,
1718605200,17966.22,17971.83,17936.23,17939.43,
1718605800,17939.52,17964.07,17939.52,17962.25,
1718606400,17962.65,17964.54,17948.76,17952.34,
1718607000,17952.58,17954.07,17942.41,17949.29,
1718607600,17949.54,17958.67,17942.65,17944.86,
1718608200,17944.1,17950.91,17936.49,17944.85,
1718608800,17943.87,17949.24,17932.93,17945.49,
1718609400,17943.78,17958.41,17938.79,17958.41,
1718610000,17956.21,17956.6,17938.01,17944.32,
1718610600,17946.71,17953.75,17935.94,17942.8,
1718611200,17942.15,17942.15,17936.12,17936.12,
1718673600,17961.89,17961.89,17961.89,17961.89,
1718674200,17956.44,17977.4,17887.6,17950.89,
1718674800,17953.65,18012.31,17931.91,17998.81,
1718675400,17998.96,18026.25,17981.31,17998.26,
1718676000,17997.71,18010.68,17944.66,17949.86,
1718676600,17956.43,17997.94,17954.17,17968.81,
1718677200,17966.15,17994.56,17965.76,17979.94,
1718677800,17979.77,18037.71,17974.02,18033.68,
1718678400,18034.64,18043.48,18016.8,18018.75,
1718679000,18018.36,18019.01,17968.38,17971.99,
1718679600,17974.33,17989.65,17969.39,17987.03,
1718680200,17986.7,17991.88,17935.99,17937.62,
1718680800,17938.85,17955.31,17933.3,17953.09,
1718681400,17953.45,17958,17909.26,17910.64,
1718682000,17906.76,17913.51,17870.76,17889.75,
1718682600,17890.08,17904.06,17886.41,17900.6,
1718683200,17903.06,17903.06,17903.06,17903.06,
1718686800,17906.15,17912.01,17883.19,17898.27,
1718687400,17899.01,17905.78,17885.93,17891.68,
1718688000,17890.45,17942.47,17883.78,17933.37,
1718688600,17933.66,17941.56,17900.72,17904.85,
1718689200,17902.06,17926.97,17899.05,17902.6,
1718689800,17903.38,17906.63,17854.79,17867.5,
1718690400,17868.03,17885.58,17859.47,17864.45,
1718691000,17865.55,17875.97,17858.05,17871.99,
1718691600,17870.82,17902.52,17870.52,17896.97,
1718692200,17896.85,17901.55,17881.43,17894.14,
1718692800,17890.69,17905.51,17887.62,17892.82,
1718693400,17890.78,17920.68,17889.8,17913.54,
1718694000,17913.71,17939.19,17913.71,17928.62,
1718694600,17929.52,17930.73,17915.53,17921.07,
1718695200,17921.89,17939.86,17921.89,17926.48,
1718695800,17924.61,17954.07,17921.46,17954.07,
1718696400,17953.36,17955.63,17935.62,17943.98,
1718697000,17942.73,17944.42,17928.21,17933.53,
1718697600,17935.62,17935.62,17915.55,17915.55,
1718760000,18056.22,18056.22,18056.22,18056.22,
1718760600,18039.01,18130.26,18039.01,18088.29,
1718761200,18090.1,18201.12,18090.1,18199.65,
1718761800,18201.74,18220.26,18151.6,18159.7,
1718762400,18156.23,18202.86,18156.23,18180.58,
1718763000,18181.92,18224.75,18176.08,18202.78,
1718763600,18204.67,18218.72,18186.08,18192.61,
1718764200,18195.99,18306.51,18194.45,18303,
1718764800,18303.52,18320.42,18275.88,18317.47,
1718765400,18313.89,18315.58,18250.72,18250.72,
1718766000,18252.12,18289.47,18234.27,18288.26,
1718766600,18289.82,18296.13,18251.9,18268.28,
1718767200,18266.19,18272.25,18245.29,18256.52,
1718767800,18257.6,18269.5,18257.6,18267.28,
1718768400,18266.78,18276.46,18260.65,18271.12,
1718769000,18270.92,18270.92,18257.71,18263.4,
1718769600,18264.51,18264.51,18264.51,18264.51,
1718773200,18260.91,18265.03,18243.36,18252.69,
1718773800,18253.69,18297.28,18253.46,18297.28,
1718774400,18295.34,18314.36,18282.58,18314.36,
1718775000,18314.95,18338.39,18309.8,18334.78,
1718775600,18335.98,18348.22,18326.91,18342.19,
1718776200,18340.36,18393.62,18339.65,18393.62,
1718776800,18393.47,18416.08,18385.56,18389.85,
1718777400,18387.98,18391.87,18362.81,18391.35,
1718778000,18391.03,18391.14,18354.29,18364.27,
1718778600,18362.45,18377.82,18355.45,18375.8,
1718779200,18375.06,18393.69,18369.4,18374.96,
1718779800,18373.02,18410.58,18367.06,18408.26,
1718780400,18408.33,18415.07,18396.84,18405.94,
1718781000,18403.36,18412.73,18382.72,18392.46,
1718781600,18388.68,18411.37,18385.21,18411.37,
1718782200,18412.8,18448.66,18408.35,18438.68,
1718782800,18436.05,18442.72,18420.92,18432.07,
1718783400,18434.69,18434.82,18417.97,18434.82,
1718784000,18437.19,18437.19,18430.39,18430.39,
1718846400,18453.63,18453.63,18453.63,18453.63,
1718847000,18429.27,18519.49,18404.53,18519.49,
1718847600,18520.37,18520.37,18407.36,18414.78,
1718848200,18416.03,18458.09,18386.25,18386.64,
1718848800,18387.63,18433.64,18372.48,18433.64,
1718849400,18431.89,18450.62,18413.5,18449.62,
1718850000,18447.9,18477.28,18440.48,18456.05,
1718850600,18454.95,18454.95,18406.63,18408.84,
1718851200,18408.49,18426.41,18397.8,18401.7,
1718851800,18401.23,18407.03,18353.72,18353.72,
1718852400,18354.23,18370.36,18345.12,18347.22,
1718853000,18345.74,18371.51,18341.83,18369.47,
1718853600,18369.61,18372.56,18341.91,18347.41,
1718854200,18346.73,18355.81,18344.59,18347.18,
1718854800,18347.16,18350.71,18334,18335.68,
1718855400,18336.29,18347.33,18328.2,18341.25,
1718856000,18341.45,18341.53,18341.45,18341.53,
1718859600,18339.12,18364.3,18336.04,18341.53,
1718860200,18341.26,18349.38,18334.35,18337.31,
1718860800,18336.86,18336.86,18313.66,18322.21,
1718861400,18322.13,18325.12,18294.94,18305.3,
1718862000,18306.38,18337.55,18306.17,18332.64,
1718862600,18332.85,18345.49,18320.36,18345.49,
1718863200,18346,18360.4,18322.54,18323.34,
1718863800,18325.2,18326.44,18307.84,18323.4,
1718864400,18323.99,18323.99,18304.64,18314.77,
1718865000,18313.31,18326.03,18302.47,18321.59,
1718865600,18320.21,18340.94,18318.9,18334.82,
1718866200,18334.28,18339.05,18311.05,18320.93,
1718866800,18320.65,18323.98,18274.2,18278.9,
1718867400,18280.84,18308.18,18277.48,18307.27,
1718868000,18306,18322.43,18302.37,18320.23,
1718868600,18319.94,18328.47,18314.47,18321.13,
1718869200,18319.99,18323.8,18311.87,18313.39,
1718869800,18314.75,18322.13,18307.57,18313.72,
1718870400,18313.67,18335.32,18313.67,18335.32,
1718932800,18199.14,18199.14,18199.14,18199.14,
1718933400,18208.74,18240.13,18050.95,18105.33,
1718934000,18103.75,18139.22,18073.65,18137.49,
1718934600,18133.59,18173.01,18106.72,18170.3,
1718935200,18167.78,18199.23,18154.77,18156.71,
1718935800,18156.06,18167.91,18111.77,18121.65,
1718936400,18123.18,18136.47,18100.99,18102.82,
1718937000,18103.29,18103.29,18066.23,18066.23,
1718937600,18066.76,18066.84,18024.89,18042.82,
1718938200,18043.42,18059.39,18040,18053.42,
1718938800,18053.83,18064.77,18002.75,18004.99,
1718939400,18003.34,18030.21,17999.99,18013.59,
1718940000,18014.29,18024.43,17968.37,18005.41,
1718940600,18006.2,18022.72,18004.69,18018.89,
1718941200,18018.74,18043.57,18014.82,18024.93,
1718941800,18024.94,18031.68,18016.98,18021.63,
1718942400,18021.56,18021.56,18021.56,18021.56,
1718946000,18014.31,18014.31,17985.28,18012.46,
1718946600,18012.57,18028.78,17995.8,18026.93,
1718947200,18026.4,18056.35,18021.33,18050.47,
1718947800,18050.51,18093,18035.94,18081.89,
1718948400,18079.94,18079.94,18044.34,18047.79,
1718949000,18047.3,18083.05,18047.3,18082.92,
1718949600,18084.44,18106.31,18072.71,18075.62,
1718950200,18078.17,18093.88,18068.19,18072.05,
1718950800,18071.22,18094.29,18069.75,18087.15,
1718951400,18087.39,18089.53,18041.74,18048.84,
1718952000,18048.51,18051.81,18032.03,18048.79,
1718952600,18049.64,18065.93,18047.1,18062.97,
1718953200,18061.89,18066.39,18041.42,18045.14,
1718953800,18045.65,18075.58,18042.17,18075.01,
1718954400,18076.38,18079.11,18049.51,18056,
1718955000,18056.1,18059.43,18018.85,18025,
1718955600,18023.79,18060.12,18023.79,18060.12,
1718956200,18057.4,18061.84,18044.71,18053.96,
1718956800,18055.37,18055.37,18028.52,18028.52,
1719192000,17906.36,17906.36,17906.36,17906.36,
1719192600,17921.85,17921.85,17870.97,17899.93,
1719193200,17898.67,17937.93,17843.53,17844.73,
1719193800,17842.94,17884.16,17842.13,17883.94,
1719194400,17882.92,17893.8,17868.84,17874.21,
1719195000,17873.4,17911.19,17872.75,17888.88,
1719195600,17888.7,17919.63,17883.66,17913.25,
1719196200,17912.39,17918.42,17852.79,17856,
1719196800,17856.02,17870.04,17820.68,17821.76,
1719197400,17820.59,17854.84,17813.7,17828.75,
1719198000,17828.2,17836.63,17793.7,17793.7,
1719198600,17796.51,17820.59,17792.24,17813.39,
1719199200,17812.39,17856.54,17789.57,17856.54,
1719199800,17856.19,17862.03,17837.35,17855.64,
1719200400,17854.72,17863.36,17840.48,17843,
1719201000,17842.46,17851.02,17837.09,17844.48,
1719201600,17844.89,17844.89,17844.89,17844.89,
1719205200,17843,17879.2,17835.97,17875.15,
1719205800,17873.07,17905.42,17873.07,17887.42,
1719206400,17889.22,17904.6,17874.36,17897.67,
1719207000,17896.82,17901.66,17864.51,17871.55,
1719207600,17871.63,17904.6,17869.98,17904.42,
1719208200,17902.73,17905.48,17880.96,17884.6,
1719208800,17884.96,17908.63,17880.13,17904.03,
1719209400,17904.48,17905.62,17881.03,17893,
1719210000,17893.8,17909.97,17893.58,17895.43,
1719210600,17896.61,17900.59,17875.77,17879.09,
1719211200,17877.91,17882.93,17858.29,17867.99,
1719211800,17867.2,17868,17855.79,17864.77,
1719212400,17865.6,17889.3,17864.04,17877.84,
1719213000,17878.41,17880.97,17863.87,17869.31,
1719213600,17867.29,17899.17,17864.9,17899.12,
1719214200,17899.82,17957.96,17894.9,17953.88,
1719214800,17954.84,17991.56,17942.53,17991.56,
1719215400,17993.07,18032.67,17992.47,18023.73,
1719216000,18022.12,18027.71,18022.12,18027.71,
1719278400,18088.02,18088.02,18088.02,18088.02,
1719279000,18071.66,18101.6,18052.1,18082.35,
1719279600,18080.87,18149.46,18080.87,18138.31,
1719280200,18138.9,18212.17,18133.56,18212.17,
1719280800,18211.87,18231.46,18168.56,18171.93,
1719281400,18172.06,18191.31,18149.44,18190.77,
1719282000,18190.88,18193.04,18159.78,18182.36,
1719282600,18182.84,18182.84,18137.56,18137.56,
1719283200,18137.26,18138.15,18104.09,18111.14,
1719283800,18109.69,18118.3,18087.79,18089.95,
1719284400,18089.29,18111.75,18083.06,18107.18,
1719285000,18110.11,18123.3,18079.24,18082.23,
1719285600,18082.49,18085.06,18064.85,18081.41,
1719286200,18082.4,18104.52,18078.9,18102.69,
1719286800,18103.16,18107.14,18090.7,18098.14,
1719287400,18096.54,18117.33,18090.27,18111.19,
1719288000,18109.2,18109.2,18109.2,18109.2,
1719291600,18104.48,18112.33,18083.4,18108.1,
1719292200,18105.65,18122.88,18098.79,18122.88,
1719292800,18122.92,18152.86,18120.84,18152.76,
1719293400,18154.17,18155.96,18119.89,18120.58,
1719294000,18119.97,18126.26,18111.47,18114.72,
1719294600,18126.41,18126.41,18097.2,18099.56,
1719295200,18099.52,18106.17,18067.97,18068.75,
1719295800,18065.13,18065.13,18018.21,18026.89,
1719296400,18022.07,18022.07,17959.07,18005.62,
1719297000,18006.08,18036.71,18006.08,18023.34,
1719297600,18025.37,18025.37,18002.96,18002.96,
1719298200,18002.36,18006.12,17987.87,18006.12,
1719298800,18007.37,18011.13,17993.61,18010.88,
1719299400,18011.21,18018.22,17999.31,18017.29,
1719300000,18017.7,18032.53,18007.61,18021.1,
1719300600,18021.12,18045.14,18021.08,18037.45,
1719301200,18037.68,18039.65,18018.33,18024.08,
1719301800,18025.59,18030.59,18014.24,18024.99,
1719302400,18026.52,18072.9,18026.52,18072.9,
1719364800,17934.63,17934.63,17934.63,17934.63,
1719365400,17943.54,18006.19,17937.04,17998.17,
1719366000,17995.71,18054.21,17993.18,18043.9,
1719366600,18040.75,18075.78,18016.73,18068.61,
1719367200,18068.06,18122.17,18058.37,18101.63,
1719367800,18103.46,18105.73,18070.8,18072.58,
1719368400,18069.37,18099.4,18057.83,18096.21,
1719369000,18096.19,18097.68,18068.84,18082.87,
1719369600,18081.5,18081.5,18028.05,18028.05,
1719370200,18029.13,18064.01,18029.13,18051.63,
1719370800,18051.34,18061.22,18032.51,18039.7,
1719371400,18037.44,18058.63,18011.19,18026.03,
1719372000,18025.77,18050.19,18025.76,18048.31,
1719372600,18043.47,18075.34,18041.5,18056.41,
1719373200,18055.5,18072.23,18054.98,18064.92,
1719373800,18064.7,18076.93,18061.63,18069.98,
1719374400,18069.75,18069.75,18069.75,18069.75,
1719378000,18063.16,18132.72,18063.16,18131.69,
1719378600,18131.05,18149.56,18106.01,18110.47,
1719379200,18110.23,18114.75,18089.45,18091.32,
1719379800,18089.13,18095.73,18061.92,18066.14,
1719380400,18066.37,18103.76,18066.37,18072.67,
1719381000,18072.41,18116.59,18072.41,18112.15,
1719381600,18112.12,18121.14,18094.47,18119.02,
1719382200,18118.26,18128.87,18111.06,18124.21,
1719382800,18126.41,18138.06,18106.73,18131.86,
1719383400,18133.52,18156.35,18125.84,18133.17,
1719384000,18132.83,18133.28,18099.23,18106.41,
1719384600,18105.19,18110.82,18092.04,18097.55,
1719385200,18097.51,18099.99,18057.81,18064.64,
1719385800,18064.32,18079.55,18044.64,18077.05,
1719386400,18076.39,18094.82,18070.61,18093.41,
1719387000,18093.43,18098.53,18073.26,18075.29,
1719387600,18075.72,18095.56,18074.61,18079.08,
1719388200,18079.03,18093.14,18077.27,18093.14,
1719388800,18093.37,18093.37,18089.93,18089.93,
1719451200,17946,17946,17946,17946,
1719451800,17934.22,17961.92,17834.93,17839.75,
1719452400,17826.99,17899.92,17817.01,17823.13,
1719453000,17809.13,17841.18,17792,17810.45,
1719453600,17793.37,17820.69,17780.29,17810.23,
1719454200,17798.74,17827.4,17790.74,17794.47,
1719454800,17781.29,17804.08,17771.73,17787.11,
1719455400,17777.73,17786.6,17750.59,17759.68,
1719456000,17748.51,17756.85,17732.11,17745.2,
1719456600,17729.71,17748.4,17726.98,17738.33,
1719457200,17728.37,17773.13,17728.37,17758.53,
1719457800,17744.64,17770.75,17734.68,17768.01,
1719458400,17752.88,17768.22,17735.62,17765.98,
1719459000,17752.65,17766.83,17737.93,17749.13,
1719459600,17737.44,17753.46,17734.93,17747.42,
1719460200,17733.17,17748.12,17729.94,17736.44,
1719460800,17721.01,17721.01,17721.01,17721.01,
1719464400,17734.03,17749.99,17698.13,17698.42,
1719465000,17688.61,17711.52,17686.19,17691.82,
1719465600,17681.3,17701.6,17677.33,17698.03,
1719466200,17687.38,17741.21,17687.38,17735.79,
1719466800,17724.09,17751.84,17716.86,17717.13,
1719467400,17705.49,17734.13,17705.49,17716.3,
1719468000,17705.51,17734.74,17705.51,17726.17,
1719468600,17713.67,17744.07,17713.67,17744.07,
1719469200,17732.03,17754.81,17729.49,17744.25,
1719469800,17732,17746.22,17721.41,17725.68,
1719470400,17710.94,17717.49,17681.2,17698.92,
1719471000,17687.57,17711.49,17687.57,17704,
1719471600,17691.95,17719.56,17691.95,17719.56,
1719472200,17707.65,17732.55,17707.32,17727.66,
1719472800,17715.33,17730.47,17705.41,17710.93,
1719473400,17700.98,17725.5,17699.19,17720.44,
1719474000,17709.87,17726.95,17699.49,17706.78,
1719474600,17696.76,17716.81,17691.83,17711.34,
1719475200,17709.98,17716.47,17709.98,17716.47,
1719537600,17583.19,17583.19,17583.19,17583.19,
1719538200,17594.66,17668.22,17594.66,17663.47,
1719538800,17666.16,17709.21,17660.48,17702.96,
1719539400,17705.12,17787.13,17701.28,17781.52,
1719540000,17782.44,17806.02,17753.36,17806.02,
1719540600,17807.61,17842.08,17806.46,17816.45,
1719541200,17815.59,17856.42,17814.42,17845.36,
1719541800,17844.43,17865.47,17810.11,17810.23,
1719542400,17809.53,17816.67,17796.21,17801.6,
1719543000,17801.16,17826.86,17791.8,17826.46,
1719543600,17825.93,17827.62,17743.17,17744.12,
1719544200,17742.48,17775.71,17732.09,17769.38,
1719544800,17768.43,17775.45,17747.9,17767.81,
1719545400,17770.92,17800.91,17770.29,17799.57,
1719546000,17799.81,17808.34,17790.93,17805.8,
1719546600,17807.62,17822.18,17804.98,17816.98,
1719547200,17815.07,17815.07,17815.07,17815.07,
1719550800,17811.2,17811.2,17767.72,17779.07,
1719551400,17777.6,17802.08,17775.92,17789.46,
1719552000,17788.12,17806.8,17785.09,17806.8,
1719552600,17803.95,17835.74,17801.2,17814.53,
1719553200,17813.65,17815,17781.6,17784.79,
1719553800,17784.93,17790.88,17769.81,17774.76,
1719554400,17774.27,17777.23,17763.11,17763.11,
1719555000,17763.22,17765.94,17731.06,17731.44,
1719555600,17730.65,17753.38,17728.13,17737.15,
1719556200,17736.33,17742.65,17724.11,17731.78,
1719556800,17732.26,17761.88,17729.39,17761.63,
1719557400,17758.6,17765.31,17754.11,17757.61,
1719558000,17756.9,17768.08,17750.38,17764.06,
1719558600,17764.99,17783.07,17764.99,17771.78,
1719559200,17770.54,17783.77,17761.91,17776.89,
1719559800,17775.79,17784.5,17763.54,17766.5,
1719560400,17764.06,17778.93,17735.29,17735.29,
1719561000,17736,17741.7,17720.18,17720.69,
1719561600,17721.23,17721.23,17718.61,17718.61,
1719883200,17669.42,17669.42,17669.42,17669.42,
1719883800,17677.14,17826.73,17677.14,17822.7,
1719884400,17823.21,17931.73,17819.06,17912.34,
1719885000,17915.35,17948.35,17882.76,17942.23,
1719885600,17943.19,17978,17938.61,17964.47,
1719886200,17964.79,17985.63,17950.13,17980.48,
1719886800,17978.54,17986.14,17929.16,17929.16,
1719887400,17928.45,17928.45,17880.91,17893.22,
1719888000,17893.07,17908.28,17844.04,17849.17,
1719888600,17847.47,17856.61,17821.25,17839.43,
1719889200,17837.19,17859.96,17783.32,17785.8,
1719889800,17785.59,17800.46,17774.43,17785.26,
1719890400,17786.29,17787.85,17756.39,17786.98,
1719891000,17786.94,17821.86,17782.76,17820.52,
1719891600,17819.79,17830.28,17814.41,17824.86,
1719892200,17825.19,17827.28,17815.06,17818.38,
1719892800,17819.5,17819.5,17819.5,17819.5,
1719896400,17821.69,17821.69,17773.53,17783.89,
1719897000,17783.85,17807.41,17782.16,17785.7,
1719897600,17786.05,17791.88,17773.24,17789.41,
1719898200,17787.18,17794.67,17776.79,17785.28,
1719898800,17785.34,17813.74,17784.51,17807.78,
1719899400,17808.43,17821.21,17793.6,17797.13,
1719900000,17796.67,17832.83,17788.25,17789.78,
1719900600,17791.97,17791.97,17742.78,17743.41,
1719901200,17744.9,17755.15,17736.56,17752.33,
1719901800,17752.11,17754.08,17719.06,17739.1,
1719902400,17737.17,17751.74,17730.54,17747.31,
1719903000,17748.8,17769.49,17744.43,17764.28,
1719903600,17765.36,17776.33,17754.55,17774.89,
1719904200,17774.08,17799.48,17774.08,17790.44,
1719904800,17792.18,17796.2,17765.58,17771.52,
1719905400,17771.66,17773.86,17743.6,17743.6,
1719906000,17745.88,17754.57,17739.1,17747.17,
1719906600,17747.43,17775.26,17745.59,17770.12,
1719907200,17773.46,17773.46,17769.14,17769.14,
1719969600,17841.77,17841.77,17841.77,17841.77,
1719970200,17862.08,17952.8,17862.08,17950.11,
1719970800,17950.26,17950.26,17832.9,17834.32,
1719971400,17834.34,17848.22,17812.72,17836.88,
1719972000,17835.77,17904.73,17832.41,17904.73,
1719972600,17908.1,17925.17,17878.39,17879.83,
1719973200,17879.86,17936.52,17876.61,17893.99,
1719973800,17894.48,17896.17,17841.15,17841.22,
1719974400,17840.01,17843.02,17808.27,17819.97,
1719975000,17820.36,17847.69,17814.47,17842.19,
1719975600,17841.62,17882.83,17839.91,17852.29,
1719976200,17848.36,17896.99,17842.9,17887.97,
1719976800,17888.41,17939.89,17886.93,17934.75,
1719977400,17936.49,18008.51,17917.67,17960.39,
1719978000,17960.18,18017.76,17958.92,18012.45,
1719978600,18013.15,18016.51,17974.44,17978.08,
1719979200,17978.52,17978.52,17978.52,17978.52,
1719982800,17971.58,17988.62,17961.25,17979.43,
1719983400,17976.59,17986.79,17921.05,17921.89,
1719984000,17921.85,17944.14,17916.33,17922.36,
1719984600,17923.56,17944.04,17916.33,17943.18,
1719985200,17943.26,17973.79,17942.61,17953.5,
1719985800,17953.04,17964.64,17950.73,17953,
1719986400,17954.9,17987.68,17954.9,17972.67,
1719987000,17974.21,17974.21,17941.94,17944.13,
1719987600,17945.15,17945.15,17923.71,17936.69,
1719988200,17934.96,17962.21,17929,17957.88,
1719988800,17957.32,17973.19,17954.46,17972.09,
1719989400,17971.63,17985.18,17961.55,17965.87,
1719990000,17963.28,17971.18,17955.2,17959.22,
1719990600,17957.88,17974.39,17955.04,17970.53,
1719991200,17969.98,17973.7,17956.69,17966.43,
1719991800,17966.2,17999.16,17963.45,17997.75,
1719992400,17997.74,18009.36,17976.49,17981.14,
1719993000,17979.43,17998.84,17978.13,17996.5,
1719993600,17997.45,17997.45,17978.57,17978.57,
1720056000,18079.72,18079.72,18079.72,18079.72,
1720056600,18078.18,18126.99,18057.11,18070.07,
1720057200,18069.11,18133.3,18054.53,18081.46,
1720057800,18079.49,18084.44,18035.65,18052.52,
1720058400,18049.99,18053.72,17981.43,17995.42,
1720059000,17996.25,18021.53,17992.86,18006.95,
1720059600,18007.79,18044.94,18004.33,18041.3,
1720060200,18041.98,18051.23,18010.8,18020.86,
1720060800,18021.31,18024.89,18000.48,18021.86,
1720061400,18023.71,18036.78,18010.58,18032.08,
1720062000,18033.3,18078.78,18030.32,18078.78,
1720062600,18077.84,18079.86,18038.47,18041.06,
1720063200,18040.54,18044.91,18015.47,18022.41,
1720063800,18021.61,18023.3,18005.25,18007.75,
1720064400,18007.88,18007.88,17969.62,17974.59,
1720065000,17974.26,17995.66,17970.55,17988.65,
1720065600,17988.25,17988.25,17988.25,17988.25,
1720069200,17989.98,18014.09,17972.71,17973.42,
1720069800,17969.56,17988.61,17964.86,17969.52,
1720070400,17970.54,17973.35,17942.08,17956.14,
1720071000,17955.97,17978.4,17950.06,17976.21,
1720071600,17973.93,17999.1,17963.57,17996.19,
1720072200,17994.78,18006.24,17991.34,18004.44,
1720072800,18006.04,18008.71,17979.6,17996.3,
1720073400,17995.34,18017.35,17991.88,18014.84,
1720074000,18014.65,18016.86,17985.31,17988.1,
1720074600,17987.2,18020.66,17982.83,18013.51,
1720075200,18013.7,18024.5,18001.32,18010.01,
1720075800,18010.52,18033.27,18009.46,18025.29,
1720076400,18024.03,18031.82,18017.09,18022.32,
1720077000,18023.86,18028.78,18004.88,18018.96,
1720077600,18020.21,18030.34,18015.5,18019.24,
1720078200,18020.81,18028.63,18012.7,18014.47,
1720078800,18013.82,18032.29,18010.61,18021.16,
1720079400,18021.43,18038.41,18017.67,18035.3,
1720080000,18033.48,18033.48,18028.28,18028.28,
1720142400,18035.77,18035.77,18035.77,18035.77,
1720143000,18034.01,18105.01,18008.67,18051.67,
1720143600,18055,18075.4,18031.52,18042.33,
1720144200,18044.01,18068.22,18032.19,18034.58,
1720144800,18034.09,18036.31,17954.7,17982.43,
1720145400,17982.74,17984.86,17940.32,17940.32,
1720146000,17936.75,17945.88,17921.17,17940.5,
1720146600,17938.35,17948.15,17876.32,17895.46,
1720147200,17896.08,17919.08,17895.5,17918.79,
1720147800,17919.45,17919.45,17864.43,17866.09,
1720148400,17866.15,17869.14,17812.04,17813.7,
1720149000,17810.97,17840.14,17804.43,17838.6,
1720149600,17837.25,17869.45,17836.69,17860.6,
1720150200,17858.14,17859.18,17816.93,17835.43,
1720150800,17835.33,17837.29,17814.35,17820.96,
1720151400,17821.31,17835.84,17820.87,17830.19,
1720152000,17832.38,17832.64,17832.38,17832.64,
1720155600,17842.05,17863.06,17836.47,17853.06,
1720156200,17854.47,17865.88,17844.34,17858.45,
1720156800,17861.66,17863.17,17823.98,17841.81,
1720157400,17842.13,17870.73,17837.15,17870.61,
1720158000,17870.67,17880.27,17861.83,17867.31,
1720158600,17870.49,17900.49,17870.49,17893.24,
1720159200,17892.15,17896.36,17862.74,17885.1,
1720159800,17883.82,17883.82,17854.34,17857.82,
1720160400,17859.4,17860.3,17838.63,17845.43,
1720161000,17846.95,17867.6,17843.27,17862.15,
1720161600,17862,17865.76,17848.43,17848.81,
1720162200,17850.15,17867.65,17845.09,17864.04,
1720162800,17861.83,17875.69,17861.83,17873.67,
1720163400,17873.98,17879.36,17852.26,17856.06,
1720164000,17858.72,17868.79,17851.51,17851.51,
1720164600,17850.2,17858.11,17847.29,17858.11,
1720165200,17858.18,17858.18,17832.54,17834.62,
1720165800,17832.66,17837.37,17815.36,17822.69,
1720166400,17824.32,17824.32,17799.61,17799.61,
1720401600,17667.97,17667.97,17667.97,17667.97,
1720402200,17663.23,17698.49,17612.8,17692.37,
1720402800,17693.65,17735.58,17636.24,17640.21,
1720403400,17639.73,17639.73,17543.88,17547.13,
1720404000,17544.61,17596.79,17530.9,17584.79,
1720404600,17587.07,17599.91,17564.74,17572.76,
1720405200,17573.41,17575.01,17543.38,17557,
1720405800,17557.85,17562.18,17530.38,17546.91,
1720406400,17547.8,17570.49,17540.91,17570.49,
1720407000,17571.51,17585.47,17552.85,17566.47,
1720407600,17567.77,17596.87,17563.34,17592.4,
1720408200,17592.53,17595.19,17558.06,17567.57,
1720408800,17568.29,17588.22,17566.03,17583.49,
1720409400,17581.9,17598.43,17578.97,17583.09,
1720410000,17583.2,17588.63,17568.09,17572.5,
1720410600,17573.87,17575.43,17561.99,17563.86,
1720411200,17561.39,17561.39,17561.39,17561.39,
1720414800,17561.84,17561.84,17509.49,17515.56,
1720415400,17517.69,17528.92,17509.68,17522.24,
1720416000,17523.33,17541.74,17518.67,17536.88,
1720416600,17535.83,17545.44,17526.51,17544.32,
1720417200,17540.92,17544.85,17502.38,17504.23,
1720417800,17503.11,17505.68,17478.5,17488.05,
1720418400,17485.79,17489.05,17465.42,17484.8,
1720419000,17486.21,17488.17,17476.38,17482.94,
1720419600,17482.78,17486.45,17464.16,17469.33,
1720420200,17470.82,17493.16,17470.25,17471.47,
1720420800,17470.58,17486.18,17453.56,17481.87,
1720421400,17481.05,17486.34,17476.7,17482.38,
1720422000,17484.03,17498.78,17480.41,17490.33,
1720422600,17492.04,17495.32,17463.04,17480.15,
1720423200,17477.14,17499.65,17472.26,17499,
1720423800,17502.65,17512.34,17494.59,17497.17,
1720424400,17498.08,17504.21,17492.22,17494.99,
1720425000,17498.41,17509.75,17489.32,17505.72,
1720425600,17505.09,17524.06,17505.09,17524.06,
1720488000,17481,17481,17481,17481,
1720488600,17483.75,17531.6,17428.57,17531.02,
1720489200,17530.29,17530.29,17415.17,17454.74,
1720489800,17459.45,17518.46,17456.79,17473,
1720490400,17470.06,17471.06,17392.14,17407.72,
1720491000,17409.93,17434.76,17398.56,17410.61,
1720491600,17410.32,17466.48,17403.9,17445.12,
1720492200,17446.16,17473.57,17444.32,17472.46,
1720492800,17472.51,17472.66,17429.79,17429.97,
1720493400,17427.87,17431.98,17376.48,17387.43,
1720494000,17387.61,17426.2,17387.61,17419.61,
1720494600,17422.32,17475.33,17395.41,17475.15,
1720495200,17476.72,17487.78,17438.41,17454.23,
1720495800,17454.9,17455.55,17442.53,17447.25,
1720496400,17447.22,17453.49,17435.58,17451,
1720497000,17453.45,17453.64,17439.55,17443.8,
1720497600,17443.15,17443.15,17443.15,17443.15,
1720501200,17445.3,17497.51,17441.25,17469.03,
1720501800,17468.64,17490.41,17461.96,17484.85,
1720502400,17484.66,17511.15,17474.76,17511.15,
1720503000,17512.86,17546.67,17501.15,17544.61,
1720503600,17545.89,17604.16,17537.25,17594.71,
1720504200,17594.2,17617.64,17562.25,17567.89,
1720504800,17569.6,17610.92,17566.61,17582.89,
1720505400,17583.05,17585.39,17555.2,17558.33,
1720506000,17556.31,17589.46,17555.3,17583.78,
1720506600,17584.96,17587.86,17546.41,17546.41,
1720507200,17546.72,17551.73,17524.65,17547.22,
1720507800,17547.52,17552.77,17544.13,17549.33,
1720508400,17550.01,17553.28,17529.38,17537.93,
1720509000,17538.53,17544.58,17532.44,17542.71,
1720509600,17542.72,17549.19,17524.87,17529.6,
1720510200,17529.48,17535.75,17521.25,17529.29,
1720510800,17532.65,17542.16,17519.83,17522.45,
1720511400,17520.52,17520.52,17498.12,17505.87,
1720512000,17503.92,17523.23,17503.92,17523.23,
1720574400,17613.5,17613.5,17613.5,17613.5,
1720575000,17611.27,17695.2,17609.09,17671.98,
1720575600,17675.35,17765.88,17675.01,17736.27,
1720576200,17734.06,17734.58,17644,17649.55,
1720576800,17649.87,17683.72,17642.99,17680.38,
1720577400,17681.57,17702.79,17653.9,17696.14,
1720578000,17695.52,17696.24,17663.55,17671.93,
1720578600,17671.43,17695.92,17670.09,17675.88,
1720579200,17676.03,17677.24,17609.73,17617.32,
1720579800,17618.2,17624.91,17593.7,17609.28,
1720580400,17611.35,17627.8,17610.56,17623.05,
1720581000,17623.1,17626.67,17556.64,17577.07,
1720581600,17576.45,17612.59,17576.06,17605.34,
1720582200,17607.94,17609.86,17585.6,17586.6,
1720582800,17587.16,17590.48,17569.12,17571.11,
1720583400,17571.26,17571.61,17559.79,17568.26,
1720584000,17570.7,17570.7,17570.7,17570.7,
1720587600,17567.94,17567.94,17547.95,17564.01,
1720588200,17563.78,17564.26,17542.03,17544.32,
1720588800,17544.07,17548.39,17513.22,17516.95,
1720589400,17512.31,17521.65,17492.6,17497.92,
1720590000,17497.55,17520.56,17495.38,17517.78,
1720590600,17517.57,17517.64,17455.08,17456.79,
1720591200,17457,17507.93,17456.07,17500.54,
1720591800,17500.61,17502.25,17482.07,17495.31,
1720592400,17492.12,17497.76,17484.19,17486.27,
1720593000,17485.14,17497.6,17480.98,17491.5,
1720593600,17490.86,17510.22,17482.74,17508.28,
1720594200,17508.35,17511.75,17499.85,17501.44,
1720594800,17500.5,17522.96,17496.08,17515.72,
1720595400,17517.01,17517.5,17491.14,17497.57,
1720596000,17498.49,17501.29,17484.14,17484.53,
1720596600,17484.16,17492.69,17478.32,17483.42,
1720597200,17481.51,17482.79,17466.74,17478.28,
1720597800,17480.28,17480.71,17460.12,17472.02,
1720598400,17471.23,17471.67,17471.23,17471.67,
1720660800,17629.13,17629.13,17629.13,17629.13,
1720661400,17637.71,17673.98,17621.05,17634.4,
1720662000,17634.91,17716.68,17626.18,17713.46,
1720662600,17712.98,17747.44,17690.59,17730.19,
1720663200,17730.45,17757.49,17725.07,17752.96,
1720663800,17756.17,17796.18,17743.21,17746,
1720664400,17745.73,17763.3,17715.93,17731.71,
1720665000,17731.04,17735.69,17678.45,17686.19,
1720665600,17687.16,17711.78,17679.49,17704.41,
1720666200,17706.42,17713.3,17662.07,17677.9,
1720666800,17679.45,17699.73,17672.92,17699.67,
1720667400,17700.18,17727.46,17692.16,17724.02,
1720668000,17723.81,17731.77,17717.86,17725.72,
1720668600,17725.79,17729.69,17712.28,17717.1,
1720669200,17716.22,17736.58,17716.22,17733.53,
1720669800,17734.13,17742.79,17731.12,17740.53,
1720670400,17740.44,17740.44,17740.44,17740.44,
1720674000,17735.66,17783.23,17726.33,17768.72,
1720674600,17770.9,17772.52,17740.85,17743.96,
1720675200,17743.82,17760.74,17741.51,17746.58,
1720675800,17745.43,17776.7,17742.5,17773.9,
1720676400,17772,17778.67,17764.94,17769.67,
1720677000,17768.19,17817.2,17766.58,17815.29,
1720677600,17815.95,17825.92,17799.51,17812.4,
1720678200,17811.8,17813.94,17785.74,17789.55,
1720678800,17789.23,17809.53,17782.92,17797.04,
1720679400,17796.45,17804.66,17788.88,17802.18,
1720680000,17801.56,17828.06,17801.49,17822.51,
1720680600,17825.37,17844.6,17821.87,17842.05,
1720681200,17842.03,17842.03,17819.77,17825.92,
1720681800,17824.75,17826.92,17802.7,17811.11,
1720682400,17812.08,17829.32,17809.19,17828.61,
1720683000,17830.93,17864.09,17826.78,17832.9,
1720683600,17832.76,17859.19,17826.92,17851.69,
1720684200,17851.36,17855.82,17837.04,17848.43,
1720684800,17848,17848,17832.33,17832.33,
1720747200,18020.17,18020.17,18020.17,18020.17,
1720747800,18041.6,18139.28,18038.48,18109.98,
1720748400,18110.94,18164.62,18077.08,18164.2,
1720749000,18162.97,18226.4,18162.97,18223.9,
1720749600,18222.98,18222.98,18158.94,18159.35,
1720750200,18159.22,18201.92,18158.88,18194.56,
1720750800,18196.03,18199.14,18146.1,18162.23,
1720751400,18161.02,18168.65,18131.98,18153.36,
1720752000,18154.24,18186.26,18154.24,18166.65,
1720752600,18164.88,18167.94,18123.4,18139.28,
1720753200,18138.7,18162.34,18134.32,18160.32,
1720753800,18162.12,18173.41,18137.77,18165.09,
1720754400,18166.62,18174.47,18156.09,18160.64,
1720755000,18159.52,18170.34,18154.92,18169.53,
1720755600,18167.63,18201.76,18166.55,18190.44,
1720756200,18188.17,18197.62,18179.15,18185.45,
1720756800,18185.53,18185.53,18185.53,18185.53,
1720760400,18183.12,18220.23,18172.3,18216.08,
1720761000,18215.33,18230.85,18206.36,18216.36,
1720761600,18219.32,18253.86,18216.06,18245.91,
1720762200,18246.16,18254.37,18215.49,18222.09,
1720762800,18221.15,18240.27,18216.39,18237.15,
1720763400,18237.6,18257.92,18236.92,18251.09,
1720764000,18250.33,18257.55,18232.75,18250.76,
1720764600,18249.53,18280.7,18247.59,18273.58,
1720765200,18276.77,18287.19,18259.4,18259.4,
1720765800,18259.57,18290.07,18259.31,18290.07,
1720766400,18289.25,18291.11,18268.01,18285.97,
1720767000,18283.55,18299.06,18275.7,18276.7,
1720767600,18275.61,18297.76,18265.17,18295.39,
1720768200,18295.41,18303.02,18279.29,18302.23,
1720768800,18307.48,18317.31,18301.91,18307.14,
1720769400,18306.48,18310.95,18271.42,18276.85,
1720770000,18275.76,18282.02,18255.14,18269.11,
1720770600,18268.56,18278.44,18257.96,18274.63,
1720771200,18277.61,18293.38,18277.61,18293.38,
1721006400,18201.48,18201.48,18201.48,18201.48,
1721007000,18183.51,18243.39,18182.26,18199.53,
1721007600,18200.83,18212.34,18167.83,18196.19,
1721008200,18194.23,18220.46,18166.95,18173.65,
1721008800,18172.91,18192.49,18122.83,18146.72,
1721009400,18147.47,18181.36,18131.94,18140.62,
1721010000,18140.45,18140.61,18107.79,18134.85,
1721010600,18133.79,18133.79,18087.38,18120.35,
1721011200,18122.54,18132.13,18107.86,18118.47,
1721011800,18117.77,18117.77,18083.19,18086.13,
1721012400,18085.25,18092.38,18076.52,18091.86,
1721013000,18090.78,18095.11,18043.62,18056.14,
1721013600,18054.74,18061.8,18033.37,18034.59,
1721014200,18033.96,18040.03,18014.65,18020.71,
1721014800,18020.45,18029.65,18016.13,18026.95,
1721015400,18026.76,18039.14,18024.87,18036.08,
1721016000,18038.56,18038.56,18038.56,18038.56,
1721019600,18041.2,18059.66,18040.37,18044.17,
1721020200,18044.15,18057.36,18040.96,18049.67,
1721020800,18051.61,18083.49,18048.27,18075.57,
1721021400,18077.08,18081.08,18047.32,18050.98,
1721022000,18051.82,18065.16,18050.82,18062.55,
1721022600,18062.34,18062.34,18037.18,18042.29,
1721023200,18043.58,18045.64,18029.22,18031.52,
1721023800,18032.65,18043.96,18019.6,18028.32,
1721024400,18029.49,18039.18,18022.1,18023.94,
1721025000,18023.98,18024.05,17990.57,18000.96,
1721025600,17999.86,18021.14,17995.56,17996.08,
1721026200,17996.59,18007.83,17988.98,18002.21,
1721026800,18003.13,18014.63,17950.49,17952.43,
1721027400,17953.25,17975.05,17946.49,17973.87,
1721028000,17972.17,17980.53,17968.6,17976.63,
1721028600,17976.59,17979.3,17957.85,17976.67,
1721029200,17975.14,18000.2,17971.84,17999.13,
1721029800,18000.47,18014.29,17992.91,18008.19,
1721030400,18009.95,18015.94,18009.95,18015.94,
1721092800,17845.06,17845.06,17845.06,17845.06,
1721093400,17838.22,17899.55,17823.05,17860.47,
1721094000,17858.11,17858.34,17767.49,17767.49,
1721094600,17768.9,17776.68,17730.09,17765.45,
1721095200,17765.24,17840.68,17761.98,17838.49,
1721095800,17839.67,17845.44,17793.74,17793.74,
1721096400,17794.48,17806.13,17785.6,17798.77,
1721097000,17798.44,17809.28,17778.65,17787.16,
1721097600,17788.15,17811.21,17786.69,17800.73,
1721098200,17802.9,17802.9,17784.16,17788.54,
1721098800,17788.92,17788.92,17742.81,17744.98,
1721099400,17745.69,17768.72,17741.75,17767.27,
1721100000,17767.21,17784.66,17764.25,17776.39,
1721100600,17775.27,17786.57,17772.93,17779.7,
1721101200,17779.72,17786.35,17765.66,17769.4,
1721101800,17770.06,17772.8,17762.66,17766.88,
1721102400,17769.96,17769.96,17769.96,17769.96,
1721106000,17772.66,17780.52,17752.63,17767.83,
1721106600,17767.48,17775.78,17755.9,17768.64,
1721107200,17767.98,17771.7,17742.13,17756.69,
1721107800,17756.04,17804.46,17754.53,17791.57,
1721108400,17791.51,17805.6,17785.5,17785.5,
1721109000,17784.04,17790.48,17762.59,17769.78,
1721109600,17769.13,17770.02,17737.01,17737.01,
1721110200,17736.27,17779.03,17735.21,17765.13,
1721110800,17766.33,17770.88,17752.42,17757.73,
1721111400,17756.3,17761.45,17734.27,17744,
1721112000,17742.92,17777.11,17741.87,17775.71,
1721112600,17775.95,17785.93,17772.56,17782.73,
1721113200,17781.35,17781.35,17747.92,17747.92,
1721113800,17747.95,17756.56,17735.93,17743.74,
1721114400,17749.98,17757.61,17743.29,17754.43,
1721115000,17754.91,17758.73,17748.15,17755.73,
1721115600,17758.42,17765.07,17752.43,17754.15,
1721116200,17755.11,17762.41,17742.91,17742.91,
1721116800,17744.19,17744.19,17727.98,17727.98,
1721179200,17741.77,17741.77,17741.77,17741.77,
1721179800,17761.93,17807.68,17744.1,17787.95,
1721180400,17789.91,17792.97,17708.48,17710.12,
1721181000,17709.17,17710.84,17658.68,17662.3,
1721181600,17665.05,17740.05,17663.91,17714.21,
1721182200,17714.71,17735.7,17701.11,17714.25,
1721182800,17714.7,17792.24,17710.96,17772.49,
1721183400,17773.49,17774.63,17732.41,17762.19,
1721184000,17764.63,17794.95,17751.1,17752.33,
1721184600,17751.64,17752.26,17700.17,17704.43,
1721185200,17703.08,17708.16,17696.9,17706.37,
1721185800,17706.3,17726.31,17700.27,17713.04,
1721186400,17714.01,17734.82,17704.72,17734.82,
1721187000,17735.04,17752.57,17724.51,17750.32,
1721187600,17747.97,17747.97,17714.91,17730.52,
1721188200,17730.28,17741.99,17730.28,17739.62,
1721188800,17739.42,17739.42,17739.42,17739.42,
1721192400,17740.5,17740.5,17717.52,17726.36,
1721193000,17727.76,17729.87,17692.59,17695.31,
1721193600,17695.36,17709.35,17686.43,17706.68,
1721194200,17705.12,17763.67,17699.61,17759.42,
1721194800,17759.3,17792.72,17759.3,17774.35,
1721195400,17775.95,17806.77,17761.77,17772.42,
1721196000,17775.02,17778.73,17749.11,17755.58,
1721196600,17755.74,17758.73,17724.34,17733.05,
1721197200,17734.75,17744,17725.26,17731.21,
1721197800,17730.98,17745.49,17723.67,17741.55,
1721198400,17742.02,17764.85,17738.37,17746.89,
1721199000,17748.39,17761.77,17743.59,17759.66,
1721199600,17760.11,17766.32,17750.18,17761.41,
1721200200,17760.46,17764.53,17744.53,17756.43,
1721200800,17756.31,17758.88,17748.12,17754.44,
1721201400,17751.84,17780.47,17748.65,17770.54,
1721202000,17772.67,17777.61,17759.25,17765.91,
1721202600,17764.25,17769.36,17744.95,17754.12,
1721203200,17754.26,17754.26,17739.41,17739.41,
1721265600,17653.23,17653.23,17653.23,17653.23,
1721266200,17681.6,17755.22,17669.14,17750.54,
1721266800,17750.13,17810.08,17741.16,17805.98,
1721267400,17806.79,17806.79,17724.19,17739.25,
1721268000,17740.05,17740.05,17699.33,17728.55,
1721268600,17728.18,17741.21,17683.75,17689.39,
1721269200,17687.1,17687.1,17623.74,17655.04,
1721269800,17655.21,17681.38,17649.64,17676.08,
1721270400,17675.9,17731.36,17674.06,17731.36,
1721271000,17729.25,17766.79,17725,17759.43,
1721271600,17760.12,17781.03,17757.52,17760.06,
1721272200,17759.55,17765.98,17744.4,17757.32,
1721272800,17755.99,17790.8,17744.16,17788.66,
1721273400,17790.26,17794.42,17772.8,17776.3,
1721274000,17775.13,17790.87,17772.1,17786.56,
1721274600,17786.8,17788.44,17772.32,17778.52,
1721275200,17776.73,17776.73,17776.73,17776.73,
1721278800,17770.59,17815.92,17760.17,17801.17,
1721279400,17801.01,17840.35,17793.81,17821.57,
1721280000,17822.99,17845.42,17806.4,17810.72,
1721280600,17809.1,17849.05,17808.57,17837.13,
1721281200,17837.79,17849.12,17814.29,17816.64,
1721281800,17814.14,17825.61,17804.32,17825.61,
1721282400,17823.98,17834.98,17812.28,17829.81,
1721283000,17829.16,17839.07,17801.09,17830.58,
1721283600,17830.08,17844.68,17819.73,17842.16,
1721284200,17842.76,17863.27,17834.19,17840.34,
1721284800,17840.44,17850.99,17827.39,17848.27,
1721285400,17849.04,17864.12,17844.99,17860.8,
1721286000,17860.1,17860.87,17849.99,17855.4,
1721286600,17855.55,17859.94,17839.46,17840.64,
1721287200,17841.25,17844.36,17816.07,17822.6,
1721287800,17820.29,17820.29,17791.76,17801.07,
1721288400,17800.33,17815.24,17800.33,17805.62,
1721289000,17803.28,17813.25,17789.51,17799.48,
1721289600,17797.61,17797.61,17778.41,17778.41,
1721352000,17603.8,17603.8,17603.8,17603.8,
1721352600,17608.59,17629.97,17480.76,17524.79,
1721353200,17523.49,17524.89,17454.17,17466.69,
1721353800,17468.93,17493.85,17438.17,17443.45,
1721354400,17443.93,17471.62,17423.47,17470.62,
1721355000,17471.26,17489.91,17429.7,17435.27,
1721355600,17435.85,17460.01,17427.57,17438.02,
1721356200,17436.67,17441.11,17415.66,17423.8,
1721356800,17427.05,17472.58,17420.97,17472.42,
1721357400,17468.26,17489.76,17436.01,17436.19,
1721358000,17434.55,17436.46,17422.16,17423.94,
1721358600,17424.01,17436.55,17407.94,17419.32,
1721359200,17417.45,17428.55,17398.09,17402.98,
1721359800,17406.66,17406.66,17376.23,17396.47,
1721360400,17398.32,17403.74,17391.82,17398.51,
1721361000,17395.81,17402.51,17390.97,17401.37,
1721361600,17401.86,17401.86,17401.86,17401.86,
1721365200,17402.26,17432.99,17402.26,17417.59,
1721365800,17418.22,17442.35,17405.12,17405.12,
1721366400,17406.35,17410,17395,17407.33,
1721367000,17407.21,17434.84,17400.88,17428.13,
1721367600,17428.01,17436.14,17418.89,17425.73,
1721368200,17423.74,17443.16,17420.47,17437.39,
1721368800,17434.95,17450.11,17418.68,17421.77,
1721369400,17423.09,17456.71,17421.21,17451.38,
1721370000,17451.51,17458.09,17434.02,17442.58,
1721370600,17442.48,17463.26,17437.58,17455.77,
1721371200,17455.49,17462.22,17445.68,17454.01,
1721371800,17452.1,17460.06,17447.59,17454.31,
1721372400,17454.54,17456.45,17422.85,17422.85,
1721373000,17421.79,17425.77,17409.38,17417.74,
1721373600,17419.31,17424.13,17407.75,17408.27,
1721374200,17410.43,17413.83,17387.29,17390.91,
1721374800,17392.94,17409.12,17386.94,17407.43,
1721375400,17409.73,17424.92,17403.2,17416.3,
1721376000,17414.07,17417.68,17414.07,17417.68,
1721611200,17465.13,17465.13,17465.13,17465.13,
1721611800,17485.51,17511.33,17442.97,17462.35,
1721612400,17467.35,17468.13,17366.49,17375.07,
1721613000,17373.1,17373.1,17313.88,17338.38,
1721613600,17338.55,17355.04,17335.25,17352.6,
1721614200,17352.48,17389.45,17348.24,17386.84,
1721614800,17386.45,17413.03,17380.04,17401.41,
1721615400,17404.77,17499.03,17404.68,17484.55,
1721616000,17484.26,17528.48,17478.2,17526.76,
1721616600,17525.53,17535.29,17506.06,17526.83,
1721617200,17527.71,17579.51,17525.81,17574.57,
1721617800,17573.88,17579.87,17539.34,17548.85,
1721618400,17545.99,17557.1,17529,17541.7,
1721619000,17540.86,17563.77,17537.07,17559.94,
1721619600,17557.58,17575.07,17554.68,17556.34,
1721620200,17556.05,17566.39,17551.43,17560.52,
1721620800,17560.47,17560.47,17560.47,17560.47,
1721624400,17559.46,17599.35,17557.74,17572.49,
1721625000,17572.67,17576.07,17541.63,17541.9,
1721625600,17539.96,17546.68,17524.61,17530.23,
1721626200,17527.45,17545.72,17520.21,17535.17,
1721626800,17532.96,17546.3,17521.29,17544.05,
1721627400,17544.9,17561.37,17542.81,17547.9,
1721628000,17544.64,17576.87,17544.56,17572.02,
1721628600,17571.18,17592.5,17571.1,17587.45,
1721629200,17585.31,17594.7,17562.57,17567.04,
1721629800,17567.71,17606.24,17566.62,17604.14,
1721630400,17601.94,17667.55,17595.92,17646.74,
1721631000,17646.47,17647.91,17629.3,17634.53,
1721631600,17633.69,17649.16,17624.41,17646.09,
1721632200,17645.43,17650.72,17623.9,17632.75,
1721632800,17631.78,17645.98,17629.16,17638.03,
1721633400,17634.94,17650.93,17626.77,17647.41,
1721634000,17648.95,17693.35,17648.95,17659.15,
1721634600,17661.03,17661.73,17635.31,17639.12,
1721635200,17641.01,17641.01,17635.88,17635.88,
1721697600,17679.55,17679.55,17679.55,17679.55,
1721698200,17703.5,17707.68,17634.34,17637.25,
1721698800,17636.36,17643.5,17603.68,17620.73,
1721699400,17620.85,17620.85,17571.46,17587.2,
1721700000,17590.05,17616.99,17578.17,17578.17,
1721700600,17577.78,17585.21,17548.84,17563.44,
1721701200,17563.57,17580.59,17559.19,17567.11,
1721701800,17565.44,17624.83,17565.17,17612.52,
1721702400,17611.74,17623.17,17592.22,17618.05,
1721703000,17617.44,17640.26,17594.15,17614.21,
1721703600,17613.97,17620.95,17598.17,17620.95,
1721704200,17622.25,17627.5,17586.37,17591.79,
1721704800,17590.71,17616.87,17578.58,17616.87,
1721705400,17614.88,17636.64,17606.34,17636.64,
1721706000,17635.29,17638.66,17616.62,17623.36,
1721706600,17622.36,17627.56,17614.86,17618.42,
1721707200,17620.16,17620.16,17620.16,17620.16,
1721710800,17622.78,17632.3,17599.58,17609.05,
1721711400,17611.88,17613.84,17598.44,17601.56,
1721712000,17601.37,17610.19,17583.43,17583.43,
1721712600,17581.78,17583.54,17544.19,17555.95,
1721713200,17555.89,17558.73,17519.26,17520.38,
1721713800,17517.53,17539.64,17511.31,17538.14,
1721714400,17536.8,17547.7,17525.04,17525.91,
1721715000,17524.05,17527.36,17495.23,17495.23,
1721715600,17493.94,17502.66,17483.38,17487.17,
1721716200,17486.76,17497.33,17451.86,17460.23,
1721716800,17461.57,17488.08,17460.83,17477.07,
1721717400,17477.37,17491.16,17475.25,17488.51,
1721718000,17488.55,17498.23,17479.34,17491.54,
1721718600,17489.72,17493.94,17471.36,17475.38,
1721719200,17474.26,17480.92,17462.12,17474.77,
1721719800,17474.52,17490.05,17472.6,17485.4,
1721720400,17484.89,17504.84,17484.14,17495.6,
1721721000,17493.29,17499.69,17482.11,17487.87,
1721721600,17482.5,17482.5,17469.36,17469.36,
1721784000,17454.43,17454.43,17454.43,17454.43,
1721784600,17461.59,17516.95,17445.49,17506.29,
1721785200,17501.76,17502.39,17405.54,17440.51,
1721785800,17441.89,17454.54,17379.84,17391.76,
1721786400,17393.03,17410.58,17369.93,17410.58,
1721787000,17410.33,17443.49,17409.85,17433.8,
1721787600,17433.75,17440.35,17397.96,17403.44,
1721788200,17404.57,17435,17376.03,17380.18,
1721788800,17379.04,17387.21,17332.59,17336.25,
1721789400,17336.9,17363.17,17322.43,17352,
1721790000,17349.36,17397.8,17348.24,17355.45,
1721790600,17354.32,17375.42,17341.72,17368.67,
1721791200,17366.17,17386.27,17351.37,17385.08,
1721791800,17385.34,17386.77,17363.82,17373.86,
1721792400,17376.08,17376.2,17360.82,17367.79,
1721793000,17367.84,17373.81,17355.81,17359.98,
1721793600,17361.12,17361.12,17361.12,17361.12,
1721797200,17354.88,17355.02,17326.72,17347.88,
1721797800,17348.72,17355.28,17336.98,17341.59,
1721798400,17343.22,17375.34,17342.07,17374.68,
1721799000,17374.36,17385.82,17353.38,17356.75,
1721799600,17357.14,17361.05,17328.63,17330.95,
1721800200,17332.2,17336.53,17319.12,17331.96,
1721800800,17333.88,17339.26,17323.04,17329.12,
1721801400,17325.97,17331.31,17304.45,17312.17,
1721802000,17310.91,17323.8,17294.03,17299,
1721802600,17297.37,17300.63,17252.79,17265.33,
1721803200,17269.32,17287.66,17266.25,17273.36,
1721803800,17272.03,17280.3,17265.77,17274.74,
1721804400,17273.88,17284,17251.26,17283.77,
1721805000,17282.53,17288.32,17270.56,17287.28,
1721805600,17285.71,17297.09,17278.58,17285.17,
1721806200,17280.22,17306.36,17272.83,17305.62,
1721806800,17305.65,17310.66,17291.76,17306.69,
1721807400,17307.66,17311.26,17293.75,17305.86,
1721808000,17306.31,17311.05,17306.31,17311.05,
1721870400,17260.83,17260.83,17260.83,17260.83,
1721871000,17272.65,17288.46,17143.18,17154.88,
1721871600,17154.81,17212.58,17136.16,17185.06,
1721872200,17183.78,17184.12,17122.1,17122.62,
1721872800,17126.15,17138.6,17102.63,17108.78,
1721873400,17104.83,17124.42,17088,17106.58,
1721874000,17107.14,17132.32,17075.11,17075.11,
1721874600,17072.01,17078.41,17025.62,17030.19,
1721875200,17031.39,17036.23,17009.19,17012.49,
1721875800,17012.87,17062.66,17010.85,17035.01,
1721876400,17035.74,17050.57,17020.35,17047.55,
1721877000,17046.43,17082.79,17031.39,17082.79,
1721877600,17080.98,17080.98,17058.46,17075.85,
1721878200,17074.35,17093.23,17064.24,17068.35,
1721878800,17067.97,17080.14,17057.68,17079.82,
1721879400,17079.08,17081.04,17060.08,17064,
1721880000,17064.97,17064.97,17064.97,17064.97,
1721883600,17064.65,17074.09,17040.81,17065.46,
1721884200,17064.64,17065.49,17036.87,17037.97,
1721884800,17038.45,17038.45,17019.13,17019.21,
1721885400,17018.48,17025.86,17007.42,17021.17,
1721886000,17020.07,17033.8,17002.74,17018.67,
1721886600,17019.48,17019.49,16991.17,17010.28,
1721887200,17009.11,17013.35,16992.48,17000.46,
1721887800,17000.98,17007.33,16975.91,16990.91,
1721888400,16989.62,17037.34,16989.62,17035.72,
1721889000,17034.64,17037.64,17003.35,17004.79,
1721889600,17006.45,17018.91,17005.37,17008.64,
1721890200,17007.79,17014.82,16995.12,17011.04,
1721890800,17012.86,17019.31,16977.45,16977.45,
1721891400,16976.68,16995.59,16964.52,16993.17,
1721892000,16993.92,16996.76,16967.89,16992.98,
1721892600,16991.04,17014.85,16981.3,17012.16,
1721893200,17014.86,17028.61,17004.37,17012.55,
1721893800,17013.61,17028.26,17000.9,17020.88,
1721894400,17021.91,17021.91,17004.97,17004.97,
1721956800,17079.67,17079.67,17079.67,17079.67,
1721957400,17102.82,17158.7,17078.5,17153.74,
1721958000,17142.09,17216.53,17142.09,17202,
1721958600,17191.29,17229.19,17191.29,17201.38,
1721959200,17192.08,17199.82,17130.01,17139.6,
1721959800,17127.05,17149.23,17127.05,17137.86,
1721960400,17131.1,17136.36,17069.19,17070.59,
1721961000,17064.27,17071.83,17027.25,17035.08,
1721961600,17027.41,17042.44,17015.79,17018.1,
1721962200,17004.73,17013.38,16977.02,16983.73,
1721962800,16972.65,16991.23,16929.11,16929.72,
1721963400,16924.58,17034.08,16924.58,17030.68,
1721964000,17017.26,17038.3,16991.37,17012.67,
1721964600,17002.47,17021.43,17000.67,17006.14,
1721965200,16997.38,17006.29,16982.52,17003.26,
1721965800,16990.59,17026.7,16990.59,17021.52,
1721966400,17033.91,17033.91,17033.91,17033.91,
1721970000,17025.59,17029.44,16994.33,17007.09,
1721970600,16999.45,17016.75,16994.59,17010.28,
1721971200,17003.64,17049.92,17003.64,17049.92,
1721971800,17039.31,17059.76,17030.89,17034.1,
1721972400,17025.59,17042.25,17024.64,17032.76,
1721973000,17023.47,17061.51,17023.47,17049.58,
1721973600,17039.44,17070.06,17029.45,17067.58,
1721974200,17057.13,17065.01,17036.97,17037.99,
1721974800,17027.52,17038.16,17003.47,17018.75,
1721975400,17009.21,17030.15,17005.07,17014.77,
1721976000,17005.01,17048.39,17005.01,17046.17,
1721976600,17034.64,17044.67,17029.26,17033.22,
1721977200,17024.55,17044.72,17024.55,17035.61,
1721977800,17025.76,17061.89,17019.24,17051.66,
1721978400,17044.72,17070.87,17043.99,17063.96,
1721979000,17053.9,17064.23,17017.03,17019.84,
1721979600,17012.29,17024.7,17005.46,17009.75,
1721980200,17001.63,17040.08,17001.63,17032.55,
1721980800,17018.43,17021.31,17018.43,17021.31,
1722216000,17196.45,17196.45,17196.45,17196.45,
1722216600,17179.78,17273.58,17166.59,17237.87,
1722217200,17238.24,17240.91,17162.72,17218.56,
1722217800,17219.68,17238.23,17177.15,17215.22,
1722218400,17213.69,17215.09,17155.38,17168.05,
1722219000,17162.66,17187.06,17154.12,17175.63,
1722219600,17174.22,17217.79,17161.47,17215.06,
1722220200,17215.89,17223.04,17183.76,17206.48,
1722220800,17205.72,17218.67,17193.71,17200.52,
1722221400,17199.86,17231.21,17186.4,17217.13,
1722222000,17218.23,17251.17,17216.03,17243.06,
1722222600,17243.05,17305.73,17243.05,17285.42,
1722223200,17287.81,17316.04,17284.53,17310.21,
1722223800,17310.26,17340.77,17307.52,17322.93,
1722224400,17323.32,17336.21,17303.88,17330.98,
1722225000,17330.86,17332.5,17309.79,17331.3,
1722225600,17331.24,17331.24,17331.24,17331.24,
1722229200,17322.03,17358.5,17314.79,17343.14,
1722229800,17343.59,17353.61,17311.37,17314.55,
1722230400,17316.02,17337.51,17312.76,17333.49,
1722231000,17333.63,17358.66,17317.52,17357.24,
1722231600,17358.44,17358.44,17316.5,17317.52,
1722232200,17315.47,17324.71,17286.64,17287.59,
1722232800,17288.91,17300.97,17282.48,17287.86,
1722233400,17288.32,17301.05,17287.01,17292.31,
1722234000,17292.22,17317.86,17289.18,17317.51,
1722234600,17317.23,17321.18,17292.68,17299.47,
1722235200,17295.64,17301.29,17268.05,17273.59,
1722235800,17275.85,17297.91,17275.85,17286.62,
1722236400,17287.44,17293.34,17272.65,17279.36,
1722237000,17277.39,17283.02,17263.53,17273.53,
1722237600,17272.26,17312.2,17272.18,17299.37,
1722238200,17300.05,17310.05,17270.2,17278.25,
1722238800,17276.78,17281.81,17251.01,17259.56,
1722239400,17257.98,17261.13,17240.9,17247.11,
1722240000,17248.44,17248.44,17238.34,17238.34,
1722302400,17194.37,17194.37,17194.37,17194.37,
1722303000,17173.36,17173.36,17094.35,17151.73,
1722303600,17160.54,17160.54,17033.34,17040.78,
1722304200,17054.11,17054.11,17002.12,17013.35,
1722304800,17028.29,17028.29,16985.22,17011.52,
1722305400,17023.57,17059.78,17012.79,17022.62,
1722306000,17037.27,17037.27,16994.35,17021.97,
1722306600,17035.4,17035.4,16997.09,17010.36,
1722307200,17023.4,17052.42,17011.56,17033.47,
1722307800,17044.64,17044.64,17009.84,17013.74,
1722308400,17024.64,17030.12,16992.18,17018.56,
1722309000,17032.08,17055.77,17025.22,17037.82,
1722309600,17052.94,17052.94,17023.53,17031.83,
1722310200,17041.07,17041.16,16993.75,17001.23,
1722310800,17015.81,17026.25,17001.07,17016.82,
1722311400,17029.58,17038.09,17014.26,17024.49,
1722312000,17038.35,17038.35,17038.35,17038.35,
1722315600,17030.54,17056.17,17030.54,17039.71,
1722316200,17055.06,17055.06,17021.82,17027.39,
1722316800,17041.23,17048.12,17010.68,17014.87,
1722317400,17024.9,17024.96,16996.18,17023.24,
1722318000,17030.95,17043.23,16992.28,17005.88,
1722318600,17012.8,17019.14,16995.52,17011.35,
1722319200,17018.58,17018.58,16990.83,16995.19,
1722319800,17007.39,17007.89,16975.81,16989.61,
1722320400,16998.97,17004.42,16971.6,17004.42,
1722321000,17012.65,17012.65,16982.93,16991.44,
1722321600,17000.04,17011.67,16985.06,17003.92,
1722322200,17015.29,17023.7,16998.6,17010.84,
1722322800,17020.39,17020.39,16994.26,16998.98,
1722323400,17009.75,17009.75,16981.37,16991.11,
1722324000,17003.02,17003.02,16974.96,16978.84,
1722324600,16990.43,16997,16980.85,16992.08,
1722325200,17001.69,17003.89,16976.38,16981.93,
1722325800,16989.8,16997.7,16978.31,16990.62,
1722326400,16991.25,17002.91,16991.25,17002.91,
1722388800,17070.86,17070.86,17070.86,17070.86,
1722389400,17062.38,17092.45,17015.83,17089.01,
1722390000,17088.88,17108.11,17048.1,17108.11,
1722390600,17108.09,17132.37,17076.45,17122.82,
1722391200,17124.77,17131.79,17096.14,17117.85,
1722391800,17117.67,17179.32,17115.97,17178.23,
1722392400,17179.33,17271.42,17179.33,17271.42,
1722393000,17270.99,17300.54,17255.34,17255.34,
1722393600,17259.44,17267.85,17214.66,17225.78,
1722394200,17225.22,17260.59,17222.53,17254.86,
1722394800,17254.16,17255.09,17230.96,17245.21,
1722395400,17245.11,17311.82,17242.09,17306.34,
1722396000,17305.51,17366.7,17305.51,17343.64,
1722396600,17339.09,17355.02,17328.43,17332.87,
1722397200,17332.53,17340.89,17306.79,17308.64,
1722397800,17308.15,17327.9,17307.98,17326.89,
1722398400,17326.58,17326.58,17326.58,17326.58,
1722402000,17350.23,17375.5,17319.42,17321.08,
1722402600,17322.15,17355.04,17321.22,17349.9,
1722403200,17348.58,17369.32,17323.17,17367.88,
1722403800,17367.83,17367.92,17313.11,17339.23,
1722404400,17340.08,17371.7,17332.86,17353.75,
1722405000,17353.2,17368.9,17348.83,17359.47,
1722405600,17361.16,17361.16,17331.86,17335.07,
1722406200,17336.28,17361.78,17333.52,17355.38,
1722406800,17354.04,17356.4,17333.96,17333.98,
1722407400,17332.45,17359.25,17330.54,17355.86,
1722408000,17356,17361.7,17335.72,17347.14,
1722408600,17346.31,17355.94,17338.33,17345.32,
1722409200,17345.45,17364.49,17339.46,17349.91,
1722409800,17353.08,17378.48,17351.27,17372.81,
1722410400,17368.37,17385.99,17366.16,17378.34,
1722411000,17377.82,17384.16,17362.81,17381.7,
1722411600,17382.6,17400.24,17371.14,17392.32,
1722412200,17392.61,17398.9,17373.05,17382.23,
1722412800,17383.25,17383.25,17344.6,17344.6,
1722475200,17327.85,17327.85,17327.85,17327.85,
1722475800,17349.38,17408.79,17321.67,17348.2,
1722476400,17347.16,17361.6,17248.12,17248.12,
1722477000,17248.46,17343.72,17248.46,17343.72,
1722477600,17341.14,17348.18,17287.52,17304.7,
1722478200,17306.75,17329.18,17272.03,17311.82,
1722478800,17312.95,17380.29,17308.51,17358.08,
1722479400,17357.93,17357.93,17327.62,17335.61,
1722480000,17333.78,17337.13,17294.64,17326.68,
1722480600,17325.93,17325.93,17282.5,17289.59,
1722481200,17289.98,17304.13,17272.68,17292.25,
1722481800,17294.03,17298.45,17273.41,17278.01,
1722482400,17275.79,17298.5,17275.68,17295.3,
1722483000,17295.73,17299.64,17277.64,17290.88,
1722483600,17289.18,17311.24,17284.79,17307.36,
1722484200,17306.33,17317.32,17303.1,17311.96,
1722484800,17311.49,17311.49,17311.49,17311.49,
1722488400,17306.05,17309.99,17291.84,17298.39,
1722489000,17297.81,17339.32,17293.46,17338.85,
1722489600,17338.97,17352,17325.23,17349.21,
1722490200,17350.71,17374.26,17344.83,17372.39,
1722490800,17372.52,17383.08,17364.75,17383.08,
1722491400,17382.9,17406.26,17375.13,17405.18,
1722492000,17403.59,17408.95,17363.54,17369.21,
1722492600,17368.94,17368.94,17354.32,17362.81,
1722493200,17362.87,17371.31,17354.86,17356.3,
1722493800,17355.47,17371.08,17342.62,17346.01,
1722494400,17345.97,17357.81,17338.49,17353.65,
1722495000,17355.07,17355.07,17333.66,17340.59,
1722495600,17339.35,17343.49,17308.47,17322.46,
1722496200,17324.46,17331.69,17314.02,17327.35,
1722496800,17327.32,17332.48,17305.37,17315.76,
1722497400,17317.15,17327.63,17311.82,17316.04,
1722498000,17312.53,17327.74,17308.96,17323.36,
1722498600,17321.8,17321.8,17300.72,17305.77,
1722499200,17305.46,17305.46,17304.96,17304.96,
1722561600,17025.26,17025.26,17025.26,17025.26,
1722562200,16968.81,17014.26,16951.18,17010.3,
1722562800,17001.8,17064.97,16977.57,17053.7,
1722563400,17043.9,17075.52,17026.21,17046.78,
1722564000,17036.92,17039.72,16965.23,16985.58,
1722564600,16975.57,17000.93,16954.85,16954.88,
1722565200,16945.91,16952.67,16892.9,16918.5,
1722565800,16912.72,16945.06,16912.72,16928.4,
1722566400,16923.02,16961.32,16923.02,16950.96,
1722567000,16945.47,16958.47,16932.53,16954.76,
1722567600,16950.85,16982.23,16950.85,16973.76,
1722568200,16971.77,16985.83,16958.62,16983.13,
1722568800,16981.14,16986.72,16948.26,16951.47,
1722569400,16952.99,16969.3,16949.98,16959.82,
1722570000,16959.15,16965.28,16950.95,16955.83,
1722570600,16952.74,16956.53,16944.86,16952.23,
1722571200,16943.73,16950.59,16943.73,16950.59,
1722574800,16947.19,16950.83,16929.93,16941.18,
1722575400,16936.84,16961.68,16927.28,16927.28,
1722576000,16928.72,16931.87,16892.56,16897.23,
1722576600,16895.9,16902.87,16865.93,16877.13,
1722577200,16876.68,16890.9,16868.14,16881.06,
1722577800,16877.67,16894.6,16871.48,16889.99,
1722578400,16887.88,16900.59,16881.85,16885.03,
1722579000,16885.24,16918.43,16878.35,16918.43,
1722579600,16912.13,16926.57,16903.23,16914.33,
1722580200,16909.14,16921.1,16900.69,16916.07,
1722580800,16912.03,16928.92,16907.79,16924.54,
1722581400,16919.78,16931.38,16904.19,16908.57,
1722582000,16900.75,16915.02,16892.17,16899.57,
1722582600,16898.86,16911.53,16889.99,16896.18,
1722583200,16893.42,16934.06,16891.37,16931.28,
1722583800,16927.96,16960.13,16927.96,16948.11,
1722584400,16939.7,16955.75,16939.7,16944.26,
1722585000,16936.02,16945.1,16913.02,16916.67,
1722585600,16906.79,16945.51,16906.79,16945.51,
1722820800,16676.82,16676.82,16676.82,16676.82,
1722821400,16664.3,16905.21,16614.45,16904.39,
1722822000,16902.45,16944.59,16882.19,16923.6,
1722822600,16920.04,16922.34,16825.4,16826.78,
1722823200,16825.52,16825.52,16733.03,16735.94,
1722823800,16734.55,16786.36,16711.95,16786.36,
1722824400,16786.85,16863.55,16785.93,16823.63,
1722825000,16824.43,16824.43,16785.81,16790.55,
1722825600,16790.27,16826.11,16770.4,16817.59,
1722826200,16817.04,16865.25,16816.42,16835.84,
1722826800,16835.05,16858.41,16833.6,16856.56,
1722827400,16857.2,16894.36,16857.2,16887.27,
1722828000,16889.37,16909.43,16855.76,16858.31,
1722828600,16859.29,16883.42,16856.56,16883.42,
1722829200,16882.84,16897.43,16878.59,16887.24,
1722829800,16888.23,16924.31,16886.54,16909.29,
1722830400,16908.96,16908.96,16908.96,16908.96,
1722834000,16899.57,16899.57,16745.77,16748.37,
1722834600,16749.52,16753.03,16698.89,16699,
1722835200,16694.44,16706.54,16660.56,16682.6,
1722835800,16682.99,16689.07,16582.81,16607.42,
1722836400,16607.3,16616.67,16539.88,16539.91,
1722837000,16541.04,16545.24,16441.44,16511.65,
1722837600,16513.46,16525.36,16482.87,16497.3,
1722838200,16497.77,16560.2,16495.66,16546.05,
1722838800,16549.09,16550.33,16492.46,16528.02,
1722839400,16528.14,16630.32,16524.35,16627.6,
1722840000,16628.13,16641.92,16572.71,16579.52,
1722840600,16578.83,16588.94,16556.69,16573.59,
1722841200,16572.41,16603.74,16560.16,16581.96,
1722841800,16580.64,16610.37,16577.69,16605.74,
1722842400,16603.58,16620.59,16599.77,16599.91,
1722843000,16601.42,16692.47,16595.75,16681.75,
1722843600,16684.32,16686.88,16655.89,16675.23,
1722844200,16674.58,16679.29,16642.44,16676.35,
1722844800,16675.08,16698.36,16675.08,16698.36,
1722907200,16861.3,16861.3,16861.3,16861.3,
1722907800,16894.07,16908.97,16845.62,16873.5,
1722908400,16872.71,16873.11,16811.33,16865.85,
1722909000,16864.29,16898.77,16792.59,16797.57,
1722909600,16796.75,16797.97,16709.27,16709.27,
1722910200,16707.37,16714.49,16682.15,16699.09,
1722910800,16696.55,16732.8,16686.99,16731.9,
1722911400,16733.09,16738.92,16709.97,16723.6,
1722912000,16724.35,16736.36,16713.36,16717.43,
1722912600,16718.42,16737.09,16680.4,16737.09,
1722913200,16737.22,16761.68,16717.93,16717.93,
1722913800,16717.05,16721.58,16686.01,16702.97,
1722914400,16703.5,16714,16683.29,16714,
1722915000,16713.9,16737.17,16699.97,16735.52,
1722915600,16735.33,16772.92,16735.31,16761.16,
1722916200,16759.91,16788.25,16758.78,16775.04,
1722916800,16775.65,16775.65,16775.65,16775.65,
1722920400,16761.68,16767.58,16661.2,16665.58,
1722921000,16665.54,16671.7,16640.95,16661.12,
1722921600,16660.97,16671.17,16644.48,16649.1,
1722922200,16648.23,16690.41,16628.26,16690.41,
1722922800,16688.06,16714.29,16676.68,16679.53,
1722923400,16678.35,16682.14,16653.42,16664.32,
1722924000,16666.01,16666.01,16639.58,16639.58,
1722924600,16639.27,16651.43,16620.62,16623.76,
1722925200,16623,16661.54,16611.14,16659.9,
1722925800,16660.77,16703.54,16657.8,16681.07,
1722926400,16681.87,16700.93,16676.18,16690.45,
1722927000,16689.88,16702.69,16674.78,16693.81,
1722927600,16694.55,16706.8,16671.71,16699.43,
1722928200,16700.93,16703.45,16679.52,16689.65,
1722928800,16691.72,16710.95,16681.83,16691.48,
1722929400,16692.42,16697.28,16670.97,16675.53,
1722930000,16677.28,16683.99,16662.36,16669.07,
1722930600,16667.85,16672.4,16655.47,16665.68,
1722931200,16668.05,16668.05,16647.34,16647.34,
1722993600,16684.78,16684.78,16684.78,16684.78,
1722994200,16704.09,16761.49,16686.63,16730.38,
1722994800,16729.77,16822.62,16711.39,16821.77,
1722995400,16820.1,16903.78,16820.1,16844.81,
1722996000,16841.71,16879.25,16829.56,16848.55,
1722996600,16846.64,16849.62,16797.04,16834.64,
1722997200,16832.45,16881.57,16830.64,16877.32,
1722997800,16876.25,16893.88,16845.31,16893.88,
1722998400,16894.41,16897.11,16853.45,16854.9,
1722999000,16855.98,16867.78,16829.04,16852.98,
1722999600,16852.53,16865.14,16841.01,16848.45,
1723000200,16848.74,16850.55,16815.39,16819.02,
1723000800,16817.53,16853.59,16812.09,16836.58,
1723001400,16835.14,16874.55,16828.72,16859.73,
1723002000,16859.23,16863.29,16851.84,16858.21,
1723002600,16857.43,16867.66,16849.25,16863.08,
1723003200,16864.92,16864.92,16864.92,16864.92,
1723006800,16870.49,16905.86,16864.49,16898.53,
1723007400,16900.71,16968.09,16899.45,16968.09,
1723008000,16968.27,16983.8,16956.87,16976.04,
1723008600,16974.89,16988.26,16952.64,16965.93,
1723009200,16965.97,16968.11,16949.26,16949.26,
1723009800,16950.12,16952,16922.03,16927.48,
1723010400,16925.46,16934.92,16889.6,16908.09,
1723011000,16907.49,16909.56,16843.87,16846.95,
1723011600,16847.81,16862.35,16828.42,16858.21,
1723012200,16858.81,16882.1,16853.61,16873.45,
1723012800,16874.96,16875.68,16860.61,16863.39,
1723013400,16864.45,16870.86,16858.91,16870.09,
1723014000,16870.97,16871.36,16846.08,16863.25,
1723014600,16866.1,16873.4,16856.16,16858.99,
1723015200,16860.16,16861.96,16811.31,16825.08,
1723015800,16820.99,16838.19,16805.57,16832.81,
1723016400,16835.63,16855.05,16833.75,16850.28,
1723017000,16851.91,16857.84,16840.01,16854.57,
1723017600,16857.27,16877.86,16857.27,16877.86,
1723080000,16773.04,16773.04,16773.04,16773.04,
1723080600,16766.53,16779.7,16684.59,16691.77,
1723081200,16690.34,16735.27,16665.06,16713.95,
1723081800,16715.76,16784.87,16705.82,16751.97,
1723082400,16752.67,16776.73,16737.92,16750.88,
1723083000,16754.36,16811.28,16742.55,16810.2,
1723083600,16810.57,16843.95,16802.11,16821.36,
1723084200,16821.51,16916.77,16818.15,16909.33,
1723084800,16911.42,16935.65,16903,16924.94,
1723085400,16924.25,16963.02,16904.47,16961.4,
1723086000,16961.26,16974.62,16947.51,16955.09,
1723086600,16954.81,17022.85,16954.81,17003.4,
1723087200,17001.92,17019.04,16983.92,16999.38,
1723087800,16998.91,17014.19,16975.79,17001.81,
1723088400,17002,17022.8,16992.97,17011.29,
1723089000,17013.25,17023.1,16994.76,16999.16,
1723089600,16998.45,16998.45,16998.45,16998.45,
1723093200,16988.31,16996.36,16964.01,16991.57,
1723093800,16993.83,17007.81,16987.27,17000.11,
1723094400,16998.53,17018.62,16981.22,16981.22,
1723095000,16980.28,16983.59,16912.42,16912.42,
1723095600,16913.4,16918.23,16871.35,16903.22,
1723096200,16902.83,16915.2,16890.76,16912.03,
1723096800,16913.65,16924.43,16888.86,16903.77,
1723097400,16903.26,16932.64,16901.23,16931.35,
1723098000,16928.82,16956.6,16928.82,16952.08,
1723098600,16951.96,16974.62,16948.51,16958.53,
1723099200,16956.86,16960.85,16936.89,16943.94,
1723099800,16943.57,16947.82,16927.17,16927.17,
1723100400,16928.29,16930.96,16900.64,16910.82,
1723101000,16909.8,16911.92,16860.16,16866.27,
1723101600,16865.18,16878.09,16855.27,16860.33,
1723102200,16859.12,16865.91,16842.92,16865.36,
1723102800,16866.71,16885.34,16859.5,16878.4,
1723103400,16876.66,16877.54,16858.98,16865.32,
1723104000,16868.51,16891.83,16868.51,16891.83,
1723166400,17097.36,17097.36,17097.36,17097.36,
1723167000,17126.92,17210.55,17120.81,17162.79,
1723167600,17155.22,17171.04,17127.1,17156.68,
1723168200,17152.84,17158.81,17095.92,17121.91,
1723168800,17119.24,17134.59,17082.6,17096.95,
1723169400,17092.91,17173.18,17092.91,17168.35,
1723170000,17165.58,17228.22,17158.85,17205.36,
1723170600,17202.82,17223.15,17188.18,17214.44,
1723171200,17208.93,17252.22,17208.01,17243.02,
1723171800,17238.27,17240.42,17201.37,17205.31,
1723172400,17204.06,17233.29,17204.06,17231.87,
1723173000,17227.91,17229.65,17211.35,17218.32,
1723173600,17213.51,17220.35,17179.94,17181.38,
1723174200,17176.58,17211.57,17176.58,17206.52,
1723174800,17200.04,17203.54,17185.96,17189.08,
1723175400,17185.02,17203.19,17183.81,17194.75,
1723176000,17191.43,17191.43,17191.43,17191.43,
1723179600,17181.79,17181.79,17079.35,17107.12,
1723180200,17101.33,17133.78,17101.33,17125.65,
1723180800,17121.04,17146.17,17121.04,17135.94,
1723181400,17131.18,17164.73,17125.43,17150.6,
1723182000,17145.45,17151.09,17126.03,17142.99,
1723182600,17136.34,17140.85,17116.33,17125.98,
1723183200,17120.37,17126.89,17104.92,17110.35,
1723183800,17105.1,17109.7,17093.03,17105.26,
1723184400,17102.55,17118.52,17102.55,17112.88,
1723185000,17108.83,17128.37,17108.8,17118.57,
1723185600,17114.7,17122.42,17111.19,17114.97,
1723186200,17110.05,17119.07,17104.91,17116.02,
1723186800,17110.25,17118.5,17097.52,17113.19,
1723187400,17107.95,17133.48,17106.15,17133.48,
1723188000,17125.95,17134.81,17120.08,17125.26,
1723188600,17117.06,17123.6,17094.52,17097.36,
1723189200,17090.6,17127.45,17090.6,17107.88,
1723189800,17102.53,17113.04,17094.02,17105.57,
1723190400,17106.88,17106.88,17090.23,17090.23,
1723425600,17102.98,17102.98,17102.98,17102.98,
1723426200,17128.63,17162.76,17051.68,17063.7,
1723426800,17062.11,17071.66,17004.48,17007.52,
1723427400,17004.24,17075.21,17002.93,17053.23,
1723428000,17054.59,17068.13,17019.9,17019.92,
1723428600,17020.91,17089.15,17019.61,17086.6,
1723429200,17087.02,17112.83,17079.26,17108.96,
1723429800,17109.32,17127.07,17095.25,17121.53,
1723430400,17118.92,17136.86,17108.05,17135.11,
1723431000,17135.67,17155.28,17096.27,17096.29,
1723431600,17096.92,17106.95,17077.48,17088.47,
1723432200,17089.64,17089.64,17038.27,17038.37,
1723432800,17037.89,17050.42,17027.49,17048.46,
1723433400,17049.24,17081.37,17045.69,17077.47,
1723434000,17076.3,17091.27,17072.91,17085.01,
1723434600,17085.9,17100.49,17085.6,17100.49,
1723435200,17098.7,17098.7,17098.7,17098.7,
1723438800,17092.87,17138.08,17092.87,17120.38,
1723439400,17121.55,17133.53,17118.44,17127.76,
1723440000,17130.99,17137.4,17107.32,17109.13,
1723440600,17108.94,17116.09,17090.2,17098.45,
1723441200,17099.08,17102.09,17082.87,17097.96,
1723441800,17097.79,17100.13,17077.68,17080.04,
1723442400,17078.22,17090.16,17070.17,17070.17,
1723443000,17071.08,17085.54,17068.15,17074.45,
1723443600,17074.36,17081.17,17062.74,17079.02,
1723444200,17077.56,17093.86,17076.03,17082,
1723444800,17080.36,17088.8,17075.11,17079.37,
1723445400,17081.21,17109.88,17080.27,17102.1,
1723446000,17104.19,17114.4,17093.76,17109.44,
1723446600,17110.05,17118.47,17108.11,17113.66,
1723447200,17115.05,17133.54,17113.39,17129.09,
1723447800,17128.11,17128.11,17106.56,17111.17,
1723448400,17111.83,17113.65,17097.95,17108.08,
1723449000,17107.67,17118.69,17105.12,17111.64,
1723449600,17110.2,17111.65,17110.2,17111.65,
1723512000,17160.21,17160.21,17160.21,17160.21,
1723512600,17146.54,17252.88,17136.72,17245.19,
1723513200,17244.1,17244.86,17177.67,17181,
1723513800,17181.47,17182.66,17117.61,17127.87,
1723514400,17126.11,17185.35,17091.45,17184.15,
1723515000,17186.18,17186.18,17099.96,17123.34,
1723515600,17121.33,17136.44,17097.09,17106.19,
1723516200,17105.45,17109.75,17074.69,17101.26,
1723516800,17099.63,17111.2,17097.29,17108.33,
1723517400,17110.55,17114.46,17099.74,17109.87,
1723518000,17109.97,17117.41,17100.68,17102.19,
1723518600,17103.73,17117.85,17100.82,17112.61,
1723519200,17110.33,17113.67,17079.11,17092.3,
1723519800,17091.02,17113.33,17087.45,17112.69,
1723520400,17112.07,17153.49,17110,17147.46,
1723521000,17144.53,17148.9,17122.98,17128.73,
1723521600,17128.78,17128.78,17128.78,17128.78,
1723525200,17127.72,17164.04,17126.94,17151.83,
1723525800,17152.38,17165.59,17142.36,17164.61,
1723526400,17164.16,17166.89,17128.92,17130.48,
1723527000,17131.72,17140.17,17121.26,17134.5,
1723527600,17130.16,17147.54,17105.14,17108.75,
1723528200,17109.18,17124.49,17097.86,17123.66,
1723528800,17123.06,17135.69,17122.17,17125.41,
1723529400,17124.27,17124.94,17099.71,17117.97,
1723530000,17117.78,17135.6,17113.91,17122.16,
1723530600,17120.26,17147.85,17118.28,17142.07,
1723531200,17141.84,17178.42,17141.84,17175.44,
1723531800,17177.24,17182.88,17170.01,17181.45,
1723532400,17180.7,17183.04,17164.24,17169.81,
1723533000,17170.13,17171.23,17149.82,17151.68,
1723533600,17150.75,17176.79,17150.75,17172.82,
1723534200,17170.74,17172.01,17145.01,17157.83,
1723534800,17153.66,17166.51,17151.49,17160.75,
1723535400,17160.98,17168.01,17152.55,17165.43,
1723536000,17163.42,17174.06,17163.42,17174.06,
1723598400,17233.68,17233.68,17233.68,17233.68,
1723599000,17219.77,17254.23,17196.59,17246.8,
1723599600,17246.24,17248.92,17163.7,17164.72,
1723600200,17164.03,17164.03,17128.58,17140.58,
1723600800,17142.43,17153.44,17118.46,17147.88,
1723601400,17148.1,17148.77,17083.44,17093.76,
1723602000,17093.25,17113.3,17092.47,17107.57,
1723602600,17107.04,17138.01,17105.75,17129.88,
1723603200,17129.26,17154.78,17125.83,17144.82,
1723603800,17143.86,17159.39,17127.51,17147.57,
1723604400,17148.14,17151.37,17132.98,17143.15,
1723605000,17143.04,17156.49,17125.28,17127.23,
1723605600,17126.18,17128.67,17112.58,17114.89,
1723606200,17114.59,17124.77,17111.7,17119.26,
1723606800,17119.2,17133.88,17117.48,17121.02,
1723607400,17121.24,17125.59,17111.23,17111.23,
1723608000,17111.43,17111.43,17111.43,17111.43,
1723611600,17116.23,17120.23,17086.41,17092.39,
1723612200,17092.58,17094.18,17055.7,17072.55,
1723612800,17072.51,17088.19,17071.31,17079.66,
1723613400,17080.31,17107.15,17076.63,17106.74,
1723614000,17105.07,17113.45,17086.01,17089.41,
1723614600,17088.43,17094.58,17078.13,17087.27,
1723615200,17090.35,17095.81,17070.65,17072.5,
1723615800,17073.96,17084.15,17065.05,17076.52,
1723616400,17076.57,17093.1,17075.91,17085.32,
1723617000,17083.98,17102.55,17082.79,17098.82,
1723617600,17098.96,17106.27,17077.68,17080.95,
1723618200,17080.56,17084.46,17063.6,17071.82,
1723618800,17070.38,17082.1,17068.07,17076.21,
1723619400,17075.72,17085.96,17072.19,17085.4,
1723620000,17084.59,17104.67,17083.35,17098.56,
1723620600,17099.1,17105.17,17084.7,17104.78,
1723621200,17105.68,17118.07,17098.44,17111.86,
1723621800,17113.88,17115.14,17098.79,17111.29,
1723622400,17111.54,17113.36,17111.54,17113.36,
1723684800,17008.21,17008.21,17008.21,17008.21,
1723685400,16982.78,17062.36,16926.47,17049,
1723686000,17046.98,17073.96,17025.77,17072.84,
1723686600,17069.19,17089.24,17003.03,17058.7,
1723687200,17058.13,17095.31,17046,17095.31,
1723687800,17096.45,17201.13,17096.45,17201.13,
1723688400,17202.27,17216.27,17183.28,17211.03,
1723689000,17209.05,17237.85,17200.63,17221.96,
1723689600,17223.36,17283.65,17220.56,17233.53,
1723690200,17232.75,17234.49,17188.68,17200.86,
1723690800,17199.25,17213.3,17151,17165.55,
1723691400,17164.97,17180.43,17158.11,17178.82,
1723692000,17179.44,17180.5,17164.49,17179.56,
1723692600,17178.18,17204.45,17177.69,17201.3,
1723693200,17200.87,17203.37,17178.5,17179.99,
1723693800,17180.49,17183.12,17166.52,17169.87,
1723694400,17171.01,17171.01,17171.01,17171.01,
1723698000,17167.03,17185.16,17136.59,17138.13,
1723698600,17136.9,17140.72,17111.17,17130.55,
1723699200,17130.73,17135.18,17108.25,17111.17,
1723699800,17112.4,17112.4,17080.23,17099.7,
1723700400,17100.92,17103.39,17054.66,17054.66,
1723701000,17055.71,17083.25,17051.83,17066.9,
1723701600,17067.87,17083.35,17058.6,17072.26,
1723702200,17072.48,17077.73,17060.73,17061.96,
1723702800,17061.31,17062.78,17039.91,17057.61,
1723703400,17053.85,17057.39,17038.58,17041.43,
1723704000,17040.86,17064,17032.17,17063.18,
1723704600,17062.13,17080.34,17059.86,17068.37,
1723705200,17072.82,17099.16,17066.7,17095.7,
1723705800,17094.49,17126.34,17093.97,17125.74,
1723706400,17124.1,17129.45,17098.74,17105.22,
1723707000,17105.56,17111.46,17089.73,17097.21,
1723707600,17096.49,17101.58,17082.18,17101.58,
1723708200,17099.19,17101.37,17082.88,17095.01,
1723708800,17096.47,17109.14,17096.47,17109.14,
1723771200,17286.04,17286.04,17286.04,17286.04,
1723771800,17287.18,17346.97,17255.86,17343.24,
1723772400,17335.12,17366.61,17319.69,17345.65,
1723773000,17333.51,17406.88,17296.82,17400.77,
1723773600,17394.56,17406.32,17345.78,17361.66,
1723774200,17354.65,17395.85,17339.31,17395.85,
1723774800,17387.87,17425.67,17387.87,17424.72,
1723775400,17415.45,17433.47,17398.03,17426.84,
1723776000,17421.28,17437.3,17397.5,17398.84,
1723776600,17388.98,17409.32,17366.71,17397.31,
1723777200,17389.46,17401.29,17366.59,17397.92,
1723777800,17390.11,17421.03,17390.11,17411.66,
1723778400,17406.13,17415.46,17389.51,17395.1,
1723779000,17387.84,17419.84,17387.84,17413.35,
1723779600,17405.18,17417.12,17392.83,17395.06,
1723780200,17387.59,17409.41,17387.59,17399.68,
1723780800,17396.26,17397.61,17396.26,17397.61,
1723784400,17400.35,17409.3,17378.88,17406.59,
1723785000,17398.53,17443.81,17398.53,17439.78,
1723785600,17430.94,17449.36,17418.13,17424.69,
1723786200,17420.07,17438.94,17420.07,17438.93,
1723786800,17433.99,17452.52,17429.54,17450.29,
1723787400,17443.77,17468.78,17443.77,17455.45,
1723788000,17449.08,17473.89,17449.08,17461.14,
1723788600,17454.15,17458.48,17424.73,17432.82,
1723789200,17427.51,17432.64,17404.45,17407.51,
1723789800,17404.67,17416.23,17400.33,17403.26,
1723790400,17396.27,17414.65,17396.27,17408.07,
1723791000,17402.32,17416.69,17402.32,17414.82,
1723791600,17406.52,17434.16,17405.87,17428.34,
1723792200,17422.51,17441.55,17415.1,17416.33,
1723792800,17411.59,17430.08,17411.55,17427.14,
1723793400,17418.27,17432.26,17418.27,17420.78,
1723794000,17417.67,17431.12,17416.72,17417.12,
1723794600,17415.52,17423.63,17403.88,17420.66,
1723795200,17419.64,17430.16,17419.64,17430.16,
1724030400,17569.66,17569.66,17569.66,17569.66,
1724031000,17560.71,17654.44,17555.03,17635.86,
1724031600,17638.08,17638.08,17585.18,17622.9,
1724032200,17624.06,17670.19,17598.32,17659.64,
1724032800,17657.57,17679.71,17642.05,17679.71,
1724033400,17680.9,17685.86,17641.63,17655.66,
1724034000,17655.11,17673.02,17630.46,17631.68,
1724034600,17635.92,17640.18,17612.56,17616.19,
1724035200,17613.99,17613.99,17586.93,17606.38,
1724035800,17605.33,17619.08,17599.92,17605.48,
1724036400,17606.24,17612.53,17591.22,17594.81,
1724037000,17596.52,17613.65,17591.24,17609.12,
1724037600,17609.62,17619.21,17604.99,17608.89,
1724038200,17612.05,17630.3,17608.94,17630.3,
1724038800,17628.85,17640.25,17624.11,17632.29,
1724039400,17632.8,17636.16,17613.72,17613.72,
1724040000,17614.62,17614.62,17614.62,17614.62,
1724043600,17606.21,17619.02,17597.47,17600.84,
1724044200,17602.39,17602.39,17576.09,17586.67,
1724044800,17586.51,17595.43,17572.68,17572.68,
1724045400,17572.05,17588.93,17566.88,17585.4,
1724046000,17586.06,17591.17,17575.72,17591.04,
1724046600,17590.44,17599.61,17580.65,17590.54,
1724047200,17588.43,17588.51,17565.05,17566.35,
1724047800,17567.17,17577.16,17564.75,17569.52,
1724048400,17572.35,17572.89,17562.54,17568.51,
1724049000,17570.04,17603,17569.77,17600.55,
1724049600,17599.39,17602.32,17584.61,17587.52,
1724050200,17587.81,17597.77,17584.44,17592.46,
1724050800,17590.18,17607.85,17587.04,17601.37,
1724051400,17599.92,17602.29,17580.22,17582.27,
1724052000,17581.08,17587.71,17570.68,17574.94,
1724052600,17576.63,17581.3,17554.55,17558.06,
1724053200,17556.36,17570.42,17552.76,17561.52,
1724053800,17563.85,17567.73,17547.65,17561.72,
1724054400,17561.65,17569.57,17561.65,17569.57,
1724116800,17661.69,17661.69,17661.69,17661.69,
1724117400,17647.97,17647.97,17570.25,17572.79,
1724118000,17571.39,17605.16,17571.23,17593.65,
1724118600,17592.9,17595.64,17517.85,17530.76,
1724119200,17531.96,17536.35,17484.8,17501.46,
1724119800,17502.42,17510.46,17482.31,17503.54,
1724120400,17504.59,17518.98,17501,17508.72,
1724121000,17510.64,17526.82,17507.69,17523.94,
1724121600,17523.43,17528.94,17495.93,17499.43,
1724122200,17500.15,17508.83,17486.46,17506.42,
1724122800,17504.39,17523.43,17502.19,17518.75,
1724123400,17522.03,17524.18,17509.56,17518.86,
1724124000,17520.9,17527.44,17511.67,17525.57,
1724124600,17524.97,17535.01,17523.69,17525.43,
1724125200,17526.07,17527.16,17514.96,17518,
1724125800,17516.52,17517.58,17500.37,17506.28,
1724126400,17506.34,17506.34,17506.34,17506.34,
1724130000,17499.55,17522.37,17498.3,17507.17,
1724130600,17506.03,17513.53,17496.59,17501.45,
1724131200,17498.53,17508.69,17495.11,17503.47,
1724131800,17504.17,17507.19,17491.72,17495.57,
1724132400,17495.44,17500.05,17449.99,17474.7,
1724133000,17476.46,17496.01,17471.33,17489.94,
1724133600,17490.89,17494.33,17468.55,17471.88,
1724134200,17471.1,17480.97,17466.09,17471.8,
1724134800,17471.68,17483.33,17466.07,17483.33,
1724135400,17483.35,17497.91,17482.75,17490.81,
1724136000,17489.72,17489.94,17475.59,17479.48,
1724136600,17480.12,17489.68,17475.82,17475.82,
1724137200,17477.62,17492.85,17477.41,17490.36,
1724137800,17490.51,17492.17,17479.84,17487.14,
1724138400,17487.01,17492.56,17478.55,17486.2,
1724139000,17486.36,17489.8,17475.41,17488.38,
1724139600,17491.24,17498.49,17484.81,17492.24,
1724140200,17490.01,17496.3,17481.27,17487.94,
1724140800,17486.57,17511.08,17486.57,17511.08,
1724203200,17313.86,17313.86,17313.86,17313.86,
1724203800,17296.09,17296.09,17232.13,17294.05,
1724204400,17294.59,17348.6,17284.85,17348.6,
1724205000,17349.28,17360.46,17300.56,17311.77,
1724205600,17312.92,17358.97,17303.49,17358.12,
1724206200,17358.94,17388.83,17345.46,17370.67,
1724206800,17370.39,17399.44,17362.67,17373.82,
1724207400,17374.9,17415.48,17366.43,17400.39,
1724208000,17400.48,17415.21,17380.36,17383.38,
1724208600,17384.71,17386.09,17353.65,17353.65,
1724209200,17354.63,17357.81,17339.45,17347.32,
1724209800,17345.83,17371.7,17344.46,17347.6,
1724210400,17348.38,17362.41,17340.75,17353.4,
1724211000,17355.83,17363.38,17348.6,17355.54,
1724211600,17356.12,17360.54,17346.34,17355.92,
1724212200,17355.02,17361.08,17343.96,17345.4,
1724212800,17345.53,17345.53,17345.53,17345.53,
1724216400,17335.07,17346.18,17320.73,17345.75,
1724217000,17345.52,17357.16,17340.67,17346.91,
1724217600,17347.77,17354.64,17329.59,17348.1,
1724218200,17349.91,17353.43,17319.93,17322.9,
1724218800,17321.29,17335.83,17320.15,17333.86,
1724219400,17334.09,17336.6,17319.1,17324.93,
1724220000,17324.83,17339.34,17319.71,17339.18,
1724220600,17339.8,17344.53,17333.02,17333.02,
1724221200,17332.63,17338.33,17329.36,17334.28,
1724221800,17333.58,17345.51,17329.76,17337.41,
1724222400,17337.89,17342.82,17325.97,17331.21,
1724223000,17330.74,17353.91,17327.81,17350.68,
1724223600,17350.22,17368.35,17345.63,17362.18,
1724224200,17361.83,17376.08,17359.86,17374.26,
1724224800,17373.24,17381.99,17366.56,17372.43,
1724225400,17370.2,17372.59,17360.39,17369.61,
1724226000,17369.7,17375.72,17362.6,17372.61,
1724226600,17372.17,17379.05,17363.23,17377.7,
1724227200,17375.72,17391.01,17375.72,17391.01,
1724289600,17497.63,17497.63,17497.63,17497.63,
1724290200,17502.3,17507.84,17447.2,17458.08,
1724290800,17459.64,17537.74,17430.64,17520.65,
1724291400,17519.4,17526.48,17474.79,17474.79,
1724292000,17475.94,17475.94,17433.77,17465.44,
1724292600,17465,17487.67,17456.35,17469.3,
1724293200,17471.34,17502.91,17417.43,17426.21,
1724293800,17425.04,17438.63,17414.69,17421.03,
1724294400,17420.97,17447.74,17404.88,17404.88,
1724295000,17403.59,17411.91,17389.94,17408.56,
1724295600,17408.03,17417.11,17390.13,17400.88,
1724296200,17400.93,17432.8,17395.7,17427.73,
1724296800,17429.5,17449.41,17428.92,17444.17,
1724297400,17444.33,17455.68,17442.52,17449.52,
1724298000,17449.48,17465.63,17444.97,17458.34,
1724298600,17460.63,17464.99,17451.89,17461.68,
1724299200,17460.54,17460.54,17460.54,17460.54,
1724302800,17459.02,17478.92,17452.29,17452.29,
1724303400,17451.44,17465.47,17445.69,17460.15,
1724304000,17459.46,17493.99,17457.55,17483.61,
1724304600,17480.9,17504.21,17479.94,17503.7,
1724305200,17502.88,17509.39,17498.78,17503.15,
1724305800,17502.69,17506.45,17492.41,17493.99,
1724306400,17496.09,17507.95,17488.73,17499.15,
1724307000,17498.3,17502.3,17488.84,17497.78,
1724307600,17497.39,17521.98,17496.02,17515.01,
1724308200,17516.31,17560.62,17506.75,17556.39,
1724308800,17558.6,17569.03,17547.35,17560.81,
1724309400,17560.03,17596.45,17551.2,17596.45,
1724310000,17595.84,17612.02,17594.47,17599.13,
1724310600,17598.55,17613.7,17588.24,17593.56,
1724311200,17592.38,17634.12,17589.99,17633.06,
1724311800,17630.51,17632.49,17599.72,17631.94,
1724312400,17635.38,17650.88,17617.43,17649.99,
1724313000,17649.09,17652.8,17622.44,17636.49,
1724313600,17632.33,17641,17632.33,17641,
1724376000,17521.18,17521.18,17521.18,17521.18,
1724376600,17520,17581.73,17497.72,17577.44,
1724377200,17562.32,17588.2,17532.96,17534.77,
1724377800,17519.95,17545.89,17515.03,17541.38,
1724378400,17525.92,17569.07,17525.92,17563.59,
1724379000,17551.47,17557.11,17506.98,17509.73,
1724379600,17496.85,17520.02,17496.44,17504.79,
1724380200,17495.66,17512.53,17495.63,17512.09,
1724380800,17502.2,17526.35,17502.2,17514.63,
1724381400,17502.49,17515.59,17493.08,17508.69,
1724382000,17497.41,17548.62,17497.41,17546.93,
1724382600,17536.1,17594.18,17536.1,17592.97,
1724383200,17582.75,17600.5,17572.94,17576.59,
1724383800,17565.18,17579.73,17564.18,17576.65,
1724384400,17567.4,17586.25,17567.4,17581.53,
1724385000,17569.24,17584.57,17569.24,17578.99,
1724385600,17573.5,17573.5,17569.38,17569.38,
1724389200,17574.34,17610.25,17572.82,17586.93,
1724389800,17579.91,17594.06,17569.39,17576.11,
1724390400,17564.78,17588.42,17564.78,17578.42,
1724391000,17567.16,17591.13,17565.48,17589.84,
1724391600,17577.3,17594.77,17571.31,17588.82,
1724392200,17576.62,17593.13,17562.63,17569.22,
1724392800,17557.44,17575.23,17557.44,17570.82,
1724393400,17559.9,17567.74,17549.89,17562.4,
1724394000,17546.58,17567.26,17546.58,17563.43,
1724394600,17553.25,17582.72,17553.25,17577.78,
1724395200,17566.84,17587.99,17566.84,17576.33,
1724395800,17564.82,17595.19,17564.82,17592.81,
1724396400,17581.12,17610.69,17581.12,17609.01,
1724397000,17597.14,17635.7,17597.14,17630.7,
1724397600,17618.17,17628.54,17607.95,17619.92,
1724398200,17608.92,17622.8,17603.31,17614.35,
1724398800,17605.11,17613.35,17599.24,17606.75,
1724399400,17596.08,17621.33,17596.08,17617.67,
1724400000,17608.18,17612.1,17608.18,17612.1,
1724635200,17709.27,17709.27,17709.27,17709.27,
1724635800,17724.85,17801.78,17717.12,17788.52,
1724636400,17791.62,17826.05,17759.62,17802.39,
1724637000,17803.94,17812.42,17741.38,17803.59,
1724637600,17803.04,17821.74,17778.12,17818.52,
1724638200,17815.93,17817.79,17772.96,17780.18,
1724638800,17778.5,17781.3,17745.84,17748.85,
1724639400,17748.43,17758.72,17716.33,17733.75,
1724640000,17733.23,17766.45,17732.23,17762.82,
1724640600,17763.59,17766.13,17755.89,17761.88,
1724641200,17763.26,17772.97,17758.12,17759.4,
1724641800,17759.01,17792.35,17757.49,17789.2,
1724642400,17789.03,17791.18,17779.67,17783.97,
1724643000,17784.78,17791.58,17775.22,17778.26,
1724643600,17777,17781.65,17746.66,17750.32,
1724644200,17751.04,17763.26,17748.65,17756.03,
1724644800,17756.09,17756.09,17756.09,17756.09,
1724648400,17752.91,17754.27,17723.89,17731.87,
1724649000,17733.29,17734.91,17720.55,17722.81,
1724649600,17722.77,17748.95,17722.77,17747.3,
1724650200,17748.19,17753.87,17743.93,17748.55,
1724650800,17748.43,17759.75,17741.97,17756.56,
1724651400,17756.69,17763.32,17750.26,17756.73,
1724652000,17756.9,17771.96,17753.87,17771.4,
1724652600,17770.95,17779.87,17767.09,17774.06,
1724653200,17773,17780.92,17768.6,17778.84,
1724653800,17780.49,17795.01,17774.94,17790.66,
1724654400,17791.77,17807.07,17782.56,17804.08,
1724655000,17805.78,17820.41,17800.94,17808.43,
1724655600,17805.99,17820.04,17805.99,17817.93,
1724656200,17816.8,17819.36,17800.21,17806.71,
1724656800,17804.38,17811.82,17800.23,17800.29,
1724657400,17798.52,17806.95,17785.11,17789.63,
1724658000,17789.24,17792.54,17778.41,17786.97,
1724658600,17784.51,17789.38,17770.86,17785.28,
1724659200,17788.23,17798.73,17788.23,17798.73,
1724721600,17663.8,17663.8,17663.8,17663.8,
1724722200,17678.74,17716.96,17664.04,17700.14,
1724722800,17701.79,17701.79,17624.42,17662.31,
1724723400,17659.96,17706,17659.96,17703.44,
1724724000,17701.32,17723.68,17684.53,17707.34,
1724724600,17706.11,17722.48,17688.33,17708.11,
1724725200,17705.06,17746.86,17700.67,17726.26,
1724725800,17725.91,17763.91,17725.84,17759.68,
1724726400,17759.8,17780.08,17750.87,17774.22,
1724727000,17774.97,17789.43,17755.33,17761.21,
1724727600,17762.44,17768.83,17748.8,17757.1,
1724728200,17759.89,17762.86,17744.49,17757.83,
1724728800,17755.19,17775,17748.14,17755.5,
1724729400,17758.64,17758.64,17734.21,17737.67,
1724730000,17738.64,17747.69,17728.23,17747.69,
1724730600,17746.11,17753.8,17739.46,17750.28,
1724731200,17750.32,17750.32,17750.32,17750.32,
1724734800,17743.17,17798.9,17743.17,17790.88,
1724735400,17790.44,17813.13,17790.36,17808.22,
1724736000,17807.21,17811.89,17776.06,17781.33,
1724736600,17779.96,17811.89,17778.54,17802.89,
1724737200,17806.32,17835.86,17790.06,17819.43,
1724737800,17819.61,17840.55,17815.71,17833.7,
1724738400,17842.19,17862.2,17824.94,17852.07,
1724739000,17851.92,17858.86,17832.07,17844.86,
1724739600,17844.89,17850.62,17824.45,17826.43,
1724740200,17826.82,17842.25,17822.44,17827.04,
1724740800,17828.57,17836.04,17818.97,17825.94,
1724741400,17826.62,17839.62,17824.71,17834.64,
1724742000,17832.1,17835.36,17824.32,17830.09,
1724742600,17827.9,17836.36,17822.28,17836.36,
1724743200,17836.83,17853.44,17832.09,17845.11,
1724743800,17838.25,17846.84,17835.07,17842.28,
1724744400,17840.04,17855.86,17833.04,17848.17,
1724745000,17850.31,17879.27,17850.31,17873.35,
1724745600,17872.79,17874.67,17872.79,17874.67,
1724808000,17847.99,17847.99,17847.99,17847.99,
1724808600,17860.64,17877.14,17822.18,17844.08,
1724809200,17842.87,17879.01,17826.32,17826.32,
1724809800,17828.38,17830.76,17803.3,17811.74,
1724810400,17809.91,17809.91,17747.2,17747.2,
1724811000,17744.39,17751.8,17721.85,17739.45,
1724811600,17739.06,17740.32,17686.69,17691.16,
1724812200,17692.27,17726.14,17686.98,17710.59,
1724812800,17708.92,17737.24,17708.92,17726.95,
1724813400,17726.86,17738.63,17712.24,17714.63,
1724814000,17716.27,17719.5,17697.98,17702.95,
1724814600,17703.46,17721.63,17693.22,17714.59,
1724815200,17714.8,17737.98,17712.65,17727.24,
1724815800,17726.75,17729,17703.39,17712.6,
1724816400,17710.26,17716.77,17693.25,17698.16,
1724817000,17697.01,17713.74,17692.36,17702.93,
1724817600,17700.93,17700.93,17700.93,17700.93,
1724821200,17697.88,17713.49,17687.37,17706.44,
1724821800,17706.73,17708.75,17659.29,17661.98,
1724822400,17663.06,17694.38,17660.52,17687.83,
1724823000,17686.83,17690.66,17664.07,17674.36,
1724823600,17675.49,17687.95,17672.08,17681.75,
1724824200,17681.07,17718.36,17671.87,17705.65,
1724824800,17706.06,17709.88,17694.25,17698.18,
1724825400,17697.93,17709.97,17693.3,17707.18,
1724826000,17707.92,17711.86,17701.26,17708.09,
1724826600,17706.96,17720.23,17702.23,17709.02,
1724827200,17707.93,17721.61,17699.74,17718.12,
1724827800,17719.23,17723.75,17707.42,17709.32,
1724828400,17712.67,17717.89,17699.31,17711.56,
1724829000,17708.66,17713.26,17682.07,17684.66,
1724829600,17684.9,17693.22,17679.47,17688.95,
1724830200,17689.46,17691.6,17666.22,17673.61,
1724830800,17676.32,17680.65,17667.87,17676.79,
1724831400,17676.12,17690.35,17667.96,17687.93,
1724832000,17685.84,17692.45,17685.84,17692.45,
1724894400,17614.41,17614.41,17614.41,17614.41,
1724895000,17587.51,17652.36,17572.46,17603.64,
1724895600,17588.34,17662.47,17588.34,17657.74,
1724896200,17645.69,17664.85,17601.19,17603.22,
1724896800,17589.33,17603.27,17553.63,17553.63,
1724897400,17542.17,17587.73,17536.78,17546.72,
1724898000,17534.7,17558.14,17529.89,17547.47,
1724898600,17536.54,17567.95,17530.6,17562.39,
1724899200,17551.34,17587.88,17551.34,17580.85,
1724899800,17565.58,17600.78,17539.06,17542,
1724900400,17526.38,17544.01,17502.53,17531.83,
1724901000,17518.23,17553.26,17515.8,17552.18,
1724901600,17541.18,17569.85,17541.18,17560.37,
1724902200,17552.04,17637.21,17552.04,17615.47,
1724902800,17602.78,17612.95,17576.45,17586.72,
1724903400,17576.46,17595.05,17573.81,17589.34,
1724904000,17576.83,17576.83,17576.83,17576.83,
1724907600,17584.72,17637.43,17584.72,17633.98,
1724908200,17622.45,17685.99,17622.45,17673.64,
1724908800,17661.38,17687.51,17659.49,17661.12,
1724909400,17646.34,17708.89,17646.34,17707.16,
1724910000,17695.04,17703.68,17668.38,17675.86,
1724910600,17665.8,17717.26,17665.8,17704.37,
1724911200,17697.64,17737.62,17697.64,17736.99,
1724911800,17723.33,17731.11,17701.34,17727.63,
1724912400,17715.48,17749.98,17715.48,17748.84,
1724913000,17733.39,17755.08,17725.36,17738.14,
1724913600,17727.64,17756.55,17727.64,17754.69,
1724914200,17745.16,17763.44,17734.12,17745.91,
1724914800,17736.6,17773.7,17736.6,17766.73,
1724915400,17756.45,17781.04,17753.37,17779.97,
1724916000,17764.27,17797.17,17764.27,17780.45,
1724916600,17770.33,17794.05,17770.33,17785.6,
1724917200,17771.68,17788.25,17756.32,17770.9,
1724917800,17763.01,17783.24,17752.24,17781.44,
1724918400,17778.97,17786.32,17778.97,17786.32,
1724980800,17794.41,17794.41,17794.41,17794.41,
1724981400,17782.21,17905.51,17778.1,17904.19,
1724982000,17897.41,17967.76,17897.41,17962.22,
1724982600,17956.88,17996.63,17949.21,17984.65,
1724983200,17983.43,18013.56,17943.58,17946.41,
1724983800,17942.55,17963.58,17913.12,17952.98,
1724984400,17948.04,17969.61,17942.68,17958.19,
1724985000,17951.49,17977.09,17951.49,17956.98,
1724985600,17949.13,18003.2,17949.13,18002.74,
1724986200,17995.48,18045.13,17995.48,18043.59,
1724986800,18034.06,18060.58,18024.69,18025.66,
1724987400,18018.18,18035.8,18009.56,18032.07,
1724988000,18025.7,18077.71,18025.7,18077.37,
1724988600,18069.28,18079.7,18063.3,18068.58,
1724989200,18063.12,18085.11,18063.12,18078.88,
1724989800,18070.23,18153.04,18070.23,18108.5,
1724990400,18108.56,18108.56,18100,18100,
1724994000,18110.64,18137.73,18068.75,18129.33,
1724994600,18121.7,18148.18,18121.7,18145.9,
1724995200,18141.03,18149.85,18120.51,18133.94,
1724995800,18129.46,18186.89,18129.44,18185.36,
1724996400,18178.43,18195.95,18169,18171.35,
1724997000,18168.78,18202.6,18167.12,18174.39,
1724997600,18164.57,18175.95,18141.88,18143.5,
1724998200,18135.93,18145.61,18123.75,18129.56,
1724998800,18121.23,18129.83,18101.02,18102.99,
1724999400,18099.97,18115.56,18095.58,18115.09,
1725000000,18106.68,18120.35,18067.06,18069.83,
1725000600,18064.95,18079.2,18059.81,18076.38,
1725001200,18068.17,18076.16,18009.31,18015.28,
1725001800,18011.03,18047.88,18011.03,18036.48,
1725002400,18032.38,18049.97,18032.38,18042.06,
1725003000,18035.64,18065.38,18035.64,18060.26,
1725003600,18053.54,18063.68,18022.23,18028.47,
1725004200,18023.26,18026.41,18001.7,18012.73,
1725004800,18011.41,18011.41,17989.07,17989.07,
1725240000,17862.59,17862.59,17862.59,17862.59,
1725240600,17810.26,17830.6,17755.84,17758.54,
1725241200,17761.17,17792.57,17744.03,17770.2,
1725241800,17770.65,17788.73,17733.45,17762.38,
1725242400,17762.63,17763.95,17723.66,17755.2,
1725243000,17756.46,17761.41,17696.09,17704.92,
1725243600,17704.79,17713.11,17676.85,17677.81,
1725244200,17675.98,17715.61,17671.81,17715.61,
1725244800,17715.23,17716.16,17681.61,17696.44,
1725245400,17698.43,17723.25,17692.45,17695.17,
1725246000,17696.85,17705.37,17679.02,17685.49,
1725246600,17686.27,17705.53,17663.97,17669.38,
1725247200,17671.6,17682.39,17658.37,17670.54,
1725247800,17670.59,17672.67,17654.32,17663.51,
1725248400,17662.56,17673.51,17658.73,17672.36,
1725249000,17669.47,17678.01,17663.44,17671.45,
1725249600,17670.72,17670.72,17670.72,17670.72,
1725253200,17674.92,17678.68,17652.75,17674.3,
1725253800,17671.95,17679.1,17657.84,17662.5,
1725254400,17662.07,17708.54,17658.27,17708.31,
1725255000,17709.59,17722.59,17686.71,17713.03,
1725255600,17716.64,17730.06,17705.56,17711.31,
1725256200,17711.61,17714.04,17690.06,17700.25,
1725256800,17699.12,17721.21,17693.44,17711.76,
1725257400,17711.86,17713.23,17686.7,17699.5,
1725258000,17700.6,17703.76,17679.57,17685.42,
1725258600,17687.99,17693.37,17672.81,17684.91,
1725259200,17685.74,17689.54,17669.27,17673.01,
1725259800,17671.37,17677.62,17660.18,17663.91,
1725260400,17664.87,17675.59,17651.91,17671.41,
1725261000,17673.16,17673.86,17656.98,17657.35,
1725261600,17659.09,17664.24,17647.45,17653.16,
1725262200,17653.78,17679.93,17645.92,17679.74,
1725262800,17680.31,17682.26,17656.96,17661.08,
1725263400,17662.71,17682.7,17648.07,17680.54,
1725264000,17680.47,17691.97,17680.47,17691.97,
1725326400,17665.93,17665.93,17665.93,17665.93,
1725327000,17677.75,17725.51,17605,17606.16,
1725327600,17607.27,17640.61,17583.7,17627.8,
1725328200,17632,17654.96,17604.2,17648.79,
1725328800,17646.42,17656.87,17593.59,17643.94,
1725329400,17642.5,17720.05,17642.5,17669.74,
1725330000,17669.13,17685.22,17651.06,17683.62,
1725330600,17684.55,17700.25,17664.84,17687.66,
1725331200,17688.51,17712.32,17684.52,17699.2,
1725331800,17699.3,17701.23,17648.96,17653.19,
1725332400,17650.63,17654.19,17614.58,17621.04,
1725333000,17622.76,17637.74,17614.32,17629.09,
1725333600,17628.57,17632.86,17615.71,17630.05,
1725334200,17630.15,17632.84,17620.31,17625.71,
1725334800,17625.82,17636.68,17624.66,17629.39,
1725335400,17629.65,17634.56,17617.53,17627.77,
1725336000,17627.01,17627.05,17627.01,17627.05,
1725339600,17620.83,17631.13,17601.57,17602.36,
1725340200,17602.96,17611.15,17592.49,17592.94,
1725340800,17595.64,17621.07,17593.05,17621.07,
1725341400,17622.03,17630.05,17605.34,17611.39,
1725342000,17611.22,17620.2,17606.5,17608.58,
1725342600,17608.26,17614.99,17602.3,17613.54,
1725343200,17613.43,17622.42,17608.05,17620.07,
1725343800,17621.11,17629.61,17611.59,17625.3,
1725344400,17624.88,17644.08,17616.21,17622.61,
1725345000,17623.78,17631.98,17618.66,17627.34,
1725345600,17625.82,17629.96,17616.34,17623.91,
1725346200,17624.88,17636.5,17620.33,17625.19,
1725346800,17621.65,17641.85,17621.37,17638.62,
1725347400,17640.35,17659.1,17631.52,17659.1,
1725348000,17657.11,17670.58,17646.26,17646.26,
1725348600,17648.5,17661.13,17641.07,17656.2,
1725349200,17655.42,17659.41,17642.1,17647.14,
1725349800,17645.7,17651.43,17636.67,17643.24,
1725350400,17642.54,17651.49,17642.54,17651.49,
1725412800,17474.74,17474.74,17474.74,17474.74,
1725413400,17445.75,17529.41,17424.37,17457.91,
1725414000,17461.61,17476.29,17381.93,17384.88,
1725414600,17385.57,17396.57,17368.01,17387.58,
1725415200,17386.49,17391.76,17343.49,17349.03,
1725415800,17349.28,17369.61,17333.3,17356.71,
1725416400,17357.35,17396.21,17351.08,17389.99,
1725417000,17392.61,17449.29,17380.47,17431.64,
1725417600,17429.58,17458.7,17427.59,17456.39,
1725418200,17457.85,17511.66,17454.97,17507.04,
1725418800,17505.37,17531.05,17503.64,17514.07,
1725419400,17513.92,17513.92,17482.06,17494.49,
1725420000,17494.65,17498.47,17444.74,17444.74,
1725420600,17443.88,17452.38,17440.31,17448.46,
1725421200,17446.1,17462.33,17445.23,17458.7,
1725421800,17459.51,17465.64,17453.33,17462.25,
1725426000,17458.82,17458.82,17399.73,17402.12,
1725426600,17402.46,17420.48,17402.46,17409.71,
1725427200,17410.45,17432.45,17407.57,17428.16,
1725427800,17430.13,17433.35,17415.42,17425.53,
1725428400,17426.06,17455.28,17424.5,17439.91,
1725429000,17439.41,17454.67,17423.37,17452.39,
1725429600,17450.97,17463.42,17443.59,17447,
1725430200,17444.87,17446.73,17419.05,17420.4,
1725430800,17420.04,17440.41,17419.37,17435.41,
1725431400,17435.08,17435.64,17410.79,17412.08,
1725432000,17411.94,17414.38,17401.08,17409.73,
1725432600,17410.37,17418.08,17396.99,17401,
1725433200,17401.44,17431.82,17390.68,17430.71,
1725433800,17429.58,17449.1,17425.41,17448.41,
1725434400,17451.26,17453.76,17439.41,17442.31,
1725435000,17439.59,17445.11,17427.33,17432.19,
1725435600,17438.95,17463.74,17433.93,17462.95,
1725436200,17463.89,17464.9,17451.2,17460.96,
1725436800,17458.72,17458.72,17457.34,17457.34,
1725499200,17469.96,17469.96,17469.96,17469.96,
1725499800,17486.25,17554.31,17486.25,17554.31,
1725500400,17555.26,17555.61,17440.24,17440.24,
1725501000,17441.51,17450.9,17423.38,17435.77,
1725501600,17436.61,17493.52,17434.1,17483.78,
1725502200,17483.83,17484.27,17421.82,17455.06,
1725502800,17456.84,17484.28,17456.24,17477.56,
1725503400,17478.16,17511.67,17468.48,17478.58,
1725504000,17478.62,17478.93,17443.8,17459.88,
1725504600,17462.81,17480.45,17448.75,17452.01,
1725505200,17452.06,17452.06,17393.88,17402.02,
1725505800,17401.22,17417.68,17395.76,17417.54,
1725506400,17416.04,17423.25,17388.13,17397.73,
1725507000,17394.57,17403.79,17374.47,17374.47,
1725507600,17375.34,17385.21,17362,17370.59,
1725508200,17367.55,17380.56,17367.02,17377.09,
1725508800,17376.86,17376.86,17376.86,17376.86,
1725512400,17375.67,17375.67,17344.84,17354.76,
1725513000,17355.58,17369.61,17351.02,17355.54,
1725513600,17353.52,17381.18,17353.17,17373.55,
1725514200,17374.07,17385.36,17363.07,17380.91,
1725514800,17380.18,17380.18,17338.17,17345.64,
1725515400,17343.69,17355.99,17332.49,17348.92,
1725516000,17350.7,17370.1,17344.1,17367.46,
1725516600,17368.22,17377.92,17365.73,17377.82,
1725517200,17376.68,17381.01,17350.22,17356.71,
1725517800,17357.49,17380.02,17352.71,17377.94,
1725518400,17378.53,17381.2,17365.4,17371.34,
1725519000,17372.59,17388.07,17369.26,17385.42,
1725519600,17383.88,17394.89,17374.46,17393.41,
1725520200,17391.98,17417.14,17390.01,17414.06,
1725520800,17414.8,17419.45,17394.6,17399.84,
1725521400,17399.7,17419.04,17397.31,17417.53,
1725522000,17416.56,17428.54,17406.74,17422.58,
1725522600,17422.65,17438.47,17415.39,17433.09,
1725523200,17434.1,17444.3,17434.1,17444.3,
1725844800,17261.89,17261.89,17261.89,17261.89,
1725845400,17254.69,17305.91,17205.72,17216.05,
1725846000,17205.99,17206.41,17137.33,17157.98,
1725846600,17148.83,17178.88,17148.83,17168.53,
1725847200,17160.63,17187.99,17135.26,17150.75,
1725847800,17140.26,17157.56,17115.24,17119.78,
1725848400,17109.98,17142.73,17109.98,17133.88,
1725849000,17122.6,17129.03,17099.41,17111.23,
1725849600,17104.6,17128.77,17104.6,17121.09,
1725850200,17113.56,17133.02,17101.88,17109.1,
1725850800,17097.32,17111.92,17090.16,17098.09,
1725851400,17088.28,17139.08,17088.28,17131.11,
1725852000,17121.53,17131.72,17112.15,17120.49,
1725852600,17111.95,17135.73,17111.95,17113.29,
1725853200,17105.95,17117.32,17103.32,17112.64,
1725853800,17104.98,17114.35,17096.26,17103.07,
1725854400,17102.86,17102.86,17094.38,17094.38,
1725858000,17110.99,17118.89,17093.83,17110.1,
1725858600,17099.16,17134.39,17099.16,17133.1,
1725859200,17122.94,17150.1,17122.94,17129.21,
1725859800,17122.06,17134.86,17108.1,17113.48,
1725860400,17106.84,17133.07,17106.84,17122.68,
1725861000,17112.56,17121.62,17091.11,17094.22,
1725861600,17085.74,17096.56,17077.89,17085.79,
1725862200,17077.96,17086.29,17067.45,17079.13,
1725862800,17070.38,17090.98,17068.34,17085.5,
1725863400,17076.69,17107.29,17076.69,17101.17,
1725864000,17090.46,17119.85,17085.43,17091.19,
1725864600,17082.33,17113.62,17082.33,17112.81,
1725865200,17105.2,17129.07,17105.2,17128.36,
1725865800,17118.94,17139.38,17118.94,17130.69,
1725866400,17123.78,17136.41,17114.06,17133.03,
1725867000,17125.78,17147.37,17125.78,17144.16,
1725867600,17133.73,17171.08,17133.73,17170.26,
1725868200,17157.9,17177.66,17157.9,17162.4,
1725868800,17165.57,17196.96,17165.57,17196.96,
1725931200,17205.42,17205.42,17205.42,17205.42,
1725931800,17222.56,17270.25,17222.56,17267.61,
1725932400,17265.91,17268.5,17168.76,17172.03,
1725933000,17170.55,17226.84,17157.85,17195.83,
1725933600,17198.61,17200.74,17133.5,17152.92,
1725934200,17154.33,17173.77,17138.91,17163.05,
1725934800,17160.69,17189.87,17157.32,17182.11,
1725935400,17182.8,17243.03,17176.02,17242.83,
1725936000,17241.58,17264.11,17225.53,17256.5,
1725936600,17256.62,17264.98,17241.82,17251.31,
1725937200,17253.77,17264.73,17224.1,17228.41,
1725937800,17226.72,17260.93,17224.9,17253.58,
1725938400,17252.41,17254.82,17213.93,17230.74,
1725939000,17231.62,17244.44,17217.87,17227.4,
1725939600,17226.94,17239.85,17219.77,17239.05,
1725940200,17237.81,17253.64,17236.71,17244.68,
1725940800,17244.67,17244.67,17244.67,17244.67,
1725944400,17227.09,17261.41,17227.09,17237.89,
1725945000,17236.7,17295.53,17232.32,17286.09,
1725945600,17285.18,17293.18,17257.58,17261.9,
1725946200,17262.35,17264.46,17234.23,17244.57,
1725946800,17243.55,17255.41,17237.75,17242.72,
1725947400,17242.65,17273.19,17241.97,17269.65,
1725948000,17269.96,17276.78,17251.32,17275.69,
1725948600,17275.7,17297.95,17270.03,17274.2,
1725949200,17272.44,17274.47,17259.39,17269.01,
1725949800,17270.14,17283.35,17268.57,17277.79,
1725950400,17277.6,17277.85,17258.12,17265.73,
1725951000,17265.82,17271.14,17258.71,17267.62,
1725951600,17267.55,17272.91,17248.37,17260.35,
1725952200,17262.22,17281.84,17261.32,17281.2,
1725952800,17278.22,17282.8,17265.35,17272.75,
1725953400,17267.02,17283.03,17265.27,17273.77,
1725954000,17273.55,17275.36,17243.15,17243.62,
1725954600,17243.06,17254.11,17238.77,17248.82,
1725955200,17248.89,17248.89,17234.09,17234.09,
1726017600,17051.84,17051.84,17051.84,17051.84,
1726018200,17059.35,17061.33,16972.81,16986.85,
1726018800,16987.01,17076.22,16985.09,17048.39,
1726019400,17047.14,17080.99,17037.59,17059.34,
1726020000,17059.25,17072.01,17021.47,17059.6,
1726020600,17060.08,17063.31,17008.01,17038.51,
1726021200,17036.74,17053.61,17019.2,17022.66,
1726021800,17022.63,17050.34,17022.63,17048.74,
1726022400,17045.5,17055.44,17024.72,17038.97,
1726023000,17039.36,17048.73,17003.38,17017.9,
1726023600,17017.06,17028.13,16977.74,16987.58,
1726024200,16986.94,16994.28,16975.54,16980.71,
1726024800,16979.54,16984.31,16970.2,16979.32,
1726025400,16978.78,16981.59,16964.28,16976.71,
1726026000,16975.21,16996.46,16973.32,16995.73,
1726026600,16996.03,16997.23,16985.2,16989.44,
1726027200,16992.42,16992.42,16992.42,16992.42,
1726030800,16991.03,17020.85,16989.99,17013.35,
1726031400,17012.17,17018.12,17002.21,17003.83,
1726032000,17001.36,17009.59,16973.57,16978.68,
1726032600,16975.62,16992.81,16973.9,16983.43,
1726033200,16984.49,16993.42,16977.47,16991.16,
1726033800,16992.01,17018.21,16990.13,17012.57,
1726034400,17012.98,17050.02,17012.98,17046.1,
1726035000,17046.61,17065.77,17043.12,17062.13,
1726035600,17063.92,17094.46,17049.35,17094.46,
1726036200,17092.67,17102.86,17085.48,17094.14,
1726036800,17090.19,17099.49,17080.95,17085.58,
1726037400,17085.26,17088.17,17074.83,17082.62,
1726038000,17083.61,17117.17,17083.61,17116.17,
1726038600,17117.27,17124.96,17107.87,17112.16,
1726039200,17113.67,17120.7,17098.79,17106.21,
1726039800,17106.16,17119.98,17099.81,17114.32,
1726040400,17116.32,17116.32,17096.74,17101.04,
1726041000,17098.62,17106.57,17089.95,17104.24,
1726041600,17101.09,17108.71,17101.09,17108.71,
1726104000,17177.3,17177.3,17177.3,17177.3,
1726104600,17184.72,17233.97,17163.7,17232.78,
1726105200,17232.84,17239.6,17186.37,17194.18,
1726105800,17193.25,17216.35,17162.12,17215.92,
1726106400,17210.63,17218.81,17144.6,17148.11,
1726107000,17146.24,17172.97,17127.25,17172.17,
1726107600,17170.42,17266.22,17168.37,17266.22,
1726108200,17265.2,17284.61,17242.74,17248.82,
1726108800,17249.98,17256.49,17234.57,17245.59,
1726109400,17247.33,17249.77,17222.41,17248.07,
1726110000,17249.66,17265.14,17246.33,17248.77,
1726110600,17249.79,17285.02,17248.43,17284.75,
1726111200,17284.46,17302.97,17283.38,17290.83,
1726111800,17290.87,17291.9,17279.58,17283.35,
1726112400,17281.29,17288.22,17276.5,17280.56,
1726113000,17280.05,17282.57,17271.3,17272.85,
1726113600,17274.72,17274.72,17274.72,17274.72,
1726117200,17273.2,17306.52,17271.13,17303.78,
1726117800,17304.12,17329.73,17304.12,17326.99,
1726118400,17326.9,17334.19,17312.87,17312.87,
1726119000,17310.92,17322.39,17294.6,17301.99,
1726119600,17300.58,17309.25,17293.33,17304.98,
1726120200,17307.81,17320.69,17287.22,17295.39,
1726120800,17295.22,17296.96,17277.88,17280.04,
1726121400,17280.08,17293.9,17277.57,17277.78,
1726122000,17279.14,17279.14,17265.06,17275.77,
1726122600,17275.73,17303.43,17272.56,17300.15,
1726123200,17300.56,17303.41,17290.92,17298.39,
1726123800,17296.89,17299.33,17275.58,17277.76,
1726124400,17276.76,17283.5,17262.29,17271.91,
1726125000,17267.49,17279.63,17254.48,17260.14,
1726125600,17259.92,17279.49,17252.31,17277.45,
1726126200,17276.99,17287.31,17251.28,17256.18,
1726126800,17256.97,17262.4,17249.49,17254.59,
1726127400,17253.68,17255.73,17233.59,17242.07,
1726128000,17242.72,17242.72,17240.39,17240.39,
1726190400,17298.35,17298.35,17298.35,17298.35,
1726191000,17327.38,17435.22,17327.22,17432.98,
1726191600,17420.56,17441.66,17407.23,17436.46,
1726192200,17432.13,17503.12,17432.13,17476.89,
1726192800,17470.13,17498.76,17450.5,17495.43,
1726193400,17485.19,17534.32,17485.19,17533.73,
1726194000,17526.29,17540.81,17492.38,17494.53,
1726194600,17488.17,17506.66,17470.24,17500.61,
1726195200,17490.53,17500.98,17439.03,17441.59,
1726195800,17435.11,17449.31,17415.11,17426.25,
1726196400,17415.65,17441.92,17413.28,17440.54,
1726197000,17430.87,17455.85,17430.87,17454.13,
1726197600,17444.8,17448.83,17434.23,17444.42,
1726198200,17438.76,17447.85,17403.11,17403.11,
1726198800,17397.28,17419.03,17395.96,17419,
1726199400,17410.49,17419.91,17406.2,17416.55,
1726200000,17408.38,17408.38,17408.38,17408.38,
1726203600,17405.15,17417.48,17377,17389.62,
1726204200,17380.34,17408.26,17380.34,17403.81,
1726204800,17394.8,17421.44,17394.8,17419.35,
1726205400,17409.8,17432.87,17409.8,17425.7,
1726206000,17416.51,17436.66,17406.61,17409.61,
1726206600,17402.96,17413.6,17387.48,17399.29,
1726207200,17393.01,17408.09,17385.35,17396.61,
1726207800,17389.93,17400.9,17378.27,17382.33,
1726208400,17374.16,17385.91,17364.22,17375.41,
1726209000,17368.05,17382.75,17357.99,17369.49,
1726209600,17362.98,17382.23,17362.98,17373.28,
1726210200,17368.55,17387.91,17365.17,17385.08,
1726210800,17376.18,17393.94,17376.18,17384.36,
1726211400,17379.37,17392.64,17373.12,17376.34,
1726212000,17372.9,17393.3,17372.9,17381.47,
1726212600,17380.06,17388.7,17373.08,17379.11,
1726213200,17370.77,17385.77,17370.77,17375.32,
1726213800,17371.28,17379.3,17364.62,17369.76,
1726214400,17357.89,17369.09,17357.89,17369.09,
1726449600,17252.77,17252.77,17252.77,17252.77,
1726450200,17269.56,17288.37,17177.08,17252.7,
1726450800,17254.62,17310.04,17203.47,17309.22,
1726451400,17308.43,17329.73,17301.69,17308.1,
1726452000,17309.72,17324.95,17293.69,17319.15,
1726452600,17319.96,17324.63,17267.59,17277.83,
1726453200,17277.21,17307.33,17263.35,17297.6,
1726453800,17297.65,17310.25,17258.1,17258.32,
1726454400,17259.99,17273.67,17242.63,17269.3,
1726455000,17271.23,17295.24,17269.99,17294.67,
1726455600,17295.62,17313.52,17288.83,17312.32,
1726456200,17313.59,17344.11,17311.42,17342.66,
1726456800,17343.5,17349.29,17337.83,17346.28,
1726457400,17346.51,17347.59,17329.31,17330.8,
1726458000,17330.41,17332.06,17317.85,17330.71,
1726458600,17330.81,17332.8,17313.93,17319.47,
1726459200,17318.16,17318.16,17318.16,17318.16,
1726462800,17317.92,17377.01,17314.47,17366.34,
1726463400,17366.44,17372.21,17351.67,17372.21,
1726464000,17373.48,17379.05,17362.75,17367.22,
1726464600,17366.81,17373.27,17357,17361.71,
1726465200,17362.52,17377.55,17359.27,17373.84,
1726465800,17373.97,17381.41,17365.51,17379.19,
1726466400,17379.53,17380.33,17352.12,17361.48,
1726467000,17362.22,17373.23,17353.1,17373.23,
1726467600,17372.75,17381.14,17371.4,17375.01,
1726468200,17374.93,17380.88,17369.26,17376.21,
1726468800,17374.05,17376.45,17362.81,17376.2,
1726469400,17376.75,17380.63,17372.19,17374.85,
1726470000,17374.88,17401.34,17374.88,17399.68,
1726470600,17399.12,17401.39,17385.73,17391.71,
1726471200,17389.41,17400.01,17383.83,17387.48,
1726471800,17388.16,17407.64,17384.24,17400.63,
1726472400,17402.56,17406.4,17390.89,17402.43,
1726473000,17404.11,17417.3,17399.88,17411.89,
1726473600,17411.99,17422.12,17411.99,17422.12,
1726536000,17386.75,17386.75,17386.75,17386.75,
1726536600,17375.74,17492.48,17368.14,17492.48,
1726537200,17491.52,17562.35,17491.52,17513.38,
1726537800,17513.2,17579.41,17507.17,17576.28,
1726538400,17576.17,17611.2,17574.95,17581.74,
1726539000,17583.67,17618.3,17581.19,17600.07,
1726539600,17601.35,17604.23,17568.18,17575.21,
1726540200,17575.45,17624.74,17575.29,17617.26,
1726540800,17619.04,17638.89,17611.57,17636.72,
1726541400,17637.89,17676.59,17633.43,17655.37,
1726542000,17655.21,17685.49,17644.85,17670.94,
1726542600,17671.06,17678.16,17650.08,17659.75,
1726543200,17660.47,17689.45,17657.86,17688.49,
1726543800,17687.32,17692.03,17675.56,17679.44,
1726544400,17679.47,17683.81,17667.54,17670.05,
1726545000,17671.29,17678.12,17661.37,17672.91,
1726549200,17668.08,17679.14,17655.28,17673.53,
1726549800,17673.39,17697.49,17671.56,17694.9,
1726550400,17694.71,17715.77,17690.18,17704.37,
1726551000,17704.45,17707.29,17689.2,17695.4,
1726551600,17695.2,17695.2,17677.66,17679.97,
1726552200,17680.6,17687.17,17674.21,17678.34,
1726552800,17678.98,17680.04,17627.9,17629.88,
1726553400,17628.55,17639.25,17620.89,17636.97,
1726554000,17636.84,17652.18,17632.07,17651.1,
1726554600,17650.87,17660.29,17645.23,17651.48,
1726555200,17652.79,17657.55,17649.75,17655.15,
1726555800,17655.09,17655.09,17637.33,17644.31,
1726556400,17645.35,17654.71,17643.5,17647.14,
1726557000,17647.22,17656.28,17634.26,17651.15,
1726557600,17646.29,17662.15,17646.29,17654.93,
1726558200,17656.89,17658.93,17640.52,17649.71,
1726558800,17650.56,17650.56,17633.77,17641.03,
1726559400,17640.71,17658.76,17640.71,17650.11,
1726560000,17652.26,17660.02,17652.26,17660.02,
1726708800,17633.93,17633.93,17633.93,17633.93,
1726709400,17633.46,17694.18,17602.45,17691.51,
1726710000,17693.14,17700.68,17634.69,17640.23,
1726710600,17640.6,17714.08,17634.64,17712.96,
1726711200,17714.71,17731.64,17666.06,17729.83,
1726711800,17729.91,17781.78,17717.31,17779.82,
1726712400,17781.08,17807.37,17773.2,17782.77,
1726713000,17785.08,17868.4,17785.08,17859.46,
1726713600,17857.81,17878.15,17839.71,17842.97,
1726714200,17844.37,17883.06,17832.68,17881.05,
1726714800,17879.94,17882.62,17849.21,17857.43,
1726715400,17857.44,17901.6,17851.81,17896.41,
1726716000,17893.72,17935.65,17883.85,17931.1,
1726716600,17930.26,17961.98,17923.77,17951.5,
1726717200,17952.52,17961.12,17917.33,17925.1,
1726717800,17927.48,17982.86,17927.48,17979.18,
1726718400,17978.83,17978.83,17978.83,17978.83,
1726722000,17976.71,18037.16,17976.71,18023.3,
1726722600,18022.75,18031.18,18005.52,18008.02,
1726723200,18007.69,18008.14,17960.51,17962.41,
1726723800,17964.51,18004.04,17962.37,17994.88,
1726724400,17992.82,18003.1,17979.82,17990.66,
1726725000,17993.38,18000.34,17986.58,17993.25,
1726725600,17995.35,18002.91,17975.04,17986.77,
1726726200,17987.33,18009.1,17979.22,18007.96,
1726726800,18008.87,18038.12,18003.22,18030.54,
1726727400,18031.33,18050.17,18026.81,18045.66,
1726728000,18043.96,18067.45,18034.77,18064.55,
1726728600,18063,18070.81,18057.59,18063.24,
1726729200,18062.7,18071.1,18030.87,18033.76,
1726729800,18034.62,18034.62,18013.87,18021.88,
1726730400,18020.34,18022.29,18003.27,18014.46,
1726731000,18015.71,18017.06,17995.84,18011.63,
1726731600,18006.95,18013.72,18001.04,18004.88,
1726732200,18006.52,18021.4,17997.19,18019.96,
1726732800,18016.73,18016.73,18013.16,18013.16,
1726795200,18069.33,18069.33,18069.33,18069.33,
1726795800,18051.61,18196.72,18047.13,18161.58,
1726796400,18169.16,18217.1,18120.17,18208.39,
1726797000,18215.69,18262.78,18210.4,18224.77,
1726797600,18237.18,18297.07,18213.39,18292.64,
1726798200,18302.79,18346.56,18294.83,18302.04,
1726798800,18313.42,18347.27,18303.27,18346.06,
1726799400,18355.15,18355.15,18285.25,18285.25,
1726800000,18297.12,18297.12,18225.76,18238.91,
1726800600,18254.89,18270.36,18239.59,18264.48,
1726801200,18276.56,18294.6,18256.82,18264.89,
1726801800,18274.86,18333.44,18257.71,18297.22,
1726802400,18308.85,18308.85,18209.65,18211.05,
1726803000,18221.17,18229.67,18188.57,18225.75,
1726803600,18235.49,18257.56,18227.1,18247.53,
1726804200,18257.45,18271.12,18248.28,18267.41,
1726804800,18275.14,18275.14,18275.14,18275.14,
1726808400,18257.13,18262.6,18209.49,18209.49,
1726809000,18221.01,18221.01,18183.4,18183.4,
1726809600,18197.05,18228.92,18183.3,18215.6,
1726810200,18224.23,18224.23,18178.85,18179.99,
1726810800,18186.4,18186.4,18156.55,18166.08,
1726811400,18174.64,18185.67,18163.82,18175.38,
1726812000,18186.2,18210.47,18178.03,18190.39,
1726812600,18201.39,18201.39,18165.1,18180.4,
1726813200,18190.05,18212.2,18181.18,18208.58,
1726813800,18214.19,18230.6,18198.33,18222.83,
1726814400,18232.53,18236.52,18215.13,18222.86,
1726815000,18231.99,18231.99,18191.76,18196.86,
1726815600,18209.76,18230.6,18197.7,18222.31,
1726816200,18234.19,18248.92,18224.38,18241.13,
1726816800,18251.69,18251.69,18226.16,18235.89,
1726817400,18244.1,18244.1,18222.46,18229.35,
1726818000,18238.74,18238.74,18218.49,18218.8,
1726818600,18229.86,18232.59,18218.57,18229.77,
1726819200,18234.98,18258.57,18234.98,18258.57,
1727054400,18237.41,18237.41,18237.41,18237.41,
1727055000,18227.92,18391.84,18227.92,18377.19,
1727055600,18367.53,18410.56,18363.99,18391.2,
1727056200,18377.7,18389.47,18292.97,18336.6,
1727056800,18330.59,18340.82,18289.08,18302.47,
1727057400,18289.83,18365.63,18289.83,18364.2,
1727058000,18352.35,18393.45,18351.01,18354.23,
1727058600,18344.07,18348.5,18316.92,18330.73,
1727059200,18320.07,18390.08,18320.07,18361.22,
1727059800,18351.65,18393.84,18351.65,18387.3,
1727060400,18374.76,18426.92,18374.76,18391.36,
1727061000,18379.62,18419.47,18379.09,18410.68,
1727061600,18402.29,18414.89,18386.65,18390.7,
1727062200,18379.73,18401.79,18358.55,18380.62,
1727062800,18369.44,18398.25,18362.12,18362.16,
1727063400,18352.01,18365.28,18351.13,18359.56,
1727064000,18359.38,18359.38,18359.38,18359.38,
1727067600,18353.04,18358.24,18316.45,18318.57,
1727068200,18318.35,18335.29,18309.78,18329.95,
1727068800,18332.11,18342.47,18311.39,18316.3,
1727069400,18317.13,18325.05,18296.53,18300.43,
1727070000,18300.83,18319.57,18300.63,18305.06,
1727070600,18302.14,18312.16,18284.56,18301.25,
1727071200,18300.35,18307.58,18272.46,18273.31,
1727071800,18270.47,18281.63,18237.14,18244.77,
1727072400,18245.15,18286.11,18243.73,18282.16,
1727073000,18283.29,18295.27,18262.92,18266.33,
1727073600,18274.91,18287.3,18264.27,18274.93,
1727074200,18282.81,18282.81,18256.77,18267.72,
1727074800,18274.4,18275.33,18239.25,18248.53,
1727075400,18252.6,18254.37,18215.62,18216.76,
1727076000,18223.43,18242.72,18212.58,18239.73,
1727076600,18242.16,18246.48,18218.2,18231.55,
1727077200,18236.22,18242.28,18228.1,18239.28,
1727077800,18245.86,18245.86,18219.55,18224.32,
1727078400,18226.58,18247.11,18226.58,18247.11,
1727140800,18573.92,18573.92,18573.92,18573.92,
1727141400,18604.82,18698.8,18604.82,18668.11,
1727142000,18665.39,18713.76,18595.71,18602.67,
1727142600,18601.56,18646.09,18581.39,18596.53,
1727143200,18591.34,18593.02,18547.35,18561.47,
1727143800,18561.86,18604.25,18555.9,18581.13,
1727144400,18581.23,18581.23,18532.28,18536.78,
1727145000,18536.92,18601.28,18533.75,18590.28,
1727145600,18588.85,18670.52,18588.85,18669.83,
1727146200,18671.9,18711.78,18647.33,18703.03,
1727146800,18703.32,18741.05,18699.6,18741.05,
1727147400,18739.4,18792.1,18735.58,18785.91,
1727148000,18786.34,18827.45,18783.01,18819.71,
1727148600,18829.81,18856.35,18797.19,18827.7,
1727149200,18828.02,18858.01,18821.02,18846.04,
1727149800,18848.19,18859.39,18832.83,18845.28,
1727150400,18845.37,18845.37,18845.37,18845.37,
1727154000,18860.64,18971.52,18854.84,18970.73,
1727154600,18971.88,18972.88,18890.23,18891.58,
1727155200,18888.7,18931.73,18888.51,18893.19,
1727155800,18895.21,18948.91,18895.21,18936.05,
1727156400,18940.53,18948.63,18902.23,18917.47,
1727157000,18923.41,18939.24,18905.57,18925.35,
1727157600,18932.56,18947.22,18876.29,18877.18,
1727158200,18888.73,18924.88,18878.93,18915.03,
1727158800,18923.64,18925.79,18893.08,18903.47,
1727159400,18910.05,18951,18900.79,18940.89,
1727160000,18948.81,18956.17,18935.52,18951.87,
1727160600,18953.44,18977.39,18950.07,18951.13,
1727161200,18945.95,18990.37,18945.95,18986.26,
1727161800,18973.63,19001.36,18973.63,18993.57,
1727162400,18984.09,19002.05,18978.69,18984.07,
1727163000,18977.88,18984.98,18950.57,18970.18,
1727163600,18958.53,18975.91,18958.53,18973.22,
1727164200,18971.18,18988.9,18967.78,18980.4,
1727164800,18981.83,19000.56,18981.83,19000.56,
1727227200,19592.43,19592.43,19592.43,19592.43,
1727227800,19547.04,19577.77,19486.94,19563.97,
1727228400,19564.33,19574.46,19347.47,19347.47,
1727229000,19342.69,19448.47,19321.13,19420.69,
1727229600,19420.41,19480,19380.47,19478.99,
1727230200,19480.74,19480.74,19407.35,19469.83,
1727230800,19472.71,19475.73,19398.49,19421.31,
1727231400,19418.03,19422.25,19337.32,19367.98,
1727232000,19372.88,19397.17,19345.54,19345.54,
1727232600,19348.37,19404.33,19342.5,19349,
1727233200,19350.43,19351.81,19289.21,19299.36,
1727233800,19299.53,19323.5,19292.04,19311.98,
1727234400,19310.9,19371.31,19303.33,19371.31,
1727235000,19377.72,19391.22,19350.74,19357.07,
1727235600,19365.75,19372.18,19352.29,19370.91,
1727236200,19378.17,19389.16,19361.04,19384.66,
1727236800,19382.54,19382.54,19382.54,19382.54,
1727240400,19369.86,19389.04,19348.03,19369.55,
1727241000,19373.78,19382.71,19293.79,19303.06,
1727241600,19304.89,19315.88,19284.9,19301.98,
1727242200,19305.4,19328.82,19249.53,19260.12,
1727242800,19260.78,19269.58,19203.67,19205.42,
1727243400,19204.06,19242.44,19198.2,19229,
1727244000,19232.53,19253.93,19171.27,19172.66,
1727244600,19182.33,19209.98,19114,19153.54,
1727245200,19163.73,19163.73,19092.13,19110.05,
1727245800,19106.77,19170.52,19086.4,19167.52,
1727246400,19175.27,19180.17,19132.84,19134.42,
1727247000,19138.37,19171.39,19126.55,19168.23,
1727247600,19175.15,19175.15,19126.29,19131.59,
1727248200,19140.42,19154.41,19111.9,19122.64,
1727248800,19114.25,19125.6,19110.09,19120.96,
1727249400,19132.32,19132.32,19076.53,19076.53,
1727250000,19087.64,19094.45,19078.1,19086.23,
1727250600,19094.09,19094.49,19072.72,19088.44,
1727251200,19087.23,19129.1,19087.23,19129.1,
1727313600,19302.57,19302.57,19302.57,19302.57,
1727314200,19285.99,19287.2,19182.49,19203.21,
1727314800,19198.85,19302.99,19176.58,19302.99,
1727315400,19301.62,19495.23,19291.92,19395.71,
1727316000,19397.82,19420.96,19347.81,19420.96,
1727316600,19424.31,19434.63,19373.7,19418.16,
1727317200,19425.57,19482.58,19411.52,19476.27,
1727317800,19486.57,19486.57,19433.35,19458.59,
1727318400,19456.59,19472.02,19413.29,19431.36,
1727319000,19441.1,19464.74,19430.1,19455.22,
1727319600,19454.61,19493.12,19454.61,19468.85,
1727320200,19466.82,19489.52,19454.91,19469.31,
1727320800,19472.85,19509.89,19449.85,19499.63,
1727321400,19506.99,19534.93,19499.21,19523.23,
1727322000,19531.39,19575.57,19522.39,19570.29,
1727322600,19569.36,19577.64,19563.15,19569.06,
1727323200,19572.45,19572.45,19572.45,19572.45,
1727326800,19560.16,19643.96,19538.93,19629.98,
1727327400,19641.92,19693.65,19613.3,19657.19,
1727328000,19669.01,19716.38,19643.85,19712.96,
1727328600,19719.97,19737.27,19636.95,19665.64,
1727329200,19667.19,19718.02,19649.76,19712.82,
1727329800,19715.2,19742.65,19682.01,19742.65,
1727330400,19750.58,19788.6,19724.35,19787.89,
1727331000,19793.36,19827.08,19755.5,19758.22,
1727331600,19757.37,19822.23,19752.25,19757.17,
1727332200,19760.81,19779.53,19700.78,19772.04,
1727332800,19776.47,19811.01,19764.26,19809.7,
1727333400,19813.11,19849.14,19792.54,19847.19,
1727334000,19844.1,19898.28,19825.67,19895.06,
1727334600,19890.27,19954.06,19886.17,19931.06,
1727335200,19937.51,19947.33,19872.41,19873.52,
1727335800,19880.46,19880.46,19807.05,19865.19,
1727336400,19865.92,19903.18,19858.32,19898.12,
1727337000,19904.31,19925.03,19883.5,19919.05,
1727337600,19917.43,19924.58,19917.43,19924.58,
1727400000,20446.74,20446.74,20446.74,20446.74,
1727400600,20452.12,20561.17,20389.76,20394.32,
1727401200,20381.03,20395.12,20269.68,20279.77,
1727401800,20269.43,20436.31,20268.63,20379.94,
1727402400,20372.01,20457.84,20352.56,20427.46,
1727403000,20415.17,20462.32,20391.62,20409.7,
1727403600,20395.04,20424.78,20285.17,20287.67,
1727404200,20271.45,20360.01,20271.45,20330.39,
1727404800,20318.16,20462.32,20318.16,20460.93,
1727405400,20447.07,20491.68,20418.58,20460.3,
1727406000,20446.7,20482.49,20425.15,20476.5,
1727406600,20463.83,20572.25,20463.83,20570.17,
1727407200,20558.05,20652.25,20557.45,20652.25,
1727407800,20636.85,20691.67,20636.2,20684.7,
1727408400,20673.17,20708.31,20616.96,20617.92,
1727409000,20607.76,20642.18,20589.34,20627.25,
1727409600,20603.05,20621.9,20603.05,20621.9,
1727413200,20643.18,20724.59,20625.86,20717.52,
1727413800,20694.86,20743.2,20577.35,20579.69,
1727414400,20566.17,20617.31,20395.36,20395.36,
1727415000,20389.52,20441.88,20298.94,20300.16,
1727415600,20285.54,20409.11,20285.54,20316.94,
1727416200,20307.63,20458.83,20301.23,20432.26,
1727416800,20416.9,20481.92,20390.63,20420.74,
1727417400,20410.81,20498.43,20389.69,20466.36,
1727418000,20451.68,20494.21,20417.84,20429.36,
1727418600,20415.54,20521.75,20415.54,20511.22,
1727419200,20495.91,20532.8,20414.42,20415.04,
1727419800,20404.62,20538.24,20404.62,20525.21,
1727420400,20510.33,20579.59,20510.33,20547.11,
1727421000,20534.19,20568.13,20521.99,20551.82,
1727421600,20542.81,20563.62,20504.13,20528.73,
1727422200,20519.51,20565.31,20499.82,20526.27,
1727422800,20513.57,20555.69,20513.57,20550.62,
1727423400,20537.49,20592.25,20537.49,20585.96,
1727424000,20586.94,20632.3,20586.94,20632.3,
1727659200,21175.41,21175.41,21175.41,21175.41,
1727659800,21217.11,21293.28,21139.37,21139.37,
1727660400,21136.32,21140.2,20887.81,20887.81,
1727661000,20884.52,20946.62,20789.93,20936.68,
1727661600,20933.64,21024.22,20925.21,20987.24,
1727662200,20983.99,20984.57,20904.01,20967.21,
1727662800,20967.88,20982.43,20943.3,20965.84,
1727663400,20962.37,20977.5,20888.05,20896.55,
1727664000,20898.07,20935.38,20854.42,20889.93,
1727664600,20891.87,20987.04,20876.23,20968.03,
1727665200,20969.74,21047.95,20969.74,21046.78,
1727665800,21048.86,21108.91,21002.05,21093.78,
1727666400,21097.71,21234.37,21077.67,21234.37,
1727667000,21233.88,21272.15,21180.78,21207.85,
1727667600,21208.48,21260.55,21202.67,21259.01,
1727668200,21257.78,21331.44,21245.95,21318.59,
1727668800,21321.97,21321.97,21321.97,21321.97,
1727672400,21331.68,21393.27,21288.06,21374.46,
1727673000,21368.98,21388.5,21178.69,21257.55,
1727673600,21254.2,21360.45,21241.34,21355.53,
1727674200,21354.34,21423.57,21352.2,21378.57,
1727674800,21380.01,21440.28,21359.31,21430.25,
1727675400,21431.4,21459.65,21410.98,21447.38,
1727676000,21447.49,21480.66,21410.51,21410.51,
1727676600,21412.33,21488.75,21347.31,21347.31,
1727677200,21343.16,21343.41,21160.26,21207.39,
1727677800,21201.15,21317.59,21193.11,21317.34,
1727678400,21316.33,21320.59,21284.88,21299.83,
1727679000,21298.46,21362.51,21298.46,21333.11,
1727679600,21331.38,21331.38,21255.76,21313.23,
1727680200,21311.16,21327.79,21265.69,21266.03,
1727680800,21262.54,21266.69,21167.64,21174.54,
1727681400,21174.69,21176.12,21022.81,21022.81,
1727682000,21023.11,21152.71,21023.11,21146.06,
1727682600,21143.18,21179.31,21135.15,21155.44,
1727683200,21154.94,21154.94,21133.68,21133.68,
1727832000,21289.6,21289.6,21289.6,21289.6,
1727832600,21324.88,21680.62,21324.88,21635.08,
1727833200,21633.79,21764.04,21512.32,21736.06,
1727833800,21734.75,21839.48,21731.04,21770.48,
1727834400,21771.21,21900.86,21771.21,21833.08,
1727835000,21828.65,21883.46,21748.05,21882.06,
1727835600,21877.85,22075.89,21844.72,22071.23,
1727836200,22074.78,22137.92,22036.83,22133.47,
1727836800,22131.95,22144.24,22002.46,22064.89,
1727837400,22066.72,22161.05,22060.6,22144.91,
1727838000,22142.1,22272.51,22137.48,22267.88,
1727838600,22266.37,22446.59,22266.18,22442.82,
1727839200,22439.84,22440.11,22309.06,22390.75,
1727839800,22394.24,22585.17,22367.39,22581.18,
1727840400,22580.86,22640.51,22359.09,22359.16,
1727841000,22356.64,22433.53,22328.07,22400.4,
1727841600,22401.74,22401.74,22401.74,22401.74,
1727845200,22373.46,22556.13,22373.46,22533.7,
1727845800,22534.18,22667.74,22523.08,22649.51,
1727846400,22655.68,22655.68,22441.55,22490.26,
1727847000,22493.45,22541.08,22231.6,22285.77,
1727847600,22283.53,22284.92,22015.46,22034.46,
1727848200,22039.78,22190.49,21957.98,22184.91,
1727848800,22185.54,22209.39,22068.27,22118.21,
1727849400,22117.51,22285.48,22117.51,22232.59,
1727850000,22233.53,22413.22,22207.24,22397.77,
1727850600,22397.16,22432.52,22292.26,22400.41,
1727851200,22396.77,22482.17,22328.54,22343.78,
1727851800,22340.09,22477.02,22340.09,22429.52,
1727852400,22427.91,22441.92,22239.84,22288.71,
1727853000,22279.57,22321.61,22256.96,22312.5,
1727853600,22306.56,22363.54,22281.09,22309.11,
1727854200,22302.94,22339.52,22238.36,22327.7,
1727854800,22317.39,22430.19,22317.39,22428.39,
1727855400,22427.92,22475.65,22423.54,22471.27,
1727856000,22472.17,22472.17,22443.73,22443.73,
1727918400,22484.04,22484.04,22484.04,22484.04,
1727919000,22455.75,22455.75,21981.03,22057.07,
1727919600,22059.46,22059.46,21829.84,21907.14,
1727920200,21905.87,22077.21,21905.87,22068.27,
1727920800,22064.41,22064.41,21764.61,21765.38,
1727921400,21779.11,21865.49,21690.17,21712.41,
1727922000,21728.15,21772.08,21681.77,21769.92,
1727922600,21774.27,21806.44,21688.95,21692.06,
1727923200,21704.87,21761.13,21667.9,21724.26,
1727923800,21736.66,21736.66,21574.07,21582.51,
1727924400,21597.08,21601.52,21508.85,21511.71,
1727925000,21515.31,21548.6,21442.25,21451.16,
1727925600,21455.11,21545.27,21449.17,21541.03,
1727926200,21549.45,21640.43,21546.23,21636.59,
1727926800,21649.35,21713.2,21615.07,21705.65,
1727927400,21714.42,21796.35,21699.69,21746.39,
1727928000,21743.18,21743.18,21743.18,21743.18,
1727931600,21751.02,21967.96,21737.07,21961.33,
1727932200,21969.42,22013.85,21921.05,21953.41,
1727932800,21949.17,22057.81,21937.18,22057.81,
1727933400,22061.48,22190.87,22015.5,22188.88,
1727934000,22197.88,22241.03,22036.84,22080.92,
1727934600,22089.29,22143.93,22021.64,22143.93,
1727935200,22141.18,22219.43,22084.82,22217.18,
1727935800,22228.56,22266.63,22146.11,22155.8,
1727936400,22160.15,22194.16,22124.62,22186.5,
1727937000,22194.64,22224.97,22162.74,22167.59,
1727937600,22173.47,22254.09,22164.08,22190.16,
1727938200,22201.15,22298.6,22195.42,22298.6,
1727938800,22303.24,22434.11,22266.41,22430.02,
1727939400,22435.52,22442.92,22203.52,22206.51,
1727940000,22219.71,22263.77,22140.17,22140.17,
1727940600,22148.68,22186.92,22081.31,22181.35,
1727941200,22182.94,22202.41,22124.41,22125.12,
1727941800,22132.33,22152.48,22107.49,22132.78,
1727942400,22127.72,22127.72,22113.51,22113.51,
1728004800,22015.08,22015.08,22015.08,22015.08,
1728005400,22028.35,22054.72,21824.68,21961.5,
1728006000,21963.27,22242.78,21953.65,22216.83,
1728006600,22217.16,22308.77,22121.66,22287.96,
1728007200,22301.24,22301.62,22141.84,22155.87,
1728007800,22164.31,22313.53,22160.95,22304.72,
1728008400,22312.72,22524.45,22282.09,22524.45,
1728009000,22530.27,22630.58,22467.03,22630.58,
1728009600,22631.72,22631.89,22540.97,22592.79,
1728010200,22593.13,22608.31,22441.71,22544.21,
1728010800,22549.36,22588.27,22523.28,22586.36,
1728011400,22597.06,22650.6,22524.69,22612.09,
1728012000,22618.45,22623.68,22544.94,22546.91,
1728012600,22555.46,22566.83,22457.74,22471.54,
1728013200,22478.51,22478.51,22344.08,22432.18,
1728013800,22444.63,22501.06,22424.57,22501.01,
1728014400,22509.98,22509.98,22500.18,22500.18,
1728018000,22537.86,22618.88,22519.65,22593.59,
1728018600,22600.56,22607.92,22533.96,22565.89,
1728019200,22572.56,22654.93,22565.72,22608.15,
1728019800,22618.26,22625.12,22553.57,22554.97,
1728020400,22554.03,22582.24,22506.17,22558.2,
1728021000,22567.35,22569.6,22510.45,22527.67,
1728021600,22544.32,22546.01,22421.44,22477.13,
1728022200,22483.04,22570.19,22479.9,22553.76,
1728022800,22566.95,22580.2,22526.54,22527.78,
1728023400,22521.16,22569.93,22489.07,22566.86,
1728024000,22568.1,22582.77,22561.74,22568.75,
1728024600,22580.02,22594.42,22550.28,22552.07,
1728025200,22563.12,22632.19,22548.78,22614.63,
1728025800,22623.1,22665.63,22612.51,22616.94,
1728026400,22624.65,22650.52,22616.86,22650.52,
1728027000,22658.39,22664.89,22605.23,22659.84,
1728027600,22666.04,22700.26,22655.15,22699.02,
1728028200,22704,22742.36,22693.64,22730.76,
1728028800,22741.32,22741.32,22736.87,22736.87,
1728264000,22948.35,22948.35,22948.35,22948.35,
1728264600,22964.05,23241.74,22924.38,23153.66,
1728265200,23156.09,23190.91,22719.91,22745.97,
1728265800,22753.93,22974.09,22753.93,22900.09,
1728266400,22906.38,23075.01,22861.47,23037.93,
1728267000,23040.86,23068.91,22818.24,22895.46,
1728267600,22902.73,22938.54,22847.15,22865.02,
1728268200,22870.64,22952.7,22810.56,22944.11,
1728268800,22951.21,22977.58,22785.59,22836.56,
1728269400,22845.75,22919.45,22842.99,22917.45,
1728270000,22919.53,23007.19,22915.35,22981.35,
1728270600,22993.51,23048.91,22968.38,23048.91,
1728271200,23057.03,23072.4,22986.35,22996.02,
1728271800,23002.7,23016.65,22957.78,22995.27,
1728272400,23007.24,23019.14,22941.38,22957,
1728273000,22967.01,23001.29,22946.45,23001.29,
1728273600,22997.26,22997.26,22997.26,22997.26,
1728277200,22995.97,23090.93,22995.97,23084.12,
1728277800,23086.34,23087.34,23017.6,23058.47,
1728278400,23059.59,23066.68,23008.49,23013.16,
1728279000,23020.86,23020.86,22970.37,22995.62,
1728279600,23007.23,23033.28,22950.76,22954.47,
1728280200,22966.65,23016.97,22951.37,23011.17,
1728280800,23021.89,23025.42,22974.03,22996.01,
1728281400,23006.98,23011.73,22973.11,22992.53,
1728282000,23005.73,23005.73,22963.19,22965.41,
1728282600,22981.41,23034.46,22966.89,23015.65,
1728283200,23024.47,23102.93,23005.86,23098.9,
1728283800,23111.08,23135.42,23070.58,23071.2,
1728284400,23084.67,23084.67,23021.84,23049.81,
1728285000,23060.09,23060.09,22980.11,23005.28,
1728285600,23016.69,23036.24,22976.1,23028.01,
1728286200,23041.24,23052.88,23017.26,23023.87,
1728286800,23011.33,23075.47,23011.33,23070.72,
1728287400,23071.18,23106.47,23071.18,23102.69,
1728288000,23106.33,23106.33,23099.78,23099.78,
1728350400,22849.23,22849.23,22849.23,22849.23,
1728351000,22902.36,22902.36,22087.73,22370.32,
1728351600,22366.16,22391.06,22002.17,22265.04,
1728352200,22270.25,22316.5,22107.38,22118.36,
1728352800,22116.73,22169.18,21727.48,21859.09,
1728353400,21863.1,21880.64,21535.86,21830.03,
1728354000,21836.22,21847.25,21508.24,21508.24,
1728354600,21506.63,21506.63,20762.82,21153.17,
1728355200,21154.99,21616.27,21115.25,21417.06,
1728355800,21423.1,21587.08,21303.08,21381.72,
1728356400,21392.61,21830.41,21392.61,21772.9,
1728357000,21775.95,21905.44,21666.67,21779.69,
1728357600,21784.38,21819.3,21621.12,21751.23,
1728358200,21757.7,21822.67,21665.15,21792.03,
1728358800,21789.66,21796.66,21667.61,21717.48,
1728359400,21713.62,21810.12,21680.27,21806.09,
1728360000,21810,21810,21810,21810,
1728363600,21784.6,21958.94,21685.66,21686.11,
1728364200,21685.22,21712.8,21518.71,21521.83,
1728364800,21519.76,21549.99,21426.88,21525.27,
1728365400,21513.84,21584.38,21287.97,21295.03,
1728366000,21295.14,21422.85,21271.13,21342.92,
1728366600,21338.97,21407.21,21205.84,21404.75,
1728367200,21410.97,21496.83,21349.71,21376.92,
1728367800,21388.02,21410.28,21265.25,21265.25,
1728368400,21265.22,21422.74,21257.39,21422.74,
1728369000,21427.11,21560.4,21422.37,21560.4,
1728369600,21556.23,21558.46,21414.22,21477.32,
1728370200,21478.09,21528.35,21441.19,21503.57,
1728370800,21501.42,21501.42,21276.05,21319.34,
1728371400,21322.59,21380.94,21192.95,21192.95,
1728372000,21196.11,21236.42,21088.51,21147.73,
1728372600,21144.57,21232.04,21134.22,21143.49,
1728373200,21145.77,21181.54,20977.84,20977.84,
1728373800,20972.54,20984.73,20891.98,20904.84,
1728374400,20914.81,20926.79,20914.81,20926.79,
1728436800,21290.04,21290.04,21290.04,21290.04,
1728437400,21246.81,21309.62,20998.42,21276.43,
1728438000,21274.77,21406.55,21234.81,21376.18,
1728438600,21381.18,21417.75,21046.14,21057.86,
1728439200,21056.77,21056.77,20708.5,20714.07,
1728439800,20708.56,20977.86,20670.38,20915.4,
1728440400,20920.34,21010.51,20803.11,20832.1,
1728441000,20841.77,20904.68,20510.14,20510.14,
1728441600,20504.95,20741.08,20504.75,20616.07,
1728442200,20609.69,20729.49,20493.27,20507.13,
1728442800,20505.13,20584.21,20337.95,20337.95,
1728443400,20331.98,20331.98,20190.53,20300.05,
1728444000,20302.08,20566.73,20238.02,20566.73,
1728444600,20570.77,20678.77,20482.19,20678.77,
1728445200,20680.78,20731.6,20560.97,20564.19,
1728445800,20562.87,20685.75,20534.13,20629.98,
1728446400,20635.11,20635.11,20635.11,20635.11,
1728450000,20682.18,21226.7,20682.18,21180.07,
1728450600,21163.36,21164.35,20907.98,21037.36,
1728451200,21031.66,21197.24,20975.07,21083.88,
1728451800,21079.47,21347.49,21048.36,21286.22,
1728452400,21287.47,21287.47,21054.02,21077.33,
1728453000,21075.54,21084.08,20940.72,20964.91,
1728453600,20964.6,21074.39,20899.85,20900.05,
1728454200,20897.24,20987.7,20789.71,20791.44,
1728454800,20787.87,20870.22,20703.97,20815.6,
1728455400,20817.87,20879.97,20696.12,20706.99,
1728456000,20715.37,20793.24,20577.52,20657.13,
1728456600,20657.99,20690.2,20536.03,20552.71,
1728457200,20546.86,20750.85,20533.69,20534.35,
1728457800,20529.02,20637.61,20510.51,20521.55,
1728458400,20520.2,20652.31,20518.35,20579.31,
1728459000,20569.74,20689.02,20552.24,20686.21,
1728459600,20686.45,20688.29,20602.24,20637.94,
1728460200,20635.92,20644.16,20547.13,20622.02,
1728460800,20618.79,20637.24,20618.79,20637.24,
1728523200,21046,21046,21046,21046,
1728523800,21124.87,21222.63,21048.43,21210.71,
1728524400,21207.93,21362.65,21177.27,21244.57,
1728525000,21237.03,21237.03,21079.27,21149.96,
1728525600,21136.86,21288.02,21136.86,21184.51,
1728526200,21177.54,21189.4,20983.94,21124.63,
1728526800,21114.7,21253.8,21107.23,21249.66,
1728527400,21229.73,21308.99,21196.93,21279.49,
1728528000,21269.85,21286.36,21203.61,21277.29,
1728528600,21271,21378.77,21230.05,21356.59,
1728529200,21340.06,21444.76,21331.8,21429.61,
1728529800,21420.59,21507.6,21383.46,21507.6,
1728530400,21505.21,21516.13,21380.2,21449.59,
1728531000,21445.01,21479.88,21379.6,21465.83,
1728531600,21455.09,21491.17,21409.3,21467.7,
1728532200,21462.98,21524.85,21443.69,21523.14,
1728532800,21508.37,21508.37,21508.37,21508.37,
1728536400,21521.36,21622.65,21458.71,21460.15,
1728537000,21448.75,21522,21421.13,21432,
1728537600,21421.76,21476.47,21387.54,21476.47,
1728538200,21468.18,21479.24,21385.76,21419.74,
1728538800,21408.26,21497.88,21403.58,21442.24,
1728539400,21433.53,21462.76,21320.19,21372.22,
1728540000,21360.36,21403.08,21305.46,21345.7,
1728540600,21338.71,21378.29,21256.62,21267.25,
1728541200,21255.57,21325.07,21235.79,21256.6,
1728541800,21247.49,21318.19,21227.3,21247.49,
1728542400,21237.46,21263.71,21184.51,21259.84,
1728543000,21245.87,21277.81,21217.2,21273.75,
1728543600,21263.88,21295.97,21175.27,21175.27,
1728544200,21166.42,21226.81,21147.08,21198.45,
1728544800,21187.67,21242.52,21185.51,21234.03,
1728545400,21224.52,21290.56,21224.52,21247.12,
1728546000,21242.88,21274.34,21228.55,21265.46,
1728546600,21259.33,21284.56,21237.26,21280.39,
1728547200,21265.8,21265.8,21251.98,21251.98,
1728868800,21228.65,21228.65,21228.65,21228.65,
1728869400,21134.33,21300.27,20993.85,21270.93,
1728870000,21271.69,21291.45,21114.17,21118.35,
1728870600,21104.08,21109.32,20873.88,20883.38,
1728871200,20872.37,20901.73,20706.84,20706.84,
1728871800,20709,20867.9,20709,20798.44,
1728872400,20798.55,20814.92,20693.75,20739.37,
1728873000,20734.55,20857.37,20711.29,20834.74,
1728873600,20824.62,20841.35,20766.75,20780.64,
1728874200,20782.45,20939.16,20782.45,20868.26,
1728874800,20867.73,20986.91,20834.77,20986.72,
1728875400,20986.24,21088.2,20985.04,21079.82,
1728876000,21076.16,21159.1,21071.57,21151.46,
1728876600,21140.68,21161.56,21094.3,21138.68,
1728877200,21126.74,21258.27,21126.74,21223.76,
1728877800,21217.53,21219.9,21152.57,21168.64,
1728878400,21164.93,21164.93,21164.93,21164.93,
1728882000,21148.49,21208.94,21102.86,21150.57,
1728882600,21151.12,21268.19,21114.79,21268.05,
1728883200,21259.22,21347.28,21255.47,21331.59,
1728883800,21329.42,21348.86,21250.45,21281.29,
1728884400,21270.73,21280.54,21161.89,21177.19,
1728885000,21164.63,21228.49,21157.79,21228.49,
1728885600,21214.6,21246.21,21162.97,21167,
1728886200,21162.72,21162.72,21097.06,21124.13,
1728886800,21121.6,21168.26,21111.2,21151.96,
1728887400,21140.04,21178.09,21093.52,21137.64,
1728888000,21129.89,21154.81,21108.15,21112.94,
1728888600,21099.91,21152.36,21099.91,21145.29,
1728889200,21141.5,21164.42,21039.16,21072.59,
1728889800,21068.37,21092.24,21046.99,21069.01,
1728890400,21066.47,21128.94,21066.47,21074.32,
1728891000,21069.11,21092.19,21036.88,21071.24,
1728891600,21063.09,21095,21052.22,21067.91,
1728892200,21063.6,21077.25,21033.38,21075.1,
1728892800,21075.41,21092.87,21075.41,21092.87,
1728955200,21046.19,21046.19,21046.19,21046.19,
1728955800,20985.21,21047.65,20924.73,20990.57,
1728956400,20990.23,21095.01,20979.77,21011.97,
1728957000,21011.63,21070.31,20925.7,20969.55,
1728957600,20967.04,21032.48,20940.24,20942.09,
1728958200,20940.02,20962.75,20878.48,20898.04,
1728958800,20897.57,21004,20897.57,20945.03,
1728959400,20931.77,20996.93,20909.42,20911.02,
1728960000,20910.08,20918.67,20789.88,20812,
1728960600,20813.02,20843.02,20798.22,20827.45,
1728961200,20822.48,20865.62,20748.38,20755.67,
1728961800,20754.43,20782.17,20732.41,20750.52,
1728962400,20751.7,20820.58,20737.04,20820.58,
1728963000,20809.32,20835.25,20809.32,20816.54,
1728963600,20808.26,20816.77,20791.05,20813.96,
1728964200,20805.87,20816.23,20793.47,20809.91,
1728964800,20810.11,20810.11,20810.11,20810.11,
1728968400,20787.79,20807.76,20734.23,20764.13,
1728969000,20764.79,20781.76,20674.53,20676.19,
1728969600,20669.84,20692.45,20587.1,20587.1,
1728970200,20585.31,20600.61,20532.86,20583.15,
1728970800,20582.3,20636.61,20561.43,20619.59,
1728971400,20613.38,20617.39,20552.46,20564.75,
1728972000,20557.27,20574.86,20481.74,20488.8,
1728972600,20482.57,20497.13,20370.84,20385.2,
1728973200,20386.81,20398.31,20306.26,20339.07,
1728973800,20334.51,20400.75,20280.94,20280.94,
1728974400,20270.27,20299.29,20246.05,20246.55,
1728975000,20243.41,20263.66,20219.21,20256.78,
1728975600,20253.02,20325.54,20249.63,20271.64,
1728976200,20263.55,20296.81,20243.18,20244.77,
1728976800,20242.62,20243.72,20154.71,20166.86,
1728977400,20159.89,20248.4,20158.55,20186.88,
1728978000,20184,20239.08,20180.04,20235.9,
1728978600,20238.49,20316.59,20237.05,20301.28,
1728979200,20299.6,20318.79,20299.6,20318.79,
1729041600,20144.75,20144.75,20144.75,20144.75,
1729042200,20143.52,20339.61,20131.34,20339.61,
1729042800,20344.1,20465.06,20315.79,20368.93,
1729043400,20370.32,20469.77,20357.24,20443.11,
1729044000,20443.57,20454.48,20245.26,20245.26,
1729044600,20245.47,20291.21,20161.37,20178.56,
1729045200,20185.95,20249.68,20183.03,20190.45,
1729045800,20187.99,20327.26,20181.62,20323.29,
1729046400,20328.32,20346.9,20271.2,20334,
1729047000,20343.47,20402.59,20316.86,20398.05,
1729047600,20406.07,20497.9,20370.34,20495.9,
1729048200,20501.08,20526.28,20388.77,20388.77,
1729048800,20390.32,20423,20364.75,20368.99,
1729049400,20378.72,20395.61,20371.38,20377.24,
1729050000,20384.74,20450.51,20377.94,20446.85,
1729050600,20456.5,20504.88,20449.54,20501.6,
1729051200,20501.77,20501.77,20501.77,20501.77,
1729054800,20502.32,20548.18,20437.05,20444.09,
1729055400,20444.07,20476.94,20425.46,20430.05,
1729056000,20440.37,20447.72,20383.03,20444.79,
1729056600,20445.84,20447.93,20360.92,20395.28,
1729057200,20396.26,20466.22,20389.94,20410.68,
1729057800,20418.95,20418.95,20376.52,20408.65,
1729058400,20412.41,20417.75,20297.29,20321.26,
1729059000,20324.34,20333.13,20272.88,20272.88,
1729059600,20270.53,20348.05,20244.36,20348.05,
1729060200,20350.19,20389.18,20317.54,20384.84,
1729060800,20384.56,20399.48,20359.89,20363.08,
1729061400,20363.17,20393.16,20361.02,20389.71,
1729062000,20396.95,20396.95,20325.95,20369.15,
1729062600,20375.01,20422.9,20359.32,20414.62,
1729063200,20414.43,20416.06,20383.9,20387.18,
1729063800,20389.62,20390.07,20359.44,20359.66,
1729064400,20368.05,20381.08,20349.23,20355.51,
1729065000,20355.68,20380.01,20320.43,20323.62,
1729065600,20326.96,20326.96,20286.85,20286.85,
1729128000,20471.99,20471.99,20471.99,20471.99,
1729128600,20514.72,20620.21,20477.17,20602.92,
1729129200,20604.07,20718.96,20590.86,20693.74,
1729129800,20691.02,20699.4,20637.62,20682.02,
1729130400,20681.03,20783.35,20646.44,20744.52,
1729131000,20744.23,20744.23,20488.6,20501.93,
1729131600,20514.78,20561.54,20435.63,20461.95,
1729132200,20467.86,20529.54,20436.75,20436.75,
1729132800,20440.06,20472.6,20374.38,20472.6,
1729133400,20478.24,20511.65,20441.17,20510,
1729134000,20511.83,20529.51,20457.87,20529.51,
1729134600,20536.13,20536.56,20426.43,20438.72,
1729135200,20442.27,20455.26,20397.43,20423.06,
1729135800,20430.5,20430.5,20352.49,20411.08,
1729136400,20419.83,20439.21,20407.29,20436.8,
1729137000,20444.14,20453.13,20434.48,20452.23,
1729137600,20452.17,20460.86,20452.17,20460.86,
1729141200,20445.69,20465.01,20412.64,20460.13,
1729141800,20467.57,20469.63,20435.84,20444.4,
1729142400,20452.8,20476.36,20410.27,20413.57,
1729143000,20414.29,20430.48,20390.97,20400.99,
1729143600,20412.46,20412.46,20346.46,20351.84,
1729144200,20349.85,20371.49,20317.44,20353.01,
1729144800,20351.61,20360.16,20287.34,20304.62,
1729145400,20310.48,20314.67,20231.53,20239.53,
1729146000,20239.91,20247.09,20164.53,20175,
1729146600,20184.05,20211.2,20174.42,20189.31,
1729147200,20199.68,20218.03,20160.85,20164.68,
1729147800,20176.71,20198.97,20149.74,20159.72,
1729148400,20170.22,20170.22,20057.82,20057.82,
1729149000,20070.73,20091.64,20030.98,20032.09,
1729149600,20040.1,20051.18,19977.35,20032.93,
1729150200,20039.03,20099.98,20032.98,20099.98,
1729150800,20105.64,20105.64,20026.98,20038.17,
1729151400,20046.88,20070.27,20029.03,20066.59,
1729152000,20067.1,20079.1,20067.1,20079.1,
1729214400,20106.65,20106.65,20106.65,20106.65,
1729215000,20172.33,20282.29,20172.33,20222.01,
1729215600,20209.34,20267.33,20180.27,20251.17,
1729216200,20238.96,20307.79,20183.21,20183.21,
1729216800,20178.95,20269,20141.05,20169.26,
1729217400,20154.6,20174.47,20065.99,20112.14,
1729218000,20103.79,20183.34,20058.67,20183.34,
1729218600,20174.96,20409.97,20174.96,20409.97,
1729219200,20399.4,20438.1,20322.02,20342.18,
1729219800,20334.3,20352.02,20288.45,20321.03,
1729220400,20307.14,20342.29,20268.66,20279.31,
1729221000,20269.65,20272.57,20205.25,20217.54,
1729221600,20207.9,20285.77,20203.38,20285.77,
1729222200,20273.7,20299.02,20269.41,20269.43,
1729222800,20258.37,20264.82,20215.87,20229.31,
1729223400,20223.71,20243.57,20215.89,20235.45,
1729224000,20229.94,20229.94,20229.94,20229.94,
1729227600,20259.95,20392.29,20259.95,20391.09,
1729228200,20381.26,20568.82,20381.26,20492.88,
1729228800,20483.65,20514.52,20401.43,20469.75,
1729229400,20456.81,20541.21,20443.17,20523.18,
1729230000,20508.15,20609.41,20485.61,20596.02,
1729230600,20587.57,20688.19,20587.57,20672.06,
1729231200,20663.09,20686.17,20600.85,20685.23,
1729231800,20674.95,20779.72,20674.95,20771.41,
1729232400,20759.99,20788.6,20707.13,20770.78,
1729233000,20756.62,20919.95,20756.62,20919.95,
1729233600,20902.42,20952.99,20736.99,20746.44,
1729234200,20734,20751.13,20673.72,20719.34,
1729234800,20709.9,20761.06,20635.35,20680.5,
1729235400,20671.04,20778.25,20665.6,20770.3,
1729236000,20761.07,20793.93,20741.56,20746.91,
1729236600,20741.5,20776.52,20726.54,20776.52,
1729237200,20765.33,20836.71,20765.33,20808.87,
1729237800,20803.94,20807.02,20765.46,20797.68,
1729238400,20787.12,20804.11,20787.12,20804.11,
1729473600,20730.95,20730.95,20730.95,20730.95,
1729474200,20728.24,20845.57,20679.16,20709.49,
1729474800,20709.18,20789.59,20644.11,20644.11,
1729475400,20630.91,20671.26,20569.66,20576.09,
1729476000,20564.75,20701.07,20564.75,20658.55,
1729476600,20659.22,20739.48,20612.06,20701.77,
1729477200,20693.21,20790.25,20655.64,20772.81,
1729477800,20769.74,20779.86,20727.57,20779.86,
1729478400,20778.79,20787.83,20652.47,20690.8,
1729479000,20682.47,20699.99,20639.21,20681.41,
1729479600,20682.81,20755.94,20670.63,20754.52,
1729480200,20752.48,20759.62,20708.94,20759.51,
1729480800,20755.47,20790.87,20729.08,20740.1,
1729481400,20739.39,20755.48,20721.05,20748.72,
1729482000,20736.68,20738.53,20710.9,20718.12,
1729482600,20717.66,20727.36,20684.73,20689.39,
1729486800,20664.98,20743.23,20639.25,20690.36,
1729487400,20688.77,20688.77,20597.69,20598.56,
1729488000,20587.09,20635.64,20535.59,20549.35,
1729488600,20543.8,20561.22,20504.56,20519.95,
1729489200,20509.13,20552.68,20499.9,20514.13,
1729489800,20509.21,20529.65,20448.48,20455.3,
1729490400,20441.97,20492.94,20432.11,20448.51,
1729491000,20448.46,20477.28,20423.09,20475.31,
1729491600,20470.83,20517.6,20446.45,20512.41,
1729492200,20511.63,20539.17,20492.91,20536.72,
1729492800,20527.95,20539.74,20470.19,20478.81,
1729493400,20470.07,20492.38,20461.09,20471.54,
1729494000,20461.85,20532.85,20461.85,20527.75,
1729494600,20521.14,20523.34,20485.49,20504.55,
1729495200,20497.71,20523.31,20471.54,20475.55,
1729495800,20476.74,20499.77,20449.77,20477.61,
1729496400,20465.83,20489.19,20465.83,20479.99,
1729497000,20471.01,20488.17,20466.83,20475.49,
1729497600,20475.45,20478.46,20475.45,20478.46,
1729560000,20433.49,20433.49,20433.49,20433.49,
1729560600,20454,20629.48,20454,20575.75,
1729561200,20578,20623.58,20513.26,20515.32,
1729561800,20517.19,20606.64,20512.76,20519.04,
1729562400,20521.05,20604.73,20484.82,20550.03,
1729563000,20550.32,20603.63,20495.86,20511.79,
1729563600,20516.31,20606.22,20511.87,20564.64,
1729564200,20564.18,20590.62,20504.47,20510.39,
1729564800,20498.64,20519.8,20441,20500.8,
1729565400,20499.27,20520.88,20467.1,20487.06,
1729566000,20474.73,20543.71,20470.7,20543.71,
1729566600,20531.95,20552.01,20479.94,20490.7,
1729567200,20486.39,20563.52,20476.97,20560.96,
1729567800,20552.24,20599.81,20552.24,20559.45,
1729568400,20561.35,20589.74,20554.55,20574.23,
1729569000,20570.76,20584.44,20566.6,20584.37,
1729569600,20585.51,20585.51,20585.51,20585.51,
1729573200,20601.87,20614,20519.05,20537.66,
1729573800,20527.58,20542.77,20489.34,20493.3,
1729574400,20484.5,20512.99,20476.55,20509.13,
1729575000,20510.93,20543.58,20500.63,20516.32,
1729575600,20516.22,20520.22,20404.77,20405.82,
1729576200,20406.17,20451.7,20380.04,20451.7,
1729576800,20449,20480.66,20429.61,20445.58,
1729577400,20436.14,20473.89,20425.31,20462.31,
1729578000,20456.65,20498.08,20442.03,20494.56,
1729578600,20487.24,20501.24,20456.58,20469.14,
1729579200,20459.92,20482.19,20448.1,20482.19,
1729579800,20478.75,20494.14,20474.11,20484.27,
1729580400,20471.24,20480.48,20453.71,20476.54,
1729581000,20462.33,20506.75,20462.33,20503.26,
1729581600,20504.26,20518.8,20495.21,20505.41,
1729582200,20506.52,20507.3,20481.72,20492.97,
1729582800,20480.45,20498.22,20477.87,20485.45,
1729583400,20486.07,20486.07,20466.52,20476.13,
1729584000,20474.83,20498.95,20474.83,20498.95,
1729646400,20525.44,20525.44,20525.44,20525.44,
1729647000,20499.48,20583.44,20448.84,20573.64,
1729647600,20571.17,20655.7,20542.45,20640.44,
1729648200,20636.26,20661.01,20573.09,20650.63,
1729648800,20640.67,20782.51,20638.74,20782.51,
1729649400,20766.29,20823.48,20760.1,20821.8,
1729650000,20809.11,20857.31,20781.78,20784.16,
1729650600,20775.23,20844.92,20775.23,20804.39,
1729651200,20793.34,20796.67,20720.69,20743.68,
1729651800,20730.97,20754.97,20704.74,20730.9,
1729652400,20721.76,20804.91,20719.41,20804.03,
1729653000,20790.26,20833.59,20785.57,20803.13,
1729653600,20800.41,20802.91,20765.15,20800.31,
1729654200,20788.16,20835.14,20785.98,20835.14,
1729654800,20819.6,20838.2,20804.15,20831.03,
1729655400,20817.66,20843.66,20817.66,20840.15,
1729656000,20841.73,20841.73,20841.73,20841.73,
1729659600,20847.36,20926.1,20842.84,20921.82,
1729660200,20917.69,20942.26,20877.71,20894.2,
1729660800,20891.15,20891.15,20839.76,20844.88,
1729661400,20842.41,20891.38,20840.7,20869.1,
1729662000,20866.19,20866.19,20797.63,20820.57,
1729662600,20811.73,20841.68,20811.73,20838.17,
1729663200,20836.27,20836.27,20747.4,20751.69,
1729663800,20748.49,20777.75,20726.62,20760.7,
1729664400,20754.45,20788.65,20740.91,20776.41,
1729665000,20764.44,20774.85,20708.76,20708.76,
1729665600,20708.34,20714.38,20673.12,20680.37,
1729666200,20672.64,20735.26,20672.64,20725.52,
1729666800,20716.24,20764.84,20716.24,20764.19,
1729667400,20750.77,20771.94,20750.77,20771.86,
1729668000,20762.52,20787.94,20755.19,20785.69,
1729668600,20771.02,20791.89,20771.02,20788,
1729669200,20781.81,20794.62,20775.73,20779.5,
1729669800,20767,20775.85,20758.77,20768.47,
1729670400,20765.14,20765.14,20760.15,20760.15,
1729732800,20576.05,20576.05,20576.05,20576.05,
1729733400,20537.85,20623.62,20532.06,20532.06,
1729734000,20534.34,20576.79,20488.14,20488.14,
1729734600,20484.97,20536.13,20474.24,20499.43,
1729735200,20499.22,20524.96,20472.91,20507.21,
1729735800,20506.77,20570.68,20506.36,20569.01,
1729736400,20572.58,20653.42,20572.58,20624.34,
1729737000,20624.01,20648.74,20612.42,20628.22,
1729737600,20629.75,20638.58,20591.99,20609.14,
1729738200,20609.1,20648.95,20601.46,20620.76,
1729738800,20621.65,20685.46,20619.43,20632.91,
1729739400,20630.55,20642.36,20608.52,20620.13,
1729740000,20618.73,20625.19,20593.07,20608.13,
1729740600,20608.7,20608.7,20562.08,20581,
1729741200,20578.34,20591.51,20561.73,20563.31,
1729741800,20564.33,20573.54,20539.92,20556.46,
1729742400,20555.04,20555.04,20555.04,20555.04,
1729746000,20563.95,20563.95,20507.98,20517.8,
1729746600,20520.08,20524.59,20495.13,20505.04,
1729747200,20504.24,20520.49,20452.71,20471.25,
1729747800,20473.15,20489.36,20459.29,20483,
1729748400,20484.65,20494.13,20463.77,20486.4,
1729749000,20485.78,20496.68,20448.46,20459.05,
1729749600,20460.77,20514.85,20454.58,20512.26,
1729750200,20514.61,20534.55,20506.36,20522.59,
1729750800,20522.78,20537.29,20507.22,20511.54,
1729751400,20511.2,20549.93,20503.58,20535.51,
1729752000,20535.81,20547.78,20521.76,20526.7,
1729752600,20525.72,20533.55,20510.36,20517.13,
1729753200,20516.71,20517.58,20484.87,20493.54,
1729753800,20493.61,20505.16,20479.34,20482.05,
1729754400,20478.16,20484.49,20453.61,20476.41,
1729755000,20479.11,20525.66,20478.18,20507.38,
1729755600,20505.25,20509.36,20487.85,20494.12,
1729756200,20495.16,20496.71,20472.53,20486.95,
1729756800,20489.8,20489.8,20489.62,20489.62,
1729819200,20521.95,20521.95,20521.95,20521.95,
1729819800,20550.76,20659.42,20550.76,20652.38,
1729820400,20653.07,20672.13,20575.86,20597.6,
1729821000,20596.61,20650.63,20560.91,20649.87,
1729821600,20649.32,20649.83,20540.15,20591.99,
1729822200,20593.52,20698.35,20591.39,20672.29,
1729822800,20672.38,20676.59,20624.25,20661.54,
1729823400,20662.2,20667.98,20624.93,20632.25,
1729824000,20632.56,20677.8,20629.9,20672.55,
1729824600,20671.14,20746.71,20671.14,20725.37,
1729825200,20724.87,20743.64,20709.38,20726.42,
1729825800,20726.56,20738.34,20688.11,20724.42,
1729826400,20723.5,20743.92,20709.83,20743.92,
1729827000,20740.75,20748.02,20729.8,20737.93,
1729827600,20737.72,20741.69,20674.05,20675.62,
1729828200,20675.05,20722.05,20667.66,20721.47,
1729828800,20720.6,20720.6,20720.6,20720.6,
1729832400,20740.35,20784.47,20734.33,20741.77,
1729833000,20741.76,20768.8,20711.01,20711.35,
1729833600,20708.17,20735.36,20697.88,20729.21,
1729834200,20726.72,20736.08,20613.28,20631.37,
1729834800,20631.58,20660.69,20627.54,20658.04,
1729835400,20655.98,20666.5,20640.29,20642.76,
1729836000,20642.96,20647.92,20592.39,20603.05,
1729836600,20605.55,20624.8,20576.11,20614.81,
1729837200,20614.34,20623.38,20572.16,20589.9,
1729837800,20588.71,20627.23,20581.11,20610.58,
1729838400,20610.56,20616.89,20583.89,20587.07,
1729839000,20587.37,20594.85,20570.29,20587.98,
1729839600,20585.25,20616.12,20579.82,20607.69,
1729840200,20605.81,20611.11,20583.95,20590.26,
1729840800,20589.27,20608.06,20587.23,20606.31,
1729841400,20605.05,20624.53,20591.39,20607.75,
1729842000,20605.18,20612,20589.59,20600.94,
1729842600,20602.64,20622.05,20584.42,20609.51,
1729843200,20610.45,20610.45,20590.15,20590.15,
1730078400,20592.74,20592.74,20592.74,20592.74,
1730079000,20566.03,20629.08,20532.8,20538.84,
1730079600,20540.06,20551.67,20458.25,20458.25,
1730080200,20459.34,20535.41,20428.94,20533.21,
1730080800,20534.72,20637.25,20528.8,20633.63,
1730081400,20633.95,20657.48,20596.2,20601.25,
1730082000,20597.18,20623.06,20560.29,20580.02,
1730082600,20579.97,20587.13,20560.28,20585.77,
1730083200,20586.35,20586.79,20541.07,20558.64,
1730083800,20563.96,20574.83,20537.48,20570.76,
1730084400,20574.54,20579.13,20553.32,20556.25,
1730085000,20558.09,20570.76,20527.61,20566.97,
1730085600,20568.57,20582.2,20564.41,20576.04,
1730086200,20574.88,20583.12,20543.09,20544.81,
1730086800,20543.97,20550.26,20530.28,20534.39,
1730087400,20535.27,20549.98,20529.71,20544.34,
1730088000,20546.24,20546.24,20546.24,20546.24,
1730091600,20559.84,20581.32,20542.05,20542.05,
1730092200,20545.51,20585.68,20535.35,20570.45,
1730092800,20570.72,20623.45,20569.65,20618.61,
1730093400,20618.55,20669.41,20612.33,20657.2,
1730094000,20641.98,20655.36,20627.37,20647.79,
1730094600,20648.16,20666.51,20628.88,20631.56,
1730095200,20633.55,20633.55,20591.36,20612.82,
1730095800,20614.59,20653.7,20612.29,20650.67,
1730096400,20650.19,20651.65,20631.14,20651.65,
1730097000,20651.76,20651.76,20616.35,20624.15,
1730097600,20626.12,20652.99,20620.32,20649,
1730098200,20649.51,20657.31,20643.41,20653.9,
1730098800,20653.61,20654.41,20631.61,20638.43,
1730099400,20637.3,20645.42,20628.91,20645.42,
1730100000,20643.7,20660.55,20643.7,20651.23,
1730100600,20652.11,20652.83,20617.68,20627.08,
1730101200,20627.14,20639.45,20622.65,20626.94,
1730101800,20629.1,20649.01,20623.01,20640.69,
1730102400,20642.57,20642.57,20599.36,20599.36,
1730164800,20729.98,20729.98,20729.98,20729.98,
1730165400,20762.82,20890.08,20762.82,20884.56,
1730166000,20884.79,20884.79,20731.09,20731.88,
1730166600,20733.85,20734.05,20677.71,20708.75,
1730167200,20706.91,20737.83,20694.57,20712.7,
1730167800,20711.58,20740.52,20681.67,20724.19,
1730168400,20726.57,20834.39,20722.92,20828.21,
1730169000,20830.67,20844.2,20806.2,20827.39,
1730169600,20828.07,20869.34,20819.31,20859.63,
1730170200,20858.56,20859.56,20789.1,20792.11,
1730170800,20791.07,20795.04,20749.94,20771.12,
1730171400,20774.85,20779.61,20688.23,20691.15,
1730172000,20692.05,20715.54,20676.21,20691.46,
1730172600,20690.54,20696.42,20640.63,20650.8,
1730173200,20651.89,20651.89,20599.67,20601.89,
1730173800,20601.45,20607.96,20570.26,20593.34,
1730178000,20598.85,20653.29,20563.74,20649.04,
1730178600,20650.06,20686.48,20636.88,20672.52,
1730179200,20673.8,20694.33,20655.48,20660.72,
1730179800,20661.8,20740.68,20661.56,20707.81,
1730180400,20709.15,20709.15,20667.04,20685.11,
1730181000,20687.11,20693.61,20660.74,20686.76,
1730181600,20687.21,20700.2,20668.21,20683.14,
1730182200,20680.69,20682.37,20662.47,20676.1,
1730182800,20675.26,20706.92,20675.26,20699.27,
1730183400,20700.02,20710.76,20680.59,20705.5,
1730184000,20702.95,20703.41,20662.55,20674.88,
1730184600,20675.19,20679.16,20637.89,20655.62,
1730185200,20657.65,20677.56,20645.07,20672.65,
1730185800,20673.01,20684.43,20666.96,20679.74,
1730186400,20679.14,20686.11,20673.99,20681.52,
1730187000,20679.98,20690.59,20661.94,20667.24,
1730187600,20666.7,20678.44,20655.7,20661.21,
1730188200,20660.91,20669.3,20649.04,20663.61,
1730188800,20665.24,20701.14,20665.24,20701.14,
1730251200,20586.55,20586.55,20586.55,20586.55,
1730251800,20628.17,20681.52,20582.59,20593.66,
1730252400,20586.05,20621.54,20512.09,20515.23,
1730253000,20505.54,20670.57,20500.64,20618.42,
1730253600,20594.39,20637.71,20586.72,20603.33,
1730254200,20584.82,20601.71,20542.49,20545.48,
1730254800,20530.82,20578.36,20525.93,20527.8,
1730255400,20514.32,20539.03,20492.76,20528.82,
1730256000,20511.58,20549.97,20511.58,20519.35,
1730256600,20506.09,20575.05,20499.24,20500.9,
1730257200,20489.46,20528.26,20474.23,20486.39,
1730257800,20472.58,20497.3,20440.92,20446.44,
1730258400,20432.95,20449.22,20365.53,20373.12,
1730259000,20363.87,20381.8,20331.25,20352.74,
1730259600,20339.93,20370.81,20311.29,20351.8,
1730260200,20336.59,20356.95,20314.12,20335.47,
1730260800,20312.27,20316.23,20312.27,20316.23,
1730264400,20349.02,20349.02,20279.63,20286.31,
1730265000,20270.07,20329.53,20270.07,20287.1,
1730265600,20271.97,20342.42,20271.97,20340.43,
1730266200,20322.7,20367.16,20322.7,20325.15,
1730266800,20309.82,20343.32,20305.77,20308.39,
1730267400,20291.59,20383.9,20291.59,20343.16,
1730268000,20326.16,20350.96,20296.93,20314,
1730268600,20298.16,20369.11,20298.16,20365.21,
1730269200,20346.92,20387.24,20336.3,20375.28,
1730269800,20363.22,20423.88,20362.18,20409.42,
1730270400,20392.55,20419.09,20375.89,20375.89,
1730271000,20362.73,20385.93,20356.2,20365.42,
1730271600,20352.87,20381.36,20348.68,20351.55,
1730272200,20339.65,20381.91,20339.65,20368.45,
1730272800,20353.31,20375.77,20351.31,20355.79,
1730273400,20344.51,20387.65,20344.51,20359.75,
1730274000,20347.23,20377.98,20344.46,20377.98,
1730274600,20360.46,20378.03,20340.16,20362.78,
1730275200,20361.93,20380.64,20361.93,20380.64,
1730337600,20414.2,20414.2,20414.2,20414.2,
1730338200,20465.94,20505.53,20430.23,20455.26,
1730338800,20450.56,20532.05,20426.08,20523.26,
1730339400,20520.04,20520.04,20410.38,20439.32,
1730340000,20437.68,20552.27,20437.68,20484.36,
1730340600,20484.71,20514.68,20459.45,20506.65,
1730341200,20504.27,20539.64,20460.93,20463.57,
1730341800,20463.06,20551.97,20459.8,20530.37,
1730342400,20534.75,20553.3,20493.17,20500.53,
1730343000,20500.69,20525.05,20450.96,20470.25,
1730343600,20470.04,20527.1,20466.42,20522.4,
1730344200,20522.41,20542.76,20485.93,20493.25,
1730344800,20490.39,20492.47,20451.08,20485.24,
1730345400,20485.9,20498.23,20482.75,20493.69,
1730346000,20493.51,20501.73,20471.37,20477.9,
1730346600,20474.76,20483.26,20468.21,20474.83,
1730347200,20476.42,20476.42,20476.42,20476.42,
1730350800,20465.59,20465.59,20374.86,20403.45,
1730351400,20404.48,20405.03,20325.5,20327.4,
1730352000,20326.3,20396.1,20326.3,20386.7,
1730352600,20386.55,20410.52,20369.92,20382.74,
1730353200,20379.87,20396.85,20329.84,20332.96,
1730353800,20333.21,20421.46,20333.21,20410.82,
1730354400,20412.59,20430.71,20400.74,20428.76,
1730355000,20428.75,20467.27,20428.3,20450.49,
1730355600,20449.06,20465.82,20445.25,20451.16,
1730356200,20449.4,20449.75,20416.18,20425.18,
1730356800,20424.54,20424.54,20386.28,20402.62,
1730357400,20402.16,20410.73,20380.9,20385.19,
1730358000,20384.39,20407.97,20378.22,20398.42,
1730358600,20395.78,20399.24,20375.75,20380.23,
1730359200,20377.51,20396.29,20372.73,20386.92,
1730359800,20386.02,20419.16,20384.64,20413.48,
1730360400,20412.82,20417.14,20376.89,20380.42,
1730361000,20380.59,20386.23,20359.46,20361.45,
1730361600,20359.95,20359.95,20317.33,20317.33,
1730424000,20427.88,20427.88,20427.88,20427.88,
1730424600,20429.08,20485.02,20406.28,20472.59,
1730425200,20466.47,20480.86,20353.34,20468.65,
1730425800,20468.32,20535.73,20467.46,20513.2,
1730426400,20517.17,20517.17,20426.97,20461.17,
1730427000,20461.53,20474.01,20377.91,20451.83,
1730427600,20452.02,20504.44,20432.47,20457.27,
1730428200,20460.36,20492.33,20411.84,20466.31,
1730428800,20467.5,20513.67,20450.69,20480.66,
1730429400,20480.96,20543.07,20451.57,20543.07,
1730430000,20542.57,20544.89,20479.41,20512.7,
1730430600,20511.87,20536.13,20481.79,20512.5,
1730431200,20508.3,20533.76,20506.48,20514.62,
1730431800,20515.28,20549.05,20514.87,20545.48,
1730432400,20546.87,20625.53,20542.39,20619.62,
1730433000,20619.39,20649.1,20612.21,20635.55,
1730433600,20635.73,20635.73,20635.73,20635.73,
1730437200,20646.85,20667.22,20547.5,20579.8,
1730437800,20577.8,20577.8,20502,20526.82,
1730438400,20527.13,20535.37,20501.98,20525.48,
1730439000,20527.18,20538.99,20492.13,20492.92,
1730439600,20490.26,20505.37,20457.43,20466.31,
1730440200,20465.55,20515.59,20461.11,20511.47,
1730440800,20511.33,20519.57,20490.74,20497.91,
1730441400,20496.37,20504.48,20467.57,20472.93,
1730442000,20474.15,20519.46,20473.04,20496.67,
1730442600,20497.56,20513.04,20484.95,20498.01,
1730443200,20499.02,20502.4,20479.08,20483.81,
1730443800,20482.29,20482.29,20465.17,20470.03,
1730444400,20470.5,20488.78,20463.89,20472.73,
1730445000,20474.51,20500.84,20471.59,20497.21,
1730445600,20497.91,20503.29,20481.67,20483.98,
1730446200,20485.21,20504.74,20479.05,20500.66,
1730446800,20497.32,20510.18,20497.32,20502.73,
1730447400,20504.05,20513.28,20501.09,20506.34,
1730448000,20505.38,20506.43,20505.38,20506.43,
1730683200,20584.45,20584.45,20584.45,20584.45,
1730683800,20586.84,20633.58,20456.7,20463.6,
1730684400,20465,20586.15,20446.26,20570.03,
1730685000,20572.06,20591.92,20524.91,20529.69,
1730685600,20534.08,20600.13,20533.98,20590.58,
1730686200,20594.8,20602.23,20517.74,20562.51,
1730686800,20560.97,20569.06,20530.87,20532.36,
1730687400,20531.85,20533.11,20485.07,20499.95,
1730688000,20498.4,20545.13,20498.4,20527.78,
1730688600,20529.54,20542.72,20524.58,20532.56,
1730689200,20533.64,20534.48,20477.46,20508.07,
1730689800,20509.48,20550.93,20509.48,20539.17,
1730690400,20538.38,20552.47,20517.5,20550.83,
1730691000,20552.11,20553.93,20526.02,20526.9,
1730691600,20528.87,20539.34,20524.05,20538.25,
1730692200,20536.14,20538.43,20521.7,20527.46,
1730692800,20528.12,20528.12,20528.12,20528.12,
1730696400,20527.41,20541.93,20509.24,20524.92,
1730697000,20523.61,20532.04,20504.99,20506.63,
1730697600,20506.72,20511.37,20477.5,20487.55,
1730698200,20486.78,20513.1,20482.53,20511.53,
1730698800,20511.47,20529.3,20507.69,20512.9,
1730699400,20512.63,20548.96,20509.51,20547.59,
1730700000,20548.14,20568.67,20531.34,20535.55,
1730700600,20535.51,20548.79,20530.52,20533.23,
1730701200,20531.43,20546.24,20516.51,20526.11,
1730701800,20525.69,20547.97,20520.6,20547.97,
1730702400,20544.83,20576.73,20544.83,20567.22,
1730703000,20566.91,20574.19,20551.89,20567.7,
1730703600,20564.2,20584.85,20558.66,20567.98,
1730704200,20567.73,20573.51,20549.18,20569.03,
1730704800,20571.3,20573.93,20556.3,20566.6,
1730705400,20568.05,20582.89,20564.08,20582.89,
1730706000,20581.11,20581.11,20549.95,20554.53,
1730706600,20554.58,20566.78,20542.34,20554.57,
1730707200,20554.09,20567.52,20554.09,20567.52,
1730769600,20409.94,20409.94,20409.94,20409.94,
1730770200,20442.38,20548.23,20442.38,20524.43,
1730770800,20524.19,20632.88,20507.36,20632.88,
1730771400,20639.7,20644.82,20583.73,20598.31,
1730772000,20596.65,20665.3,20588.97,20663.85,
1730772600,20662.25,20790.71,20632.68,20740.93,
1730773200,20738.81,20740.4,20686.79,20694.18,
1730773800,20695.44,20695.74,20605.82,20617.38,
1730774400,20616.46,20687.69,20616.46,20683.01,
1730775000,20682.43,20690.47,20632.52,20637.18,
1730775600,20635.91,20688.73,20629.97,20687.25,
1730776200,20688.02,20743.86,20688.02,20703.83,
1730776800,20701.95,20805.91,20701.92,20800.97,
1730777400,20802.1,20803.15,20781.81,20796.16,
1730778000,20797.85,20836.95,20796,20834.34,
1730778600,20831.79,20836.64,20807.09,20824.82,
1730779200,20823.36,20823.36,20823.36,20823.36,
1730782800,20823.56,20877.6,20821.02,20849.55,
1730783400,20848.64,20894.6,20816.92,20882.59,
1730784000,20882.38,20892.66,20835.92,20835.92,
1730784600,20835.17,20879.07,20828.07,20869.79,
1730785200,20870.47,20880.29,20853.03,20868.95,
1730785800,20868.76,20868.84,20828.59,20833.15,
1730786400,20832.9,20851.64,20787.82,20850.71,
1730787000,20851,20860.65,20835.69,20850.59,
1730787600,20853.02,20882.81,20853.02,20866.72,
1730788200,20866.36,20885.37,20865.32,20881.12,
1730788800,20880.42,20882.05,20851.44,20859.6,
1730789400,20860.58,20868.88,20848.75,20867.85,
1730790000,20869.01,20939.66,20863.55,20936,
1730790600,20935.23,20986.54,20932.94,20964.06,
1730791200,20962.78,20966.03,20930.78,20946,
1730791800,20946.58,20977.42,20945.84,20976.81,
1730792400,20978.22,20978.75,20953.09,20961.19,
1730793000,20963.77,20988.04,20956.01,20984.72,
1730793600,20985.8,21006.97,20985.8,21006.97,
1730856000,20791.8,20791.8,20791.8,20791.8,
1730856600,20775.38,20808.82,20710.64,20716.59,
1730857200,20715.97,20772.22,20709.98,20731.44,
1730857800,20731.65,20789.05,20722.67,20776.63,
1730858400,20779.09,20859.66,20779.09,20826.57,
1730859000,20824.52,20849.33,20797.5,20830.81,
1730859600,20831.63,20838.13,20761.63,20767.09,
1730860200,20767.43,20770.27,20678.23,20693.09,
1730860800,20696.84,20711.23,20664.83,20686.87,
1730861400,20683.43,20683.43,20577.34,20577.68,
1730862000,20573.96,20573.96,20398.89,20434.68,
1730862600,20436.02,20441.15,20370.53,20440.82,
1730863200,20442.29,20486.37,20437.91,20469.43,
1730863800,20471.01,20516.01,20453.82,20514.56,
1730864400,20513.64,20540.39,20493.49,20505.53,
1730865000,20503.24,20504.88,20443.66,20459.33,
1730865600,20460.14,20460.14,20459.26,20459.26,
1730869200,20430.84,20443.99,20361.92,20414.13,
1730869800,20414.44,20470.99,20395.51,20442.49,
1730870400,20442.97,20455.83,20408.09,20408.09,
1730871000,20408.59,20490.56,20406.62,20464.64,
1730871600,20463.67,20597.8,20462.98,20597.8,
1730872200,20598.56,20637.82,20598.56,20602.42,
1730872800,20602.27,20621.68,20569.49,20581.25,
1730873400,20580.48,20624.76,20580.48,20587.09,
1730874000,20587.34,20596.93,20528.86,20530.3,
1730874600,20533.01,20534.35,20480.25,20482.75,
1730875200,20482.18,20484.44,20436.04,20466.35,
1730875800,20464.22,20483.05,20452.84,20472.05,
1730876400,20469.73,20482.11,20438.31,20457.87,
1730877000,20455.88,20455.88,20413.88,20446.01,
1730877600,20445.11,20456.01,20420.81,20453.44,
1730878200,20455.72,20497.25,20443.56,20475.76,
1730878800,20477.91,20490.86,20454.83,20487.69,
1730879400,20489.29,20535.46,20487.81,20529.34,
1730880000,20525.06,20538.38,20525.06,20538.38,
1730942400,20386.36,20386.36,20386.36,20386.36,
1730943000,20377.84,20492.45,20370.44,20471.81,
1730943600,20471.02,20528.72,20435.12,20526.03,
1730944200,20527.19,20536.74,20489.36,20536.74,
1730944800,20536.97,20822.83,20536.97,20760.71,
1730945400,20760.61,20764.33,20697.76,20753,
1730946000,20751.61,20751.61,20632.37,20638.93,
1730946600,20638.49,20664.14,20615.34,20664.14,
1730947200,20663.85,20701.32,20650.73,20667.92,
1730947800,20673.13,20739.5,20673.13,20734.95,
1730948400,20732.94,20738.77,20664.49,20679.23,
1730949000,20678.64,20712.3,20675.49,20706.18,
1730949600,20703.49,20727.05,20676.39,20725.99,
1730950200,20726.1,20742.77,20724.76,20737.91,
1730950800,20737.09,20753.49,20729.01,20749.1,
1730951400,20748.06,20778.42,20744.39,20774.44,
1730952000,20776,20776,20776,20776,
1730955600,20783.98,20828.05,20762.89,20828.05,
1730956200,20828.44,20828.97,20779.11,20782.93,
1730956800,20782.72,20792.7,20700.89,20701.74,
1730957400,20703.02,20752.17,20702.34,20749.35,
1730958000,20749.04,20814.13,20741.44,20809.42,
1730958600,20808.89,20869.06,20801.35,20862.78,
1730959200,20860.46,20905.03,20812.83,20816.47,
1730959800,20817.06,20848.54,20794.18,20814.6,
1730960400,20813.64,20869.81,20813.43,20849.6,
1730961000,20848.78,20868.16,20826.97,20863.37,
1730961600,20860.75,20881.67,20848.58,20880.47,
1730962200,20876.92,20902.95,20875.5,20898.99,
1730962800,20897.91,20951.06,20880.77,20947.61,
1730963400,20947.79,20986.31,20943.7,20958.95,
1730964000,20958.07,20969.74,20922.78,20922.96,
1730964600,20924.36,20968.96,20922.34,20960.81,
1730965200,20958.77,20973.43,20929.76,20931.74,
1730965800,20929.94,20954.99,20921.53,20934.22,
1730966400,20931.04,20953.34,20931.04,20953.34,
1731028800,21199.96,21199.96,21199.96,21199.96,
1731029400,21222.01,21355.44,21144.92,21188.07,
1731030000,21188.56,21189.88,21087.96,21136.34,
1731030600,21137.05,21204.69,21137.05,21140.2,
1731031200,21131.1,21143.22,21060.63,21063.98,
1731031800,21055.15,21133.7,21048.06,21129.27,
1731032400,21123.83,21130.13,21086.9,21088,
1731033000,21076.64,21100.06,20932.19,20955,
1731033600,20946.1,20975.41,20859.3,20933.92,
1731034200,20923.68,20989.19,20923.68,20964.6,
1731034800,20951.47,20979.77,20897.15,20913.17,
1731035400,20913.25,20952.72,20893.87,20898.34,
1731036000,20889.91,20907.15,20827.01,20827.01,
1731036600,20820.09,20837.8,20736.68,20771.92,
1731037200,20758.15,20770.43,20726.04,20733.65,
1731037800,20723.96,20785.36,20705.12,20778.95,
1731038400,20772.94,20772.94,20767.64,20767.64,
1731042000,20780.44,20822.16,20771.62,20791.38,
1731042600,20785.73,20869.67,20778.9,20869.6,
1731043200,20857.46,20911.78,20857.46,20886.73,
1731043800,20874.24,20902.35,20866.93,20890.88,
1731044400,20885.52,20914.84,20838.6,20868.91,
1731045000,20862.18,20896.85,20830.17,20836.63,
1731045600,20824,20850.31,20802.88,20842.02,
1731046200,20835.01,20853.08,20813.48,20813.83,
1731046800,20807.21,20821.5,20762,20803.07,
1731047400,20799.33,20843,20791.01,20795.15,
1731048000,20785.7,20797.58,20769.11,20786.93,
1731048600,20780.89,20810.82,20778.11,20806.58,
1731049200,20798.06,20834.86,20785.73,20788.66,
1731049800,20781.64,20788.47,20735.01,20745.44,
1731050400,20735.31,20782.34,20735.31,20779.41,
1731051000,20771.5,20796.64,20759.36,20794.37,
1731051600,20788.2,20797.53,20781.41,20786.58,
1731052200,20781.97,20805.1,20771.76,20803.12,
1731052800,20800.91,20800.91,20728.19,20728.19,
1731288000,20258.14,20258.14,20258.14,20258.14,
1731288600,20249.49,20384.88,20237.18,20271.91,
1731289200,20275.9,20317.24,20218.24,20229.62,
1731289800,20229.87,20314.69,20225.32,20225.63,
1731290400,20227.97,20247.95,20202.54,20225.45,
1731291000,20227.86,20283.85,20227.86,20243.81,
1731291600,20242.87,20242.87,20162.51,20177.65,
1731292200,20177.55,20213.22,20160.52,20160.99,
1731292800,20162.26,20231.24,20151.38,20228.17,
1731293400,20228.24,20274.09,20226.79,20256.9,
1731294000,20256.67,20284.91,20256.67,20284.91,
1731294600,20285.07,20299.46,20235.8,20235.8,
1731295200,20233.62,20321.15,20229.8,20319.69,
1731295800,20322.78,20328.51,20291.56,20292.8,
1731296400,20292.15,20304.04,20281.34,20286.89,
1731297000,20286.63,20291.53,20270.28,20287.97,
1731297600,20288.99,20288.99,20288.99,20288.99,
1731301200,20301.11,20338.59,20297.38,20334.97,
1731301800,20336.23,20395.41,20333.03,20369.5,
1731302400,20367.39,20410.98,20352.55,20397.83,
1731303000,20396.79,20402.42,20345.92,20347.97,
1731303600,20346.35,20353.67,20314.8,20349.22,
1731304200,20348.62,20379.22,20334.85,20338.35,
1731304800,20334.94,20357.42,20302.92,20354.08,
1731305400,20354,20387.21,20353.65,20384.88,
1731306000,20384.45,20446.49,20360.46,20445.97,
1731306600,20446.8,20505.01,20437.26,20442.22,
1731307200,20444.19,20459.48,20423.86,20438.47,
1731307800,20439.92,20441.95,20388.87,20403.97,
1731308400,20402.84,20405.91,20359.6,20364.08,
1731309000,20361.04,20371.43,20346.2,20350.46,
1731309600,20349.89,20388.37,20343.23,20388.37,
1731310200,20390.2,20402.46,20388.01,20393.12,
1731310800,20393.21,20394.1,20361.58,20371.15,
1731311400,20371.83,20396.47,20371.83,20389.82,
1731312000,20387.6,20426.93,20387.6,20426.93,
1731374400,20334.09,20334.09,20334.09,20334.09,
1731375000,20348.74,20359.78,20279.73,20349.39,
1731375600,20351.36,20517.24,20345.92,20413.99,
1731376200,20412.88,20431.97,20358.4,20385.67,
1731376800,20386.28,20386.28,20299.08,20331.49,
1731377400,20329.53,20341.93,20302.74,20312.65,
1731378000,20312.97,20355.79,20270.83,20279.66,
1731378600,20277.65,20293.54,20264.07,20265.15,
1731379200,20266.7,20267.49,20198.83,20201.89,
1731379800,20200.76,20211.59,20181.67,20194.72,
1731380400,20192.09,20224.9,20188,20198.54,
1731381000,20197.73,20209.44,20095.57,20100.05,
1731381600,20099.25,20148.08,20098.94,20146.87,
1731382200,20145.9,20151.76,20102.85,20113.12,
1731382800,20116.36,20119.27,20097.68,20100.98,
1731383400,20102.03,20104.9,20057.33,20073.15,
1731384000,20073.82,20073.82,20073.82,20073.82,
1731387600,20080.36,20080.36,19963.92,19965.39,
1731388200,19967.52,19992.18,19934.4,19934.4,
1731388800,19934.8,19937.62,19882.4,19884.62,
1731389400,19886.55,19915.72,19852.19,19856.54,
1731390000,19856.67,19875.65,19809.29,19866.59,
1731390600,19864.68,19902.91,19859.53,19880.09,
1731391200,19881.15,19881.15,19834.68,19836.92,
1731391800,19836.8,19840.89,19777.63,19780.12,
1731392400,19779.92,19840.07,19778.52,19814.9,
1731393000,19814.57,19825.97,19774.68,19775.95,
1731393600,19775.57,19823.09,19761.31,19812.78,
1731394200,19812.65,19822.12,19793.46,19817.21,
1731394800,19817.63,19860.1,19800.58,19802.97,
1731395400,19804.68,19812.56,19788.85,19800.02,
1731396000,19799.68,19831.39,19787.28,19798.29,
1731396600,19802.98,19822.61,19795.9,19801.95,
1731397200,19804.73,19824,19785.65,19824,
1731397800,19825.45,19840.09,19817.2,19822.26,
1731398400,19825.28,19846.88,19825.28,19846.88,
1731460800,19671.92,19671.92,19671.92,19671.92,
1731461400,19690.56,19723.92,19611.95,19643.99,
1731462000,19645.79,19725.13,19608.32,19718.48,
1731462600,19719.89,19727.29,19661.35,19668.31,
1731463200,19668.81,19749.46,19641.28,19749.46,
1731463800,19750.53,19762.7,19687.53,19689.22,
1731464400,19690.09,19695.7,19646.8,19648.33,
1731465000,19650.89,19687.32,19624.13,19627.32,
1731465600,19628.55,19666.08,19608.58,19645.36,
1731466200,19645.82,19720.35,19638.55,19717.07,
1731466800,19716.67,19748.68,19714.26,19742.18,
1731467400,19741.58,19763.4,19715.06,19736.17,
1731468000,19735.59,19739.8,19692.63,19720.22,
1731468600,19720.26,19743.17,19717.53,19738.17,
1731469200,19737.88,19740.11,19698.09,19702.48,
1731469800,19702.72,19721.73,19702.13,19721.73,
1731470400,19721.58,19721.58,19721.58,19721.58,
1731474000,19715.53,19722.8,19661.47,19722.48,
1731474600,19722.35,19723.14,19635.07,19641.28,
1731475200,19643.22,19662.34,19636.44,19645.64,
1731475800,19643.94,19686.79,19636.1,19675.05,
1731476400,19675.34,19695.49,19669.29,19691.63,
1731477000,19690.56,19711.44,19689.11,19708.35,
1731477600,19708.56,19768.25,19703.04,19757.1,
1731478200,19756.03,19756.03,19704.45,19705.23,
1731478800,19705.64,19739.04,19705.34,19712.42,
1731479400,19712.36,19744.73,19686.23,19742.06,
1731480000,19743.79,19764.15,19723.64,19726.04,
1731480600,19724.67,19753.96,19720.48,19734.44,
1731481200,19735.73,19761.62,19723.9,19757.74,
1731481800,19757.06,19759.19,19721.98,19739.91,
1731482400,19738.31,19802.56,19735.62,19793.2,
1731483000,19788.74,19810.13,19756.75,19808.01,
1731483600,19803.64,19837.94,19803.27,19825.21,
1731484200,19825.62,19840.28,19810.04,19826.51,
1731484800,19830.33,19830.33,19823.45,19823.45,
1731547200,19626.26,19626.26,19626.26,19626.26,
1731547800,19627.5,19794.76,19627.5,19750.91,
1731548400,19752.06,19859.17,19744.28,19856.31,
1731549000,19854.61,19854.61,19774.06,19787.49,
1731549600,19788.56,19788.56,19675.78,19677,
1731550200,19678.21,19702.22,19660.01,19679.75,
1731550800,19681.07,19710.97,19644.79,19685.76,
1731551400,19684.56,19732.53,19683.68,19698.75,
1731552000,19697.44,19698.4,19613.99,19616.76,
1731552600,19619.53,19644.53,19611.13,19640.57,
1731553200,19641.94,19690.21,19636.37,19687.1,
1731553800,19688.13,19741.12,19683.14,19684.57,
1731554400,19682.96,19710.23,19669.87,19686.07,
1731555000,19686.63,19686.63,19651.49,19656.62,
1731555600,19657.8,19660.61,19621.7,19647.86,
1731556200,19648.17,19652.7,19641.28,19650.64,
1731556800,19649.91,19649.91,19649.91,19649.91,
1731560400,19654.71,19665.38,19555.61,19560.14,
1731561000,19558.74,19558.83,19514.51,19526.05,
1731561600,19523.11,19575.11,19523.11,19555.13,
1731562200,19554.64,19560.08,19524.13,19549.27,
1731562800,19549.81,19584.87,19542.63,19576.74,
1731563400,19575.45,19575.45,19521.98,19542.22,
1731564000,19541.93,19544.35,19482.3,19508.97,
1731564600,19510.02,19521.76,19476.09,19479.07,
1731565200,19480.13,19490.49,19441.02,19468.78,
1731565800,19469.45,19482.06,19438.48,19440.64,
1731566400,19441.42,19452.63,19415.43,19419.8,
1731567000,19418.55,19426.91,19395.04,19425.96,
1731567600,19424.16,19458.47,19411.2,19428.92,
1731568200,19429.73,19443.76,19392.59,19439.33,
1731568800,19439.96,19448.67,19427.2,19444.62,
1731569400,19439.87,19447.02,19428.03,19432.89,
1731570000,19436.49,19451.67,19427.64,19448.34,
1731570600,19447.75,19465.45,19428.18,19430.87,
1731571200,19431.95,19435.81,19431.95,19435.81,
1731633600,19503.03,19503.03,19503.03,19503.03,
1731634200,19546.33,19585.06,19421.02,19445.42,
1731634800,19436.56,19458.15,19358.08,19384.83,
1731635400,19374.1,19514.04,19332.34,19455.18,
1731636000,19438.77,19565.5,19438.77,19560.54,
1731636600,19549.12,19607.81,19535.02,19570.25,
1731637200,19556.63,19585.96,19511.34,19512.65,
1731637800,19498.77,19507.97,19452.97,19475.24,
1731638400,19468.3,19588.25,19468.3,19568.73,
1731639000,19556.06,19608.24,19554.12,19607.95,
1731639600,19600.98,19606.08,19546.16,19565.26,
1731640200,19554.26,19590.18,19546.04,19549.77,
1731640800,19540.57,19551.3,19524.22,19543.83,
1731641400,19534.39,19543.11,19528.82,19539.66,
1731642000,19528.63,19535.44,19510.87,19517.06,
1731642600,19511.26,19519.82,19484.5,19495.8,
1731643200,19486.97,19486.97,19486.97,19486.97,
1731646800,19500.4,19554.64,19473.16,19520.54,
1731647400,19509.05,19570.02,19507.24,19570.02,
1731648000,19556.17,19600.15,19550.85,19575.11,
1731648600,19566.03,19569.87,19525.67,19530.1,
1731649200,19520.02,19529.86,19502.38,19524.89,
1731649800,19512.51,19548.85,19512.51,19547.59,
1731650400,19533.12,19561.85,19531.34,19534.26,
1731651000,19522.61,19554.06,19521.25,19541.19,
1731651600,19531.82,19538.98,19486.78,19490.38,
1731652200,19477.43,19501.55,19437.37,19494.64,
1731652800,19483.63,19488.49,19463.85,19464.96,
1731653400,19455.8,19477.62,19451.2,19457.19,
1731654000,19448.83,19468.01,19430.64,19453.01,
1731654600,19444.13,19477.7,19444.13,19470.77,
1731655200,19461.55,19474.33,19437.39,19448.42,
1731655800,19437.7,19460.57,19437.11,19441.22,
1731656400,19431.2,19460.32,19431.2,19454.22,
1731657000,19442.95,19458.6,19430.06,19447.53,
1731657600,19432.6,19432.6,19426.34,19426.34,
1731892800,19595.5,19595.5,19595.5,19595.5,
1731893400,19627.11,19674.81,19564.5,19567.92,
1731894000,19571,19589.92,19470.43,19510.93,
1731894600,19511.56,19613.59,19504.52,19581.33,
1731895200,19581.24,19635.25,19529.08,19634.92,
1731895800,19633.09,19747.83,19629.8,19743.76,
1731896400,19744.63,19757.25,19713.01,19744.9,
1731897000,19748.25,19781.08,19723.38,19747.36,
1731897600,19744.67,19745.45,19680.12,19685.43,
1731898200,19686.2,19728,19686.2,19724.92,
1731898800,19725.06,19729.3,19665.9,19705.44,
1731899400,19706.06,19725.45,19684.93,19687.11,
1731900000,19686.72,19737.99,19686.41,19722.28,
1731900600,19718.41,19726.94,19692.45,19692.45,
1731901200,19691.92,19694.87,19650.54,19662.43,
1731901800,19659.84,19664.09,19644.96,19655.89,
1731902400,19655.58,19655.58,19655.58,19655.58,
1731906000,19663.77,19663.77,19627.37,19651.76,
1731906600,19650.61,19650.61,19585.62,19621.75,
1731907200,19620.69,19641.2,19592.39,19603.54,
1731907800,19603.43,19603.43,19571.28,19580.68,
1731908400,19579.36,19605.76,19574.33,19590.5,
1731909000,19591.28,19602.19,19579.84,19579.84,
1731909600,19580.67,19585.71,19511.65,19515.83,
1731910200,19514.9,19557.44,19508.1,19533.77,
1731910800,19535.36,19574.66,19529,19548.68,
1731911400,19550.26,19564.02,19523.37,19537.8,
1731912000,19538.24,19544.34,19525.26,19544.34,
1731912600,19547.99,19578.39,19545.82,19575.44,
1731913200,19578.14,19591.16,19568.5,19584.05,
1731913800,19586.65,19595.7,19572.87,19595.7,
1731914400,19595.85,19597.33,19556.43,19564.01,
1731915000,19563.52,19581.86,19552.99,19558.54,
1731915600,19558.67,19568.91,19552.61,19561.72,
1731916200,19559.95,19587.05,19558.16,19574.69,
1731916800,19575.39,19576.61,19575.39,19576.61,
1731979200,19699.81,19699.81,19699.81,19699.81,
1731979800,19757.12,19758.57,19675.31,19706.62,
1731980400,19706.93,19742.57,19677.89,19691.98,
1731981000,19690.3,19737.15,19659.37,19696.8,
1731981600,19695.02,19724.71,19633.64,19645.66,
1731982200,19644.67,19664.97,19634.18,19643.68,
1731982800,19642.12,19644.61,19605.95,19632.55,
1731983400,19633.46,19638,19584.11,19589.46,
1731984000,19590.01,19613.26,19565.82,19608.88,
1731984600,19608.13,19649.38,19607.19,19645.14,
1731985200,19645.62,19656.03,19614.62,19619.81,
1731985800,19620.21,19629.27,19601.5,19628.93,
1731986400,19628.19,19644.55,19624.76,19634.57,
1731987000,19636.58,19648.23,19631.96,19639.22,
1731987600,19641.35,19641.56,19623.33,19632.85,
1731988200,19632.21,19642.89,19626.65,19640.54,
1731988800,19640.74,19640.74,19640.74,19640.74,
1731992400,19638,19638,19596.31,19611.61,
1731993000,19609.49,19628.04,19589.88,19589.88,
1731993600,19591.22,19610.55,19590.02,19596.78,
1731994200,19596.29,19597.34,19548.86,19566.7,
1731994800,19570.04,19580.97,19549.35,19552.19,
1731995400,19552.3,19615,19522.59,19615,
1731996000,19614,19635.14,19598.58,19622.54,
1731996600,19621.68,19635.88,19598.51,19635.88,
1731997200,19633.93,19693.19,19633.93,19680.74,
1731997800,19679.35,19704.41,19660.08,19677.8,
1731998400,19675.01,19675.01,19637.36,19657.43,
1731999000,19659.1,19664.11,19645.11,19649.93,
1731999600,19650.28,19661.96,19644.08,19659.65,
1732000200,19657.31,19660.17,19626.07,19647.59,
1732000800,19650.08,19659.04,19646.5,19647.77,
1732001400,19646.08,19654.44,19640.78,19641.1,
1732002000,19644.04,19661.81,19638.47,19654.2,
1732002600,19652.64,19662.22,19640.69,19648.7,
1732003200,19651.75,19663.67,19651.75,19663.67,
1732065600,19623.39,19623.39,19623.39,19623.39,
1732066200,19616.5,19742.74,19606.06,19718.17,
1732066800,19719.15,19722.1,19623.96,19623.96,
1732067400,19624.71,19624.71,19575.91,19622.53,
1732068000,19622.15,19655.14,19611,19615.21,
1732068600,19616.64,19688.24,19613.05,19667.09,
1732069200,19665.7,19672.45,19622.18,19643.7,
1732069800,19643.49,19656.91,19592.62,19609.86,
1732070400,19610.32,19624.39,19608.33,19610.83,
1732071000,19613.51,19645.54,19607.84,19635.22,
1732071600,19637.84,19674.9,19636.46,19649.35,
1732072200,19647.1,19649.67,19623.05,19641.11,
1732072800,19642.27,19678.98,19639.78,19668.74,
1732073400,19671.05,19684.15,19659.98,19671.41,
1732074000,19672.37,19679.06,19659.16,19661.05,
1732074600,19661.81,19662.18,19633.82,19642.36,
1732075200,19641.05,19641.05,19641.05,19641.05,
1732078800,19647.43,19654.71,19623.25,19649.67,
1732079400,19651.31,19752.93,19647.78,19710.28,
1732080000,19709.69,19711.13,19684.42,19693.31,
1732080600,19692.41,19692.41,19645.75,19653.41,
1732081200,19653.65,19655.02,19612.12,19622.38,
1732081800,19620.32,19646.78,19620.32,19639.62,
1732082400,19637.22,19645.43,19614.54,19641.35,
1732083000,19641.5,19642.56,19628.79,19633.62,
1732083600,19636.04,19673.56,19630.21,19672.67,
1732084200,19672.21,19691.52,19668.67,19688.99,
1732084800,19690.18,19717.9,19683.16,19701.8,
1732085400,19700.82,19702.66,19683.4,19695.57,
1732086000,19691.9,19707.55,19689.23,19698.78,
1732086600,19700.23,19716.66,19692.05,19710.41,
1732087200,19711.13,19716.39,19700.87,19710.62,
1732087800,19711.25,19718.07,19697.78,19706.7,
1732088400,19705.89,19709.28,19693.25,19698.65,
1732089000,19696.23,19709.84,19692.32,19702.54,
1732089600,19702.79,19705.01,19702.79,19705.01,
1732152000,19646.04,19646.04,19646.04,19646.04,
1732152600,19634.9,19708.24,19607.13,19687.42,
1732153200,19687.61,19737.12,19638.05,19685.77,
1732153800,19681.84,19689.91,19646.23,19659.83,
1732154400,19661,19695.92,19638.08,19688.43,
1732155000,19683.65,19687.84,19644.51,19662.54,
1732155600,19662.66,19764.62,19662.66,19737.79,
1732156200,19738.93,19764.35,19730.88,19733.43,
1732156800,19730.99,19730.99,19643.31,19652.12,
1732157400,19651.19,19675.16,19648.56,19667.58,
1732158000,19660.85,19678.97,19654.61,19660.93,
1732158600,19661.65,19692.08,19661.65,19680.04,
1732159200,19678.99,19693.57,19666.28,19670.01,
1732159800,19670.29,19671.85,19659.68,19669.07,
1732160400,19668.31,19688.25,19662.56,19667.77,
1732161000,19669.37,19681.44,19663.27,19681.05,
1732161600,19680.23,19680.23,19680.23,19680.23,
1732165200,19673.5,19673.5,19638.98,19644.51,
1732165800,19644.9,19669.85,19642.5,19658.47,
1732166400,19657.82,19685.51,19645.18,19668.83,
1732167000,19667.31,19671.86,19642.76,19655.48,
1732167600,19654.95,19664.14,19649.12,19663.41,
1732168200,19662.95,19662.95,19628.14,19630.56,
1732168800,19629.15,19629.15,19605.09,19611.53,
1732169400,19612.54,19631.38,19607.14,19622.41,
1732170000,19622.86,19647.48,19622.71,19644.5,
1732170600,19647.9,19651.25,19634.03,19644.05,
1732171200,19643.5,19647.28,19631.11,19631.11,
1732171800,19633.42,19645.55,19628.16,19645.55,
1732172400,19645.26,19662.98,19644.3,19653.25,
1732173000,19653.09,19655.37,19636.56,19642.62,
1732173600,19644.48,19649.24,19552.5,19576.49,
1732174200,19576.78,19611.07,19576.78,19597.23,
1732174800,19596.15,19630.64,19591.82,19622.03,
1732175400,19626.27,19632.05,19610.41,19616.02,
1732176000,19613.15,19613.15,19601.11,19601.11,
1732238400,19613.55,19613.55,19613.55,19613.55,
1732239000,19605.19,19711.4,19600,19655.49,
1732239600,19644.22,19690.74,19644.22,19688.31,
1732240200,19679.69,19701.45,19594.38,19597.35,
1732240800,19587.52,19669.94,19587.52,19633.33,
1732241400,19616.49,19618.65,19546.08,19565.12,
1732242000,19556.67,19570.53,19545.82,19549.54,
1732242600,19543.11,19606.52,19514.03,19604.77,
1732243200,19590.54,19612.81,19580.25,19592.49,
1732243800,19584.14,19600.32,19566.29,19583.9,
1732244400,19572.79,19586.67,19570.31,19577.99,
1732245000,19568.6,19606.65,19567.44,19578.98,
1732245600,19568.11,19577.63,19463.42,19463.42,
1732246200,19454.47,19466.62,19379.56,19386.79,
1732246800,19375.51,19383.08,19317.85,19359.05,
1732247400,19343.35,19362.8,19339.17,19357.96,
1732248000,19343.91,19343.91,19343.91,19343.91,
1732251600,19346.96,19381.08,19327.02,19379.23,
1732252200,19368.45,19381.77,19267.93,19268.84,
1732252800,19256.49,19315.22,19256.49,19315.22,
1732253400,19303.45,19327.76,19296.03,19298.09,
1732254000,19289.01,19308.91,19265.54,19305.23,
1732254600,19293.17,19325.81,19273.73,19274.16,
1732255200,19264.71,19278.68,19249.93,19265.24,
1732255800,19253.94,19271.09,19246.41,19262.94,
1732256400,19250.16,19300.81,19245.93,19300.81,
1732257000,19285.97,19300.78,19230.84,19236.55,
1732257600,19228.33,19243.2,19204.52,19208.18,
1732258200,19198.59,19202.45,19172,19184.44,
1732258800,19175.79,19194.71,19134.59,19143.4,
1732259400,19134.89,19182.41,19134.89,19168.69,
1732260000,19155.35,19191.86,19155.35,19189.12,
1732260600,19178.69,19221.46,19178.69,19217.05,
1732261200,19204.96,19245.25,19204.96,19233.62,
1732261800,19225.81,19253.32,19222.77,19224.63,
1732262400,19211.17,19229.97,19211.17,19229.97,
1732497600,19307.34,19307.34,19307.34,19307.34,
1732498200,19346.38,19351.06,19264.93,19312.65,
1732498800,19309.58,19331.55,19245.93,19265.97,
1732499400,19263.95,19265.81,19217.5,19222.91,
1732500000,19227.26,19294.56,19226.31,19246.31,
1732500600,19244.99,19328.29,19242.46,19294.08,
1732501200,19293.44,19301.07,19236.96,19290.02,
1732501800,19288.97,19317.55,19268.79,19282.8,
1732502400,19284.35,19284.35,19239.26,19241.52,
1732503000,19240.62,19261.9,19234.8,19240.04,
1732503600,19238.56,19241.99,19158.83,19163.56,
1732504200,19162.85,19223,19154.92,19201.49,
1732504800,19202.61,19214.29,19159.55,19160.18,
1732505400,19160.7,19168.14,19110.49,19138.24,
1732506000,19136.55,19139.02,19102.7,19125.25,
1732506600,19124,19136.72,19122.89,19133.09,
1732507200,19131.82,19131.82,19131.82,19131.82,
1732510800,19125.52,19170.44,19102.06,19170.44,
1732511400,19169.36,19196.32,19137.8,19142.37,
1732512000,19144.23,19174,19141.37,19170.28,
1732512600,19170.5,19180.95,19154.21,19165.81,
1732513200,19166.31,19169.42,19126.6,19134.25,
1732513800,19133.13,19161.46,19133.13,19150.84,
1732514400,19150.08,19152.85,19126.48,19141.68,
1732515000,19138.69,19152.61,19119.32,19125.21,
1732515600,19124.27,19202.56,19121.84,19176.01,
1732516200,19173,19175.47,19146.11,19169.95,
1732516800,19173.07,19202.18,19173.07,19198.61,
1732517400,19196.69,19197.37,19173.43,19184.96,
1732518000,19185.54,19210.83,19182.15,19197.05,
1732518600,19196.81,19201.3,19166.22,19187.89,
1732519200,19187.81,19188.31,19159.4,19167.95,
1732519800,19169.55,19169.55,19142.49,19145.77,
1732520400,19145.99,19166.14,19141.63,19155.33,
1732521000,19157.91,19167.99,19143.63,19159.55,
1732521600,19160.49,19160.49,19150.99,19150.99,
1732584000,19054.4,19054.4,19054.4,19054.4,
1732584600,19078.76,19190.13,19070.77,19160.32,
1732585200,19160,19203.08,19127.72,19182.49,
1732585800,19183.57,19186.74,19142.15,19151.01,
1732586400,19151.3,19295.75,19146.26,19247.99,
1732587000,19245.71,19276.91,19233.35,19276.12,
1732587600,19275.3,19284.95,19245.69,19245.69,
1732588200,19243.84,19243.84,19208.2,19225.81,
1732588800,19224.41,19250.35,19211.67,19227.81,
1732589400,19228.82,19242.16,19190.11,19190.11,
1732590000,19189.63,19226.79,19189.63,19222.67,
1732590600,19223.33,19248.35,19215.4,19244.63,
1732591200,19244.31,19283.74,19239.63,19271.78,
1732591800,19270.45,19272.42,19240.46,19245.7,
1732592400,19245.57,19256.72,19233.24,19250.64,
1732593000,19252.49,19256.87,19232.07,19247.08,
1732593600,19244.63,19244.63,19244.63,19244.63,
1732597200,19240.78,19257.36,19219.19,19237.28,
1732597800,19237.42,19237.66,19215.3,19218.1,
1732598400,19215.86,19223.23,19196.53,19201.96,
1732599000,19198.79,19232.45,19197.06,19197.06,
1732599600,19198.8,19206.89,19159.48,19159.48,
1732600200,19161.37,19161.85,19136.18,19152.37,
1732600800,19153.18,19176.36,19137.15,19170.25,
1732601400,19169.19,19183.13,19159.81,19169.61,
1732602000,19167.88,19178.65,19158.99,19172.69,
1732602600,19184.18,19189.26,19148.6,19159.96,
1732603200,19160.71,19179.93,19151.09,19161.25,
1732603800,19162.13,19169.31,19147.23,19161.4,
1732604400,19160.62,19172.14,19146.89,19169.54,
1732605000,19169.19,19174.62,19150.08,19156.28,
1732605600,19156.68,19161.87,19144.26,19147.82,
1732606200,19149.47,19157.78,19132.14,19143.01,
1732606800,19143.11,19150.55,19122.4,19141.68,
1732607400,19141.58,19152.67,19136.01,19144.58,
1732608000,19144.97,19159.2,19144.97,19159.2,
1732670400,19187.05,19187.05,19187.05,19187.05,
1732671000,19168.47,19202.01,19150.94,19170.87,
1732671600,19172.14,19227.82,19159.91,19175.72,
1732672200,19177.31,19204.21,19153.34,19155.79,
1732672800,19155.68,19155.68,19061.6,19086.76,
1732673400,19090.7,19173.07,19089.52,19145.92,
1732674000,19146.9,19211.8,19137.19,19197.47,
1732674600,19198.03,19205.13,19145.72,19146.56,
1732675200,19147.42,19238.45,19146.03,19236.64,
1732675800,19238.69,19284.52,19228.12,19256.86,
1732676400,19256.13,19275.65,19230.82,19231.84,
1732677000,19230.32,19235.7,19211.52,19211.52,
1732677600,19209.88,19243.86,19206.32,19240.8,
1732678200,19239.76,19248.1,19230.43,19235.01,
1732678800,19232.81,19260.2,19216.9,19259.42,
1732679400,19259.56,19260.62,19229.58,19239.51,
1732680000,19239.85,19239.85,19239.85,19239.85,
1732683600,19242.45,19263.35,19218.79,19263.35,
1732684200,19262.48,19269.12,19227.12,19245.14,
1732684800,19244.75,19250.6,19225.8,19237.55,
1732685400,19236.74,19278.99,19229.3,19264.85,
1732686000,19262.86,19276.49,19251.48,19257.09,
1732686600,19259.12,19267.28,19241.22,19255.24,
1732687200,19256.24,19290.06,19252.57,19278.92,
1732687800,19277.21,19358.6,19275.12,19356.62,
1732688400,19356.36,19404.59,19331.87,19402.21,
1732689000,19404.38,19435.02,19403.03,19425.51,
1732689600,19422.46,19448.3,19405.74,19439.13,
1732690200,19437.99,19485.29,19424.93,19485.29,
1732690800,19484.37,19602.79,19484.37,19598.76,
1732691400,19599.98,19655.15,19567.02,19653.49,
1732692000,19658.88,19660.99,19596.76,19621.1,
1732692600,19621.31,19621.31,19583.38,19615.54,
1732693200,19613.65,19613.65,19587.46,19605.41,
1732693800,19603.42,19614.82,19584.61,19613.07,
1732694400,19615.07,19615.07,19603.13,19603.13,
1732756800,19558.18,19558.18,19558.18,19558.18,
1732757400,19530.49,19530.49,19437.04,19515.53,
1732758000,19530.1,19554.59,19487.33,19523.3,
1732758600,19533.12,19533.2,19427.39,19455.6,
1732759200,19468.76,19468.76,19373.07,19421.93,
1732759800,19430.05,19430.51,19388.4,19401.98,
1732760400,19417.19,19421.32,19382.73,19400.86,
1732761000,19409.97,19416.52,19345.7,19350.52,
1732761600,19370.06,19419.73,19361.11,19418.53,
1732762200,19428.02,19436.65,19397.98,19433.76,
1732762800,19443.13,19443.13,19352.51,19364.96,
1732763400,19379.6,19379.6,19315.21,19336.16,
1732764000,19348.53,19348.53,19312.26,19333.33,
1732764600,19343.44,19345.04,19322.2,19331.37,
1732765200,19343.27,19353.08,19327.94,19346.37,
1732765800,19358.62,19358.62,19323.36,19332.01,
1732766400,19344.07,19344.07,19344.07,19344.07,
1732770000,19334.28,19349.65,19325.18,19346.58,
1732770600,19354.58,19362.59,19327.98,19327.98,
1732771200,19337.51,19383.53,19323.53,19383.15,
1732771800,19394.72,19399.83,19372.61,19391.36,
1732772400,19400.38,19403.58,19368.43,19393.34,
1732773000,19405.29,19409.22,19368.65,19379.63,
1732773600,19388.32,19388.32,19361.86,19373.19,
1732774200,19379.41,19393.73,19376.03,19390.88,
1732774800,19397.14,19397.14,19357.67,19361.45,
1732775400,19373.63,19376.09,19353.79,19359.1,
1732776000,19369.77,19369.77,19334.89,19337.47,
1732776600,19349.57,19350.96,19334.72,19343.03,
1732777200,19350.59,19351.67,19339.08,19346.12,
1732777800,19358.66,19361.4,19340.86,19352.98,
1732778400,19362.18,19362.18,19336.45,19349.51,
1732779000,19358.73,19366.71,19345.07,19362.52,
1732779600,19369.94,19369.94,19350.27,19359.35,
1732780200,19369.99,19374.53,19358.2,19366.12,
1732780800,19365.23,19366.96,19365.23,19366.96,
1732843200,19346.62,19346.62,19346.62,19346.62,
1732843800,19392.75,19467.78,19384.97,19409.76,
1732844400,19403.25,19453.62,19385.58,19433.43,
1732845000,19418.05,19418.24,19360.58,19372.91,
1732845600,19363.91,19371.14,19349.32,19354.36,
1732846200,19354.26,19389.68,19347.97,19347.97,
1732846800,19337.18,19365.64,19321.18,19352.27,
1732847400,19340.05,19351.65,19321.4,19324.85,
1732848000,19312.41,19360.87,19312.41,19352.72,
1732848600,19339.22,19401.05,19317.73,19401.05,
1732849200,19385.21,19466.87,19385.21,19414.14,
1732849800,19402,19473.52,19402,19458.02,
1732850400,19447.33,19579.88,19447.33,19571.37,
1732851000,19558.24,19612.78,19557.9,19562.65,
1732851600,19552.42,19593.34,19552.42,19579.61,
1732852200,19564.8,19638.38,19564.8,19632.91,
1732852800,19625.01,19625.01,19616.44,19616.44,
1732856400,19621.62,19658.2,19586.28,19590.47,
1732857000,19578.3,19584.52,19515.19,19517.98,
1732857600,19504.59,19512.2,19474.47,19494.91,
1732858200,19483.24,19491.82,19445.88,19478.34,
1732858800,19467.16,19492.62,19454.05,19454.57,
1732859400,19455.9,19457.5,19422.08,19433.99,
1732860000,19434.55,19444.64,19413.42,19435.72,
1732860600,19435.29,19439.55,19313.46,19338.24,
1732861200,19339.8,19363.4,19337.94,19359.69,
1732861800,19361.81,19404.72,19361.29,19379.33,
1732862400,19368.92,19385.75,19368.43,19380.23,
1732863000,19378.72,19388.93,19369,19373.5,
1732863600,19362.11,19412.68,19362.11,19409.29,
1732864200,19408.28,19409.78,19389.05,19404.15,
1732864800,19406,19417.94,19389.66,19416.3,
1732865400,19403.74,19418.4,19397.3,19415.25,
1732866000,19403.25,19428.4,19403.25,19418.46,
1732866600,19408.08,19424.25,19403.05,19414.94,
1732867200,19415.21,19423.61,19415.21,19423.61,
1733102400,19442.31,19442.31,19442.31,19442.31,
1733103000,19407.65,19502.04,19387.2,19498.76,
1733103600,19496.19,19611.94,19488.5,19587.99,
1733104200,19589.57,19690.22,19568.01,19673.21,
1733104800,19677.58,19689.99,19586.2,19594.65,
1733105400,19595.74,19612.33,19549.19,19553.97,
1733106000,19554.84,19568.85,19519.41,19552.84,
1733106600,19553.72,19586.39,19527.51,19530.14,
1733107200,19527.96,19529.65,19467.41,19468.65,
1733107800,19467.7,19475.37,19455.27,19471.65,
1733108400,19472.35,19475.69,19437.59,19475.28,
1733109000,19475.23,19489.34,19447.34,19461.2,
1733109600,19461.53,19479.95,19448.08,19475.87,
1733110200,19477.32,19482.52,19451.46,19464.51,
1733110800,19463.33,19466.52,19454.62,19463.15,
1733111400,19461.74,19469.44,19454.61,19469.44,
1733112000,19468.27,19468.27,19468.27,19468.27,
1733115600,19472.61,19475.69,19418.72,19419.22,
1733116200,19419.05,19434.77,19404.14,19430.15,
1733116800,19431.45,19457.83,19419.51,19454.27,
1733117400,19453.72,19484.17,19442,19479.91,
1733118000,19478.75,19508.82,19478.75,19502.24,
1733118600,19501.96,19540.33,19490.46,19497.65,
1733119200,19496.12,19496.94,19470.88,19471.9,
1733119800,19472.24,19475.44,19455.7,19459.99,
1733120400,19459.72,19465.48,19442.91,19445.98,
1733121000,19446.88,19472.84,19446.54,19466.88,
1733121600,19470.54,19500.61,19469.76,19499.47,
1733122200,19500.1,19519.93,19499.28,19511.78,
1733122800,19513.53,19549.34,19508.58,19549.31,
1733123400,19549.21,19605,19540.43,19552.97,
1733124000,19553.28,19573.63,19552.7,19563.83,
1733124600,19564.98,19577.44,19556.67,19569.36,
1733125200,19569.45,19571.26,19533.69,19538.88,
1733125800,19540.15,19542.02,19525.22,19533.44,
1733126400,19532.19,19550.29,19532.19,19550.29,
1733188800,19585.35,19585.35,19585.35,19585.35,
1733189400,19549.62,19585.05,19529.51,19555.57,
1733190000,19553.52,19611.6,19527.63,19607.11,
1733190600,19607.15,19607.15,19517.96,19517.96,
1733191200,19519.09,19519.09,19469.45,19473.49,
1733191800,19473.11,19480.53,19427.89,19442.74,
1733192400,19446.92,19466.33,19433.1,19453.15,
1733193000,19451.81,19452.29,19386.82,19431.07,
1733193600,19434.31,19486.14,19414.76,19470.04,
1733194200,19469.45,19513.65,19468.58,19485.2,
1733194800,19482.86,19506.93,19473.33,19490.65,
1733195400,19489.35,19537.57,19478.9,19537.57,
1733196000,19535.71,19558.53,19515.96,19551.18,
1733196600,19553.07,19612.14,19551,19591.07,
1733197200,19592.02,19642.15,19589.36,19641.05,
1733197800,19640.55,19645.79,19615.42,19625.49,
1733198400,19619.91,19619.91,19619.91,19619.91,
1733202000,19618.83,19618.83,19572.86,19586.55,
1733202600,19588.17,19588.17,19552.14,19569.56,
1733203200,19571.37,19590.72,19562.67,19565.9,
1733203800,19566.35,19569.55,19522.46,19554.77,
1733204400,19554.88,19599.98,19554.78,19595.99,
1733205000,19596.74,19615.75,19594.82,19611.63,
1733205600,19614.17,19748.3,19614.17,19731.41,
1733206200,19732.66,19768.32,19690.12,19691.14,
1733206800,19688.95,19704.6,19667.92,19700.92,
1733207400,19698.92,19710.55,19688.26,19707.63,
1733208000,19706.71,19709.73,19665.06,19677.24,
1733208600,19679.08,19687.48,19662.28,19666.4,
1733209200,19664.21,19668.1,19630.57,19667.18,
1733209800,19666.51,19687.81,19663.87,19683.7,
1733210400,19684.93,19715.33,19682.8,19712.15,
1733211000,19709.99,19734.63,19703.93,19710.55,
1733211600,19709.65,19713.02,19692.61,19694.72,
1733212200,19692.75,19704.19,19687.98,19692.27,
1733212800,19694.44,19746.32,19694.44,19746.32,
1733275200,19722.15,19722.15,19722.15,19722.15,
1733275800,19704.49,19733,19660.66,19697.39,
1733276400,19697.77,19704.88,19649.91,19649.91,
1733277000,19648.57,19651.54,19615.61,19638.97,
1733277600,19636.07,19691.11,19636.07,19681.3,
1733278200,19681.99,19707.3,19645.22,19651.31,
1733278800,19652,19713.46,19652,19713.44,
1733279400,19714.41,19823.09,19713.83,19802.26,
1733280000,19804.16,19807.78,19744.11,19759.32,
1733280600,19759.33,19779.4,19737.73,19772.46,
1733281200,19771.2,19797.29,19754.44,19797.29,
1733281800,19794.99,19820.25,19769.51,19811.17,
1733282400,19810.14,19810.14,19763.12,19765.71,
1733283000,19766.14,19783.38,19752.77,19783.38,
1733283600,19782.97,19783.68,19751.46,19756.71,
1733284200,19757.29,19770.1,19754.01,19762.42,
1733284800,19762.8,19762.8,19762.8,19762.8,
1733288400,19775.15,19793.87,19752.75,19778.08,
1733289000,19778.77,19812.9,19752.49,19806.91,
1733289600,19807.32,19819.28,19787.16,19791.33,
1733290200,19793.36,19806.91,19766.41,19800.59,
1733290800,19802.03,19818.09,19786.74,19788.52,
1733291400,19788.2,19793.53,19773.02,19793.53,
1733292000,19793.44,19800.76,19767.49,19770.98,
1733292600,19771.16,19773.32,19727.77,19730.92,
1733293200,19731.35,19755.97,19699.08,19709.89,
1733293800,19710.96,19734.17,19704.72,19731.71,
1733294400,19732.71,19737.83,19704.88,19720.19,
1733295000,19720.66,19758.65,19719.75,19758.65,
1733295600,19757.31,19773.78,19753.01,19768.64,
1733296200,19768.16,19774.25,19753.33,19755.8,
1733296800,19756.98,19757.12,19726,19735.69,
1733297400,19733.11,19774.21,19730.78,19754.93,
1733298000,19752.62,19769.26,19739.93,19748.75,
1733298600,19748.52,19751.9,19725.63,19735.2,
1733299200,19733.99,19742.46,19733.99,19742.46,
1733361600,19578.66,19578.66,19578.66,19578.66,
1733362200,19559.64,19627.96,19555.27,19613.24,
1733362800,19611.29,19642.73,19588.33,19599.09,
1733363400,19596.94,19607.7,19501.43,19529.5,
1733364000,19530.38,19530.55,19466.69,19524.58,
1733364600,19523.27,19531.08,19498.4,19520.83,
1733365200,19521.02,19545.44,19506.36,19514.93,
1733365800,19515.65,19563.74,19508.39,19563.54,
1733366400,19564.23,19591.35,19546.58,19546.58,
1733367000,19543.77,19556.67,19530.57,19535.57,
1733367600,19535.66,19561.72,19523.29,19538.26,
1733368200,19539.04,19541.35,19505.32,19518.25,
1733368800,19520.36,19558.7,19518.19,19554.04,
1733369400,19551.17,19561.46,19537.44,19550.42,
1733370000,19551,19555.87,19545.21,19549.81,
1733370600,19550.69,19552.98,19536.15,19542.16,
1733371200,19547.01,19547.01,19547.01,19547.01,
1733374800,19540.03,19556.62,19528.33,19546.08,
1733375400,19546.12,19560.89,19525.03,19537.7,
1733376000,19538.67,19538.94,19507.44,19518.25,
1733376600,19519.13,19525.74,19506.95,19511.52,
1733377200,19513.69,19542.89,19510.44,19541.56,
1733377800,19541.94,19545.11,19519.47,19536.22,
1733378400,19537.55,19539.47,19493.62,19516.69,
1733379000,19515.74,19531.07,19513.91,19518.66,
1733379600,19518.52,19521.37,19491.97,19498.75,
1733380200,19500.01,19525.73,19496.39,19522.41,
1733380800,19521.21,19533.06,19510.81,19514.6,
1733381400,19513.92,19537.04,19506.56,19531.57,
1733382000,19534.28,19534.28,19517.39,19521.12,
1733382600,19522.61,19554.07,19518.38,19548.71,
1733383200,19550.09,19552.16,19538.04,19542.85,
1733383800,19542.64,19548.33,19533.92,19542.86,
1733384400,19543.26,19560.3,19540.26,19556.71,
1733385000,19556.41,19565.67,19533.71,19542.16,
1733385600,19536.79,19560.44,19536.79,19560.44,
1733448000,19611.62,19611.62,19611.62,19611.62,
1733448600,19622.4,19693.02,19622.4,19663.67,
1733449200,19651.23,19668.64,19574.46,19578.63,
1733449800,19566.29,19633.7,19566.29,19618.29,
1733450400,19604.73,19610.2,19574.6,19597.47,
1733451000,19585,19628.92,19573.56,19605.85,
1733451600,19594.54,19683.79,19594.54,19678.72,
1733452200,19670.05,19691.08,19646.92,19688.01,
1733452800,19672.68,19817.06,19672.68,19782.11,
1733453400,19767.45,19791.79,19739.25,19761.51,
1733454000,19751.51,19842.69,19751.51,19803.21,
1733454600,19790.9,19871.36,19790.9,19864.69,
1733455200,19850.28,19921.7,19850.28,19895.42,
1733455800,19886.09,19911.59,19866.71,19873.34,
1733456400,19860.52,19885.93,19846.83,19846.83,
1733457000,19839.06,19842.63,19818.33,19841.31,
1733457600,19834.73,19834.73,19831.37,19831.37,
1733461200,19846.84,19846.84,19777.29,19792.46,
1733461800,19786.38,19817.92,19786.38,19815.23,
1733462400,19800.85,19825.3,19800.31,19818.52,
1733463000,19811.97,19855.35,19805.18,19849.96,
1733463600,19845.04,19868.34,19821.77,19825.83,
1733464200,19819.52,19881.82,19818.07,19879.49,
1733464800,19867.82,19907.42,19861.24,19903.73,
1733465400,19894.38,19934.72,19894.38,19924.35,
1733466000,19920.36,19928.63,19897.62,19900.88,
1733466600,19896.73,19918.79,19896.73,19898.1,
1733467200,19889.69,19899.46,19858.61,19885.63,
1733467800,19876.41,19904,19874.36,19881.09,
1733468400,19869.82,19883.32,19846.71,19850.23,
1733469000,19839.89,19855.43,19814.66,19850.83,
1733469600,19840.9,19874.3,19840.9,19862.16,
1733470200,19851.81,19874.77,19851.81,19859.47,
1733470800,19858.66,19871.07,19848.33,19854.67,
1733471400,19855.9,19872.54,19851.62,19866.73,
1733472000,19867.17,19867.17,19865.85,19865.85,
1733707200,19732.28,19732.28,19732.28,19732.28,
1733707800,19730.14,19774.32,19725.31,19740.75,
1733708400,19741.31,19799.25,19706.83,19767.23,
1733709000,19768.03,19797.53,19759.54,19783.44,
1733709600,19785.2,19849.98,19783.92,19849.98,
1733710200,19850.3,19871.02,19839.44,19853.52,
1733710800,19852.49,19937.92,19852.49,19934.84,
1733711400,19938.18,19946.61,19863.53,19863.53,
1733712000,19860.91,19864.24,19841.27,19853.5,
1733712600,19854.2,19880.7,19848.29,19857.65,
1733713200,19859.67,19861.06,19795.48,19797.92,
1733713800,19798.29,19810.34,19790.94,19805.74,
1733714400,19807.21,19813.4,19728.55,19738.97,
1733715000,19740.35,19743.48,19712.3,19739.35,
1733715600,19742.8,19759.38,19734.26,19759.38,
1733716200,19759.41,19762.42,19741.43,19753.26,
1733720400,19745.7,19788.69,19734.54,19782.72,
1733721000,19782.91,19782.91,19751.28,19755.87,
1733721600,19756.42,19770.47,19741.58,19753.48,
1733722200,19750.82,19762.17,19737.25,19754.72,
1733722800,19754.33,19755.87,19728.52,19731.49,
1733723400,19730.99,19738.37,19695.51,19734.25,
1733724000,19734.27,19751.81,19727.73,19747.94,
1733724600,19749.82,19754.58,19736.58,19752.75,
1733725200,19753.07,19778.25,19747.18,19777.14,
1733725800,19780.09,19809.4,19778.3,19809.4,
1733726400,19811.34,19811.8,19788.27,19793.09,
1733727000,19791.51,19800.79,19784.43,19800.79,
1733727600,19800.03,19802.72,19778.39,19792.96,
1733728200,19793.14,19811.39,19785.08,19805.13,
1733728800,19805.57,20125.15,19805.16,20125.15,
1733729400,20122.06,20307.3,20100.05,20233.81,
1733730000,20232.13,20335.1,20201.86,20335.09,
1733730600,20336.09,20433.73,20330.02,20427.39,
1733731200,20428.59,20428.59,20414.09,20414.09,
1733793600,21070.05,21070.05,21070.05,21070.05,
1733794200,21025.68,21031.87,20706.59,20706.59,
1733794800,20706.27,20715.6,20602.21,20648.85,
1733795400,20648.05,20728.48,20582.48,20582.48,
1733796000,20580.27,20740.56,20580.27,20728.75,
1733796600,20730.32,20788.87,20691.19,20778.16,
1733797200,20775.11,20775.11,20672.88,20702.32,
1733797800,20705.54,20720.64,20624.71,20667.83,
1733798400,20666.46,20668.66,20610.63,20626.03,
1733799000,20623.18,20639.49,20595.59,20626.8,
1733799600,20626.79,20660.87,20520.93,20568.94,
1733800200,20570.5,20622.82,20567.81,20590.12,
1733800800,20589.77,20650.24,20589.15,20641.93,
1733801400,20642.43,20648.52,20613.88,20615.1,
1733802000,20615.67,20628,20593.89,20621.89,
1733802600,20621.43,20632.79,20599.05,20619.4,
1733803200,20618.18,20618.18,20618.18,20618.18,
1733806800,20624.52,20680.57,20594.52,20601.66,
1733807400,20602.58,20606.31,20549.33,20593.53,
1733808000,20594.46,20603.51,20552.29,20553.62,
1733808600,20554.37,20584.28,20538.78,20581.64,
1733809200,20581.23,20596.21,20551.49,20554.04,
1733809800,20554.35,20559.16,20505.05,20534.52,
1733810400,20535.88,20537.88,20422.93,20425.11,
1733811000,20424.59,20461.76,20397.33,20425.23,
1733811600,20425.45,20490.11,20421.93,20485.31,
1733812200,20484.3,20490.22,20446.04,20462.64,
1733812800,20462.42,20462.51,20386.67,20386.67,
1733813400,20388.61,20439.78,20387.88,20423.41,
1733814000,20426.21,20445.79,20311.35,20312.08,
1733814600,20314.08,20386.37,20314.08,20376.39,
1733815200,20377.44,20410,20370.24,20408.32,
1733815800,20409.44,20410.27,20347.52,20357.68,
1733816400,20356.59,20364.02,20322.57,20330.2,
1733817000,20330.73,20337.52,20308.86,20334.5,
1733817600,20336.38,20336.38,20311.28,20311.28,
1733880000,20404.5,20404.5,20404.5,20404.5,
1733880600,20423.6,20481.37,20407.87,20414.26,
1733881200,20409.93,20474.6,20396.51,20469.39,
1733881800,20470.05,20471.45,20414.64,20425.78,
1733882400,20425.43,20481.3,20422.04,20435.78,
1733883000,20437.95,20475.71,20431.88,20458.3,
1733883600,20458.46,20460.13,20411.81,20445.15,
1733884200,20442.29,20451.58,20392.88,20392.88,
1733884800,20392.68,20407.96,20384.25,20390.41,
1733885400,20390.56,20407.85,20360.67,20384,
1733886000,20385.11,20386.84,20264.6,20264.6,
1733886600,20264.15,20357.37,20241.3,20348.2,
1733887200,20344.78,20344.94,20270.94,20282.25,
1733887800,20285.96,20296.61,20266.9,20274.04,
1733888400,20274.15,20281.46,20259.17,20281.12,
1733889000,20282.59,20309.61,20279.66,20309.61,
1733889600,20310.34,20310.34,20310.34,20310.34,
1733893200,20297.19,20297.19,20258.36,20262.62,
1733893800,20262.38,20273.69,20240.47,20244.27,
1733894400,20244.14,20268,20236.61,20262.85,
1733895000,20262.89,20264.85,20176.08,20210.59,
1733895600,20210.76,20225.91,20206.8,20223.54,
1733896200,20222.41,20243.19,20189.59,20221.14,
1733896800,20223.03,20223.46,20185.39,20197.73,
1733897400,20197.54,20212.34,20185.58,20210.65,
1733898000,20212.03,20218.73,20198.68,20211.34,
1733898600,20209.8,20214.62,20171.95,20179.02,
1733899200,20177.5,20183.66,20143.19,20146.61,
1733899800,20146.38,20198.64,20141.41,20193.84,
1733900400,20192.76,20210.64,20143.74,20143.74,
1733901000,20141.62,20166.61,20120.84,20163.55,
1733901600,20162.69,20165.82,20100.07,20117.25,
1733902200,20118,20139.22,20108.5,20134.48,
1733902800,20131.47,20169.51,20130.87,20157.54,
1733903400,20159.55,20186.13,20148.14,20180.87,
1733904000,20182.21,20182.21,20155.05,20155.05,
1733966400,20213.24,20213.24,20213.24,20213.24,
1733967000,20217.43,20217.43,20139.12,20172.85,
1733967600,20172.72,20221.36,20152.56,20163.2,
1733968200,20165.18,20195.23,20121.47,20174.52,
1733968800,20177.2,20247.23,20174.18,20214.05,
1733969400,20213.42,20233.46,20191.23,20207.07,
1733970000,20207.52,20219.4,20180.45,20213.87,
1733970600,20213.6,20232.61,20191.46,20195.5,
1733971200,20195.66,20198.91,20175.82,20181.51,
1733971800,20180.72,20215.42,20168.16,20204.61,
1733972400,20204.08,20297.85,20201.04,20297.85,
1733973000,20297.86,20454.97,20297.55,20399.74,
1733973600,20399.39,20436.69,20368.31,20427.6,
1733974200,20426.36,20458.17,20413.15,20450.21,
1733974800,20451.74,20479.94,20423.43,20479.42,
1733975400,20480.57,20516.75,20476.03,20500.41,
1733976000,20501.14,20501.14,20501.14,20501.14,
1733979600,20505.92,20546.44,20389.35,20390.06,
1733980200,20390.76,20425.91,20387.3,20416.96,
1733980800,20418.14,20426.22,20395.44,20415.36,
1733981400,20415.33,20479.43,20391.43,20469.51,
1733982000,20468.1,20470.12,20436.94,20437.32,
1733982600,20437.75,20463.78,20420.13,20430.43,
1733983200,20430.32,20514.56,20430.32,20512.01,
1733983800,20510.65,20535.03,20480.35,20505.03,
1733984400,20503.45,20504.49,20462.11,20484.9,
1733985000,20486.55,20492.82,20473.86,20486.24,
1733985600,20485.86,20500,20481.68,20482.98,
1733986200,20485.45,20506.51,20478.54,20503.68,
1733986800,20503.16,20505.98,20473.08,20482.25,
1733987400,20483.63,20489.6,20454.38,20454.38,
1733988000,20454.63,20454.63,20411.57,20420.09,
1733988600,20424.87,20442.77,20417.51,20423.46,
1733989200,20420.96,20433.5,20375.65,20383.49,
1733989800,20382.8,20384.79,20351.81,20383.9,
1733990400,20384.18,20397.05,20384.18,20397.05,
1734052800,20238.21,20238.21,20238.21,20238.21,
1734053400,20219.04,20223.78,20151.25,20187.27,
1734054000,20168.54,20178.82,20078.24,20093.29,
1734054600,20082.53,20132.11,20062.33,20076.22,
1734055200,20058.25,20071.71,20020.05,20022.54,
1734055800,20003.7,20056.34,20003.7,20033.71,
1734056400,20021.38,20068.07,20021.38,20062.01,
1734057000,20046.66,20107.14,20035.59,20098.97,
1734057600,20084.01,20131.38,20084.01,20100.36,
1734058200,20084.44,20109.1,20075.57,20085.07,
1734058800,20073.79,20103.57,20035.24,20072.82,
1734059400,20059.4,20092.83,20059.4,20087.82,
1734060000,20078.34,20103.65,20078.34,20084.6,
1734060600,20073.28,20091.35,20073.28,20086.75,
1734061200,20074,20089.31,20061.64,20077.23,
1734061800,20070.28,20081.63,20062.89,20071.86,
1734062400,20057.76,20057.76,20057.69,20057.69,
1734066000,20066.48,20086.47,20049.9,20073.77,
1734066600,20057.18,20064.85,20016.43,20017.41,
1734067200,20005.64,20032.9,20000.84,20023.63,
1734067800,20012.51,20084.79,20012.51,20061.29,
1734068400,20046.21,20101.25,20046.21,20098.86,
1734069000,20083.22,20117.54,20083.22,20096.77,
1734069600,20082.86,20120.59,20077.21,20080.7,
1734070200,20065.39,20109.63,20062.39,20064.78,
1734070800,20053.96,20068.52,20047.96,20065.08,
1734071400,20050.11,20062.28,20023.47,20051.43,
1734072000,20041.23,20048.95,20016.96,20018.5,
1734072600,20008.21,20034.07,20006.72,20034.07,
1734073200,20020.16,20033.73,20002.79,20005.88,
1734073800,19995.16,20028.88,19986.96,20022.59,
1734074400,20010.02,20032.54,20009.95,20016.03,
1734075000,20005.79,20024.82,19992.21,19992.29,
1734075600,19984.08,19995.69,19947.08,19954.51,
1734076200,19940.74,19971.46,19927.27,19962.24,
1734076800,19953.26,19971.24,19953.26,19971.24,
1734312000,19947.23,19947.23,19947.23,19947.23,
1734312600,19971.25,20049.21,19966.43,19966.48,
1734313200,19966.47,20012.87,19937.01,19967.4,
1734313800,19968.02,20012.86,19967.24,19999.22,
1734314400,19991.06,19991.06,19927.29,19927.29,
1734315000,19925.9,19965.28,19923.94,19955.28,
1734315600,19955.17,19980.89,19912.62,19919.39,
1734316200,19918.95,19924.12,19890.7,19900.03,
1734316800,19900.45,19911.76,19886.85,19898.29,
1734317400,19896.51,19910.6,19866.88,19877.37,
1734318000,19876.98,19878.84,19804.19,19832.48,
1734318600,19831.35,19863.81,19827.57,19850.66,
1734319200,19851.59,19888.29,19827.63,19876.41,
1734319800,19876.42,19880.53,19856.32,19876.76,
1734320400,19876.59,19883.2,19851.38,19855.87,
1734321000,19856.06,19866.74,19854.47,19858.11,
1734321600,19856.91,19856.91,19856.91,19856.91,
1734325200,19845.66,19871.02,19814.92,19871.02,
1734325800,19870.09,19874.86,19840.9,19842.79,
1734326400,19838.47,19841.79,19813.61,19825.37,
1734327000,19826.67,19840.27,19824.3,19829.09,
1734327600,19827.54,19827.54,19799.28,19802.45,
1734328200,19801.84,19818.53,19800.82,19817.73,
1734328800,19812.78,19818.83,19774.53,19780.06,
1734329400,19780.58,19783.93,19763.44,19769.38,
1734330000,19768.47,19790.45,19768.47,19783.35,
1734330600,19782.09,19784.5,19754.53,19758.93,
1734331200,19757.94,19759.32,19726.15,19750.45,
1734331800,19748.97,19764.65,19744.74,19763.47,
1734332400,19764.3,19779.94,19761.56,19779.24,
1734333000,19778.22,19793.28,19766.53,19789.98,
1734333600,19792.93,19803.57,19762.87,19770.13,
1734334200,19770.38,19780.41,19753.27,19766.81,
1734334800,19768.35,19772.57,19752.9,19768.08,
1734335400,19768.61,19782.48,19757.07,19779.92,
1734336000,19778.02,19795.49,19778.02,19795.49,
1734398400,19678.03,19678.03,19678.03,19678.03,
1734399000,19702.58,19734.89,19675.23,19685.49,
1734399600,19687.89,19706.34,19620.63,19665.07,
1734400200,19667.68,19760.55,19667.68,19758.97,
1734400800,19761.39,19764.35,19724.08,19755.44,
1734401400,19754.69,19807.05,19745.32,19745.32,
1734402000,19745.56,19790.33,19737.67,19751.68,
1734402600,19751.24,19754.26,19688.66,19691.58,
1734403200,19692.19,19695.9,19672.72,19686.46,
1734403800,19687.73,19701.36,19644.37,19654.14,
1734404400,19654.68,19671.17,19648.57,19661.35,
1734405000,19660.56,19693.95,19640.49,19692.19,
1734405600,19693.01,19707.8,19683.94,19698.46,
1734406200,19702.36,19729.97,19697.76,19721.38,
1734406800,19721.96,19727.51,19714.63,19716.79,
1734407400,19715.31,19721.32,19708,19716.46,
1734408000,19718.56,19718.56,19718.56,19718.56,
1734411600,19723.65,19752.46,19668.34,19677.31,
1734412200,19676.89,19691,19663.76,19669.77,
1734412800,19668.51,19906.64,19668.51,19868.5,
1734413400,19866.72,19930.83,19811.19,19837.71,
1734414000,19837.97,19839.18,19782.2,19791,
1734414600,19792.8,19794.95,19758.94,19766.91,
1734415200,19765.16,19770.01,19739.88,19743.26,
1734415800,19741.5,19743.24,19716.21,19738.25,
1734416400,19741.17,19742.17,19705.26,19705.26,
1734417000,19708.31,19727.5,19688.7,19711.24,
1734417600,19712.15,19715.38,19695.43,19699.92,
1734418200,19700.31,19731.46,19686.97,19728.34,
1734418800,19729.56,19764.9,19727.34,19759.98,
1734419400,19763.88,19783.84,19759.38,19781.59,
1734420000,19779.03,19788.43,19759.99,19761.77,
1734420600,19755.98,19761.92,19735.36,19746.79,
1734421200,19745.36,19755.23,19726.77,19748.68,
1734421800,19745.92,19764.78,19740.33,19754.41,
1734422400,19751.81,19751.81,19700.48,19700.48,
1734484800,19884.54,19884.54,19884.54,19884.54,
1734485400,19864.39,19922.38,19856.15,19861.51,
1734486000,19866.31,19926.23,19859.32,19875.84,
1734486600,19873.79,19906.51,19863.59,19877.4,
1734487200,19877.33,19909.79,19834.34,19876.8,
1734487800,19873.38,19873.38,19834.81,19839.86,
1734488400,19838.5,19867.41,19836.07,19849.93,
1734489000,19848.37,19881.14,19839.64,19872.47,
1734489600,19876.32,19888.87,19853.66,19863.21,
1734490200,19863.88,19870.2,19853.48,19870.2,
1734490800,19867.55,19874.55,19827.59,19832.78,
1734491400,19834.16,19845.09,19804.04,19840.06,
1734492000,19839.65,19841.59,19826.99,19831.49,
1734492600,19831.81,19834.32,19802.22,19823.07,
1734493200,19821.88,19824.24,19803.59,19810.6,
1734493800,19813.16,19818.12,19805.79,19817.28,
1734494400,19815.3,19815.3,19815.3,19815.3,
1734498000,19814.76,19850.61,19808.53,19848.51,
1734498600,19850.7,19883.25,19841.79,19876.07,
1734499200,19878.09,19953.53,19878.09,19917.29,
1734499800,19914.4,19919.87,19851.76,19858.05,
1734500400,19859.93,19887.85,19855.88,19875.24,
1734501000,19876.04,19889.14,19848,19851.06,
1734501600,19850.78,19863.15,19840.63,19862.55,
1734502200,19863.65,19893.58,19859.61,19890.78,
1734502800,19892.19,19896.01,19885.08,19885.69,
1734503400,19889.9,19895.06,19847.56,19852.62,
1734504000,19854.44,19866.71,19846.75,19857.05,
1734504600,19857.5,19880.18,19853.41,19877.47,
1734505200,19876.18,19892.5,19871.39,19886.36,
1734505800,19888.7,19910.66,19883.21,19899.51,
1734506400,19898.35,19902.17,19880.21,19887.6,
1734507000,19883.59,19892.05,19869.04,19872.34,
1734507600,19865.82,19885.97,19847.72,19848.69,
1734508200,19849.25,19864.8,19844.13,19859.08,
1734508800,19862.08,19864.55,19862.08,19864.55,
1734571200,19610.1,19610.1,19610.1,19610.1,
1734571800,19619.09,19678.89,19591.49,19655.91,
1734572400,19658.43,19694.91,19622.77,19692.99,
1734573000,19694.94,19717.85,19681.32,19686.38,
1734573600,19685.59,19685.59,19639.3,19640.84,
1734574200,19641.35,19683.35,19628.78,19650.74,
1734574800,19651.04,19675.5,19637.42,19637.42,
1734575400,19637.82,19660.52,19614.95,19658.39,
1734576000,19660.48,19675.85,19622.98,19673.9,
1734576600,19674.58,19679.44,19651.27,19655.73,
1734577200,19654.61,19668.78,19636.45,19653.26,
1734577800,19652.11,19666.9,19636.42,19646.18,
1734578400,19644.08,19672.18,19638.6,19662.19,
1734579000,19661.03,19666.05,19650.31,19660.06,
1734579600,19659.38,19662.45,19641.2,19642.38,
1734580200,19644.15,19668.99,19641.28,19666.31,
1734580800,19666.12,19666.12,19666.12,19666.12,
1734584400,19667.82,19724.97,19656.03,19711.95,
1734585000,19713.72,19732.14,19704.32,19704.66,
1734585600,19705.39,19736.41,19701.59,19733.4,
1734586200,19733.83,19748.67,19720.18,19728.55,
1734586800,19730.65,19741.11,19711.91,19712.88,
1734587400,19710.64,19723.29,19699.76,19704.16,
1734588000,19709.9,19730.58,19698.79,19730.58,
1734588600,19732.56,19804.96,19732.25,19777.08,
1734589200,19776.06,19815.19,19776.06,19783.57,
1734589800,19782.02,19804.37,19747.48,19754.93,
1734590400,19754.4,19770.34,19739.75,19768.47,
1734591000,19767.46,19829.31,19764.95,19828.83,
1734591600,19826.83,19849.03,19809.04,19809.39,
1734592200,19808.87,19813.45,19773.79,19800.8,
1734592800,19800.43,19814.29,19790.6,19812.77,
1734593400,19817.47,19817.47,19781.69,19794.97,
1734594000,19793.15,19797.59,19764.72,19778.35,
1734594600,19776.59,19778.66,19753.76,19760.14,
1734595200,19762.04,19762.04,19752.51,19752.51,
1734657600,19697.06,19697.06,19697.06,19697.06,
1734658200,19709.13,19821.38,19705.1,19804.28,
1734658800,19802.6,19806.2,19753.03,19771.08,
1734659400,19759.97,19836.57,19751.29,19753.8,
1734660000,19753.24,19809.43,19749.51,19750.35,
1734660600,19740.23,19756.64,19707.95,19711.92,
1734661200,19705.39,19756.34,19692.68,19756.34,
1734661800,19746.51,19787.9,19745.36,19769.85,
1734662400,19760.73,19803.08,19760.73,19799.22,
1734663000,19789.09,19861.61,19789.09,19854.71,
1734663600,19845.05,19875.9,19841.47,19857.11,
1734664200,19848.69,19861.39,19819.28,19819.86,
1734664800,19810.5,19825.01,19802.2,19821.45,
1734665400,19813.31,19826.44,19766.6,19789.33,
1734666000,19777.74,19787.25,19763.72,19784.4,
1734666600,19777.77,19801.24,19777.77,19786.56,
1734667200,19784.91,19784.91,19774.22,19774.22,
1734670800,19784.94,19801.79,19775.85,19777.1,
1734671400,19766.94,19784.03,19747.11,19780.2,
1734672000,19769.17,19797.07,19721.47,19724.42,
1734672600,19714.46,19746.22,19710.63,19742.08,
1734673200,19732.74,19776.93,19732.74,19761.95,
1734673800,19749.42,19764.08,19740.23,19758.07,
1734674400,19745.9,19761.25,19731.74,19738.52,
1734675000,19729.72,19767.01,19729.72,19765.62,
1734675600,19751.93,19773.82,19751.93,19770.45,
1734676200,19761.48,19791.18,19761.48,19788.02,
1734676800,19781.22,19808.24,19779.07,19790,
1734677400,19779.58,19803.92,19779.58,19792.1,
1734678000,19780.28,19790.56,19762.77,19770.72,
1734678600,19767.24,19774.91,19762.46,19765.5,
1734679200,19759.13,19768.15,19744.29,19750.14,
1734679800,19745,19766.06,19741.49,19761.97,
1734680400,19752.09,19771.32,19751.06,19752.12,
1734681000,19747.09,19756.19,19740.76,19753.32,
1734681600,19743.03,19743.03,19720.7,19720.7,
1734916800,19843.65,19843.65,19843.65,19843.65,
1734917400,19863.34,19924.11,19816.77,19826.92,
1734918000,19826.52,19856.81,19806.86,19833.46,
1734918600,19830.47,19849.39,19792.01,19792.13,
1734919200,19791.32,19795.36,19765.29,19788.03,
1734919800,19787.32,19798.86,19760.3,19771.34,
1734920400,19771.13,19801.46,19746.46,19801.24,
1734921000,19803.36,19832.81,19775.91,19784.32,
1734921600,19783.16,19840.11,19777.52,19813.43,
1734922200,19811.5,19827.61,19806.21,19811.13,
1734922800,19810.98,19836.68,19799.82,19836.68,
1734923400,19836.54,19845.82,19792.68,19825.82,
1734924000,19824.23,19830.12,19804.47,19821.37,
1734924600,19819.89,19823.9,19808.27,19821.22,
1734925200,19822.93,19828.02,19815.64,19827.86,
1734925800,19826.46,19858.18,19826.05,19857.67,
1734926400,19857.98,19857.98,19857.98,19857.98,
1734930000,19867.95,19876.89,19836.76,19852.16,
1734930600,19852.08,19855.59,19818.41,19839.18,
1734931200,19838.41,19851.99,19825.84,19849.03,
1734931800,19854.14,19937.39,19850.35,19863.13,
1734932400,19860.11,19873.18,19851.11,19855.54,
1734933000,19856.18,19884.62,19848.96,19853.1,
1734933600,19853.92,19857.37,19827.38,19830.97,
1734934200,19826.17,19850.89,19821.81,19833.45,
1734934800,19833.8,19864.89,19827.09,19863.87,
1734935400,19852.24,19869.24,19851.69,19856.71,
1734936000,19857.99,19863.36,19845.04,19851.73,
1734936600,19851.62,19866.13,19848.06,19862.22,
1734937200,19862.61,19883.41,19852.58,19883.41,
1734937800,19881.16,19895.52,19848.71,19857.6,
1734938400,19871.54,19881.23,19854.7,19875.36,
1734939000,19870.8,19928.8,19869.83,19895.92,
1734939600,19896.53,19906.48,19862.91,19862.91,
1734940200,19863.77,19880.12,19849.74,19878.61,
1734940800,19876.84,19883.13,19876.84,19883.13,
1735003200,19911.5,19911.5,19911.5,19911.5,
1735003800,19921.66,20012.13,19908.57,20009.99,
1735004400,20011.87,20018.05,19945.49,19998.51,
1735005000,20000.35,20045.37,19981.18,20032.2,
1735005600,20033.66,20100.5,20033.66,20069.92,
1735006200,20066.21,20101.95,20058.02,20090.65,
1735006800,20091.11,20134.55,20090.36,20114.86,
1735007400,20118.21,20128.47,20085.78,20100.15,
1735008000,20099.93,20128.7,20082.16,20095.23,
1735008600,20097.24,20151.32,20095.78,20124.89,
1735009200,20128.78,20155.03,20114.98,20133.39,
1735009800,20135.11,20165.46,20129.33,20149.49,
1735010400,20147.55,20165.35,20113.35,20115.71,
1735011000,20115.99,20130.95,20106.74,20123.44,
1735011600,20122.56,20128.41,20112.17,20117.08,
1735012200,20117.25,20130.53,20104.55,20124.22,
1735012800,20121.91,20121.91,20098.29,20098.29,
1735262400,20083.44,20083.44,20083.44,20083.44,
1735263000,20110.12,20184.88,20093.73,20122.14,
1735263600,20127.36,20149.28,20066.36,20128.64,
1735264200,20134.7,20160.58,20036,20037.9,
1735264800,20036.26,20060.47,20020.27,20031.76,
1735265400,20032.21,20067.36,20023.23,20048.93,
1735266000,20048.47,20071.85,20040.37,20052.42,
1735266600,20053.1,20055.94,20009.95,20017.49,
1735267200,20017.93,20055.72,20013.72,20046.58,
1735267800,20048.81,20083.43,20040.37,20063.75,
1735268400,20064.12,20116.71,20057.12,20114.95,
1735269000,20115.11,20177.34,20113.62,20137.05,
1735269600,20140.36,20140.81,20094.87,20098.43,
1735270200,20098.07,20110.92,20092.02,20095.71,
1735270800,20097.02,20100.38,20083.94,20098.27,
1735271400,20099.03,20129.7,20096.52,20121.91,
1735272000,20121.8,20121.8,20121.8,20121.8,
1735275600,20119.59,20157.88,20113.19,20155.65,
1735276200,20155.92,20180.39,20140.26,20153.56,
1735276800,20154.48,20167.08,20149.05,20149.2,
1735277400,20149.32,20155.86,20125.07,20125.07,
1735278000,20131.41,20131.41,20101.75,20105.29,
1735278600,20107.66,20125.13,20105.4,20117.9,
1735279200,20118.66,20122.09,20087.95,20089.88,
1735279800,20090.35,20093.16,20072.17,20076.74,
1735280400,20079.03,20099.36,20076.92,20089.42,
1735281000,20089.65,20107.87,20085.56,20102.28,
1735281600,20103.09,20117.04,20077.97,20089.39,
1735282200,20091.58,20092.53,20074.07,20074.58,
1735282800,20075.41,20098.46,20062.22,20095.46,
1735283400,20094.03,20120.99,20091.16,20107.59,
1735284000,20110.72,20125.03,20107.54,20119.74,
1735284600,20121.22,20121.22,20106.3,20109.73,
1735285200,20113.7,20127.93,20099.25,20107.02,
1735285800,20107.2,20119.57,20095.67,20095.93,
1735286400,20095.66,20095.66,20090.46,20090.46,
1735521600,20124.75,20124.75,20124.75,20124.75,
1735522200,20158.7,20193.09,20109.49,20120.6,
1735522800,20105.04,20144.34,20068.72,20117.17,
1735523400,20098.41,20140.49,20088.87,20110.23,
1735524000,20090.95,20108.55,20049.77,20054.87,
1735524600,20042.9,20074.15,20001.86,20005.03,
1735525200,19992.12,20047.97,19992.12,20010.42,
1735525800,19997.11,20030.05,19991.33,19991.33,
1735526400,19980.14,20010.68,19968.07,20008.65,
1735527000,19993.15,20048.71,19993.15,20036.95,
1735527600,20020.2,20041.16,20012.5,20020.5,
1735528200,20003.17,20023.67,19990.13,20018.75,
1735528800,20003.46,20030.57,19977.44,19993.86,
1735529400,19976.41,19998.79,19976.41,19988.77,
1735530000,19974.93,20007.85,19974.93,20000.85,
1735530600,19983.47,20009.81,19980.38,19997.1,
1735531200,19976.48,19976.48,19976.48,19976.48,
1735534800,19977.48,20028.18,19977.48,20018.74,
1735535400,20004.92,20038.9,20002.79,20036.77,
1735536000,20017.87,20041.14,20016.51,20032.87,
1735536600,20014.57,20066.36,20007.93,20062.69,
1735537200,20044.74,20104.74,20044.74,20066.06,
1735537800,20048.6,20069.76,20044.93,20065.94,
1735538400,20053.31,20106.69,20053.31,20099.78,
1735539000,20085.66,20104.21,20080.98,20084.93,
1735539600,20071.08,20119.1,20071.08,20100.41,
1735540200,20084.76,20117.35,20076.59,20076.88,
1735540800,20064.83,20090.28,20064.83,20079.54,
1735541400,20064.79,20099.44,20064.79,20091.87,
1735542000,20076.2,20103.29,20076.02,20095.7,
1735542600,20081.56,20116.21,20081.56,20096.29,
1735543200,20083.34,20104.33,20064.25,20073.66,
1735543800,20059.04,20090.13,20059.04,20084.36,
1735544400,20072.04,20088.46,20063.42,20073.58,
1735545000,20062.45,20079.99,20058.89,20071.77,
1735545600,20071.04,20071.04,20041.42,20041.42,
1735608000,20003.36,20003.36,20003.36,20003.36,
1735608600,20016.1,20126.95,20010.86,20073.77,
1735609200,20070.58,20109.92,20062.2,20107.94,
1735609800,20108.22,20112.37,20083.19,20091.24,
1735610400,20091.06,20120.28,20065.16,20090.43,
1735611000,20090.42,20144.8,20090.42,20133.48,
1735611600,20131.53,20167.67,20126.48,20158.59,
1735612200,20161.55,20168.11,20138.23,20139.85,
1735612800,20139.91,20180.4,20137.47,20149.46,
1735613400,20152.69,20171.92,20128.39,20130.34,
1735614000,20132.43,20134.19,20099.37,20099.52,
1735614600,20096.35,20133.38,20055.7,20126.36,
1735615200,20127.98,20177.52,20118.52,20138.81,
1735615800,20135.92,20141.14,20093.55,20098.4,
1735616400,20095.59,20121.2,20095.59,20112.89,
1735617000,20113.3,20122.53,20093.69,20097.8,
1735617600,20100.26,20100.26,20059.95,20059.95,
1735780800,19932.8,19932.8,19932.8,19932.8,
1735781400,19897.27,19918.45,19755.94,19766.77,
1735782000,19767.28,19801.85,19705.17,19706.34,
1735782600,19707,19728.99,19694.35,19704.55,
1735783200,19705.46,19707.2,19612.38,19650.05,
1735783800,19649.12,19649.12,19542.98,19581.55,
1735784400,19582.02,19649.57,19570.86,19625.92,
1735785000,19627.07,19727.21,19605.38,19718.37,
1735785600,19719.67,19831.27,19689.47,19827.22,
1735786200,19829.82,19846.2,19811.54,19824.63,
1735786800,19824.73,19829.01,19780.53,19795.84,
1735787400,19796.07,19801.52,19751.92,19778.19,
1735788000,19776.76,19803.58,19746.55,19777.39,
1735788600,19777.97,19784.15,19767.19,19768.76,
1735789200,19769.24,19779.43,19757.5,19760.87,
1735789800,19759.54,19768.35,19755.54,19763.08,
1735790400,19762.85,19762.85,19762.85,19762.85,
1735794000,19771.55,19805.79,19732.98,19732.98,
1735794600,19732.55,19742.61,19725.79,19737.28,
1735795200,19738.43,19744.27,19711.79,19731.32,
1735795800,19729.33,19745.03,19713.54,19714.16,
1735796400,19712.69,19722.9,19672.15,19675.81,
1735797000,19678.22,19681.11,19652.17,19678.31,
1735797600,19678.98,19681.84,19610.98,19620.35,
1735798200,19620.12,19631.96,19605.35,19631.96,
1735798800,19631.38,19666.2,19615.16,19665.42,
1735799400,19666.18,19666.18,19571.17,19576.54,
1735800000,19579.55,19585.67,19563.1,19580.11,
1735800600,19580.17,19630.26,19580.17,19618.56,
1735801200,19619.92,19623.57,19597.49,19617.25,
1735801800,19617.42,19621.24,19600.39,19615.76,
1735802400,19613.89,19630.62,19612.62,19623.39,
1735803000,19622.08,19631.83,19613.32,19627.3,
1735803600,19625.92,19631.53,19612.09,19618.12,
1735804200,19614.71,19616.5,19578.25,19580.92,
1735804800,19586.19,19623.32,19586.19,19623.32,
1735867200,19708.74,19708.74,19708.74,19708.74,
1735867800,19712.65,19730.72,19635.89,19637.1,
1735868400,19640.59,19700.83,19638.03,19655.27,
1735869000,19652.21,19694.82,19635.92,19666.88,
1735869600,19663.57,19723.22,19658.62,19710.91,
1735870200,19708.89,19809.21,19679.54,19789.19,
1735870800,19790.83,19879.54,19784.63,19858.61,
1735871400,19858.66,19870.46,19811.07,19813.36,
1735872000,19810.88,19824.68,19773.66,19780.58,
1735872600,19779.47,19825.7,19779.22,19811.39,
1735873200,19811.33,19849.04,19807.96,19834.32,
1735873800,19834.88,19891.86,19823.63,19860.78,
1735874400,19860.13,19861.5,19815.94,19829.97,
1735875000,19829.98,19834.45,19802,19802.93,
1735875600,19805.15,19815.45,19801.35,19806.66,
1735876200,19805.32,19810.77,19782.91,19795.11,
1735876800,19794.03,19794.03,19794.03,19794.03,
1735880400,19790.82,19790.82,19716.49,19728.14,
1735881000,19728.01,19737.71,19717.43,19722.04,
1735881600,19723.09,19727.17,19684.85,19712.38,
1735882200,19713.52,19753.55,19709.51,19736.99,
1735882800,19734.02,19746.76,19720.14,19727.7,
1735883400,19726.55,19730.19,19702.55,19725.78,
1735884000,19726.47,19726.47,19670.66,19691.95,
1735884600,19693.98,19697.53,19634.07,19661.95,
1735885200,19662.6,19712.24,19662.6,19699.38,
1735885800,19700.12,19708.87,19672.24,19696.46,
1735886400,19693.77,19720.2,19693.77,19697.58,
1735887000,19699.47,19706.69,19689.04,19703.25,
1735887600,19704.71,19710.15,19691.23,19694,
1735888200,19693.78,19711.83,19675.47,19686,
1735888800,19686.69,19700.44,19667.05,19694.91,
1735889400,19694.5,19716.69,19692.24,19708.36,
1735890000,19707.8,19714.46,19689.95,19714.09,
1735890600,19712.22,19751.21,19699.75,19751.21,
1735891200,19747.73,19760.27,19747.73,19760.27,
1736126400,19848.71,19848.71,19848.71,19848.71,
1736127000,19836.37,19851.55,19703.68,19707.11,
1736127600,19706.77,19748.16,19662.75,19734.96,
1736128200,19731.87,19753.77,19675.29,19676.75,
1736128800,19676.96,19742.05,19647.39,19742.05,
1736129400,19740.16,19820.33,19739.66,19778,
1736130000,19779.73,19783.36,19744.38,19746.65,
1736130600,19747.47,19790.1,19739.87,19778.3,
1736131200,19776.81,19788.16,19755.03,19781.54,
1736131800,19778.76,19779.74,19758.41,19772.59,
1736132400,19772.22,19794.5,19765.53,19769.21,
1736133000,19771.18,19798.16,19726.62,19728.6,
1736133600,19727.05,19740.97,19712.24,19729.34,
1736134200,19729.25,19735.08,19708.14,19715.41,
1736134800,19713.75,19717.76,19693.38,19696.9,
1736135400,19697.63,19710.21,19694.56,19705.6,
1736136000,19706.66,19706.66,19706.66,19706.66,
1736139600,19692.64,19710.52,19677.88,19702.86,
1736140200,19703,19704.03,19675.57,19675.97,
1736140800,19675.61,19677.28,19653.63,19662.03,
1736141400,19661.91,19672.44,19650.74,19654.71,
1736142000,19652.93,19667.38,19627.84,19641.71,
1736142600,19640.57,19652.06,19629.02,19638.49,
1736143200,19639.5,19690.27,19639.08,19667.44,
1736143800,19666.18,19666.18,19642.66,19657.13,
1736144400,19659.44,19662.34,19649.88,19660.57,
1736145000,19658.25,19664.58,19637.85,19658.35,
1736145600,19660.92,19673.49,19655.51,19658.25,
1736146200,19657.99,19659.57,19639.18,19650.76,
1736146800,19650.79,19679.91,19649.26,19679.91,
1736147400,19679.94,19699.21,19674.86,19677.92,
1736148000,19678.39,19681.88,19659.69,19670.09,
1736148600,19670.74,19672.23,19657.48,19663.36,
1736149200,19663.92,19677.3,19656.86,19672.3,
1736149800,19673.73,19682.1,19660.62,19676.89,
1736150400,19677.37,19688.29,19677.37,19688.29,
1736212800,19501.45,19501.45,19501.45,19501.45,
1736213400,19518.42,19634.04,19518.42,19604.47,
1736214000,19603.26,19617.64,19550.72,19603.7,
1736214600,19601.95,19633.69,19587.03,19590.89,
1736215200,19591.93,19668.65,19591.93,19642.4,
1736215800,19642.7,19650.52,19562.76,19580.11,
1736216400,19582.28,19587.38,19558.2,19558.2,
1736217000,19560.61,19561.33,19416.09,19421.12,
1736217600,19423.21,19423.21,19337.26,19341.64,
1736218200,19340.68,19343.63,19297.33,19335.6,
1736218800,19333.94,19360.49,19317.44,19331.77,
1736219400,19328.15,19361.1,19321.65,19327.72,
1736220000,19329.78,19350.76,19326.18,19335.22,
1736220600,19335.94,19352.19,19313.14,19317.82,
1736221200,19317.08,19322.18,19301.43,19311.5,
1736221800,19312.34,19312.34,19286.8,19304.88,
1736222400,19309.05,19309.05,19309.05,19309.05,
1736226000,19308.71,19315.83,19273.32,19280.7,
1736226600,19277.57,19294.29,19267.87,19275.06,
1736227200,19274.58,19328.18,19252.61,19311.84,
1736227800,19311.97,19353.12,19305.53,19349.36,
1736228400,19346.78,19354.9,19331.71,19342.1,
1736229000,19341.16,19341.44,19317.98,19318.22,
1736229600,19316.36,19329.54,19309.93,19316.43,
1736230200,19314.97,19350.49,19307.87,19349.76,
1736230800,19351.41,19373.03,19326.22,19366.01,
1736231400,19364.32,19370.91,19325.52,19326.13,
1736232000,19326.14,19336.45,19318.19,19334.41,
1736232600,19334.77,19353.53,19328.46,19345.05,
1736233200,19344.09,19372.77,19344.04,19368.64,
1736233800,19369.77,19456.19,19363.81,19445.82,
1736234400,19442.86,19446.68,19395.96,19400.41,
1736235000,19400.92,19427.31,19391.2,19418.09,
1736235600,19418.88,19423.03,19399.6,19419.04,
1736236200,19420.36,19432.04,19402.82,19424.4,
1736236800,19422.4,19447.58,19422.4,19447.58,
1736299200,19390.76,19390.76,19390.76,19390.76,
1736299800,19380.62,19465.83,19368.87,19465.83,
1736300400,19465.32,19483.59,19352.23,19366.8,
1736301000,19370.89,19385.33,19319.55,19322.07,
1736301600,19323.54,19369.29,19309.74,19343.36,
1736302200,19343.34,19370.4,19320.54,19332.19,
1736302800,19331.62,19353.99,19299.53,19310.23,
1736303400,19314.43,19323.05,19277.8,19281.3,
1736304000,19277.58,19303.13,19275.97,19289.04,
1736304600,19289.62,19291.13,19270.59,19274.45,
1736305200,19273.32,19273.32,19210.88,19223.43,
1736305800,19223.27,19225.82,19190.32,19216.32,
1736306400,19216.19,19216.19,19157,19159.26,
1736307000,19159.02,19163.25,19131.32,19140.25,
1736307600,19140.81,19141.19,19118.88,19136.13,
1736308200,19134.71,19144.09,19111.54,19135.74,
1736308800,19137.88,19137.88,19137.88,19137.88,
1736312400,19128.21,19166.23,19128.01,19143.84,
1736313000,19146.72,19178.1,19140.06,19174.69,
1736313600,19176.17,19203.93,19172.42,19187.33,
1736314200,19187.29,19248.74,19185.34,19242.31,
1736314800,19246.62,19268.61,19227.04,19253.44,
1736315400,19253.83,19282.69,19243.09,19262.56,
1736316000,19264.41,19309.3,19263.9,19281.76,
1736316600,19282.1,19338.31,19273.93,19298.22,
1736317200,19297.73,19297.73,19249.24,19254.54,
1736317800,19254.63,19266.39,19232.35,19262.84,
1736318400,19264.66,19274.38,19250.25,19251.29,
1736319000,19250.4,19257.67,19243.33,19248.77,
1736319600,19250.64,19275.67,19248.39,19267.34,
1736320200,19267.49,19270.04,19254.6,19260.23,
1736320800,19257.34,19281.21,19251.51,19281.21,
1736321400,19278.02,19292.12,19270.42,19275.79,
1736322000,19276.27,19282.71,19265.19,19273.79,
1736322600,19276.73,19276.73,19246.13,19266.82,
1736323200,19265.05,19279.84,19265.05,19279.84,
1736385600,19254.38,19254.38,19254.38,19254.38,
1736386200,19254.5,19297.67,19230.46,19274.2,
1736386800,19275.13,19303.45,19257.68,19303.45,
1736387400,19297.51,19363.7,19297.51,19331.82,
1736388000,19332.55,19405.74,19332.55,19386.55,
1736388600,19389.33,19403.13,19330.26,19347.68,
1736389200,19347.39,19367.45,19314.16,19320.65,
1736389800,19321.25,19338.81,19294.44,19333.39,
1736390400,19334.51,19367.01,19321.29,19331.5,
1736391000,19332.46,19350.37,19319.94,19347.13,
1736391600,19346.24,19367.4,19341.11,19345,
1736392200,19343.91,19379.04,19320.98,19331.83,
1736392800,19329.69,19341.71,19322.67,19324.01,
1736393400,19321.96,19333.59,19317.11,19329.09,
1736394000,19329.57,19329.57,19310.65,19315.01,
1736394600,19314.86,19320.44,19276.04,19299.05,
1736395200,19296.89,19296.89,19296.89,19296.89,
1736398800,19291.82,19293.91,19257.17,19290.28,
1736399400,19286.83,19289.8,19264.98,19277.17,
1736400000,19277.63,19304.56,19276.43,19294.76,
1736400600,19300.18,19301.9,19267.94,19282.69,
1736401200,19284.88,19288.19,19269.27,19280.78,
1736401800,19280.95,19286.53,19262.25,19263.66,
1736402400,19264.78,19264.78,19227.73,19247.6,
1736403000,19247.92,19277.19,19245.69,19271.81,
1736403600,19271.51,19281.46,19266.7,19279.35,
1736404200,19279.12,19314.68,19278.02,19288.08,
1736404800,19288.61,19292.98,19269.51,19275.18,
1736405400,19276.62,19283.04,19269.68,19275.76,
1736406000,19278.23,19287.59,19265.45,19269.06,
1736406600,19269.2,19277.37,19250.61,19251.53,
1736407200,19255.03,19263.69,19250.31,19256.96,
1736407800,19258.34,19261.44,19247.82,19260.6,
1736408400,19259.37,19263.13,19248.03,19260.15,
1736409000,19260.19,19269.6,19253.63,19263.19,
1736409600,19264.27,19264.27,19240.89,19240.89,
1736472000,19328.07,19328.07,19328.07,19328.07,
1736472600,19341.34,19370.49,19295.05,19358.14,
1736473200,19359.38,19362.88,19225.73,19237.75,
1736473800,19245.11,19260.63,19191.67,19201.7,
1736474400,19202.94,19219.82,19154.99,19207.42,
1736475000,19194.2,19282.87,19187.59,19266.2,
1736475600,19255.47,19281.52,19255.26,19263.5,
1736476200,19258.6,19301.64,19238.35,19238.35,
1736476800,19233.65,19277.25,19233.65,19263.55,
1736477400,19249.94,19263.65,19220.61,19225.79,
1736478000,19222.05,19231,19197.63,19205.32,
1736478600,19209.32,19220.52,19189.88,19202.7,
1736479200,19199.23,19208.69,19121.42,19134.82,
1736479800,19120.42,19167.17,19120.42,19160.42,
1736480400,19157.72,19173.57,19156.62,19168.05,
1736481000,19172.14,19174.93,19155.63,19161.23,
1736481600,19155.66,19155.66,19150.55,19150.55,
1736485200,19150.85,19157.15,19123.88,19135.61,
1736485800,19127.89,19146.35,19102.54,19144.17,
1736486400,19149.17,19167.5,19139.18,19151.13,
1736487000,19140,19149.72,19116.59,19131.66,
1736487600,19120.83,19151.1,19120.83,19146.27,
1736488200,19152.76,19152.76,19113.89,19118.77,
1736488800,19115.33,19123.29,19075.4,19080.38,
1736489400,19077.76,19084.42,19053.24,19078.07,
1736490000,19084.39,19091.73,19066.77,19070.19,
1736490600,19072.82,19090.11,19064.92,19073.97,
1736491200,19063.41,19084.37,19061.68,19071.18,
1736491800,19077.43,19077.43,19036.64,19042.21,
1736492400,19040.59,19064.95,19040.19,19060.47,
1736493000,19066.63,19078.56,19056.96,19061.66,
1736493600,19065.11,19071.69,19059.16,19062.65,
1736494200,19066.84,19073.02,19058.36,19068.08,
1736494800,19071.78,19086.07,19058.19,19079.38,
1736495400,19077.87,19087.45,19066.76,19075.16,
1736496000,19069.65,19069.65,19064.29,19064.29,
1736731200,18918.15,18918.15,18918.15,18918.15,
1736731800,18923.83,18929.12,18777.37,18777.37,
1736732400,18775.1,18778.83,18671.49,18714.59,
1736733000,18712,18805.54,18712,18751.9,
1736733600,18751.56,18799.91,18706.67,18709.32,
1736734200,18710.96,18738.28,18685.76,18736.88,
1736734800,18739.7,18754.33,18707.39,18744.68,
1736735400,18745.25,18778.1,18733.44,18770.26,
1736736000,18771.82,18853.61,18771.82,18844.24,
1736736600,18843.88,18863.01,18822.63,18848.18,
1736737200,18849,18872.45,18815.55,18815.55,
1736737800,18816.57,18849.82,18813.51,18842.1,
1736738400,18843.17,18849.35,18811.57,18814.23,
1736739000,18814.07,18828.84,18798.26,18826.1,
1736739600,18825.68,18859.58,18814.15,18819.62,
1736740200,18821,18824.11,18803,18806.14,
1736740800,18807.68,18807.68,18807.68,18807.68,
1736744400,18806.43,18848.46,18801.96,18824.87,
1736745000,18826.78,18862.31,18826.78,18856.04,
1736745600,18855.86,18861.68,18831.78,18833.24,
1736746200,18831.73,18855.72,18831.73,18839.26,
1736746800,18838.65,18852.54,18818,18827.06,
1736747400,18826.74,18867.4,18826.13,18864.97,
1736748000,18866.73,18868.92,18841.91,18846.07,
1736748600,18846.5,18850.75,18835.82,18843.64,
1736749200,18844.91,18853.38,18832.78,18834.71,
1736749800,18833.49,18842.31,18822.46,18831.91,
1736750400,18830.57,18860.49,18826.42,18859.54,
1736751000,18854.96,18862.35,18848.64,18860.03,
1736751600,18859.4,18885.84,18850.89,18883.66,
1736752200,18881.96,18896.08,18870.02,18891.66,
1736752800,18892.59,18904.23,18886.73,18899.7,
1736753400,18901.06,18924.17,18898.13,18909.56,
1736754000,18910.61,18927.37,18906.71,18922.48,
1736754600,18922.86,18924.65,18888.99,18894.18,
1736755200,18893.34,18893.34,18874.14,18874.14,
1736817600,18901.56,18901.56,18901.56,18901.56,
1736818200,18916.61,19006.07,18909.51,19006.07,
1736818800,19007.65,19015.71,18943.37,18989.65,
1736819400,18991.63,19062.41,18963.76,19034.63,
1736820000,19034.9,19034.9,18975.53,18991.08,
1736820600,18989.81,19040.71,18975.91,19040.71,
1736821200,19036.16,19103.08,19029.39,19090.29,
1736821800,19091.2,19095.9,19058.06,19063.95,
1736822400,19063.05,19063.05,19011.66,19055.48,
1736823000,19055.59,19120.45,19052.46,19120.42,
1736823600,19118.31,19165.12,19108.78,19161.46,
1736824200,19161.26,19201.94,19143.77,19153.44,
1736824800,19150.57,19168.04,19124.4,19128.01,
1736825400,19130.7,19158.36,19128.74,19151.8,
1736826000,19152.68,19157.89,19140.47,19150.89,
1736826600,19150.41,19152.27,19134.22,19139.42,
1736827200,19141.13,19141.13,19141.13,19141.13,
1736830800,19140.57,19183.25,19128.15,19175.99,
1736831400,19175.42,19188.21,19164.49,19181.1,
1736832000,19181.22,19181.22,19133.41,19159.1,
1736832600,19156.86,19212.84,19151.69,19203.35,
1736833200,19204.08,19258.39,19200.19,19235.75,
1736833800,19237.91,19266.87,19225.46,19266.87,
1736834400,19267.98,19314.1,19258.42,19284.55,
1736835000,19285.61,19318.36,19271.05,19313.81,
1736835600,19317,19317.07,19273.87,19273.87,
1736836200,19274.12,19274.12,19190.15,19226.97,
1736836800,19227.52,19242.75,19220.54,19229.38,
1736837400,19232.23,19239.69,19223.84,19230.18,
1736838000,19229.91,19242.31,19209.02,19227.13,
1736838600,19226.59,19227.69,19204.51,19223.36,
1736839200,19224.59,19237.95,19216.22,19233.17,
1736839800,19229.4,19241.22,19223.66,19236.55,
1736840400,19235.92,19235.92,19220.41,19224.57,
1736841000,19222.78,19240.65,19212.01,19238.71,
1736841600,19239.84,19239.84,19219.78,19219.78,
1736904000,19149.94,19149.94,19149.94,19149.94,
1736904600,19164.75,19201.22,19155.64,19181.28,
1736905200,19182.55,19241.3,19174.95,19233.03,
1736905800,19229.94,19254.72,19206.12,19210.16,
1736906400,19211.34,19234.63,19158.28,19180.47,
1736907000,19178.96,19231.68,19168.14,19207.3,
1736907600,19209.83,19267.03,19191.35,19260.49,
1736908200,19264.69,19308.47,19240.6,19297.47,
1736908800,19297.35,19319.22,19274.38,19278.4,
1736909400,19278.17,19286.41,19251.04,19268.98,
1736910000,19270.52,19282.22,19244.54,19273.36,
1736910600,19273.13,19280.72,19251.58,19261.6,
1736911200,19261.41,19278.54,19238.96,19256.61,
1736911800,19256.78,19282.29,19244.57,19271.04,
1736912400,19271.69,19272.2,19247.36,19263.95,
1736913000,19263.74,19273.75,19255.42,19263.64,
1736913600,19264.46,19264.46,19264.46,19264.46,
1736917200,19257.38,19269.99,19234.79,19264.67,
1736917800,19268.33,19268.33,19223.13,19226.46,
1736918400,19226.45,19246.21,19223.22,19236.35,
1736919000,19234.92,19238.39,19206.19,19214.45,
1736919600,19214.35,19228.36,19209.13,19223,
1736920200,19223.98,19241.45,19215.38,19235.46,
1736920800,19235.55,19245.16,19223.57,19230.39,
1736921400,19228.53,19235.09,19215.84,19225.36,
1736922000,19228.54,19255.76,19218.06,19225.66,
1736922600,19226.32,19257.57,19226.32,19256.81,
1736923200,19255.81,19258.38,19244.92,19251.68,
1736923800,19251.8,19267.42,19247.13,19260.98,
1736924400,19258.91,19273.91,19257.56,19265.22,
1736925000,19267.72,19269.08,19253.3,19256.65,
1736925600,19258.81,19271.06,19255.98,19256.99,
1736926200,19258.39,19274.45,19256.13,19260.22,
1736926800,19260.07,19273.8,19257.67,19265.21,
1736927400,19266.46,19273.04,19252.22,19271.51,
1736928000,19272.47,19286.07,19272.47,19286.07,
1736990400,19454.92,19454.92,19454.92,19454.92,
1736991000,19459.79,19610.22,19453.04,19604.42,
1736991600,19601.77,19664.39,19581.97,19629.69,
1736992200,19630.87,19649.07,19540.48,19564.7,
1736992800,19562.24,19606.82,19561.22,19578.51,
1736993400,19583.05,19620.77,19567.43,19579.78,
1736994000,19577.78,19588.85,19558.48,19565.78,
1736994600,19567.76,19568.58,19491.82,19517.19,
1736995200,19514.58,19514.58,19446.37,19460.1,
1736995800,19459.33,19476.77,19442.49,19454.36,
1736996400,19454.91,19465.73,19430.42,19453.75,
1736997000,19454.91,19462.27,19401.26,19401.91,
1736997600,19403.5,19456.88,19399.25,19441.8,
1736998200,19441.84,19468.04,19440.27,19460.56,
1736998800,19460.17,19460.17,19438.63,19447.11,
1736999400,19447.6,19449.54,19436.69,19444.39,
1737000000,19445.68,19445.68,19445.68,19445.68,
1737003600,19441.46,19448.73,19362.14,19374.44,
1737004200,19376.26,19391.56,19345.19,19391.56,
1737004800,19392.17,19409.44,19377.33,19401.99,
1737005400,19401.94,19436.08,19395.21,19423.76,
1737006000,19424.29,19439.48,19414.23,19434.95,
1737006600,19434.14,19463.23,19432.73,19452.74,
1737007200,19451.46,19491.4,19448.6,19490.27,
1737007800,19487.83,19521.72,19487.83,19498.72,
1737008400,19497.04,19521.18,19494.68,19519.65,
1737009000,19517.67,19518.69,19495.8,19501.12,
1737009600,19502.76,19514.73,19499.72,19508.99,
1737010200,19510.89,19510.89,19498.18,19509.42,
1737010800,19506.23,19512.96,19478.51,19495.34,
1737011400,19496.19,19514.39,19493.94,19498.6,
1737012000,19498.31,19517.83,19492.37,19512.41,
1737012600,19510.22,19527.13,19501.64,19521.13,
1737013200,19519.69,19520.3,19487.26,19490.41,
1737013800,19491.25,19514.3,19489.81,19511.56,
1737014400,19511.68,19522.89,19511.68,19522.89,
1737076800,19499.1,19499.1,19499.1,19499.1,
1737077400,19507.96,19508.1,19445.96,19450.56,
1737078000,19449.74,19486.74,19423.7,19475.12,
1737078600,19484.05,19519,19477.32,19477.32,
1737079200,19471.61,19581.48,19471.61,19546.15,
1737079800,19537.36,19565.34,19532.45,19563.69,
1737080400,19552.45,19574.89,19506.75,19506.97,
1737081000,19500.69,19523.25,19488.96,19513.28,
1737081600,19502.73,19516.93,19493.15,19503.58,
1737082200,19490.77,19521.35,19478.43,19478.49,
1737082800,19472.12,19510.26,19472.12,19507.65,
1737083400,19506.23,19517.97,19498.71,19512.63,
1737084000,19505.91,19561.89,19505.91,19559.62,
1737084600,19555.76,19640.37,19555.76,19599.31,
1737085200,19584.9,19594.77,19549.23,19562.18,
1737085800,19557.67,19573.38,19550.92,19565.77,
1737086400,19556.82,19556.91,19556.82,19556.91,
1737090000,19562.72,19581.22,19527.89,19546.69,
1737090600,19540.63,19587.11,19540.63,19587.11,
1737091200,19582.75,19594.56,19569.17,19569.78,
1737091800,19568.56,19602.5,19568.13,19579.38,
1737092400,19571.29,19579.73,19541.16,19556.63,
1737093000,19547.43,19587.1,19547.43,19581.1,
1737093600,19581.21,19615.62,19576.21,19606.06,
1737094200,19595.79,19608.14,19588.55,19590.7,
1737094800,19584.75,19593.22,19573.71,19581.54,
1737095400,19578.01,19586.53,19565.6,19581.94,
1737096000,19575.99,19589.28,19574.04,19575.75,
1737096600,19571.51,19582.36,19568.6,19578.57,
1737097200,19571.67,19578.43,19563.08,19570.3,
1737097800,19568.63,19589.6,19567.91,19587.46,
1737098400,19581.32,19594.55,19574.94,19581.09,
1737099000,19572.22,19584.47,19562.85,19568.51,
1737099600,19562.68,19571.5,19558.78,19561.69,
1737100200,19558.26,19575.81,19554.71,19574.19,
1737100800,19575.45,19584.06,19575.45,19584.06,
1737336000,19804.64,19804.64,19804.64,19804.64,
1737336600,19818.12,19879.96,19786.73,19850.66,
1737337200,19851.61,19974.78,19819.37,19939,
1737337800,19941.06,19948.72,19882.73,19893.55,
1737338400,19897.22,19912.11,19869.67,19886.68,
1737339000,19885.22,19956.69,19878.95,19932.67,
1737339600,19929.01,20004.01,19926.26,20004.01,
1737340200,20004.71,20052.92,20000.87,20001,
1737340800,20000.81,20004.23,19938,19954.24,
1737341400,19953.72,19958.78,19912.7,19937.71,
1737342000,19939.79,19973.58,19921.22,19973.58,
1737342600,19975.62,19996.94,19951.31,19990.63,
1737343200,19989.62,19999.58,19973.45,19993.56,
1737343800,19997.83,20033.05,19991.46,20018.17,
1737344400,20020.6,20043.52,20020.18,20039.11,
1737345000,20038.58,20066.74,20032.15,20043.53,
1737345600,20041.09,20041.09,20041.09,20041.09,
1737349200,20041.22,20043.36,20009.22,20020.31,
1737349800,20021.29,20059.72,20020.24,20052.03,
1737350400,20051.31,20084.04,20043.84,20060.25,
1737351000,20057.74,20093.65,20057.74,20076.71,
1737351600,20072.33,20075.47,20034.83,20041.06,
1737352200,20041.14,20057.09,20012.94,20024.75,
1737352800,20025.7,20035.45,19978.32,19984.88,
1737353400,19983.77,19997.75,19977.36,19979.8,
1737354000,19976.79,19979.33,19948.87,19960.03,
1737354600,19959.87,19966.74,19923.31,19926.18,
1737355200,19922.11,19930.55,19894.59,19930.36,
1737355800,19930.18,19948.54,19915.08,19947.24,
1737356400,19948.84,19956.97,19934.01,19936.9,
1737357000,19936.12,19943.61,19925.69,19936.05,
1737357600,19936.54,19944.22,19917.33,19920.27,
1737358200,19918.77,19920.02,19902.46,19907.57,
1737358800,19907.29,19937.61,19906.88,19915.17,
1737359400,19917.08,19934.81,19910.41,19928.59,
1737360000,19933.82,19933.82,19925.81,19925.81,
1737422400,20128.34,20128.34,20128.34,20128.34,
1737423000,20123.64,20123.64,19940.65,19971.77,
1737423600,19970.18,20018.04,19920.31,19931.32,
1737424200,19931.7,20011.37,19925.88,19975.84,
1737424800,19974.5,20100.3,19974.5,20049.33,
1737425400,20051.25,20080.9,20044.45,20059.71,
1737426000,20063.22,20085.65,20056.87,20083.31,
1737426600,20084.33,20100.76,20058.94,20063.86,
1737427200,20063.29,20063.35,20025.38,20049.05,
1737427800,20046.64,20048.6,20002.96,20005.76,
1737428400,20007.55,20025.97,19993.11,20024.95,
1737429000,20025.27,20123.62,20023.01,20115.07,
1737429600,20116.56,20205.25,20116.13,20156.09,
1737430200,20153.93,20160.1,20126.93,20131.26,
1737430800,20131.63,20141.96,20127.94,20127.94,
1737431400,20128.31,20159.7,20125.98,20148.69,
1737432000,20149.36,20149.36,20149.36,20149.36,
1737435600,20154.79,20186.75,20129.99,20176.21,
1737436200,20173.55,20181.27,20099.44,20102.86,
1737436800,20100.58,20120.99,20087.09,20094.71,
1737437400,20095.54,20116.89,20095.51,20095.51,
1737438000,20098.12,20107.54,20084.9,20087.28,
1737438600,20086.23,20088.36,20055.19,20076.24,
1737439200,20078,20138.92,20076.91,20122.13,
1737439800,20121.78,20137.05,20104.01,20108.36,
1737440400,20109.22,20113.19,20091.04,20096.74,
1737441000,20096.16,20097.08,20060.06,20090.25,
1737441600,20090.29,20109.72,20089.34,20094.25,
1737442200,20093.56,20101.95,20085.83,20099.52,
1737442800,20099.48,20117.07,20091.34,20112.05,
1737443400,20112.14,20121.32,20096.49,20097.23,
1737444000,20096.69,20114.31,20087.34,20113.04,
1737444600,20111.28,20129.47,20093.95,20114.36,
1737445200,20114.12,20123.76,20096.63,20100.44,
1737445800,20098.18,20124.52,20091.15,20116.42,
1737446400,20115.91,20115.91,20106.55,20106.55,
1737508800,19997.09,19997.09,19997.09,19997.09,
1737509400,20005.01,20022.34,19969.04,20007.56,
1737510000,20007.43,20008.11,19899.05,19909.58,
1737510600,19908.63,19924.34,19798.8,19817.01,
1737511200,19813.16,19823.22,19757.1,19759.06,
1737511800,19759.42,19843.61,19758.34,19821.58,
1737512400,19819.56,19822.28,19795.87,19800.32,
1737513000,19799.91,19859.13,19798.39,19841.98,
1737513600,19845.7,19854.93,19832.39,19840.94,
1737514200,19841.81,19900.85,19839.18,19885.16,
1737514800,19885.04,19904,19844.62,19849.66,
1737515400,19850.79,19860.15,19833.49,19835.57,
1737516000,19834.09,19853.92,19831.11,19850.16,
1737516600,19850.93,19851.87,19831.1,19833.5,
1737517200,19829.75,19834.7,19819.1,19820.45,
1737517800,19820.44,19837.49,19820.44,19836.72,
1737518400,19836.39,19836.39,19836.39,19836.39,
1737522000,19833.26,19853.59,19825.63,19844.36,
1737522600,19844.76,19847.23,19795.71,19798.02,
1737523200,19798.78,19799.17,19744.83,19760.91,
1737523800,19759.55,19794.59,19755.76,19776.36,
1737524400,19777.66,19810.06,19775.83,19805.61,
1737525000,19802.38,19804.91,19775.09,19787.54,
1737525600,19788.61,19798.81,19772.32,19773.9,
1737526200,19772.82,19788.93,19760.4,19763.54,
1737526800,19763.97,19774.28,19754.66,19768.82,
1737527400,19770.46,19773.35,19743.94,19752.19,
1737528000,19751.32,19754.55,19739.24,19746.86,
1737528600,19750.16,19750.16,19733.21,19747.39,
1737529200,19746.62,19759.86,19741.2,19756.87,
1737529800,19758.49,19768.89,19754.57,19762.19,
1737530400,19764.28,19791.98,19757.75,19788.14,
1737531000,19785.07,19788.24,19765.71,19769.2,
1737531600,19766.96,19777.97,19755.11,19757.86,
1737532200,19759.02,19761.89,19736.27,19748.14,
1737532800,19748.27,19778.77,19748.27,19778.77,
1737595200,19881.32,19881.32,19881.32,19881.32,
1737595800,19899.23,20044.06,19877.25,20010.97,
1737596400,20012.28,20043.24,19950.26,19970.21,
1737597000,19971.52,19980.2,19900.94,19910.88,
1737597600,19910.53,19910.63,19816.65,19841.53,
1737598200,19844.31,19848.85,19809.24,19835.83,
1737598800,19839.26,19891.95,19839.26,19883.54,
1737599400,19883.05,19900.68,19862.44,19893.03,
1737600000,19894.47,19909.93,19872.84,19872.84,
1737600600,19873.34,19874.41,19851.84,19856.97,
1737601200,19857.85,19861.04,19846.28,19847.77,
1737601800,19860.96,19860.96,19786.14,19791.92,
1737602400,19793.05,19827.46,19783.81,19827.32,
1737603000,19829.05,19841.19,19823.74,19826.17,
1737603600,19826.72,19836.28,19818.33,19825.92,
1737604200,19826.04,19831.94,19815.37,19825.96,
1737604800,19826,19826,19826,19826,
1737608400,19828.26,19865.84,19820.66,19859.93,
1737609000,19857.13,19883.32,19839.23,19849.8,
1737609600,19849.38,19850.89,19746.98,19746.98,
1737610200,19747.58,19765.32,19735.1,19754.83,
1737610800,19753.89,19759.26,19720.04,19733.69,
1737611400,19734.02,19734.46,19693.01,19699.38,
1737612000,19698.85,19723.38,19686.04,19707.42,
1737612600,19707.44,19713.73,19658.27,19660.78,
1737613200,19659.37,19670.44,19647.55,19659.25,
1737613800,19658.73,19693.13,19656.11,19661.56,
1737614400,19663.39,19665.41,19644.83,19653.11,
1737615000,19654.04,19675.79,19648.21,19665.12,
1737615600,19667.24,19690.11,19656.84,19664.93,
1737616200,19664.68,19666,19654.6,19661.29,
1737616800,19657.11,19678.61,19657.11,19670.69,
1737617400,19668.86,19679.75,19664.3,19676.64,
1737618000,19678.87,19702.45,19676.58,19698.96,
1737618600,19697.35,19705.62,19688.31,19701.17,
1737619200,19701.52,19701.52,19700.56,19700.56,
1737681600,19842.85,19842.85,19842.85,19842.85,
1737682200,19810.78,19853.32,19768.13,19838.41,
1737682800,19825.53,19886.78,19823.05,19883.05,
1737683400,19873.52,19936.42,19831.2,19930.9,
1737684000,19920.98,19962.1,19900.89,19900.89,
1737684600,19890.24,20042.39,19863.07,19982.67,
1737685200,19973.41,19991.42,19956.01,19984.07,
1737685800,19970.62,20075.12,19970.62,20034.94,
1737686400,20031.9,20053.26,20010.86,20035.84,
1737687000,20028.93,20091.69,20018.24,20088.77,
1737687600,20080.9,20113.17,20025.66,20026.82,
1737688200,20020.47,20074.28,20017.73,20062.64,
1737688800,20050.85,20083.47,20040.88,20042.66,
1737689400,20031.27,20040.13,20013.01,20038.57,
1737690000,20033.5,20068.56,20019.93,20063.04,
1737690600,20055.41,20071.7,20052.27,20069.57,
1737691200,20057.46,20057.46,20057.46,20057.46,
1737694800,20058.73,20082.94,20034.63,20072.4,
1737695400,20065.18,20112.43,20058.84,20104.65,
1737696000,20094.76,20127.58,20094.18,20102.79,
1737696600,20095.87,20117.05,20091.02,20113.01,
1737697200,20104.55,20144,20104.55,20122.69,
1737697800,20110.64,20116.8,20065.68,20092.97,
1737698400,20084.91,20126.17,20084.91,20118.06,
1737699000,20108.92,20125.7,20072.79,20083.8,
1737699600,20075.5,20102.35,20075.5,20092.02,
1737700200,20084.3,20105.97,20084.3,20104.19,
1737700800,20095.75,20110.72,20078.54,20086.15,
1737701400,20074.89,20085.61,20058.23,20067.25,
1737702000,20058.58,20075.1,20035.05,20042.28,
1737702600,20033.96,20047.19,20013.85,20023.71,
1737703200,20016.71,20035.86,20016.16,20035.08,
1737703800,20024.49,20039.11,20020.64,20029.66,
1737704400,20023.85,20053.61,20022.01,20033.8,
1737705000,20028,20051.97,20026.43,20047.77,
1737705600,20037.32,20066.19,20037.32,20066.19,
1737940800,20118.02,20118.02,20118.02,20118.02,
1737941400,20143.16,20271.54,20123.01,20261.75,
1737942000,20272.47,20296.67,20219.94,20243.66,
1737942600,20254.73,20254.73,20156.45,20203.82,
1737943200,20211.94,20274.05,20193.28,20271.51,
1737943800,20282.44,20282.44,20209.12,20217.4,
1737944400,20229.24,20243.87,20207.24,20236.04,
1737945000,20248.98,20248.98,20187.34,20196.7,
1737945600,20205.85,20213.43,20141.71,20149.58,
1737946200,20160.02,20198.22,20150.26,20195.97,
1737946800,20207.7,20242.76,20192.06,20238.33,
1737947400,20251.07,20296.94,20231.5,20232.77,
1737948000,20246.91,20285.14,20231.92,20280.2,
1737948600,20289.51,20289.51,20265.15,20272.09,
1737949200,20282.81,20282.81,20240.45,20242.95,
1737949800,20257.91,20257.91,20237.75,20247.14,
1737950400,20259.97,20259.97,20259.97,20259.97,
1737954000,20254.21,20254.21,20214.27,20243.37,
1737954600,20253.98,20253.98,20220.41,20222.75,
1737955200,20233.97,20244.53,20215.68,20234.81,
1737955800,20246.68,20255.92,20233.43,20240.09,
1737956400,20250.42,20271.38,20235.21,20246.44,
1737957000,20256.19,20256.19,20228.4,20241.3,
1737957600,20253.06,20267.21,20248.08,20264.67,
1737958200,20274.05,20274.05,20247.9,20269.93,
1737958800,20280.97,20280.97,20248.15,20267.15,
1737959400,20278.44,20278.44,20243.69,20249.95,
1737960000,20260.04,20260.04,20196.94,20209.16,
1737960600,20218.86,20218.86,20200.62,20211.16,
1737961200,20222.5,20231.51,20206.1,20213.39,
1737961800,20226.66,20237.91,20206.95,20210.85,
1737962400,20223.4,20223.4,20168.09,20173.91,
1737963000,20185.81,20185.81,20153.8,20161.57,
1737963600,20176.64,20191.54,20160.58,20176.94,
1737964200,20188.48,20190.08,20170.06,20175,
1737964800,20174.94,20197.77,20174.94,20197.77,
1738027200,20337.46,20337.46,20337.46,20337.46,
1738027800,20321.63,20321.63,20184.39,20258.43,
1738028400,20258.4,20294.07,20205.89,20228.86,
1738029000,20230.05,20285.85,20214.23,20215.19,
1738029600,20214.38,20243.6,20189.27,20234.74,
1738030200,20235.87,20236.21,20182.25,20186.46,
1738030800,20186.18,20188.68,20165.73,20173.39,
1738031400,20171.21,20234.64,20171.21,20230.24,
1738032000,20231.53,20283.42,20209.09,20268.78,
1738032600,20268.28,20271.73,20228.61,20234.23,
1738033200,20232.88,20245.39,20218.9,20242.28,
1738033800,20240.75,20259.06,20227.11,20227.11,
1738034400,20227.38,20257.81,20225.12,20257.22,
1738035000,20255.47,20257.55,20230.58,20237.59,
1738035600,20236.55,20239.67,20214.06,20233.12,
1738036200,20231.87,20250.7,20223.58,20236.93,
1738036800,20237.99,20237.99,20225.11,20225.11,
1738545600,20048.87,20048.87,20048.87,20048.87,
1738546200,20040.03,20129.47,19845.92,19854.53,
1738546800,19855.05,19890.4,19800.46,19865.33,
1738547400,19865.22,19921.1,19848.77,19921.1,
1738548000,19919.87,19927.78,19812.27,19812.61,
1738548600,19809.83,19914.27,19764.67,19910.2,
1738549200,19909.62,19983.44,19908.82,19967.96,
1738549800,19967.41,19974.5,19937.36,19944.89,
1738550400,19946.51,19973.62,19928.88,19928.88,
1738551000,19928.24,19930.98,19888.16,19930.98,
1738551600,19932.59,19971.34,19927.87,19966.91,
1738552200,19968.29,20052.33,19968.29,20038.99,
1738552800,20039.35,20158.12,20039.35,20157.98,
1738553400,20159.09,20176.3,20139.53,20147.09,
1738554000,20144.96,20148.11,20093.45,20094.43,
1738554600,20092.95,20116.64,20076.63,20076.63,
1738555200,20075.95,20075.95,20075.95,20075.95,
1738558800,20069.68,20069.68,19990.55,19998,
1738559400,19998.07,20021.65,19987.54,20016.94,
1738560000,20016.1,20018.58,19988.56,20004.23,
1738560600,20004.18,20048.01,20004.18,20009.31,
1738561200,20010.74,20037.58,19995.31,20025.22,
1738561800,20025.01,20104.49,20022.72,20101.66,
1738562400,20101.29,20109.73,20080.5,20091.62,
1738563000,20096.18,20120.2,20096.18,20102.62,
1738563600,20103,20135.77,20099.87,20126.99,
1738564200,20127.12,20142.22,20108.05,20110.52,
1738564800,20112.21,20153.42,20104.59,20149.71,
1738565400,20150.53,20157.39,20139,20146.62,
1738566000,20147.65,20168.82,20144.44,20165.5,
1738566600,20165.56,20166.83,20142.51,20149.07,
1738567200,20148.7,20152.98,20141.5,20150.33,
1738567800,20149.66,20193.73,20144.33,20193.39,
1738568400,20195,20218.54,20178.53,20208.73,
1738569000,20213.22,20222,20186.36,20191.53,
1738569600,20191.36,20217.26,20191.36,20217.26,
1738632000,20488.29,20488.29,20488.29,20488.29,
1738632600,20498.34,20583.95,20475.38,20502.9,
1738633200,20503.99,20561.14,20503.99,20528.28,
1738633800,20528.01,20648.43,20493.57,20627.15,
1738634400,20628.05,20718.3,20621.95,20717.79,
1738635000,20718.71,20800.35,20696.51,20796,
1738635600,20794.33,20885.49,20794.33,20825.37,
1738636200,20827.28,20853.59,20791.63,20803.17,
1738636800,20800.31,20802.99,20706.54,20786.05,
1738637400,20782.63,20808.55,20774.65,20806.53,
1738638000,20806.21,20828.55,20790.68,20790.68,
1738638600,20788.62,20791.96,20734.77,20746.08,
1738639200,20745.83,20747.16,20712.65,20720.28,
1738639800,20721.45,20733.83,20677.58,20677.83,
1738640400,20678.47,20678.85,20586.31,20592.65,
1738641000,20592.42,20624.64,20591.77,20621.97,
1738641600,20622.14,20622.14,20622.14,20622.14,
1738645200,20604.22,20610.51,20297.64,20315.42,
1738645800,20320.78,20496.96,20320.78,20466.61,
1738646400,20465.03,20546.36,20462.72,20534.1,
1738647000,20534.69,20618.7,20534.17,20554.89,
1738647600,20556.06,20593.64,20553.85,20593.62,
1738648200,20593,20624.54,20534.17,20552.49,
1738648800,20551.71,20606.96,20551.14,20603.88,
1738649400,20604.03,20625.54,20591.01,20625.54,
1738650000,20623.17,20681.81,20623.17,20676.05,
1738650600,20674.72,20702.88,20667.71,20692.72,
1738651200,20694.2,20701.51,20665.34,20681.78,
1738651800,20682.3,20695.88,20678.2,20691.38,
1738652400,20692.02,20712.65,20664.73,20670.12,
1738653000,20672.91,20742.86,20669.95,20739.77,
1738653600,20740.12,20745.81,20726.55,20736.47,
1738654200,20735.73,20758.49,20729.82,20752.15,
1738654800,20755.07,20776.56,20741.23,20775.01,
1738655400,20775.95,20788.79,20767.3,20783.02,
1738656000,20783.25,20789.96,20783.25,20789.96,
1738718400,20827.77,20827.77,20827.77,20827.77,
1738719000,20777.15,20777.15,20544.65,20593.02,
1738719600,20594.75,20603.87,20511.85,20581.27,
1738720200,20578.34,20608.32,20476.34,20480.43,
1738720800,20478.74,20486.72,20417.39,20480.16,
1738721400,20481.1,20553.45,20481.1,20537.26,
1738722000,20535.82,20569.86,20506.16,20561.47,
1738722600,20559.75,20586.41,20550.28,20585.99,
1738723200,20586.03,20617.75,20543.9,20613.83,
1738723800,20614.57,20662.78,20604.03,20662.78,
1738724400,20660.72,20670.06,20619.65,20630,
1738725000,20631.13,20690.66,20628.26,20690.66,
1738725600,20692.24,20712.28,20655.44,20712.28,
1738726200,20712.84,20712.84,20657.38,20662.94,
1738726800,20660.88,20666.71,20642.82,20661.69,
1738727400,20659.88,20665.77,20632.8,20646.09,
1738728000,20647.03,20647.03,20647.03,20647.03,
1738731600,20650.19,20654.54,20551.92,20611.74,
1738732200,20609.68,20626.26,20594.75,20595.07,
1738732800,20595.22,20597.94,20552.9,20574,
1738733400,20571.2,20579.82,20522.11,20523.18,
1738734000,20523.43,20541.87,20510.25,20534.82,
1738734600,20532.37,20571.89,20528.23,20555.23,
1738735200,20557.02,20558.13,20518.62,20537.99,
1738735800,20539.53,20562.25,20539.01,20561.29,
1738736400,20558.83,20588.82,20558.83,20576.33,
1738737000,20576.14,20588.02,20557.96,20565.46,
1738737600,20568.41,20572.52,20549.97,20552.24,
1738738200,20551.28,20554.67,20521.39,20527.95,
1738738800,20530.13,20576.56,20528.71,20570.95,
1738739400,20572.1,20582.37,20566.04,20581.83,
1738740000,20583.02,20600.26,20571.12,20593.09,
1738740600,20593.14,20600.96,20574.25,20576.52,
1738741200,20575.68,20591.11,20575.57,20588.68,
1738741800,20590.5,20601.31,20582.63,20590.12,
1738742400,20588.52,20597.09,20588.52,20597.09,
1738804800,20598.98,20598.98,20598.98,20598.98,
1738805400,20581.33,20717.76,20567.11,20648.89,
1738806000,20650.52,20690.98,20600.91,20606.11,
1738806600,20602.3,20628.33,20569.29,20569.29,
1738807200,20569.56,20628.7,20554.89,20593.75,
1738807800,20593.65,20606.29,20582.04,20590.35,
1738808400,20590.61,20595.41,20532.06,20562.7,
1738809000,20565.65,20645.2,20563.29,20644.34,
1738809600,20644.79,20649.7,20619.52,20629.64,
1738810200,20631.89,20775.1,20628.41,20774.21,
1738810800,20773.51,20787.32,20684.19,20692.46,
1738811400,20693.65,20718.78,20691.24,20703.18,
1738812000,20699.32,20709.26,20654.99,20656.7,
1738812600,20657.76,20666.14,20632.87,20651.85,
1738813200,20651,20662.79,20639.94,20653.8,
1738813800,20654.71,20657.97,20645.24,20654.62,
1738814400,20655.94,20655.94,20655.94,20655.94,
1738818000,20654.9,20728,20652.14,20702.26,
1738818600,20698.92,20744.75,20692.07,20719.56,
1738819200,20722.38,20742.28,20701.32,20716.98,
1738819800,20713.86,20719.54,20693.28,20693.28,
1738820400,20692.01,20742.76,20690.49,20737.41,
1738821000,20736.79,20760.72,20732.95,20755,
1738821600,20755.04,20775.91,20738.44,20749.47,
1738822200,20751.35,20751.76,20718.84,20734.62,
1738822800,20732.97,20751.91,20725.21,20746.86,
1738823400,20746.69,20805.59,20746.69,20782.21,
1738824000,20782.15,20790.6,20777.4,20788.79,
1738824600,20788.52,20826.77,20787.99,20810.05,
1738825200,20810.99,20839.52,20808.05,20831.63,
1738825800,20828.36,20833.12,20813.17,20817.71,
1738826400,20817.65,20820.37,20785.16,20792.66,
1738827000,20791.13,20827.39,20790.53,20823.99,
1738827600,20822.17,20844.7,20819.17,20842.74,
1738828200,20843.41,20871.94,20833.99,20865.75,
1738828800,20865.78,20891.62,20865.78,20891.62,
1738891200,20858.52,20858.52,20858.52,20858.52,
1738891800,20859.67,20894.07,20806.1,20894.07,
1738892400,20901.3,20988.63,20893.47,20958.51,
1738893000,20965.86,20996.88,20920.19,20957.73,
1738893600,20968.05,21047.85,20968.05,21011.36,
1738894200,21018.67,21092.11,20969.87,21087.67,
1738894800,21098.2,21108.86,21054.52,21063.13,
1738895400,21071.85,21071.85,21007.49,21055.21,
1738896000,21061.88,21080.72,21045.47,21078.54,
1738896600,21085.37,21110.02,21061.39,21086.79,
1738897200,21097.44,21148.43,21086.51,21144.96,
1738897800,21149.95,21185.61,21127.41,21143.63,
1738898400,21152.33,21186.42,21133.98,21183.47,
1738899000,21193.17,21193.17,21123.39,21143.68,
1738899600,21151.02,21208.62,21145.62,21200.15,
1738900200,21208.41,21213.7,21193.32,21201.99,
1738900800,21210.86,21210.86,21210.86,21210.86,
1738904400,21201.52,21206.71,21135.65,21162.5,
1738905000,21171,21199.1,21151.93,21151.93,
1738905600,21161.65,21181.68,21125.44,21125.44,
1738906200,21126.08,21145.16,21068.98,21123.68,
1738906800,21134.21,21134.21,21021.62,21022.81,
1738907400,21034,21053.65,21009.08,21048.67,
1738908000,21060.43,21063.01,21016.09,21047.29,
1738908600,21056.25,21056.25,20936.37,20936.59,
1738909200,20946.39,20994.23,20923.76,20993.65,
1738909800,21003.63,21047.99,20991.59,21041.74,
1738910400,21049.66,21074.25,21042.26,21074.23,
1738911000,21083.01,21114.95,21068.17,21108.72,
1738911600,21116.79,21116.79,21089.68,21096.47,
1738912200,21105.23,21123.1,21086.02,21093.85,
1738912800,21105.36,21105.36,21070.45,21080.29,
1738913400,21092.13,21103.34,21080.29,21096.6,
1738914000,21106.03,21111.38,21088.94,21102.24,
1738914600,21106.78,21123.59,21090.72,21110.69,
1738915200,21125.02,21133.54,21125.02,21133.54,
1739150400,21223.61,21223.61,21223.61,21223.61,
1739151000,21235.17,21401.12,21232.7,21272.55,
1739151600,21268.27,21418.87,21229.43,21359.39,
1739152200,21358.53,21472.2,21321.81,21466.55,
1739152800,21472.36,21518.6,21431.06,21464.32,
1739153400,21464.35,21476.69,21373.16,21393.62,
1739154000,21393.43,21502.52,21390.29,21444.79,
1739154600,21442.29,21445.05,21350.29,21396.64,
1739155200,21399.6,21430.71,21373.75,21423.73,
1739155800,21423.74,21457.23,21418.66,21438.12,
1739156400,21439.3,21455.16,21375.68,21437.47,
1739157000,21438.79,21454.73,21380.67,21411.29,
1739157600,21409.67,21437.93,21381.9,21428.33,
1739158200,21425.97,21461.67,21412.93,21435.11,
1739158800,21433.36,21438.19,21414.75,21424.1,
1739159400,21424.65,21437.47,21419.15,21436.83,
1739160000,21435.42,21435.42,21435.42,21435.42,
1739163600,21428.72,21477.5,21385.8,21475.59,
1739164200,21475.77,21479.94,21434.16,21469.83,
1739164800,21468.66,21497.15,21468.66,21497.15,
1739165400,21500.54,21521.08,21478.34,21483.24,
1739166000,21481.46,21521.95,21457.57,21465.79,
1739166600,21462.87,21498.15,21454.07,21474.09,
1739167200,21471.76,21509.41,21471.76,21492.36,
1739167800,21495.09,21529.65,21474.85,21526.73,
1739168400,21525.99,21539.63,21505.74,21531.14,
1739169000,21530.73,21530.73,21461.55,21476.94,
1739169600,21471.82,21499.28,21469.1,21483.71,
1739170200,21486.42,21486.42,21449.34,21480.55,
1739170800,21479.63,21507.85,21477.17,21500.76,
1739171400,21501.57,21522.7,21499.58,21505.73,
1739172000,21505.38,21524.93,21498.03,21504.48,
1739172600,21505.99,21535.1,21497.86,21512.57,
1739173200,21509.58,21514.71,21490.63,21507.66,
1739173800,21503.84,21522.73,21495.89,21514.83,
1739174400,21512.4,21521.98,21512.4,21521.98,
1739236800,21656.82,21656.82,21656.82,21656.82,
1739237400,21648.64,21682.41,21518.27,21577.2,
1739238000,21575.51,21581.14,21503.82,21507.7,
1739238600,21497.7,21528.24,21454.8,21522.99,
1739239200,21526.04,21576.84,21506.12,21547.96,
1739239800,21551.48,21564.61,21475.23,21477.9,
1739240400,21475.46,21476.85,21427.38,21434.31,
1739241000,21435.74,21449.04,21361.97,21371.57,
1739241600,21369.38,21419.26,21358.29,21417.99,
1739242200,21422.39,21426.09,21346.74,21362.17,
1739242800,21362.31,21375.76,21312.65,21320.11,
1739243400,21323.17,21353.1,21292.09,21353.1,
1739244000,21351.82,21404.43,21350.35,21404.43,
1739244600,21403.44,21437.62,21391.34,21398.19,
1739245200,21394.69,21397.84,21363.83,21370.84,
1739245800,21372.76,21402.24,21364.32,21394.32,
1739246400,21395.73,21395.73,21395.73,21395.73,
1739250000,21397.97,21478.04,21388.08,21474.73,
1739250600,21472.36,21499.06,21451.65,21474.47,
1739251200,21474.28,21480.65,21424.61,21430.76,
1739251800,21432.61,21486.08,21431.68,21462.86,
1739252400,21462.68,21466.74,21417.54,21440.11,
1739253000,21440.82,21465.31,21440.6,21455.46,
1739253600,21453.49,21476.31,21435.96,21437.99,
1739254200,21438.19,21476.73,21426.23,21431.54,
1739254800,21432.7,21453.99,21421.39,21453.99,
1739255400,21452.67,21458.26,21380.28,21385.71,
1739256000,21388.73,21402.06,21380.98,21391.97,
1739256600,21388.81,21406.71,21386.88,21395.79,
1739257200,21396.88,21411.94,21367.58,21406.57,
1739257800,21408.5,21408.5,21367.44,21371.02,
1739258400,21367.73,21378.87,21365.44,21371.37,
1739259000,21371.93,21379.83,21294.6,21310.7,
1739259600,21310.26,21340.96,21304.16,21305.26,
1739260200,21304.75,21314.44,21279.37,21314.44,
1739260800,21312.42,21312.42,21294.86,21294.86,
1739323200,21526.41,21526.41,21526.41,21526.41,
1739323800,21530.94,21538.03,21417.58,21432.34,
1739324400,21433.29,21530.6,21411.09,21521.42,
1739325000,21521.63,21621.86,21490.14,21621.86,
1739325600,21621.04,21725.99,21621.04,21676.13,
1739326200,21679.12,21682.84,21593.34,21594.67,
1739326800,21596.05,21734.24,21593.69,21712.73,
1739327400,21712.99,21721.96,21628.72,21688.93,
1739328000,21685.3,21718.22,21627.12,21717.86,
1739328600,21714.51,21738.14,21699.75,21725.71,
1739329200,21727.47,21772.37,21712.98,21751.51,
1739329800,21752.57,21756.04,21660.45,21662.11,
1739330400,21662.45,21667.72,21585.58,21587.62,
1739331000,21587.29,21627.92,21584.18,21587.94,
1739331600,21591.55,21646.92,21589.07,21641.41,
1739332200,21641.52,21649.93,21619.46,21625.67,
1739332800,21626.8,21626.8,21626.8,21626.8,
1739336400,21626.77,21650.03,21590.59,21616.29,
1739337000,21615.01,21618.6,21568.58,21608.11,
1739337600,21611.6,21627.07,21595.16,21621.59,
1739338200,21619.69,21636.25,21609.49,21624.49,
1739338800,21625.87,21678.38,21619.52,21674.87,
1739339400,21676.6,21696.48,21658.3,21684.49,
1739340000,21686.54,21719.9,21672.08,21692.17,
1739340600,21693.2,21712.73,21690.59,21706.89,
1739341200,21703.94,21731.38,21694.88,21701.26,
1739341800,21698.61,21761.73,21672.66,21761.73,
1739342400,21763.91,21826.55,21762.88,21792.48,
1739343000,21791.53,21804.36,21758.65,21770.96,
1739343600,21770.24,21812.02,21757.2,21808.52,
1739344200,21806.72,21839.64,21802.47,21816.28,
1739344800,21816.91,21824.96,21776.13,21802.56,
1739345400,21805.03,21829.86,21804.57,21821.17,
1739346000,21820.07,21847.4,21818.89,21837.66,
1739346600,21834.07,21858.83,21825.85,21858.83,
1739347200,21858.31,21858.31,21857.92,21857.92,
1739409600,21958.69,21958.69,21958.69,21958.69,
1739410200,21954.56,22086.05,21929.59,21984.39,
1739410800,21982.49,22058.75,21952.37,22021.47,
1739411400,22025.04,22116.68,22018.85,22072.33,
1739412000,22074.69,22170.84,22066.83,22139.98,
1739412600,22144.99,22159.3,22043.38,22141.69,
1739413200,22141.19,22166.37,22082.79,22111.6,
1739413800,22114.54,22146.81,22042.97,22067.24,
1739414400,22068.84,22114.99,22030.13,22073.22,
1739415000,22073.05,22111.84,22045.66,22070.04,
1739415600,22068.75,22102.43,22043.02,22099.15,
1739416200,22101.87,22185.44,22101.6,22178.12,
1739416800,22177.74,22186.97,22142.4,22145.52,
1739417400,22143.49,22199.03,22142.47,22187.67,
1739418000,22189.86,22204.72,22177.19,22193.03,
1739418600,22195.17,22206.18,22184.58,22190.99,
1739419200,22191.01,22191.01,22191.01,22191.01,
1739422800,22184.74,22265.13,22184.74,22235.11,
1739423400,22237.17,22285.35,22230.64,22280.56,
1739424000,22282.72,22349.38,22274.67,22336.13,
1739424600,22337.64,22386.49,22335.45,22359.8,
1739425200,22361.07,22420.8,22351.39,22393.57,
1739425800,22389.81,22423.18,22340.42,22405.94,
1739426400,22406.35,22508.57,22403.55,22499.48,
1739427000,22498.33,22523.57,22392.79,22399.54,
1739427600,22396.14,22396.14,22298.86,22303.39,
1739428200,22302.36,22360.1,22250.33,22252.36,
1739428800,22245.4,22277.82,22171.57,22180.66,
1739429400,22188.89,22251.57,22131.11,22133.98,
1739430000,22132.13,22151.26,22089.16,22120.15,
1739430600,22117.69,22135.37,22043.99,22043.99,
1739431200,22045.56,22045.56,21872.37,21979.79,
1739431800,21978.92,21978.92,21928,21928,
1739432400,21926.57,21929.58,21741.6,21771.44,
1739433000,21767.39,21785.15,21735.56,21783.83,
1739433600,21782.32,21814.37,21782.32,21814.37,
1739496000,22027.07,22027.07,22027.07,22027.07,
1739496600,22040.24,22227.6,22040.24,22212.38,
1739497200,22222.78,22256.56,22147.12,22204.72,
1739497800,22212.26,22213.85,22071.06,22122.37,
1739498400,22133.84,22165.74,22096.79,22164.99,
1739499000,22168.14,22196.86,22109.49,22196.86,
1739499600,22207.01,22207.76,22126.31,22126.31,
1739500200,22130.49,22183.97,22091.74,22182.83,
1739500800,22192.89,22276.51,22179.7,22262.9,
1739501400,22268.03,22310.55,22245.19,22259.6,
1739502000,22270.59,22320.71,22255.62,22305.99,
1739502600,22310.3,22397.37,22298.26,22314.47,
1739503200,22324.68,22335.45,22273.6,22321.99,
1739503800,22331.23,22359.28,22310.98,22345.46,
1739504400,22353.35,22363.4,22328.49,22338.52,
1739505000,22345.21,22345.21,22271.58,22293.04,
1739505600,22303.8,22303.8,22303.8,22303.8,
1739509200,22300.86,22378.32,22296.93,22325.6,
1739509800,22334.45,22385.93,22289.95,22309.66,
1739510400,22324.1,22371.63,22308.49,22356.84,
1739511000,22364.24,22406.04,22136.15,22136.15,
1739511600,22136.57,22225.75,22098.09,22128.43,
1739512200,22139.57,22233.85,22130.46,22220.15,
1739512800,22229.52,22283.79,22222.35,22269.27,
1739513400,22280.6,22403.57,22261.14,22361.37,
1739514000,22363.35,22418.05,22312.36,22313.71,
1739514600,22318.56,22407.8,22283.33,22406.11,
1739515200,22413.05,22436.58,22371.76,22372.06,
1739515800,22387.59,22430.39,22364.2,22430.39,
1739516400,22435.77,22494.56,22416.04,22477.11,
1739517000,22486.7,22571.53,22473.6,22531.26,
1739517600,22539.05,22541.89,22403.12,22480.75,
1739518200,22493.27,22548,22465.67,22547.44,
1739518800,22554.76,22572.02,22533.77,22556.6,
1739519400,22568.99,22591.71,22548.98,22573.71,
1739520000,22579.05,22620.33,22579.05,22620.33,
1739755200,22755.06,22755.06,22755.06,22755.06,
1739755800,22746.55,22977.25,22746.55,22964.94,
1739756400,22959.67,22969.69,22790.68,22922.42,
1739757000,22918.21,22943.2,22704.62,22718.64,
1739757600,22717.45,22784.5,22579.05,22579.05,
1739758200,22576.37,22654.72,22517.95,22609.16,
1739758800,22601.11,22694.49,22579.29,22677.08,
1739759400,22676.57,22808.62,22676.57,22735.32,
1739760000,22734.17,22778.33,22674.05,22678.98,
1739760600,22681.46,22773.72,22681.46,22740.79,
1739761200,22743.09,22787.58,22683.58,22754.38,
1739761800,22755.48,22758.64,22605.16,22605.16,
1739762400,22605.04,22622.53,22548.55,22592.77,
1739763000,22597.04,22608.35,22505.26,22602,
1739763600,22605.98,22670.8,22598.2,22645.78,
1739764200,22646.41,22665.5,22626.3,22661.16,
1739764800,22661.9,22661.9,22661.9,22661.9,
1739768400,22666.85,22684.23,22438.6,22481.57,
1739769000,22481.12,22563.31,22481.12,22550.37,
1739769600,22548.2,22565.94,22486.45,22499.85,
1739770200,22503.73,22505.18,22367.89,22381.91,
1739770800,22384.31,22410.3,22319.32,22387,
1739771400,22391.9,22498.59,22388.68,22457.17,
1739772000,22457.08,22544.89,22445.25,22508.75,
1739772600,22509.05,22617.17,22506.34,22553.09,
1739773200,22555.49,22605.35,22541.03,22603.75,
1739773800,22602.72,22649.63,22576.84,22649.63,
1739774400,22654.18,22721.53,22626.14,22713.82,
1739775000,22714.51,22714.51,22652.91,22680.49,
1739775600,22680.26,22705.48,22633.23,22705.48,
1739776200,22704.51,22732,22668.26,22696.26,
1739776800,22695.19,22696.1,22613.53,22654.01,
1739777400,22654.43,22663.64,22583.9,22613.67,
1739778000,22615.82,22615.82,22576.2,22577.82,
1739778600,22582.27,22595.92,22554.9,22594.75,
1739779200,22596.48,22616.23,22596.48,22616.23,
1739841600,22664.73,22664.73,22664.73,22664.73,
1739842200,22659.26,22818.56,22608.18,22768.76,
1739842800,22768.71,22770.21,22648.56,22728.32,
1739843400,22723.43,22846.6,22674.78,22809.94,
1739844000,22807.33,22871.8,22748.26,22800.71,
1739844600,22800.17,22859.33,22748.94,22822.26,
1739845200,22822.78,22952.97,22814.81,22925.49,
1739845800,22925.46,23034.91,22896.9,23025.45,
1739846400,23025.08,23031.5,22925.18,22963.9,
1739847000,22961.15,22962.17,22867.86,22942.38,
1739847600,22943.42,22999.96,22943.42,22951.77,
1739848200,22953.39,22999.13,22926.17,22998.84,
1739848800,22997.83,23082.32,22997.83,23070.53,
1739849400,23069.53,23093.94,23032.24,23058.91,
1739850000,23056.55,23076.71,23020.56,23052.36,
1739850600,23052.63,23088.41,23037.58,23080.34,
1739851200,23080.23,23080.23,23080.23,23080.23,
1739854800,23084.96,23141.41,22979.46,23042.13,
1739855400,23043.6,23069,22995.38,23067.5,
1739856000,23072.87,23097.73,23046.81,23057.53,
1739856600,23050.57,23056.43,22896.67,22913.11,
1739857200,22909.23,22960.68,22841.3,22879.9,
1739857800,22886.91,22886.91,22775.15,22804.34,
1739858400,22804.6,22899.18,22801.7,22865.25,
1739859000,22865.15,22869.29,22808.76,22821.99,
1739859600,22821.14,22844.28,22754.93,22793.88,
1739860200,22792.46,22809.42,22691.56,22724.78,
1739860800,22724.44,22793.5,22724.44,22770.65,
1739861400,22770.44,22823.31,22755.12,22822.78,
1739862000,22825.23,22855.79,22816.97,22816.97,
1739862600,22819.14,22902.11,22817.43,22902.11,
1739863200,22897.62,22897.62,22861.71,22881.79,
1739863800,22881.26,22906.37,22869.34,22879.57,
1739864400,22880.62,22915.73,22879.92,22903.93,
1739865000,22909.2,22956.7,22907.04,22948.45,
1739865600,22953.86,22976.81,22953.86,22976.81,
1739928000,22777.46,22777.46,22777.46,22777.46,
1739928600,22759.63,22780.49,22649.49,22717.09,
1739929200,22719.95,22837.57,22717.38,22798.18,
1739929800,22795.47,22860.05,22795.47,22837.09,
1739930400,22829.96,22889.03,22809.79,22880.92,
1739931000,22882.41,22972.26,22858.99,22932.33,
1739931600,22939.9,22964.52,22874.01,22906.8,
1739932200,22905.15,22975.34,22885.79,22965.35,
1739932800,22967.51,22967.62,22902.98,22949.46,
1739933400,22951.87,22951.87,22914.79,22922.9,
1739934000,22927.09,22927.09,22854.32,22867.95,
1739934600,22869.19,22913.08,22864.97,22873.91,
1739935200,22875.28,22875.28,22831.41,22834.5,
1739935800,22838.96,22901.04,22838.79,22885.41,
1739936400,22887,22922.6,22884.72,22916.21,
1739937000,22915.78,22917.97,22897,22911.19,
1739937600,22911.68,22911.68,22911.62,22911.62,
1739941200,22924.58,22961.47,22866.06,22938.2,
1739941800,22938,22964,22897.94,22900.02,
1739942400,22900.6,22906.87,22803.99,22858.16,
1739943000,22856.23,22868.66,22842.24,22844.47,
1739943600,22843.19,22852.33,22761.19,22793.03,
1739944200,22792.84,22832.37,22791.99,22832.37,
1739944800,22829.13,22922.61,22821.08,22922.61,
1739945400,22921.89,22927.68,22862.85,22871.04,
1739946000,22871.21,22880.33,22848.03,22865.3,
1739946600,22861.49,22863.02,22822.36,22850.66,
1739947200,22851.22,22912.28,22847.25,22908.67,
1739947800,22909.45,22919.25,22894.5,22914.78,
1739948400,22912.93,22913.51,22887.52,22897.97,
1739949000,22895.05,22895.05,22852.58,22874.57,
1739949600,22873.69,22911.86,22868.14,22899.63,
1739950200,22896.95,22919.8,22892.82,22898.55,
1739950800,22898.85,22917.93,22895.25,22911.77,
1739951400,22912.3,22928.88,22898.05,22914.61,
1739952000,22911.93,22944.24,22911.93,22944.24,
1740014400,22716.71,22716.71,22716.71,22716.71,
1740015000,22718.79,22849.66,22689.26,22784.15,
1740015600,22788.64,22789.5,22619.04,22632.24,
1740016200,22633.66,22712.2,22581.03,22588.39,
1740016800,22585.27,22594.85,22492.4,22523.64,
1740017400,22523.83,22584.78,22510.59,22536.13,
1740018000,22532.61,22552.91,22440.28,22449.02,
1740018600,22448.36,22579.04,22436.13,22562.08,
1740019200,22561.79,22564.92,22514.9,22538.14,
1740019800,22537.19,22645.52,22534.34,22631.55,
1740020400,22630.73,22634.14,22570.9,22603.54,
1740021000,22603.46,22607.9,22525.29,22549.02,
1740021600,22549.37,22575.34,22529.24,22573.93,
1740022200,22574.25,22618.04,22557.56,22598.12,
1740022800,22596.85,22613.42,22587.3,22605.43,
1740023400,22606.72,22643.01,22602.29,22624.06,
1740024000,22627.51,22627.51,22627.51,22627.51,
1740027600,22632.71,22695.94,22617.33,22671.92,
1740028200,22668.47,22701.22,22654.32,22701.22,
1740028800,22697.09,22763.24,22682.89,22751.28,
1740029400,22753.11,22769.31,22731.71,22747.57,
1740030000,22746.45,22746.45,22662,22668.47,
1740030600,22665.55,22718.36,22665.55,22705.09,
1740031200,22705.24,22705.24,22641.74,22663.35,
1740031800,22661.36,22727.28,22658.53,22723.59,
1740032400,22722.03,22725.68,22650.04,22663.65,
1740033000,22663.26,22690.09,22638.32,22657.36,
1740033600,22657.33,22659.85,22612.96,22643.67,
1740034200,22642.63,22642.63,22609.72,22629.87,
1740034800,22630.82,22632.48,22588.37,22602.06,
1740035400,22601.18,22637.97,22600.88,22633.53,
1740036000,22633.69,22637.85,22599.43,22608.32,
1740036600,22604.57,22619.32,22583.97,22597.3,
1740037200,22596.19,22609.66,22581.72,22592.76,
1740037800,22593.75,22600.45,22561.76,22574.54,
1740038400,22574.56,22576.98,22574.56,22576.98,
1740100800,23090.03,23090.03,23090.03,23090.03,
1740101400,23092.52,23105.7,22960.66,23017.3,
1740102000,23027.99,23027.99,22919.91,22925.67,
1740102600,22937.04,22979.04,22922.38,22947.38,
1740103200,22956.97,23025.69,22901.69,23021.57,
1740103800,23035.43,23149.99,23035.43,23107.08,
1740104400,23116.59,23116.59,23038.21,23084.92,
1740105000,23094.45,23130.74,23052.57,23130.48,
1740105600,23144.38,23184.02,23103.17,23179.89,
1740106200,23188.75,23208.74,23146.94,23203.83,
1740106800,23212.09,23212.09,23148.75,23182.45,
1740107400,23191.81,23207.75,23157.15,23193.71,
1740108000,23197.27,23256.55,23178.3,23228.97,
1740108600,23241.64,23253.06,23197.76,23220.93,
1740109200,23234.75,23253.88,23219.72,23240.06,
1740109800,23252.54,23252.54,23217.37,23224.84,
1740110400,23238.42,23238.42,23238.42,23238.42,
1740114000,23247.63,23322.06,23230.15,23246.61,
1740114600,23251.58,23343.26,23235.89,23317.71,
1740115200,23323.74,23350,23297.73,23330.29,
1740115800,23336.52,23349.88,23314.06,23325.39,
1740116400,23327.27,23329,23163.24,23172.3,
1740117000,23181.32,23242.35,23160.08,23230.74,
1740117600,23237.48,23290.97,23234.14,23266.3,
1740118200,23276.84,23306.48,23234.53,23302.55,
1740118800,23313.37,23327.08,23292.55,23324.42,
1740119400,23332.44,23337.39,23291.28,23301.48,
1740120000,23315.29,23358.89,23301.52,23351.98,
1740120600,23359.72,23373.17,23323.41,23330.63,
1740121200,23339.44,23382.14,23333.03,23374.37,
1740121800,23388.45,23417.7,23376.91,23391.87,
1740122400,23399.32,23430.35,23388.78,23428.09,
1740123000,23438.1,23474.48,23415.58,23423.09,
1740123600,23435.85,23435.85,23362.12,23407.77,
1740124200,23422.43,23461.16,23401.27,23449.64,
1740124800,23460.76,23477.92,23460.76,23477.92,
1740360000,23472.14,23472.14,23472.14,23472.14,
1740360600,23430.19,23449.2,23221.57,23439.16,
1740361200,23439.83,23644.95,23430.19,23617.11,
1740361800,23619.37,23688.45,23529.39,23534.34,
1740362400,23536.57,23540.57,23385.99,23500.65,
1740363000,23494.29,23621.07,23474.4,23525.44,
1740363600,23527.64,23559.19,23496.25,23537.56,
1740364200,23534.58,23560.16,23482.63,23514.42,
1740364800,23516.46,23600.27,23516.46,23523.32,
1740365400,23520.77,23561.7,23461.54,23468.18,
1740366000,23471.08,23554.54,23463.56,23520.83,
1740366600,23517.75,23557.92,23513.05,23553.75,
1740367200,23550.26,23557.12,23442.53,23459.77,
1740367800,23459.37,23461.37,23326.78,23377.18,
1740368400,23372.51,23382.51,23338.04,23351.6,
1740369000,23354.67,23355.36,23325.57,23351.48,
1740369600,23348.82,23348.82,23348.82,23348.82,
1740373200,23353.19,23393.48,23268.73,23293.47,
1740373800,23293.68,23329.86,23243.75,23245.5,
1740374400,23245.84,23327.61,23236.1,23311.41,
1740375000,23312.45,23400.49,23285.74,23400.49,
1740375600,23400.13,23402.26,23348.77,23384.73,
1740376200,23382.83,23393.41,23341.29,23345.22,
1740376800,23347.05,23349.53,23264.51,23319.76,
1740377400,23320.77,23372.56,23314.71,23371.19,
1740378000,23370.4,23437.51,23368.1,23400.67,
1740378600,23401.26,23418.66,23389.38,23403.86,
1740379200,23406.22,23408.16,23366.73,23406.34,
1740379800,23406.63,23528.6,23406.02,23505.17,
1740380400,23502.62,23523.93,23483.53,23507.83,
1740381000,23506.25,23509.02,23445.06,23451.59,
1740381600,23451.46,23469.57,23419.7,23422.97,
1740382200,23420.59,23429.76,23404.59,23407.49,
1740382800,23404.98,23422.35,23382.05,23401.76,
1740383400,23402.63,23403.08,23366.09,23372.45,
1740384000,23373.4,23373.4,23341.61,23341.61,
1740446400,22716.48,22716.48,22716.48,22716.48,
1740447000,22740.74,22914.23,22726.48,22838.97,
1740447600,22833.64,22943.54,22822.65,22936.87,
1740448200,22941.25,22989.02,22916.29,22960.56,
1740448800,22957.45,22968.81,22861.3,22877.53,
1740449400,22876.75,22983.34,22866.32,22979.3,
1740450000,22979.84,23001.58,22901.35,22999.97,
1740450600,23003.48,23128.06,22991.18,23070.29,
1740451200,23072.08,23102.44,23021.57,23026.35,
1740451800,23025.27,23164,23024.54,23150.67,
1740452400,23151.39,23184.49,23126.98,23177.93,
1740453000,23176.09,23218.74,23153.04,23194.26,
1740453600,23191.99,23213.27,23169.59,23195.96,
1740454200,23192.16,23213.98,23144.97,23154,
1740454800,23151.83,23210.52,23148.24,23189.42,
1740455400,23190.57,23201.85,23173.87,23193.73,
1740456000,23196.33,23196.33,23196.33,23196.33,
1740459600,23195.62,23248.52,23163.78,23172.12,
1740460200,23171.46,23182.73,23098.14,23176.59,
1740460800,23182.44,23234.54,23139.98,23233.99,
1740461400,23235.05,23235.4,23179.9,23182.09,
1740462000,23179.38,23183.52,23105.29,23168.49,
1740462600,23167.2,23170.9,23094.22,23117.18,
1740463200,23113.96,23124.59,23076.86,23119.03,
1740463800,23119.56,23149.11,23105.52,23136.12,
1740464400,23149.84,23168.43,23096.94,23106.04,
1740465000,23105.14,23120.84,23017.38,23064.91,
1740465600,23060.43,23065.34,22908.93,22943.87,
1740466200,22943.93,22993.31,22943.93,22967.3,
1740466800,22969.53,22981.78,22897.54,22944.15,
1740467400,22944.32,23029.27,22939.38,23007.75,
1740468000,23009.44,23015.75,22989,23007.32,
1740468600,23010.92,23038.73,22988.86,23003.24,
1740469200,23005.06,23036.39,22997.09,23018.74,
1740469800,23018.07,23041.24,23013.93,23024.65,
1740470400,23024.42,23034.02,23024.42,23034.02,
1740532800,23238.34,23238.34,23238.34,23238.34,
1740533400,23265.66,23405.55,23265.66,23381.25,
1740534000,23380.25,23523.79,23371.65,23514.8,
1740534600,23515.53,23558.6,23470.02,23558.6,
1740535200,23556.52,23600.6,23493.32,23498.11,
1740535800,23496.6,23573.74,23496.6,23540.96,
1740536400,23539.25,23585.11,23537.01,23544.85,
1740537000,23545.94,23545.94,23465.63,23519.21,
1740537600,23518.02,23587.67,23482,23584.75,
1740538200,23584.16,23697.03,23574.98,23694.53,
1740538800,23690.29,23697.35,23627.22,23634.32,
1740539400,23637.53,23679.78,23610.82,23627.78,
1740540000,23621.57,23647.66,23553.41,23585.62,
1740540600,23583.86,23637.5,23583.86,23635.01,
1740541200,23630.39,23658.59,23612.38,23628.2,
1740541800,23628.73,23638.98,23601.95,23621.09,
1740542400,23619.24,23619.24,23619.24,23619.24,
1740546000,23628.5,23763.69,23628.5,23755.22,
1740546600,23753.46,23769.46,23704.59,23733.68,
1740547200,23736.64,23806.94,23736.64,23801.79,
1740547800,23803.51,23812.11,23720.81,23743.94,
1740548400,23745.44,23793.64,23691.44,23722.76,
1740549000,23721.64,23781.94,23721.64,23769.68,
1740549600,23770.21,23785.42,23707.87,23713.81,
1740550200,23716.56,23799.64,23715.69,23794.5,
1740550800,23798.14,23813.07,23749.81,23765.92,
1740551400,23765.39,23828.32,23760.91,23798.81,
1740552000,23803.35,23842.97,23786.62,23837.15,
1740552600,23836.8,23866.41,23824.97,23851.69,
1740553200,23851.29,23897.58,23846.79,23893.79,
1740553800,23892.42,23900.66,23860.52,23876.5,
1740554400,23873.81,23973.17,23845.25,23937.89,
1740555000,23940.94,23942.2,23678.56,23732.34,
1740555600,23733.46,23787.13,23719.66,23726.07,
1740556200,23723.28,23773.02,23721.85,23764.03,
1740556800,23764.81,23787.93,23764.81,23787.93,
1740619200,23783.75,23783.75,23783.75,23783.75,
1740619800,23804.94,23972.42,23804.94,23968.86,
1740620400,23951.45,24075.98,23935.55,24075.98,
1740621000,24064.12,24076.53,23838.1,23838.1,
1740621600,23820.16,23874.32,23710.23,23841.93,
1740622200,23828.49,23892.86,23683.9,23696.42,
1740622800,23678.06,23823.54,23678.06,23752.26,
1740623400,23736.32,23782.9,23549.7,23549.7,
1740624000,23533.44,23657.4,23533.44,23626.73,
1740624600,23608.52,23648.1,23530.4,23635.78,
1740625200,23621.65,23698.76,23612.67,23658.65,
1740625800,23641.6,23711.22,23585.43,23588.08,
1740626400,23575.34,23665.98,23575.34,23634.83,
1740627000,23622.55,23637.69,23534.48,23546.18,
1740627600,23533.21,23601.11,23533.21,23553.29,
1740628200,23541.02,23573.61,23520.61,23549.51,
1740628800,23535.8,23535.8,23535.8,23535.8,
1740632400,23549.93,23549.93,23441.74,23516.91,
1740633000,23501.38,23539.91,23467.33,23526.41,
1740633600,23514.6,23618.03,23514.6,23585.59,
1740634200,23570.42,23661.51,23555.86,23557.32,
1740634800,23547.29,23722.32,23547.29,23693.98,
1740635400,23673.01,23779.06,23673.01,23730.25,
1740636000,23714.5,23762.52,23655.54,23712.39,
1740636600,23693.67,23781.91,23693.67,23719.2,
1740637200,23707.56,23869.91,23707.56,23869.6,
1740637800,23850.01,23892.78,23820.41,23873.4,
1740638400,23860.98,23891.09,23833.39,23850.65,
1740639000,23832.23,23845.44,23793.46,23840.89,
1740639600,23828.66,23873.98,23744.55,23756.51,
1740640200,23743.71,23760.69,23653.55,23689.28,
1740640800,23668.01,23714.65,23634.42,23663.18,
1740641400,23649.08,23686.82,23643.97,23646.94,
1740642000,23635.83,23735.33,23635.83,23717.38,
1740642600,23703.26,23732.32,23688.66,23704.04,
1740643200,23707.39,23718.29,23707.39,23718.29,
1740705600,23616.18,23616.18,23616.18,23616.18,
1740706200,23568.07,23576.65,23411.64,23412.24,
1740706800,23417.81,23506.89,23406.76,23411.54,
1740707400,23424.8,23425.63,23189.82,23189.82,
1740708000,23196.71,23331.59,23170.55,23331.59,
1740708600,23342.91,23349.33,23272.5,23324.89,
1740709200,23333.88,23434.53,23312.89,23375.96,
1740709800,23387.68,23431.58,23345.49,23374.8,
1740710400,23386.51,23392.82,23276.14,23313.83,
1740711000,23321.44,23349.47,23259.62,23263.87,
1740711600,23270.67,23278.25,23210.77,23210.77,
1740712200,23220.3,23253.71,23189.36,23192.13,
1740712800,23202.75,23209.7,23160.2,23182.82,
1740713400,23190.44,23190.44,23133.64,23136.56,
1740714000,23146.72,23182.45,23117.46,23165,
1740714600,23173.1,23191.11,23154.68,23164.5,
1740715200,23171.69,23171.69,23171.69,23171.69,
1740718800,23170.89,23170.89,23079.55,23111.91,
1740719400,23120.63,23186.71,23096.52,23107.65,
1740720000,23114.18,23114.18,23049.84,23093.34,
1740720600,23101.06,23101.06,23016.37,23074.04,
1740721200,23081.36,23081.36,23020.22,23038.89,
1740721800,23045.5,23172.57,23038.52,23113.41,
1740722400,23120.23,23120.23,22994.4,22996.17,
1740723000,23005.99,23005.99,22957.13,22961.33,
1740723600,22968.19,23027.66,22923.23,22992.41,
1740724200,23000.87,23008.27,22880.37,22927.81,
1740724800,22936.25,22997.98,22910.17,22912.34,
1740725400,22926.07,22926.07,22877.96,22884.41,
1740726000,22891.37,22922.27,22838.17,22838.65,
1740726600,22847.94,22911.23,22836.34,22898.87,
1740727200,22904.13,22932.39,22844.68,22859.72,
1740727800,22870.78,22870.78,22798.34,22809.69,
1740728400,22820.18,22914.43,22807.54,22907.5,
1740729000,22913.06,22962.49,22903.11,22909.55,
1740729600,22923.79,22941.32,22923.79,22941.32,
1740964800,23135.12,23135.12,23135.12,23135.12,
1740965400,23187.28,23251.07,23015.35,23141.12,
1740966000,23146.18,23282.34,23046.51,23282.34,
1740966600,23278.06,23339.99,23212.41,23297.54,
1740967200,23295.22,23325.48,23213.18,23324.61,
1740967800,23324.23,23333.51,23247.84,23302.81,
1740968400,23303.1,23405.98,23285.55,23372.98,
1740969000,23373.69,23389.87,23302.45,23302.45,
1740969600,23304.46,23374.13,23304.46,23354.6,
1740970200,23357.39,23392.06,23271.93,23297.01,
1740970800,23294.77,23307.09,23161.74,23219.06,
1740971400,23220.16,23254.88,23199.34,23216.02,
1740972000,23215.15,23269.19,23179.92,23245.64,
1740972600,23245.97,23257.15,23186.16,23204.38,
1740973200,23205.18,23229.83,23201.12,23222.51,
1740973800,23223.55,23223.55,23192.83,23219.06,
1740974400,23218.96,23218.96,23218.96,23218.96,
1740978000,23216.69,23267.78,23214.44,23242.52,
1740978600,23240.32,23294.07,23239.19,23275.26,
1740979200,23277.24,23277.36,23214.69,23246.51,
1740979800,23245.72,23246.64,23151.83,23155.72,
1740980400,23157.77,23191.32,23089.19,23100.14,
1740981000,23102.85,23104.77,22995.59,23059.84,
1740981600,23059.69,23059.69,22969.89,22972.63,
1740982200,22974.69,22983.01,22907.43,22924.15,
1740982800,22920.38,22948.97,22867.55,22929.11,
1740983400,22930.59,22944.22,22865.17,22875.48,
1740984000,22874.33,22966.39,22861.75,22921.83,
1740984600,22919.33,22968.71,22919.33,22968.71,
1740985200,22970.39,23034.57,22965.13,22989.05,
1740985800,22987.41,23038.01,22987.41,23025.96,
1740986400,23023.18,23061.21,22941.33,22944.91,
1740987000,22941.27,22962.94,22911.89,22951.79,
1740987600,22955.38,23001.32,22944.42,23001.32,
1740988200,22999.71,23028.76,22995.7,23010.38,
1740988800,23007.39,23007.39,23006.27,23006.27,
1741051200,22678.25,22678.25,22678.25,22678.25,
1741051800,22641.66,22730.08,22571.77,22571.77,
1741052400,22568.89,22739.16,22547.53,22702.69,
1741053000,22704.52,22767.96,22606.55,22614.71,
1741053600,22616.07,22697.5,22590.66,22675,
1741054200,22673.09,22696.77,22624.68,22637.7,
1741054800,22636.69,22707.72,22626.99,22707.72,
1741055400,22713.37,22780.37,22690.95,22745.6,
1741056000,22745.52,22832.22,22740.61,22787.64,
1741056600,22789.73,22873.05,22784.83,22784.83,
1741057200,22782.13,22863.29,22782.13,22855.75,
1741057800,22857.72,22923.85,22825.82,22923.05,
1741058400,22926.01,22935.29,22876.37,22918.37,
1741059000,22917.94,22934.58,22899.27,22904.56,
1741059600,22904.76,22918.29,22871.09,22918.04,
1741060200,22918.71,22926.81,22884.41,22899.71,
1741060800,22901.24,22901.24,22901.24,22901.24,
1741064400,22890.13,23027.6,22811.71,23027.6,
1741065000,23027.23,23051.01,22965.75,22968.05,
1741065600,22965.9,22975.88,22895.4,22927.06,
1741066200,22924.98,22998.12,22908.87,22980.72,
1741066800,22982.31,23005.22,22952.57,22997.49,
1741067400,22993.63,23012.77,22965.3,22978.56,
1741068000,22978.07,22990.15,22945.3,22947.08,
1741068600,22945.94,22954.37,22898.05,22921.75,
1741069200,22926.16,22981.89,22922.47,22981.89,
1741069800,22981.54,23014.47,22965.2,22992.13,
1741070400,22990.19,23010.79,22981.21,23008.81,
1741071000,23009.55,23031.48,22997.07,23011.22,
1741071600,23009.84,23020.09,22913.14,22913.14,
1741072200,22909.89,22958.58,22909.89,22942.62,
1741072800,22944.83,22945.24,22901.52,22920.27,
1741073400,22920.3,22944.8,22911.04,22935.65,
1741074000,22943.01,23005.01,22934.05,22996.9,
1741074600,23001.84,23003.23,22947.59,22969.89,
1741075200,22968.23,22968.23,22941.77,22941.77,
1741137600,23200.42,23200.42,23200.42,23200.42,
1741138200,23197.85,23468.05,23197.85,23424.8,
1741138800,23429.62,23513.94,23408.56,23456.23,
1741139400,23454.93,23496.11,23345.84,23348.25,
1741140000,23343.87,23365.23,23242.36,23327.38,
1741140600,23329.73,23345.24,23245.17,23298.53,
1741141200,23299.58,23334.61,23247.14,23260.35,
1741141800,23262.51,23301.3,23243.06,23269.94,
1741142400,23270.13,23270.13,23176.99,23192.8,
1741143000,23193.13,23215.14,23102.38,23114.67,
1741143600,23114.98,23168.46,23090.63,23158.68,
1741144200,23162.92,23265.54,23159.19,23254.52,
1741144800,23253.51,23307.53,23250.41,23289.61,
1741145400,23287.28,23333.81,23285.91,23301.94,
1741146000,23304.88,23334.03,23299.05,23313.66,
1741146600,23314.14,23326.71,23299.08,23318.99,
1741147200,23319.45,23320.36,23319.45,23320.36,
1741150800,23320.95,23412.26,23320.95,23405.97,
1741151400,23406.63,23412.55,23315.89,23333.17,
1741152000,23332.64,23359.97,23324.68,23324.68,
1741152600,23325.32,23365.03,23319.61,23351.45,
1741153200,23353.48,23419.48,23352.46,23419.48,
1741153800,23419.32,23477.66,23408.98,23477.56,
1741154400,23478.52,23494.35,23436.33,23468.68,
1741155000,23465.66,23514.99,23461.9,23514.99,
1741155600,23515.79,23515.79,23437.81,23464.09,
1741156200,23461.51,23488.07,23437.99,23472.81,
1741156800,23473.74,23557.45,23470.94,23551.81,
1741157400,23550.02,23562.6,23522.36,23525.05,
1741158000,23522.64,23587.55,23522.64,23584.07,
1741158600,23581.28,23618.82,23577.73,23608.62,
1741159200,23606.31,23636.65,23601.52,23610.45,
1741159800,23611.39,23613.12,23582.23,23610.69,
1741160400,23610.58,23624.17,23590.73,23599.27,
1741161000,23596.76,23600.96,23582.89,23596.18,
1741161600,23594.56,23594.56,23594.21,23594.21,
1741224000,23987.09,23987.09,23987.09,23987.09,
1741224600,23987.49,24116.39,23987.49,24075.68,
1741225200,24077.79,24110.13,24028.57,24058.95,
1741225800,24065.81,24140.14,24017.27,24131.55,
1741226400,24135.78,24206.07,24134.86,24189.57,
1741227000,24188.76,24202.54,24092.21,24107.37,
1741227600,24107.98,24145.97,24074.17,24096.67,
1741228200,24095.29,24122.55,24025.78,24110.26,
1741228800,24108.81,24122.25,24090.18,24104.57,
1741229400,24104.01,24188.58,24102.14,24181.97,
1741230000,24183.13,24191.1,24151.4,24159.78,
1741230600,24156.83,24230.38,24155.18,24205.64,
1741231200,24205.86,24262.19,24178.55,24246.45,
1741231800,24245.3,24246.23,24180.73,24182.72,
1741232400,24184.16,24223.42,24177.84,24208.07,
1741233000,24209.59,24220.7,24190.8,24218.81,
1741233600,24216.93,24216.93,24216.93,24216.93,
1741237200,24223.09,24271.94,24212.08,24265.51,
1741237800,24264.9,24301.67,24259.33,24298.61,
1741238400,24295.14,24298.72,24199.48,24237.28,
1741239000,24236.77,24269.89,24230.1,24231.43,
1741239600,24234.56,24238.29,24157.36,24211.7,
1741240200,24210.39,24255.75,24191.66,24255.01,
1741240800,24252.84,24289.25,24234.88,24259.17,
1741241400,24263.44,24297.32,24259.98,24286.52,
1741242000,24287.07,24309.8,24277.54,24278.49,
1741242600,24279.57,24315.23,24275.25,24280.9,
1741243200,24279.95,24285.77,24209.33,24278.37,
1741243800,24281.36,24301.04,24262.24,24299.99,
1741244400,24302.41,24342.28,24295.27,24332.79,
1741245000,24336.79,24336.79,24307.77,24326.68,
1741245600,24324.74,24360.76,24323.02,24357.08,
1741246200,24354.91,24410.93,24353.58,24408.74,
1741246800,24404.93,24404.93,24328.7,24343.16,
1741247400,24343.67,24353.54,24331.07,24348.88,
1741248000,24349.6,24369.71,24349.6,24369.71,
1741310400,24182.02,24182.02,24182.02,24182.02,
1741311000,24121.71,24192.23,24087.48,24120.43,
1741311600,24114.75,24254.82,24114.75,24152.05,
1741312200,24140,24168.15,24065.01,24129.93,
1741312800,24118.69,24176.29,24115.59,24130.21,
1741313400,24121.16,24248.29,24121.16,24248.29,
1741314000,24233.43,24309.97,24233.43,24257.55,
1741314600,24245.9,24342.68,24238.1,24336.76,
1741315200,24325.48,24443.21,24325.48,24403.73,
1741315800,24395.04,24433.78,24335.45,24348.6,
1741316400,24335.32,24447.83,24329.92,24435.98,
1741317000,24422.86,24447.72,24364.72,24390.75,
1741317600,24382.89,24484.94,24382.58,24475.9,
1741318200,24466.2,24510.31,24453.73,24501.41,
1741318800,24488.97,24528.32,24480.3,24487.31,
1741319400,24475.78,24526.82,24475.78,24516.56,
1741320000,24510.49,24510.49,24504.8,24504.8,
1741323600,24517.11,24582.4,24447.68,24562.86,
1741324200,24551.44,24639,24550.06,24632.15,
1741324800,24622.14,24669.62,24543.23,24557.3,
1741325400,24554.39,24612.6,24436.09,24439.86,
1741326000,24451.39,24490.68,24309.84,24355.6,
1741326600,24347.06,24436.23,24318.45,24436.23,
1741327200,24426.33,24442.67,24253.95,24253.95,
1741327800,24242.28,24320.84,24226.87,24263.4,
1741328400,24254.63,24314.33,24254.13,24260.01,
1741329000,24257.07,24274.33,24171.86,24176.83,
1741329600,24167.06,24219.32,24132.72,24207.67,
1741330200,24197.79,24228.62,24197.15,24205.02,
1741330800,24192.21,24245.69,24152.11,24231.05,
1741331400,24221.49,24259.48,24175.72,24178.32,
1741332000,24175.3,24210.82,24166.72,24205.29,
1741332600,24196.61,24222.1,24182,24199.81,
1741333200,24192.3,24223.6,24192.3,24214.66,
1741333800,24208.27,24217.48,24171.72,24184,
1741334400,24185.94,24231.3,24185.94,24231.3,
1741569600,24115.98,24115.98,24115.98,24115.98,
1741570200,24126.44,24292.8,24123.95,24164.09,
1741570800,24165.29,24237.63,24019.01,24023.88,
1741571400,24016.03,24152.66,24016.03,24053.11,
1741572000,24054.5,24077.75,24005.28,24034.2,
1741572600,24031.05,24043.06,23910.16,23934.51,
1741573200,23933.51,24010.8,23919.11,24002.26,
1741573800,24004.65,24071.59,24002,24006.71,
1741574400,24008.33,24020.39,23880.49,23880.49,
1741575000,23881.54,23893.83,23839.87,23854.06,
1741575600,23846.85,23855.59,23781.34,23852.93,
1741576200,23850.97,23852.42,23754.46,23758.72,
1741576800,23755.28,23755.28,23714,23728.02,
1741577400,23728.6,23757.21,23704.42,23754.77,
1741578000,23751.78,23789.4,23747.39,23759.16,
1741578600,23761.92,23763.64,23713.72,23721.79,
1741579200,23720.4,23720.4,23720.26,23720.26,
1741582800,23722.39,23742.85,23652.73,23670.28,
1741583400,23670.93,23714.78,23648.48,23652.97,
1741584000,23650.81,23688.78,23645.32,23665.13,
1741584600,23667.38,23725.05,23632.42,23725.05,
1741585200,23724.49,23750.63,23711.98,23721.47,
1741585800,23719.72,23720.35,23671.72,23706.82,
1741586400,23708.64,23802.2,23695.42,23799.26,
1741587000,23797.53,23879.38,23792.09,23872.89,
1741587600,23875.65,23877.96,23793.39,23810.62,
1741588200,23809.43,23895.97,23808.12,23854.62,
1741588800,23854.79,23858.22,23797.54,23800.34,
1741589400,23801.62,23808.88,23782.47,23800.92,
1741590000,23794.07,23833.55,23782.84,23792.03,
1741590600,23789.75,23801.64,23729.48,23730.02,
1741591200,23733.22,23778.65,23720.65,23776.96,
1741591800,23776.19,23803.87,23762.55,23796.61,
1741592400,23794.32,23827.08,23782.78,23788.34,
1741593000,23786.34,23799.39,23780.72,23794.05,
1741593600,23790.88,23790.88,23783.49,23783.49,
1741656000,23274.86,23274.86,23274.86,23274.86,
1741656600,23297.13,23389.37,23238.36,23370.61,
1741657200,23379.91,23476.07,23377.58,23476.07,
1741657800,23478.68,23574.09,23463.83,23535.3,
1741658400,23540.79,23552.14,23455.09,23550.36,
1741659000,23546.13,23687.22,23531.19,23677.39,
1741659600,23678.79,23723.25,23605.4,23605.4,
1741660200,23602.71,23630.61,23553.49,23609.73,
1741660800,23610.68,23616.16,23498.95,23527.61,
1741661400,23531,23614.46,23523.89,23558.54,
1741662000,23558.51,23599.06,23507.26,23524.47,
1741662600,23524.34,23609.79,23519.57,23606.29,
1741663200,23608.42,23696.4,23594.97,23656.67,
1741663800,23659.82,23667.74,23600.06,23600.34,
1741664400,23602.45,23605.2,23558.45,23586.67,
1741665000,23584.32,23596.92,23545.47,23561.72,
1741665600,23562.09,23562.09,23562.09,23562.09,
1741669200,23561.67,23595.81,23498.75,23530.6,
1741669800,23530.61,23612.98,23530.1,23608.26,
1741670400,23609.01,23628.49,23582.41,23600.21,
1741671000,23601.93,23631.23,23561.4,23592.76,
1741671600,23594.96,23598.33,23529.95,23553.33,
1741672200,23551.64,23560.21,23527.5,23560.21,
1741672800,23559.17,23590.64,23545.91,23573.34,
1741673400,23573.04,23633.86,23565.37,23589.02,
1741674000,23588.22,23625.24,23561.46,23614.41,
1741674600,23615.13,23672.45,23604.54,23612.06,
1741675200,23614.34,23658.29,23592.39,23648.12,
1741675800,23646.64,23671.06,23626.15,23657.7,
1741676400,23657.4,23727.65,23640.99,23725.27,
1741677000,23727.98,23766.65,23724.48,23727.83,
1741677600,23727.11,23776.96,23716.45,23768.23,
1741678200,23769.74,23823.82,23763.67,23791.5,
1741678800,23789.09,23857.95,23775,23852.92,
1741679400,23847.46,23858.61,23810.17,23826.65,
1741680000,23829.07,23829.07,23782.14,23782.14,
1741742400,23859.23,23859.23,23859.23,23859.23,
1741743000,23880.85,23962.03,23817.69,23893.11,
1741743600,23895.36,23897.02,23699.69,23790.55,
1741744200,23790.99,23897.1,23747.9,23816.19,
1741744800,23809.57,23809.57,23726.3,23728.17,
1741745400,23731.91,23802.35,23700.86,23721.86,
1741746000,23722.24,23737.1,23690.91,23715.68,
1741746600,23717.12,23770.74,23701.57,23759.73,
1741747200,23758.62,23781.54,23700.7,23730.06,
1741747800,23732.98,23808.12,23724.26,23799.07,
1741748400,23800.01,23824.96,23789.05,23800.97,
1741749000,23801.35,23806.94,23727.57,23727.57,
1741749600,23722.88,23724.69,23682.27,23692.23,
1741750200,23693.29,23693.29,23634.78,23646.17,
1741750800,23644.93,23646.54,23603.67,23618.96,
1741751400,23617.74,23637.14,23613.09,23619.21,
1741752000,23623.55,23623.55,23623.55,23623.55,
1741755600,23624.91,23673.15,23602.58,23649.69,
1741756200,23650.12,23680.97,23642.64,23678.96,
1741756800,23678.71,23730.83,23676.68,23705.1,
1741757400,23707.17,23794.85,23704.34,23720.5,
1741758000,23718.94,23733.94,23698.78,23710.3,
1741758600,23709.12,23740.89,23699.67,23733.46,
1741759200,23739.55,23745.6,23705.12,23738.94,
1741759800,23741.61,23752.92,23689.1,23696.86,
1741760400,23696.27,23697.98,23589.66,23610.24,
1741761000,23614.68,23652.8,23592.72,23645.65,
1741761600,23646.22,23648.62,23527.25,23529.07,
1741762200,23528.3,23541.52,23504.26,23537.32,
1741762800,23536.32,23536.32,23428.34,23428.64,
1741763400,23429.5,23450.91,23363.98,23410.14,
1741764000,23410.04,23420.27,23367.45,23420.27,
1741764600,23421.01,23447.61,23411.52,23438.87,
1741765200,23442.34,23541.92,23438.53,23531.63,
1741765800,23526.63,23576.67,23514.3,23563.31,
1741766400,23566.42,23600.31,23566.42,23600.31,
1741828800,23616.33,23616.33,23616.33,23616.33,
1741829400,23633.15,23688.85,23562.94,23583.43,
1741830000,23583.21,23588.14,23471.48,23471.48,
1741830600,23466.46,23606.1,23459.83,23485.85,
1741831200,23486.26,23569.06,23448.07,23553.65,
1741831800,23555.97,23621.5,23537.83,23539.44,
1741832400,23542.35,23575.19,23520.01,23524.93,
1741833000,23524.98,23589.36,23501.89,23520.82,
1741833600,23519.68,23632.46,23519.68,23629.03,
1741834200,23628.97,23708.79,23619.12,23694.43,
1741834800,23692.44,23712.61,23589.03,23589.03,
1741835400,23590.79,23617.04,23563.14,23568.83,
1741836000,23564.73,23592.23,23533.76,23538.39,
1741836600,23535.94,23535.94,23448.75,23472.58,
1741837200,23473.53,23495.25,23451.76,23453.73,
1741837800,23451.45,23455.42,23417.9,23424.01,
1741838400,23426.8,23426.8,23426.8,23426.8,
1741842000,23412.44,23425.31,23337.18,23340.37,
1741842600,23341.2,23355.53,23318.78,23335.91,
1741843200,23338.27,23347.75,23284.25,23309.96,
1741843800,23307.36,23309.55,23211.2,23224.05,
1741844400,23220.6,23332.65,23198.73,23324.07,
1741845000,23326.13,23349.53,23284.55,23298.24,
1741845600,23300.71,23300.71,23242.62,23248.98,
1741846200,23246.4,23346.83,23241.39,23309.35,
1741846800,23306.88,23372.52,23285.87,23364.89,
1741847400,23369.26,23418.64,23361.08,23381.96,
1741848000,23381.17,23420.83,23364.11,23395.4,
1741848600,23394.29,23419.79,23384.77,23409.45,
1741849200,23405.92,23441.69,23382.8,23435.07,
1741849800,23440.22,23493.53,23425.98,23479.28,
1741850400,23479.38,23507.45,23472.07,23490.05,
1741851000,23486.66,23486.66,23411.98,23414.54,
1741851600,23412.37,23482.22,23411.44,23477.79,
1741852200,23477.11,23483.92,23446.44,23461.08,
1741852800,23463.26,23463.26,23462.65,23462.65,
1741915200,23653.33,23653.33,23653.33,23653.33,
1741915800,23635.89,23635.89,23465.28,23465.28,
1741916400,23454.49,23604.21,23454.49,23520.2,
1741917000,23513.53,23734.26,23513.53,23682.69,
1741917600,23674.88,23726.79,23661.4,23717.5,
1741918200,23703.66,23831.56,23703.66,23786.59,
1741918800,23781.75,23846.24,23756.03,23767.14,
1741919400,23759.67,23839.57,23759.67,23837.93,
1741920000,23828.99,23884.39,23791.18,23829.25,
1741920600,23825.21,23910.89,23825.21,23880.82,
1741921200,23869.64,23953.46,23869.64,23910.02,
1741921800,23909.91,23983.01,23895.13,23982.17,
1741922400,23980.68,23988.09,23947.52,23982.75,
1741923000,23976.62,24024.52,23976.17,24022.37,
1741923600,24017.52,24063.47,24014.15,24061.74,
1741924200,24056.35,24095.9,24046.89,24060.48,
1741924800,24060.85,24060.85,24047.46,24047.46,
1741928400,24061.07,24113.53,23959.54,23964.33,
1741929000,23965.07,23981.62,23895.02,23947.19,
1741929600,23948.56,23973.42,23898.54,23917.5,
1741930200,23917.8,24016.55,23916.36,23990.84,
1741930800,23986.53,24022.95,23962.69,24021.94,
1741931400,24018.27,24057.63,24018.27,24057.63,
1741932000,24054.83,24066.68,24024.11,24039.36,
1741932600,24034.36,24046.96,23967.23,23998.83,
1741933200,23994.94,24030.47,23976.39,23997.36,
1741933800,23998.33,24035,23997.15,24007.72,
1741934400,24005.81,24012.23,23972.7,24003.81,
1741935000,24009.72,24042.58,24001.76,24039.7,
1741935600,24044.29,24046.15,24010.88,24023.23,
1741936200,24019.96,24038.48,24010.07,24037.19,
1741936800,24034.65,24046.44,24008.16,24012.47,
1741937400,24019.93,24028.07,24005.87,24025.25,
1741938000,24022.25,24038.91,23982.6,24000.3,
1741938600,23997.28,23998.31,23967.68,23981.63,
1741939200,23970.1,23970.1,23959.98,23959.98,
1742174400,24226,24226,24226,24226,
1742175000,24230.73,24303.89,24159.23,24177.61,
1742175600,24171.46,24271.75,24161.32,24203.93,
1742176200,24199.75,24207.4,24097.27,24109.33,
1742176800,24110.47,24174.41,24081.67,24174.41,
1742177400,24174.47,24254.13,24146.43,24253.52,
1742178000,24256.27,24323.03,24224.38,24302.21,
1742178600,24306.28,24329.22,24272.47,24301.84,
1742179200,24302.28,24321.55,24263.81,24310.72,
1742179800,24315.79,24345.47,24302.46,24344,
1742180400,24344.02,24352.47,24298.73,24309.07,
1742181000,24306.59,24314.42,24230.68,24252.42,
1742181600,24253.27,24296.13,24251.25,24289.78,
1742182200,24291.52,24293.34,24251.36,24262.59,
1742182800,24258.83,24280.04,24250.83,24270.82,
1742183400,24274.56,24283.94,24269.42,24277.47,
1742184000,24276.64,24276.64,24276.64,24276.64,
1742187600,24270.45,24303.43,24242.78,24257.94,
1742188200,24258.49,24261.18,24201.88,24201.88,
1742188800,24204.38,24222.83,24194.43,24203.37,
1742189400,24201.11,24249.22,24201.11,24249.22,
1742190000,24249,24272.64,24238.05,24254.78,
1742190600,24251.83,24259.7,24211.2,24211.82,
1742191200,24209.56,24220.92,24188.09,24201.82,
1742191800,24200.09,24217.92,24174.1,24174.1,
1742192400,24177.22,24179.84,24141.58,24170.02,
1742193000,24165.38,24191.19,24158.48,24171.88,
1742193600,24177.26,24191.65,24161.51,24186.16,
1742194200,24183.61,24201.02,24180.07,24191.97,
1742194800,24193.25,24199.05,24153.56,24164,
1742195400,24162.89,24167.33,24077.15,24096.24,
1742196000,24095.79,24147.67,24093.27,24143.03,
1742196600,24141.41,24149.81,24103.02,24106.74,
1742197200,24104.66,24148.27,24104.66,24147.66,
1742197800,24146.73,24156.8,24131.23,24154.81,
1742198400,24156.29,24156.29,24145.57,24145.57,
1742260800,24679.35,24679.35,24679.35,24679.35,
1742261400,24674.89,24674.89,24563.32,24573.44,
1742262000,24577.78,24680.04,24577.78,24627.47,
1742262600,24626.25,24642.09,24539.09,24543.08,
1742263200,24545.25,24571.37,24498.87,24504.05,
1742263800,24504.16,24559.87,24475.26,24538.42,
1742264400,24536.35,24582.36,24531.08,24582.36,
1742265000,24582.24,24622.69,24573.04,24620.65,
1742265600,24617.84,24645.25,24573.48,24640.27,
1742266200,24637.63,24663.37,24625.42,24635.68,
1742266800,24640.52,24640.52,24532.6,24569.72,
1742267400,24572.55,24593.23,24557.97,24593.23,
1742268000,24591.46,24631.97,24584.99,24628.73,
1742268600,24629.01,24641.58,24612.8,24630.69,
1742269200,24630.02,24637.44,24598.25,24602.03,
1742269800,24600.89,24605.53,24554.43,24577.11,
1742270400,24580.78,24580.78,24580.78,24580.78,
1742274000,24589.47,24592.61,24545.38,24553.97,
1742274600,24554.54,24618.3,24547.28,24603.29,
1742275200,24601.81,24659.43,24601.81,24659.43,
1742275800,24657.05,24669.45,24633.38,24644.64,
1742276400,24644.28,24698.24,24644.28,24675.86,
1742277000,24673.86,24673.86,24618.1,24637.62,
1742277600,24639.3,24641.29,24595.89,24601.29,
1742278200,24603.4,24652.73,24577.01,24648.12,
1742278800,24647.04,24658.14,24639.09,24646.09,
1742279400,24646.79,24673.07,24638.06,24656.08,
1742280000,24656.07,24687.89,24646.71,24670.79,
1742280600,24669.11,24678.72,24645.01,24664.81,
1742281200,24667.64,24675.25,24628.45,24667.76,
1742281800,24668.95,24691.74,24663.7,24671.5,
1742282400,24671.7,24714.22,24671.7,24699.53,
1742283000,24710.05,24745.13,24705.33,24716.98,
1742283600,24719.83,24733.5,24685.87,24687.26,
1742284200,24689.15,24713.91,24689.15,24700.18,
1742284800,24701.48,24740.57,24701.48,24740.57,
1742347200,24697.63,24697.63,24697.63,24697.63,
1742347800,24645.16,24733.85,24613.76,24681.33,
1742348400,24681.26,24788.69,24661.95,24710.31,
1742349000,24711.72,24711.72,24648.47,24651.59,
1742349600,24647.12,24663.94,24609,24633.72,
1742350200,24634.55,24669.81,24601.73,24638.47,
1742350800,24638.27,24726.36,24628.32,24719.91,
1742351400,24715.41,24771.83,24705.25,24754.24,
1742352000,24754.85,24809.6,24751.32,24804.72,
1742352600,24805.58,24806.99,24733.37,24749.6,
1742353200,24748.68,24780.6,24740.69,24779.23,
1742353800,24778.26,24787.49,24730,24769.28,
1742354400,24770.21,24775.46,24742.44,24765.35,
1742355000,24766.66,24779.54,24750.01,24757.44,
1742355600,24758.84,24781.55,24751.61,24778.51,
1742356200,24777.59,24785.85,24761.26,24777.48,
1742356800,24777.01,24777.01,24777.01,24777.01,
1742360400,24784.13,24815.49,24729.51,24815.49,
1742361000,24815.21,24874.39,24807.93,24810,
1742361600,24808.68,24835.57,24793.97,24820.59,
1742362200,24821.35,24836.89,24748.83,24748.85,
1742362800,24747.22,24755.19,24710.92,24722.76,
1742363400,24723.35,24740.86,24684.71,24713.82,
1742364000,24713.7,24745.56,24710.69,24737.2,
1742364600,24736.65,24754.9,24706.51,24728.02,
1742365200,24725.93,24757.32,24712.24,24755.41,
1742365800,24754.59,24779.93,24745.22,24751.76,
1742366400,24750.46,24773.64,24725.73,24760.66,
1742367000,24766.27,24779.73,24756.28,24766.27,
1742367600,24767.11,24768.34,24736.23,24758.22,
1742368200,24754.64,24774.64,24747.63,24768.03,
1742368800,24764.65,24780.08,24757.96,24777.54,
1742369400,24776.38,24778.22,24741.01,24744.37,
1742370000,24747.67,24757.98,24730.08,24755.7,
1742370600,24757.5,24785.42,24754.04,24773.97,
1742371200,24770.06,24771.14,24770.06,24771.14,
1742433600,24753.15,24753.15,24753.15,24753.15,
1742434200,24693.87,24693.87,24504.56,24511.67,
1742434800,24516.61,24535.85,24397.43,24452.49,
1742435400,24449.38,24455.13,24344.29,24400.65,
1742436000,24396.91,24525.59,24396.91,24517.23,
1742436600,24512.76,24542.53,24495.08,24530.71,
1742437200,24526.6,24552.59,24483.74,24487.4,
1742437800,24487.05,24539.02,24467.74,24480.92,
1742438400,24477.73,24561.73,24477.73,24493.46,
1742439000,24489.39,24532.88,24467.26,24521.37,
1742439600,24520.27,24524.6,24487.28,24513.57,
1742440200,24512.18,24598.69,24512.18,24568.04,
1742440800,24572.63,24572.63,24508.72,24520.4,
1742441400,24519.39,24521.58,24451.59,24470.21,
1742442000,24463.89,24471.48,24442.98,24455.86,
1742442600,24456.88,24483.41,24449.6,24478.54,
1742443200,24477.72,24477.72,24477.72,24477.72,
1742446800,24479.27,24490.67,24437.96,24438.83,
1742447400,24442.76,24498.06,24441.21,24477.68,
1742448000,24478.21,24493.03,24455.41,24490.31,
1742448600,24490.43,24490.51,24401.59,24409.28,
1742449200,24408.76,24421.71,24385.22,24413.76,
1742449800,24412.09,24440.84,24380.78,24398.19,
1742450400,24397.19,24403.99,24355.3,24373.73,
1742451000,24369.25,24390.63,24347.02,24349.78,
1742451600,24348.49,24349.97,24307.15,24313.1,
1742452200,24310.73,24340.08,24290.01,24293.08,
1742452800,24293.39,24307.7,24252.3,24266.14,
1742453400,24268.68,24279.4,24243.24,24262.97,
1742454000,24263.53,24268.1,24226.57,24239.98,
1742454600,24236.65,24271.89,24228.17,24230.31,
1742455200,24228.46,24237.55,24199.97,24216.13,
1742455800,24212.99,24220.11,24186.69,24195.69,
1742456400,24198.49,24233.33,24188.45,24229.41,
1742457000,24231.33,24242.94,24225.48,24234.41,
1742457600,24237.4,24237.4,24219.95,24219.95,
1742520000,24109.07,24109.07,24109.07,24109.07,
1742520600,24087.27,24183.08,24021.98,24152.13,
1742521200,24147.03,24172.65,24068.16,24074.51,
1742521800,24065.73,24153.61,24060.08,24149.09,
1742522400,24139.53,24230.72,24139.53,24182.91,
1742523000,24173.78,24179.75,24112.85,24114.95,
1742523600,24097.98,24118.28,24032.9,24042.97,
1742524200,24034.69,24063.25,23969.1,23969.1,
1742524800,23957.96,23984.01,23925.39,23982,
1742525400,23973.59,23982.48,23822.4,23826.25,
1742526000,23814.95,23839.38,23766.86,23837.46,
1742526600,23824.27,23847.66,23780.78,23780.78,
1742527200,23765.7,23769.98,23706.01,23707.71,
1742527800,23700.53,23740.83,23658.75,23713.46,
1742528400,23699.47,23764.83,23698.57,23760.95,
1742529000,23752.29,23763.62,23729.84,23742.63,
1742529600,23733.02,23733.02,23733.02,23733.02,
1742533200,23738.1,23765.13,23701,23735.07,
1742533800,23726.54,23743.18,23695.55,23725.46,
1742534400,23713.36,23763.12,23694.67,23706.4,
1742535000,23694.82,23716.34,23647.5,23647.68,
1742535600,23641,23653.81,23581.02,23585.31,
1742536200,23578.7,23653.52,23578.07,23640.87,
1742536800,23629.08,23673.44,23577.78,23647.74,
1742537400,23635.8,23678.81,23622.76,23677.87,
1742538000,23663.71,23735.47,23663.71,23713.2,
1742538600,23704.75,23785.12,23704.75,23769.18,
1742539200,23758.76,23779.03,23721.36,23723.21,
1742539800,23714.61,23754.39,23714.61,23732.52,
1742540400,23719,23826,23719,23795.46,
1742541000,23782.81,23811.77,23766.28,23769.49,
1742541600,23761.84,23775.3,23736.26,23763.15,
1742542200,23746.68,23769.83,23711.18,23714.17,
1742542800,23709.02,23722.32,23685.44,23700.83,
1742543400,23693.74,23723.55,23673.5,23698.21,
1742544000,23685.7,23689.72,23685.7,23689.72,
1742779200,23749.58,23749.58,23749.58,23749.58,
1742779800,23749.48,23769.27,23657.52,23657.52,
1742780400,23659.87,23729.45,23577.32,23588.65,
1742781000,23589.04,23618.37,23531.2,23607.27,
1742781600,23607.21,23705.75,23568.29,23704.67,
1742782200,23710.64,23724.58,23660.14,23691.82,
1742782800,23692.48,23741.47,23669.76,23738.09,
1742783400,23739.19,23765.61,23656.74,23669.19,
1742784000,23669.99,23673.13,23603.8,23611.29,
1742784600,23610.35,23649.39,23593.48,23596.82,
1742785200,23595.01,23684.58,23593.16,23659.28,
1742785800,23659.88,23693.9,23652.48,23683.02,
1742786400,23684.31,23689.53,23594.44,23605.75,
1742787000,23608.18,23621.11,23576.38,23617.92,
1742787600,23618.77,23637.23,23605.02,23635.09,
1742788200,23634.65,23671.01,23634.65,23661.91,
1742788800,23662.13,23662.13,23662.13,23662.13,
1742792400,23661.13,23708.99,23653.74,23661.72,
1742793000,23666.71,23717.76,23665.27,23691.36,
1742793600,23693.12,23704.74,23654.33,23654.84,
1742794200,23655.27,23690.23,23636.64,23685.66,
1742794800,23685.63,23688.68,23611.39,23622.9,
1742795400,23625.14,23681.43,23616.86,23679.29,
1742796000,23680.07,23680.25,23606.82,23609.75,
1742796600,23609.65,23625.62,23597.2,23606.11,
1742797200,23605.49,23660.79,23584.53,23660.29,
1742797800,23659.25,23724.41,23654.89,23700.22,
1742798400,23699.56,23746.76,23691.37,23744.16,
1742799000,23746.36,23763.35,23725.53,23760.92,
1742799600,23762.02,23827.02,23757.5,23818.84,
1742800200,23820.67,23899.28,23817.53,23880.85,
1742800800,23883.58,23941.84,23879.63,23935.2,
1742801400,23935.51,23967.51,23899.17,23901.54,
1742802000,23898.14,23913.08,23881.59,23898.41,
1742802600,23897.22,23918.1,23890.14,23916.21,
1742803200,23913.61,23913.61,23905.56,23905.56,
1742865600,23643.32,23643.32,23643.32,23643.32,
1742866200,23638.23,23747.32,23596.61,23703.33,
1742866800,23708.75,23711.91,23636.91,23650.27,
1742867400,23652.75,23693.41,23555.44,23558.8,
1742868000,23561.01,23561.01,23496.69,23498.87,
1742868600,23493.36,23548.06,23493.36,23524.01,
1742869200,23524.73,23528.48,23442.69,23454.41,
1742869800,23456.23,23459.51,23398.31,23398.31,
1742870400,23406.18,23408.01,23322.97,23358.34,
1742871000,23356.99,23400.69,23330.85,23393.54,
1742871600,23395.51,23470.47,23383.94,23444.43,
1742872200,23440.18,23484.59,23418.06,23423.91,
1742872800,23424.78,23425.6,23396.54,23405.59,
1742873400,23405.23,23407.96,23381.35,23385.98,
1742874000,23386.97,23394.33,23357.98,23363.07,
1742874600,23365.32,23391.3,23357.48,23385.69,
1742875200,23387.86,23387.86,23387.86,23387.86,
1742878800,23386.51,23432.56,23369.75,23425.15,
1742879400,23425.56,23463.3,23412.34,23429.41,
1742880000,23428.86,23487.02,23424.17,23487.02,
1742880600,23484.98,23504.69,23459.49,23473.49,
1742881200,23474.29,23476.12,23439.29,23451.96,
1742881800,23451.98,23468.63,23423.33,23438.15,
1742882400,23435.68,23439.3,23411.41,23411.41,
1742883000,23410.58,23450.89,23402.17,23442.98,
1742883600,23446.3,23464.61,23393.09,23401.76,
1742884200,23400.68,23422.28,23358.42,23361.81,
1742884800,23362.74,23367.68,23321.67,23332.67,
1742885400,23334.85,23370.89,23334.85,23363.88,
1742886000,23365.55,23417.21,23364.23,23398.92,
1742886600,23400.83,23404.19,23380.85,23381.43,
1742887200,23382.79,23398.75,23363.61,23396.66,
1742887800,23394.35,23405.63,23380.24,23392.02,
1742888400,23395.11,23397.72,23362.41,23375.07,
1742889000,23377.49,23385.9,23354.38,23361.43,
1742889600,23360.79,23360.79,23344.25,23344.25,
1742952000,23460.31,23460.31,23460.31,23460.31,
1742952600,23505.5,23542.04,23459.17,23473.04,
1742953200,23467.05,23560.03,23455.38,23508.92,
1742953800,23511.56,23596.85,23498.6,23569.43,
1742954400,23567.25,23570.69,23487.85,23487.85,
1742955000,23489.36,23489.36,23411.21,23440.39,
1742955600,23443.07,23456.47,23382.77,23404.17,
1742956200,23401.86,23408.56,23354.69,23397.06,
1742956800,23396.82,23410.77,23350.73,23402.58,
1742957400,23400.12,23441.81,23395.39,23431.47,
1742958000,23429.76,23448.3,23401.1,23446.04,
1742958600,23448.14,23454.75,23378.23,23399.19,
1742959200,23398.39,23445.31,23397.77,23406.65,
1742959800,23406.3,23419.76,23391.83,23396.34,
1742960400,23393.74,23420.01,23389.18,23402.54,
1742961000,23399.07,23417.86,23391.51,23403.29,
1742961600,23402.05,23402.05,23402.05,23402.05,
1742965200,23408.41,23451.68,23374.97,23446.2,
1742965800,23449.29,23455.5,23385.43,23398.27,
1742966400,23402.33,23402.33,23374.02,23398.04,
1742967000,23399.04,23422.02,23384.69,23389.89,
1742967600,23389.44,23392.25,23353.63,23359.48,
1742968200,23358.27,23413.64,23355.13,23409.31,
1742968800,23407.76,23494.35,23405.36,23484.04,
1742969400,23484.19,23487.43,23438.23,23440.71,
1742970000,23439.24,23451.91,23410.35,23413.09,
1742970600,23412.96,23418.03,23383.33,23410.99,
1742971200,23410.16,23415.72,23398.41,23406.88,
1742971800,23407.97,23447.45,23395.49,23444.7,
1742972400,23443.8,23474.13,23439.82,23444.83,
1742973000,23445.34,23501.34,23445.34,23496.71,
1742973600,23500.11,23510.43,23486.4,23502.77,
1742974200,23504.15,23522.62,23499.9,23507.99,
1742974800,23508.46,23526.71,23473.16,23473.16,
1742975400,23476,23492.75,23466.49,23476.77,
1742976000,23478.99,23483.32,23478.99,23483.32,
1743038400,23543.86,23543.86,23543.86,23543.86,
1743039000,23579.45,23621.84,23412.33,23422.59,
1743039600,23424.48,23513.95,23372.36,23513.95,
1743040200,23511.77,23615.75,23511.77,23579.75,
1743040800,23580.47,23675.05,23561.42,23593.21,
1743041400,23597.28,23600.84,23521.13,23578.91,
1743042000,23574.81,23604.71,23538.33,23599.76,
1743042600,23599.71,23755.33,23573.29,23754.46,
1743043200,23756.21,23865.62,23692.83,23855.76,
1743043800,23856.71,23865.37,23779.69,23797.54,
1743044400,23810.48,23810.48,23732.13,23734.64,
1743045000,23743.99,23809.46,23737.42,23758.83,
1743045600,23757.37,23757.37,23671.68,23693.68,
1743046200,23694.33,23729.37,23666.36,23708.73,
1743046800,23709.3,23728.38,23702.37,23727.66,
1743047400,23730.89,23747.62,23716.17,23728.63,
1743048000,23729.33,23729.33,23729.33,23729.33,
1743051600,23728.89,23771.76,23690.24,23711.75,
1743052200,23711.73,23712.94,23671.64,23696.86,
1743052800,23693.41,23714.08,23658.83,23660.43,
1743053400,23661.03,23677.66,23634.61,23651.87,
1743054000,23653.43,23708.33,23652.25,23705.89,
1743054600,23698.97,23706.58,23628.55,23634.62,
1743055200,23632.52,23673.56,23631.61,23663.44,
1743055800,23662.12,23685.13,23641.61,23684.94,
1743056400,23680.86,23693.31,23659.2,23683.34,
1743057000,23682.15,23700.92,23675.52,23698.91,
1743057600,23699.78,23705.68,23642.33,23647.45,
1743058200,23648.51,23655.56,23637.92,23640.66,
1743058800,23641.97,23652.63,23599.12,23614,
1743059400,23611.82,23614.2,23552.29,23581.06,
1743060000,23579.93,23624.8,23579.93,23622.99,
1743060600,23623.69,23655.84,23613.79,23627.56,
1743061200,23627.04,23638.44,23616.12,23617.13,
1743061800,23622.47,23626.1,23601.21,23606.95,
1743062400,23603.15,23603.15,23578.8,23578.8,
1743124800,23672.82,23672.82,23672.82,23672.82,
1743125400,23716.72,23745.34,23658.83,23689.39,
1743126000,23700.62,23768.26,23638.7,23762.59,
1743126600,23775.3,23775.3,23623.29,23668.85,
1743127200,23675.43,23724.92,23637.22,23638.43,
1743127800,23655.34,23673.63,23595.9,23620.36,
1743128400,23632.11,23640.03,23506.64,23543.51,
1743129000,23560.09,23566.45,23489.23,23493.87,
1743129600,23509.38,23509.38,23446.61,23453.75,
1743130200,23467.44,23467.44,23403.85,23445.55,
1743130800,23456.02,23513.57,23412.67,23501.67,
1743131400,23507.27,23507.27,23406.13,23411.9,
1743132000,23423.88,23423.88,23377.57,23397.28,
1743132600,23412.49,23412.49,23319.85,23353.95,
1743133200,23362.25,23364.26,23326.14,23351.63,
1743133800,23360.06,23360.06,23338.16,23353.71,
1743134400,23368.16,23368.67,23368.16,23368.67,
1743138000,23363.72,23426.02,23335.11,23424.84,
1743138600,23433.04,23433.04,23338.46,23352.67,
1743139200,23365.61,23365.61,23260.04,23261.72,
1743139800,23278.05,23303.4,23254.3,23302.85,
1743140400,23310.73,23355.39,23291.85,23353.04,
1743141000,23365.14,23365.14,23306.94,23362.6,
1743141600,23368.22,23387.82,23340.32,23347.29,
1743142200,23362.27,23444.42,23339.64,23442.48,
1743142800,23447.62,23462.8,23407.94,23462.78,
1743143400,23472.92,23472.92,23428.36,23470.14,
1743144000,23480.98,23486.25,23421.31,23431.18,
1743144600,23442.5,23446.03,23397.22,23412.12,
1743145200,23424.26,23442.87,23406.42,23435.18,
1743145800,23447.87,23447.87,23393.93,23412.51,
1743146400,23429.21,23448.13,23410.24,23429.05,
1743147000,23444.53,23444.53,23412.21,23432.9,
1743147600,23436.3,23437.76,23409.59,23416.87,
1743148200,23425.52,23425.52,23392.54,23400.24,
1743148800,23391.19,23426.6,23391.19,23426.6,
1743384000,23207.07,23207.07,23207.07,23207.07,
1743384600,23236.82,23266.15,23127.02,23128.53,
1743385200,23125.36,23302.35,23125.36,23300.96,
1743385800,23303.42,23399.73,23278.84,23367.32,
1743386400,23368.17,23382.17,23284.85,23299.52,
1743387000,23300.36,23316.87,23237.46,23249.22,
1743387600,23245.65,23296.08,23234.54,23277.11,
1743388200,23280.97,23336.8,23246.33,23314.89,
1743388800,23317.66,23317.66,23221.38,23223.79,
1743389400,23223.62,23226.7,23135.24,23136.06,
1743390000,23135.17,23149.39,23080.79,23085.62,
1743390600,23085.99,23204.33,23070.47,23204.33,
1743391200,23199.38,23213.73,23114.89,23121.13,
1743391800,23125.43,23125.43,23048.27,23063.16,
1743392400,23065.6,23097.17,23063.61,23082.22,
1743393000,23082.06,23083.25,23019.91,23022.39,
1743393600,23022.05,23022.05,23022.05,23022.05,
1743397200,23012.12,23090.77,23003.46,23085.01,
1743397800,23086.74,23134.64,23073.47,23078.13,
1743398400,23077.26,23107.06,23065.42,23068.27,
1743399000,23068.48,23068.48,23025.42,23056.17,
1743399600,23051.4,23070.98,23033.95,23053.11,
1743400200,23056.62,23071.67,23014.14,23022.47,
1743400800,23019.89,23075.96,23002.81,23073.73,
1743401400,23070.02,23140.85,23066.81,23116.35,
1743402000,23120.03,23145.54,23100.93,23105.43,
1743402600,23107.02,23131.24,23101.53,23120.91,
1743403200,23124.08,23162.72,23111.11,23142.67,
1743403800,23145.48,23166.02,23124.28,23151.86,
1743404400,23153.77,23194.33,23153.77,23167.67,
1743405000,23166.34,23244.97,23163.74,23196.24,
1743405600,23197.04,23204.05,23147.49,23178.64,
1743406200,23179.72,23195.67,23146.38,23185.3,
1743406800,23189.79,23189.79,23150.17,23168.42,
1743407400,23169.54,23177.96,23142.28,23148.46,
1743408000,23146.94,23146.94,23119.58,23119.58,
1743470400,23217.11,23217.11,23217.11,23217.11,
1743471000,23268.8,23372.63,23266.25,23271.61,
1743471600,23271.67,23347.8,23219.49,23288.71,
1743472200,23286.27,23299.37,23206.97,23273.82,
1743472800,23270.52,23296.34,23218.32,23282.31,
1743473400,23282.22,23347.34,23277.83,23313.5,
1743474000,23317.07,23392.49,23290.26,23359.33,
1743474600,23357.63,23361.54,23242.75,23276.07,
1743475200,23273.64,23395.89,23261.17,23394.16,
1743475800,23396.28,23399.45,23313.72,23320.52,
1743476400,23321.75,23356.89,23313.95,23350.45,
1743477000,23355.19,23398.98,23330.9,23397.59,
1743477600,23398.06,23435.19,23375.01,23382.08,
1743478200,23380.38,23456.58,23380.38,23421.26,
1743478800,23418.61,23418.61,23395.19,23403.62,
1743479400,23401.7,23405.66,23362.32,23365.67,
1743480000,23363.59,23363.96,23363.59,23363.96,
1743483600,23325.35,23325.35,23215.82,23227.9,
1743484200,23226.42,23258.86,23144.29,23180.59,
1743484800,23178.88,23261.42,23171.42,23227.36,
1743485400,23226.96,23231.73,23176.88,23184.41,
1743486000,23183.3,23185.92,23123.35,23152.94,
1743486600,23153.47,23227.55,23153.47,23203.16,
1743487200,23202.9,23223.28,23173.18,23207.44,
1743487800,23201.99,23204.54,23167.62,23190.5,
1743488400,23190.33,23207.4,23153.98,23207.4,
1743489000,23209.84,23239.95,23209.83,23223.09,
1743489600,23227.18,23272.51,23224.26,23268.65,
1743490200,23267.18,23297.03,23257.64,23292.63,
1743490800,23293.79,23348.61,23291.07,23344.22,
1743491400,23343.75,23343.75,23283.49,23294.62,
1743492000,23296.01,23303.61,23248.67,23259.17,
1743492600,23257.79,23264.08,23215.93,23215.93,
1743493200,23216.72,23228.66,23141.89,23170.37,
1743493800,23170.47,23185.91,23159.42,23172.77,
1743494400,23169.64,23206.84,23169.64,23206.84,
1743556800,23167.31,23167.31,23167.31,23167.31,
1743557400,23156.4,23170.77,23021.44,23021.56,
1743558000,23019.39,23069.2,22980.96,23028.3,
1743558600,23030.44,23162.38,23029.14,23153.91,
1743559200,23155.32,23193.57,23140.28,23176.67,
1743559800,23177.12,23278.71,23152.56,23274.64,
1743560400,23274.91,23343.97,23272.82,23321.01,
1743561000,23317.83,23370.72,23305.39,23353.41,
1743561600,23352.69,23393.03,23304.52,23307.94,
1743562200,23307.67,23348.1,23294.23,23314.45,
1743562800,23312.33,23339.59,23269.33,23339.59,
1743563400,23338.66,23355.43,23314.3,23319.39,
1743564000,23317.9,23341.27,23302.84,23305.42,
1743564600,23306.74,23306.74,23239.22,23242.23,
1743565200,23238.22,23246.72,23200.55,23225.04,
1743565800,23222.68,23231.94,23209.92,23220.75,
1743566400,23221.83,23221.83,23221.83,23221.83,
1743570000,23233.11,23251.69,23189.29,23189.66,
1743570600,23189.38,23207.17,23179.99,23204.73,
1743571200,23205,23231.56,23188.17,23231.56,
1743571800,23229.86,23234.84,23152.67,23155.99,
1743572400,23154.93,23216.19,23151.98,23202.81,
1743573000,23200.92,23200.92,23153.65,23156.19,
1743573600,23156.59,23173.01,23133.02,23144.87,
1743574200,23147.38,23171.29,23136.82,23165.26,
1743574800,23166.55,23182.17,23155.61,23172.02,
1743575400,23173.16,23183.1,23116.31,23116.68,
1743576000,23118.17,23184.2,23118.17,23177.31,
1743576600,23179.38,23207.55,23162.79,23190.75,
1743577200,23189.37,23220.93,23176.52,23192.74,
1743577800,23189.96,23217.99,23188.58,23214.55,
1743578400,23216.23,23218.35,23160.83,23169.39,
1743579000,23167.78,23199.41,23150.15,23189.04,
1743579600,23186.21,23215.15,23183.77,23205.02,
1743580200,23205.82,23209.34,23191.17,23204.48,
1743580800,23205.15,23205.15,23202.53,23202.53,
1743643200,22638.21,22638.21,22638.21,22638.21,
1743643800,22669.03,22823.27,22669.03,22796.12,
1743644400,22797.61,22952.45,22757.32,22944.57,
1743645000,22953.54,22962.18,22811.57,22815.69,
1743645600,22823.37,22893.62,22767.36,22792.36,
1743646200,22785.82,22892.79,22768.42,22881.24,
1743646800,22888.07,22988.58,22876.3,22981.86,
1743647400,22991.81,22998.3,22896.76,22901.27,
1743648000,22906.58,22968.64,22893.39,22915.78,
1743648600,22926.8,22926.8,22848.09,22853.79,
1743649200,22861.51,22898.87,22850.64,22875.69,
1743649800,22881.6,22889.76,22815.39,22820.7,
1743650400,22829.99,22837.13,22785.49,22791.54,
1743651000,22799.92,22815.92,22779.65,22810.15,
1743651600,22821.98,22825.76,22805.86,22812.26,
1743652200,22823.93,22833.43,22810.3,22824.69,
1743652800,22835.91,22835.91,22835.91,22835.91,
1743656400,22822.29,22852.4,22779.97,22790.59,
1743657000,22788.75,22805.95,22715.5,22729.61,
1743657600,22731.36,22732.2,22682.78,22727.58,
1743658200,22732.89,22751.44,22686.98,22748.9,
1743658800,22756.35,22781.53,22734.64,22758.43,
1743659400,22766.59,22799.77,22755.8,22770.85,
1743660000,22775.71,22868.81,22774.83,22850.31,
1743660600,22855.31,22858.13,22816.37,22832.03,
1743661200,22846.28,22849.55,22806.2,22848.08,
1743661800,22856.36,22868.95,22837.85,22857.92,
1743662400,22866.84,22874.42,22825.37,22849.31,
1743663000,22861.5,22861.5,22816.38,22819.6,
1743663600,22825.76,22883.47,22799.24,22874.49,
1743664200,22883.26,22883.26,22825.54,22825.95,
1743664800,22835.08,22835.08,22803.03,22812.29,
1743665400,22823.71,22826.16,22798.97,22805.94,
1743666000,22815.66,22835.24,22807.45,22821.71,
1743666600,22832.34,22862.5,22817.74,22857.62,
1743667200,22869.04,22869.04,22849.81,22849.81,
1743988800,20730.05,20730.05,20730.05,20730.05,
1743989400,20859.39,21047.83,20629.27,20652.06,
1743990000,20653.24,20770.61,20538.99,20539.72,
1743990600,20533.09,20910.65,20508.85,20871.29,
1743991200,20875.85,20925.12,20775.3,20782.08,
1743991800,20785.02,20836.68,20700.54,20778.28,
1743992400,20772.95,20896.88,20746.27,20761.53,
1743993000,20760.04,20766,20643.66,20710.31,
1743993600,20708.28,20818.04,20688.55,20765.22,
1743994200,20768.89,20790.9,20693.27,20694.66,
1743994800,20693.49,20710.62,20600.69,20604.08,
1743995400,20604.93,20631.43,20555.9,20576.59,
1743996000,20578.08,20587.05,20457.16,20457.16,
1743996600,20459.39,20495.92,20419.21,20444.01,
1743997200,20439.92,20469.52,20409.25,20435.32,
1743997800,20438.09,20508.82,20403.72,20405.38,
1743998400,20405.96,20405.96,20404.62,20404.62,
1744002000,20375.45,20394.28,20234.75,20246.86,
1744002600,20245.15,20635.42,20199.46,20534.21,
1744003200,20538.58,20591.82,20335.46,20358.4,
1744003800,20352.05,20363.28,20172.04,20210.21,
1744004400,20208.09,20208.09,20108.44,20118.61,
1744005000,20121.21,20197.27,20048.94,20048.94,
1744005600,20050.76,20064.69,19904.64,19904.64,
1744006200,19902.66,20013.77,19868,19870.46,
1744006800,19877.2,20137.6,19869.14,20057.53,
1744007400,20055.36,20260.32,20000.51,20136.63,
1744008000,20137.86,20137.86,20034.19,20036.17,
1744008600,20035.72,20188.24,19993.76,20055.38,
1744009200,20059.42,20059.42,19968.76,20000.99,
1744009800,19989.68,20020.94,19935.8,19999.75,
1744010400,20000.17,20000.17,19880.62,19892.94,
1744011000,19889.07,19889.14,19755.31,19769.97,
1744011600,19772.42,19805.42,19743.11,19770.19,
1744012200,19769.83,19797.1,19706.03,19709.88,
1744012800,19710.26,19828.3,19710.26,19828.3,
1744075200,20157.52,20157.52,20157.52,20157.52,
1744075800,20269.78,20454.26,20209.59,20346.7,
1744076400,20340.98,20349.79,20144.94,20217.57,
1744077000,20221.2,20336.64,20107.57,20336.26,
1744077600,20335.64,20402.32,20251.61,20300.86,
1744078200,20299.17,20424.18,20295.01,20351.77,
1744078800,20353.35,20355.99,20222.08,20227.58,
1744079400,20221.69,20388.92,20200.9,20324.08,
1744080000,20325.54,20326.82,20198.57,20244.57,
1744080600,20243.79,20255.69,20101.7,20101.7,
1744081200,20104.73,20140.95,20066.76,20089.23,
1744081800,20087.04,20227.83,20036.29,20221.44,
1744082400,20226.12,20274.74,20199.16,20256.37,
1744083000,20259.18,20259.18,20180.52,20201.34,
1744083600,20203.19,20203.19,20059.93,20068.17,
1744084200,20067.28,20142.43,20067.28,20141.95,
1744084800,20140.78,20140.78,20140.78,20140.78,
1744088400,20151.34,20196.06,20073.06,20073.06,
1744089000,20078.36,20085.02,19945.76,19972.1,
1744089600,19978.13,19985.09,19855.52,19855.52,
1744090200,19858.82,19992.27,19851.48,19951.64,
1744090800,19950.16,19962.73,19773.85,19793.87,
1744091400,19795.25,19955.75,19786.8,19938.71,
1744092000,19933.98,19992.73,19897.48,19901.09,
1744092600,19899.3,19899.3,19767.66,19774.81,
1744093200,19776.68,19853.51,19745.14,19850.08,
1744093800,19851.08,19910.37,19806.46,19910.37,
1744094400,19910.11,20030.96,19910.11,20015.45,
1744095000,20017.43,20098.75,20010.63,20075.68,
1744095600,20077.3,20196.03,20066.06,20113.83,
1744096200,20114.03,20220.57,20112.7,20198.41,
1744096800,20195.35,20245.46,20136.31,20161.71,
1744097400,20148.2,20158.87,20077.74,20117.84,
1744098000,20110.89,20128.92,20084.45,20120.24,
1744098600,20118.54,20120.16,20092.08,20108.08,
1744099200,20108.35,20127.68,20108.35,20127.68,
1744161600,19494.92,19494.92,19494.92,19494.92,
1744162200,19479.03,19479.03,19260.21,19430.04,
1744162800,19434.45,19556.01,19425.88,19554.06,
1744163400,19551.54,19678,19533.52,19675.6,
1744164000,19680.07,19838.64,19680.07,19726.93,
1744164600,19727.61,20019.54,19727.61,19914.33,
1744165200,19905.58,19933.84,19779.47,19779.85,
1744165800,19783.03,19847.9,19730.76,19733.96,
1744166400,19734.44,19835.42,19734.44,19828.01,
1744167000,19826.56,19948.57,19826.25,19941.96,
1744167600,19939.38,19986.26,19806.63,19810.86,
1744168200,19808.04,19895.06,19797.56,19800.36,
1744168800,19798.29,19925.16,19779.62,19897.91,
1744169400,19894.65,19913.5,19811.77,19825.59,
1744170000,19821.41,19832.65,19782.57,19823.71,
1744170600,19821.74,19826.42,19787.6,19813.39,
1744171200,19815.24,19815.24,19815.24,19815.24,
1744174800,19775.91,19778.17,19647.68,19777.36,
1744175400,19776.64,19823.15,19763.07,19813.31,
1744176000,19812.08,19840.67,19728.24,19743.91,
1744176600,19745.77,19874.79,19730.99,19858.29,
1744177200,19860.67,20022.33,19849.16,20022.33,
1744177800,20023.48,20060.09,19958.24,19979.83,
1744178400,19982.59,20040.26,19932.32,20025.24,
1744179000,20028.77,20169.75,20005.56,20121.11,
1744179600,20123.99,20124.43,19968.36,20030.84,
1744180200,20031.33,20130.42,20031.33,20034.63,
1744180800,20031.55,20075.1,20025.29,20046.72,
1744181400,20048.57,20075.63,19994.37,20014.41,
1744182000,20009.93,20342.51,19984.47,20055.72,
1744182600,20053.56,20205,20042.8,20181.45,
1744183200,20182.75,20300.19,20148.93,20293.23,
1744183800,20290.61,20373.32,20257.91,20354.66,
1744184400,20358.5,20441.14,20338.63,20394.28,
1744185000,20390.23,20390.23,20293.43,20321.31,
1744185600,20323.58,20323.58,20264.49,20264.49,
1744248000,20810.43,20810.43,20810.43,20810.43,
1744248600,20833.05,20909.45,20738.62,20853.85,
1744249200,20852.89,20861.3,20715.55,20790.53,
1744249800,20790.54,21147.5,20790.54,21147.5,
1744250400,21152.88,21211.13,21047.68,21083.02,
1744251000,21080.27,21133.11,21076.01,21113.66,
1744251600,21115.19,21143.78,21018.07,21069.11,
1744252200,21066.94,21080.25,20958.36,20999.54,
1744252800,21002.76,21002.76,20876.9,20907.1,
1744253400,20909.52,20941.66,20828.23,20828.23,
1744254000,20827.03,20888.56,20785.93,20869.03,
1744254600,20869.17,20875.61,20777.08,20819.31,
1744255200,20819.82,20820.46,20704.35,20730.87,
1744255800,20727.82,20729.39,20607.05,20628.09,
1744256400,20630.67,20630.82,20530.43,20630.7,
1744257000,20630.82,20660.8,20628,20628,
1744257600,20628.86,20628.86,20628.86,20628.86,
1744261200,20647.56,20738.59,20583.8,20714.15,
1744261800,20715.44,20831.21,20715.44,20819.03,
1744262400,20819.38,20854.86,20796.38,20808.7,
1744263000,20809.07,20850.1,20755.47,20804.65,
1744263600,20804.86,20899.23,20804.86,20874.33,
1744264200,20874.09,20881,20797.03,20797.03,
1744264800,20800,20912.76,20791.59,20894.82,
1744265400,20895.62,20919.28,20867.76,20899.48,
1744266000,20900.04,20921.46,20833.5,20848.5,
1744266600,20847.51,20875.63,20781.33,20781.52,
1744267200,20781.88,20804.37,20718.82,20747.6,
1744267800,20743.46,20772.95,20695.96,20709.69,
1744268400,20711.03,20820.55,20711.03,20798.13,
1744269000,20795.38,20843.76,20739.57,20757.36,
1744269600,20759.28,20788.07,20730.66,20735.65,
1744270200,20736.59,20737.93,20661.29,20667.03,
1744270800,20668.85,20697.01,20646,20697.01,
1744271400,20698.71,20705.03,20643.84,20648.11,
1744272000,20647.27,20681.78,20647.27,20681.78,
1744334400,20557.49,20557.49,20557.49,20557.49,
1744335000,20531.59,20703.87,20460.81,20565.94,
1744335600,20566.3,20572.67,20444.04,20544.49,
1744336200,20543.71,20637.24,20520.78,20623.91,
1744336800,20621.42,20621.42,20472.57,20491.5,
1744337400,20493.89,20522.32,20444.24,20521.82,
1744338000,20521.2,20607.18,20520.83,20577.52,
1744338600,20573.61,20644.14,20565.05,20623.11,
1744339200,20622.28,20652.22,20574.59,20631.59,
1744339800,20632.79,20674.39,20541.27,20544.74,
1744340400,20540.78,20583.76,20529.75,20579.65,
1744341000,20577.78,20632.35,20554.9,20561.3,
1744341600,20560.2,20618.44,20533.69,20611.76,
1744342200,20612.58,20662.39,20609.99,20622.51,
1744342800,20622.62,20732.24,20618.69,20728.75,
1744343400,20727.8,20801.87,20714.7,20800.06,
1744344000,20798.63,20798.63,20798.63,20798.63,
1744347600,20813.45,20932.22,20802.07,20853.05,
1744348200,20852.85,20915.68,20848.75,20852.47,
1744348800,20850.8,21015.66,20846.44,21001.81,
1744349400,20992.85,21057.67,20958.96,20996.1,
1744350000,20995.21,21110.24,20980.97,21059.73,
1744350600,21059.32,21111.26,21014.3,21065.1,
1744351200,21067.59,21127.37,21061.52,21075.75,
1744351800,21073.6,21089.65,20996.7,21050.75,
1744352400,21049.96,21067.11,20959.25,20970.2,
1744353000,20970.25,20980,20886.29,20889.91,
1744353600,20888.69,20925.95,20855.31,20907.01,
1744354200,20909.38,20950.23,20888.3,20949.17,
1744354800,20943.89,21018.67,20940.07,20979.85,
1744355400,20982.01,21037.21,20961.57,20964.44,
1744356000,20964.64,21027.33,20960.19,20993.38,
1744356600,20994.62,21030.02,20983.61,20983.64,
1744357200,20985.77,20985.77,20944.86,20960.58,
1744357800,20959.83,20974.82,20940.86,20945.39,
1744358400,20945.67,20945.67,20914.69,20914.69,
1744593600,21363.88,21363.88,21363.88,21363.88,
1744594200,21337.71,21366.75,21263.53,21263.53,
1744594800,21268.19,21320.31,21236.57,21263.37,
1744595400,21261.07,21405.16,21224.55,21360.75,
1744596000,21357.13,21452.53,21350.53,21434.62,
1744596600,21440.18,21492.81,21390.48,21390.48,
1744597200,21387.21,21424.7,21353.56,21393.49,
1744597800,21397.19,21443.9,21364.67,21442.14,
1744598400,21443.84,21473.84,21415.87,21473.6,
1744599000,21473.4,21517.32,21461.34,21492.97,
1744599600,21492.24,21515.03,21431.48,21432.52,
1744600200,21432.92,21458.96,21398.69,21456.42,
1744600800,21451.62,21482.92,21434.31,21475.67,
1744601400,21470.59,21486.95,21416.85,21422.45,
1744602000,21418.72,21424.18,21387.64,21393.42,
1744602600,21395.11,21423.33,21384.05,21423.11,
1744603200,21419.59,21419.59,21419.59,21419.59,
1744606800,21431.52,21445.83,21388.69,21416.41,
1744607400,21418.47,21418.47,21310.83,21337.45,
1744608000,21338.96,21357.32,21308.08,21343.63,
1744608600,21341.68,21348.69,21286.16,21294.01,
1744609200,21296.21,21346.39,21276.86,21328.01,
1744609800,21328.93,21371.07,21324.09,21367.8,
1744610400,21370.1,21376.98,21335.25,21340.18,
1744611000,21337.87,21381.96,21335.45,21356.28,
1744611600,21358.1,21358.1,21322.07,21341.78,
1744612200,21340.46,21399.28,21340.46,21380.01,
1744612800,21379.47,21382.5,21351.11,21362.14,
1744613400,21365.21,21375.5,21348.51,21361.3,
1744614000,21363.2,21375.15,21339.59,21360.93,
1744614600,21360.96,21374.5,21325.51,21372.79,
1744615200,21373.61,21403.64,21369.57,21398.93,
1744615800,21396.74,21402.64,21356.23,21379.46,
1744616400,21378.23,21391.9,21369.46,21389.11,
1744617000,21386.43,21411.77,21384.05,21406.88,
1744617600,21406.57,21417.4,21406.57,21417.4,
1744680000,21603.52,21603.52,21603.52,21603.52,
1744680600,21546.04,21560.03,21390.16,21393.83,
1744681200,21393.68,21521.33,21393.68,21502.09,
1744681800,21500.86,21505.22,21379.39,21379.39,
1744682400,21379.92,21422.12,21349.11,21389.31,
1744683000,21387.23,21440.49,21371.17,21424.6,
1744683600,21424.79,21441.09,21399.16,21426.69,
1744684200,21425.67,21448.26,21374.49,21429.62,
1744684800,21426.92,21458.17,21401.63,21403.64,
1744685400,21401.12,21431.63,21350.95,21398.02,
1744686000,21397.13,21440.39,21392.9,21400.06,
1744686600,21398.03,21410.08,21372.94,21394.11,
1744687200,21393.39,21418.98,21356.95,21415.64,
1744687800,21416.11,21436.92,21391.31,21405.21,
1744688400,21404.61,21426.62,21398.22,21412.89,
1744689000,21410.66,21460.26,21410.66,21457.3,
1744689600,21457.61,21457.61,21457.61,21457.61,
1744693200,21461.16,21500.32,21429.37,21499.71,
1744693800,21500.46,21500.46,21407.91,21426.48,
1744694400,21424.56,21457.54,21423.89,21448.59,
1744695000,21448.78,21459.06,21411.11,21422.14,
1744695600,21424.71,21451.16,21399.1,21400.74,
1744696200,21399.39,21403.97,21369.52,21369.84,
1744696800,21368.93,21369.81,21297.59,21338.48,
1744697400,21337.9,21367.79,21325.79,21346.87,
1744698000,21340.72,21367.46,21337.38,21357.08,
1744698600,21356.28,21393.62,21352.49,21392.57,
1744699200,21392.01,21424.32,21380.63,21419.25,
1744699800,21419.51,21443.27,21415.21,21428.56,
1744700400,21429.82,21458.52,21420.66,21455.87,
1744701000,21456.2,21460.16,21437.38,21439.89,
1744701600,21440.93,21452.01,21421.38,21424.9,
1744702200,21428.67,21440.09,21413.43,21417.11,
1744702800,21419,21439.09,21413.56,21432.41,
1744703400,21431.2,21477.82,21425.11,21473.14,
1744704000,21470.46,21470.46,21466.27,21466.27,
1744766400,21316.47,21316.47,21316.47,21316.47,
1744767000,21363.57,21363.57,21246.18,21266.95,
1744767600,21268.73,21285.81,21199.8,21199.8,
1744768200,21200.96,21200.96,21116.66,21153.23,
1744768800,21156.56,21176.96,21072.06,21083.91,
1744769400,21083.39,21114.04,21071.3,21079.81,
1744770000,21079.7,21117.24,21072.02,21101.94,
1744770600,21097.24,21128.56,21074.26,21075.46,
1744771200,21076.52,21079.04,21014.6,21022.7,
1744771800,21025.29,21080.79,21021.88,21065.33,
1744772400,21067.58,21069.01,20960.31,20978.6,
1744773000,20977.78,21003.49,20956.94,20980,
1744773600,20981.21,20996.86,20936.23,20936.23,
1744774200,20935.36,20945.08,20878.84,20911.06,
1744774800,20909.04,20941.71,20909.04,20929.71,
1744775400,20929.68,20954.27,20917.46,20917.66,
1744776000,20922.54,20922.54,20922.54,20922.54,
1744779600,20914.83,20961.71,20888.61,20961.71,
1744780200,20960.44,20985.02,20934.41,20935.66,
1744780800,20937.07,20942.13,20882.21,20889.15,
1744781400,20886.63,20930.07,20868.36,20913.63,
1744782000,20914.36,20914.36,20881.18,20897.48,
1744782600,20897.65,20957.72,20897.65,20943.8,
1744783200,20942.07,20972.59,20937.73,20962,
1744783800,20962.61,21007.24,20961.37,20977.51,
1744784400,20978.08,20981.25,20943.18,20951.63,
1744785000,20954.17,20969.37,20937.87,20963.23,
1744785600,20961.76,21022.01,20951.34,21007.57,
1744786200,21006.17,21072.56,21006.06,21027,
1744786800,21027.44,21156.9,21027.44,21118.95,
1744787400,21117.12,21175.91,21117.12,21172.18,
1744788000,21169.93,21172.68,21073.04,21073.04,
1744788600,21073.69,21104.69,21071.41,21083.86,
1744789200,21086.39,21114.11,21086.01,21091.23,
1744789800,21092.37,21096.24,21013.83,21018.2,
1744790400,21016.13,21056.98,21016.13,21056.98,
1744852800,21066.81,21066.81,21066.81,21066.81,
1744853400,21040.21,21209,21039.16,21168.89,
1744854000,21158.85,21259.73,21152.4,21230.26,
1744854600,21224.84,21317.07,21224.84,21253.57,
1744855200,21244.63,21297.27,21204.68,21296.21,
1744855800,21287.46,21327.53,21261.11,21322.78,
1744856400,21316.13,21330.12,21270.22,21296.04,
1744857000,21283.87,21306.08,21241.16,21295.21,
1744857600,21280.3,21288.11,21236.41,21248.21,
1744858200,21241,21330.85,21241,21322.28,
1744858800,21315.93,21348.19,21291.78,21300.36,
1744859400,21293.42,21355.91,21288.69,21347.64,
1744860000,21336.5,21417.64,21336.5,21403.12,
1744860600,21391.02,21396.27,21344.99,21354.3,
1744861200,21347.86,21394.27,21347.86,21384.57,
1744861800,21375.73,21416.86,21375.73,21407.69,
1744862400,21398.89,21398.89,21398.89,21398.89,
1744866000,21398.77,21401.77,21343,21343.85,
1744866600,21335.81,21353.35,21308.32,21349.07,
1744867200,21336.84,21351.93,21303.76,21337.43,
1744867800,21330.1,21364.8,21305.38,21332.19,
1744868400,21326.39,21348.62,21320.77,21338.21,
1744869000,21326.81,21335.95,21301.11,21306.79,
1744869600,21298.56,21335.73,21266.93,21335.73,
1744870200,21325.26,21373.67,21325.26,21337.87,
1744870800,21332.91,21354.24,21330.52,21346.2,
1744871400,21336.04,21350.73,21309.58,21314.81,
1744872000,21304.81,21331.74,21280.87,21328.32,
1744872600,21317.93,21325.84,21298.39,21318.37,
1744873200,21310.44,21371.47,21310.44,21348.84,
1744873800,21341.17,21371.45,21329.27,21364.87,
1744874400,21354.5,21366.71,21334.46,21365.79,
1744875000,21359.29,21383.49,21356.21,21367.28,
1744875600,21358.09,21373.04,21353.67,21363.67,
1744876200,21354.28,21374.15,21348.53,21364.92,
1744876800,21359.71,21395.14,21359.71,21395.14,
1745284800,21303.51,21303.51,21303.51,21303.51,
1745285400,21296.08,21446.87,21293.13,21432.35,
1745286000,21433.95,21433.95,21284.99,21301.71,
1745286600,21303.6,21329.75,21251.99,21312.16,
1745287200,21313.2,21313.61,21191.02,21202.8,
1745287800,21201.11,21298.59,21196.59,21292.29,
1745288400,21288.29,21327.6,21266.83,21273.24,
1745289000,21273.91,21329.77,21263.31,21291.18,
1745289600,21287.59,21344.71,21261.08,21269.71,
1745290200,21269.57,21396.21,21266.76,21394.2,
1745290800,21393.7,21410.71,21363.29,21406.52,
1745291400,21406.34,21415.06,21351.72,21359.26,
1745292000,21356.89,21362.86,21305.84,21305.84,
1745292600,21307.69,21386.41,21289.67,21379.78,
1745293200,21379.04,21407.61,21360.85,21405.37,
1745293800,21408.47,21410.37,21378.13,21387.51,
1745294400,21387.39,21387.39,21387.39,21387.39,
1745298000,21389.11,21451.39,21376.19,21450.49,
1745298600,21448.36,21454.29,21426.53,21440.7,
1745299200,21440.26,21498.78,21440.26,21498.78,
1745299800,21498.18,21540.35,21492.57,21529.59,
1745300400,21532.95,21555.01,21480.19,21498.94,
1745301000,21499.45,21521.87,21494.41,21515.68,
1745301600,21513.82,21578.45,21513.82,21572.32,
1745302200,21573.1,21592.67,21550.09,21552.89,
1745302800,21553.73,21580.61,21551.8,21565.42,
1745303400,21564.01,21573.14,21509.79,21521.3,
1745304000,21521.41,21535.68,21502.39,21532.31,
1745304600,21528.96,21539.32,21488.9,21513.55,
1745305200,21511.07,21535.78,21501.31,21525.9,
1745305800,21524.01,21526.97,21470.47,21489.63,
1745306400,21490.21,21496.98,21434.21,21461.57,
1745307000,21464.01,21489.15,21459,21462,
1745307600,21459.76,21529.49,21459.48,21505.05,
1745308200,21506.94,21547.17,21502.83,21539.27,
1745308800,21543.8,21562.32,21543.8,21562.32,
1745371200,22080.19,22080.19,22080.19,22080.19,
1745371800,22074.14,22107.37,21942.45,21961.57,
1745372400,21959.9,21996.39,21892.88,21892.88,
1745373000,21896.17,21959.14,21889.72,21892.33,
1745373600,21889.94,21930.21,21862.87,21908.53,
1745374200,21909.73,21933.23,21882.76,21932.79,
1745374800,21932.43,21949.88,21913.35,21940.58,
1745375400,21939.72,21966.62,21904.07,21966.62,
1745376000,21964.33,22007.45,21961.67,22004.61,
1745376600,22003.51,22029.9,21980.3,22027.83,
1745377200,22024.98,22078.79,22024.98,22073.61,
1745377800,22071.47,22079.85,22022.81,22049.46,
1745378400,22050.07,22080.24,22024.22,22046.78,
1745379000,22047.42,22093.52,22043.83,22091.37,
1745379600,22092.88,22106.81,22077.7,22081.91,
1745380200,22081.73,22091.81,22071.78,22083.95,
1745380800,22081.42,22081.42,22081.42,22081.42,
1745384400,22082.12,22120.88,22073.7,22111.91,
1745385000,22116.22,22138.81,22102.84,22106.31,
1745385600,22102.08,22110.53,22055.64,22080.09,
1745386200,22083.27,22090.76,22049.96,22084.92,
1745386800,22088.16,22095.07,22037.7,22038.94,
1745387400,22037.23,22066.47,22027.86,22064.06,
1745388000,22064.67,22067.65,21999.96,22001.3,
1745388600,22002.48,22029.03,21997.49,22019.73,
1745389200,22018.28,22047.01,22014.51,22043.06,
1745389800,22041.51,22051.14,22031.14,22038.86,
1745390400,22038.52,22063.38,22036.61,22056.22,
1745391000,22056.96,22076.48,22051.87,22073.24,
1745391600,22071.02,22129.21,22071.02,22110.1,
1745392200,22107.84,22110.96,22088.66,22099.58,
1745392800,22102.92,22106.84,22011.27,22020.49,
1745393400,22018.46,22051.34,22012.91,22037.37,
1745394000,22035.96,22044.44,22019.54,22035.88,
1745394600,22035.69,22056.55,22030.49,22056.55,
1745395200,22052.43,22072.62,22052.43,22072.62,
1745457600,22030.15,22030.15,22030.15,22030.15,
1745458200,22028.61,22093.68,21996.16,22093.68,
1745458800,22092.54,22092.54,22042.49,22055.76,
1745459400,22057.84,22069.03,21953.96,21999.62,
1745460000,21998.28,22008.27,21952.68,22001.73,
1745460600,22002.96,22035.66,21976.76,21986,
1745461200,21982.98,22025.73,21982.98,22016.14,
1745461800,22014.36,22030.33,21922.81,21931.58,
1745462400,21932.05,21953.7,21903.48,21906.68,
1745463000,21907.25,21907.9,21839.43,21859.94,
1745463600,21862.63,21862.63,21732.48,21736.25,
1745464200,21736.32,21765.56,21712.1,21751.99,
1745464800,21753.54,21793,21750.35,21772.23,
1745465400,21770.63,21799.04,21763.82,21778.4,
1745466000,21778.77,21797.4,21770.15,21793.65,
1745466600,21791.71,21805.82,21780.8,21801.48,
1745467200,21805.29,21805.29,21805.29,21805.29,
1745470800,21798.43,21837.74,21773.83,21823.92,
1745471400,21822.42,21830.83,21799.69,21825.41,
1745472000,21821.28,21837.72,21802.12,21825.01,
1745472600,21826.28,21866.2,21819.1,21865.63,
1745473200,21865.84,21876.41,21835.36,21872.4,
1745473800,21873.33,21873.54,21818.94,21822.6,
1745474400,21826.61,21842.61,21796.7,21802.08,
1745475000,21800.24,21819.34,21794.96,21802.16,
1745475600,21802.18,21818.18,21785.41,21816.44,
1745476200,21815.51,21830.12,21796,21823.03,
1745476800,21819.89,21834.3,21814.35,21815.56,
1745477400,21817.94,21835.32,21815.14,21824.79,
1745478000,21823.06,21848.91,21823.06,21838.1,
1745478600,21842.82,21863.93,21836.75,21858.66,
1745479200,21857.32,21863.91,21833.33,21844.36,
1745479800,21845.73,21851.82,21833.54,21841.56,
1745480400,21843.28,21867.68,21819.09,21860.95,
1745481000,21865.78,21879.73,21858.78,21877.12,
1745481600,21875.6,21909.76,21875.6,21909.76,
1745544000,22080.44,22080.44,22080.44,22080.44,
1745544600,22056.78,22113.04,22028.57,22109.4,
1745545200,22096.44,22115.94,22030.14,22030.14,
1745545800,22021.81,22055.85,22012.6,22035.46,
1745546400,22030.04,22101.34,22020.77,22053.7,
1745547000,22045.89,22130.53,22045.89,22127.7,
1745547600,22120.6,22153.12,22085.52,22150.29,
1745548200,22144.55,22237.18,22140.75,22194.11,
1745548800,22187.31,22194.53,22136.22,22150.78,
1745549400,22144.97,22224.05,22142.15,22192.49,
1745550000,22175.84,22242.26,22163.49,22242.26,
1745550600,22232.12,22263.23,22187.56,22193.64,
1745551200,22188.05,22267.96,22188.05,22221.79,
1745551800,22215.5,22243.16,22194.4,22235.67,
1745552400,22233.43,22238.27,22194.41,22232.63,
1745553000,22224.13,22233.16,22211.21,22218.13,
1745553600,22206.82,22206.82,22206.82,22206.82,
1745557200,22208.09,22227.95,22187.52,22208.86,
1745557800,22201.41,22238.61,22174.39,22175.71,
1745558400,22169.24,22180.86,22133.99,22138.76,
1745559000,22131.36,22158.92,22131.36,22147.95,
1745559600,22143.27,22193.88,22126.63,22175.43,
1745560200,22168.78,22180.06,22082.37,22110.35,
1745560800,22100.2,22112.7,22036.44,22039.3,
1745561400,22032.24,22078.32,22032.24,22067.96,
1745562000,22060.02,22068.34,22037.2,22053.52,
1745562600,22046.23,22072.67,22034.79,22034.79,
1745563200,22024.5,22066.31,22024.5,22059.04,
1745563800,22049.39,22080.79,22049.39,22075.2,
1745564400,22069.99,22102.96,22069.99,22076.32,
1745565000,22068.89,22079.26,21991.49,22012.44,
1745565600,22007.25,22020.95,21972.52,21972.52,
1745566200,21968.96,21976.84,21923.9,21949.87,
1745566800,21942.74,21994,21942.74,21982.56,
1745567400,21976.74,21991.44,21958.38,21968.86,
1745568000,21963.09,21980.74,21963.09,21980.74,
1745803200,22072.35,22072.35,22072.35,22072.35,
1745803800,22043.17,22043.17,21853.43,21904.88,
1745804400,21899.06,21947.66,21843.81,21946.79,
1745805000,21947.58,21951.54,21865.31,21870.24,
1745805600,21869.28,21931.88,21817.85,21906.68,
1745806200,21909.85,21927.63,21874.43,21923.52,
1745806800,21919.89,21935.5,21901.67,21918.74,
1745807400,21919.41,21975.34,21913.22,21959.19,
1745808000,21959.28,21979.53,21945.94,21964.65,
1745808600,21962.79,21965.86,21899.37,21909.33,
1745809200,21910.79,21948.22,21910.48,21930.97,
1745809800,21930.9,21966.24,21920.02,21966,
1745810400,21967.67,21978.78,21920.9,21948.36,
1745811000,21949.65,22001.62,21946.59,21996.04,
1745811600,21994.05,22016.64,21989.65,21995.71,
1745812200,21995.91,22009.68,21986.42,21998.25,
1745812800,21997.08,21997.08,21997.08,21997.08,
1745816400,21996.83,22035.31,21994.54,22025.79,
1745817000,22024.88,22060.04,21984.27,21996.28,
1745817600,21996.67,22025.09,21995.88,22007.68,
1745818200,22008.14,22047.88,21999.95,22040.04,
1745818800,22039.12,22042.31,21980.45,22004.81,
1745819400,22006.62,22009.91,21985.97,21992.24,
1745820000,21993.49,22022.34,21992.82,22010.63,
1745820600,22014.77,22032.45,22004.26,22004.26,
1745821200,22003.41,22029,22001.77,22015.24,
1745821800,22017.17,22050.43,22010.83,22038.14,
1745822400,22037.55,22052.5,22027.78,22047.88,
1745823000,22047.35,22060,22038.53,22038.53,
1745823600,22038.57,22045.66,22011.06,22011.96,
1745824200,22012.21,22012.21,21966.34,21967.96,
1745824800,21966.09,21994.87,21966.08,21987.72,
1745825400,21988.72,21997.24,21980.95,21985.41,
1745826000,21984.1,21994.84,21970.47,21976.97,
1745826600,21974.54,21987.74,21967.1,21973.48,
1745827200,21973.24,21973.24,21971.96,21971.96,
1745889600,22073.36,22073.36,22073.36,22073.36,
1745890200,22023.23,22040.95,21931.29,21931.29,
1745890800,21918.1,22114.13,21918.1,22091.28,
1745891400,22072.55,22119.88,22033.14,22107.03,
1745892000,22084.8,22163.8,22084.8,22117.01,
1745892600,22098.07,22213.51,22098.07,22163.23,
1745893200,22148.11,22175.26,22092.95,22095.92,
1745893800,22077.75,22126.19,22077.75,22106.45,
1745894400,22087.48,22136.43,22080.59,22080.59,
1745895000,22072.59,22097.58,22060.12,22063.32,
1745895600,22048.67,22078.16,22041.44,22069.69,
1745896200,22057.72,22088.42,22056.11,22074.48,
1745896800,22055.86,22080.2,22047.39,22057.28,
1745897400,22040.26,22067.43,22040.26,22061.45,
1745898000,22041.93,22061.15,22019.71,22026.82,
1745898600,22009.5,22023.51,21998.41,22017.76,
1745899200,21998.86,21998.86,21998.86,21998.86,
1745902800,22024.64,22048.02,22007.27,22040.4,
1745903400,22025.04,22061.75,21991.07,21993.24,
1745904000,21979.96,22010.09,21979.96,21990.32,
1745904600,21977.87,21992.54,21929.97,21978.45,
1745905200,21966,21984.9,21965.53,21977.69,
1745905800,21964.68,21989.99,21952.36,21963.82,
1745906400,21949.38,21996.28,21949.38,21970.49,
1745907000,21954.19,21986.42,21954.19,21977.8,
1745907600,21961.11,21971.53,21929.56,21962.95,
1745908200,21948.2,21992.37,21948.2,21979.61,
1745908800,21965.95,21994.93,21963.47,21967.1,
1745909400,21955.05,21978.34,21949.88,21974.51,
1745910000,21959.76,22005.98,21953.15,21971.74,
1745910600,21963.37,21992.62,21963.37,21981.62,
1745911200,21967.37,22010.41,21967.37,22002.52,
1745911800,21987.85,22014.57,21987.85,21996.55,
1745912400,21982.27,22032.77,21982.27,22017.26,
1745913000,22004.57,22023.8,21987.09,22016.33,
1745913600,22014.47,22014.47,22008.11,22008.11,
1745976000,22038.73,22038.73,22038.73,22038.73,
1745976600,22040.46,22056.34,21966.51,22001.51,
1745977200,22004.4,22016.99,21910.31,21911.82,
1745977800,21914.36,21925.33,21848.33,21873.1,
1745978400,21868.2,21904.08,21864.25,21873.85,
1745979000,21873.63,21959.1,21869.9,21949.75,
1745979600,21947.22,21953.23,21917.46,21921.59,
1745980200,21921.18,21971.89,21912.48,21969.44,
1745980800,21969.39,21973.95,21908.5,21922.89,
1745981400,21920.96,21924.8,21890.9,21920.67,
1745982000,21918.08,21997.49,21916.05,21988.17,
1745982600,21990.01,22070.06,21985.47,22058.05,
1745983200,22055.56,22065.09,22034.92,22052.96,
1745983800,22052.62,22074.75,22022.18,22028.75,
1745984400,22029.09,22063.44,22022.78,22058.07,
1745985000,22060.41,22063.58,22042.27,22056.92,
1745985600,22056.1,22056.1,22056.1,22056.1,
1745989200,22060.92,22075.87,22028.57,22073.02,
1745989800,22072.47,22102.97,22019.4,22020.28,
1745990400,22018.89,22030.49,22006.8,22030.49,
1745991000,22027,22061.92,22025.07,22031.91,
1745991600,22036.44,22065.2,22035.35,22065.2,
1745992200,22062.66,22070.65,22041.6,22066.74,
1745992800,22064.67,22078.94,22057.24,22064.09,
1745993400,22063.42,22104.19,22059.02,22102.71,
1745994000,22102.83,22117.19,22089.12,22110.39,
1745994600,22111.92,22114.48,22072.75,22083.79,
1745995200,22087.89,22090.81,22047.74,22063.84,
1745995800,22062.02,22087.35,22056.87,22079.55,
1745996400,22080.33,22100.92,22073.2,22094.47,
1745997000,22092.42,22110,22086.81,22090.01,
1745997600,22090.25,22116.53,22086.12,22102.13,
1745998200,22103.41,22104.33,22068.6,22083.08,
1745998800,22080.92,22089.13,22068.85,22086.87,
1745999400,22089.5,22129.31,22081.71,22124.74,
1746000000,22129.27,22129.27,22119.41,22119.41,
1746148800,22192.51,22192.51,22192.51,22192.51,
1746149400,22170.33,22287.12,22058.3,22258.73,
1746150000,22256.57,22270.88,22101.37,22255.67,
1746150600,22254.19,22352.99,22254.19,22339.38,
1746151200,22334.24,22420.7,22305.8,22409.52,
1746151800,22408.86,22456.32,22388.05,22456.32,
1746152400,22455.92,22457.97,22419.27,22434.51,
1746153000,22434.59,22473.48,22421.62,22467.28,
1746153600,22463.07,22470.79,22396.54,22416.3,
1746154200,22415.51,22426.42,22370.65,22371,
1746154800,22371.8,22385.7,22356,22378.54,
1746155400,22378.16,22382.2,22335.86,22352.81,
1746156000,22353.21,22417.64,22351.3,22413.79,
1746156600,22414.59,22488.54,22414.59,22470.32,
1746157200,22469.78,22499.79,22469.14,22489.93,
1746157800,22488.41,22508.83,22481.73,22492.78,
1746158400,22493.96,22493.96,22493.96,22493.96,
1746162000,22486.64,22515.68,22465.86,22479.23,
1746162600,22476.58,22484.47,22453.2,22472.37,
1746163200,22471.25,22491.61,22450.22,22464.03,
1746163800,22463.9,22510.45,22463.9,22490.53,
1746164400,22490.46,22503.6,22486.86,22495.32,
1746165000,22493.49,22496.69,22452.39,22453.81,
1746165600,22454.58,22461.31,22392.67,22397.35,
1746166200,22397.24,22449.12,22397.1,22444.6,
1746166800,22444.32,22502.91,22442.26,22499.59,
1746167400,22505.15,22532.54,22492.14,22500.6,
1746168000,22500.54,22519.04,22495.21,22511.37,
1746168600,22511.52,22514.79,22495.24,22499.44,
1746169200,22506.12,22516.72,22472.76,22516.39,
1746169800,22513.51,22527.79,22504.72,22508.15,
1746170400,22506.86,22508.73,22484.41,22493.58,
1746171000,22494.81,22520.56,22494.14,22510.12,
1746171600,22507.93,22511.29,22487.09,22495.58,
1746172200,22494.9,22503.66,22485.75,22494.63,
1746172800,22494.5,22504.68,22494.5,22504.68,
1746494400,22576.56,22576.56,22576.56,22576.56,
1746495000,22524.33,22573.59,22449.16,22469.96,
1746495600,22469.97,22594.44,22469.97,22486.02,
1746496200,22485.05,22596.13,22478.93,22596.13,
1746496800,22599.31,22619.7,22574.7,22603.38,
1746497400,22605.55,22643.9,22594.14,22634.91,
1746498000,22631.79,22647.83,22578.18,22586.13,
1746498600,22586.64,22636.04,22575.95,22616.82,
1746499200,22616.57,22624.51,22581.45,22615.67,
1746499800,22618.5,22656.46,22613.11,22630.21,
1746500400,22631.33,22656.6,22623.29,22638.9,
1746501000,22640.03,22649.6,22596.6,22613.72,
1746501600,22613.56,22659.35,22611.78,22655.27,
1746502200,22654.29,22699,22651.82,22683.88,
1746502800,22684.17,22702.39,22671.85,22676.57,
1746503400,22674.96,22674.96,22643.6,22659.59,
1746504000,22658.98,22658.98,22658.98,22658.98,
1746507600,22658.89,22664.19,22616.41,22639.5,
1746508200,22642.81,22700.62,22639.6,22694.09,
1746508800,22695.31,22699.63,22671.22,22687.77,
1746509400,22688.61,22693.84,22666.4,22680.88,
1746510000,22686.23,22687.34,22643.28,22644.04,
1746510600,22646.45,22670.34,22619.13,22667.05,
1746511200,22666.99,22702.52,22664.7,22697.69,
1746511800,22695.19,22700.03,22644.87,22654.83,
1746512400,22655.05,22668.29,22643.18,22660.89,
1746513000,22658.71,22699.56,22638.09,22694.14,
1746513600,22695.53,22720.57,22688.15,22703.08,
1746514200,22702.22,22730.3,22700.53,22728.2,
1746514800,22728.62,22747.63,22727.31,22734,
1746515400,22733.98,22736.5,22697.12,22701.49,
1746516000,22700.4,22708.87,22686.8,22691.12,
1746516600,22692.27,22701.98,22644.82,22644.82,
1746517200,22647.15,22677.1,22641.6,22673.23,
1746517800,22673.43,22675.77,22651.9,22662.4,
1746518400,22665.13,22665.13,22662.71,22662.71,
1746580800,23169.83,23169.83,23169.83,23169.83,
1746581400,23168.64,23197.57,22998.92,23043.15,
1746582000,23042.66,23094.56,23004.32,23004.32,
1746582600,22998.42,23056.13,22984.39,23032.37,
1746583200,23031.76,23069.34,22982.17,23025.84,
1746583800,23023.42,23046.21,22968.22,22982.47,
1746584400,22980.03,23014.66,22971.43,23010.8,
1746585000,23005.72,23013.82,22953.04,22993.58,
1746585600,22993.78,22993.78,22868.45,22870,
1746586200,22874.99,22932.66,22874.99,22914.66,
1746586800,22909.85,22911.18,22840.86,22845.98,
1746587400,22848.16,22848.16,22728.4,22732.64,
1746588000,22730.17,22792.7,22722.44,22784.34,
1746588600,22785.87,22803.13,22774.48,22793.78,
1746589200,22793.72,22794.18,22752.63,22757.73,
1746589800,22756.1,22772.66,22746.63,22772.66,
1746590400,22773.95,22773.95,22773.95,22773.95,
1746594000,22779.34,22808.85,22759.73,22773.1,
1746594600,22770.53,22801.7,22758.63,22777.06,
1746595200,22777.09,22835.61,22771.36,22835.61,
1746595800,22835.42,22863.26,22825.43,22849.51,
1746596400,22848.71,22867.84,22820.38,22824.42,
1746597000,22823.27,22837.02,22780.76,22780.87,
1746597600,22780.6,22781.73,22762.59,22775.86,
1746598200,22774.68,22782.27,22716.43,22738.76,
1746598800,22737.77,22756.19,22723.21,22754.55,
1746599400,22755.79,22778.32,22746.29,22773.09,
1746600000,22775.42,22796.57,22770.84,22785.12,
1746600600,22787.46,22800.54,22780.49,22791.45,
1746601200,22790,22822.23,22779.98,22806.11,
1746601800,22808.15,22808.15,22771.73,22789.61,
1746602400,22785.92,22797.58,22769.53,22769.53,
1746603000,22772.49,22772.49,22705.6,22712.54,
1746603600,22714.36,22728.39,22701.92,22715.57,
1746604200,22714.17,22724.36,22695.56,22707.86,
1746604800,22708.91,22708.91,22691.88,22691.88,
1746667200,22589.13,22589.13,22589.13,22589.13,
1746667800,22601.26,22759.58,22601.26,22749.7,
1746668400,22752.18,22791.35,22707.98,22763.18,
1746669000,22764.45,22816.92,22714.28,22816.92,
1746669600,22816.15,22829.91,22796.61,22809.26,
1746670200,22808.05,22836.78,22772.42,22825.04,
1746670800,22824.91,22900.82,22822.6,22894.38,
1746671400,22891.84,22903.01,22868.83,22872.72,
1746672000,22874.54,22901.15,22841.04,22886.81,
1746672600,22887.49,22918.74,22843.7,22911.65,
1746673200,22911.14,22947.21,22910.95,22946.05,
1746673800,22945.75,22961.34,22922.37,22942.99,
1746674400,22939.92,22961.11,22931.56,22944.02,
1746675000,22945.99,22979.29,22927.15,22931.96,
1746675600,22933.51,22949.29,22923.31,22934.8,
1746676200,22933.24,22953.37,22931.02,22941.62,
1746676800,22941.91,22941.91,22941.91,22941.91,
1746680400,22935.04,22937.05,22861.6,22875.72,
1746681000,22875.71,22888.53,22824.82,22826.58,
1746681600,22825.71,22858.16,22815.37,22815.37,
1746682200,22813,22826.72,22795.96,22822.01,
1746682800,22821.41,22844.88,22807.1,22836.41,
1746683400,22834.81,22853.13,22812.58,22850.57,
1746684000,22851.8,22865.42,22838.21,22854.7,
1746684600,22856.13,22858.81,22829.25,22843.54,
1746685200,22843.75,22844.65,22805.8,22808.03,
1746685800,22808.79,22817.8,22773.87,22773.97,
1746686400,22775.33,22794.24,22768.91,22772.11,
1746687000,22772.77,22781.85,22760.95,22770.49,
1746687600,22771.61,22774.21,22717.02,22733.17,
1746688200,22734.73,22781.45,22728.66,22770.68,
1746688800,22770.52,22793.17,22767.36,22788.94,
1746689400,22788.8,22793.78,22763.88,22780.15,
1746690000,22782.36,22783.9,22751.42,22755.2,
1746690600,22755.21,22766.39,22746,22754.3,
1746691200,22753.52,22775.92,22753.52,22775.92,
1746753600,22856.21,22856.21,22856.21,22856.21,
1746754200,22828.97,22843.94,22750.15,22753.92,
1746754800,22755.73,22858.49,22755.73,22850.03,
1746755400,22852.35,22877.85,22836.62,22873.32,
1746756000,22871.09,22907.91,22839.98,22859.55,
1746756600,22859.92,22861.57,22805.43,22830.56,
1746757200,22830.95,22876.15,22823.01,22855.13,
1746757800,22854.09,22868.05,22811.51,22815.21,
1746758400,22818.29,22854.94,22788.81,22789.16,
1746759000,22790,22796.72,22745.86,22755.45,
1746759600,22756.86,22756.86,22699.06,22714.01,
1746760200,22714.7,22757.3,22692.44,22730.11,
1746760800,22730.47,22752.87,22724.55,22730.91,
1746761400,22732.01,22762.95,22725.18,22754.8,
1746762000,22754.94,22762.6,22742.71,22757.04,
1746762600,22757.57,22783.75,22757.57,22777.62,
1746763200,22777.82,22777.82,22777.82,22777.82,
1746766800,22776.91,22808.14,22767.22,22778.03,
1746767400,22776.84,22789.92,22764.49,22764.49,
1746768000,22764.18,22799.18,22748.33,22799.18,
1746768600,22797.45,22829.53,22795.62,22804.94,
1746769200,22805.05,22825.9,22802.5,22810.1,
1746769800,22810.9,22859.24,22808.56,22857.93,
1746770400,22856.94,22875.96,22840.97,22845.09,
1746771000,22844.47,22852.1,22830.45,22834.37,
1746771600,22834.09,22838.67,22816.01,22821.52,
1746772200,22821.1,22837.78,22820.49,22831.44,
1746772800,22830.69,22838.15,22801.92,22803.46,
1746773400,22802.93,22816.34,22798.66,22813.95,
1746774000,22815.17,22835.55,22799.51,22830.62,
1746774600,22829.66,22856.77,22827.17,22844.56,
1746775200,22844.06,22847.7,22833.13,22838.93,
1746775800,22843.34,22862.4,22836.32,22855.31,
1746776400,22854.29,22858.6,22840.48,22851.34,
1746777000,22850.63,22852.52,22832.64,22846.18,
1746777600,22848.5,22867.74,22848.5,22867.74,
1747012800,23183.81,23183.81,23183.81,23183.81,
1747013400,23174.22,23193.65,23035.8,23048.78,
1747014000,23054.07,23101.97,22996.88,23087.14,
1747014600,23087.09,23105.36,23041.27,23104.2,
1747015200,23106.06,23152.51,23103.7,23132.32,
1747015800,23131.11,23236.01,23114.06,23190.18,
1747016400,23186.1,23212.19,23159.56,23160.17,
1747017000,23164.53,23169.16,23117.81,23117.81,
1747017600,23117.88,23122.75,23081.51,23101,
1747018200,23100.76,23111.6,23065.05,23071.38,
1747018800,23071.4,23088.19,23033.9,23048.74,
1747019400,23047.36,23049.32,22982.91,23012.8,
1747020000,23012.49,23047,23002.04,23042.47,
1747020600,23042.5,23052.97,23019.92,23046.49,
1747021200,23041.94,23075.18,23035.83,23067.38,
1747021800,23067.71,23085.44,23063,23077.4,
1747022400,23079.88,23079.88,23079.88,23079.88,
1747026000,23083.57,23119.71,23076.91,23103.97,
1747026600,23100.74,23130,23090.34,23128.46,
1747027200,23132.02,23155.35,23124.87,23148.18,
1747027800,23152.69,23157.71,23114.54,23128.39,
1747028400,23129.04,23164.69,23124.59,23164.59,
1747029000,23164.52,23170.55,23140.64,23154.76,
1747029600,23157.48,23193.12,23154.28,23186.39,
1747030200,23187.47,23211.06,23177.85,23180.85,
1747030800,23180.7,23209.33,23162.87,23180.28,
1747031400,23183.26,23183.31,23107.7,23129.13,
1747032000,23129.26,23147.27,23103.43,23138.29,
1747032600,23137.98,23182.83,23131.9,23164.94,
1747033200,23165.26,23685.34,23164.6,23570.12,
1747033800,23570.96,23639.51,23464.48,23465.87,
1747034400,23465.56,23638.79,23465.56,23631.14,
1747035000,23633.74,23660.34,23588.23,23626.76,
1747035600,23631.38,23631.38,23492.62,23503.54,
1747036200,23508.09,23560.41,23487.23,23556.44,
1747036800,23558.11,23558.11,23549.46,23549.46,
1747099200,23494.44,23494.44,23494.44,23494.44,
1747099800,23427.72,23427.72,23298.07,23323.61,
1747100400,23322.08,23376.97,23294.67,23309.59,
1747101000,23307.98,23332.85,23266.42,23267.35,
1747101600,23271.99,23297.45,23252.06,23265.86,
1747102200,23263.14,23293.44,23213.39,23291.45,
1747102800,23292.1,23292.1,23239.76,23243.55,
1747103400,23241.2,23248.38,23192.42,23193.79,
1747104000,23196.67,23222.6,23190.77,23213.19,
1747104600,23213.16,23228.71,23183.77,23220,
1747105200,23220.88,23228.78,23182.82,23192.72,
1747105800,23191.33,23209.19,23166.14,23166.27,
1747106400,23165.32,23170.17,23129.37,23137.9,
1747107000,23136.18,23165.5,23133.83,23154.64,
1747107600,23155.05,23160.88,23130.6,23140.64,
1747108200,23141.5,23157.75,23137.83,23154.79,
1747108800,23155.46,23156.89,23155.46,23156.89,
1747112400,23157.2,23213.55,23125.71,23200.06,
1747113000,23199.2,23237.28,23199.2,23210.83,
1747113600,23205.89,23210.33,23183.37,23196.07,
1747114200,23194.18,23201.01,23166.96,23192.26,
1747114800,23192.73,23222.58,23189.91,23206.84,
1747115400,23208.85,23237.72,23200.87,23237.18,
1747116000,23236.68,23243.39,23197.21,23199.77,
1747116600,23199.34,23225.32,23181.81,23186.56,
1747117200,23182.99,23211.36,23179.11,23208.31,
1747117800,23207.86,23223.15,23191.13,23191.62,
1747118400,23191.25,23213.3,23184.21,23185.04,
1747119000,23183.44,23184.3,23147.69,23147.69,
1747119600,23148.8,23151.04,23121.09,23131.66,
1747120200,23132.34,23152.5,23130.15,23146.13,
1747120800,23144.03,23150.38,23118.38,23120.6,
1747121400,23121.11,23136.38,23096.14,23105.22,
1747122000,23107.28,23110.99,23070.48,23079.54,
1747122600,23080.82,23114.65,23071.26,23107.43,
1747123200,23111.54,23111.54,23108.27,23108.27,
1747185600,23316.45,23316.45,23316.45,23316.45,
1747186200,23313.27,23352.05,23278.22,23306.64,
1747186800,23304.51,23355.95,23289.4,23355.48,
1747187400,23356.94,23399.54,23352.18,23365.51,
1747188000,23366.72,23431.38,23366.72,23385.84,
1747188600,23384.27,23451.44,23378.42,23432.73,
1747189200,23431.6,23439.88,23386.99,23403.71,
1747189800,23402.77,23402.77,23341.31,23345.41,
1747190400,23345.91,23351.71,23298.09,23330.23,
1747191000,23330.3,23376.9,23324.06,23372.97,
1747191600,23372.15,23445.78,23344.54,23413.78,
1747192200,23415.24,23453.92,23388.22,23433.42,
1747192800,23432.94,23438.41,23409.82,23433.38,
1747193400,23432.28,23449.04,23428.95,23445.91,
1747194000,23446.21,23455.33,23427.97,23442.17,
1747194600,23442.84,23451.88,23433.06,23437,
1747195200,23438.11,23438.11,23438.11,23438.11,
1747198800,23431.52,23465.45,23421.65,23455.18,
1747199400,23455.57,23514.86,23454.37,23509.99,
1747200000,23511.81,23532.12,23496.93,23497.08,
1747200600,23497.11,23579.72,23480.2,23568.01,
1747201200,23572.75,23583.99,23531.62,23544.96,
1747201800,23544.4,23549.96,23510.35,23512.29,
1747202400,23513.29,23531.36,23481.41,23491.32,
1747203000,23491.8,23518.51,23490.14,23501.56,
1747203600,23502.39,23529.75,23499.36,23517.9,
1747204200,23518.29,23564.48,23518.19,23546.55,
1747204800,23547.75,23571.51,23541.59,23557.65,
1747205400,23560.45,23596.33,23553.69,23596.29,
1747206000,23595.37,23599.92,23562.66,23594.63,
1747206600,23595.85,23609.27,23590.87,23599.72,
1747207200,23603.82,23603.82,23561.56,23564.14,
1747207800,23564.31,23602.12,23547.55,23593.7,
1747208400,23601.42,23601.66,23578.93,23581.24,
1747209000,23583.33,23619.34,23578.8,23619.34,
1747209600,23618.12,23640.65,23618.12,23640.65,
1747272000,23644.4,23644.4,23644.4,23644.4,
1747272600,23583.27,23594.18,23518.65,23586.82,
1747273200,23584.33,23592.54,23506.33,23531.4,
1747273800,23527.44,23571.06,23506.41,23525.33,
1747274400,23523.86,23609.46,23496.35,23609.46,
1747275000,23608.14,23640,23602.53,23617.99,
1747275600,23622.56,23694.64,23608.05,23659.51,
1747276200,23659.85,23704.3,23628.83,23703.41,
1747276800,23707.21,23710.82,23638.24,23652.26,
1747277400,23657.14,23657.14,23608.38,23611.2,
1747278000,23608.1,23621.6,23581.19,23604.5,
1747278600,23601.49,23605.74,23556.74,23566.32,
1747279200,23564.82,23594.51,23556.44,23594.51,
1747279800,23593.15,23596.73,23577.87,23586.92,
1747280400,23587.8,23590.67,23572.5,23582.39,
1747281000,23582.02,23588.42,23571.89,23579.99,
1747281600,23581.29,23581.29,23581.29,23581.29,
1747285200,23568.53,23568.53,23507.13,23511.4,
1747285800,23511.69,23519.76,23479.95,23493.57,
1747286400,23490.9,23495.9,23455.91,23474.94,
1747287000,23476.21,23479.47,23437.39,23437.97,
1747287600,23436.52,23474.9,23435.24,23467.13,
1747288200,23470.5,23472.71,23424.94,23433.16,
1747288800,23435.17,23439.81,23403.59,23408,
1747289400,23401.74,23440.84,23395.94,23433.37,
1747290000,23434.7,23473.71,23431.62,23452.14,
1747290600,23449.85,23458.2,23427.93,23438.57,
1747291200,23435.03,23435.03,23413.41,23430.25,
1747291800,23428.99,23448.8,23422.03,23439.03,
1747292400,23436.77,23454.03,23417.43,23418.05,
1747293000,23416.25,23418.49,23371.73,23383.45,
1747293600,23379.83,23395.65,23377.16,23386.25,
1747294200,23385.67,23417.83,23382.82,23414.07,
1747294800,23413.12,23418.38,23402.93,23416.33,
1747295400,23413.19,23431.88,23400.62,23428.92,
1747296000,23432.26,23453.16,23432.26,23453.16,
1747358400,23249.16,23249.16,23249.16,23249.16,
1747359000,23262.43,23348.35,23223.14,23330.82,
1747359600,23317.9,23341.98,23247.48,23253.72,
1747360200,23242.28,23295.5,23208.3,23275.08,
1747360800,23264.78,23322.67,23258.48,23311.8,
1747361400,23299.74,23307.93,23224.62,23229.21,
1747362000,23217.61,23227.6,23194.73,23195.54,
1747362600,23190.31,23235.36,23190.31,23227.88,
1747363200,23217.34,23253.1,23206.85,23209.08,
1747363800,23200,23263.69,23200,23248.48,
1747364400,23239.2,23276.5,23239.2,23271.58,
1747365000,23262.46,23299.17,23262.46,23278.44,
1747365600,23268.06,23306.42,23266.62,23302.53,
1747366200,23290.77,23302.55,23286.42,23294.73,
1747366800,23285.13,23296.91,23277.14,23284.62,
1747367400,23277.9,23288.61,23261.78,23274.22,
1747368000,23262.8,23262.8,23262.8,23262.8,
1747371600,23264.91,23301.63,23261.56,23291.71,
1747372200,23286.32,23362.34,23286.32,23339.87,
1747372800,23329.12,23347.46,23322.85,23339.14,
1747373400,23324.55,23341.18,23304.42,23334.55,
1747374000,23327.24,23349.31,23308.43,23312.71,
1747374600,23303.6,23326.09,23300.36,23304.08,
1747375200,23294.73,23310.77,23286.69,23309.19,
1747375800,23299.92,23348.81,23294.56,23345.39,
1747376400,23334.82,23358.18,23334.82,23345.29,
1747377000,23335.74,23357.62,23335.74,23351.63,
1747377600,23341.85,23356.12,23329.19,23343.16,
1747378200,23333.92,23350.43,23333.92,23347.04,
1747378800,23335.49,23360.41,23329.37,23345.41,
1747379400,23334.24,23354.36,23334.24,23344.92,
1747380000,23338.6,23369.35,23338.6,23352.49,
1747380600,23347.41,23364.73,23346.23,23357.12,
1747381200,23351.61,23368.45,23331.91,23338.09,
1747381800,23334.71,23374.7,23332.35,23365.79,
1747382400,23355.68,23355.68,23345.05,23345.05,
1747617600,23156.27,23156.27,23156.27,23156.27,
1747618200,23135.1,23224.93,23082.61,23098.5,
1747618800,23097.55,23133.73,23064.25,23072.65,
1747619400,23069,23102.82,23059.89,23095.93,
1747620000,23091.84,23206.62,23069.86,23190.75,
1747620600,23192.6,23218.63,23169.94,23183.62,
1747621200,23181.63,23241.44,23169.26,23241.44,
1747621800,23238.26,23283.28,23224.52,23233.42,
1747622400,23238.38,23264.29,23232.67,23247.63,
1747623000,23245.62,23283.83,23243.1,23263.5,
1747623600,23265.24,23267.15,23227.44,23237.79,
1747624200,23240.58,23255.2,23229.16,23245.92,
1747624800,23247.47,23283.5,23219.7,23219.7,
1747625400,23217.63,23224.3,23203.56,23214.54,
1747626000,23214.48,23230.26,23208.2,23219.52,
1747626600,23218.12,23237.23,23212.25,23233.89,
1747627200,23230.95,23230.95,23230.95,23230.95,
1747630800,23230.15,23289.9,23222.97,23288.83,
1747631400,23288.02,23315.19,23270.61,23297.29,
1747632000,23300.62,23301.33,23265.95,23288.11,
1747632600,23292.29,23311.13,23276.63,23305.45,
1747633200,23304.85,23307.27,23274.59,23288.14,
1747633800,23288.36,23321.61,23287.49,23301.8,
1747634400,23302.56,23353.05,23299.29,23346.74,
1747635000,23350.33,23379.4,23343.26,23349.71,
1747635600,23349.48,23357.12,23318.59,23327.32,
1747636200,23326.85,23331.2,23300.94,23310.68,
1747636800,23311.23,23318.25,23295.62,23309.76,
1747637400,23312.65,23314.9,23295.65,23300.38,
1747638000,23297.3,23322.13,23293.96,23308.4,
1747638600,23307.41,23349.39,23300.97,23345.39,
1747639200,23347.78,23402.2,23342.86,23376,
1747639800,23374.09,23383.9,23366.18,23372.93,
1747640400,23374.72,23375.46,23340.07,23345.39,
1747641000,23341.75,23353.8,23325.28,23328.15,
1747641600,23330.74,23332.72,23330.74,23332.72,
1747704000,23398.35,23398.35,23398.35,23398.35,
1747704600,23433.28,23561.42,23357,23558.7,
1747705200,23560.19,23560.19,23489.68,23507.04,
1747705800,23509.03,23564.73,23491.92,23534.91,
1747706400,23536.42,23603.41,23536.42,23571.38,
1747707000,23568.63,23575.33,23532.96,23533.31,
1747707600,23530.99,23549.52,23516.67,23534.36,
1747708200,23529.65,23577.33,23529.65,23562.96,
1747708800,23562.64,23566.13,23479.04,23519.98,
1747709400,23521.4,23571.73,23506.74,23568.66,
1747710000,23565.84,23603.92,23553.22,23598.58,
1747710600,23598.42,23627.27,23588.24,23613.69,
1747711200,23612.24,23662.16,23605.94,23660.69,
1747711800,23657.41,23659.31,23620.06,23639.96,
1747712400,23637.98,23648.14,23627.64,23628.86,
1747713000,23627.8,23640.11,23618.92,23634.46,
1747713600,23634.21,23634.21,23634.21,23634.21,
1747717200,23639.36,23674.62,23625.73,23662.61,
1747717800,23665.56,23669.3,23644.78,23648.99,
1747718400,23646.64,23656.42,23621.87,23646.65,
1747719000,23646.94,23660.62,23632.33,23642.2,
1747719600,23641.66,23643.92,23604.6,23605.74,
1747720200,23606.93,23647.43,23606.93,23641.84,
1747720800,23639.74,23657.04,23638.94,23647.5,
1747721400,23644.57,23709.04,23644.57,23700.38,
1747722000,23700.21,23700.21,23667.2,23668.38,
1747722600,23666.89,23684.47,23657.54,23678.31,
1747723200,23678.46,23681.01,23654.94,23666.8,
1747723800,23669.58,23670.32,23649.08,23657.77,
1747724400,23656.06,23670.64,23634.92,23656.45,
1747725000,23654.99,23692.92,23653.79,23690.27,
1747725600,23687.43,23702.24,23677.73,23680.49,
1747726200,23679.87,23690.17,23667.03,23671.88,
1747726800,23673.27,23685.11,23650.3,23655.48,
1747727400,23656.14,23678.88,23652.53,23671.95,
1747728000,23671,23681.48,23671,23681.48,
1747790400,23736.43,23736.43,23736.43,23736.43,
1747791000,23717.42,23807.12,23697.76,23773,
1747791600,23774.72,23878.6,23774.72,23872.44,
1747792200,23874.07,23874.07,23795.38,23795.38,
1747792800,23792.93,23820.08,23761.07,23769.47,
1747793400,23770.42,23810.1,23753.15,23758.06,
1747794000,23760.46,23815.95,23750.56,23811.48,
1747794600,23812.56,23853.14,23812.56,23819.33,
1747795200,23822.08,23868.73,23816.36,23862.48,
1747795800,23864.12,23884.89,23861.57,23871.77,
1747796400,23872.18,23876.09,23830.37,23836.61,
1747797000,23842.67,23860.88,23836.92,23845.01,
1747797600,23845.2,23859.64,23820.11,23825.89,
1747798200,23829.74,23831.01,23797.64,23808.13,
1747798800,23804.04,23811,23797.04,23797.04,
1747799400,23796.07,23810.82,23790.14,23808.87,
1747800000,23807.13,23807.13,23807.13,23807.13,
1747803600,23798.24,23917,23798.24,23888.8,
1747804200,23890.37,23903.67,23872.94,23884.49,
1747804800,23883.72,23903.46,23872.69,23893.52,
1747805400,23891.33,23891.68,23810.92,23832.16,
1747806000,23832.96,23854.97,23822.8,23830.28,
1747806600,23832.56,23836.54,23795.27,23798.68,
1747807200,23799.6,23800.05,23761.91,23770.58,
1747807800,23773.87,23805.1,23769.06,23786.42,
1747808400,23786.39,23797.35,23775.39,23787.78,
1747809000,23789.66,23798.91,23765.34,23782.4,
1747809600,23782.48,23789.31,23755,23759.2,
1747810200,23759.67,23787.61,23756.11,23778.59,
1747810800,23779.61,23793,23754.11,23774.43,
1747811400,23773.95,23791.67,23766.63,23785.91,
1747812000,23783.36,23802.29,23783.36,23800.46,
1747812600,23798.87,23804.97,23788.89,23800.97,
1747813200,23795.42,23813.6,23788.73,23796.1,
1747813800,23793.11,23811.14,23784.33,23801.78,
1747814400,23802.66,23827.78,23802.66,23827.78,
1747876800,23748.58,23748.58,23748.58,23748.58,
1747877400,23718.36,23778.24,23694.56,23698.41,
1747878000,23700.66,23716.44,23638.07,23642.06,
1747878600,23639.58,23738.65,23633.3,23734.58,
1747879200,23737.93,23749.27,23689.26,23723.13,
1747879800,23718.45,23725.86,23679.64,23691.25,
1747880400,23690.48,23733.23,23681.87,23719.92,
1747881000,23719.45,23745.64,23715.2,23724.96,
1747881600,23726.86,23759.2,23719.68,23720.64,
1747882200,23723.48,23723.48,23609.48,23614.63,
1747882800,23614.22,23681.01,23611.18,23665.95,
1747883400,23664.65,23737.92,23664.51,23731.66,
1747884000,23730.77,23757.55,23722.08,23748.66,
1747884600,23748.16,23749.56,23710.76,23711.18,
1747885200,23709.33,23717.16,23683.43,23689.7,
1747885800,23689.53,23694.1,23672.61,23693.34,
1747886400,23695.88,23695.88,23695.88,23695.88,
1747890000,23675.56,23675.56,23592.97,23635.9,
1747890600,23636.75,23636.79,23581.73,23591.18,
1747891200,23592.18,23632.7,23572.55,23623.04,
1747891800,23621.47,23643.67,23621.47,23637.94,
1747892400,23635.91,23637.71,23607.62,23609.62,
1747893000,23610.99,23651.75,23605.86,23644.42,
1747893600,23642.67,23649.21,23612.39,23615.37,
1747894200,23616.65,23622.1,23583.64,23588.15,
1747894800,23584.65,23613.31,23569.32,23569.32,
1747895400,23571.81,23583.36,23565.5,23565.69,
1747896000,23563.66,23568.72,23541.75,23544.87,
1747896600,23542.72,23551.35,23535.68,23540.74,
1747897200,23539.98,23569.3,23531.24,23535.89,
1747897800,23532.84,23541.87,23483.3,23489.92,
1747898400,23489.48,23521.02,23488.49,23510.17,
1747899000,23507.28,23514.98,23470.81,23489.76,
1747899600,23488.36,23527.2,23485.9,23512.19,
1747900200,23516.06,23535.1,23508.25,23532.92,
1747900800,23530.3,23544.31,23530.3,23544.31,
1747963200,23557.38,23557.38,23557.38,23557.38,
1747963800,23544.61,23614.95,23503.39,23604.64,
1747964400,23597.75,23655.82,23584.69,23644.95,
1747965000,23634.43,23641.1,23563.17,23632.05,
1747965600,23620.95,23643.6,23598.32,23604.7,
1747966200,23595.28,23674.18,23595.28,23627.42,
1747966800,23616.69,23651.2,23616.41,23618.52,
1747967400,23610.58,23643.32,23593.85,23633.36,
1747968000,23622.92,23661.78,23622.92,23661.78,
1747968600,23653.13,23691.87,23653.13,23686.41,
1747969200,23676.98,23718.85,23676.98,23718.01,
1747969800,23704.84,23743.53,23704.84,23727.46,
1747970400,23715.38,23725.83,23689.76,23692.56,
1747971000,23686.19,23704.57,23674.87,23686.88,
1747971600,23679.11,23696.54,23679.11,23683.72,
1747972200,23673.1,23700.37,23671.04,23691.98,
1747972800,23679.99,23679.99,23679.99,23679.99,
1747976400,23684.57,23701.53,23657.7,23681.88,
1747977000,23680.04,23717.83,23675.45,23717.22,
1747977600,23721,23749.38,23717.34,23724.46,
1747978200,23714.37,23721,23677.7,23682.31,
1747978800,23674.49,23683.37,23639.47,23652.48,
1747979400,23642.05,23661.56,23642.02,23645.83,
1747980000,23633.71,23642.05,23570.32,23570.32,
1747980600,23559.42,23588.6,23548.42,23575.39,
1747981200,23568.54,23600.25,23565.99,23566.79,
1747981800,23557.65,23566.55,23514.77,23523.76,
1747982400,23513.94,23552.45,23510.87,23522.16,
1747983000,23514.1,23532.9,23487.4,23499.75,
1747983600,23489.95,23526.21,23489.95,23526.04,
1747984200,23511.05,23547.84,23511.05,23541.99,
1747984800,23530.09,23556.53,23530.09,23554.91,
1747985400,23543.07,23552.63,23515.68,23530.05,
1747986000,23524.82,23542.21,23510.12,23531.82,
1747986600,23524.96,23576.45,23521.86,23573.62,
1747987200,23562.34,23601.26,23562.34,23601.26,
1748222400,23505.9,23505.9,23505.9,23505.9,
1748223000,23510.11,23518.91,23428.99,23452.17,
1748223600,23452.45,23535.1,23452.45,23488.87,
1748224200,23490.85,23490.85,23393.76,23466.83,
1748224800,23464.45,23513.65,23436.14,23513.65,
1748225400,23512.92,23571.02,23512.92,23540.92,
1748226000,23539.62,23558.3,23519.72,23527.25,
1748226600,23527.39,23531.14,23503.83,23518.18,
1748227200,23520.68,23535.34,23465.21,23474.94,
1748227800,23473.84,23477.21,23438.88,23438.88,
1748228400,23441.96,23441.96,23409.98,23409.98,
1748229000,23413.46,23414.87,23344.93,23345.17,
1748229600,23345.47,23368.82,23317.76,23356.54,
1748230200,23356.46,23356.85,23333.35,23350.91,
1748230800,23350.7,23378.57,23346.2,23374.79,
1748231400,23374.86,23378.15,23355.47,23364.51,
1748232000,23366.06,23366.06,23366.06,23366.06,
1748235600,23369.89,23378.02,23334.91,23342.05,
1748236200,23343.93,23356.51,23316.32,23323.81,
1748236800,23320.26,23320.67,23282.77,23286.55,
1748237400,23285.76,23336.56,23282.6,23333.64,
1748238000,23328.92,23332.61,23278.53,23286.82,
1748238600,23282.81,23324.72,23282.81,23311.52,
1748239200,23310.33,23339.77,23286.04,23330.02,
1748239800,23333.85,23335.78,23287.83,23289.95,
1748240400,23291.6,23299.51,23279.58,23298.51,
1748241000,23297.78,23323.01,23294.77,23316.64,
1748241600,23316.22,23320.16,23300.98,23304.81,
1748242200,23304.11,23323.81,23290.29,23318.95,
1748242800,23322.92,23333.62,23292.87,23295.65,
1748243400,23292.23,23292.25,23250.26,23273.57,
1748244000,23272.89,23281.07,23234.27,23260.88,
1748244600,23260.28,23276.17,23240.09,23268.54,
1748245200,23272,23281.07,23254.48,23262.9,
1748245800,23262.97,23281.82,23254.35,23270.94,
1748246400,23270.48,23282.33,23270.48,23282.33,
1748308800,23216.87,23216.87,23216.87,23216.87,
1748309400,23233.28,23311.31,23178.78,23257.91,
1748310000,23256.6,23334.31,23241.57,23313.7,
1748310600,23314.9,23345.18,23293.37,23314.71,
1748311200,23314.89,23361.55,23302.37,23359.09,
1748311800,23360.82,23374.24,23339.66,23344.68,
1748312400,23345.1,23345.1,23281.65,23306.46,
1748313000,23309.3,23332.67,23288.6,23288.92,
1748313600,23288.52,23304.51,23234.6,23258.71,
1748314200,23257.55,23273.26,23211.23,23218.5,
1748314800,23219.78,23261.01,23217.96,23246.91,
1748315400,23249.54,23255.84,23220.03,23237.12,
1748316000,23237.02,23244.91,23167.56,23192.31,
1748316600,23192.9,23238.33,23190.36,23226.05,
1748317200,23212.86,23226.79,23202.5,23218.87,
1748317800,23218.62,23242.59,23212.81,23238.67,
1748318400,23241.23,23241.23,23241.23,23241.23,
1748322000,23240.25,23269.05,23227.71,23241.02,
1748322600,23240.29,23265.73,23216.69,23224.19,
1748323200,23220.66,23241.16,23215.51,23237.02,
1748323800,23236.09,23267.68,23232.98,23254.87,
1748324400,23260.89,23298.95,23260.41,23263.71,
1748325000,23266.84,23344.58,23261.77,23343.11,
1748325600,23345.44,23362.48,23339.93,23349.49,
1748326200,23349.95,23414.98,23348.03,23411.42,
1748326800,23415.07,23415.62,23367.02,23371.28,
1748327400,23371.19,23372.97,23341.38,23365.61,
1748328000,23364.58,23398.35,23364.51,23381.43,
1748328600,23382.61,23388.65,23358.62,23373.3,
1748329200,23372.54,23394.75,23360.87,23381.98,
1748329800,23382.64,23400.74,23366.12,23390.65,
1748330400,23391.24,23391.24,23369.33,23379.99,
1748331000,23378.74,23393.67,23373.62,23391.29,
1748331600,23388.94,23401.83,23384.12,23391.06,
1748332200,23392.8,23418.04,23381.55,23418.04,
1748332800,23419.55,23419.55,23381.99,23381.99,
1748395200,23385.18,23385.18,23385.18,23385.18,
1748395800,23414.8,23476.22,23414.8,23451.33,
1748396400,23453.29,23453.29,23380.56,23390.96,
1748397000,23390.54,23422.96,23382.43,23418.25,
1748397600,23416.44,23416.44,23305.3,23339,
1748398200,23341.17,23359.81,23286.91,23290.13,
1748398800,23288.96,23309.89,23273.34,23278.39,
1748399400,23279.77,23311.26,23267.19,23302.5,
1748400000,23302.45,23330.19,23294.34,23322.27,
1748400600,23322.73,23342.47,23293.86,23306.89,
1748401200,23304.4,23309.01,23265.53,23275.12,
1748401800,23276.25,23293.18,23253.9,23257.76,
1748402400,23254.72,23269.71,23237.18,23268.89,
1748403000,23266.25,23273.63,23240.31,23250.54,
1748403600,23248.91,23250.37,23225.45,23240.83,
1748404200,23244.82,23264.78,23228.59,23253.05,
1748404800,23254.45,23254.45,23254.45,23254.45,
1748408400,23246.36,23267.9,23216.03,23263.3,
1748409000,23265.31,23295.06,23255.28,23292.19,
1748409600,23290.26,23295.3,23272.59,23280.58,
1748410200,23283,23291.89,23237.34,23237.34,
1748410800,23236.55,23244.34,23192.74,23194.46,
1748411400,23195.74,23234.38,23195.74,23232.48,
1748412000,23232.68,23239.14,23185.57,23200.82,
1748412600,23202.16,23213.83,23180.17,23211.2,
1748413200,23208.25,23234.13,23201.27,23225.81,
1748413800,23227.78,23242.25,23212.02,23212.16,
1748414400,23214.34,23229.5,23204.59,23229.5,
1748415000,23227.7,23233.69,23220.38,23223.1,
1748415600,23226.94,23285,23226.2,23272.06,
1748416200,23272.57,23272.57,23242.62,23249.47,
1748416800,23253.02,23262.02,23239.1,23239.1,
1748417400,23237.15,23245.97,23231.88,23235.86,
1748418000,23234.56,23262.23,23232.51,23262,
1748418600,23260.96,23264.18,23233.24,23233.24,
1748419200,23234.02,23258.31,23234.02,23258.31,
1748481600,23240.71,23240.71,23240.71,23240.71,
1748482200,23264.11,23314.61,23207.37,23314.09,
1748482800,23298.43,23394.76,23293.9,23332.6,
1748483400,23314.71,23402.73,23314.71,23358.72,
1748484000,23343.71,23389.62,23289.86,23292.47,
1748484600,23275.45,23344.63,23275.45,23344.63,
1748485200,23328.88,23391.32,23326.9,23354.2,
1748485800,23338.41,23368.1,23309.36,23315.74,
1748486400,23297.69,23406.25,23297.69,23403.8,
1748487000,23389.31,23401.72,23348.7,23350.82,
1748487600,23338.99,23364.32,23319.7,23325.3,
1748488200,23311.69,23361.85,23311.69,23338.91,
1748488800,23325.93,23410.1,23325.93,23397.22,
1748489400,23383.6,23452.43,23383.6,23435.23,
1748490000,23419.39,23458.98,23417.95,23442.09,
1748490600,23424.64,23432.37,23391.08,23425.94,
1748491200,23407.96,23408.36,23407.96,23408.36,
1748494800,23419.79,23460.36,23407.17,23443.01,
1748495400,23426.85,23551.07,23426.85,23550.7,
1748496000,23528.96,23562.13,23513.37,23515.48,
1748496600,23505.98,23540.02,23490.27,23507.72,
1748497200,23493.22,23537.05,23463.55,23467.2,
1748497800,23455.38,23498.7,23455.38,23481.69,
1748498400,23467.63,23488.21,23429.43,23443.76,
1748499000,23431.9,23466,23413.01,23420.2,
1748499600,23406.33,23472.93,23406.33,23470.3,
1748500200,23454.23,23479.15,23454.23,23460.35,
1748500800,23445.28,23470.58,23440.78,23459.66,
1748501400,23446.45,23514.38,23446.45,23514.38,
1748502000,23496.86,23603.82,23496.86,23523.58,
1748502600,23508.83,23563.67,23508.83,23558.66,
1748503200,23546.17,23584.13,23546.17,23555.35,
1748503800,23543.88,23583.41,23531.41,23562.66,
1748504400,23553.01,23572.04,23548.45,23563.21,
1748505000,23550.61,23588.99,23550.61,23583.33,
1748505600,23581.5,23581.5,23573.38,23573.38,
1748568000,23339.64,23339.64,23339.64,23339.64,
1748568600,23358.52,23375.34,23281.51,23295.78,
1748569200,23297.29,23305.89,23250.94,23267.93,
1748569800,23266.37,23298.03,23240.69,23245.07,
1748570400,23245.38,23255.27,23218.15,23222.88,
1748571000,23223.36,23223.36,23194.14,23212.59,
1748571600,23208.78,23235.44,23201.34,23203.67,
1748572200,23205.17,23213.66,23163.22,23167.06,
1748572800,23169.1,23212.99,23167.59,23207.25,
1748573400,23208.49,23217.33,23184.81,23206.83,
1748574000,23208.35,23268.41,23205.1,23241.72,
1748574600,23245.45,23255.13,23208.59,23209.85,
1748575200,23206.28,23217.31,23178.98,23216.83,
1748575800,23215.14,23242.37,23211.13,23227.08,
1748576400,23226.87,23247.92,23225.11,23242.73,
1748577000,23242.45,23247.03,23217.05,23226.41,
1748577600,23224.4,23224.4,23224.4,23224.4,
1748581200,23227.8,23244.31,23206.54,23236.78,
1748581800,23236.93,23246.86,23203.37,23207.74,
1748582400,23210.75,23219.19,23202.06,23213.34,
1748583000,23214.8,23238.5,23213.6,23237.31,
1748583600,23232.83,23260.4,23230.73,23238.33,
1748584200,23239.66,23243.32,23212.82,23217.26,
1748584800,23217.42,23221.08,23200.2,23207.38,
1748585400,23207.62,23221.52,23200.94,23221.31,
1748586000,23223.78,23224.09,23199,23212.57,
1748586600,23211.57,23241.28,23211.57,23233.34,
1748587200,23232.73,23245.35,23220.2,23226.53,
1748587800,23227.08,23244.39,23224.76,23238.22,
1748588400,23236.08,23236.08,23179.38,23192.33,
1748589000,23195.89,23207.9,23182.09,23189.14,
1748589600,23188.05,23224.04,23181.07,23221.16,
1748590200,23224.04,23235.99,23215.19,23232.39,
1748590800,23233.13,23255.37,23231.28,23252.28,
1748591400,23252.83,23257.36,23231.44,23248.65,
1748592000,23249.7,23289.77,23249.7,23289.77,
1748827200,23043.1,23043.1,23043.1,23043.1,
1748827800,23043.46,23083.81,22900.03,22982.36,
1748828400,22980.34,22985.46,22805.16,22818.45,
1748829000,22825.79,22840.4,22754.54,22772.56,
1748829600,22772.94,22775.69,22687.99,22689.32,
1748830200,22687.91,22753.3,22679.92,22753.27,
1748830800,22752.37,22759.11,22706.71,22729.26,
1748831400,22729.47,22781.33,22722.53,22772.57,
1748832000,22775.17,22789.43,22751.14,22764.5,
1748832600,22766.44,22766.44,22714.78,22719.19,
1748833200,22718.63,22743.38,22701.18,22707.67,
1748833800,22709.12,22736.45,22708.92,22733.02,
1748834400,22733.55,22741.85,22674.51,22676.82,
1748835000,22676.93,22712.97,22668.35,22711.59,
1748835600,22712.22,22767.41,22710.8,22736.12,
1748836200,22738.04,22782.92,22737.01,22776.56,
1748836800,22778.45,22778.45,22778.45,22778.45,
1748840400,22789.38,22858.71,22787.76,22847.32,
1748841000,22849.07,22856.97,22822.55,22834.25,
1748841600,22832.4,22895.26,22830.97,22888.69,
1748842200,22887.14,22891.02,22843.25,22889.09,
1748842800,22890.54,22939.59,22890.15,22927.76,
1748843400,22930.15,22935.44,22895.65,22910.28,
1748844000,22910.62,22921.7,22903.53,22912.4,
1748844600,22914.41,22946.79,22905.95,22944.75,
1748845200,22944.45,22962.67,22923.26,22961.08,
1748845800,22963.48,23006.54,22954.26,23006.32,
1748846400,23005.94,23037.19,23001.79,23031.8,
1748847000,23029.52,23048.69,23023.3,23034.69,
1748847600,23035.96,23092.69,23035.82,23068.68,
1748848200,23072.62,23144.94,23065.88,23142.47,
1748848800,23141.47,23163.35,23064.5,23078.2,
1748849400,23078.49,23138.57,23074.91,23130.03,
1748850000,23130.11,23130.11,23100.2,23119.92,
1748850600,23120.52,23158.7,23118.69,23131.13,
1748851200,23134.3,23157.97,23134.3,23157.97,
1748913600,23281.1,23281.1,23281.1,23281.1,
1748914200,23293.36,23442.05,23293.36,23420.98,
1748914800,23420.97,23438.35,23368.8,23429.51,
1748915400,23431.37,23477.31,23423.97,23443.44,
1748916000,23448.2,23465.39,23396.61,23408.46,
1748916600,23406.69,23425.88,23390.6,23424.79,
1748917200,23424.86,23432.16,23394.44,23423.25,
1748917800,23424.65,23456.56,23417.69,23450.49,
1748918400,23450.87,23471.24,23418.71,23456.53,
1748919000,23454.88,23496.41,23447.22,23494.06,
1748919600,23493.97,23524.42,23492.61,23495.21,
1748920200,23494.32,23506.95,23476.16,23477.07,
1748920800,23476.98,23504.87,23472.4,23484.55,
1748921400,23482.24,23486.56,23434.71,23440.78,
1748922000,23438.09,23441.53,23403.38,23407.54,
1748922600,23406.41,23424.25,23404.03,23418.7,
1748923200,23420.36,23420.36,23420.36,23420.36,
1748926800,23418.36,23430.59,23407.99,23416.33,
1748927400,23418.3,23428.34,23398.37,23410.5,
1748928000,23413.01,23429.72,23405.27,23408.91,
1748928600,23411.39,23426.25,23381.19,23419.75,
1748929200,23422.74,23457.42,23416.01,23451.14,
1748929800,23450.9,23471.02,23448.04,23468.48,
1748930400,23469.04,23492.37,23462.47,23473.51,
1748931000,23471.05,23479.11,23448.51,23478.9,
1748931600,23479.13,23498.97,23471.53,23474.17,
1748932200,23474.54,23499.21,23472.71,23494.31,
1748932800,23495.35,23498.32,23474.94,23482.34,
1748933400,23483.17,23486.72,23468.6,23486.3,
1748934000,23492.15,23528.09,23488.39,23527.75,
1748934600,23529.13,23535.37,23491.82,23494.78,
1748935200,23494.8,23503.05,23465.14,23486.88,
1748935800,23487.58,23509.64,23483.08,23503.38,
1748936400,23502.4,23502.4,23469.53,23475.28,
1748937000,23475.56,23492.2,23465.92,23484.17,
1748937600,23481.87,23512.49,23481.87,23512.49,
1749000000,23499.78,23499.78,23499.78,23499.78,
1749000600,23495.79,23601.05,23481.46,23582.1,
1749001200,23583.07,23702.63,23576.69,23667.9,
1749001800,23668.68,23676.29,23609.86,23655.86,
1749002400,23655.82,23679.64,23623.61,23635.95,
1749003000,23639.01,23671.84,23614.95,23665.19,
1749003600,23666.54,23667.84,23632.75,23636.26,
1749004200,23639.03,23640.18,23586.81,23590.82,
1749004800,23593.41,23641.04,23593.41,23625.16,
1749005400,23624.88,23647.83,23612.13,23633.07,
1749006000,23632.79,23639.47,23617.24,23632.13,
1749006600,23637.78,23693.86,23615.63,23693.86,
1749007200,23690.77,23705.55,23663.28,23679.71,
1749007800,23679.13,23686.58,23653.96,23660.7,
1749008400,23656.62,23667.52,23649.25,23664.62,
1749009000,23665.53,23688.31,23662.36,23682.5,
1749009600,23680.73,23680.73,23680.73,23680.73,
1749013200,23680.28,23716.93,23669.02,23705.81,
1749013800,23702.97,23708.97,23651.28,23652.78,
1749014400,23652.87,23658.44,23630.04,23643.11,
1749015000,23643.26,23643.26,23611.55,23626.42,
1749015600,23628.81,23643.04,23624.66,23635.81,
1749016200,23637.18,23676.72,23631,23672.39,
1749016800,23667,23680.75,23640.41,23658.51,
1749017400,23651.97,23667.44,23642.32,23646.89,
1749018000,23644.22,23649.16,23615.88,23622.23,
1749018600,23622.61,23629.5,23590.46,23606.87,
1749019200,23605.88,23631.62,23600.15,23627.46,
1749019800,23625.14,23637.66,23612.93,23632.55,
1749020400,23632.77,23641.99,23613.21,23624.3,
1749021000,23624.79,23624.79,23604.66,23613.54,
1749021600,23613.4,23632.08,23604.47,23620.85,
1749022200,23618.79,23624.74,23603.38,23607.34,
1749022800,23606.13,23615.2,23601.97,23608.27,
1749023400,23608.49,23630.6,23599.01,23630.6,
1749024000,23626.74,23654.03,23626.74,23654.03,
1749086400,23828.69,23828.69,23828.69,23828.69,
1749087000,23817.84,23898.14,23802.09,23823.95,
1749087600,23825.37,23891.65,23798.87,23878.57,
1749088200,23878.77,23910.08,23832.11,23846.27,
1749088800,23848.66,23892.72,23819.48,23883.37,
1749089400,23883.76,23905.3,23843.85,23853.03,
1749090000,23853.22,23888.01,23839.23,23843.07,
1749090600,23839.93,23911.14,23836.01,23846.11,
1749091200,23851.53,23863.44,23816.87,23849.11,
1749091800,23847.97,23878.96,23841.97,23873.27,
1749092400,23871.41,23899.44,23857.35,23864.61,
1749093000,23861.92,23876.83,23838.25,23855.92,
1749093600,23854.78,23856.83,23836.58,23852.62,
1749094200,23847.9,23847.9,23770.41,23772.24,
1749094800,23770.67,23785.69,23752,23763.68,
1749095400,23763.43,23770.58,23740.16,23752.21,
1749096000,23752.37,23752.37,23752.37,23752.37,
1749099600,23752.79,23773.68,23733.02,23739.57,
1749100200,23741.64,23771.54,23732.31,23767.6,
1749100800,23768.44,23803.37,23765.64,23792.25,
1749101400,23791.63,23801.14,23769.16,23775.78,
1749102000,23777.4,23796.63,23766.45,23778.55,
1749102600,23778.67,23785.43,23742.74,23783,
1749103200,23780.25,23799.94,23768.2,23789.6,
1749103800,23789.48,23790.38,23767.04,23783.35,
1749104400,23783.65,23806.5,23777.7,23803.79,
1749105000,23804.61,23825.53,23798.42,23822.46,
1749105600,23823.36,23831.27,23808.4,23827.16,
1749106200,23827.03,23845.26,23821.77,23843.97,
1749106800,23840.6,23887.88,23835.47,23876.51,
1749107400,23874.76,23883.62,23852.76,23857.96,
1749108000,23857.63,23860.71,23840.23,23854.3,
1749108600,23857.46,23900.37,23853.62,23866.05,
1749109200,23868.42,23869.47,23853.11,23860.79,
1749109800,23864.51,23896.72,23856.21,23886.6,
1749110400,23885.67,23906.97,23885.67,23906.97,
1749172800,23941.57,23941.57,23941.57,23941.57,
1749173400,23926.12,23940.67,23820.91,23859.23,
1749174000,23858.23,23951.14,23855.39,23894.52,
1749174600,23897.89,23899.24,23852.89,23873.46,
1749175200,23876.11,23887.44,23813.12,23817.6,
1749175800,23816.41,23852.48,23815.63,23845.95,
1749176400,23846.85,23849.88,23805.36,23805.85,
1749177000,23807.74,23811.42,23779.23,23791.94,
1749177600,23790.2,23823.47,23786.14,23805.3,
1749178200,23807.94,23856.56,23798.51,23854.95,
1749178800,23853.31,23866.07,23830.59,23857.73,
1749179400,23857.11,23870.5,23848.23,23853.44,
1749180000,23854.99,23871.24,23822.3,23827.89,
1749180600,23823.73,23832.5,23801.87,23828.93,
1749181200,23827.13,23838.13,23818.38,23828.09,
1749181800,23829.65,23862.35,23828.14,23858.2,
1749182400,23857.09,23857.09,23857.09,23857.09,
1749186000,23852.94,23890.23,23842.95,23882.35,
1749186600,23877.6,23892.38,23830.66,23834.48,
1749187200,23835.38,23836.34,23794.35,23814.67,
1749187800,23813.42,23846.17,23806.3,23825.13,
1749188400,23821.8,23830.75,23801.17,23821.02,
1749189000,23817.36,23834.04,23813.99,23818.02,
1749189600,23815.01,23826.36,23786.3,23797.26,
1749190200,23795.34,23821.81,23793.03,23813.89,
1749190800,23813.47,23844.81,23813.15,23842.11,
1749191400,23842.66,23859.46,23838.25,23858.95,
1749192000,23856.77,23867.63,23846.49,23865.52,
1749192600,23862.83,23870.92,23853.17,23867.91,
1749193200,23864.19,23867.84,23802.18,23831.58,
1749193800,23828.03,23836.94,23804.25,23805.76,
1749194400,23802.57,23818.1,23792.64,23794.93,
1749195000,23792.68,23802.3,23773.36,23801.09,
1749195600,23800.61,23828.59,23796.14,23823.62,
1749196200,23823.04,23832.28,23809.85,23826.17,
1749196800,23822.44,23822.44,23792.54,23792.54,
1749432000,23977.54,23977.54,23977.54,23977.54,
1749432600,23957.96,24046.54,23957.96,24035,
1749433200,24035.25,24111.91,24028.6,24094.38,
1749433800,24093.12,24121.08,24065.71,24078.2,
1749434400,24080.86,24104.54,24069.67,24082.87,
1749435000,24084.73,24137.59,24084.73,24121.34,
1749435600,24120.8,24162.7,24108.85,24155.55,
1749436200,24157.68,24166.06,24126.69,24129.86,
1749436800,24127.71,24147.66,24099.72,24123.7,
1749437400,24127.25,24141.5,24110.63,24121.88,
1749438000,24118.69,24141.57,24087.17,24093.41,
1749438600,24094.61,24102.11,24074.66,24085.91,
1749439200,24084.34,24085.09,24036.06,24037.14,
1749439800,24036.4,24054.67,24012.8,24017.13,
1749440400,24016.25,24030.78,24002.14,24029.75,
1749441000,24031.62,24036.79,24018.46,24034.76,
1749441600,24033.41,24033.41,24033.41,24033.41,
1749445200,24036.14,24055.02,24006.52,24047.28,
1749445800,24045.88,24049.12,24003.41,24015.48,
1749446400,24018.06,24029.07,23998.29,24023.31,
1749447000,24023.12,24032.87,23994.29,24010.06,
1749447600,24009.44,24024.88,23992.99,23995.47,
1749448200,23993.32,24066.87,23992.2,24058.3,
1749448800,24059.12,24096.06,24056.21,24078.58,
1749449400,24079.77,24098.64,24074.34,24077.47,
1749450000,24080.51,24085.34,24043.33,24059.7,
1749450600,24057.96,24067.52,24037.3,24045.22,
1749451200,24045.06,24090.82,24037.49,24087.59,
1749451800,24089.13,24109.61,24079.09,24102,
1749452400,24103.87,24134.32,24098.51,24118.51,
1749453000,24121.45,24133.76,24116.69,24117.54,
1749453600,24118.25,24141.36,24115,24130.14,
1749454200,24132.16,24145.95,24112.8,24142.3,
1749454800,24138.19,24150.11,24126.04,24144.36,
1749455400,24141.74,24168.51,24133.85,24162.68,
1749456000,24159.94,24181.43,24159.94,24181.43,
1749518400,24231.31,24231.31,24231.31,24231.31,
1749519000,24207.13,24228.72,24148.98,24179.34,
1749519600,24179.76,24237.13,24167.38,24173.96,
1749520200,24171.08,24224.09,24159.25,24181.83,
1749520800,24180.23,24262.13,24177.64,24230.83,
1749521400,24229.15,24292.8,24229.15,24251.45,
1749522000,24249.18,24296.28,24249.18,24292.86,
1749522600,24292.61,24296.47,24247.63,24248.1,
1749523200,24249.55,24269.44,24235.64,24246.19,
1749523800,24242.64,24254.54,24216.5,24217.38,
1749524400,24218.25,24234.95,24204.87,24228.71,
1749525000,24229.63,24248.08,24208.55,24233.01,
1749525600,24233.03,24234.37,24211.71,24217.2,
1749526200,24224.87,24239.06,24215.1,24228.87,
1749526800,24228.1,24252.18,24228.1,24248.05,
1749527400,24247.5,24268.73,24243.74,24260.43,
1749528000,24261.26,24261.26,24261.26,24261.26,
1749531600,24260.61,24284.08,24246.47,24250.23,
1749532200,24250.5,24258.42,24090.75,24093.4,
1749532800,24094.23,24100.12,24018.74,24018.74,
1749533400,24019.62,24113.91,24003.38,24107.94,
1749534000,24109.13,24137.94,24095.12,24103.47,
1749534600,24103.43,24117.87,24065.02,24114.63,
1749535200,24114.2,24117.26,24064.75,24078.22,
1749535800,24078.96,24114.13,24066.55,24109.25,
1749536400,24108.29,24142.67,24107.43,24122.87,
1749537000,24122.63,24151.37,24112.5,24134.73,
1749537600,24139.03,24158.08,24130.35,24137.04,
1749538200,24134.25,24148.64,24123,24134.46,
1749538800,24131.23,24132.49,24098.24,24111.46,
1749539400,24113.25,24137.54,24091.46,24131.38,
1749540000,24129.61,24147.81,24122.03,24128.84,
1749540600,24124.79,24126.77,24101.32,24111.9,
1749541200,24111.89,24134.74,24100.66,24133.87,
1749541800,24134.98,24157.68,24127.78,24148.39,
1749542400,24145.82,24162.87,24145.82,24162.87,
1749604800,24191.32,24191.32,24191.32,24191.32,
1749605400,24185.38,24287.52,24179.35,24278.48,
1749606000,24282.14,24353.04,24273.26,24346.71,
1749606600,24344.45,24369.33,24330.61,24344.41,
1749607200,24345.6,24354.56,24305.78,24330.64,
1749607800,24330.43,24366.14,24309.68,24346.68,
1749608400,24344.85,24356.7,24288.82,24325.74,
1749609000,24325.84,24378.92,24314.51,24378.29,
1749609600,24380.57,24395.47,24335.2,24341.25,
1749610200,24337.5,24360.23,24316.37,24316.37,
1749610800,24314.02,24328.83,24295.22,24319.64,
1749611400,24319.12,24379.36,24319.12,24372.25,
1749612000,24372.59,24415.2,24371.95,24397.06,
1749612600,24396.38,24399.94,24356.06,24365.29,
1749613200,24363.35,24395.02,24362.61,24384.17,
1749613800,24384.96,24398.85,24382.91,24392.38,
1749614400,24392.47,24392.47,24392.47,24392.47,
1749618000,24395.24,24421.01,24373.06,24398.7,
1749618600,24396.97,24409.53,24367.62,24380.51,
1749619200,24380.38,24389.91,24364.56,24383.96,
1749619800,24382.96,24400.81,24378.67,24385.39,
1749620400,24388.47,24421.32,24379.49,24409.3,
1749621000,24410.35,24430.81,24381.29,24382.67,
1749621600,24382.57,24429.86,24382.57,24416.34,
1749622200,24415.41,24437.24,24415.41,24422.6,
1749622800,24424.18,24439.35,24402.69,24411.95,
1749623400,24412.18,24422.85,24398.89,24403.88,
1749624000,24401.21,24408.71,24381.49,24391.97,
1749624600,24389.57,24394.07,24372.66,24384.08,
1749625200,24381.37,24386.47,24364.39,24364.39,
1749625800,24367.63,24375.83,24354.68,24370.58,
1749626400,24370.07,24380.09,24364.58,24368.34,
1749627000,24366.72,24376.27,24347.89,24361.9,
1749627600,24364.73,24364.73,24344.41,24357.41,
1749628200,24356.7,24363.92,24341.3,24357.98,
1749628800,24356.67,24366.94,24356.67,24366.94,
1749691200,24223.12,24223.12,24223.12,24223.12,
1749691800,24180.2,24227.92,24156.04,24186.16,
1749692400,24186.59,24198.18,24153.87,24179.21,
1749693000,24184.51,24205.33,24166.12,24202.06,
1749693600,24202.96,24219.32,24190.19,24215.41,
1749694200,24213.2,24232.8,24185.22,24211.52,
1749694800,24209.39,24239.88,24200.37,24235.3,
1749695400,24236.73,24281.74,24228.3,24280.88,
1749696000,24281,24285.05,24241.45,24252.35,
1749696600,24250.51,24288.76,24233.97,24268.49,
1749697200,24267.59,24277.58,24235.39,24242.54,
1749697800,24239.68,24259.94,24221.55,24222.16,
1749698400,24221.82,24260.69,24215.22,24242.59,
1749699000,24243.75,24244.53,24229.4,24231.55,
1749699600,24234.21,24247.82,24228.18,24239.41,
1749700200,24241.38,24250.71,24234.77,24246.15,
1749700800,24244.98,24244.98,24244.98,24244.98,
1749704400,24244.99,24244.99,24200.18,24200.85,
1749705000,24203.75,24215.37,24190.37,24200.01,
1749705600,24202.2,24205.15,24132.39,24135.57,
1749706200,24135.49,24161.55,24123.63,24131.04,
1749706800,24129.75,24144.76,24102.01,24143.12,
1749707400,24147.7,24147.7,24127.29,24143.56,
1749708000,24145.47,24145.95,24121.57,24131.73,
1749708600,24129.42,24154.35,24125.89,24148.23,
1749709200,24145.91,24164.62,24132.34,24134.78,
1749709800,24135.08,24159.48,24129.25,24144.91,
1749710400,24143.19,24157.21,24123.36,24125.56,
1749711000,24130,24141.63,24126.09,24138.06,
1749711600,24138.54,24165.97,24123.69,24131.1,
1749712200,24133.42,24136.62,24096.15,24108.09,
1749712800,24108.46,24119.52,24097.28,24101.74,
1749713400,24100.27,24100.27,24046.02,24052.39,
1749714000,24051.71,24051.71,24030.27,24048.77,
1749714600,24047.03,24049.92,24002.42,24032.94,
1749715200,24030.82,24035.38,24030.82,24035.38,
1749777600,23959.81,23959.81,23959.81,23959.81,
1749778200,23970.05,24015.51,23929.6,24008.74,
1749778800,24006.58,24053.85,23991.41,24050.02,
1749779400,24053.98,24100.32,24038.16,24038.16,
1749780000,24041.79,24042.04,23921.04,23953.02,
1749780600,23953.18,23960.26,23919.89,23943.2,
1749781200,23940.96,23945.22,23830.03,23842.72,
1749781800,23841.78,23869.7,23833.28,23860.4,
1749782400,23860.63,23879.02,23809.6,23826.07,
1749783000,23830.97,23831.14,23789.89,23793.66,
1749783600,23795.43,23851.94,23787.81,23844.4,
1749784200,23845.28,23860.13,23839.75,23852.5,
1749784800,23852.28,23856.53,23834.39,23853.03,
1749785400,23851.74,23882.99,23848.71,23882.99,
1749786000,23880.86,23885.65,23853.05,23865.2,
1749786600,23862.28,23869.25,23857.01,23866.57,
1749787200,23866.86,23866.86,23866.86,23866.86,
1749790800,23857.51,23857.51,23782.49,23826,
1749791400,23826.69,23843.71,23774.92,23788.81,
1749792000,23790.54,23815.99,23788.09,23806.96,
1749792600,23805.55,23827.27,23796.28,23800.95,
1749793200,23801.83,23849.48,23797.4,23848.79,
1749793800,23848.54,23869.78,23830.98,23846.67,
1749794400,23848.12,23902.1,23848.12,23871.49,
1749795000,23870.09,23890.41,23845.96,23847.59,
1749795600,23851.22,23866.17,23826.87,23830.21,
1749796200,23831.66,23841.97,23809.13,23813.57,
1749796800,23814.86,23821.16,23788.4,23805.3,
1749797400,23806.02,23818.58,23797.17,23812.45,
1749798000,23810.69,23829.18,23793.95,23820.95,
1749798600,23818.28,23845.84,23815.55,23829.4,
1749799200,23830.89,23844.16,23812.54,23820.63,
1749799800,23821.92,23830.31,23808.33,23816.97,
1749800400,23817.7,23822.08,23789.31,23789.74,
1749801000,23790.73,23852.78,23782.5,23849.48,
1749801600,23846.44,23892.56,23846.44,23892.56,
1750036800,23791.79,23791.79,23791.79,23791.79,
1750037400,23765.58,23857.31,23718.72,23857.31,
1750038000,23854.37,23862.54,23780.36,23803.52,
1750038600,23804.43,23855.5,23770.57,23853.43,
1750039200,23853.52,23890.98,23851.64,23864.52,
1750039800,23866.55,23888.08,23838.36,23888.08,
1750040400,23890.23,23937.34,23889.75,23928.69,
1750041000,23928.6,23930.71,23857.87,23862.6,
1750041600,23863.74,23866.83,23830.92,23841.92,
1750042200,23843.28,23880.08,23836.56,23858.15,
1750042800,23857.44,23883.39,23831.09,23880.98,
1750043400,23881.21,23885.09,23857.3,23867.05,
1750044000,23865.08,23888.58,23854.95,23858.49,
1750044600,23856.93,23894.43,23856.93,23859.01,
1750045200,23858.97,23879.38,23856.13,23871.2,
1750045800,23869.62,23880.4,23865.31,23865.99,
1750046400,23864.2,23864.2,23864.2,23864.2,
1750050000,23871.24,23925.76,23858.05,23923.47,
1750050600,23921.53,23934.03,23903.81,23909.79,
1750051200,23909.62,23945.92,23901.43,23943.82,
1750051800,23941.99,23951.35,23915.05,23931.99,
1750052400,23932.69,23939.72,23911.41,23933.76,
1750053000,23933.84,23947.32,23924.56,23943.96,
1750053600,23941.62,23957.56,23932.15,23944.96,
1750054200,23941.64,23962.23,23938.13,23956.78,
1750054800,23956.86,23972.1,23954,23966,
1750055400,23965.82,23998.18,23964.19,23984.55,
1750056000,23985.24,24001,23975.49,23995.2,
1750056600,23995.52,24018.5,23990.88,24018.5,
1750057200,24019.41,24069.02,24015.7,24062.01,
1750057800,24060.59,24112.95,24056.73,24075.82,
1750058400,24075.25,24099.94,24069.12,24096.36,
1750059000,24096.78,24125.05,24072.76,24088.73,
1750059600,24089.14,24102.05,24072.03,24078.7,
1750060200,24081.59,24091.34,24062.43,24087.8,
1750060800,24089.12,24089.12,24060.99,24060.99,
1750123200,24107.34,24107.34,24107.34,24107.34,
1750123800,24083.02,24113.91,24052,24064.03,
1750124400,24064.47,24117.92,24045.44,24072.79,
1750125000,24071.66,24131.44,24069.63,24113.73,
1750125600,24112.91,24122.23,24047.35,24063.05,
1750126200,24063.76,24064.39,24016.92,24027.99,
1750126800,24029.08,24044.87,23997.84,23997.84,
1750127400,23996.22,24009.8,23970.96,24006.03,
1750128000,24004.13,24004.13,23952.56,23959.84,
1750128600,23957.46,24008.03,23954.58,24004.39,
1750129200,24006.22,24013.29,23973.67,24004.42,
1750129800,24006.11,24021.64,23993.95,24001.91,
1750130400,24000.56,24019.08,23996.32,24006.58,
1750131000,24005.25,24042.64,24005.08,24038.65,
1750131600,24041.02,24046.15,24025.89,24030.86,
1750132200,24031.13,24040.56,24023.04,24031.11,
1750132800,24028.83,24028.83,24028.83,24028.83,
1750136400,24020.79,24030.82,23991.19,23991.19,
1750137000,23990.38,24013.05,23960.58,23982.35,
1750137600,23981.98,24008.45,23971.97,24006.92,
1750138200,24008.11,24038.62,23996.74,24005.21,
1750138800,24007.83,24007.83,23981.59,23984.97,
1750139400,23982.1,23985.73,23924.27,23932.11,
1750140000,23930.33,23947.78,23915.47,23943.12,
1750140600,23945.5,23951.82,23930.14,23942.04,
1750141200,23937.75,23953.48,23928.05,23934.82,
1750141800,23936.76,23973.16,23929.08,23960.35,
1750142400,23961.97,23981.07,23954.27,23972.17,
1750143000,23973.19,23974.9,23937.65,23950.4,
1750143600,23946.88,23962.58,23934.89,23939.13,
1750144200,23939.26,23940.34,23886.61,23888.43,
1750144800,23888.44,23903.93,23880.67,23901.24,
1750145400,23902.8,23925.82,23898.42,23911.69,
1750146000,23914.73,23965.21,23907.31,23962.92,
1750146600,23963.97,23971.9,23954.51,23968.71,
1750147200,23973.17,23980.3,23973.17,23980.3,
1750209600,23859.55,23859.55,23859.55,23859.55,
1750210200,23860.55,23880.24,23795.37,23821.66,
1750210800,23821.54,23871.09,23751.73,23752.32,
1750211400,23754.83,23780.94,23745.63,23745.71,
1750212000,23745.8,23745.8,23683.76,23688.61,
1750212600,23689.71,23707.39,23663.79,23685.13,
1750213200,23684.17,23684.17,23651.98,23657.14,
1750213800,23657.54,23699.48,23653.26,23691.94,
1750214400,23692.53,23736.01,23692.53,23723.83,
1750215000,23722.9,23727.63,23689.85,23689.85,
1750215600,23692.16,23704.95,23668.07,23673.05,
1750216200,23672.74,23677.38,23653.87,23673.68,
1750216800,23672.66,23694.79,23671.73,23683.62,
1750217400,23684.98,23703.12,23681.91,23693.86,
1750218000,23697.28,23701.13,23684.51,23693.72,
1750218600,23693.43,23703.7,23688.37,23696.75,
1750219200,23698.65,23698.65,23698.65,23698.65,
1750222800,23703,23723.61,23693.29,23712.97,
1750223400,23714.9,23717.93,23682.21,23690.09,
1750224000,23687.5,23722.94,23675.64,23708.17,
1750224600,23709.55,23718.44,23692.9,23695.92,
1750225200,23697.61,23705.23,23681.64,23682.73,
1750225800,23681.05,23684.27,23654.68,23662.44,
1750226400,23661.08,23672.13,23657.36,23669.99,
1750227000,23668.51,23672.84,23631.48,23638.86,
1750227600,23643.03,23672.1,23636.96,23660.53,
1750228200,23657.18,23673.1,23649.99,23665.17,
1750228800,23665.71,23676.75,23659.38,23670.54,
1750229400,23667.36,23705.09,23662.7,23705.09,
1750230000,23703.28,23707.45,23683.99,23687.32,
1750230600,23686.06,23697.35,23674.3,23694.08,
1750231200,23692.61,23706.56,23687.56,23690.79,
1750231800,23691.3,23699.99,23682.44,23696.61,
1750232400,23694.51,23716.2,23690.35,23708.07,
1750233000,23708,23708.71,23689.63,23704.98,
1750233600,23701.03,23710.69,23701.03,23710.69,
1750296000,23620.02,23620.02,23620.02,23620.02,
1750296600,23615.29,23653.55,23567.3,23567.3,
1750297200,23565.69,23567.74,23507.39,23514.62,
1750297800,23514.11,23545.55,23497.32,23509.95,
1750298400,23508.27,23543.56,23493.43,23530.94,
1750299000,23530.11,23531.66,23476.42,23476.42,
1750299600,23474.48,23484.94,23434.88,23439.04,
1750300200,23435.7,23450.93,23430.81,23438.24,
1750300800,23438.88,23458.61,23409.79,23414.05,
1750301400,23410.56,23419.1,23369.92,23369.92,
1750302000,23370.55,23380.17,23355.59,23370.14,
1750302600,23369.26,23373.31,23324.13,23326.78,
1750303200,23325.45,23329.7,23278.58,23278.82,
1750303800,23279.58,23282.2,23259.24,23269.79,
1750304400,23269.32,23274.62,23228.29,23235.57,
1750305000,23234.06,23241.98,23215.62,23232.28,
1750305600,23231.48,23231.48,23231.48,23231.48,
1750309200,23231.86,23251.58,23205.67,23248.29,
1750309800,23251.51,23285.69,23245.81,23266.98,
1750310400,23266.38,23290.09,23263.74,23288.45,
1750311000,23290.94,23316.39,23283.39,23298.75,
1750311600,23296.33,23302.84,23271.28,23272.1,
1750312200,23273.91,23273.91,23231.64,23242.05,
1750312800,23238.55,23250.17,23228.58,23250.04,
1750313400,23250.01,23262.08,23220.08,23230.94,
1750314000,23230.64,23236.97,23216.07,23236,
1750314600,23234.37,23242.67,23185.58,23198.6,
1750315200,23199.17,23220.76,23192.37,23205.36,
1750315800,23208.93,23233.17,23195.07,23233.17,
1750316400,23232.71,23242.13,23211.67,23214.55,
1750317000,23214.49,23232.21,23209.49,23224.1,
1750317600,23225.69,23250.14,23220.99,23239.81,
1750318200,23241.37,23254.85,23229.5,23248.8,
1750318800,23246.96,23257.13,23236.74,23242.31,
1750319400,23244.72,23252.71,23225.55,23231,
1750320000,23229.56,23237.74,23229.56,23237.74,
1750382400,23291.4,23291.4,23291.4,23291.4,
1750383000,23324.96,23362.21,23305.68,23354.47,
1750383600,23357.76,23370.51,23319.4,23334.2,
1750384200,23334.77,23363.61,23309.92,23347.37,
1750384800,23346.06,23377.89,23328.63,23365.92,
1750385400,23367.02,23402.37,23365.21,23402.37,
1750386000,23402.65,23409.45,23385.47,23403.91,
1750386600,23404.48,23459.24,23398.12,23444.89,
1750387200,23445.86,23477.54,23441.36,23453.78,
1750387800,23454.67,23472.55,23442.22,23449.45,
1750388400,23446.77,23454.07,23425.69,23447.71,
1750389000,23446.24,23477.34,23443.24,23463.87,
1750389600,23463.34,23482,23451.93,23467.62,
1750390200,23467.37,23516.28,23464.67,23499.81,
1750390800,23502.24,23512.08,23495.91,23501.29,
1750391400,23503.27,23510.72,23495.3,23506.12,
1750392000,23504.59,23504.59,23504.59,23504.59,
1750395600,23504.07,23538.63,23504.07,23519.57,
1750396200,23523.36,23532.65,23486.17,23496.47,
1750396800,23497.94,23508.27,23473.86,23474.8,
1750397400,23476.29,23482.46,23452.11,23458.34,
1750398000,23460.67,23461.79,23420.47,23423.89,
1750398600,23424,23436.76,23411.77,23423.36,
1750399200,23421.43,23433.28,23388.59,23396.54,
1750399800,23395.87,23427.76,23393.68,23424.36,
1750400400,23422.78,23434.45,23403.43,23403.43,
1750401000,23403.75,23419.63,23391.23,23417.97,
1750401600,23419.71,23430.77,23413.63,23423.97,
1750402200,23424.41,23435.03,23405.65,23408.43,
1750402800,23412.36,23443.98,23405.04,23437.79,
1750403400,23437.63,23462.84,23430.72,23447.1,
1750404000,23449.75,23462.06,23439.42,23448.35,
1750404600,23447.46,23470.71,23447.46,23466.03,
1750405200,23466.71,23466.71,23425.83,23440.42,
1750405800,23439.75,23461.6,23432.09,23455.42,
1750406400,23453,23530.48,23453,23530.48,
1750641600,23335.51,23335.51,23335.51,23335.51,
1750642200,23292.96,23336.47,23272.75,23327.69,
1750642800,23333.38,23410.15,23332.2,23400.55,
1750643400,23403.03,23404.21,23292.54,23338.3,
1750644000,23334.85,23375.95,23330.33,23362.14,
1750644600,23360.44,23413.14,23357.18,23389.95,
1750645200,23389.61,23438.38,23384.4,23428.81,
1750645800,23429.14,23438.19,23414.53,23433.13,
1750646400,23435.06,23491.75,23434.09,23468.74,
1750647000,23466.73,23501.76,23454.88,23498.39,
1750647600,23497.84,23514.89,23472.13,23514.89,
1750648200,23510.86,23600.42,23506.69,23587.82,
1750648800,23586.99,23586.99,23508.69,23523.28,
1750649400,23520.36,23529.99,23497.21,23524.87,
1750650000,23525.92,23535.76,23499.77,23503.49,
1750650600,23501.94,23503.5,23478.91,23499.98,
1750651200,23498.82,23498.82,23498.82,23498.82,
1750654800,23492.89,23571.17,23492.89,23561.53,
1750655400,23564.2,23598.66,23561.91,23595.57,
1750656000,23596.03,23637.4,23592.35,23599.71,
1750656600,23598.37,23613.91,23578.94,23593.22,
1750657200,23596.4,23638.59,23586.36,23610.37,
1750657800,23610.18,23643.37,23609.97,23641.52,
1750658400,23639.63,23687.61,23638.09,23674.12,
1750659000,23672.43,23673.55,23645.96,23646.5,
1750659600,23647.05,23665.6,23636.02,23663.03,
1750660200,23662.34,23682.38,23647.11,23654.24,
1750660800,23651.12,23663.85,23645.75,23659.13,
1750661400,23660.33,23685.14,23656.4,23664.31,
1750662000,23661.88,23681.4,23639.3,23662.37,
1750662600,23660.15,23675.53,23628.86,23640.94,
1750663200,23637.71,23654.27,23637.59,23648.02,
1750663800,23649.81,23662.93,23639.68,23658.37,
1750664400,23659.51,23677.08,23651.87,23667.03,
1750665000,23663.41,23684.96,23661.47,23681.55,
1750665600,23681.63,23689.13,23681.63,23689.13,
1750728000,23832.73,23832.73,23832.73,23832.73,
1750728600,23858.35,24033.67,23858.35,23998.2,
1750729200,23997.5,24063.11,23978.89,24028.39,
1750729800,24030.55,24079.75,23984.85,24056.34,
1750730400,24056.12,24091.7,24042.96,24043.95,
1750731000,24045.31,24116.98,24028.57,24096.78,
1750731600,24095.68,24106.7,24065.81,24089.08,
1750732200,24090.52,24144.11,24090.52,24125.14,
1750732800,24126.17,24137.72,24099.55,24109.49,
1750733400,24109.64,24141.9,24102.22,24139.77,
1750734000,24139.18,24176.93,24134.56,24167.76,
1750734600,24169.54,24185.07,24163.49,24173.52,
1750735200,24175.04,24194.91,24172.54,24184.38,
1750735800,24184.47,24189.86,24161.66,24166.04,
1750736400,24166.37,24166.97,24141.44,24155.95,
1750737000,24149.64,24158.27,24142.36,24151.89,
1750737600,24150.76,24150.76,24150.55,24150.55,
1750741200,24154.39,24202.95,24141.01,24196.94,
1750741800,24195.24,24205.76,24159.79,24162.11,
1750742400,24163.35,24170.66,24136.76,24151.25,
1750743000,24151,24166.68,24126.58,24128.4,
1750743600,24129.9,24130.31,24109.13,24121.68,
1750744200,24123.67,24129.37,24068.14,24074.49,
1750744800,24076.16,24114.31,24076.16,24111.84,
1750745400,24116.78,24142.66,24106.73,24139.77,
1750746000,24146.66,24178.37,24141.54,24173.43,
1750746600,24176,24196.69,24171.67,24175.95,
1750747200,24177.93,24194.7,24167.74,24188.22,
1750747800,24188.9,24205.33,24188.9,24192.38,
1750748400,24195.72,24213.36,24190.77,24193.49,
1750749000,24195.27,24203.04,24169.13,24198.64,
1750749600,24202.16,24229.21,24197.28,24217.09,
1750750200,24217.47,24217.47,24177.6,24193.47,
1750750800,24194.32,24199.05,24175.09,24176.25,
1750751400,24178.35,24181.64,24154.53,24177.52,
1750752000,24178.31,24178.31,24177.07,24177.07,
1750814400,24327.82,24327.82,24327.82,24327.82,
1750815000,24292.74,24390.5,24287.86,24352.13,
1750815600,24348.13,24419.8,24323.58,24419.8,
1750816200,24422.04,24428.53,24388.24,24392.66,
1750816800,24392.65,24410.01,24368.25,24386.92,
1750817400,24390.22,24397.78,24353.77,24361.57,
1750818000,24360.99,24367.9,24308.82,24313.1,
1750818600,24314.12,24354,24314.12,24334.33,
1750819200,24334.01,24340.22,24292.33,24327.55,
1750819800,24326.88,24371.05,24326.88,24367.1,
1750820400,24367.26,24375.34,24334.07,24355.54,
1750821000,24355.72,24389.49,24354.32,24384.4,
1750821600,24384.13,24403.64,24379.41,24395.53,
1750822200,24399.5,24399.5,24350.05,24361.56,
1750822800,24361.19,24377.31,24350.6,24356.93,
1750823400,24354.87,24367.56,24350.69,24363.83,
1750824000,24362.73,24362.73,24362.73,24362.73,
1750827600,24357.33,24370.61,24320.77,24359.83,
1750828200,24358.38,24373.14,24343.38,24366.41,
1750828800,24367.58,24395.27,24354.93,24388.09,
1750829400,24392.69,24392.69,24357.42,24384.45,
1750830000,24367.56,24383.02,24361.9,24373.68,
1750830600,24373.35,24410.3,24373.35,24406.8,
1750831200,24410.26,24438.23,24404.09,24433.55,
1750831800,24434.6,24448.56,24426.71,24446.17,
1750832400,24447.54,24496,24440.93,24472.34,
1750833000,24474.15,24482.57,24441.01,24474.99,
1750833600,24476.46,24485.28,24455.53,24473.65,
1750834200,24476.05,24508.43,24465.88,24500.11,
1750834800,24498.09,24511,24485.28,24487.04,
1750835400,24484.84,24533.39,24484.84,24516.09,
1750836000,24515.55,24523.24,24505.78,24520.1,
1750836600,24516.24,24522.37,24481.87,24483.09,
1750837200,24489.28,24491.72,24473.5,24482.48,
1750837800,24482.72,24484.69,24455.7,24469.37,
1750838400,24471.02,24474.67,24471.02,24474.67,
1750900800,24345.29,24345.29,24345.29,24345.29,
1750901400,24324.13,24340.86,24270.74,24288.21,
1750902000,24287.43,24294.29,24240.94,24289.93,
1750902600,24289.61,24341.35,24266.09,24306.78,
1750903200,24308.52,24350.61,24303.14,24327.21,
1750903800,24327.19,24344.9,24273.92,24274.96,
1750904400,24273.92,24341.01,24271.83,24330.57,
1750905000,24328.78,24381.14,24323.61,24368.8,
1750905600,24367.11,24372.53,24317.42,24339.79,
1750906200,24340.97,24395,24337.46,24378.73,
1750906800,24380.52,24411.48,24367.13,24385.27,
1750907400,24383.36,24406.28,24376.89,24402.51,
1750908000,24403.2,24403.46,24353.68,24368.36,
1750908600,24368.89,24375.39,24353.23,24356.29,
1750909200,24355.62,24374.89,24350.07,24355.93,
1750909800,24356.43,24369.22,24339.99,24356.85,
1750910400,24357.56,24357.56,24357.56,24357.56,
1750914000,24356.93,24357.69,24317.89,24334.71,
1750914600,24335.22,24352.47,24303.75,24310.23,
1750915200,24313.26,24342.17,24303.66,24328.18,
1750915800,24331.46,24331.46,24286.52,24287.63,
1750916400,24289.22,24292.15,24263.79,24277.08,
1750917000,24276.49,24284.61,24265.25,24271.16,
1750917600,24270.73,24274.27,24235.54,24250.55,
1750918200,24252.86,24302.44,24248.13,24301.2,
1750918800,24305.2,24305.2,24279.47,24281.94,
1750919400,24282.99,24307.71,24281.54,24292.8,
1750920000,24289.83,24306.43,24280.38,24300.82,
1750920600,24299.83,24319.33,24293.92,24313.12,
1750921200,24313.14,24342.53,24308.05,24312.05,
1750921800,24312.25,24333.45,24308.46,24320.92,
1750922400,24319.63,24331.5,24309.21,24317.34,
1750923000,24315.71,24327.62,24302.26,24313.88,
1750923600,24318.11,24326.29,24309.97,24320.62,
1750924200,24320.25,24320.25,24301.39,24304.97,
1750924800,24309.96,24325.4,24309.96,24325.4,
1750987200,24451.19,24451.19,24451.19,24451.19,
1750987800,24457.99,24470.58,24389.65,24399.67,
1750988400,24387.35,24471.53,24387.35,24426.1,
1750989000,24411.75,24451.92,24382.66,24382.66,
1750989600,24371.23,24449.74,24368.28,24421.17,
1750990200,24404.67,24459.91,24404.67,24446.6,
1750990800,24431.94,24448.11,24366.98,24382.83,
1750991400,24369.12,24397.31,24329.52,24355.29,
1750992000,24343.88,24406.37,24343.88,24401.51,
1750992600,24387,24450.92,24387,24426.52,
1750993200,24415.39,24460.4,24410.72,24420.4,
1750993800,24409.54,24426.93,24346.62,24359.39,
1750994400,24347.82,24369.93,24314.63,24336.9,
1750995000,24323,24345.11,24310.64,24320.1,
1750995600,24304.52,24338.38,24301.58,24338.09,
1750996200,24316.24,24339.97,24313.1,24333.03,
1750996800,24309.42,24309.68,24309.42,24309.68,
1751000400,24319.69,24335.83,24268.36,24273.97,
1751001000,24264.31,24271.5,24244.4,24244.4,
1751001600,24231.15,24255.95,24204,24233.85,
1751002200,24224.08,24282.05,24224.08,24251.9,
1751002800,24238.2,24251.66,24200.96,24217.47,
1751003400,24206.8,24232.08,24194.85,24230.02,
1751004000,24211.26,24245.41,24204.65,24245.41,
1751004600,24229.01,24267.95,24229.01,24252.52,
1751005200,24243.15,24274.45,24243.15,24267,
1751005800,24250.56,24293.55,24248.17,24273.77,
1751006400,24258.79,24273.79,24247.64,24253.49,
1751007000,24239.45,24311.57,24239.45,24300.36,
1751007600,24288.1,24319.73,24267.62,24270.09,
1751008200,24260.83,24302.09,24260.83,24292.56,
1751008800,24276.7,24318.37,24276.7,24292.27,
1751009400,24279.35,24296.05,24246.72,24263.88,
1751010000,24245.62,24264.25,24238.5,24243.9,
1751010600,24233.65,24261.21,24226.67,24249.81,
1751011200,24249.73,24284.15,24249.73,24284.15,
1751246400,24274.91,24274.91,24274.91,24274.91,
1751247000,24262.71,24262.71,24175.11,24226.24,
1751247600,24224.27,24245.27,24153,24158.61,
1751248200,24158.03,24203.43,24136.91,24143.61,
1751248800,24141.98,24141.98,24090.06,24105.19,
1751249400,24102.75,24166.08,24099.04,24150.91,
1751250000,24153.95,24181.03,24142.93,24149.41,
1751250600,24151.74,24161.37,24132.92,24150.31,
1751251200,24147.46,24194.66,24134.67,24186.02,
1751251800,24186.68,24208.91,24177.86,24188.76,
1751252400,24189.48,24194.49,24134.5,24134.5,
1751253000,24135.11,24150.56,24114.9,24136.9,
1751253600,24136.58,24164.13,24135.79,24144.35,
1751254200,24144.02,24161.71,24118.96,24153.87,
1751254800,24154.2,24176.29,24144.4,24176.29,
1751255400,24176.09,24187.31,24171.63,24179.92,
1751256000,24182.95,24182.95,24182.95,24182.95,
1751259600,24179.03,24200.32,24169.67,24198.3,
1751260200,24199.08,24224.35,24193.84,24222.45,
1751260800,24221.22,24244.15,24217.27,24231.71,
1751261400,24231.14,24231.14,24195.2,24198.98,
1751262000,24199.6,24203.15,24186.34,24192.21,
1751262600,24187.6,24212.65,24181.41,24189.49,
1751263200,24187.84,24222.81,24180.07,24218.6,
1751263800,24218.23,24223.15,24197.94,24218.19,
1751264400,24221.02,24221.02,24199.49,24214.08,
1751265000,24211.68,24233.41,24211.25,24222.6,
1751265600,24223.91,24231.45,24210.67,24214.91,
1751266200,24214.54,24228.64,24208.8,24217.86,
1751266800,24216.29,24227.24,24171.13,24178.64,
1751267400,24180.06,24190.2,24170.32,24176.2,
1751268000,24173.15,24185.28,24164.57,24174.81,
1751268600,24171.64,24171.64,24130.29,24134.21,
1751269200,24132.76,24133.75,24084.23,24090.28,
1751269800,24082.91,24090.26,24064.26,24085.71,
1751270400,24084.2,24084.2,24072.28,24072.28,
1751419200,24304.31,24304.31,24304.31,24304.31,
1751419800,24320.55,24372.7,24211.53,24221.71,
1751420400,24222.44,24258.18,24184.51,24186.39,
1751421000,24184.64,24189.88,24122.57,24142.97,
1751421600,24140.58,24208.41,24140.58,24201.72,
1751422200,24197.57,24238.26,24171.4,24229.48,
1751422800,24227.74,24236.76,24164.18,24189.19,
1751423400,24184.27,24187.9,24135.87,24171.35,
1751424000,24173.39,24214.52,24167.08,24200.12,
1751424600,24201.21,24277.46,24200.4,24266.75,
1751425200,24263.95,24272.62,24218.5,24243.51,
1751425800,24245.44,24254.67,24200.09,24202.99,
1751426400,24203.29,24237.7,24201.25,24237.7,
1751427000,24233.54,24258.97,24233.54,24253.98,
1751427600,24255.68,24261.09,24230.16,24234.4,
1751428200,24232.29,24238.05,24212.58,24220.72,
1751428800,24220.65,24220.65,24220.65,24220.65,
1751432400,24220.69,24254.87,24211.26,24254.45,
1751433000,24251.71,24279.2,24237.92,24240.25,
1751433600,24243.45,24243.45,24180.5,24180.5,
1751434200,24182.8,24194.16,24163.74,24185.43,
1751434800,24187.25,24198.77,24173.59,24178.43,
1751435400,24178.52,24191.92,24176.94,24189.33,
1751436000,24191.33,24238.62,24184.8,24238.62,
1751436600,24239.38,24265.7,24235.74,24260.08,
1751437200,24259.94,24282.08,24257.1,24272.74,
1751437800,24272.61,24283.6,24247.21,24247.21,
1751438400,24250.34,24270.64,24246.49,24257.58,
1751439000,24255.53,24268.83,24250.12,24257.86,
1751439600,24254.95,24264.89,24189.81,24217.15,
1751440200,24213.2,24233.13,24208.28,24231.3,
1751440800,24233.56,24234.39,24211.57,24213.63,
1751441400,24216.89,24223.1,24200.18,24203.93,
1751442000,24200.57,24224.41,24196.05,24215.93,
1751442600,24217.3,24224.03,24198.84,24213.52,
1751443200,24212.46,24221.41,24212.46,24221.41,
1751505600,24234.28,24234.28,24234.28,24234.28,
1751506200,24250.94,24269.14,24086.68,24108.58,
1751506800,24109.9,24116.99,24060.06,24098.02,
1751507400,24098.79,24098.79,24036.77,24057.87,
1751508000,24061.03,24063.38,24004.54,24010.8,
1751508600,24011.6,24011.6,23945.93,23946.43,
1751509200,23946.62,23979.8,23920,23973.74,
1751509800,23974.07,23996.99,23945.79,23945.79,
1751510400,23945.57,23970.03,23932.3,23958.1,
1751511000,23958.2,23970.16,23926.84,23938.04,
1751511600,23936.1,24009.29,23931.75,23984.98,
1751512200,23986.71,24005.4,23959.6,23980.29,
1751512800,23977.2,23993.69,23969.98,23985.44,
1751513400,23982.41,23982.41,23950.96,23968.44,
1751514000,23969.94,23979.32,23959.02,23976.82,
1751514600,23977.69,23998.19,23972.62,23989.28,
1751515200,23989.16,23989.16,23989.16,23989.16,
1751518800,23992.27,24000.13,23954.64,23962.78,
1751519400,23960.39,23994.86,23952.61,23991.76,
1751520000,23989.37,24002.74,23973.14,23995.5,
1751520600,23991.19,24014.72,23976.7,24008.49,
1751521200,24007.47,24049.45,24004.94,24048.78,
1751521800,24049.98,24070.45,24029.11,24033.44,
1751522400,24032.69,24050.73,24030.51,24037.46,
1751523000,24039.53,24049.94,24021.82,24037.96,
1751523600,24040.37,24060.45,24033.84,24058.98,
1751524200,24056.33,24067.98,24045.28,24051.3,
1751524800,24049.47,24059.55,24036.84,24055.7,
1751525400,24054.27,24082.85,24054.27,24073.23,
1751526000,24073.15,24091.14,24040.38,24044.94,
1751526600,24040.71,24058.19,24027.52,24034.76,
1751527200,24033.22,24039.04,24020.08,24033.88,
1751527800,24032.37,24052.12,24026.82,24026.82,
1751528400,24026.87,24041.87,24021.85,24036.8,
1751529000,24035.11,24052.18,24035.11,24048.23,
1751529600,24048.77,24069.94,24048.77,24069.94,
1751592000,23900.69,23900.69,23900.69,23900.69,
1751592600,23912.71,23932.97,23753,23757.04,
1751593200,23759.33,23801.63,23734.09,23793.42,
1751593800,23796.53,23796.54,23715.35,23717.87,
1751594400,23717.02,23725.42,23690.94,23721.34,
1751595000,23722.49,23762.39,23718.1,23759.35,
1751595600,23760.17,23767.38,23742.98,23763.7,
1751596200,23764.78,23825.68,23763.09,23811.65,
1751596800,23809.09,23865.27,23808.79,23835.22,
1751597400,23834.11,23872.74,23828.05,23862.98,
1751598000,23860.91,23875.62,23838.12,23840.39,
1751598600,23833.47,23896.09,23833.4,23894.38,
1751599200,23893.88,23905.33,23862.69,23905.33,
1751599800,23901.83,23925.27,23893.07,23902.52,
1751600400,23898.48,23924.9,23895.77,23919.68,
1751601000,23920.56,23928.49,23896.38,23920.22,
1751601600,23920.25,23921.81,23920.25,23921.81,
1751605200,23926.48,23972.47,23893.55,23970.19,
1751605800,23973.98,24053.47,23973.98,24018.09,
1751606400,24019.75,24061.7,24011.05,24059.37,
1751607000,24057.07,24068.51,23973.14,23981.12,
1751607600,23975.18,24003.83,23968.61,23972.6,
1751608200,23971.6,23976.35,23929.97,23935.65,
1751608800,23936.74,23936.74,23854.5,23867.22,
1751609400,23868.68,23903.1,23852.34,23901.74,
1751610000,23901.91,23907.48,23841.79,23856.38,
1751610600,23857.29,23892.01,23853.74,23877.42,
1751611200,23875.07,23883.81,23855.41,23882.67,
1751611800,23882.31,23889.61,23866.12,23882.06,
1751612400,23884.21,23894.06,23872.96,23888.64,
1751613000,23883.75,23902.68,23871.86,23875.15,
1751613600,23871.51,23907.37,23871.51,23895.34,
1751614200,23893.75,23913.7,23888.73,23909.66,
1751614800,23910.31,23921.4,23905.02,23912.09,
1751615400,23912.89,23932.1,23906.59,23911.16,
1751616000,23914.4,23916.06,23914.4,23916.06,
1751851200,23828.85,23828.85,23828.85,23828.85,
1751851800,23813.74,23853.82,23749.5,23777.3,
1751852400,23779.29,23780.17,23713.78,23747.46,
1751853000,23747.81,23848.92,23744.88,23796.58,
1751853600,23794.79,23854.09,23784.75,23851.79,
1751854200,23851.22,23863.48,23814.75,23854.8,
1751854800,23859.63,23862.65,23828.32,23852.05,
1751855400,23850.62,23857.36,23782.35,23788,
1751856000,23786.04,23820.67,23761.71,23814.63,
1751856600,23814.92,23832.26,23790.21,23811.31,
1751857200,23810.99,23819.22,23798.07,23812.04,
1751857800,23813.12,23832.81,23809.66,23818.77,
1751858400,23819.69,23837.94,23798.74,23813.68,
1751859000,23811.86,23836.35,23811.21,23821.28,
1751859600,23821.19,23833.03,23814.94,23829.12,
1751860200,23831.9,23835.59,23805.35,23809.9,
1751860800,23808.91,23808.91,23808.91,23808.91,
1751864400,23807.9,23835.15,23804.68,23829.67,
1751865000,23831.29,23861.99,23826.11,23850.17,
1751865600,23852.25,23874.66,23839.01,23841.53,
1751866200,23844.81,23879.22,23840.13,23861.59,
1751866800,23861.81,23884.58,23848.18,23878.45,
1751867400,23875.28,23895.49,23872.81,23894.04,
1751868000,23893.67,23910.95,23866.03,23870.09,
1751868600,23870.26,23872.83,23851.07,23855.53,
1751869200,23852.57,23861.86,23839.88,23848.95,
1751869800,23848.51,23851.51,23820.32,23846.63,
1751870400,23845.07,23849.86,23824.24,23834.99,
1751871000,23833.17,23842.55,23824.45,23831.32,
1751871600,23834.41,23844.23,23807.56,23809.32,
1751872200,23809.66,23827.31,23788.49,23795.08,
1751872800,23796.09,23811.69,23789.26,23798.57,
1751873400,23799.09,23835,23788.82,23832.86,
1751874000,23833.66,23863.17,23827.6,23854.9,
1751874600,23854.7,23871.01,23851.71,23865.52,
1751875200,23863.74,23887.83,23863.74,23887.83,
1751937600,23927.53,23927.53,23927.53,23927.53,
1751938200,23905.77,24010.52,23904.27,23972.6,
1751938800,23973.27,23982.94,23899.6,23905.14,
1751939400,23908.55,24010.07,23905.09,23977.38,
1751940000,23980.44,23984.68,23933.2,23958.89,
1751940600,23957.8,23979.85,23952.33,23978.63,
1751941200,23973.81,24055.36,23973.81,24044.8,
1751941800,24046.71,24063.25,23994.51,23995,
1751942400,23995.38,24000.6,23968.81,23999.39,
1751943000,23996.97,24064.22,23991.53,24060.5,
1751943600,24060.83,24116.59,24060.83,24112.81,
1751944200,24113.69,24138.15,24074.79,24080.79,
1751944800,24079.75,24124.76,24070.05,24121.17,
1751945400,24120.97,24123.02,24091.03,24097.7,
1751946000,24098.58,24105.6,24074.09,24080.6,
1751946600,24083.01,24094.45,24071.06,24071.31,
1751947200,24073.04,24073.04,24073.04,24073.04,
1751950800,24069.1,24070.73,24030.79,24062.68,
1751951400,24063.95,24082.24,24052.38,24073.55,
1751952000,24073.13,24077.94,24034.3,24039.95,
1751952600,24040.92,24048.44,24021.07,24045.54,
1751953200,24046.58,24082.8,24043.9,24064.58,
1751953800,24065.78,24084.17,24058.58,24078.06,
1751954400,24078.16,24079.91,24021.64,24045.33,
1751955000,24045.26,24065.4,24031.15,24061.84,
1751955600,24066.92,24089.18,24062.12,24087.97,
1751956200,24089.9,24094.38,24069.28,24076.11,
1751956800,24074.46,24087.41,24065.92,24087.41,
1751957400,24086.18,24101.88,24081.12,24097.57,
1751958000,24095.97,24155.05,24093.56,24136.45,
1751958600,24135.35,24147.29,24117.91,24131.53,
1751959200,24133.29,24134.74,24108.94,24120.22,
1751959800,24119.06,24139.81,24107.56,24136.66,
1751960400,24136.69,24147.64,24125.54,24140.13,
1751961000,24139.78,24159.01,24133.93,24153.17,
1751961600,24154.06,24154.06,24148.07,24148.07,
1752024000,24061.08,24061.08,24061.08,24061.08,
1752024600,24018.08,24026.27,23972.79,23976.51,
1752025200,23975.23,23982.64,23849.49,23885.44,
1752025800,23886.26,23954.49,23885.26,23948.19,
1752026400,23946.79,23970.47,23930.92,23939.24,
1752027000,23939.23,23969,23935.12,23939.57,
1752027600,23938.52,24009.59,23937.77,24002.69,
1752028200,24006.35,24046.05,23997.93,24013.15,
1752028800,24014.08,24027.14,23991.56,23998.24,
1752029400,23999.53,24005.97,23961.27,23966.6,
1752030000,23964.04,23964.04,23916.92,23956.69,
1752030600,23955.6,23960.73,23944.07,23953.18,
1752031200,23954.75,23976.56,23949.37,23974.92,
1752031800,23973.57,23985.86,23962.99,23969.46,
1752032400,23968.99,23973.24,23941.05,23949.49,
1752033000,23953.57,23969.43,23951.5,23968.68,
1752033600,23970.39,23970.39,23970.39,23970.39,
1752037200,23963.75,24003.26,23957.84,23979.65,
1752037800,23980.22,23982.11,23943.66,23955.51,
1752038400,23955.28,23968.51,23941.38,23957.39,
1752039000,23956.78,23961.17,23914.73,23916.2,
1752039600,23914.56,23932.35,23902.64,23931.8,
1752040200,23929.94,23940.69,23924.63,23933.13,
1752040800,23932.3,23936.94,23866.85,23871.45,
1752041400,23872.74,23899.83,23841.91,23897.76,
1752042000,23895.64,23899.07,23875.38,23879.87,
1752042600,23881.44,23884.48,23847.12,23850,
1752043200,23851.93,23853.7,23827.15,23850.4,
1752043800,23853.34,23894.94,23849.48,23888.68,
1752044400,23891.79,23900.14,23873.39,23875.54,
1752045000,23875.12,23885.14,23862.76,23876.91,
1752045600,23880.08,23886.82,23869.86,23881.17,
1752046200,23879.18,23905.09,23877.81,23888.74,
1752046800,23891.21,23898.36,23871.27,23872.8,
1752047400,23874.55,23900.82,23870.56,23900.82,
1752048000,23900.79,23900.79,23892.32,23892.32,
1752110400,23865.64,23865.64,23865.64,23865.64,
1752111000,23875.24,23922.16,23820.58,23831.3,
1752111600,23835.99,23943.9,23834.84,23922.52,
1752112200,23924.54,23948.77,23875.51,23882.4,
1752112800,23877.66,23925.51,23870.58,23899.8,
1752113400,23900.23,23921.83,23888.87,23915.56,
1752114000,23917.29,23931.26,23898.03,23915.44,
1752114600,23918.19,23970.4,23918.19,23950.13,
1752115200,23951.96,23960.26,23874.48,23878.72,
1752115800,23876.04,23924.64,23868.95,23916.97,
1752116400,23918.29,23957.09,23911.78,23915.86,
1752117000,23914.07,23941.47,23893.72,23929.75,
1752117600,23929.24,23929.24,23909.79,23925,
1752118200,23924.82,23926.69,23905.79,23915.59,
1752118800,23913.17,23923.39,23906.63,23909.91,
1752119400,23910.52,23920.34,23906.43,23913.27,
1752120000,23914.79,23914.79,23914.79,23914.79,
1752123600,23908.34,23978.69,23907.52,23978.66,
1752124200,23976.57,23995.97,23929.79,23934.87,
1752124800,23935.95,23962.56,23928.63,23961.52,
1752125400,23961.92,23982.32,23958.91,23961.54,
1752126000,23963.36,23981.23,23963.36,23979.65,
1752126600,23979.16,23999.47,23975.05,23988.9,
1752127200,23987.54,24010.43,23978.66,24004.62,
1752127800,24005.75,24056.99,24005.37,24048.36,
1752128400,24047.28,24065.14,24028.73,24029.29,
1752129000,24027.62,24035.91,23989.14,24006.26,
1752129600,24004.74,24018.75,23998.44,24010.19,
1752130200,24009.12,24065.99,24005.25,24060.87,
1752130800,24061.75,24069.2,24037.38,24057.83,
1752131400,24055.04,24061.97,24037.46,24055.14,
1752132000,24056.01,24087.59,24052.52,24065.91,
1752132600,24067.88,24074.34,24037.46,24040.88,
1752133200,24043.05,24058.59,24026.45,24048.82,
1752133800,24046.81,24051.49,24023.73,24037.67,
1752134400,24037.8,24037.8,24028.37,24028.37,
1752196800,24033.12,24033.12,24033.12,24033.12,
1752197400,24060.53,24254.08,24060.53,24254.08,
1752198000,24253.5,24282.79,24214.78,24267.89,
1752198600,24268.59,24347.08,24248.19,24342.22,
1752199200,24348.1,24389.1,24335.01,24382.49,
1752199800,24381.3,24419.53,24375.45,24385.72,
1752200400,24386.73,24421.06,24363.07,24417.92,
1752201000,24418.67,24452.49,24411.49,24438.41,
1752201600,24437.96,24460.9,24402.32,24405.13,
1752202200,24402.21,24404.94,24366.92,24367.99,
1752202800,24366.94,24367.76,24317.14,24339.25,
1752203400,24336.4,24360.33,24325.06,24353.57,
1752204000,24354.6,24411.29,24350.94,24410.18,
1752204600,24409.46,24473.65,24406.25,24460.35,
1752205200,24456.37,24473.93,24452.26,24464.46,
1752205800,24462.36,24488.91,24459.58,24481.05,
1752206400,24485.49,24485.49,24485.49,24485.49,
1752210000,24476.99,24504.91,24441.2,24441.37,
1752210600,24441.76,24443.69,24399.83,24424.21,
1752211200,24423.76,24447.8,24408.24,24414.71,
1752211800,24412.32,24451.67,24400.47,24400.47,
1752212400,24402.8,24506.3,24395.64,24497.13,
1752213000,24493.55,24493.55,24428.68,24433.44,
1752213600,24431.84,24448.86,24415.93,24434.84,
1752214200,24431.14,24457.89,24419.98,24452.5,
1752214800,24452.98,24453.47,24426.61,24441.96,
1752215400,24441.99,24441.99,24357.12,24357.12,
1752216000,24358.72,24359.09,24328.68,24349.81,
1752216600,24351.92,24358.39,24271.24,24272.14,
1752217200,24272.45,24283.29,24241.46,24274.07,
1752217800,24271.44,24277.82,24215.54,24221.25,
1752218400,24221.66,24229.93,24189.28,24225.68,
1752219000,24227.69,24245.27,24207.26,24239.02,
1752219600,24236.32,24238.66,24181.88,24190.47,
1752220200,24188.53,24190.19,24160.87,24171.67,
1752220800,24172.91,24172.91,24139.57,24139.57,
1752456000,24100.57,24100.57,24100.57,24100.57,
1752456600,24118.52,24209.71,24118.52,24195.69,
1752457200,24193.09,24196.6,24109.8,24155.05,
1752457800,24149.24,24190.31,24127.9,24133.56,
1752458400,24134.04,24186.67,24129.77,24165.65,
1752459000,24164.08,24187.74,24150.74,24177.94,
1752459600,24175.58,24196.31,24156.53,24173.88,
1752460200,24178.26,24197.83,24156.67,24186.06,
1752460800,24184.91,24188.41,24161.38,24166.07,
1752461400,24165.21,24166.78,24126.09,24130.22,
1752462000,24129.88,24135.99,24097.32,24126.06,
1752462600,24127.02,24162.36,24122.07,24146.07,
1752463200,24142.53,24162.23,24129.59,24160.89,
1752463800,24161.28,24161.86,24129.71,24136.11,
1752464400,24130.16,24161.74,24130.16,24158.19,
1752465000,24159.57,24169.84,24147.62,24166.06,
1752465600,24166.03,24166.03,24166.03,24166.03,
1752469200,24170.27,24210.52,24169.42,24207.85,
1752469800,24206.21,24211.08,24174.01,24174.27,
1752470400,24172.6,24212.29,24169.62,24210.04,
1752471000,24210.44,24235.33,24210.36,24227.64,
1752471600,24230.51,24235.87,24219.03,24225.54,
1752472200,24226.06,24242.28,24210.08,24240.85,
1752472800,24244.1,24267.84,24238.96,24253.43,
1752473400,24251.68,24255.63,24228.83,24231.91,
1752474000,24232.29,24242.98,24222.5,24239.8,
1752474600,24235.46,24251.72,24206.96,24211,
1752475200,24210.92,24214.87,24197.42,24207.05,
1752475800,24207.1,24211.13,24185.5,24203.43,
1752476400,24202.26,24218.1,24196.93,24215.62,
1752477000,24211.74,24252.51,24211.52,24249.89,
1752477600,24249.85,24256.17,24231.75,24249,
1752478200,24250.62,24260.76,24225.34,24230.92,
1752478800,24232.15,24240.91,24220.01,24231.2,
1752479400,24229.79,24242.44,24224.43,24238.99,
1752480000,24240.75,24240.75,24203.32,24203.32,
1752542400,24281.94,24281.94,24281.94,24281.94,
1752543000,24295.51,24457.09,24286.68,24454.87,
1752543600,24457.77,24500.13,24441.92,24483.01,
1752544200,24482.57,24555.68,24479.87,24529.24,
1752544800,24528.06,24553.71,24458.88,24458.88,
1752545400,24460.25,24465.06,24334.16,24359.59,
1752546000,24360.67,24419.9,24360.67,24403.02,
1752546600,24401.69,24405.33,24366.9,24393.97,
1752547200,24395.75,24395.76,24302.16,24302.16,
1752547800,24302.58,24302.58,24243.07,24266.14,
1752548400,24266.7,24272.08,24198.73,24199.89,
1752549000,24200.9,24200.9,24143.71,24162.64,
1752549600,24163.17,24223.75,24141.88,24222.96,
1752550200,24221.7,24250.85,24221.7,24242.51,
1752550800,24241.31,24264.75,24238.63,24239.15,
1752551400,24240.68,24252.34,24240.07,24247.28,
1752552000,24250.9,24250.9,24250.9,24250.9,
1752555600,24245.03,24275.36,24235.81,24267.61,
1752556200,24267.18,24286.34,24245.73,24274.18,
1752556800,24272.21,24308.18,24267.43,24307.43,
1752557400,24309.48,24350.41,24304.78,24335.23,
1752558000,24335.59,24381.33,24331.65,24373.35,
1752558600,24374.88,24381.61,24326.88,24334.36,
1752559200,24334.55,24441.75,24332.73,24439.23,
1752559800,24434.94,24453.71,24384.89,24453.71,
1752560400,24453.77,24477.31,24423.8,24474.32,
1752561000,24474.24,24500.49,24438.27,24450.65,
1752561600,24445.02,24447.21,24380.71,24386.36,
1752562200,24384.09,24419.06,24382.53,24418.15,
1752562800,24416.24,24473.91,24416.24,24451.9,
1752563400,24452.19,24482.4,24446.5,24478.17,
1752564000,24477.59,24501.57,24463.55,24475.03,
1752564600,24471.83,24580.79,24471.83,24556.93,
1752565200,24554.28,24563.99,24520.98,24533.81,
1752565800,24532.18,24564.22,24531.39,24552.93,
1752566400,24554.92,24590.12,24554.92,24590.12,
1752628800,24704.05,24704.05,24704.05,24704.05,
1752629400,24702.57,24821.14,24702.57,24748.29,
1752630000,24746.66,24832.4,24722.59,24804.77,
1752630600,24799.93,24867.81,24786.27,24787.54,
1752631200,24788.38,24828.62,24722.21,24727.95,
1752631800,24721.65,24747.67,24660.44,24743.7,
1752632400,24744.62,24766.66,24703.51,24703.51,
1752633000,24704.1,24727.67,24686.11,24686.14,
1752633600,24686.2,24688.65,24633.35,24634.52,
1752634200,24632.87,24648.5,24599.87,24647.57,
1752634800,24648.02,24682.61,24645.59,24678.48,
1752635400,24674.59,24738.64,24670.38,24708.39,
1752636000,24709.64,24711.73,24674.96,24699.81,
1752636600,24698.51,24734.26,24691.49,24692.76,
1752637200,24692.93,24694.54,24644.83,24666.97,
1752637800,24666.2,24676.68,24642.27,24659.97,
1752638400,24658.55,24658.55,24658.55,24658.55,
1752642000,24663.32,24663.32,24606.13,24652.05,
1752642600,24651.93,24655.1,24573.47,24592.49,
1752643200,24587.35,24604.42,24568.82,24597.04,
1752643800,24595.09,24635.34,24595.09,24633.51,
1752644400,24633.45,24633.45,24549.22,24582.55,
1752645000,24582.98,24631.94,24582.98,24631.94,
1752645600,24632.3,24648.07,24610.35,24647.14,
1752646200,24645.06,24689.98,24641.2,24688.89,
1752646800,24684.52,24684.52,24632.98,24636.51,
1752647400,24638.06,24642.63,24614.05,24623.25,
1752648000,24618.9,24656.83,24616.52,24629.56,
1752648600,24631.69,24640.11,24614.39,24630.2,
1752649200,24626.99,24627.52,24576.36,24576.53,
1752649800,24578.53,24593.01,24574.8,24579.14,
1752650400,24578.57,24593.04,24566.48,24588.18,
1752651000,24586.51,24607,24548.57,24552.12,
1752651600,24547.57,24561.67,24526.37,24533.13,
1752652200,24530.54,24537.99,24517.75,24530.66,
1752652800,24529.05,24529.05,24517.76,24517.76,
1752715200,24547.08,24547.08,24547.08,24547.08,
1752715800,24556.96,24601.76,24529.76,24586.82,
1752716400,24587.07,24672.51,24587.07,24617.59,
1752717000,24616.45,24651.92,24607.18,24617.1,
1752717600,24616.12,24618.16,24541.69,24561.65,
1752718200,24562.1,24613.41,24536.84,24536.84,
1752718800,24537.07,24557.33,24504.57,24541.42,
1752719400,24542.95,24545.74,24499.47,24520.57,
1752720000,24526.47,24539.44,24468.76,24479.71,
1752720600,24482.18,24530.52,24478.38,24491.98,
1752721200,24492.35,24495.81,24451.75,24478.52,
1752721800,24478.76,24498.37,24447.93,24482.05,
1752722400,24481.55,24519.47,24475.78,24503.18,
1752723000,24504.65,24504.65,24461.19,24495.91,
1752723600,24491.89,24537.82,24490.52,24534.03,
1752724200,24534.68,24542.87,24524.1,24533.03,
1752724800,24534.84,24534.84,24534.84,24534.84,
1752728400,24536.39,24557.36,24518.3,24523.05,
1752729000,24523.31,24565.94,24520.84,24560.75,
1752729600,24561.82,24573.92,24543.01,24553.4,
1752730200,24550.75,24586.24,24531.14,24568.96,
1752730800,24567.11,24574.05,24530.86,24545.96,
1752731400,24546.94,24552.64,24527.47,24532.86,
1752732000,24533.41,24582.62,24531.81,24570.61,
1752732600,24570.07,24578.89,24530.14,24552.58,
1752733200,24549.92,24559.96,24527.15,24549.68,
1752733800,24548.76,24570.55,24539.79,24564.84,
1752734400,24567.4,24569.73,24538.7,24544.1,
1752735000,24546.08,24557.89,24540.73,24551.32,
1752735600,24552.53,24553.13,24492.43,24496.79,
1752736200,24498.33,24498.33,24456.53,24472.56,
1752736800,24470.45,24484.8,24457.9,24472.17,
1752737400,24475.06,24497.8,24464.81,24490.65,
1752738000,24493.87,24515.99,24489.62,24500.3,
1752738600,24499.97,24506.58,24487.43,24502.13,
1752739200,24500.38,24500.38,24498.95,24498.95,
1752801600,24757.83,24757.83,24757.83,24757.83,
1752802200,24759.23,24816.16,24702.89,24755.88,
1752802800,24765.27,24821.12,24757.47,24769.1,
1752803400,24772.81,24810.27,24753.7,24792.61,
1752804000,24789.3,24807.69,24720.5,24737.91,
1752804600,24736.34,24791.63,24719.04,24747.05,
1752805200,24746.21,24783.77,24733.14,24768.8,
1752805800,24767.45,24773.38,24712.74,24712.74,
1752806400,24714.64,24722.63,24684.25,24714.56,
1752807000,24713.7,24746.9,24710.87,24721.73,
1752807600,24722.96,24767,24715.89,24756.77,
1752808200,24756.53,24758.65,24722.89,24722.92,
1752808800,24723.92,24723.92,24673.78,24682.77,
1752809400,24682.36,24683.86,24648.55,24658.35,
1752810000,24659.09,24662.8,24640.62,24662.12,
1752810600,24663.77,24679.32,24658.59,24675.44,
1752811200,24676.64,24676.64,24676.64,24676.64,
1752814800,24676.27,24676.27,24630.79,24659.39,
1752815400,24657.02,24694.4,24649.74,24691.29,
1752816000,24691.76,24694.93,24668.18,24673.58,
1752816600,24675.13,24705.06,24671.82,24691.64,
1752817200,24689.81,24712.03,24687.65,24690.62,
1752817800,24690.97,24696.43,24667.94,24676.86,
1752818400,24678.06,24724.58,24678.06,24715.04,
1752819000,24716.35,24728.09,24706.14,24711.61,
1752819600,24711,24729.22,24709.17,24710.81,
1752820200,24708.29,24744.45,24705.28,24733.15,
1752820800,24734.31,24768.88,24729.61,24763.45,
1752821400,24763.16,24775.26,24751.96,24756.59,
1752822000,24756.46,24809.15,24756.46,24803.77,
1752822600,24801.29,24813.18,24788.62,24795.97,
1752823200,24794.5,24797.9,24763.41,24774.03,
1752823800,24771.92,24796.78,24769.15,24795.34,
1752824400,24796.55,24809.6,24785.63,24799.45,
1752825000,24799.19,24819,24791.57,24816.96,
1752825600,24813.46,24825.66,24813.46,24825.66,
1753060800,24991.14,24991.14,24991.14,24991.14,
1753061400,24969.64,25010.9,24923.25,24925.81,
1753062000,24927.81,25004.32,24923.22,24962.46,
1753062600,24962.24,24991.66,24925.96,24926.3,
1753063200,24927.37,24966.45,24893.16,24953.72,
1753063800,24954.61,24985.73,24952.93,24971.54,
1753064400,24975.23,24995.06,24939.11,24991.81,
1753065000,24991.65,24998.73,24942.92,24962.12,
1753065600,24958.4,24988.52,24953.27,24970.22,
1753066200,24972.21,24972.21,24931.72,24931.72,
1753066800,24937.85,24959.23,24925.39,24929.47,
1753067400,24931.62,24946.3,24909.79,24913.43,
1753068000,24912.81,24933.46,24910.05,24913.42,
1753068600,24915.04,24915.04,24890.06,24899.53,
1753069200,24901.9,24906.26,24887.17,24896.37,
1753069800,24896.15,24901.85,24887.51,24896.64,
1753070400,24895.2,24895.2,24895.2,24895.2,
1753074000,24895.05,24907.12,24874.58,24884.24,
1753074600,24885.22,24893.1,24868.06,24868.06,
1753075200,24871.48,24885.17,24844.8,24876,
1753075800,24875.38,24911.95,24875.38,24911.16,
1753076400,24909.73,24923.49,24902.22,24919.87,
1753077000,24919.8,24944.06,24910.49,24944.06,
1753077600,24941.56,24952.9,24936.69,24945.96,
1753078200,24945.35,24986.19,24945.35,24961.94,
1753078800,24960.45,24986.18,24952.87,24976.47,
1753079400,24977.15,24991.81,24955.68,24970.26,
1753080000,24973.98,24996.49,24969.35,24994.55,
1753080600,24992.49,25001.78,24972.31,24988.33,
1753081200,24986.08,24989.81,24970.32,24971.63,
1753081800,24973.28,24995.39,24967.42,24993.61,
1753082400,24993.68,24998.89,24979.83,24984.63,
1753083000,24985.12,24985.46,24962.46,24980.34,
1753083600,24978.3,24982.35,24962.27,24962.38,
1753084200,24965.85,24966.6,24940.82,24951.53,
1753084800,24952.44,24994.14,24952.44,24994.14,
1753147200,25024.93,25024.93,25024.93,25024.93,
1753147800,25011.5,25120.68,25002.3,25114.13,
1753148400,25113.84,25113.84,25017.46,25044.38,
1753149000,25040.82,25051.88,24965.3,24994.92,
1753149600,24993.61,25019.18,24959.02,24989.67,
1753150200,24986.62,24988.38,24937.18,24941.07,
1753150800,24940.25,24948,24916.78,24929.56,
1753151400,24927.1,24937.02,24900.59,24926.12,
1753152000,24927.68,24961.68,24912,24958.93,
1753152600,24957.22,24985.04,24951.99,24983.86,
1753153200,24982.45,24996.84,24974.15,24977.01,
1753153800,24977.99,24989.42,24958.81,24983.49,
1753154400,24985.87,25002.18,24970.13,24998.43,
1753155000,24999.27,25020.2,24995.11,25014.41,
1753155600,25014.62,25037.49,25008.34,25031.5,
1753156200,25029.42,25068.15,25027.6,25058.68,
1753156800,25057.11,25057.11,25057.11,25057.11,
1753160400,25056.73,25111.01,25048.11,25097.75,
1753161000,25093.9,25094.87,25054.12,25069.07,
1753161600,25068.39,25107.17,25064.67,25081.83,
1753162200,25081.33,25123.64,25066.85,25091.28,
1753162800,25091.85,25104.96,25041.65,25046.14,
1753163400,25045.07,25069.26,25038.97,25052.69,
1753164000,25048.98,25060.22,24987.21,24992.86,
1753164600,24993.02,25076.68,24986.03,25070.66,
1753165200,25072.98,25085.74,25062.37,25082.47,
1753165800,25082.85,25093.2,25045.78,25048.43,
1753166400,25051.2,25088.83,25050.41,25068.22,
1753167000,25067.63,25074.9,25061.3,25067.08,
1753167600,25067.86,25089.86,25057.96,25086.23,
1753168200,25082.67,25099.92,25080.41,25085.93,
1753168800,25089.03,25100.19,25068.6,25079,
1753169400,25078.97,25082.5,25063.71,25069.87,
1753170000,25068.86,25092.37,25066.77,25088.17,
1753170600,25085.58,25094.94,25073.19,25090.07,
1753171200,25093.91,25130.03,25093.91,25130.03,
1753233600,25348.3,25348.3,25348.3,25348.3,
1753234200,25300.1,25302.96,25241.21,25291.05,
1753234800,25295.74,25295.86,25228.01,25283.94,
1753235400,25281.57,25321.75,25268.68,25270.88,
1753236000,25272.63,25297.34,25261.86,25288.47,
1753236600,25285.76,25293.78,25237.17,25249.84,
1753237200,25245.59,25282.26,25235.8,25266.54,
1753237800,25267.61,25285.88,25242.74,25249.74,
1753238400,25250.34,25275.12,25229.74,25274.88,
1753239000,25274.46,25307.56,25265.48,25297.58,
1753239600,25299.94,25344.1,25287.39,25315.1,
1753240200,25317.7,25338.8,25292.58,25294.15,
1753240800,25292.97,25393.14,25291.91,25390.9,
1753241400,25387.9,25403.07,25367.59,25397.81,
1753242000,25399.21,25428.42,25397.24,25408.07,
1753242600,25405.26,25415.6,25387.6,25409.6,
1753243200,25413.48,25413.48,25413.48,25413.48,
1753246800,25421.98,25519.65,25421.98,25456.96,
1753247400,25453.65,25496.45,25425.22,25456.06,
1753248000,25454.97,25512.14,25447.56,25507.73,
1753248600,25510.02,25517.5,25424.29,25425.2,
1753249200,25423.43,25462.78,25385.37,25462.27,
1753249800,25457.81,25481.58,25453.58,25476.27,
1753250400,25476.69,25515.3,25474.77,25506.66,
1753251000,25506.03,25511.21,25416.5,25416.66,
1753251600,25418.45,25434.01,25354.4,25430.38,
1753252200,25433.85,25457.12,25389.49,25389.49,
1753252800,25389.67,25472.08,25384.7,25470.02,
1753253400,25468.64,25487.48,25462.7,25475.74,
1753254000,25474.32,25504.07,25472.65,25486.71,
1753254600,25485.72,25489.46,25442.54,25448.93,
1753255200,25450.01,25459.26,25438.4,25445.75,
1753255800,25442.4,25478.96,25440.66,25465.68,
1753256400,25460.93,25490.79,25458.53,25472.81,
1753257000,25472.66,25508.23,25464.8,25503.7,
1753257600,25505.82,25538.07,25505.82,25538.07,
1753320000,25528.22,25528.22,25528.22,25528.22,
1753320600,25520.53,25625.02,25520.53,25593.01,
1753321200,25592.8,25598.17,25502.49,25517.26,
1753321800,25517.87,25594.93,25511.07,25586.04,
1753322400,25587.11,25616.61,25569.36,25572.76,
1753323000,25578.28,25643.95,25573.72,25642.98,
1753323600,25642.12,25674.5,25609.84,25617.02,
1753324200,25614.55,25677.75,25614.55,25670.24,
1753324800,25672.85,25710.04,25664.58,25707.1,
1753325400,25706.79,25723.43,25686.49,25715.5,
1753326000,25721.16,25735.89,25656.14,25662.72,
1753326600,25668.73,25729.6,25668.73,25724.89,
1753327200,25722.71,25730.98,25661.93,25682.03,
1753327800,25681.1,25688.21,25637.22,25641.93,
1753328400,25643.88,25668.08,25626.78,25659.48,
1753329000,25658.09,25694.37,25655.18,25689.57,
1753329600,25688.87,25688.87,25688.87,25688.87,
1753333200,25688.14,25725.06,25687.78,25697.57,
1753333800,25695.12,25706.45,25671.34,25704.14,
1753334400,25704.22,25731.32,25700.63,25711.02,
1753335000,25712.58,25719.91,25691.88,25699.43,
1753335600,25699.81,25724.06,25622.82,25665.55,
1753336200,25666.8,25669.69,25589.43,25607.75,
1753336800,25614.13,25663.66,25612.17,25625.52,
1753337400,25628.96,25649.76,25619.07,25642.24,
1753338000,25643.52,25691.29,25640.08,25671.34,
1753338600,25671.07,25700.16,25664.46,25691.9,
1753339200,25689.65,25696.2,25672.39,25675.97,
1753339800,25672.9,25701.21,25672.9,25687.99,
1753340400,25690.3,25704.16,25675.6,25701.38,
1753341000,25698,25701.26,25665.74,25670.46,
1753341600,25671.58,25673.92,25649.65,25655,
1753342200,25653.9,25656.58,25637.88,25639.86,
1753342800,25636.87,25662.36,25635.47,25641.2,
1753343400,25642.35,25649.55,25624.9,25637.92,
1753344000,25633.29,25667.18,25633.29,25667.18,
1753406400,25531.59,25531.59,25531.59,25531.59,
1753407000,25526.81,25542.83,25483.67,25531.13,
1753407600,25531.18,25537.09,25496.37,25506.33,
1753408200,25506.69,25585.73,25505.93,25536.36,
1753408800,25540.06,25573.47,25497.2,25505.58,
1753409400,25507.82,25535.16,25478.04,25491.55,
1753410000,25493.02,25493.02,25468.27,25483.81,
1753410600,25483.94,25532.89,25483.94,25511.18,
1753411200,25513.53,25513.53,25463.25,25469.92,
1753411800,25471.07,25471.63,25401.41,25411.27,
1753412400,25409,25418.95,25384.12,25401.15,
1753413000,25402.9,25431.93,25400.31,25413.69,
1753413600,25409.4,25425.36,25396.67,25414.04,
1753414200,25411.16,25411.99,25375.28,25379.48,
1753414800,25379.73,25389.51,25363.88,25381.11,
1753415400,25376.4,25386.75,25370.81,25385.5,
1753416000,25383.07,25383.07,25383.07,25383.07,
1753419600,25375.25,25421.91,25367.58,25421.91,
1753420200,25422.95,25433.63,25416.28,25423.2,
1753420800,25419.58,25467.97,25418.74,25460.76,
1753421400,25458.96,25476.69,25411.64,25424.76,
1753422000,25427.88,25447.05,25398.48,25402.35,
1753422600,25401.3,25438.64,25401.28,25438.42,
1753423200,25439.3,25445.81,25427.1,25440.36,
1753423800,25441.03,25441.19,25400.34,25405.3,
1753424400,25406.4,25410.5,25355.31,25393.54,
1753425000,25395.07,25405.56,25382.7,25387.6,
1753425600,25387.87,25394.92,25367.12,25374.6,
1753426200,25371.51,25388.82,25366.85,25374.22,
1753426800,25370.06,25390.68,25358.31,25386.89,
1753427400,25386.54,25395.92,25373.39,25385.21,
1753428000,25388.7,25403.43,25366.29,25398.2,
1753428600,25396.06,25415.86,25387.89,25392.12,
1753429200,25391.63,25408.19,25385.55,25408.19,
1753429800,25404.69,25414.02,25364.17,25375.73,
1753430400,25377.41,25388.35,25377.41,25388.35,
1753665600,25458.87,25458.87,25458.87,25458.87,
1753666200,25439.25,25465.71,25399.36,25436.48,
1753666800,25437.67,25486.85,25430.64,25478.78,
1753667400,25481.49,25529.37,25481.37,25519.04,
1753668000,25518.75,25565.45,25515.88,25562.69,
1753668600,25563.38,25632.37,25562.79,25625.62,
1753669200,25629.74,25667.4,25596.67,25651.82,
1753669800,25648.84,25660.46,25601.85,25620.95,
1753670400,25619.5,25619.5,25553.57,25557.09,
1753671000,25556.55,25592.7,25539.56,25567.28,
1753671600,25565.01,25583.33,25542.74,25557.05,
1753672200,25554.46,25589.33,25547.23,25547.23,
1753672800,25550.58,25551.53,25476.78,25478.82,
1753673400,25480.01,25490.15,25455.28,25481.89,
1753674000,25480.42,25495.29,25479.53,25487.67,
1753674600,25487.02,25495.9,25476.74,25493.77,
1753675200,25490.45,25490.45,25490.45,25490.45,
1753678800,25484.59,25542.18,25484.59,25493.2,
1753679400,25490.09,25521.34,25489.92,25513.88,
1753680000,25512.52,25521.71,25490.2,25518.14,
1753680600,25514.12,25547.7,25514.12,25543.1,
1753681200,25542.36,25544.77,25490.26,25493.56,
1753681800,25493.5,25520.7,25489.57,25515.79,
1753682400,25513.59,25523.86,25502.71,25510.23,
1753683000,25509.83,25524.58,25493.44,25508.16,
1753683600,25501.77,25509.63,25487.62,25502.55,
1753684200,25503.29,25523.04,25498.66,25519.45,
1753684800,25519.62,25544.33,25511.96,25541.26,
1753685400,25543.09,25572.36,25540.38,25569.91,
1753686000,25573.67,25593.25,25547.81,25549.51,
1753686600,25550.07,25554.63,25528.13,25543.06,
1753687200,25545.49,25568.4,25542.32,25557.72,
1753687800,25558.66,25566.83,25545.97,25551.5,
1753688400,25551.2,25557.86,25538.78,25553.41,
1753689000,25555.78,25562.22,25538.13,25556.53,
1753689600,25556.67,25562.13,25556.67,25562.13,
1753752000,25454.83,25454.83,25454.83,25454.83,
1753752600,25421.78,25463.62,25395.06,25408.23,
1753753200,25409.98,25411.16,25374.65,25380.14,
1753753800,25376.63,25376.63,25261.16,25261.16,
1753754400,25264.48,25338.63,25252.32,25335.93,
1753755000,25332.06,25336.67,25284.92,25287.29,
1753755600,25288.21,25314.25,25262.66,25306.91,
1753756200,25291,25324.23,25272.9,25293.95,
1753756800,25295.02,25301.96,25264.44,25273.31,
1753757400,25260.61,25353,25260.61,25338.85,
1753758000,25337.97,25344.16,25317.63,25328.63,
1753758600,25329.16,25338.97,25322.89,25327.67,
1753759200,25325.27,25339.46,25297.82,25308.33,
1753759800,25307.66,25308.09,25275.3,25283.53,
1753760400,25282.04,25316.59,25275.39,25309.57,
1753761000,25311.01,25322.65,25307.53,25318.31,
1753761600,25319.39,25319.39,25319.39,25319.39,
1753765200,25314.16,25346.96,25290.96,25314.73,
1753765800,25315.12,25318.2,25282.36,25291.67,
1753766400,25290.06,25308.39,25283.27,25308.39,
1753767000,25305.14,25323.35,25291.91,25293.98,
1753767600,25291.67,25306.95,25285.57,25297.24,
1753768200,25298.57,25309.8,25287.28,25296.17,
1753768800,25294.78,25358.84,25293.96,25341.23,
1753769400,25341.29,25366.75,25320.28,25356.29,
1753770000,25359.26,25387.86,25349.97,25378.58,
1753770600,25380.08,25391.64,25364.01,25388.48,
1753771200,25389.82,25403.69,25384.91,25396.83,
1753771800,25398.45,25427.53,25398.45,25422.55,
1753772400,25422.36,25473.11,25415.24,25425.65,
1753773000,25425.6,25457.69,25412.07,25456.59,
1753773600,25456.02,25461.78,25437.3,25444.6,
1753774200,25445.27,25488.44,25442.52,25484.77,
1753774800,25484.48,25519.73,25481.24,25519.59,
1753775400,25519.11,25530.42,25507.27,25520.76,
1753776000,25522.67,25524.45,25522.67,25524.45,
1753838400,25335.21,25335.21,25335.21,25335.21,
1753839000,25309.91,25381.01,25213.4,25364.08,
1753839600,25348.27,25427.25,25337.8,25422.32,
1753840200,25404.19,25433.18,25372.28,25385.93,
1753840800,25366.54,25450.53,25366.54,25436.33,
1753841400,25419.67,25458.18,25401.3,25434.78,
1753842000,25414.91,25429.09,25371.02,25390.79,
1753842600,25375.48,25452.15,25375.48,25435.75,
1753843200,25419.3,25499.57,25419.3,25482.1,
1753843800,25462.24,25489.77,25440.45,25445.33,
1753844400,25429.7,25497.56,25429.7,25469.83,
1753845000,25456.32,25491.39,25412.54,25416.34,
1753845600,25405.12,25466.91,25405.12,25461.52,
1753846200,25445.67,25478.99,25445.67,25451.79,
1753846800,25433.71,25458.45,25420.11,25434.12,
1753847400,25419.15,25444.97,25407.19,25438.21,
1753848000,25414.72,25415.94,25414.72,25415.94,
1753851600,25402.45,25456.79,25352.65,25355.58,
1753852200,25343.66,25369.21,25317.97,25325.62,
1753852800,25310.67,25371.96,25310.67,25357.78,
1753853400,25340.9,25389.05,25340.9,25348.09,
1753854000,25333.66,25349.09,25247.55,25252.32,
1753854600,25239.99,25255.05,25146.36,25178.75,
1753855200,25165.06,25172.41,25082.2,25154.91,
1753855800,25142.12,25251.94,25142.12,25227.93,
1753856400,25211,25248.67,25211,25229.98,
1753857000,25216.64,25260.89,25210.95,25216.29,
1753857600,25200.3,25221.89,25160.87,25166.05,
1753858200,25151.51,25169.29,25130.14,25161.59,
1753858800,25144.85,25235.02,25144.85,25231.35,
1753859400,25217.75,25257.5,25217.75,25231.21,
1753860000,25220.61,25254.67,25213.56,25215.29,
1753860600,25205.82,25241.26,25200.91,25209.05,
1753861200,25196.45,25230.22,25177.29,25201.3,
1753861800,25184.27,25210.94,25158.67,25166.65,
1753862400,25168.28,25176.93,25168.28,25176.93,
1753924800,24982.87,24982.87,24982.87,24982.87,
1753925400,24974.96,24974.96,24867.21,24955.65,
1753926000,24952.68,24967.07,24863.47,24867.66,
1753926600,24866.03,24902.77,24798.63,24827.34,
1753927200,24828.1,24842.02,24778.49,24842.02,
1753927800,24841.35,24860.79,24810.92,24853.77,
1753928400,24856.22,24875.12,24822.41,24841.22,
1753929000,24838.46,24843.82,24813.82,24829.79,
1753929600,24831.9,24918.59,24816.98,24914.39,
1753930200,24914.64,24979.33,24907,24979.33,
1753930800,24985.45,25000.06,24939.48,24959.38,
1753931400,24963.16,24966.21,24916.38,24921.56,
1753932000,24920.04,24920.67,24855.8,24881,
1753932600,24877.54,24890.28,24850.33,24881.66,
1753933200,24881.2,24909.24,24881.2,24905.42,
1753933800,24906.2,24913.27,24899.79,24910.24,
1753934400,24906.39,24906.39,24906.39,24906.39,
1753938000,24907.45,24953.64,24885.31,24893.64,
1753938600,24890.69,24890.69,24846.19,24852.93,
1753939200,24851.48,24857.5,24796.38,24796.38,
1753939800,24796.54,24802.8,24744.92,24748.85,
1753940400,24751.76,24837.26,24747.07,24836.81,
1753941000,24836.03,24865.14,24821.26,24847.17,
1753941600,24847.64,24848.81,24779.51,24784.94,
1753942200,24783.23,24834.42,24783.23,24822.04,
1753942800,24823.96,24824.8,24781.96,24783.49,
1753943400,24784.03,24784.03,24748.22,24753.03,
1753944000,24752.36,24778.29,24748.9,24776.1,
1753944600,24776.74,24806.65,24764.57,24800.67,
1753945200,24799.16,24806.95,24779.29,24785.62,
1753945800,24783.02,24799.67,24770.69,24797.02,
1753946400,24795.92,24805.44,24786.88,24793.95,
1753947000,24793.58,24822.07,24780.89,24806.01,
1753947600,24801.65,24818.67,24794.54,24805.99,
1753948200,24808.52,24816.92,24781.88,24787.42,
1753948800,24788.63,24788.63,24773.33,24773.33,
1754011200,24744.34,24744.34,24744.34,24744.34,
1754011800,24768.8,24856.54,24767.35,24802.43,
1754012400,24801.72,24837.66,24778.57,24808.43,
1754013000,24809.12,24809.12,24693.01,24695.22,
1754013600,24696.3,24791.3,24696.3,24786.04,
1754014200,24786.43,24818.93,24783.33,24805.64,
1754014800,24808.66,24816.74,24773.07,24807.49,
1754015400,24808.7,24808.7,24739.91,24785.17,
1754016000,24791,24791.55,24719.2,24739.07,
1754016600,24737.8,24737.8,24695.51,24714.06,
1754017200,24719.31,24800.67,24719.31,24787.32,
1754017800,24785.8,24812.9,24777.24,24792.88,
1754018400,24795.35,24797.91,24731.22,24736.39,
1754019000,24739.07,24747.73,24715.69,24726.75,
1754019600,24722.79,24762.4,24719.97,24752.12,
1754020200,24753.33,24761.16,24726.28,24727.56,
1754020800,24727.78,24727.78,24727.78,24727.78,
1754024400,24719.63,24727.38,24679.11,24679.11,
1754025000,24683.54,24683.54,24599.74,24633.4,
1754025600,24636.93,24640.7,24563.33,24563.82,
1754026200,24568.19,24625.87,24564.64,24580.9,
1754026800,24586.68,24633.72,24578.18,24628.69,
1754027400,24629.23,24669.47,24612.97,24612.97,
1754028000,24622.11,24643.75,24613.77,24630.23,
1754028600,24633.63,24667.76,24615.47,24666.82,
1754029200,24665.1,24684.77,24648.56,24653.19,
1754029800,24653.93,24657.91,24623.4,24633.96,
1754030400,24637.29,24667.47,24632.73,24667.47,
1754031000,24669.8,24677.79,24641.85,24648.17,
1754031600,24652.44,24655.63,24594.91,24608.99,
1754032200,24609.91,24609.91,24560.67,24560.67,
1754032800,24565.88,24565.88,24526.12,24532.18,
1754033400,24533.38,24580.92,24528.89,24548.63,
1754034000,24547.82,24548.98,24515.51,24518.93,
1754034600,24518.46,24529.35,24507.63,24519.77,
1754035200,24507.81,24507.81,24507.81,24507.81,
1754270400,24431.88,24431.88,24431.88,24431.88,
1754271000,24440.72,24472.98,24372.51,24457.02,
1754271600,24457.64,24520.94,24439.95,24518.5,
1754272200,24520.51,24565.22,24516.56,24564.45,
1754272800,24567.82,24580.95,24518.65,24577.18,
1754273400,24575.57,24602.17,24568.12,24573.13,
1754274000,24577.53,24629.13,24572.44,24584,
1754274600,24585.56,24599.83,24558.75,24575.87,
1754275200,24576.17,24619.91,24568.97,24599.31,
1754275800,24599.25,24607.81,24573.72,24585.22,
1754276400,24584.01,24636.89,24580.57,24630.19,
1754277000,24627.99,24637.86,24604.63,24620.87,
1754277600,24620.43,24638.92,24603.46,24621.05,
1754278200,24626.81,24634.99,24607.6,24613.93,
1754278800,24613.83,24631.93,24609.91,24621.7,
1754279400,24618.51,24633.22,24616.36,24627.1,
1754280000,24627.25,24627.25,24627.25,24627.25,
1754283600,24633.05,24683.36,24631.32,24666.83,
1754284200,24666.94,24666.94,24597.09,24648.71,
1754284800,24650.38,24688.08,24648.44,24668.61,
1754285400,24670.9,24683.19,24636.17,24650.3,
1754286000,24652.62,24654.79,24630.95,24640.2,
1754286600,24639.83,24671.18,24627.66,24633.51,
1754287200,24632.87,24664.13,24624.62,24655.18,
1754287800,24656.87,24702.8,24649.49,24686.79,
1754288400,24688.16,24699.38,24678.35,24694.51,
1754289000,24693.34,24695.55,24679.78,24689.33,
1754289600,24691.81,24711.27,24686.38,24706.3,
1754290200,24705.4,24744.42,24701.67,24740.1,
1754290800,24739.9,24748.76,24704.36,24706.66,
1754291400,24704.51,24719.03,24679.98,24688.83,
1754292000,24691.18,24702.59,24668.2,24701.03,
1754292600,24699.64,24718.42,24696.35,24710.75,
1754293200,24713.13,24732.6,24708.76,24720.14,
1754293800,24718.69,24735.61,24711.1,24733.48,
1754294400,24732.55,24733.45,24732.55,24733.45,
1754356800,24746.81,24746.81,24746.81,24746.81,
1754357400,24765.83,24862.51,24765.83,24792.98,
1754358000,24795.29,24811.15,24740.31,24760.26,
1754358600,24760.31,24791,24706.87,24713.84,
1754359200,24715.3,24721,24686.86,24714.63,
1754359800,24716.26,24733.93,24686.85,24694.87,
1754360400,24696.9,24755.03,24690.44,24737.98,
1754361000,24737.53,24759.04,24706.3,24706.3,
1754361600,24706.84,24726.44,24694.61,24718.99,
1754362200,24717.82,24739.4,24702.6,24739.4,
1754362800,24737.35,24746.74,24722.84,24743.36,
1754363400,24743.86,24753.4,24721.15,24749.54,
1754364000,24751.56,24777.45,24751.56,24767.32,
1754364600,24767.48,24787.1,24761.63,24773.58,
1754365200,24772.66,24812.87,24772.66,24807,
1754365800,24806.93,24808.88,24792.02,24800.01,
1754366400,24799.67,24799.67,24799.67,24799.67,
1754370000,24807.11,24846.5,24803.68,24845.81,
1754370600,24848.96,24880.41,24840.91,24843.26,
1754371200,24842.84,24858.52,24831.3,24842.23,
1754371800,24841.9,24873.52,24832.84,24872.35,
1754372400,24873.61,24893.89,24859.75,24861.92,
1754373000,24863.68,24876.52,24847.37,24862.12,
1754373600,24861.75,24884.9,24857.51,24883,
1754374200,24886.26,24911.67,24880.37,24904.12,
1754374800,24901.33,24921.92,24892.85,24909.46,
1754375400,24911.83,24925.9,24904.27,24920.83,
1754376000,24919.73,24924.26,24900.87,24906.88,
1754376600,24905.68,24905.76,24878.2,24891.15,
1754377200,24889.16,24893.71,24858.89,24888.84,
1754377800,24886.29,24894.29,24866.91,24890.3,
1754378400,24892.07,24898.94,24864.9,24879.4,
1754379000,24878.22,24888.28,24868.17,24878.48,
1754379600,24878,24879.74,24860.32,24869.82,
1754380200,24873.75,24873.75,24846.71,24858.09,
1754380800,24857.17,24902.53,24857.17,24902.53,
1754443200,24864.15,24864.15,24864.15,24864.15,
1754443800,24857.34,24954.65,24851.43,24899.8,
1754444400,24899.94,24924.86,24869.62,24875.87,
1754445000,24876.94,24929.82,24876.54,24915.02,
1754445600,24918.05,24923.99,24840.16,24854.66,
1754446200,24854.72,24870.75,24843.63,24844.68,
1754446800,24844.78,24859.63,24834.93,24836.43,
1754447400,24838.02,24861.93,24832.87,24840.97,
1754448000,24839.41,24847.52,24806.46,24838.39,
1754448600,24841.76,24881.39,24841.01,24881.39,
1754449200,24877.96,24898.74,24876.37,24878.32,
1754449800,24881.3,24910.15,24859.37,24908.89,
1754450400,24907.56,25002.97,24907.56,24988.98,
1754451000,24988.31,24992.99,24944.52,24945.96,
1754451600,24945.2,24953.74,24929.26,24939.08,
1754452200,24937.78,24950.65,24926.39,24950.65,
1754452800,24947.57,24947.57,24947.45,24947.45,
1754456400,24948.54,24961.02,24902.34,24915.59,
1754457000,24912.81,24923.27,24905.08,24917.76,
1754457600,24921.15,24931.69,24885.06,24888.69,
1754458200,24889.44,24917.05,24876.75,24902.54,
1754458800,24902.04,24930.1,24897.98,24922.57,
1754459400,24923.26,24934.22,24915.78,24924.44,
1754460000,24924.96,24946.61,24918.21,24940.74,
1754460600,24939.63,24952.23,24929.77,24947.65,
1754461200,24944.37,24951.5,24912.98,24913,
1754461800,24914.92,24920.47,24893.54,24912.37,
1754462400,24912.39,24927.17,24908.06,24927.17,
1754463000,24927.34,24929.49,24899.46,24908.13,
1754463600,24907.83,24937.06,24907.83,24928.25,
1754464200,24927.62,24965.1,24920.74,24956.55,
1754464800,24958.1,24961.59,24942.44,24953.84,
1754465400,24956.3,24967.97,24950.45,24954.17,
1754466000,24958.57,24968.51,24943.13,24947.43,
1754466600,24946.23,24949.86,24920.43,24930.38,
1754467200,24927.34,24927.34,24910.63,24910.63,
1754529600,24982.5,24982.5,24982.5,24982.5,
1754530200,24981.1,25047.04,24964.92,24997.89,
1754530800,24998.78,25017.87,24986.97,25016.14,
1754531400,25014.02,25023.08,24948.61,24949.68,
1754532000,24946.29,25008.21,24942.1,25004.1,
1754532600,24999.99,25010.85,24928.72,24939.05,
1754533200,24940.43,24944.54,24820.6,24832.64,
1754533800,24837.11,24915.59,24831.64,24902.81,
1754534400,24895.59,24895.59,24854.02,24891.4,
1754535000,24890.18,24918.09,24890.18,24913.09,
1754535600,24908.31,24931.38,24897.55,24915.04,
1754536200,24915.91,24955.73,24910.86,24953.71,
1754536800,24951.84,24987.88,24949.57,24984.77,
1754537400,24983.39,25033.41,24979.93,25016.32,
1754538000,25018.75,25067.47,25017.06,25063.2,
1754538600,25064.01,25067.54,25027.54,25042.45,
1754539200,25041.03,25041.03,25041.03,25041.03,
1754542800,25039.68,25069.64,25038.73,25059.56,
1754543400,25062.04,25070,25016.01,25045.04,
1754544000,25041.95,25066.58,25041.95,25062.03,
1754544600,25056.45,25077.08,25036.77,25054.58,
1754545200,25053.72,25079.32,25031.28,25076.91,
1754545800,25075.72,25077.68,25054.04,25074.89,
1754546400,25070.26,25115.16,25068.82,25084.69,
1754547000,25087.08,25090.45,25051.15,25074.35,
1754547600,25080.12,25111.04,25074.69,25107.35,
1754548200,25106.64,25112.29,25093.64,25102.24,
1754548800,25100.83,25106.98,25078.52,25080.91,
1754549400,25084,25107.11,25079.92,25102.65,
1754550000,25105.04,25105.04,25060.47,25060.55,
1754550600,25061.64,25083.66,25049.77,25077.09,
1754551200,25076.5,25082.55,25047.48,25060.26,
1754551800,25062.53,25072.14,25052.03,25054.59,
1754552400,25058.29,25064.42,25045.82,25052.36,
1754553000,25056.29,25056.29,25036.01,25046.42,
1754553600,25054.62,25081.63,25054.62,25081.63,
1754616000,24968.31,24968.31,24968.31,24968.31,
1754616600,24950.91,24994.94,24926.95,24936.13,
1754617200,24937.9,24939.12,24880.5,24912.77,
1754617800,24916.85,24936.8,24875.9,24892.35,
1754618400,24892.44,24956.62,24890.09,24956.04,
1754619000,24960.49,24999.11,24946.87,24983.31,
1754619600,24983.97,24989.08,24931.06,24950.13,
1754620200,24949.43,24971.99,24933.8,24963.78,
1754620800,24964.71,24972.39,24942.95,24962.44,
1754621400,24965.56,24987.58,24955.9,24960.62,
1754622000,24962.84,24962.84,24910.46,24911.04,
1754622600,24914.58,24924.52,24897.42,24921.44,
1754623200,24925.21,24931.87,24906.48,24908.14,
1754623800,24909.73,24921.21,24905.64,24913.2,
1754624400,24913.9,24923.34,24908.31,24910.55,
1754625000,24915.15,24918.61,24905.52,24918.1,
1754625600,24916.15,24916.15,24916.15,24916.15,
1754629200,24910.58,24918.16,24889.4,24910.59,
1754629800,24911.8,24916.37,24877.64,24883.36,
1754630400,24886.19,24900.2,24844.48,24851.48,
1754631000,24856.38,24886.1,24854.73,24870.84,
1754631600,24876.02,24876.35,24827.63,24843.66,
1754632200,24847.89,24851.51,24812.12,24812.55,
1754632800,24817.26,24858.32,24812.47,24850.71,
1754633400,24856.29,24861.37,24839.39,24852.67,
1754634000,24853.92,24853.92,24830.33,24853.66,
1754634600,24855.56,24870.19,24845.15,24849.69,
1754635200,24854.55,24869.77,24850.54,24856.45,
1754635800,24861.1,24861.82,24820.7,24831.02,
1754636400,24830.07,24860.57,24825.26,24843.73,
1754637000,24845.13,24855.23,24826.59,24850.68,
1754637600,24851.31,24865.81,24838.89,24851.92,
1754638200,24850.98,24870.94,24846.06,24849.17,
1754638800,24852.39,24865.63,24844.61,24844.61,
1754639400,24853.12,24858.73,24831.45,24842.65,
1754640000,24844.99,24858.82,24844.99,24858.82,
1754875200,24946.55,24946.55,24946.55,24946.55,
1754875800,24932.45,24969.3,24845.68,24885.35,
1754876400,24884.21,24909.24,24829.61,24867.33,
1754877000,24864.89,24930.06,24863.57,24866.02,
1754877600,24863.66,24890.59,24823.69,24826.58,
1754878200,24828.63,24830.76,24775.73,24781.11,
1754878800,24780.19,24836.21,24779.43,24830.17,
1754879400,24829.25,24857.61,24810.13,24840.94,
1754880000,24842.3,24874.24,24836.1,24841.65,
1754880600,24844.52,24892.76,24837.62,24890.83,
1754881200,24895.77,24925.56,24876,24879.05,
1754881800,24876.83,24917.95,24875.55,24913.27,
1754882400,24914.29,24940.76,24909.41,24932.32,
1754883000,24932.99,24933.87,24906.15,24915.17,
1754883600,24915.7,24918.53,24897.92,24907.84,
1754884200,24906.92,24913.97,24901.59,24906.42,
1754884800,24906.74,24906.9,24906.74,24906.9,
1754888400,24903.51,24927.23,24865.15,24927.23,
1754889000,24927.36,24932.71,24866.2,24867.52,
1754889600,24866.96,24890.61,24865.31,24882.09,
1754890200,24877.9,24888.59,24861.52,24887.38,
1754890800,24885.39,24904.49,24877.56,24893.87,
1754891400,24895.94,24905.2,24885.24,24897.68,
1754892000,24894.74,24928.99,24875.25,24881.37,
1754892600,24879.63,24888.98,24866.1,24874.45,
1754893200,24876.71,24892.31,24870.94,24880.93,
1754893800,24881.07,24888.41,24858.12,24861.59,
1754894400,24864.27,24875.03,24852.24,24868.46,
1754895000,24868.03,24883.52,24867.11,24875.19,
1754895600,24876.69,24880.37,24854.29,24871.78,
1754896200,24872.29,24883.65,24865.96,24880.25,
1754896800,24877.27,24879.62,24859.66,24866.17,
1754897400,24868.09,24876.96,24852.71,24867.75,
1754898000,24867.66,24890.04,24866.49,24887.11,
1754898600,24885.24,24895.12,24873.02,24887.77,
1754899200,24887.78,24906.81,24887.78,24906.81,
1754961600,24824.07,24824.07,24824.07,24824.07,
1754962200,24837.6,24887.97,24837.6,24870.35,
1754962800,24874.85,24912.26,24853.11,24905.38,
1754963400,24904.39,24905.07,24862.64,24883.38,
1754964000,24881.85,24904.35,24862.12,24890.38,
1754964600,24891.32,24925.42,24882.47,24922.55,
1754965200,24925.09,24942.3,24895.32,24896.21,
1754965800,24897.75,24922.54,24885.49,24896.86,
1754966400,24897.9,24897.9,24854.43,24854.71,
1754967000,24857.06,24860.01,24801.13,24819.01,
1754967600,24821.27,24879.93,24821.27,24869.47,
1754968200,24870.39,24918.71,24865.69,24907.57,
1754968800,24905.59,24916.89,24890.97,24914.18,
1754969400,24915.5,24926.29,24904.09,24926.29,
1754970000,24923.37,24939.79,24923.37,24932.33,
1754970600,24933.61,24936.51,24918.47,24928.3,
1754971200,24929.34,24929.34,24929.34,24929.34,
1754974800,24937.42,24953.96,24865.64,24898.19,
1754975400,24897.47,24932.69,24897.47,24925.39,
1754976000,24922.86,24949.02,24897.76,24903.79,
1754976600,24901.86,24916.98,24888.29,24893.14,
1754977200,24897.66,24910.73,24885,24891.17,
1754977800,24890.21,24893.73,24870.67,24887.41,
1754978400,24888.47,24915.25,24886.05,24889.05,
1754979000,24892.45,24893.26,24865.73,24868.71,
1754979600,24867.35,24905.48,24867.35,24900.94,
1754980200,24902.69,24920.27,24895.43,24916.91,
1754980800,24916.61,24935.01,24914.24,24928.2,
1754981400,24929.95,24939.37,24922.58,24936.59,
1754982000,24935.36,24993.89,24933.17,24979.67,
1754982600,24978.02,25011.27,24975.98,25003.05,
1754983200,25000.62,25016.29,24991.54,24997.83,
1754983800,25000.79,25001.67,24950.29,24961.72,
1754984400,24962.63,24986.27,24961.64,24978.6,
1754985000,24978.08,24992.92,24967.54,24986.97,
1754985600,24987.13,24987.13,24969.68,24969.68,
1755048000,25176.52,25176.52,25176.52,25176.52,
1755048600,25188.12,25257.17,25188.12,25220.86,
1755049200,25221.49,25239.21,25200.3,25202.58,
1755049800,25205.15,25236.68,25192.98,25219.21,
1755050400,25220.11,25265.13,25199.18,25212.07,
1755051000,25213,25239.74,25188.35,25230.58,
1755051600,25230.54,25289.45,25230.54,25287.03,
1755052200,25288.08,25338.39,25286.31,25334.78,
1755052800,25334.44,25344.56,25310.2,25330.9,
1755053400,25330.91,25345.15,25314.12,25345.15,
1755054000,25344.97,25379.42,25338.25,25372,
1755054600,25373.28,25434.83,25373.28,25430.51,
1755055200,25431.89,25434.92,25408.79,25424.29,
1755055800,25424.2,25443.86,25417.04,25424.96,
1755056400,25427.23,25427.23,25410.1,25413.7,
1755057000,25413.58,25451,25410.69,25444.04,
1755057600,25439.91,25439.91,25439.91,25439.91,
1755061200,25433.37,25466.62,25422.69,25449.99,
1755061800,25447.35,25473.29,25438.78,25453.75,
1755062400,25452.45,25455.25,25420.06,25441.27,
1755063000,25444.25,25471.38,25440.25,25466.64,
1755063600,25466.46,25481.19,25453.11,25466.7,
1755064200,25465.84,25484.62,25458.84,25480.3,
1755064800,25481.49,25519.09,25481.49,25511.52,
1755065400,25512.42,25537.77,25509.4,25534.18,
1755066000,25533.59,25535.71,25471.47,25475.41,
1755066600,25475.94,25553.06,25474.45,25546.47,
1755067200,25547.86,25568.13,25538.78,25559.55,
1755067800,25558.98,25565.53,25537.36,25544.49,
1755068400,25543.12,25569.15,25538.54,25541.52,
1755069000,25542.7,25567.95,25528.03,25564.92,
1755069600,25567.15,25594.96,25561.35,25579.74,
1755070200,25581.32,25606.47,25575.92,25592.06,
1755070800,25596.55,25608.6,25589.01,25591.37,
1755071400,25591.73,25601.79,25583.52,25592.61,
1755072000,25596.9,25613.67,25596.9,25613.67,
1755134400,25766.62,25766.62,25766.62,25766.62,
1755135000,25725.75,25764.56,25668.22,25707.54,
1755135600,25712.35,25722.63,25651.09,25702.39,
1755136200,25701.4,25710.22,25651.62,25680.64,
1755136800,25678.83,25731.6,25668.49,25721.42,
1755137400,25721.14,25739.87,25692.84,25710.25,
1755138000,25710.36,25725.35,25699.82,25711.14,
1755138600,25713.79,25733.77,25656.43,25667.15,
1755139200,25665.82,25680.05,25628.95,25638.36,
1755139800,25637.44,25683.64,25637.12,25669.17,
1755140400,25670.53,25707.78,25661.56,25665.65,
1755141000,25666.91,25681.86,25620.42,25628.46,
1755141600,25628.23,25636.09,25589.79,25594.83,
1755142200,25590.85,25592.7,25553.27,25587.76,
1755142800,25586.23,25595,25573.34,25594.17,
1755143400,25592.44,25602.41,25579.67,25599.52,
1755144000,25597.85,25597.85,25597.85,25597.85,
1755147600,25603.37,25607.66,25541.96,25544.66,
1755148200,25542.7,25551.13,25505.24,25508.86,
1755148800,25514.25,25520.05,25449.8,25506.06,
1755149400,25506.73,25537.65,25498.25,25533.33,
1755150000,25528.68,25536.8,25490.09,25511.5,
1755150600,25507.67,25516.6,25494.82,25506.97,
1755151200,25508.73,25555.01,25507.23,25533.1,
1755151800,25532.99,25543.33,25507.41,25516.1,
1755152400,25519.73,25549.71,25510.21,25545.79,
1755153000,25544.7,25551.07,25510.78,25521.25,
1755153600,25521.59,25530.35,25498.75,25504.18,
1755154200,25507.45,25513.11,25479.26,25489.76,
1755154800,25491.59,25512.69,25489.36,25505.72,
1755155400,25505.2,25595.38,25504.66,25557.54,
1755156000,25556.71,25565.9,25518.87,25534.41,
1755156600,25534.72,25540.8,25514.69,25533.22,
1755157200,25533.56,25546.07,25520.08,25520.08,
1755157800,25523.51,25529.95,25507.71,25526.17,
1755158400,25523.62,25523.62,25519.32,25519.32,
1755220800,25322.1,25322.1,25322.1,25322.1,
1755221400,25301.11,25301.11,25233.69,25267.19,
1755222000,25270,25327.88,25267.47,25325.28,
1755222600,25324.92,25346.79,25303.48,25329.44,
1755223200,25328.86,25356.54,25289.82,25313,
1755223800,25314.11,25340.68,25266.07,25269.01,
1755224400,25268.29,25271.18,25188.76,25193.98,
1755225000,25188.98,25226.51,25185.44,25218.52,
1755225600,25217.39,25225.96,25186.32,25205.55,
1755226200,25202.16,25204.67,25169.96,25182.66,
1755226800,25183.68,25205.57,25180.12,25182.73,
1755227400,25180.56,25209.8,25167.81,25205.79,
1755228000,25200.51,25249.63,25185.55,25247.87,
1755228600,25245.67,25255.47,25220.31,25230.84,
1755229200,25231.58,25238.27,25216.28,25220.84,
1755229800,25217.01,25226.09,25210.52,25215.15,
1755230400,25215.1,25215.1,25215.1,25215.1,
1755234000,25217.96,25231.63,25199.05,25206.37,
1755234600,25203.91,25240.62,25201.67,25230.67,
1755235200,25231.57,25244.51,25213.01,25232.67,
1755235800,25231.86,25260.95,25209.11,25225.66,
1755236400,25232.14,25301.28,25230.47,25291.95,
1755237000,25289.65,25294.15,25252.36,25276.12,
1755237600,25279.13,25283.45,25233.86,25250.54,
1755238200,25249.51,25264.88,25240.69,25246.69,
1755238800,25246.77,25259.06,25200.65,25217.93,
1755239400,25217.55,25251.71,25216.95,25238.94,
1755240000,25237.44,25258.6,25232.82,25252.29,
1755240600,25250.75,25267.17,25245.07,25262.58,
1755241200,25262.67,25286.75,25252.09,25272.36,
1755241800,25271.24,25272.31,25244.03,25251.55,
1755242400,25249.48,25269.56,25241.74,25264.07,
1755243000,25267.03,25278.44,25251.67,25263.66,
1755243600,25259.45,25281.42,25250.71,25276.28,
1755244200,25276.29,25291.12,25266.75,25286.59,
1755244800,25285.19,25285.19,25270.07,25270.07,
1755480000,25293.34,25293.34,25293.34,25293.34,
1755480600,25328.22,25366.99,25277.62,25293.44,
1755481200,25291.16,25386.06,25278.71,25360.29,
1755481800,25362.09,25392.68,25324.82,25343.41,
1755482400,25342.47,25352.81,25312.91,25348.02,
1755483000,25350.99,25375.74,25314.52,25338.27,
1755483600,25337.06,25345.07,25320.78,25322.32,
1755484200,25321.54,25331.93,25285.87,25312.86,
1755484800,25314.28,25324.32,25246.19,25257.94,
1755485400,25258.03,25274.52,25242.11,25267,
1755486000,25267.65,25288.92,25247.62,25276.15,
1755486600,25278.5,25320.48,25274.76,25318.35,
1755487200,25321.11,25379.58,25293.18,25375.87,
1755487800,25379.16,25425.13,25361.21,25416.28,
1755488400,25417.87,25426.16,25399.5,25413.83,
1755489000,25413.69,25430.3,25410.66,25426.4,
1755489600,25426.53,25426.53,25426.53,25426.53,
1755493200,25433.2,25466.1,25424.95,25438.37,
1755493800,25436.54,25447.48,25394.16,25409.66,
1755494400,25412.01,25421.93,25370.13,25393.07,
1755495000,25397.7,25415.63,25369.91,25371.69,
1755495600,25371.96,25397.37,25371.96,25384.17,
1755496200,25384.63,25394,25337.98,25347.33,
1755496800,25348.71,25379.31,25322.33,25326.55,
1755497400,25326.63,25334.86,25300.54,25308.52,
1755498000,25305.73,25337.3,25292.42,25305.79,
1755498600,25307.44,25337.88,25304.88,25326.31,
1755499200,25326.67,25330.72,25292.39,25296.78,
1755499800,25294.58,25305.35,25282.24,25293.6,
1755500400,25294.36,25298.33,25253.84,25263.89,
1755501000,25262.56,25273.2,25237.66,25270.54,
1755501600,25267.77,25281.31,25256.89,25259.14,
1755502200,25259.11,25282.49,25258.04,25276.21,
1755502800,25272.98,25284.59,25267.44,25275.7,
1755503400,25277.82,25277.82,25230.38,25232.55,
1755504000,25233.94,25233.94,25176.85,25176.85,
1755566400,25241.29,25241.29,25241.29,25241.29,
1755567000,25250.09,25250.09,25172.1,25179.88,
1755567600,25177.63,25177.63,25096.14,25098.96,
1755568200,25095.55,25153.44,25090.71,25134.97,
1755568800,25131.85,25150.65,25083.62,25144.51,
1755569400,25143.67,25188.78,25135.91,25147.98,
1755570000,25147.58,25197.79,25147.58,25185.26,
1755570600,25181.11,25210.86,25180.02,25192.58,
1755571200,25190.95,25213.33,25157.25,25157.83,
1755571800,25158.64,25166.22,25132.96,25137.95,
1755572400,25137.86,25188.52,25137.86,25180.82,
1755573000,25180.06,25206.15,25169.27,25169.27,
1755573600,25170.03,25191.98,25162.76,25169.83,
1755574200,25168.51,25193.18,25168.51,25193.16,
1755574800,25192.72,25214.35,25185.79,25187.25,
1755575400,25189.18,25226.04,25189.18,25226.04,
1755576000,25224.97,25224.97,25224.97,25224.97,
1755579600,25231.78,25256.67,25212.08,25253.58,
1755580200,25256.9,25260.58,25207.09,25224.66,
1755580800,25218.96,25234.81,25199.94,25218.3,
1755581400,25219.58,25226.86,25176.57,25190.93,
1755582000,25191.67,25199.49,25163.66,25170.07,
1755582600,25165.15,25168.9,25100.35,25112.43,
1755583200,25110.15,25154.42,25100.1,25137.43,
1755583800,25135.59,25139.99,25114.59,25123.54,
1755584400,25124.28,25127.31,25083.2,25097.2,
1755585000,25098.76,25118.47,25095.46,25111.32,
1755585600,25110.74,25120.75,25100.94,25104.75,
1755586200,25103.39,25125.78,25089.38,25125.78,
1755586800,25125.85,25137.45,25111.66,25114.43,
1755587400,25112.47,25118.25,25083.45,25095.03,
1755588000,25095.96,25132.16,25091.37,25122.87,
1755588600,25124.01,25138.17,25120.34,25135.89,
1755589200,25135.71,25170.31,25130.24,25158.55,
1755589800,25157.89,25174.25,25148.62,25166.52,
1755590400,25166.33,25166.33,25122.9,25122.9,
1755652800,24968.57,24968.57,24968.57,24968.57,
1755653400,24967.27,24967.27,24887.93,24927.61,
1755654000,24927.41,25011.66,24926.82,24998.04,
1755654600,24997.73,25051.13,24997.73,25041.9,
1755655200,25040,25049.59,24989.87,25003.77,
1755655800,25007.92,25031.72,24997.66,25013.95,
1755656400,25012.57,25052.26,25004.4,25050.17,
1755657000,25051.2,25095.28,25049.57,25077.61,
1755657600,25078.45,25079.75,25042.18,25058.08,
1755658200,25059.01,25059.01,25006.8,25020.79,
1755658800,25018.34,25079.57,25010.5,25057.14,
1755659400,25057.73,25063.29,25014.38,25015.91,
1755660000,25016,25031.57,24973.72,25006.89,
1755660600,25008.24,25022.44,24999.58,25007.18,
1755661200,25005.66,25014.82,24969.52,24978.53,
1755661800,24980.39,24992.88,24975.91,24980.29,
1755662400,24980.2,24980.2,24980.2,24980.2,
1755666000,24990.02,24992.16,24959.4,24972.89,
1755666600,24972.5,24991.2,24965.53,24979.07,
1755667200,24979.18,25008.02,24974.63,24999.47,
1755667800,25004.22,25047.95,24999.46,25042.73,
1755668400,25046.39,25068.46,25025.88,25066.16,
1755669000,25062.42,25083.47,25056.78,25083.22,
1755669600,25083.78,25123.85,25080.19,25105.82,
1755670200,25105.8,25132.84,25101.1,25124.45,
1755670800,25122.92,25133.45,25093.23,25118.2,
1755671400,25118.71,25128.7,25095.78,25123.35,
1755672000,25121.99,25181.56,25111.63,25181.05,
1755672600,25181.59,25197.44,25171.49,25193.56,
1755673200,25188.17,25210.9,25178.55,25184.1,
1755673800,25178.05,25196.48,25166.67,25189.06,
1755674400,25187.54,25205.52,25177.19,25177.5,
1755675000,25182.89,25205.53,25170.22,25174.77,
1755675600,25178.03,25185.77,25150.83,25163.12,
1755676200,25162.72,25176.6,25155.31,25176.42,
1755676800,25175.36,25175.36,25165.94,25165.94,
1755739200,25216.42,25216.42,25216.42,25216.42,
1755739800,25199.27,25212.07,25147.08,25187.63,
1755740400,25193.94,25215.17,25144.26,25165.42,
1755741000,25168.08,25176.08,25112.35,25122.72,
1755741600,25121.65,25186.12,25117.15,25184,
1755742200,25182.31,25192.01,25155.23,25176.4,
1755742800,25174.26,25212.27,25174.26,25198.07,
1755743400,25196.77,25213.71,25184.9,25184.9,
1755744000,25186.31,25214.3,25176.31,25182,
1755744600,25180.08,25198.88,25154.36,25157.19,
1755745200,25159.34,25181.14,25137.73,25148.92,
1755745800,25149.23,25163.73,25117.69,25121.06,
1755746400,25119.15,25146.48,25092.3,25124.39,
1755747000,25122.53,25145.44,25119.86,25136.66,
1755747600,25137.22,25145.72,25128.79,25136.5,
1755748200,25137.02,25144.46,25125.77,25142.92,
1755748800,25140.96,25140.96,25140.96,25140.96,
1755752400,25141.03,25143.93,25111.43,25116.34,
1755753000,25115.65,25143.46,25100.42,25142.82,
1755753600,25138.13,25151.13,25127.82,25134.83,
1755754200,25133.38,25142.81,25122.8,25128.11,
1755754800,25128.39,25152.39,25115.48,25132.81,
1755755400,25134.99,25142.23,25115.23,25137.17,
1755756000,25141.34,25143.88,25093.36,25104.76,
1755756600,25102.87,25108.52,25086.42,25090.86,
1755757200,25089.9,25091.81,25000.85,25036.07,
1755757800,25034.63,25057.36,25004.5,25009.64,
1755758400,25010.96,25031.68,25007.71,25021.73,
1755759000,25025.25,25068.71,25019.69,25058.81,
1755759600,25062.36,25097.44,25056.87,25089.98,
1755760200,25091.06,25091.06,25058.55,25068,
1755760800,25067.92,25080.6,25060.65,25070.76,
1755761400,25070.54,25102.37,25067.85,25097.29,
1755762000,25098.43,25121.45,25092.69,25106.39,
1755762600,25107.51,25119.33,25100.17,25117.55,
1755763200,25116.51,25116.51,25104.61,25104.61,
1755825600,25205.04,25205.04,25205.04,25205.04,
1755826200,25201.61,25236.77,25181.54,25209.53,
1755826800,25212.06,25287.03,25198.43,25272.69,
1755827400,25275.52,25276.02,25192.98,25209.71,
1755828000,25218.39,25222.53,25152.1,25156.43,
1755828600,25159.51,25211.29,25140.08,25211.29,
1755829200,25210.43,25218.24,25167.88,25183.56,
1755829800,25182.55,25209.12,25158.02,25185.16,
1755830400,25187.95,25203.14,25180.59,25187.89,
1755831000,25189.16,25242.6,25183.98,25224.87,
1755831600,25223.72,25223.84,25166.19,25218.53,
1755832200,25220.49,25229.58,25186.58,25186.88,
1755832800,25187.76,25193.48,25153.49,25182.41,
1755833400,25187.97,25210.85,25187.97,25191.72,
1755834000,25192.87,25200.98,25176.13,25182.5,
1755834600,25183.22,25195.65,25179.38,25183.2,
1755835200,25184.66,25184.66,25184.66,25184.66,
1755838800,25182.82,25207.6,25158.1,25196.59,
1755839400,25196.44,25216.4,25167.3,25167.78,
1755840000,25171.42,25195.93,25150.75,25193.93,
1755840600,25194.32,25202.49,25178.8,25202.49,
1755841200,25199.67,25222.46,25193.52,25200.78,
1755841800,25202.19,25221.11,25189.25,25208.91,
1755842400,25209.97,25244.04,25209.97,25231.42,
1755843000,25231.77,25233.54,25211.89,25225.89,
1755843600,25228.79,25251.37,25215.02,25249.9,
1755844200,25249.32,25254.99,25228.4,25235.22,
1755844800,25234.66,25234.8,25209.09,25224.34,
1755845400,25223.18,25232.79,25209.59,25217.01,
1755846000,25218.86,25263.8,25215.78,25232.36,
1755846600,25229.02,25273.89,25227.86,25265.71,
1755847200,25267.65,25312.54,25262.91,25296.83,
1755847800,25295.4,25349.08,25295.4,25341.06,
1755848400,25337.93,25347.42,25313.9,25315.65,
1755849000,25314.62,25327.27,25310.07,25315.93,
1755849600,25316.67,25339.14,25316.67,25339.14,
1756084800,25606.88,25606.88,25606.88,25606.88,
1756085400,25661.26,25703.88,25600.93,25659.66,
1756086000,25660.96,25671.34,25590.62,25639.38,
1756086600,25638.37,25682.77,25638.37,25662.76,
1756087200,25659.78,25725.78,25651.23,25725.78,
1756087800,25724.59,25842.78,25724.59,25842.78,
1756088400,25837.37,25862.08,25825.65,25840.22,
1756089000,25846.25,25846.25,25792.39,25813.32,
1756089600,25810.43,25874.56,25806.15,25874.04,
1756090200,25870.92,25918.07,25869.95,25894.39,
1756090800,25891.62,25918.86,25851.56,25858.66,
1756091400,25858.79,25877.78,25808.27,25815.77,
1756092000,25811.03,25868.66,25782.27,25867.65,
1756092600,25866.72,25882.76,25844.28,25848.35,
1756093200,25847.45,25867.12,25842.91,25854.52,
1756093800,25859.88,25883.35,25859.88,25870.9,
1756094400,25866.49,25866.49,25866.49,25866.49,
1756098000,25865.8,25869.35,25783.51,25837.16,
1756098600,25836.76,25856.53,25778.66,25788.93,
1756099200,25789.86,25817.26,25751.76,25764.33,
1756099800,25765,25792.62,25743.86,25747.18,
1756100400,25751.16,25812.28,25739.86,25809.61,
1756101000,25810.78,25847.95,25807.25,25837.65,
1756101600,25837.67,25848.63,25819.85,25838.89,
1756102200,25838.61,25866.91,25833.82,25864.22,
1756102800,25863.06,25890.34,25849.38,25886.75,
1756103400,25886.76,25903.87,25871.05,25881.04,
1756104000,25881.76,25891.51,25853.09,25855.11,
1756104600,25857.4,25901.98,25853.38,25901.66,
1756105200,25897.49,25908.22,25847.62,25857.46,
1756105800,25856.1,25858.27,25815.33,25830.23,
1756106400,25829.78,25845.1,25820.76,25825.75,
1756107000,25826.24,25842.46,25806.81,25815.65,
1756107600,25816.82,25821.59,25797.42,25802.19,
1756108200,25804.46,25813.79,25785.15,25807.64,
1756108800,25807.45,25829.91,25807.45,25829.91,
1756171200,25714.91,25714.91,25714.91,25714.91,
1756171800,25685.68,25713.63,25670.98,25704,
1756172400,25700.61,25746.16,25692.06,25707.55,
1756173000,25704.94,25737.81,25700.64,25721.69,
1756173600,25719.97,25780.99,25719.97,25773.17,
1756174200,25777.35,25794.11,25741.1,25766.19,
1756174800,25766.07,25766.07,25725.07,25748.81,
1756175400,25748.37,25755.02,25715.52,25729.38,
1756176000,25727.29,25767.51,25726.02,25761.77,
1756176600,25763.59,25781.67,25751.99,25769.6,
1756177200,25767.39,25773.01,25748.33,25763.76,
1756177800,25763.68,25808.28,25747.05,25797.71,
1756178400,25799.55,25819.7,25785,25803.05,
1756179000,25803.14,25803.65,25775.71,25790.1,
1756179600,25790.19,25804.55,25766.69,25770.9,
1756180200,25770.27,25779.06,25762.76,25770.07,
1756180800,25773.56,25773.56,25773.56,25773.56,
1756184400,25779.8,25803.72,25773.1,25797.17,
1756185000,25795.83,25808.35,25767.39,25767.39,
1756185600,25770.65,25786.26,25755.26,25774.07,
1756186200,25769.14,25780.13,25759.55,25764.29,
1756186800,25762.65,25786.75,25758.23,25784.12,
1756187400,25780.86,25804.27,25777.96,25782.88,
1756188000,25781.46,25793.61,25752.26,25757.42,
1756188600,25755.83,25758.83,25726.73,25726.73,
1756189200,25726.53,25729.29,25685.82,25700.8,
1756189800,25701.85,25708.88,25685.77,25698.87,
1756190400,25697.86,25700.24,25646.98,25652.08,
1756191000,25647.68,25663.66,25614.55,25624.89,
1756191600,25621.8,25632.38,25597.9,25599.5,
1756192200,25600.8,25605.03,25542.18,25551.59,
1756192800,25557.24,25580.85,25539.63,25566.38,
1756193400,25569.46,25595.99,25560.74,25563.36,
1756194000,25561.67,25568.58,25546.82,25548.46,
1756194600,25554.99,25563.49,25525.33,25539.56,
1756195200,25531.72,25531.72,25524.92,25524.92,
1756257600,25626.17,25626.17,25626.17,25626.17,
1756258200,25621.52,25653.92,25587.14,25621.86,
1756258800,25623.02,25635.54,25585.43,25635.54,
1756259400,25636.48,25640.53,25564.45,25591.69,
1756260000,25590.89,25616.14,25573.25,25610.96,
1756260600,25612.24,25614.64,25582.16,25589.44,
1756261200,25590.67,25608.9,25579.72,25582.61,
1756261800,25581.75,25592.22,25510.53,25544.74,
1756262400,25543.81,25543.81,25480.94,25497.62,
1756263000,25501.06,25542.21,25485.21,25537.57,
1756263600,25537.84,25584.44,25530.14,25545.52,
1756264200,25547.44,25569.51,25521.4,25542.25,
1756264800,25539.55,25539.55,25486.15,25534.55,
1756265400,25529.5,25548.57,25525.76,25525.76,
1756266000,25528.32,25534.75,25517,25531.84,
1756266600,25531.95,25549.07,25520.9,25543.67,
1756267200,25541.43,25541.43,25541.43,25541.43,
1756270800,25539.37,25553.68,25452.12,25452.12,
1756271400,25456.58,25456.58,25428.42,25443.97,
1756272000,25441.9,25462.88,25419.04,25421.63,
1756272600,25423.5,25442.97,25397.88,25404.17,
1756273200,25399.59,25424.98,25374.36,25386.72,
1756273800,25388.01,25416.43,25300.76,25339.25,
1756274400,25337.18,25377.4,25337.18,25351.91,
1756275000,25356.05,25359.26,25295.05,25296.86,
1756275600,25299.48,25300.86,25192.67,25194.66,
1756276200,25192.11,25264.04,25178.79,25222.86,
1756276800,25222.49,25232.71,25187.96,25223.42,
1756277400,25221.79,25221.79,25140.17,25185.5,
1756278000,25188.07,25240.51,25188.07,25208.04,
1756278600,25209.2,25224.49,25191.21,25202.78,
1756279200,25205.31,25207.86,25151.98,25191.85,
1756279800,25193.88,25222.91,25184.54,25197.2,
1756280400,25193.27,25202.45,25176.71,25189.63,
1756281000,25186.44,25198.13,25178.11,25187.99,
1756281600,25188.27,25201.76,25188.27,25201.76,
1756344000,25030.54,25030.54,25030.54,25030.54,
1756344600,25031.32,25055.68,24937.85,24944,
1756345200,24953.05,25025.4,24902.51,25022.2,
1756345800,25029.45,25029.45,24929.18,24942.44,
1756346400,24950.72,24974.77,24914.06,24941.49,
1756347000,24954.09,24976.31,24920.11,24935.76,
1756347600,24951.49,25019.23,24918.34,25016.87,
1756348200,25023.21,25057.27,25015.79,25026.03,
1756348800,25036.01,25062.21,25025.87,25055.61,
1756349400,25067.71,25067.71,25004.55,25040.07,
1756350000,25048.46,25065.98,25020.77,25063.19,
1756350600,25074.59,25093.65,25025.82,25048.57,
1756351200,25055.34,25055.34,24980.96,25013.21,
1756351800,25025.99,25039.4,25008.7,25021.13,
1756352400,25029.49,25040.31,25012.15,25028.17,
1756353000,25037.15,25037.15,25007.01,25018.39,
1756353600,25035.78,25035.78,25035.78,25035.78,
1756357200,25028.72,25028.72,24971.65,25005.01,
1756357800,25019.25,25019.25,24937,24940.05,
1756358400,24957.15,24957.15,24846.74,24854.19,
1756359000,24868.03,24898.67,24808.78,24894.15,
1756359600,24901.16,24926.9,24864.97,24923,
1756360200,24931.25,24931.38,24886.73,24917.14,
1756360800,24932.19,24962.21,24921.94,24948.56,
1756361400,24957.06,24994.81,24936.56,24983.06,
1756362000,24986.78,24986.78,24932.78,24950,
1756362600,24960.2,24980.09,24937.94,24968.03,
1756363200,24975.43,25022.77,24965.34,25022.15,
1756363800,25028.52,25059.48,25012.29,25040.46,
1756364400,25046.7,25088.26,25005.55,25062.65,
1756365000,25074.09,25078.84,25037.64,25052.06,
1756365600,25057.91,25057.91,25012.11,25019.84,
1756366200,25028.7,25028.7,25005.43,25028.6,
1756366800,25033.49,25033.49,24980.32,24996.54,
1756367400,25001.45,25018.74,24986.98,25016.82,
1756368000,25016.88,25016.88,24998.82,24998.82,
1756430400,25095.45,25095.45,25095.45,25095.45,
1756431000,25095.58,25147.69,25066.85,25121.75,
1756431600,25122.72,25136.11,25085.11,25122.99,
1756432200,25122.77,25131.05,25085.92,25115.13,
1756432800,25114.19,25146.52,25092.67,25118.88,
1756433400,25122.87,25193.02,25101.54,25177.62,
1756434000,25176.55,25212.97,25160.17,25165.79,
1756434600,25166.94,25243.9,25165.59,25243.01,
1756435200,25242.73,25277.51,25240.35,25273.6,
1756435800,25275.14,25275.14,25206.07,25216.95,
1756436400,25216.58,25244.57,25200.71,25209.3,
1756437000,25206.1,25222.74,25162.75,25216.3,
1756437600,25213.96,25225.85,25182.97,25193.59,
1756438200,25193.64,25193.79,25157.65,25173.09,
1756438800,25171.32,25174.55,25146.81,25150.75,
1756439400,25151.73,25166.1,25144.3,25158,
1756440000,25156.89,25156.89,25156.89,25156.89,
1756443600,25157.42,25211.86,25153.07,25191.91,
1756444200,25189.93,25199.31,25117.37,25119.65,
1756444800,25125.59,25141.83,25100.73,25141.83,
1756445400,25138.6,25210.37,25138.27,25210.37,
1756446000,25211.55,25239.6,25191.25,25235.44,
1756446600,25235.75,25255.65,25212.24,25245.34,
1756447200,25247.31,25270.23,25200.69,25200.69,
1756447800,25203.08,25218.85,25177.46,25180.93,
1756448400,25179.54,25187.09,25150.74,25173.59,
1756449000,25171.99,25199.63,25158.55,25199.63,
1756449600,25198.48,25230.09,25192.53,25194.02,
1756450200,25195.38,25215.14,25191.65,25208.42,
1756450800,25205.46,25247.38,25187.58,25233.51,
1756451400,25231.58,25238.65,25211.65,25211.95,
1756452000,25212.12,25213.55,25147.72,25148.82,
1756452600,25147.5,25153.35,25118.18,25124.49,
1756453200,25121.95,25145.32,25117.52,25138.47,
1756453800,25138.87,25138.87,25100.4,25112.98,
1756454400,25110.7,25110.7,25077.62,25077.62,
1756689600,25508.21,25508.21,25508.21,25508.21,
1756690200,25548.47,25580.01,25489.18,25504.01,
1756690800,25505.65,25558.73,25474.33,25547.44,
1756691400,25549.09,25549.09,25471.35,25533.96,
1756692000,25532.65,25609.33,25520.02,25594.19,
1756692600,25596.52,25605.5,25567.92,25593.28,
1756693200,25594.53,25622.18,25564.6,25609.3,
1756693800,25608.79,25638.34,25599.29,25630.77,
1756694400,25628.22,25630.58,25591.47,25607.08,
1756695000,25609.66,25629.47,25593.86,25627,
1756695600,25624.56,25626.27,25573.31,25575.19,
1756696200,25575.96,25590.81,25566.42,25579.48,
1756696800,25578.1,25592.58,25508.48,25515.63,
1756697400,25514.91,25521.15,25491.21,25515.76,
1756698000,25515.08,25535.05,25509.04,25518.54,
1756698600,25515.25,25524.13,25505.64,25518.96,
1756699200,25520.45,25520.45,25520.45,25520.45,
1756702800,25519.35,25559.24,25511.67,25539.58,
1756703400,25537.44,25563.84,25532.16,25551.19,
1756704000,25554.06,25573.18,25541.07,25567.77,
1756704600,25566.89,25581.42,25552.03,25576.07,
1756705200,25575.06,25578.76,25533.46,25549.46,
1756705800,25551.76,25573.87,25546.49,25569.93,
1756706400,25567.9,25588.02,25567.9,25582.29,
1756707000,25584.3,25615.83,25584.3,25614.16,
1756707600,25617.21,25636.8,25609.12,25630.23,
1756708200,25627.91,25636.5,25610.16,25617.54,
1756708800,25621.64,25623.04,25599.19,25610.61,
1756709400,25610.86,25611.07,25569.88,25569.88,
1756710000,25567.69,25597.73,25561.5,25592.63,
1756710600,25590.37,25616.98,25586.17,25608.84,
1756711200,25606.93,25612.98,25586.25,25590.76,
1756711800,25590.56,25608.18,25578.46,25602.94,
1756712400,25602.88,25607.53,25591.54,25595.48,
1756713000,25591.84,25623.42,25591.84,25620.86,
1756713600,25621.89,25621.89,25617.42,25617.42,
1756776000,25587.97,25587.97,25587.97,25587.97,
1756776600,25562.47,25581.27,25531.25,25540.08,
1756777200,25544.05,25630.76,25511.33,25611.27,
1756777800,25611.45,25623,25577.74,25606.33,
1756778400,25605.1,25676.46,25575.93,25673.7,
1756779000,25673.85,25676.79,25621.09,25638.47,
1756779600,25641.62,25703.98,25640.16,25703.98,
1756780200,25703.87,25724.73,25664.71,25665.38,
1756780800,25665.84,25665.84,25622.75,25630.31,
1756781400,25630.75,25686.23,25580.35,25587.02,
1756782000,25586.95,25591.01,25516.22,25526.94,
1756782600,25525.53,25566.29,25513.13,25519.59,
1756783200,25523.51,25585.4,25523.51,25536.56,
1756783800,25537.19,25541,25459.33,25470.26,
1756784400,25472.9,25478.35,25454.19,25460.09,
1756785000,25459.87,25468.08,25449.54,25460.11,
1756785600,25460.16,25460.16,25460.16,25460.16,
1756789200,25454.57,25526.44,25453.42,25495,
1756789800,25498.35,25500.03,25432.12,25439.13,
1756790400,25440.02,25465.65,25416.61,25445.4,
1756791000,25444.64,25525.18,25436.96,25522.01,
1756791600,25523.74,25572.81,25521.08,25554.8,
1756792200,25551.29,25562.26,25534.92,25538.85,
1756792800,25541.68,25560.63,25516.61,25523.46,
1756793400,25521.35,25531.67,25474.44,25498.83,
1756794000,25499.68,25527.93,25494.21,25503.2,
1756794600,25501.64,25539.06,25496.87,25526.98,
1756795200,25526.41,25553.87,25505.64,25548.3,
1756795800,25553.06,25561.12,25534.62,25547.83,
1756796400,25548.62,25557.69,25516.73,25516.73,
1756797000,25515.71,25519.96,25466.27,25507.13,
1756797600,25508.85,25539,25504.36,25524.46,
1756798200,25519.08,25522.63,25484.68,25513.5,
1756798800,25512.49,25516.49,25494.38,25511.09,
1756799400,25507.83,25514.23,25477.12,25502.3,
1756800000,25501.51,25501.51,25496.55,25496.55,
1756862400,25660.65,25660.65,25660.65,25660.65,
1756863000,25689.77,25789.99,25689.77,25706.08,
1756863600,25705.9,25741.24,25691.77,25702.53,
1756864200,25700.25,25700.25,25614.42,25620.15,
1756864800,25618.69,25643.56,25498.64,25517.34,
1756865400,25521.05,25551.86,25493.06,25520.99,
1756866000,25518.24,25554.74,25505.49,25523.47,
1756866600,25523.32,25530.78,25404.44,25482.15,
1756867200,25481.25,25537.89,25473.91,25532.87,
1756867800,25533.88,25536.24,25491.05,25509.8,
1756868400,25508.91,25516.28,25460.02,25465.84,
1756869000,25463.12,25465.86,25428.61,25435.88,
1756869600,25437.39,25442.16,25369.46,25371.54,
1756870200,25372.65,25397.34,25367.95,25381.75,
1756870800,25380.55,25392.55,25351.93,25377.59,
1756871400,25380.72,25400.18,25373.66,25397.66,
1756872000,25395.16,25395.16,25395.16,25395.16,
1756875600,25396.03,25424.91,25358,25369.48,
1756876200,25366.36,25394.23,25352.57,25381.1,
1756876800,25381.82,25393.5,25328.9,25357.88,
1756877400,25357.39,25365.7,25308.09,25314.04,
1756878000,25315.71,25348.46,25290.35,25290.81,
1756878600,25291.22,25340.45,25291.22,25338.9,
1756879200,25336.07,25370.76,25317.79,25368.9,
1756879800,25371.3,25395.13,25343.87,25352.3,
1756880400,25351.05,25366.49,25347.06,25362.51,
1756881000,25364.93,25390.15,25319.14,25323.8,
1756881600,25325.95,25328.32,25276.87,25279.08,
1756882200,25281.42,25321.09,25277.38,25319.76,
1756882800,25320.04,25332.84,25312.92,25317.34,
1756883400,25315.55,25321.66,25290.34,25301.34,
1756884000,25302.92,25320.75,25284.55,25311.99,
1756884600,25310.78,25324.95,25292.26,25319.78,
1756885200,25319.06,25337.6,25311,25334.02,
1756885800,25334.1,25347.84,25324.36,25345.47,
1756886400,25343.28,25343.43,25343.28,25343.43,
1756948800,25489.13,25489.13,25489.13,25489.13,
1756949400,25480.52,25494.45,25344.61,25352.89,
1756950000,25350.87,25386.66,25298.22,25302.69,
1756950600,25303.15,25322.4,25281.42,25298.81,
1756951200,25299.53,25323.39,25228.7,25228.7,
1756951800,25228.52,25258.41,25208.57,25246.98,
1756952400,25248.54,25263.06,25205.63,25248.83,
1756953000,25240.75,25240.75,25129.26,25131.82,
1756953600,25131.07,25165.28,25067.46,25068.74,
1756954200,25065.71,25087.44,25015.74,25069.08,
1756954800,25068.92,25115.03,25067.54,25091.88,
1756955400,25100.14,25112.01,25039.64,25067.48,
1756956000,25064.66,25076.29,25017.43,25032.91,
1756956600,25030.05,25046.27,25020.93,25025.88,
1756957200,25021.51,25035.71,25016.29,25023.38,
1756957800,25024.09,25037.64,25023.54,25037.56,
1756958400,25037.73,25037.73,25037.73,25037.73,
1756962000,25031.31,25082.85,25013.26,25079.54,
1756962600,25079.17,25095.28,25057.71,25065.87,
1756963200,25066.12,25100.89,25049.67,25069.05,
1756963800,25069.86,25070.35,25042.15,25065.44,
1756964400,25064.46,25089.83,25049.01,25066.53,
1756965000,25067.55,25137.08,25063.14,25107.12,
1756965600,25106.23,25106.23,25077.28,25087.04,
1756966200,25087.11,25087.77,25040.15,25079.61,
1756966800,25081.44,25090.48,25037.36,25078.27,
1756967400,25077.32,25078.05,25014.05,25046.99,
1756968000,25047.49,25117.09,25045.18,25114.62,
1756968600,25115.34,25118.39,25048.57,25050.26,
1756969200,25050.02,25075.25,25034.28,25067.81,
1756969800,25071.73,25079.91,25045.9,25049.3,
1756970400,25047.86,25060.66,25039.89,25053.88,
1756971000,25052.75,25061.43,25034.38,25053.44,
1756971600,25051.97,25072.86,25038.71,25058.77,
1756972200,25054.42,25070.58,25050.6,25062.12,
1756972800,25065.34,25065.34,25058.51,25058.51,
1757035200,25136.24,25136.24,25136.24,25136.24,
1757035800,25136.74,25166.66,25090.65,25110.76,
1757036400,25110.89,25158.98,25106.01,25155.52,
1757037000,25150.23,25193.6,25123.81,25193.6,
1757037600,25184.82,25195.29,25156.82,25187.67,
1757038200,25183.47,25186.89,25153.2,25166.37,
1757038800,25161.11,25203.69,25146.08,25203.04,
1757039400,25196.47,25226.7,25193.96,25220.92,
1757040000,25210.8,25238.05,25195.45,25225.83,
1757040600,25219.95,25244.1,25210.27,25211.2,
1757041200,25201.07,25232.32,25187.21,25225.77,
1757041800,25216.14,25219.78,25169.23,25180.9,
1757042400,25170.41,25197.58,25170.41,25190.65,
1757043000,25181.92,25191.5,25162.33,25183.44,
1757043600,25178.01,25198.74,25177.34,25191.66,
1757044200,25187.41,25216.24,25184.96,25213.37,
1757044800,25212.85,25212.85,25212.85,25212.85,
1757048400,25219.52,25241.25,25208.83,25237.53,
1757049000,25228.5,25258.71,25225.44,25239.04,
1757049600,25238.09,25270.75,25237.47,25263.7,
1757050200,25262.47,25283.15,25250.5,25271.37,
1757050800,25269.91,25292.57,25259.41,25286.11,
1757051400,25279.74,25326.13,25279.74,25323.37,
1757052000,25314.7,25363.44,25314.7,25352.42,
1757052600,25346.04,25370.9,25334.55,25355.42,
1757053200,25346.09,25388.15,25346.09,25381.5,
1757053800,25374.6,25411.48,25371.63,25405.35,
1757054400,25398.94,25431.78,25398.94,25425.66,
1757055000,25417.12,25431.41,25407.31,25423.52,
1757055600,25420.94,25471.8,25420.94,25430.58,
1757056200,25426.65,25443.39,25407.06,25419.13,
1757056800,25414.82,25437.45,25397.66,25404.77,
1757057400,25403.76,25425.48,25401.01,25418.17,
1757058000,25415.91,25423.44,25398.87,25404.64,
1757058600,25400.71,25431.84,25389.16,25429.06,
1757059200,25430.69,25430.69,25417.98,25417.98,
1757294400,25440.01,25440.01,25440.01,25440.01,
1757295000,25430.81,25551.08,25387.81,25528.51,
1757295600,25527.94,25534.01,25476.4,25481.9,
1757296200,25482.56,25513.88,25472.31,25509.46,
1757296800,25509.04,25544.95,25465.9,25529.5,
1757297400,25530.39,25535.74,25446.89,25446.89,
1757298000,25449.65,25468.19,25432.04,25461.25,
1757298600,25461.22,25495.83,25440.86,25447.07,
1757299200,25448.67,25473.06,25441.15,25443.27,
1757299800,25441.34,25513.28,25435.3,25510.88,
1757300400,25509.86,25511.6,25462.82,25483.16,
1757301000,25482.07,25510.62,25476.47,25500.84,
1757301600,25501.64,25535.56,25496.97,25508.31,
1757302200,25509.25,25512.57,25484.56,25489.49,
1757302800,25488.43,25500.48,25481.95,25493.76,
1757303400,25492.22,25512.19,25488.43,25507.8,
1757304000,25508.17,25508.17,25508.17,25508.17,
1757307600,25511.66,25531.12,25500.28,25512.1,
1757308200,25509.14,25519.23,25497,25511.99,
1757308800,25506.46,25514.06,25495.4,25508,
1757309400,25509.02,25526.84,25498.58,25515.63,
1757310000,25517.19,25531.64,25514.22,25518.32,
1757310600,25516.2,25577.27,25515.23,25565.48,
1757311200,25563.71,25585.18,25554.05,25578.18,
1757311800,25580.01,25632.87,25577.71,25625.92,
1757312400,25622.84,25653.2,25620.83,25634.62,
1757313000,25633.05,25664.01,25624.8,25641.72,
1757313600,25639.34,25658.34,25605.82,25612.61,
1757314200,25613.33,25650.23,25605.55,25650.23,
1757314800,25646.55,25646.63,25606.39,25622.82,
1757315400,25624.02,25634.71,25612.59,25620.75,
1757316000,25615.26,25620.82,25593.2,25604.05,
1757316600,25605.67,25619.2,25601.27,25617.39,
1757317200,25616.6,25640.88,25608.7,25616.86,
1757317800,25617.92,25621.15,25600.58,25616.87,
1757318400,25613.89,25633.91,25613.89,25633.91,
1757380800,25711.07,25711.07,25711.07,25711.07,
1757381400,25675.28,25758.33,25675.28,25757.69,
1757382000,25757.76,25914.05,25757.24,25911.12,
1757382600,25910.46,25946.83,25890.82,25918.96,
1757383200,25919.98,25919.98,25878.67,25911.31,
1757383800,25914.72,25958.18,25914.53,25940.32,
1757384400,25939,25977.65,25913.56,25976.97,
1757385000,25976.15,26010.9,25975.51,26004.37,
1757385600,26003.89,26027.94,25984.4,25996.4,
1757386200,25993.58,25998.05,25946.15,25968.36,
1757386800,25969.25,25982.27,25922.44,25925.64,
1757387400,25923.5,25959.89,25872.83,25879.81,
1757388000,25875.39,25905.85,25834.52,25854.82,
1757388600,25853.72,25871.16,25816.71,25824.94,
1757389200,25831.76,25836.85,25812.65,25829.88,
1757389800,25828.47,25840.76,25809.6,25835.79,
1757390400,25839.36,25839.36,25839.36,25839.36,
1757394000,25838.44,25860.31,25824.09,25841.64,
1757394600,25843.11,25872.46,25751.11,25775.36,
1757395200,25779.64,25826.57,25767.58,25822.07,
1757395800,25822.03,25822.18,25751.23,25753.49,
1757396400,25754.64,25784.38,25747.7,25755.46,
1757397000,25755.18,25806.63,25753.08,25769.84,
1757397600,25770.93,25794.16,25752.16,25788.3,
1757398200,25787.11,25818.19,25787.11,25811.51,
1757398800,25812.01,25813.32,25776.04,25781.88,
1757399400,25783.15,25810.69,25773.27,25809.3,
1757400000,25809.33,25821.41,25800.54,25814.51,
1757400600,25816.18,25851.97,25810.73,25841.92,
1757401200,25838.88,25915.9,25835.85,25873.58,
1757401800,25871.73,25899.88,25863.49,25898.27,
1757402400,25900.84,25923.88,25892.92,25916.76,
1757403000,25919.4,25930.69,25909.09,25912.78,
1757403600,25913.88,25920.1,25889.94,25897.89,
1757404200,25892.15,25906.95,25880.04,25894.67,
1757404800,25896.24,25938.13,25896.24,25938.13,
1757467200,26042.41,26042.41,26042.41,26042.41,
1757467800,26017.5,26128.87,26017.5,26069.36,
1757468400,26070.97,26153.25,26070.54,26153.25,
1757469000,26150.5,26186.22,26133.05,26151.91,
1757469600,26151.02,26236.98,26148.22,26208.18,
1757470200,26210.27,26235.47,26167.19,26210.65,
1757470800,26207.68,26230.65,26139.97,26146.72,
1757471400,26152.03,26163.87,26103.43,26107.21,
1757472000,26109.24,26116.33,26063.92,26113.06,
1757472600,26111.13,26157.1,26099.81,26138.63,
1757473200,26139,26184.34,26103.48,26177.76,
1757473800,26179.84,26220.79,26174.55,26211.44,
1757474400,26212.13,26227.74,26192.48,26192.48,
1757475000,26191.4,26197.22,26175.92,26188.62,
1757475600,26188.78,26245.66,26188.78,26240.27,
1757476200,26240.1,26254.17,26231.2,26246.2,
1757476800,26246.13,26246.13,26246.13,26246.13,
1757480400,26242.77,26268.8,26211.39,26263.73,
1757481000,26267.1,26274.4,26224.78,26265.1,
1757481600,26265.87,26289.86,26248.16,26274,
1757482200,26272.41,26277.08,26240.16,26266.41,
1757482800,26267.1,26276.35,26231.68,26275.2,
1757483400,26274.15,26278.99,26241.07,26247.64,
1757484000,26248.81,26296.6,26246.31,26288.75,
1757484600,26287.14,26287.14,26254.86,26280.01,
1757485200,26282.25,26295.84,26262.68,26270.21,
1757485800,26268.19,26270.69,26228.36,26232.07,
1757486400,26232.86,26239.88,26200,26207.21,
1757487000,26208.37,26217.47,26187.7,26198.5,
1757487600,26198.4,26215.8,26169.91,26200.76,
1757488200,26199.2,26221.17,26196.94,26211.55,
1757488800,26214.36,26225.2,26200.49,26219.4,
1757489400,26220.56,26228.41,26201.16,26202.06,
1757490000,26204.79,26216.91,26190.2,26211.89,
1757490600,26210.45,26212.47,26191.3,26204.07,
1757491200,26199.79,26200.26,26199.79,26200.26,
1757553600,25987.49,25987.49,25987.49,25987.49,
1757554200,25952.9,25954.55,25878.97,25915.09,
1757554800,25913.75,25977.84,25899.13,25958.31,
1757555400,25950.4,25963.35,25902.12,25935.02,
1757556000,25934.43,25974.76,25925.26,25960.57,
1757556600,25962.44,26004.89,25947.63,25948.66,
1757557200,25949.12,25998.66,25947.01,25997.69,
1757557800,25996.37,26007.95,25954.54,25976.79,
1757558400,25978.63,25978.63,25917.02,25935.33,
1757559000,25937.65,26005.46,25933.06,25996.37,
1757559600,25997.65,26060.06,25997.44,26024.09,
1757560200,26022.45,26056.97,26022.45,26056.2,
1757560800,26059.2,26134.23,26058.64,26130.36,
1757561400,26131.99,26135,26065.59,26079.97,
1757562000,26080.44,26103.08,26080.44,26098.98,
1757562600,26098.69,26127.07,26094.83,26121.39,
1757563200,26124.85,26124.85,26124.85,26124.85,
1757566800,26123.59,26177.45,26101.55,26177.45,
1757567400,26175.93,26177.54,26130.6,26133.32,
1757568000,26134.46,26191.95,26133.99,26186.62,
1757568600,26185.01,26197.3,26143.09,26154.78,
1757569200,26155.34,26159.37,26101.31,26108.18,
1757569800,26108.54,26110.09,26062.84,26082.48,
1757570400,26084.53,26136.32,26056.15,26136.32,
1757571000,26136.38,26136.38,26085.85,26114.19,
1757571600,26114.51,26142.42,26104.88,26136.23,
1757572200,26134.72,26181.49,26134.55,26178.74,
1757572800,26174.8,26225.25,26173.97,26208.39,
1757573400,26211.6,26241.46,26200.58,26207.88,
1757574000,26207.84,26208.17,26168.06,26170.2,
1757574600,26166.12,26185.3,26163.68,26172.85,
1757575200,26170.17,26177.92,26114.61,26118.09,
1757575800,26118.57,26136.7,26110.62,26119.31,
1757576400,26122.39,26133.12,26099.15,26103.13,
1757577000,26102.23,26111.48,26082.09,26107.65,
1757577600,26106.01,26106.01,26086.32,26086.32,
1757640000,26539.44,26539.44,26539.44,26539.44,
1757640600,26544.08,26585.95,26497.9,26526.46,
1757641200,26521.68,26528.89,26405.42,26433.29,
1757641800,26436.52,26466.34,26415.01,26434.48,
1757642400,26435.34,26458.16,26417.05,26444.08,
1757643000,26440.97,26452.04,26423.14,26432.05,
1757643600,26429.05,26494.63,26425.96,26480.37,
1757644200,26481.33,26515.99,26449.43,26500.89,
1757644800,26500.82,26500.82,26450.32,26458.9,
1757645400,26456.82,26459.47,26399.86,26399.86,
1757646000,26397,26409.97,26355.76,26406.07,
1757646600,26407.14,26430.08,26392.59,26416.11,
1757647200,26416.65,26467.28,26413.52,26454.02,
1757647800,26453.24,26480.97,26448.74,26479.09,
1757648400,26479.42,26495.55,26459.12,26490.01,
1757649000,26490.43,26497.41,26474.66,26485.35,
1757649600,26484.72,26484.72,26484.65,26484.65,
1757653200,26488.95,26502.17,26465.24,26478.68,
1757653800,26475.9,26481.17,26434.32,26477.87,
1757654400,26471.71,26477.77,26435.36,26446.41,
1757655000,26445.54,26468.15,26431.64,26468.15,
1757655600,26469.2,26482.6,26445.29,26480.48,
1757656200,26480.98,26491.77,26449,26449,
1757656800,26451.66,26451.66,26408.78,26412.44,
1757657400,26413.83,26431.53,26403.5,26403.79,
1757658000,26403.34,26418.53,26389.66,26416.48,
1757658600,26415.54,26418.83,26389.15,26396.16,
1757659200,26396.35,26398.75,26368.54,26384.74,
1757659800,26385.04,26385.04,26352.79,26352.88,
1757660400,26355.87,26384.79,26329.66,26373.12,
1757661000,26376.02,26389.2,26362.39,26384.51,
1757661600,26384.69,26394.28,26374.42,26388.36,
1757662200,26392.83,26402.32,26370.05,26377.38,
1757662800,26376.76,26383.06,26361.03,26375.85,
1757663400,26382.72,26400.85,26369.41,26390.4,
1757664000,26387.32,26388.16,26387.32,26388.16,
1757899200,26308.91,26308.91,26308.91,26308.91,
1757899800,26341.35,26381.1,26287.46,26370.85,
1757900400,26371.67,26448.56,26334.06,26403.88,
1757901000,26405.64,26458.46,26405.64,26456.02,
1757901600,26457.36,26500.74,26419.81,26497.06,
1757902200,26498.66,26515.41,26446.53,26463.81,
1757902800,26461.24,26474.83,26400.32,26454.51,
1757903400,26453.37,26497.33,26441.95,26490.54,
1757904000,26489.25,26510.8,26463.26,26510.49,
1757904600,26512.7,26532.75,26475.09,26489.33,
1757905200,26488.42,26529.07,26485.95,26521.44,
1757905800,26517.98,26526.18,26468.22,26488.07,
1757906400,26487.09,26521.03,26485.04,26499.41,
1757907000,26498.73,26498.73,26453.66,26470.12,
1757907600,26475.71,26502.39,26472.03,26479.01,
1757908200,26477.81,26484.06,26456.3,26463.36,
1757908800,26463.48,26463.48,26463.48,26463.48,
1757912400,26461.36,26473.26,26432.44,26448.34,
1757913000,26446.02,26455.23,26427.88,26440.37,
1757913600,26442.09,26479.29,26442.04,26464.12,
1757914200,26465.87,26478.75,26433.04,26433.04,
1757914800,26439.44,26455.92,26421.68,26423.87,
1757915400,26423.84,26450.01,26417.6,26450.01,
1757916000,26447.94,26465.26,26388.74,26407.1,
1757916600,26406.29,26406.29,26359.64,26365.69,
1757917200,26362.83,26363.55,26280.23,26289.8,
1757917800,26286.81,26327.64,26286.81,26324.36,
1757918400,26322.21,26341.48,26315.74,26336.86,
1757919000,26337.22,26355,26304.11,26353.77,
1757919600,26353.9,26398.44,26353.9,26392.88,
1757920200,26391.75,26432.86,26391.54,26430.78,
1757920800,26431.02,26455.17,26425.72,26452.25,
1757921400,26450.87,26467.92,26448.22,26456.82,
1757922000,26454.45,26457.39,26435.43,26450.3,
1757922600,26449.11,26461.44,26440.49,26449.96,
1757923200,26452.43,26452.43,26446.56,26446.56,
1757985600,26536.63,26536.63,26536.63,26536.63,
1757986200,26528.91,26586.1,26524.21,26583.29,
1757986800,26584.29,26601.59,26497.53,26519.47,
1757987400,26521.06,26556.3,26491.3,26498.34,
1757988000,26500.99,26504.38,26450.98,26457.71,
1757988600,26453.36,26496.28,26452.4,26472.1,
1757989200,26473.35,26475,26419.69,26436.74,
1757989800,26436.75,26443.77,26338.52,26340.23,
1757990400,26344.1,26408.98,26332.21,26408.98,
1757991000,26407.42,26418.73,26348.48,26376.06,
1757991600,26372.63,26403.61,26366.49,26389.86,
1757992200,26389.99,26405.99,26375.35,26392.52,
1757992800,26389.17,26459.41,26381.63,26456.45,
1757993400,26460.79,26475.81,26447.52,26466.12,
1757994000,26467.68,26483.35,26463.45,26473.46,
1757994600,26468.49,26469.14,26452.26,26467.83,
1757995200,26465.87,26466.45,26465.87,26466.45,
1757998800,26461.51,26474.21,26442.7,26448.31,
1757999400,26444.07,26467.7,26412.98,26412.98,
1758000000,26413.09,26432.43,26408.37,26424.95,
1758000600,26422.79,26430.96,26404.01,26429.45,
1758001200,26430.23,26440.66,26413.05,26435.87,
1758001800,26435.63,26498.75,26429.63,26497.31,
1758002400,26495.95,26527.41,26476.39,26483.43,
1758003000,26485.88,26498.65,26467.77,26481.83,
1758003600,26483.36,26487.24,26448.81,26458.61,
1758004200,26457.51,26499.17,26450.51,26496.72,
1758004800,26496.07,26512.39,26483.02,26509.14,
1758005400,26507.71,26514.36,26493.87,26504.55,
1758006000,26504.1,26512.19,26474.36,26492.01,
1758006600,26492.17,26497.59,26474.22,26490.62,
1758007200,26494.44,26503.08,26483.82,26491.31,
1758007800,26489.89,26493.57,26446.32,26452.88,
1758008400,26450.27,26450.27,26417.15,26419.41,
1758009000,26418.49,26421.54,26404.49,26416.54,
1758009600,26414.15,26438.51,26414.15,26438.51,
1758072000,26554.19,26554.19,26554.19,26554.19,
1758072600,26584.09,26625.77,26540.57,26613.9,
1758073200,26609.42,26649.44,26603.92,26649.37,
1758073800,26651.46,26675.48,26611.1,26611.38,
1758074400,26611.9,26674.43,26608.17,26635.08,
1758075000,26635.52,26671.47,26605.66,26662.15,
1758075600,26662.01,26662.01,26619.35,26620.13,
1758076200,26621.63,26659.31,26600.18,26659.31,
1758076800,26659.19,26708.28,26648.81,26706.04,
1758077400,26702.27,26750.44,26702.27,26741.94,
1758078000,26743.17,26799.93,26741.6,26769.91,
1758078600,26776.59,26826.23,26752.07,26824.3,
1758079200,26830.68,26852.07,26784.64,26812.79,
1758079800,26810.72,26817.34,26746.01,26746.01,
1758080400,26746.89,26792.83,26745.48,26784.53,
1758081000,26785.62,26813.58,26779.87,26811.45,
1758081600,26812.16,26812.19,26812.16,26812.19,
1758085200,26816.83,26833.84,26790.85,26795.98,
1758085800,26794.67,26836.54,26791.58,26835.65,
1758086400,26833.66,26871.26,26832.58,26844.86,
1758087000,26845.14,26910.94,26837.71,26850.15,
1758087600,26851.75,26899.12,26850.21,26877.42,
1758088200,26881.92,26893.36,26867.18,26879.95,
1758088800,26880.56,26895.94,26846.2,26864.3,
1758089400,26867.6,26881.75,26848.66,26880.94,
1758090000,26880.78,26914.17,26878.39,26892.99,
1758090600,26894.34,26913.04,26886.44,26894.33,
1758091200,26892.64,26912.52,26887.12,26905.95,
1758091800,26909.13,26936.5,26904.28,26909.12,
1758092400,26909.42,26910.51,26860.34,26899.28,
1758093000,26897.97,26910.84,26886.44,26897.35,
1758093600,26895.96,26905.87,26879.19,26888.61,
1758094200,26892.2,26907.31,26887.93,26901.27,
1758094800,26903.07,26917.98,26891.47,26898.33,
1758095400,26897.76,26924.85,26893.63,26920.16,
1758096000,26920.89,26920.89,26908.39,26908.39,
1758158400,26863.69,26863.69,26863.69,26863.69,
1758159000,26873.38,26979.84,26864.36,26865.4,
1758159600,26867.37,26884.35,26805.67,26822.6,
1758160200,26820.59,26944.17,26819.8,26937.03,
1758160800,26937.42,27058.03,26930.47,27003.04,
1758161400,27001.93,27019.54,26965.36,26981.55,
1758162000,26982.27,27031.12,26940.63,26965.49,
1758162600,26964.33,26967.67,26853.64,26887.87,
1758163200,26887.49,26940.51,26856.53,26864.84,
1758163800,26860.4,26928.46,26860.33,26898.99,
1758164400,26901.99,26903.16,26813.47,26813.47,
1758165000,26813.83,26853.94,26797.75,26815.08,
1758165600,26821.65,26908.64,26821.65,26891.01,
1758166200,26889.61,26889.92,26842.93,26847.31,
1758166800,26847.49,26852.31,26815.11,26833.7,
1758167400,26832.29,26868.36,26826.26,26865.26,
1758168000,26860.61,26860.61,26860.61,26860.61,
1758171600,26862.79,26875.31,26795.32,26815.1,
1758172200,26817.89,26818.71,26757.68,26757.68,
1758172800,26759.14,26761.93,26651.35,26691.34,
1758173400,26691.61,26721.39,26661.33,26689.06,
1758174000,26691.44,26722.98,26645.5,26695.1,
1758174600,26691.99,26711.34,26599.41,26601.03,
1758175200,26604.98,26626.01,26512.2,26534.79,
1758175800,26535.82,26542.99,26437.29,26530.2,
1758176400,26531.35,26531.35,26430.53,26448.93,
1758177000,26447.52,26487.31,26366.11,26371.8,
1758177600,26366.68,26487.9,26322.08,26482.71,
1758178200,26483.09,26507.44,26451.18,26501.36,
1758178800,26496.36,26532.83,26477.52,26524.48,
1758179400,26525.09,26560.22,26518.49,26539.67,
1758180000,26540.42,26590.4,26539.24,26584.99,
1758180600,26587.33,26598.2,26568.56,26575.3,
1758181200,26575.02,26581.14,26549.77,26556.99,
1758181800,26553.43,26563.02,26531.7,26544.46,
1758182400,26542.28,26544.85,26542.28,26544.85,
1758244800,26583.03,26583.03,26583.03,26583.03,
1758245400,26546.81,26573.64,26428.67,26433.86,
1758246000,26433.71,26501.19,26414.11,26486.83,
1758246600,26485.58,26549.56,26474.04,26519.56,
1758247200,26517.56,26596.05,26514.66,26551.38,
1758247800,26547.22,26558.53,26507.47,26524.21,
1758248400,26527.89,26605.11,26519.14,26563.88,
1758249000,26564.08,26590.4,26526.16,26565.58,
1758249600,26564.92,26637.64,26562.21,26620.54,
1758250200,26618.66,26618.71,26505.11,26559.12,
1758250800,26557.69,26570.32,26520.89,26558.64,
1758251400,26554.82,26568.12,26537.9,26549.1,
1758252000,26547.71,26602.49,26537.46,26586.49,
1758252600,26586.18,26599.26,26565.46,26588.33,
1758253200,26588.45,26592.2,26559.98,26563.39,
1758253800,26566.34,26587.98,26559.82,26574.92,
1758254400,26576.59,26576.59,26576.59,26576.59,
1758258000,26580.53,26615.81,26566.28,26584.45,
1758258600,26582.38,26586.94,26482.78,26483.15,
1758259200,26483.99,26489.12,26429.71,26461.45,
1758259800,26461.23,26475.72,26414.79,26452.76,
1758260400,26452.28,26484.05,26429.26,26481.22,
1758261000,26480.35,26483.49,26438.7,26463.7,
1758261600,26468.05,26520.58,26458.48,26502.56,
1758262200,26503.82,26542.63,26497.01,26521.7,
1758262800,26520.56,26533.21,26505.76,26526.72,
1758263400,26527.23,26527.23,26472.57,26495.74,
1758264000,26495.5,26511.39,26484.26,26486.89,
1758264600,26485.51,26492.39,26455.48,26456.79,
1758265200,26456.64,26481.73,26434.14,26481.73,
1758265800,26479.43,26500.98,26475.85,26489.55,
1758266400,26487.69,26503.01,26470.56,26502.99,
1758267000,26501.13,26527.59,26494.53,26525.26,
1758267600,26524.38,26540.73,26513.21,26521.63,
1758268200,26524,26549.74,26518.4,26534.12,
1758268800,26533.04,26545.1,26533.04,26545.1,
1758504000,26459.52,26459.52,26459.52,26459.52,
1758504600,26430.24,26479.14,26343.63,26430.75,
1758505200,26436.58,26440.1,26343.3,26356.96,
1758505800,26355.84,26403.35,26277.1,26290.36,
1758506400,26290.47,26372.51,26286.12,26353.09,
1758507000,26350.85,26350.85,26290.74,26340.14,
1758507600,26339.04,26366.24,26317.44,26362.32,
1758508200,26363.08,26384.63,26333.85,26340.48,
1758508800,26343.25,26343.79,26289.28,26296.88,
1758509400,26298.66,26338.79,26291.52,26303.12,
1758510000,26307.8,26317.58,26265.64,26274.24,
1758510600,26275.15,26285.76,26243.59,26250.34,
1758511200,26246.99,26310.76,26241.07,26301.35,
1758511800,26304.55,26328.75,26290.61,26296.67,
1758512400,26298.33,26308.21,26289.09,26301.4,
1758513000,26300.25,26302.12,26278.02,26280.7,
1758513600,26281.16,26281.16,26280.72,26280.72,
1758517200,26285.4,26343.59,26256.29,26330.81,
1758517800,26330.92,26364.25,26321.12,26327.37,
1758518400,26326.91,26342.93,26305.79,26309.31,
1758519000,26307.72,26324.32,26291.22,26320.11,
1758519600,26322.05,26328.98,26267.98,26292.5,
1758520200,26294.11,26300.22,26239.47,26254.68,
1758520800,26248.42,26255.83,26204.01,26245.92,
1758521400,26244.29,26245.26,26220.38,26226.55,
1758522000,26224.76,26257.81,26223.24,26255.92,
1758522600,26255.09,26320.25,26253.48,26284.11,
1758523200,26286.44,26327.76,26286.44,26311.76,
1758523800,26314.35,26344.93,26312.7,26333.8,
1758524400,26330.51,26336.8,26310.43,26319.64,
1758525000,26317.79,26322.38,26283.47,26287.34,
1758525600,26291.96,26295.36,26273.08,26275.22,
1758526200,26278.56,26292.16,26264.8,26284.31,
1758526800,26286.48,26327.45,26279.84,26319.06,
1758527400,26319.04,26339.01,26315.42,26327.79,
1758528000,26326.45,26344.14,26326.45,26344.14,
1758590400,26435.58,26435.58,26435.58,26435.58,
1758591000,26434.78,26454.09,26258,26267.68,
1758591600,26263.46,26320.47,26219.94,26308.39,
1758592200,26306.89,26322.08,26241.17,26241.17,
1758592800,26243.25,26260.28,26200.89,26200.89,
1758593400,26202.88,26202.88,26132.18,26142.62,
1758594000,26141.58,26173.17,26086.66,26111.53,
1758594600,26111.58,26164.21,26060.98,26160.68,
1758595200,26165.79,26210.64,26144.71,26181.8,
1758595800,26181.63,26184.93,26139.74,26184.93,
1758596400,26185.33,26214.07,26152.66,26163.97,
1758597000,26164.36,26164.36,26106.78,26117.77,
1758597600,26122.89,26125.42,26086.38,26106.05,
1758598200,26106.52,26113.67,26077.12,26087.1,
1758598800,26087.99,26108.76,26075.23,26092.34,
1758599400,26094.67,26102.33,26080.1,26090.35,
1758600000,26089.91,26090.11,26089.91,26090.11,
1758603600,26085.43,26085.43,26040.57,26072.44,
1758604200,26070.96,26093.82,26055.18,26055.18,
1758604800,26056.32,26118.53,26053.04,26113.41,
1758605400,26112.64,26138.04,26075.66,26082.89,
1758606000,26083.5,26089.09,26050.54,26052.54,
1758606600,26053.46,26078.41,26041.47,26074.31,
1758607200,26076.86,26083.96,26010.17,26013.56,
1758607800,26013.17,26080.78,26003.67,26079.58,
1758608400,26079.74,26100.55,26068.64,26090.33,
1758609000,26091.34,26117.08,26067.85,26079.34,
1758609600,26079.7,26146.62,26079.12,26144.29,
1758610200,26146.07,26148.85,26117.74,26121.91,
1758610800,26120.89,26125.42,26098.1,26118.57,
1758611400,26116.34,26134.29,26106.26,26115.13,
1758612000,26111.31,26115.06,26084.13,26109.43,
1758612600,26107.08,26136.93,26103.32,26128.97,
1758613200,26130.25,26134.37,26112.48,26126.11,
1758613800,26128.26,26156.84,26123.05,26151.05,
1758614400,26149.04,26159.12,26149.04,26159.12,
1758676800,26073.69,26073.69,26073.69,26073.69,
1758677400,26074.39,26177.8,26057.26,26176.68,
1758678000,26176.89,26265.63,26176.89,26263.28,
1758678600,26262.82,26268.65,26205.59,26266.46,
1758679200,26270.63,26270.63,26209.18,26210.39,
1758679800,26208.44,26233.26,26184.06,26230.26,
1758680400,26229.87,26231.53,26182.72,26215.09,
1758681000,26215.89,26282.86,26189.38,26281.52,
1758681600,26277.66,26285.71,26206.14,26247.08,
1758682200,26247.48,26347.66,26246.88,26345.65,
1758682800,26349.08,26370.78,26318.19,26370.78,
1758683400,26366.25,26392.74,26335.41,26351.5,
1758684000,26351.32,26387.88,26341.2,26382.08,
1758684600,26380.85,26411.39,26350.78,26357.69,
1758685200,26359.61,26391.56,26345.96,26389.92,
1758685800,26389.89,26409.16,26382.56,26407.76,
1758686400,26397.98,26397.98,26397.62,26397.62,
1758690000,26411.6,26426.68,26360.61,26398.09,
1758690600,26399.13,26418.56,26367.77,26373.7,
1758691200,26375.03,26393.82,26349.97,26389.56,
1758691800,26389.7,26421.94,26379.44,26404.6,
1758692400,26405.08,26464.1,26401.47,26456,
1758693000,26453.67,26474.12,26439.32,26471.29,
1758693600,26471.81,26504.13,26465.99,26485.04,
1758694200,26481.83,26483.76,26439.29,26471.1,
1758694800,26470.22,26470.22,26410.17,26416.95,
1758695400,26414.33,26440.65,26413.97,26437.67,
1758696000,26438.47,26513.93,26434.57,26513.77,
1758696600,26514.92,26554.44,26507.95,26508.05,
1758697200,26508.7,26522.32,26484.19,26502.32,
1758697800,26496.46,26514.65,26492.05,26505.37,
1758698400,26504.86,26506.68,26466.85,26491.63,
1758699000,26492.34,26526.05,26485.39,26520.48,
1758699600,26519.31,26554.21,26516.43,26541.49,
1758700200,26539.53,26562.4,26531.13,26561.07,
1758700800,26562.88,26562.88,26518.65,26518.65,
1758763200,26536.13,26536.13,26536.13,26536.13,
1758763800,26503.09,26532.74,26428.35,26432.51,
1758764400,26429.08,26531.18,26423.94,26531.18,
1758765000,26529.55,26563.33,26515.03,26517.86,
1758765600,26518.69,26531.45,26479.49,26503.26,
1758766200,26503.56,26534.56,26479.78,26488.67,
1758766800,26492.26,26517.6,26469.01,26499.39,
1758767400,26497.71,26545.76,26491.28,26543.61,
1758768000,26546.93,26553.33,26506.52,26546.97,
1758768600,26545.17,26566.47,26516.07,26528.82,
1758769200,26531.58,26600.78,26522.28,26582.51,
1758769800,26584.59,26597.91,26562.98,26596.52,
1758770400,26596.09,26624.56,26585.2,26604.92,
1758771000,26609.16,26624.85,26599.05,26619.01,
1758771600,26618.62,26640.53,26611.49,26627.36,
1758772200,26626.69,26634.69,26611.4,26631.96,
1758772800,26633.81,26633.81,26633.81,26633.81,
1758776400,26640.29,26640.29,26551.89,26568.38,
1758777000,26566.68,26581.3,26501.52,26507.52,
1758777600,26518.54,26534.07,26478.18,26486.95,
1758778200,26486.64,26515.83,26453.17,26515.83,
1758778800,26515.33,26532.16,26492.75,26522.2,
1758779400,26522.84,26580.86,26519.14,26580.86,
1758780000,26580.61,26597.21,26545.67,26556.59,
1758780600,26559.65,26578.58,26535.54,26547.22,
1758781200,26545.23,26572.51,26531.28,26550.65,
1758781800,26550.17,26575.69,26549.17,26555.19,
1758782400,26559.98,26559.98,26512.75,26522.36,
1758783000,26524,26527.43,26480.51,26495.67,
1758783600,26495.63,26497.38,26434.14,26437.62,
1758784200,26434.57,26443.44,26417.62,26432.03,
1758784800,26427.22,26437.35,26403.52,26429.5,
1758785400,26429.21,26465.6,26421.59,26444.57,
1758786000,26440.69,26461.42,26437.49,26454.92,
1758786600,26453.42,26485.19,26449.63,26473.25,
1758787200,26477.51,26484.68,26477.51,26484.68,
1758849600,26272.3,26272.3,26272.3,26272.3,
1758850200,26248.85,26299.15,26217.97,26299.15,
1758850800,26308.9,26353.63,26308.9,26327,
1758851400,26326.19,26333.18,26223.07,26253.93,
1758852000,26253.36,26270.94,26206.02,26269.64,
1758852600,26269.93,26277.27,26195.19,26206.2,
1758853200,26206.87,26289.09,26206.87,26288.11,
1758853800,26287.24,26319.26,26279.52,26304.87,
1758854400,26309.58,26333.36,26270.95,26324.6,
1758855000,26322.52,26326.07,26303.16,26315.91,
1758855600,26316.74,26374.85,26308.05,26332.35,
1758856200,26327.52,26332.41,26285.47,26285.47,
1758856800,26283.88,26287.34,26255.92,26273.98,
1758857400,26274.86,26308.93,26260.96,26307.1,
1758858000,26306.71,26339.08,26305.34,26312.69,
1758858600,26313.12,26315.7,26299.68,26312.96,
1758859200,26312.9,26312.9,26312.9,26312.9,
1758862800,26317.74,26319.9,26278.35,26284.14,
1758863400,26281.96,26356.51,26275.51,26335.07,
1758864000,26334.82,26371.63,26329.43,26340.9,
1758864600,26341.34,26360.36,26322.26,26353.23,
1758865200,26351.78,26406.05,26351.78,26406.05,
1758865800,26401.52,26405.16,26326.3,26329.38,
1758866400,26332.03,26363.47,26322.41,26356.48,
1758867000,26356.14,26382.97,26338.79,26368.83,
1758867600,26372.23,26395.45,26346.36,26356.61,
1758868200,26359.91,26374.92,26317.93,26344.28,
1758868800,26343.75,26369.34,26332.93,26334.39,
1758869400,26336.71,26336.71,26289.12,26299.65,
1758870000,26302.17,26302.17,26175.07,26226.41,
1758870600,26227.44,26227.44,26103.61,26132.14,
1758871200,26129.63,26156.96,26072.93,26149.49,
1758871800,26147.12,26177.91,26130.23,26153.94,
1758872400,26151.16,26151.16,26102.78,26136.49,
1758873000,26132.62,26145.68,26103.79,26122.67,
1758873600,26123.38,26128.2,26123.38,26128.2,
1759108800,26321.57,26321.57,26321.57,26321.57,
1759109400,26361.36,26419.23,26350.75,26402.87,
1759110000,26420.3,26470.89,26381.01,26441.42,
1759110600,26451.99,26451.99,26343,26403.73,
1759111200,26416.18,26437.81,26379.5,26432.33,
1759111800,26445.48,26471.33,26405.02,26428.17,
1759112400,26440.98,26511.53,26423.41,26504.4,
1759113000,26514.09,26516.16,26461.93,26510.99,
1759113600,26528.39,26557.3,26509.07,26527.89,
1759114200,26544.38,26545.16,26495.68,26509.93,
1759114800,26526.07,26526.07,26458.23,26462.51,
1759115400,26478.38,26506.04,26448.41,26494.51,
1759116000,26504.43,26504.95,26463.26,26472.19,
1759116600,26481.14,26484.76,26442.63,26481.22,
1759117200,26492.18,26492.18,26450,26469.79,
1759117800,26483.8,26487.45,26452.34,26477,
1759118400,26480.42,26494.11,26480.42,26494.11,
1759122000,26485.2,26514.75,26475.78,26475.78,
1759122600,26489.47,26522.1,26471.79,26487.05,
1759123200,26497.69,26523.67,26464.19,26521.85,
1759123800,26532.45,26597.32,26518.02,26591.11,
1759124400,26599.4,26638.38,26587.01,26635.37,
1759125000,26645.17,26667.11,26627.8,26660.58,
1759125600,26673.76,26687.72,26634.75,26645.76,
1759126200,26655.83,26655.83,26592.09,26630.43,
1759126800,26638.15,26660.64,26604.5,26656.79,
1759127400,26667.91,26668.32,26633.2,26653.79,
1759128000,26664.93,26669.36,26629.2,26656.64,
1759128600,26669.82,26671,26649.47,26666.86,
1759129200,26673.54,26673.54,26609.59,26620.25,
1759129800,26631.88,26635.56,26605.15,26619.87,
1759130400,26628.27,26628.27,26587.18,26624.16,
1759131000,26632.83,26633.24,26596.45,26628.73,
1759131600,26643.3,26655.58,26616.25,26625.42,
1759132200,26636.7,26636.7,26605.75,26624.95,
1759132800,26623.37,26623.37,26622.88,26622.88,
1759195200,26674.16,26674.16,26674.16,26674.16,
1759195800,26714.65,26833.24,26713.43,26770.97,
1759196400,26770.2,26795.04,26711.69,26714.26,
1759197000,26719.69,26766.65,26719.69,26726.48,
1759197600,26726.69,26767.11,26726.69,26730.49,
1759198200,26732.31,26743.91,26673.56,26676.42,
1759198800,26679.59,26679.59,26586.74,26612.02,
1759199400,26612.62,26643.61,26598.52,26629.83,
1759200000,26628.88,26631.86,26585.51,26591.95,
1759200600,26594.72,26620.25,26572.35,26597.58,
1759201200,26592.65,26603.08,26558.99,26558.99,
1759201800,26558.28,26605.13,26558.28,26591.66,
1759202400,26593.41,26636.76,26592.58,26614.3,
1759203000,26609.91,26620.96,26590.19,26590.7,
1759203600,26593.65,26599.36,26572.78,26595.56,
1759204200,26596.41,26604.06,26584.92,26594.54,
1759204800,26596.9,26596.9,26596.9,26596.9,
1759208400,26594.03,26615.28,26568.69,26599.68,
1759209000,26598.43,26672.43,26598.43,26664.3,
1759209600,26664.24,26675.56,26642.41,26666.2,
1759210200,26665.57,26673.42,26620.31,26630.09,
1759210800,26628.77,26669.79,26627.56,26657.11,
1759211400,26656.39,26676.92,26650.44,26666.75,
1759212000,26665.35,26696.66,26663.01,26689.08,
1759212600,26689.46,26713.41,26688.07,26713.41,
1759213200,26711.02,26746.33,26701.7,26722.31,
1759213800,26723.17,26753.93,26716.44,26753.93,
1759214400,26754.53,26800.7,26745.4,26799.11,
1759215000,26799.13,26817.79,26785.67,26808.3,
1759215600,26807.22,26807.33,26754.63,26773.7,
1759216200,26774.69,26823.4,26774.69,26823.31,
1759216800,26822.95,26866.29,26813.64,26863.58,
1759217400,26863.81,26877.74,26845.95,26863.02,
1759218000,26864.38,26866.2,26834.21,26843.5,
1759218600,26839.47,26888.4,26834.03,26875.18,
1759219200,26872.99,26872.99,26855.56,26855.56,
1759368000,26918.3,26918.3,26918.3,26918.3,
1759368600,26932.28,27141.52,26921.78,27141.52,
1759369200,27141.41,27220.58,27141.41,27220.58,
1759369800,27216.67,27234.66,27151.01,27217.44,
1759370400,27220.93,27243.61,27186.91,27216.7,
1759371000,27217.73,27277.57,27214.16,27270.76,
1759371600,27272.31,27307.54,27260.55,27280.1,
1759372200,27281.25,27325.44,27245.44,27276.86,
1759372800,27278.51,27301.65,27272.53,27277.13,
1759373400,27278.99,27289.07,27201.88,27249.99,
1759374000,27247.93,27258,27205.05,27213.04,
1759374600,27213.69,27250.8,27213.69,27220.77,
1759375200,27217.4,27218.32,27140.54,27140.54,
1759375800,27142.28,27190.14,27118.75,27188,
1759376400,27187.65,27259.79,27184.6,27253.22,
1759377000,27254.14,27263.03,27243.76,27246.41,
1759377600,27245.68,27245.68,27245.68,27245.68,
1759381200,27247.03,27354.28,27247.03,27340.52,
1759381800,27338.85,27359.02,27283.42,27296.47,
1759382400,27297.05,27315.92,27274.24,27306.16,
1759383000,27309.38,27325.88,27277.51,27291.59,
1759383600,27293.37,27325.27,27285.21,27289.14,
1759384200,27287.95,27318.49,27277.14,27316.7,
1759384800,27316.56,27339.59,27311.55,27325.96,
1759385400,27327.7,27355.74,27309.83,27347.53,
1759386000,27346.32,27347.89,27318.74,27328.18,
1759386600,27327.13,27358.37,27319.18,27345.13,
1759387200,27343.6,27369.14,27335.18,27358.86,
1759387800,27357.6,27381.84,27345.74,27345.74,
1759388400,27344.8,27344.8,27288.35,27330.38,
1759389000,27325.99,27331.29,27305.17,27305.17,
1759389600,27303.56,27325.37,27291.99,27306.6,
1759390200,27305.38,27340.01,27299.83,27324.72,
1759390800,27322.78,27328.61,27295.31,27322.65,
1759391400,27323.11,27332.15,27309.18,27320.35,
1759392000,27319.63,27319.63,27287.12,27287.12,
1759454400,27221.46,27221.46,27221.46,27221.46,
1759455000,27241.46,27262,27121.56,27129.7,
1759455600,27127.28,27178.21,27113.12,27151.87,
1759456200,27147.07,27157.59,27099.22,27105,
1759456800,27106.19,27123.66,27071.51,27102.68,
1759457400,27104.09,27121.17,27094,27108.52,
1759458000,27108.3,27132.69,27100.52,27105.63,
1759458600,27105.84,27107.5,27058.93,27068.43,
1759459200,27070.13,27093.64,27065.12,27070.42,
1759459800,27070.6,27081.91,27058.77,27069.36,
1759460400,27070.38,27090.29,27047.73,27087.81,
1759461000,27068.71,27089.72,27049.34,27069.89,
1759461600,27065.12,27065.12,27030,27054.83,
1759462200,27056.35,27063.36,27029.39,27031.77,
1759462800,27030.06,27039.99,27025.87,27039.42,
1759463400,27040.22,27053.61,27032.38,27049.73,
1759464000,27049.7,27049.7,27049.7,27049.7,
1759467600,27052.86,27060.71,27002.21,27036.05,
1759468200,27035.41,27044.03,27006.37,27026.78,
1759468800,27025.01,27065.39,27025.01,27063.04,
1759469400,27062.33,27108.46,27062.33,27095.32,
1759470000,27095.1,27098.63,27006.37,27009.45,
1759470600,27007.94,27009.33,26976.85,26998.38,
1759471200,26999.1,26999.1,26972.71,26987.88,
1759471800,26987.77,27017.1,26979.68,27014.18,
1759472400,27014.22,27025.01,27006.62,27024.12,
1759473000,27025.95,27059.43,27025.95,27049.31,
1759473600,27050.75,27050.75,27025.88,27025.88,
1759474200,27026.99,27044.93,27019.12,27041.89,
1759474800,27042.37,27087.54,27042.37,27074.22,
1759475400,27075.53,27084.89,27065.68,27083.49,
1759476000,27084.04,27106.68,27077.82,27094.35,
1759476600,27093.03,27104.49,27087.96,27089.49,
1759477200,27091.18,27111.58,27082.88,27104.12,
1759477800,27106.33,27128.28,27103.27,27117.92,
1759478400,27120.7,27140.92,27120.7,27140.92,
1759713600,27003.92,27003.92,27003.92,27003.92,
1759714200,27040.84,27145.17,27038.29,27054.4,
1759714800,27053.1,27077.22,27004.94,27027.06,
1759715400,27025.48,27069.31,26968.77,27065.99,
1759716000,27067.54,27080.02,27008.82,27024.59,
1759716600,27023.96,27028.79,26990.87,26998.2,
1759717200,26996.91,27015.76,26965.09,26988.93,
1759717800,26986.4,26990.62,26911.72,26931.82,
1759718400,26932.91,26977.01,26930.95,26965.31,
1759719000,26960.31,26966.64,26937.24,26942.27,
1759719600,26943.07,26949.69,26920.93,26922.34,
1759720200,26921.11,26938.51,26887.96,26890.82,
1759720800,26890.14,26928.25,26889.03,26914.91,
1759721400,26913.03,26947.41,26911.99,26939.02,
1759722000,26941.67,26958.47,26933.77,26957.98,
1759722600,26956.49,26987.57,26956.49,26977.36,
1759723200,26976.52,26976.52,26976.52,26976.52,
1759726800,26977.76,26986.9,26873.34,26888.06,
1759727400,26888.58,26913.1,26888.58,26905.36,
1759728000,26905.6,26950.89,26901.85,26947.22,
1759728600,26947.1,26960.83,26939.79,26954.42,
1759729200,26952.78,26966.4,26943.57,26963.35,
1759729800,26963,27003.55,26954.34,27000.4,
1759730400,26999.41,27008.2,26975.36,26978.76,
1759731000,26978.15,26995.71,26976.79,26980.42,
1759731600,26982.12,26985.31,26966.32,26971.14,
1759732200,26971.71,26991.96,26969.59,26989.5,
1759732800,26989.83,27003.44,26984.89,26992.53,
1759733400,26990.91,27003.8,26976.7,26979.7,
1759734000,26979.35,26981.94,26945.03,26965.8,
1759734600,26966.09,26970.48,26952.58,26966.45,
1759735200,26967.12,26983.06,26960.43,26966.31,
1759735800,26968.42,26979.5,26959.01,26977.71,
1759736400,26976.91,26980.17,26933.04,26949.94,
1759737000,26953.06,26959.49,26941.12,26958.38,
1759737600,26955.58,26957.77,26955.58,26957.77,
1759886400,26900.64,26900.64,26900.64,26900.64,
1759887000,26888.11,26906.2,26584.24,26603.5,
1759887600,26601.88,26601.88,26520.48,26583.14,
1759888200,26581.51,26624.82,26532.26,26560.03,
1759888800,26560.52,26654.64,26517.45,26618.46,
1759889400,26618.55,26713.6,26618.25,26713.18,
1759890000,26711.43,26763.03,26702.07,26745.02,
1759890600,26742.11,26778.51,26721.46,26758.78,
1759891200,26759.28,26762.38,26688.07,26690.68,
1759891800,26689.52,26726.88,26685.17,26708.9,
1759892400,26714.61,26728.57,26702.66,26712.28,
1759893000,26714.6,26718.34,26679.76,26709.71,
1759893600,26710.44,26712.03,26654.01,26655.99,
1759894200,26649.95,26662.62,26624.61,26662.62,
1759894800,26664.1,26678.66,26658.05,26674.8,
1759895400,26676.58,26682.69,26658.42,26667.28,
1759896000,26669.99,26669.99,26669.99,26669.99,
1759899600,26665.86,26677.12,26637.53,26677.12,
1759900200,26675.31,26718.67,26651.55,26717.74,
1759900800,26716.48,26752.8,26709,26747.06,
1759901400,26746.43,26749.86,26711.79,26728.48,
1759902000,26727.42,26734.31,26718.75,26732.9,
1759902600,26729.11,26745.65,26727.83,26743.12,
1759903200,26740.27,26771.06,26737.57,26758.58,
1759903800,26758.03,26778.78,26751.1,26772.02,
1759904400,26772.21,26778.24,26747.96,26758.63,
1759905000,26757.85,26761.96,26708.45,26712.54,
1759905600,26711.77,26711.77,26676.7,26678.38,
1759906200,26680.81,26682.06,26655.28,26664.85,
1759906800,26670.17,26696.49,26664.99,26689.09,
1759907400,26689.21,26744.88,26687.26,26744.88,
1759908000,26744.82,26766.97,26740.1,26752.84,
1759908600,26754.02,26783.83,26752.08,26772.88,
1759909200,26773.61,26784.42,26752.81,26782.78,
1759909800,26782.58,26830.64,26779.78,26830.33,
1759910400,26824.18,26829.46,26824.18,26829.46,
1759972800,26862.03,26862.03,26862.03,26862.03,
1759973400,26858.74,26876.76,26643.39,26686.77,
1759974000,26686.34,26686.34,26538.46,26538.46,
1759974600,26535.8,26579.75,26480.58,26578.9,
1759975200,26577.5,26673.96,26560.12,26672.55,
1759975800,26673.89,26775.75,26672.07,26771.9,
1759976400,26769.84,26849.51,26769.5,26779.04,
1759977000,26784.35,26793.4,26737.18,26769.85,
1759977600,26774.52,26833.24,26772.3,26833.24,
1759978200,26830.87,26838.38,26765.39,26765.97,
1759978800,26767.6,26828.08,26763.46,26808.03,
1759979400,26809.6,26832.5,26790.45,26827.12,
1759980000,26830.31,26842.24,26785.74,26822.2,
1759980600,26820.38,26833.62,26796.14,26822.02,
1759981200,26822.39,26829.08,26811.27,26822.93,
1759981800,26825.03,26844.8,26816.72,26840.9,
1759982400,26840.95,26840.95,26840.95,26840.95,
1759986000,26846.22,26962.36,26845.87,26945.45,
1759986600,26945.93,26945.93,26847.06,26850.64,
1759987200,26847.32,26947.55,26844.61,26945.31,
1759987800,26941.9,26978.41,26921.15,26924.67,
1759988400,26924.6,26924.6,26773.98,26777.88,
1759989000,26784.51,26890.6,26782.68,26883.5,
1759989600,26883.86,26897.13,26819.52,26825.35,
1759990200,26825.34,26870.5,26803.64,26810.48,
1759990800,26807.97,26811.03,26727.44,26751.83,
1759991400,26749.92,26795.24,26733.8,26776.75,
1759992000,26773.49,26778.42,26714.04,26718.71,
1759992600,26720.21,26744.81,26696.06,26729.36,
1759993200,26740.33,26808.11,26740.33,26808.11,
1759993800,26805.27,26842.36,26800.12,26837.87,
1759994400,26840.51,26846.23,26787.3,26797.35,
1759995000,26798.05,26798.05,26735.87,26737.45,
1759995600,26738.13,26772.58,26729.31,26744.44,
1759996200,26744.92,26756.48,26707.29,26716.26,
1759996800,26716.89,26752.59,26716.89,26752.59,
1760059200,26523.89,26523.89,26523.89,26523.89,
1760059800,26488.71,26497.33,26403.16,26403.16,
1760060400,26406.09,26510.04,26360.78,26509.45,
1760061000,26506.35,26539.47,26488.77,26493.16,
1760061600,26491.52,26505.12,26407.12,26461.66,
1760062200,26461.52,26509.24,26446.24,26502.45,
1760062800,26503.55,26547.51,26497.72,26525.49,
1760063400,26526.31,26558.87,26516.81,26521.65,
1760064000,26524.82,26524.82,26457.8,26471.93,
1760064600,26471.64,26477.86,26444.83,26475.25,
1760065200,26472.68,26481.05,26431.75,26465.97,
1760065800,26466.83,26501.21,26438.26,26494.02,
1760066400,26495.96,26496.19,26420.95,26458.91,
1760067000,26453.58,26478.83,26443.78,26463.75,
1760067600,26463.24,26469.12,26436.43,26459.53,
1760068200,26457.92,26462.4,26436.77,26446.86,
1760068800,26447.86,26447.86,26447.86,26447.86,
1760072400,26446.33,26472.01,26428.29,26451.96,
1760073000,26452.29,26465.98,26392.34,26405.87,
1760073600,26404.38,26424.34,26382.42,26384.43,
1760074200,26384.14,26413.86,26371.17,26375.68,
1760074800,26373.9,26393.8,26349.55,26368.2,
1760075400,26364.79,26402.61,26324.28,26402.61,
1760076000,26402.59,26413.71,26341.5,26346.39,
1760076600,26344.4,26346.11,26291.06,26315.53,
1760077200,26318.42,26336.74,26308.99,26313.84,
1760077800,26315.82,26332.38,26293.89,26301.19,
1760078400,26297.91,26303.49,26247.04,26251.42,
1760079000,26248.13,26309.31,26248.13,26309.31,
1760079600,26308.02,26361.03,26293.57,26314.14,
1760080200,26311.7,26313.98,26279.51,26289.58,
1760080800,26286.39,26295.62,26273.33,26290.22,
1760081400,26289.35,26295.82,26261.14,26264.99,
1760082000,26261.81,26290.56,26255.53,26287.7,
1760082600,26288.67,26298.22,26281.01,26290.1,
1760083200,26289.48,26290.32,26289.48,26290.32,
1760318400,25634,25634,25634,25634,
1760319000,25657.39,25795.95,25637.15,25648.26,
1760319600,25645.78,25883.21,25645.78,25827.4,
1760320200,25832.26,25867.47,25741.43,25773.7,
1760320800,25767.48,25776.29,25636.02,25668.05,
1760321400,25666.85,25761.92,25665.51,25755.33,
1760322000,25754.33,25819.99,25754.33,25791.21,
1760322600,25791.18,25849.13,25756.81,25762.17,
1760323200,25761.63,25820.27,25755.01,25816.1,
1760323800,25816.39,25816.39,25699.16,25699.63,
1760324400,25702.82,25702.82,25656.52,25674.94,
1760325000,25673.92,25696.14,25632.24,25634.39,
1760325600,25635.07,25635.07,25492.58,25493.86,
1760326200,25493.62,25521.24,25393.13,25393.13,
1760326800,25392.41,25471.36,25363.25,25400.97,
1760327400,25399.72,25400.86,25336.09,25375.82,
1760328000,25373.43,25374,25373.43,25374,
1760331600,25378.92,25509.71,25364.39,25505.7,
1760332200,25504.76,25588.01,25504.76,25528.78,
1760332800,25527.49,25592.62,25515.05,25592.62,
1760333400,25591.94,25633.05,25551.36,25629.36,
1760334000,25630.21,25641.99,25564.32,25581.21,
1760334600,25582.56,25680.29,25569.75,25675.76,
1760335200,25672.77,25722.63,25663.2,25686.01,
1760335800,25686.78,25698.11,25607.55,25641.64,
1760336400,25643.36,25703.34,25643.36,25655.89,
1760337000,25655.32,25738.46,25650.94,25717.13,
1760337600,25717.39,25743.85,25695.59,25733.59,
1760338200,25734.7,25734.7,25685.63,25727.74,
1760338800,25729.06,25747.64,25644.72,25697.84,
1760339400,25697.09,25791.44,25694.22,25777.9,
1760340000,25776.52,25837.56,25722.3,25837.56,
1760340600,25838.24,25864.1,25807.43,25858.32,
1760341200,25855.16,25889.95,25836.85,25864.58,
1760341800,25860.69,25895.62,25850.73,25858.26,
1760342400,25854.51,25889.48,25854.51,25889.48,
1760404800,25969.21,25969.21,25969.21,25969.21,
1760405400,26007.74,26102.68,25958.26,26058.25,
1760406000,26051.73,26067.04,25965.06,25967.64,
1760406600,25966.36,25993.11,25921.46,25972.85,
1760407200,25976.17,25981.6,25898.03,25918.57,
1760407800,25921.16,25957.78,25854.04,25950.7,
1760408400,25951.1,26009.45,25871.32,25874.05,
1760409000,25876.23,25881.49,25810.32,25881.49,
1760409600,25876.83,25944.65,25861.36,25866.12,
1760410200,25863.72,25863.72,25801.81,25812.94,
1760410800,25812.92,25871.13,25747.51,25773.67,
1760411400,25774.81,25812.26,25726.8,25730.29,
1760412000,25730.61,25794.04,25724.68,25776.34,
1760412600,25775.7,25790.63,25754.69,25782.48,
1760413200,25781.89,25837.83,25773.03,25833.44,
1760413800,25836.16,25842.76,25784,25838.03,
1760414400,25837.64,25839.07,25837.64,25839.07,
1760418000,25776.04,25776.04,25545.15,25583.94,
1760418600,25582,25670.88,25561.56,25660.7,
1760419200,25663.22,25731.74,25663.03,25674.32,
1760419800,25678.74,25718.67,25572.41,25573.28,
1760420400,25574.48,25588.53,25527.01,25551.31,
1760421000,25552.59,25598.62,25486.17,25487.64,
1760421600,25486.17,25494.02,25434,25434,
1760422200,25434.01,25473.75,25348.99,25348.99,
1760422800,25350.09,25407.49,25346.11,25404.65,
1760423400,25405.42,25464.58,25361.64,25368.1,
1760424000,25369.19,25453.56,25349.28,25453.56,
1760424600,25452.28,25467.02,25418.22,25434.68,
1760425200,25435.39,25448.56,25331.64,25381.5,
1760425800,25380.51,25444.56,25369.53,25438.76,
1760426400,25438.43,25457.22,25412.5,25412.5,
1760427000,25416.33,25451.25,25369.73,25415.5,
1760427600,25416,25442.17,25353.38,25434.46,
1760428200,25437.47,25460.81,25418.43,25431.07,
1760428800,25431.24,25441.35,25431.24,25441.35,
1760491200,25714.89,25714.89,25714.89,25714.89,
1760491800,25753.54,25753.54,25604.17,25609.39,
1760492400,25603.31,25736.01,25593.45,25666.97,
1760493000,25675.38,25780.67,25665.64,25775.94,
1760493600,25778.89,25815.94,25747.93,25815.94,
1760494200,25814.65,25870.61,25813.79,25853.02,
1760494800,25852.38,25852.38,25804.34,25804.94,
1760495400,25804.46,25821.29,25751.51,25782.88,
1760496000,25781.17,25787.74,25699.53,25708.94,
1760496600,25708.32,25713.72,25650.84,25656.79,
1760497200,25664.3,25730.15,25655.09,25721.21,
1760497800,25724.96,25748.24,25677.99,25710.46,
1760498400,25709.92,25771.31,25700.01,25757.95,
1760499000,25758.14,25785.13,25752.85,25754.67,
1760499600,25753.24,25763.38,25728.68,25741.65,
1760500200,25740.02,25760.23,25735.98,25749.41,
1760500800,25749.68,25749.68,25749.68,25749.68,
1760504400,25764.01,25807.63,25764.01,25790.2,
1760505000,25784.34,25799.1,25746.51,25781.76,
1760505600,25782.79,25818.87,25781.63,25799.22,
1760506200,25801.25,25855.51,25784.22,25855.15,
1760506800,25855.92,25860.15,25775.19,25782.94,
1760507400,25785.52,25865.89,25785.5,25843.07,
1760508000,25842.87,25885.39,25829.1,25885.39,
1760508600,25886.11,25921.28,25873.75,25873.75,
1760509200,25877.06,25935.37,25877.06,25909.43,
1760509800,25909.05,25921.63,25883.18,25894.17,
1760510400,25890.51,25941.66,25890.51,25929.73,
1760511000,25931.05,25955.99,25916.04,25926.84,
1760511600,25923.24,25950.28,25907.73,25947.16,
1760512200,25945.33,25980.59,25945.33,25975.27,
1760512800,25978.61,25982.21,25951.21,25964.52,
1760513400,25959.4,25966.79,25931.41,25941.92,
1760514000,25941.28,25954.08,25922.09,25927.16,
1760514600,25925.55,25926.33,25892.2,25906.21,
1760515200,25906.01,25910.6,25906.01,25910.6,
1760577600,25890.01,25890.01,25890.01,25890.01,
1760578200,25867.34,25970.84,25841.5,25939.72,
1760578800,25943.47,25992.6,25904.8,25964.41,
1760579400,25964,26022.48,25959.42,25973.13,
1760580000,25973.24,26061.54,25944.98,26060.77,
1760580600,26058.31,26062.8,25947.09,25947.3,
1760581200,25947.5,25971.75,25914.21,25919.88,
1760581800,25918.9,25926.81,25859.09,25904.86,
1760582400,25901.48,25961.07,25887.81,25958.72,
1760583000,25956.88,25961.03,25900.9,25911.92,
1760583600,25914.14,25915.31,25879.96,25908.85,
1760584200,25906.93,25909.55,25821.38,25821.38,
1760584800,25822.89,25843.39,25755.89,25759.09,
1760585400,25756.51,25791.4,25749.36,25788.65,
1760586000,25788.07,25813.97,25781.67,25791.62,
1760586600,25790.01,25807.16,25789.34,25799.9,
1760587200,25799.62,25799.62,25799.27,25799.27,
1760590800,25798.01,25811.03,25738.98,25741.58,
1760591400,25742.3,25770.73,25719.93,25733.68,
1760592000,25732.4,25742.71,25700.83,25724.52,
1760592600,25726.34,25744.45,25693.67,25703.55,
1760593200,25705.59,25732.1,25687.63,25692.8,
1760593800,25690.82,25769.7,25687.32,25750.73,
1760594400,25745.76,25794.09,25733.16,25790.22,
1760595000,25792.57,25827.03,25785.42,25807.39,
1760595600,25807.51,25811.32,25779.71,25808.21,
1760596200,25809.72,25837,25787.41,25795.42,
1760596800,25798.1,25824.01,25777.97,25808.52,
1760597400,25808.94,25845.82,25808.94,25825.07,
1760598000,25825.45,25858.49,25825.45,25853.59,
1760598600,25852.52,25899.85,25847.27,25883.52,
1760599200,25885.05,25898.47,25848.1,25858.87,
1760599800,25856.42,25862.65,25844.36,25848.96,
1760600400,25849.37,25892.79,25847.08,25890.49,
1760601000,25889.14,25912.77,25876.7,25908.83,
1760601600,25908.16,25908.16,25888.51,25888.51,
1760664000,25851.94,25851.94,25851.94,25851.94,
1760664600,25829.74,25859.82,25786.41,25843.55,
1760665200,25839.52,25848.76,25680.21,25696.48,
1760665800,25699.53,25699.53,25596.58,25613.29,
1760666400,25615.11,25615.11,25531.17,25545.11,
1760667000,25545.63,25562.39,25497.58,25499.74,
1760667600,25497.11,25521.82,25478.5,25514.69,
1760668200,25511.51,25592.66,25500.22,25581.28,
1760668800,25585.29,25624.4,25520.03,25528.59,
1760669400,25530.93,25582.06,25524.29,25581.6,
1760670000,25581.15,25584.9,25513.4,25514.51,
1760670600,25512.55,25550.34,25508.13,25541.56,
1760671200,25541.1,25588.75,25518.24,25518.24,
1760671800,25518.3,25523.47,25472.3,25479.64,
1760672400,25480.38,25490.99,25471.57,25472.73,
1760673000,25472.91,25488.1,25469.55,25473.29,
1760673600,25472.96,25473.09,25472.96,25473.09,
1760677200,25465.82,25471.55,25426.41,25431.66,
1760677800,25432.17,25435.58,25399.48,25404.84,
1760678400,25402.34,25450.8,25395.55,25449.35,
1760679000,25441.8,25452.92,25394.83,25408.52,
1760679600,25407.6,25425.89,25383.21,25410.65,
1760680200,25410.88,25426.87,25388.47,25403.45,
1760680800,25406.93,25438.52,25385.61,25405.51,
1760681400,25405.7,25405.7,25356.75,25383.65,
1760682000,25384.2,25386.6,25336.39,25347.28,
1760682600,25349.71,25365.33,25302.06,25319.93,
1760683200,25318.9,25356.86,25303.78,25306.17,
1760683800,25306.82,25310.48,25282.73,25307.2,
1760684400,25307.85,25313.34,25268.56,25272.56,
1760685000,25275.21,25277.82,25193.07,25197.37,
1760685600,25190.84,25197.79,25151.66,25175.02,
1760686200,25173.38,25199.34,25145.34,25186.43,
1760686800,25187.57,25220.72,25179.92,25216.27,
1760687400,25214.17,25243.74,25211.33,25234.06,
1760688000,25238.38,25247.1,25238.38,25247.1,
1760923200,25884.46,25884.46,25884.46,25884.46,
1760923800,25868.53,25868.53,25727.9,25782.05,
1760924400,25773.65,25792.96,25711.3,25759.02,
1760925000,25758.17,25769.83,25710.61,25741.02,
1760925600,25741.05,25839.09,25729.77,25810.21,
1760926200,25821.42,25821.42,25755.74,25795.61,
1760926800,25790.12,25843.68,25790.12,25840.03,
1760927400,25838.44,25904.48,25816.67,25897.6,
1760928000,25896.33,25912.77,25859.29,25859.29,
1760928600,25858.78,25880.79,25830.33,25852.31,
1760929200,25853.33,25879.48,25812.34,25821.31,
1760929800,25821.15,25887.7,25821.15,25883.53,
1760930400,25883.95,25888.42,25863.25,25865.46,
1760931000,25865.21,25880.97,25850.62,25852.79,
1760931600,25852.92,25868.5,25835.61,25838.96,
1760932200,25837.8,25854.89,25834.56,25853.01,
1760932800,25855.15,25855.15,25854.98,25854.98,
1760936400,25860.14,25873.78,25807.29,25826.95,
1760937000,25825.03,25839.08,25786.15,25802.66,
1760937600,25802.01,25859.04,25802.01,25859.04,
1760938200,25858.93,25864.96,25799.58,25822.45,
1760938800,25826.77,25830.35,25808.67,25824.17,
1760939400,25823.77,25841.56,25810,25815.75,
1760940000,25816.86,25818.25,25775.85,25802.47,
1760940600,25800.32,25800.32,25746.35,25751.08,
1760941200,25751.5,25815.35,25745.72,25793.58,
1760941800,25794.67,25828.05,25784.59,25826.85,
1760942400,25828.91,25847.14,25825.27,25841.43,
1760943000,25842.8,25849.5,25826.6,25833.55,
1760943600,25833.48,25853.89,25808.2,25852.04,
1760944200,25851.25,25878.85,25851.25,25871.09,
1760944800,25874.5,25889,25857.81,25869.81,
1760945400,25869.88,25876.72,25850.94,25870.56,
1760946000,25871.91,25903.83,25871.91,25887.76,
1760946600,25891.23,25894.06,25867.98,25874.41,
1760947200,25871.65,25871.65,25858.83,25858.83,
1761009600,26160.24,26160.24,26160.24,26160.24,
1761010200,26136.92,26218.25,26111.47,26208.04,
1761010800,26208.85,26249.3,26194.62,26230.29,
1761011400,26234.89,26257.06,26217.8,26233.22,
1761012000,26231.16,26280.01,26218.06,26239.44,
1761012600,26239.6,26278.63,26230.09,26259.66,
1761013200,26259.74,26367.35,26259.74,26356.3,
1761013800,26356.57,26366.1,26332.05,26346.54,
1761014400,26350.4,26361.17,26314.13,26330.05,
1761015000,26331.07,26332.2,26277.45,26285.37,
1761015600,26286.79,26337.05,26286.17,26328.16,
1761016200,26328.35,26361.29,26328.35,26347.9,
1761016800,26349.34,26361.01,26318.4,26320.01,
1761017400,26319.52,26324.51,26296.88,26312.16,
1761018000,26314.06,26314.06,26280.42,26290.4,
1761018600,26290.48,26292.21,26273.1,26287.62,
1761019200,26286.47,26286.47,26286.47,26286.47,
1761022800,26285.45,26289.66,26235.44,26250.87,
1761023400,26252.6,26280.24,26224.09,26271.1,
1761024000,26273.2,26288.19,26213.88,26227.17,
1761024600,26225.97,26256.21,26206.82,26215.14,
1761025200,26213.39,26217.17,26183.51,26185.07,
1761025800,26183.4,26203.42,26158.97,26203.42,
1761026400,26204.16,26233.67,26199.03,26222.9,
1761027000,26226.4,26227.49,26189.4,26190.4,
1761027600,26192.69,26219.12,26187.89,26187.89,
1761028200,26186.45,26196.09,26170.15,26184.27,
1761028800,26183.3,26192.8,26158.6,26169.03,
1761029400,26165.76,26191.98,26154.79,26181.78,
1761030000,26181.43,26181.69,26085.52,26094.3,
1761030600,26094.71,26103.48,26062.71,26082.41,
1761031200,26085.06,26085.06,26065.16,26065.38,
1761031800,26066.06,26066.95,26017.72,26023.39,
1761032400,26023.8,26063.76,26022.45,26043.19,
1761033000,26042.14,26065.96,26042.13,26054.53,
1761033600,26055.02,26055.02,26027.55,26027.55,
1761096000,25897.62,25897.62,25897.62,25897.62,
1761096600,25872.35,25909.9,25793.92,25794.38,
1761097200,25792.92,25862.52,25784.57,25858.02,
1761097800,25858.53,25887.44,25801.71,25843.03,
1761098400,25842.75,25857.71,25822.06,25857.71,
1761099000,25858.44,25891.97,25826.82,25865.54,
1761099600,25867.3,25927.23,25860.45,25916.73,
1761100200,25914.19,25931.64,25889.49,25899.67,
1761100800,25898.2,25947.88,25895.94,25935.93,
1761101400,25935.15,25941.7,25907.76,25917.77,
1761102000,25917.42,25917.42,25840.8,25843.01,
1761102600,25842.67,25842.67,25764.05,25767.51,
1761103200,25764.58,25764.58,25709.68,25742.13,
1761103800,25741.95,25741.95,25653.75,25691.63,
1761104400,25690.66,25698.84,25674,25698.67,
1761105000,25698.06,25703.56,25680.47,25697.11,
1761105600,25697.57,25697.57,25697.57,25697.57,
1761109200,25705.4,25774.29,25702.64,25751.13,
1761109800,25753.24,25783.54,25736.6,25770,
1761110400,25771.29,25824.38,25769.12,25822.04,
1761111000,25823.27,25823.27,25781.51,25783.61,
1761111600,25784.9,25787.19,25727.19,25766.63,
1761112200,25767.13,25775.95,25750.23,25754.25,
1761112800,25754.47,25784.4,25733.94,25767.06,
1761113400,25765.15,25786.15,25751.5,25753.92,
1761114000,25754.35,25786.02,25750.81,25779.73,
1761114600,25779.52,25803.9,25779.52,25798.12,
1761115200,25796.83,25834.13,25784.88,25829.53,
1761115800,25829.11,25830.82,25798.5,25807.07,
1761116400,25805.69,25807.86,25773.92,25784.25,
1761117000,25783.61,25786.82,25764.99,25782.51,
1761117600,25786.16,25805.35,25773.99,25803.07,
1761118200,25801.16,25815.64,25796.86,25799.52,
1761118800,25799.68,25813.16,25797.25,25809.44,
1761119400,25806.95,25812.12,25792.76,25806.44,
1761120000,25806.52,25806.52,25781.77,25781.77,
1761182400,25718.53,25718.53,25718.53,25718.53,
1761183000,25727.71,25871.9,25716.26,25762.22,
1761183600,25759.77,25775.28,25670.07,25675.19,
1761184200,25674.82,25699.27,25643.95,25643.95,
1761184800,25647.03,25674.28,25602.67,25610.78,
1761185400,25610.44,25694.24,25591.66,25694.24,
1761186000,25695.87,25772.74,25653.74,25771.96,
1761186600,25772.62,25836.79,25762.08,25794.1,
1761187200,25795.02,25817.67,25750.4,25750.4,
1761187800,25747.03,25765.12,25704.77,25718.07,
1761188400,25718.73,25771.1,25717.6,25767.69,
1761189000,25767.52,25855.32,25767.52,25855.32,
1761189600,25856.88,25870.36,25777.97,25779.14,
1761190200,25779.2,25781.28,25752.8,25753.39,
1761190800,25752.15,25770.19,25742.51,25744.93,
1761191400,25744.97,25759.55,25731.48,25757.34,
1761192000,25757.6,25759.64,25757.6,25759.64,
1761195600,25750.55,25800.74,25744.44,25773.82,
1761196200,25772.65,25775.98,25718.64,25749.23,
1761196800,25752.03,25764.86,25713.36,25713.36,
1761197400,25713.78,25725.41,25688.84,25690.64,
1761198000,25690.21,25734.88,25678.49,25719.49,
1761198600,25720.5,25773.35,25715.92,25766.27,
1761199200,25767.48,25847.18,25763.85,25824.62,
1761199800,25827.66,25848.02,25801.04,25821.46,
1761200400,25819.29,25874.59,25819.29,25852.51,
1761201000,25854.61,25972.13,25847.9,25949.16,
1761201600,25953.43,26080.84,25953.43,26025.65,
1761202200,26022.84,26048.08,26001.03,26041.6,
1761202800,26043.06,26044.18,25950.37,26004.26,
1761203400,26005.62,26019.01,25909.5,25912.29,
1761204000,25913.93,25943.98,25906.56,25934.18,
1761204600,25931.97,25953.74,25925.77,25946.99,
1761205200,25943.47,25948.12,25919.51,25927.5,
1761205800,25924.97,25929.93,25911.92,25928.81,
1761206400,25927.47,25967.98,25927.47,25967.98,
1761268800,26177.11,26177.11,26177.11,26177.11,
1761269400,26183.73,26239.96,26166.45,26213.24,
1761270000,26209.94,26211.08,26144.14,26144.14,
1761270600,26139.54,26161.5,26119.65,26136.72,
1761271200,26136.56,26200.26,26124.56,26189.36,
1761271800,26189.35,26196.79,26125.37,26143.74,
1761272400,26144.77,26154.33,26088.88,26091.49,
1761273000,26090.91,26131.06,26089.02,26121.25,
1761273600,26121.83,26121.83,26065.78,26108.7,
1761274200,26106.69,26131.75,26093.62,26096.95,
1761274800,26096.75,26105.98,26065.61,26096.83,
1761275400,26099.52,26111.4,26073.7,26080.08,
1761276000,26078.58,26115.86,26076.58,26106.75,
1761276600,26105.36,26130.24,26099.98,26105.37,
1761277200,26106.6,26112.37,26075.87,26079.73,
1761277800,26080.9,26122.21,26078.64,26122.21,
1761278400,26122.1,26122.1,26122.1,26122.1,
1761282000,26129.09,26180.97,26127.1,26174.14,
1761282600,26173.98,26177.23,26125.5,26152.22,
1761283200,26154.53,26159.67,26104.7,26111.51,
1761283800,26109.51,26119.54,26078.38,26093.48,
1761284400,26089.55,26109.36,26063.99,26104.22,
1761285000,26104.73,26143.01,26097.82,26141.28,
1761285600,26141.26,26142.64,26077.77,26085.64,
1761286200,26086.73,26094.99,26069.66,26090.96,
1761286800,26091.65,26118.06,26086.69,26102.4,
1761287400,26101,26144.83,26100.94,26128.15,
1761288000,26126.9,26146.38,26119.95,26146.38,
1761288600,26143.25,26158.22,26135.98,26146.61,
1761289200,26149.03,26174.91,26137.33,26155.28,
1761289800,26156.83,26178.11,26145.21,26178.11,
1761290400,26177.13,26184.89,26132.1,26145.9,
1761291000,26147.33,26184.24,26141.31,26179.03,
1761291600,26179.91,26192.13,26170.82,26178.38,
1761292200,26179.37,26182.27,26159.15,26166.32,
1761292800,26166.03,26166.03,26160.15,26160.15,
1761528000,26495.97,26495.97,26495.97,26495.97,
1761528600,26486.06,26486.06,26346.8,26362.09,
1761529200,26365.85,26395.33,26322.54,26340.58,
1761529800,26338.81,26454.53,26334.76,26419.33,
1761530400,26417.37,26458.49,26402.75,26405.36,
1761531000,26403.6,26453.3,26398.72,26436.66,
1761531600,26434.72,26434.72,26367.06,26386.33,
1761532200,26385.61,26421.36,26367.32,26395.1,
1761532800,26392.73,26395.54,26319.22,26361.08,
1761533400,26358.46,26387.8,26343.62,26385.08,
1761534000,26385.02,26390.71,26351.44,26383.44,
1761534600,26382.11,26398.03,26366.83,26396.87,
1761535200,26398.81,26414.46,26391.78,26405,
1761535800,26406.04,26428.18,26399.12,26412.02,
1761536400,26412.49,26418.35,26398.59,26404.38,
1761537000,26404.98,26432.8,26404.25,26427.2,
1761537600,26427.16,26427.34,26427.16,26427.34,
1761541200,26429.14,26430.87,26379.67,26393.1,
1761541800,26387.82,26411.32,26373.49,26385.17,
1761542400,26385.15,26423.14,26362.1,26414.81,
1761543000,26413.87,26436.2,26405.66,26435.23,
1761543600,26434.19,26445.72,26415.25,26431.35,
1761544200,26430.74,26431.07,26373.1,26381.96,
1761544800,26382.63,26435.44,26379.59,26430.44,
1761545400,26430.76,26431.76,26399.12,26415.19,
1761546000,26414.36,26431.94,26409.28,26430.85,
1761546600,26429.21,26433.57,26402.41,26417.67,
1761547200,26416.44,26431.51,26410.9,26415.14,
1761547800,26418.43,26428.55,26412.49,26428.55,
1761548400,26427.7,26449.45,26427.7,26443.97,
1761549000,26441.41,26448.06,26431.03,26438.75,
1761549600,26436.95,26440.13,26406.33,26412,
1761550200,26410.96,26436.46,26408.82,26426.79,
1761550800,26429,26439.98,26416.99,26421.85,
1761551400,26423.26,26423.26,26387.74,26409.12,
1761552000,26409.87,26433.7,26409.87,26433.7,
1761614400,26508.75,26508.75,26508.75,26508.75,
1761615000,26490.02,26519.24,26396.49,26397.51,
1761615600,26399.02,26432.66,26336.34,26347.28,
1761616200,26345.39,26380.74,26322.7,26368.54,
1761616800,26368.06,26407.56,26360.38,26388.7,
1761617400,26389.8,26423.81,26384.59,26393.22,
1761618000,26393.63,26394.02,26358.61,26390.21,
1761618600,26391.37,26392.98,26343.57,26347.91,
1761619200,26346.47,26370.22,26312.36,26319.96,
1761619800,26318.31,26366.3,26317.33,26363.32,
1761620400,26362.82,26407.54,26361.7,26387.1,
1761621000,26390.12,26422.77,26373.98,26402.71,
1761621600,26400.49,26435.71,26381.96,26419.15,
1761622200,26418.62,26438.24,26411.7,26424.77,
1761622800,26426.27,26446.48,26422.25,26443.55,
1761623400,26442.22,26452.86,26434.72,26436.29,
1761624000,26437.75,26437.75,26437.18,26437.18,
1761627600,26440.09,26493.14,26435.62,26470.66,
1761628200,26469.16,26471.9,26416.81,26436.24,
1761628800,26429.48,26432.02,26375.58,26392.26,
1761629400,26392.16,26397.09,26292.88,26295.58,
1761630000,26293.17,26330.11,26282.75,26321.77,
1761630600,26324.25,26356.89,26321.5,26335.87,
1761631200,26338.27,26359.07,26307,26335.35,
1761631800,26335.34,26350.72,26315.47,26322.88,
1761632400,26324.3,26339.72,26310.62,26311.21,
1761633000,26307.54,26331.12,26281.48,26281.48,
1761633600,26281.55,26314.36,26273.4,26313.83,
1761634200,26313.39,26313.39,26287.93,26306.23,
1761634800,26308.49,26310.4,26261.36,26271.03,
1761635400,26272.63,26284.5,26245.33,26271.52,
1761636000,26271.61,26312.14,26265.29,26308.34,
1761636600,26307.37,26307.37,26280.36,26289.85,
1761637200,26290.24,26311.73,26287.76,26293.63,
1761637800,26293.17,26316.87,26274.35,26312.5,
1761638400,26311.39,26346.14,26311.39,26346.14,
1761787200,26545.92,26545.92,26545.92,26545.92,
1761787800,26527.1,26537.34,26430.21,26482.16,
1761788400,26482.33,26528.34,26424.62,26443.34,
1761789000,26440.53,26525.71,26405.21,26486.96,
1761789600,26484.72,26497.08,26405.08,26447.8,
1761790200,26443.95,26528.58,26439.41,26505.46,
1761790800,26503.94,26537.87,26466.58,26511.09,
1761791400,26503.84,26557.77,26487.82,26491.58,
1761792000,26487.33,26537.47,26483.47,26517.94,
1761792600,26515.32,26540.8,26485.08,26506.95,
1761793200,26504.19,26565.85,26502.2,26557.8,
1761793800,26555.81,26588.89,26527.62,26538.11,
1761794400,26537.32,26548.53,26497.05,26498.84,
1761795000,26494.78,26503.65,26461.39,26479.33,
1761795600,26474.48,26474.48,26435.42,26453.66,
1761796200,26452.95,26490.96,26448.98,26490.23,
1761796800,26487.38,26488.42,26487.38,26488.42,
1761800400,26437.32,26438.3,26207.89,26260.98,
1761801000,26259.19,26262.92,26138.79,26173.86,
1761801600,26171.99,26329.96,26171.99,26319.48,
1761802200,26315.47,26372.67,26263.77,26365.63,
1761802800,26363.8,26382.52,26326.29,26326.29,
1761803400,26326.98,26333.99,26291.94,26291.94,
1761804000,26290.56,26299.17,26207.72,26216.5,
1761804600,26213.92,26243.96,26195.64,26207.55,
1761805200,26204.1,26236.03,26183.26,26184.82,
1761805800,26186.18,26230.01,26164.15,26167.49,
1761806400,26164.16,26217.21,26164.16,26199.51,
1761807000,26199.48,26210.29,26160.91,26179.56,
1761807600,26177.98,26285.25,26145.41,26243,
1761808200,26243.14,26389.54,26241.12,26337.59,
1761808800,26337.76,26363.43,26287.09,26298.15,
1761809400,26298.46,26329.28,26272.6,26278.6,
1761810000,26277.45,26313.51,26273.74,26291.71,
1761810600,26292.22,26306.8,26271.55,26284.47,
1761811200,26290.72,26290.72,26282.69,26282.69,
1761873600,26263.01,26263.01,26263.01,26263.01,
1761874200,26280.41,26283.96,26162.19,26225.45,
1761874800,26228.44,26233.94,26142.75,26179.66,
1761875400,26183,26267.37,26163.57,26247.77,
1761876000,26245.19,26270.6,26215.38,26242.5,
1761876600,26244.17,26271.17,26226.87,26235.89,
1761877200,26236.54,26245.78,26183.59,26190.81,
1761877800,26191.75,26191.75,26109.06,26161.71,
1761878400,26161.52,26168.1,26073.15,26102.4,
1761879000,26104.96,26152.28,26104.96,26133.97,
1761879600,26132.32,26132.62,26079.22,26080.09,
1761880200,26080.86,26104.79,26046.19,26056.11,
1761880800,26052.27,26096.78,26048.87,26048.87,
1761881400,26049.71,26082.3,26047.05,26074.91,
1761882000,26074.7,26080.14,26057.99,26065.7,
1761882600,26063.78,26066.54,26043.98,26051.36,
1761883200,26050.08,26050.08,26050.08,26050.08,
1761886800,26050.52,26058.71,25981.97,26034.45,
1761887400,26037.64,26064.73,26032.18,26032.41,
1761888000,26032.74,26092.23,26031.76,26072.94,
1761888600,26072.15,26104.84,26061.85,26063.69,
1761889200,26060.27,26064.58,26010.35,26011.17,
1761889800,26011.11,26014.94,25997.58,26003.63,
1761890400,26003.24,26032.1,25992.77,26020.97,
1761891000,26017.64,26031.79,26007.44,26023.2,
1761891600,26024.15,26049.6,26011.6,26036.19,
1761892200,26037.27,26042.39,26004.43,26019.91,
1761892800,26015.78,26024.86,25985.77,26003.87,
1761893400,26002.61,26007.42,25986.52,25996.55,
1761894000,26000.58,26014.37,25975.06,25979.93,
1761894600,25981.95,26007.96,25975.22,26000.8,
1761895200,26000.63,26003.92,25969.05,25987.6,
1761895800,25983.68,25987.05,25943.26,25948.69,
1761896400,25949.58,25953.11,25934.24,25948.95,
1761897000,25943.38,25963.97,25941.19,25959.07,
1761897600,25956.24,25956.24,25906.65,25906.65,
1762132800,25999.17,25999.17,25999.17,25999.17,
1762133400,26020.5,26075.5,25985.15,25985.15,
1762134000,25985.68,26023.31,25927.84,26012.38,
1762134600,26009.78,26034.13,25964.23,25977.6,
1762135200,25976.15,26038.61,25966.75,26008.23,
1762135800,26005.2,26064.59,25969.68,26057.12,
1762136400,26059.54,26062.43,25978.8,25978.8,
1762137000,25976.19,25986.89,25920.27,25929.27,
1762137600,25930.92,26034.5,25926.27,26034.5,
1762138200,26031.4,26062.42,26029.53,26051.86,
1762138800,26049.42,26053.05,26012.68,26043.62,
1762139400,26042.97,26044.46,25962.41,25962.41,
1762140000,25961.24,26010.62,25961.24,26003.65,
1762140600,26005.86,26049.1,26001.63,26046.04,
1762141200,26043.66,26050.56,26018.24,26023.88,
1762141800,26026.65,26063.86,26021.74,26056.2,
1762142400,26057.13,26057.13,26057.03,26057.03,
1762146000,26059.22,26114.54,26059.22,26112.85,
1762146600,26111.73,26165.18,26111.73,26134.97,
1762147200,26135.67,26156.56,26122.45,26152.81,
1762147800,26151.85,26174.75,26139.05,26145.22,
1762148400,26146.96,26189.31,26143.29,26167.13,
1762149000,26166.45,26186.97,26163.86,26176.92,
1762149600,26179.04,26217.12,26178.48,26195.87,
1762150200,26194.68,26199.66,26172.69,26191.94,
1762150800,26191.35,26191.35,26128.61,26143.29,
1762151400,26144.34,26186.2,26140.76,26159.16,
1762152000,26158.61,26193.92,26157.94,26165.4,
1762152600,26168.79,26187.93,26160.87,26174.13,
1762153200,26172.56,26182.68,26147.2,26174.36,
1762153800,26173.2,26178.14,26147.92,26166.6,
1762154400,26164.1,26181.59,26160.31,26166.15,
1762155000,26162.35,26175.02,26154.15,26158.42,
1762155600,26159.69,26170.06,26146.79,26150.73,
1762156200,26151.43,26157.02,26135.92,26154.67,
1762156800,26153.54,26158.36,26153.54,26158.36,
1762219200,26148.07,26148.07,26148.07,26148.07,
1762219800,26147.98,26243.64,26101.1,26217.6,
1762220400,26218.27,26291.65,26211.22,26244.82,
1762221000,26245.01,26245.01,26173.41,26215.32,
1762221600,26215.75,26220.14,26166.46,26218.27,
1762222200,26219.9,26233.62,26204.37,26213.54,
1762222800,26210.06,26220.23,26169.89,26218.14,
1762223400,26218.03,26268.89,26208.26,26209.18,
1762224000,26213.58,26217.5,26134.71,26147.93,
1762224600,26149.42,26192.28,26142.99,26191.66,
1762225200,26191.03,26222.67,26188.77,26204.47,
1762225800,26204.46,26253.91,26204.46,26251.61,
1762226400,26249.73,26263.89,26203.8,26236.79,
1762227000,26238.64,26243.82,26207.84,26210.67,
1762227600,26211.16,26213.65,26194.35,26211.52,
1762228200,26209.53,26221.59,26202.23,26208.18,
1762228800,26210.51,26210.51,26209.39,26209.39,
1762232400,26197.81,26197.81,26123.49,26154,
1762233000,26155.25,26156.04,26101.53,26102.45,
1762233600,26105.06,26123.31,26075.37,26115.81,
1762234200,26117.36,26118.51,26091.37,26097.31,
1762234800,26099.11,26102.18,26023.71,26035.32,
1762235400,26034.12,26060.96,26007.79,26043.53,
1762236000,26044.28,26052.69,25999.1,26000.01,
1762236600,26000.33,26000.33,25945.52,25950.86,
1762237200,25951.14,25956.82,25922.32,25923.98,
1762237800,25927.25,25964.68,25911.79,25950.92,
1762238400,25950.91,26016.64,25947.16,26006.69,
1762239000,26003.33,26015.31,25991.26,26001.43,
1762239600,26000.26,26000.26,25941.7,25964.04,
1762240200,25961.79,25967.78,25928.17,25946,
1762240800,25945.58,25969.81,25938.37,25963.06,
1762241400,25961.39,25984.64,25961.12,25978.42,
1762242000,25977.7,25996.16,25967.88,25991.37,
1762242600,25991.95,26004.66,25976.02,25979.94,
1762243200,25983.52,25983.52,25952.4,25952.4,
1762305600,25701.63,25701.63,25701.63,25701.63,
1762306200,25631.46,25664.13,25496.13,25590.23,
1762306800,25591.86,25710.4,25585.43,25710.4,
1762307400,25712.11,25715.26,25666.79,25680.94,
1762308000,25677.02,25705.21,25632.55,25682.68,
1762308600,25680.08,25729.97,25645.51,25657.37,
1762309200,25656.45,25683.8,25624.89,25625.96,
1762309800,25624.64,25670.28,25591.42,25665.77,
1762310400,25665.5,25672.93,25606.87,25650.79,
1762311000,25653.48,25666.53,25624.54,25663.19,
1762311600,25663.13,25796.31,25662.39,25796.31,
1762312200,25798,25813.34,25778.3,25800.98,
1762312800,25799.13,25819.56,25764.97,25805.08,
1762313400,25806.77,25824.85,25792,25821.34,
1762314000,25824.08,25883.91,25823.73,25848.4,
1762314600,25847.19,25880.81,25839.19,25878.78,
1762315200,25878.85,25878.85,25878.8,25878.8,
1762318800,25878.27,25920.57,25836,25903.04,
1762319400,25901.06,25937.61,25860.58,25878.03,
1762320000,25878.97,25890.01,25853.06,25874.43,
1762320600,25875.19,25914.26,25875.19,25910.92,
1762321200,25911.95,25931.33,25890.96,25898.11,
1762321800,25899.63,25908.67,25858.66,25863.51,
1762322400,25864.17,25906.04,25856.04,25902.66,
1762323000,25903.15,25951.96,25900.28,25947.8,
1762323600,25949.97,25980.9,25946.06,25960.66,
1762324200,25959.93,25978.53,25927.15,25949.5,
1762324800,25947.74,25956.68,25911.63,25911.89,
1762325400,25914.11,25916.07,25882.92,25897.09,
1762326000,25898.58,25898.92,25856.27,25875.14,
1762326600,25875.58,25886.94,25860.18,25865.05,
1762327200,25863.85,25875.97,25848.77,25857.24,
1762327800,25858.88,25868.94,25837.99,25859.84,
1762328400,25861.46,25884.41,25857.3,25878.37,
1762329000,25876.22,25906.5,25873.59,25889.67,
1762329600,25894.53,25935.41,25894.53,25935.41,
1762392000,26061.58,26061.58,26061.58,26061.58,
1762392600,26065.58,26144.37,26065.58,26105.64,
1762393200,26103.98,26174.48,26095.06,26126.61,
1762393800,26124.18,26175.72,26108.23,26148.2,
1762394400,26149.39,26172.37,26121.8,26168.53,
1762395000,26168.05,26222.16,26137.29,26217.25,
1762395600,26218.57,26254.71,26215.55,26231.64,
1762396200,26229.8,26301.72,26229.8,26293.6,
1762396800,26291.04,26319.77,26286.62,26304.76,
1762397400,26302.17,26344.28,26300.26,26313.52,
1762398000,26317.86,26353.09,26289.88,26304.13,
1762398600,26300.43,26352.83,26290.42,26340.68,
1762399200,26343.87,26372.66,26331.04,26352.63,
1762399800,26350.07,26370.62,26345.81,26358.83,
1762400400,26359.2,26374.07,26349.87,26370.58,
1762401000,26369.5,26381.36,26356.98,26362.2,
1762401600,26362.15,26362.15,26361.4,26361.4,
1762405200,26359.09,26377.35,26343.81,26350.93,
1762405800,26345.53,26350.23,26318.73,26330.65,
1762406400,26331.7,26370.72,26329.49,26364,
1762407000,26361.79,26372.33,26341.05,26355.24,
1762407600,26355.81,26356.24,26316.71,26331.35,
1762408200,26331.96,26357.99,26331.96,26349.72,
1762408800,26350.08,26393.86,26350.08,26363.14,
1762409400,26361.84,26382.45,26351.63,26378.57,
1762410000,26382.53,26396.94,26374.89,26391.01,
1762410600,26390.05,26409.17,26376.67,26400.58,
1762411200,26401.29,26417.39,26391.51,26414.57,
1762411800,26414.91,26417.88,26396.04,26403.25,
1762412400,26403.12,26437.93,26399.11,26430.87,
1762413000,26430.16,26464.68,26419.59,26455.88,
1762413600,26458.2,26479.95,26457.17,26474.84,
1762414200,26474.02,26490.71,26451.29,26455.79,
1762414800,26455.44,26472.89,26444.37,26472.89,
1762415400,26473.14,26483.65,26455.83,26461.48,
1762416000,26461.42,26485.9,26461.42,26485.9,
1762478400,26350.74,26350.74,26350.74,26350.74,
1762479000,26324.21,26344.5,26286.4,26323.44,
1762479600,26321.07,26371.46,26287.07,26290.05,
1762480200,26284.42,26340.07,26279.73,26332.52,
1762480800,26332.27,26341.6,26266.11,26282.5,
1762481400,26280.86,26285.57,26235.96,26246.22,
1762482000,26249.32,26266.78,26232.74,26251.17,
1762482600,26249.28,26315.82,26244.94,26302.67,
1762483200,26304.27,26304.31,26258.47,26268.54,
1762483800,26267.47,26326.83,26265.12,26322.94,
1762484400,26324.07,26340.86,26304.25,26307.64,
1762485000,26308.87,26309.97,26250.8,26258.97,
1762485600,26257.52,26259.82,26216.62,26218.09,
1762486200,26218.74,26223.64,26198.78,26205.26,
1762486800,26204.74,26205.31,26171.1,26176.78,
1762487400,26178.73,26186.7,26167.23,26182.75,
1762488000,26183.08,26184.19,26183.08,26184.19,
1762491600,26183.66,26249.7,26177.39,26243.06,
1762492200,26241.66,26253.56,26211.63,26246.02,
1762492800,26246.94,26250.49,26232.57,26244.51,
1762493400,26243.8,26259.85,26239.2,26247.37,
1762494000,26248.57,26264.32,26191.39,26193.13,
1762494600,26194.83,26222.41,26192.2,26209.09,
1762495200,26210.45,26238.83,26203.2,26217.71,
1762495800,26217.75,26235.17,26209.52,26231.73,
1762496400,26229.81,26253,26229.81,26238.27,
1762497000,26240.67,26259.77,26221.5,26237.83,
1762497600,26239.32,26249.49,26221.09,26227.28,
1762498200,26225.8,26233.07,26219.45,26224.89,
1762498800,26225.09,26229.65,26190.58,26194.4,
1762499400,26194.59,26219.05,26185.69,26208.21,
1762500000,26210.34,26220.35,26196.81,26206.18,
1762500600,26204.31,26217.42,26199.93,26210.88,
1762501200,26208.9,26246.6,26206.36,26243.74,
1762501800,26243.67,26244.37,26219.69,26229.53,
1762502400,26232.33,26241.83,26232.33,26241.83,
1762737600,26319.4,26319.4,26319.4,26319.4,
1762738200,26337.32,26441.09,26337.32,26383.89,
1762738800,26384.15,26396.71,26302.93,26358.43,
1762739400,26357.09,26402.43,26342.98,26353.92,
1762740000,26350.45,26382.11,26318.29,26318.29,
1762740600,26320.37,26371.43,26317.34,26348.64,
1762741200,26346.06,26412.48,26338.69,26366.58,
1762741800,26368.46,26392.46,26360.63,26381.23,
1762742400,26383.37,26392.34,26361.23,26392.34,
1762743000,26392.92,26420.73,26376.63,26376.63,
1762743600,26375.41,26396.8,26362.48,26395.45,
1762744200,26397.3,26415.22,26379.44,26411.27,
1762744800,26409.88,26410.18,26369.05,26384.17,
1762745400,26384.32,26404.02,26384.32,26394.07,
1762746000,26393.26,26402.54,26386.13,26401.09,
1762746600,26398.1,26407.21,26392.36,26399.04,
1762747200,26403.05,26403.05,26403.05,26403.05,
1762750800,26405.46,26467.45,26405.46,26449.36,
1762751400,26455.32,26496.19,26442.57,26496.01,
1762752000,26494.2,26566.84,26494.2,26566.84,
1762752600,26567.45,26589.64,26545.47,26568.47,
1762753200,26568.24,26594.29,26561.93,26567.43,
1762753800,26563.76,26610.37,26554.95,26606.64,
1762754400,26604.82,26609.13,26575.09,26598.83,
1762755000,26598.43,26618.63,26596.63,26602.21,
1762755600,26601.94,26626.33,26597.63,26617.47,
1762756200,26617.62,26651.24,26617.62,26641.44,
1762756800,26644.7,26661.62,26634.54,26653.05,
1762757400,26655.57,26658.67,26617.29,26622.44,
1762758000,26622.85,26647.73,26616.98,26642.78,
1762758600,26643.99,26658.93,26640.12,26657.96,
1762759200,26657.99,26665.4,26648.37,26659.07,
1762759800,26660.41,26668.89,26643.65,26651.26,
1762760400,26652.65,26668.38,26648.64,26660.59,
1762761000,26662.34,26666.03,26643.27,26643.27,
1762761600,26644.65,26649.06,26644.65,26649.06,
1762824000,26748.09,26748.09,26748.09,26748.09,
1762824600,26726.39,26788.43,26692.08,26695.17,
1762825200,26694.27,26755.37,26689.56,26716.55,
1762825800,26714.48,26725.01,26679.19,26700.12,
1762826400,26699.76,26713.77,26648.04,26685.9,
1762827000,26687.53,26693.06,26642.63,26654.34,
1762827600,26654.53,26657.28,26599.47,26603.94,
1762828200,26603.82,26626.47,26584.76,26623.26,
1762828800,26622.79,26628.74,26560.37,26560.37,
1762829400,26560.62,26568.66,26511.25,26532.53,
1762830000,26532.63,26568.29,26523.89,26566.66,
1762830600,26569.13,26599.34,26560.46,26574.86,
1762831200,26571.92,26589.52,26566.68,26572.86,
1762831800,26571.56,26571.56,26546.28,26548.42,
1762832400,26548.43,26562.61,26539.29,26558.73,
1762833000,26564.61,26598.27,26558.01,26595.29,
1762833600,26595.97,26595.97,26595.97,26595.97,
1762837200,26594.22,26596.21,26545.19,26551.75,
1762837800,26551.14,26558.93,26526.26,26531.88,
1762838400,26531.71,26548.39,26517.49,26545.03,
1762839000,26545.5,26580.82,26542.19,26554.76,
1762839600,26555.29,26585.8,26553.7,26585.8,
1762840200,26581.81,26597.24,26549.01,26552.07,
1762840800,26551.28,26576.14,26531.16,26573.42,
1762841400,26572.79,26600.6,26572.79,26590.79,
1762842000,26590.04,26627.53,26587.77,26603.49,
1762842600,26601.66,26610.59,26582.37,26584.85,
1762843200,26583.81,26600.04,26578.44,26585.5,
1762843800,26582.77,26620.9,26582.77,26619.42,
1762844400,26617.71,26622.77,26596.82,26611.39,
1762845000,26611.09,26688.74,26608.69,26686.85,
1762845600,26685.1,26703.47,26656.89,26656.89,
1762846200,26657.86,26679.99,26653.09,26670.23,
1762846800,26671.46,26704.21,26664.65,26682.7,
1762847400,26680.64,26692.61,26670.84,26671.41,
1762848000,26672.41,26696.41,26672.41,26696.41,
1762910400,26754.93,26754.93,26754.93,26754.93,
1762911000,26754.83,26786.66,26739.09,26782.04,
1762911600,26781.78,26852.55,26781.78,26837.13,
1762912200,26841.01,26909.93,26823.84,26909.2,
1762912800,26905.85,26967.34,26905.85,26961.96,
1762913400,26961.24,26998.26,26944.15,26981.61,
1762914000,26982.29,26993.36,26958.83,26982.81,
1762914600,26983.54,27016.4,26981.07,27007.32,
1762915200,27008.14,27012.82,26903.54,26923.44,
1762915800,26921.74,26944.82,26873.68,26886.16,
1762916400,26892.15,26892.26,26815.47,26838.5,
1762917000,26840.61,26880.32,26834.06,26867.91,
1762917600,26868.22,26898.3,26855.67,26858.53,
1762918200,26858.97,26894.4,26841.86,26885.4,
1762918800,26881.92,26885.56,26859.19,26874.64,
1762919400,26874.98,26880.71,26857,26863.78,
1762920000,26865.12,26865.12,26863.26,26863.26,
1762923600,26862.82,26862.82,26813.53,26833.79,
1762924200,26831.07,26848.9,26791.63,26791.63,
1762924800,26793.65,26822.1,26776.34,26808.45,
1762925400,26810.25,26835.62,26807.7,26828.01,
1762926000,26827.01,26876.13,26824.21,26866.52,
1762926600,26866.37,26874.29,26847.87,26852.99,
1762927200,26852.74,26876.48,26842.34,26873.56,
1762927800,26873.27,26882.61,26845.64,26859.46,
1762928400,26860.65,26874.24,26848.22,26872.91,
1762929000,26872.73,26917.2,26872.24,26913.3,
1762929600,26914.83,26920.76,26901.77,26906.97,
1762930200,26906.73,26934.63,26906.73,26931.86,
1762930800,26930.85,26954.95,26927.52,26945.96,
1762931400,26941.28,26947.76,26917.97,26918.83,
1762932000,26919.33,26934.76,26913.42,26927.37,
1762932600,26929.66,26932.83,26915.9,26926.97,
1762933200,26926.27,26939.58,26918.22,26936.07,
1762933800,26935.26,26937.43,26907.77,26911.19,
1762934400,26911.33,26922.73,26911.33,26922.73,
1762996800,26779.48,26779.48,26779.48,26779.48,
1762997400,26779.41,26891,26779.41,26862.25,
1762998000,26865.73,26897.67,26862.03,26874.13,
1762998600,26872.08,26889,26827.07,26889,
1762999200,26887.71,26908.42,26861.78,26861.78,
1762999800,26860.14,26875.54,26814.65,26820.74,
1763000400,26822.55,26832.32,26772.43,26788.93,
1763001000,26789.71,26814.49,26775.53,26793.3,
1763001600,26791.57,26854.28,26787.19,26847.71,
1763002200,26850.35,26853.53,26818.63,26838.61,
1763002800,26840.34,26848.43,26794.26,26803.35,
1763003400,26804.84,26831.76,26802.55,26811.62,
1763004000,26811.8,26836.69,26795.54,26834.79,
1763004600,26833.98,26836.99,26784.76,26787.46,
1763005200,26787.09,26787.09,26733.21,26744.43,
1763005800,26738.28,26767.57,26738.28,26765.66,
1763006400,26766.78,26766.78,26766.71,26766.71,
1763010000,26773.13,26830.43,26768.16,26821.3,
1763010600,26815.84,26824.06,26797.88,26808.07,
1763011200,26809.01,26823.02,26797.36,26802.22,
1763011800,26805.32,26871,26801.36,26871,
1763012400,26867.7,26878.07,26827.04,26833.52,
1763013000,26831.77,26858.2,26823.43,26853.15,
1763013600,26852.1,26900.04,26836.39,26891.58,
1763014200,26888.43,26916.78,26884.02,26896.73,
1763014800,26892.13,26945.11,26890.94,26926.76,
1763015400,26922.52,26987.03,26917.98,26986.48,
1763016000,26989.63,27141.57,26989.22,27141.57,
1763016600,27138.29,27188.81,27098.84,27104.9,
1763017200,27102.99,27105.79,26996.38,26997.64,
1763017800,27001.92,27026.74,26982.24,26992.45,
1763018400,26989.73,27026.51,26980.47,27017.1,
1763019000,27016.74,27037.49,27009.86,27026.19,
1763019600,27021.74,27068.61,27013.61,27065.5,
1763020200,27068.49,27069.19,27038.42,27058.27,
1763020800,27058.97,27073.03,27058.97,27073.03,
1763083200,26660.31,26660.31,26660.31,26660.31,
1763083800,26662.87,26798.54,26662.87,26780.24,
1763084400,26781.67,26781.67,26722.87,26749.51,
1763085000,26748.7,26813.06,26747.11,26800.1,
1763085600,26803.3,26813.77,26781.13,26807.22,
1763086200,26808.11,26851.05,26802.54,26837.74,
1763086800,26837.21,26858.6,26825.96,26856.82,
1763087400,26855.69,26881.88,26840.73,26848.33,
1763088000,26848.66,26849.57,26780.96,26785.74,
1763088600,26784.99,26823.89,26766.5,26773.7,
1763089200,26772.55,26790.11,26764.79,26770.53,
1763089800,26769.48,26808.1,26767.82,26789.66,
1763090400,26791.69,26805.37,26782.45,26788.98,
1763091000,26786.57,26788,26732.79,26733.67,
1763091600,26734.89,26741.65,26719.35,26738.72,
1763092200,26741.73,26743.57,26717.44,26728.83,
1763092800,26732.99,26732.99,26732.99,26732.99,
1763096400,26717.28,26723.92,26661.54,26677.2,
1763097000,26678.21,26688.34,26638.38,26654.35,
1763097600,26652.57,26678.33,26652.57,26671.09,
1763098200,26669.4,26701.62,26656.77,26701.62,
1763098800,26696.64,26723.2,26695.66,26707.87,
1763099400,26704.46,26709.51,26671.79,26701.98,
1763100000,26701.7,26724.28,26699.64,26711.38,
1763100600,26710.03,26717.88,26675.52,26682.04,
1763101200,26683.45,26703.11,26659.4,26664.17,
1763101800,26661.36,26694.82,26661.36,26667.57,
1763102400,26666.1,26682.77,26652.62,26656.74,
1763103000,26654.54,26656.22,26612.73,26639.86,
1763103600,26639.03,26639.98,26587.54,26601.09,
1763104200,26598.95,26603.51,26562.38,26565.12,
1763104800,26561.61,26586.76,26535.42,26586.76,
1763105400,26589.62,26600.85,26583.16,26586.13,
1763106000,26584.05,26592.35,26564.85,26570.95,
1763106600,26571.42,26597.75,26567.59,26590.81,
1763107200,26589.39,26589.39,26572.46,26572.46,
1763342400,26441.7,26441.7,26441.7,26441.7,
1763343000,26486.03,26505.72,26436.66,26464.33,
1763343600,26461.48,26531.8,26407.81,26419.25,
1763344200,26419.48,26443.41,26356.88,26363.12,
1763344800,26359.8,26482.43,26358.92,26471.25,
1763345400,26471.99,26516.3,26468.3,26508.44,
1763346000,26510.39,26512.11,26427.06,26444.08,
1763346600,26445.32,26445.38,26406.94,26445.26,
1763347200,26441.84,26478.47,26425.99,26472.77,
1763347800,26474.14,26489.68,26429.73,26433.75,
1763348400,26433.54,26433.54,26401.99,26412.12,
1763349000,26414.47,26426.58,26373.19,26381.63,
1763349600,26379.31,26397.21,26348.99,26359.88,
1763350200,26362.79,26373.46,26325.22,26332.4,
1763350800,26331.6,26350.95,26326.92,26350.95,
1763351400,26351.19,26366.83,26347.14,26358.57,
1763352000,26359.19,26359.22,26359.19,26359.22,
1763355600,26360.96,26414.58,26355.24,26362.03,
1763356200,26363.8,26397.47,26348.21,26353.17,
1763356800,26351.35,26362.97,26332.69,26348.76,
1763357400,26348.13,26348.98,26290.39,26293.36,
1763358000,26294.29,26326.77,26292.81,26318.83,
1763358600,26318.64,26322.98,26283.02,26283.18,
1763359200,26280.83,26284.92,26254.09,26261.13,
1763359800,26258.83,26304.72,26252.36,26299.38,
1763360400,26299.71,26311.22,26280.72,26305.28,
1763361000,26302.36,26330.77,26290.01,26316.69,
1763361600,26314.55,26330.15,26300.27,26319.3,
1763362200,26318.78,26319.5,26298.48,26304.71,
1763362800,26302.81,26318.37,26283.15,26314.05,
1763363400,26312.14,26370.21,26306.42,26367.35,
1763364000,26369.32,26377.38,26345.18,26348.54,
1763364600,26349.78,26388.3,26346.66,26380.84,
1763365200,26382.06,26385.63,26358.34,26361.8,
1763365800,26360.7,26367.59,26344.9,26357.7,
1763366400,26354.42,26384.28,26354.42,26384.28,
1763428800,26172.27,26172.27,26172.27,26172.27,
1763429400,26149.83,26181.66,26095.68,26153.45,
1763430000,26156.53,26161.04,26063.04,26094.76,
1763430600,26095.15,26097.98,25993.48,26001.56,
1763431200,26002.77,26040.49,25989.8,26038.44,
1763431800,26038.12,26088.29,26032.58,26087.96,
1763432400,26085.77,26168.39,26084.33,26165.36,
1763433000,26167.54,26188.82,26116.29,26117.83,
1763433600,26120.05,26171.75,26119.84,26163,
1763434200,26161.34,26161.64,26073.93,26074.5,
1763434800,26076.75,26101.46,26064.63,26083.68,
1763435400,26084.89,26091.85,26043.89,26087.8,
1763436000,26083.59,26092.58,26052.76,26071.1,
1763436600,26068.28,26069.4,26030.4,26031.71,
1763437200,26035.54,26036.9,26006.41,26010.18,
1763437800,26013.77,26013.77,25981.61,25998.54,
1763438400,25997.2,25997.2,25997.2,25997.2,
1763442000,25967.41,25967.41,25935.48,25936.43,
1763442600,25936.45,25957.45,25921.26,25957.45,
1763443200,25955.33,25970.32,25927.16,25927.75,
1763443800,25926.76,25951.61,25926.76,25948.75,
1763444400,25950.46,25993.72,25943.19,25990.57,
1763445000,25989.84,25990.63,25928.58,25928.58,
1763445600,25929.28,25932.7,25899.62,25902.92,
1763446200,25900.14,25902.22,25869.94,25869.96,
1763446800,25870.49,25877.55,25843.94,25864.87,
1763447400,25864.42,25892.76,25850.66,25853.15,
1763448000,25854.53,25873.44,25851.22,25862.21,
1763448600,25864.88,25879.16,25857.94,25867.97,
1763449200,25868.07,25868.07,25828.22,25828.95,
1763449800,25827.72,25859.6,25821.84,25855.08,
1763450400,25854.58,25893.4,25849.88,25891.87,
1763451000,25891.96,25916.87,25887.39,25912.63,
1763451600,25910.88,25915.52,25891.45,25904.7,
1763452200,25904.14,25908.92,25882.13,25898.98,
1763452800,25892.29,25930.03,25892.29,25930.03,
1763515200,25954.23,25954.23,25954.23,25954.23,
1763515800,25960.24,26002.76,25879.76,25896.54,
1763516400,25898.56,25966.76,25894.31,25938.45,
1763517000,25935.85,25946.44,25879.56,25941.28,
1763517600,25940.66,25976.93,25932.82,25944.63,
1763518200,25943.17,25964.65,25908.5,25947.84,
1763518800,25948.61,25975.96,25933.04,25973.42,
1763519400,25973.97,26045.37,25973.97,26005.59,
1763520000,26007.83,26019.6,25988.26,26002.06,
1763520600,26000.77,26001.62,25920.62,25922.08,
1763521200,25921.96,25938.82,25908.83,25936.39,
1763521800,25937.48,25942,25868.64,25871.03,
1763522400,25867.04,25887.78,25838.17,25840.57,
1763523000,25841.15,25842.39,25802.48,25809.78,
1763523600,25808.46,25838.93,25804.58,25815.33,
1763524200,25813.57,25820,25801.81,25812.28,
1763524800,25812.77,25812.77,25812.54,25812.54,
1763528400,25808.07,25854.33,25799.17,25849.44,
1763529000,25849.15,25849.35,25778.95,25778.95,
1763529600,25779.14,25800.5,25742.4,25751.26,
1763530200,25750.83,25805.53,25750.83,25781.02,
1763530800,25780.47,25780.47,25742.07,25761.33,
1763531400,25761.85,25821.36,25761.41,25821.36,
1763532000,25821.81,25823.4,25764.73,25790,
1763532600,25780.6,25854.79,25770.79,25843.85,
1763533200,25845.46,25865.49,25841.27,25862.31,
1763533800,25862.45,25878.22,25840.39,25844.57,
1763534400,25848.67,25848.67,25801.17,25822.28,
1763535000,25819.39,25847,25819.39,25841.51,
1763535600,25842.55,25860.2,25831.23,25836.11,
1763536200,25835.23,25852.84,25823.35,25839.15,
1763536800,25838.88,25844.29,25817.21,25821.37,
1763537400,25821.79,25846.77,25820.37,25835.93,
1763538000,25837.83,25862.18,25837,25854.91,
1763538600,25855.81,25856.9,25836.36,25836.71,
1763539200,25837.83,25837.83,25830.65,25830.65,
1763601600,25999.78,25999.78,25999.78,25999.78,
1763602200,26036.75,26046.76,25944.74,25947.21,
1763602800,25947.5,25986.95,25939.43,25978.18,
1763603400,25978.28,25990.93,25899.5,25929.5,
1763604000,25930.68,25944.64,25877.74,25878.26,
1763604600,25878.51,25901.53,25820.97,25822.36,
1763605200,25823.25,25851.66,25808.36,25808.36,
1763605800,25811.85,25820.57,25772.47,25803.46,
1763606400,25805.81,25853.23,25798.84,25852.49,
1763607000,25852.05,25853.07,25753.05,25761.56,
1763607600,25755.61,26006.91,25755.61,25874.82,
1763608200,25874.25,25880.46,25795.85,25840.74,
1763608800,25841.85,25940.32,25829.42,25937.78,
1763609400,25937.09,25969.09,25883.35,25885.79,
1763610000,25884.58,25886.81,25838.65,25844.23,
1763610600,25847.56,25880.08,25847.56,25864.3,
1763611200,25867.63,25867.87,25867.63,25867.87,
1763614800,25868.48,25895.32,25845.32,25872.69,
1763615400,25872.76,25900.81,25867.12,25898.92,
1763616000,25896.72,25900.31,25809.48,25821.38,
1763616600,25818.53,25822.25,25782.05,25782.05,
1763617200,25783.35,25802.33,25768.18,25796.5,
1763617800,25795.18,25796.1,25771.11,25777.54,
1763618400,25779.08,25789.59,25765.24,25775.89,
1763619000,25776.73,25780.74,25733.66,25733.66,
1763619600,25729.59,25731.72,25692.13,25704.22,
1763620200,25707.65,25762.65,25705.47,25758.69,
1763620800,25758.71,25772.28,25701.22,25706.84,
1763621400,25710.18,25753.48,25708.94,25740.2,
1763622000,25741.56,25751,25719.2,25749.85,
1763622600,25746.12,25769.79,25738.39,25747.68,
1763623200,25745.8,25769.21,25741.71,25757.57,
1763623800,25759.07,25789.8,25750.72,25781.56,
1763624400,25782.03,25822.72,25778.09,25820.7,
1763625000,25820.57,25847.18,25818.2,25828.59,
1763625600,25831.04,25835.57,25831.04,25835.57,
1763688000,25460.42,25460.42,25460.42,25460.42,
1763688600,25447.38,25447.38,25283.71,25306.19,
1763689200,25306.27,25437.18,25306.27,25434.45,
1763689800,25438.31,25455.91,25392.23,25422.68,
1763690400,25424.66,25483.67,25403.74,25442.48,
1763691000,25439.04,25441.33,25326.38,25340.58,
1763691600,25341,25342.88,25288.19,25288.19,
1763692200,25287.01,25308.66,25251.55,25251.55,
1763692800,25251.24,25278.44,25194.96,25222.04,
1763693400,25218.42,25233.45,25178.63,25223.85,
1763694000,25227.55,25277.26,25226.81,25272.74,
1763694600,25272.36,25272.54,25206.27,25259.89,
1763695200,25259.31,25278.08,25246.83,25265.66,
1763695800,25266.54,25287.99,25249.93,25281.27,
1763696400,25280.96,25310.78,25280.96,25300.55,
1763697000,25298.32,25315.25,25293.65,25299.92,
1763697600,25300.28,25300.28,25300.28,25300.28,
1763701200,25287.76,25383.51,25287.76,25362.77,
1763701800,25365.14,25429.62,25354.07,25416.23,
1763702400,25415.36,25460.11,25386.14,25423.41,
1763703000,25427.19,25474.58,25419.42,25444.29,
1763703600,25446.61,25464.15,25415.16,25418.77,
1763704200,25416.97,25424.84,25397.72,25405.9,
1763704800,25407.25,25467.18,25398.24,25418.35,
1763705400,25419.2,25462.66,25413.86,25433.65,
1763706000,25433.37,25439.67,25374.71,25385.6,
1763706600,25382.29,25400.41,25344.86,25346.51,
1763707200,25348.22,25369.58,25332.88,25363.47,
1763707800,25363.22,25386.22,25317.79,25319.27,
1763708400,25318.12,25318.12,25254.94,25261.65,
1763709000,25259.88,25290.8,25245.23,25279.78,
1763709600,25278.86,25295.99,25263.51,25265.32,
1763710200,25263.83,25280.96,25243.81,25243.81,
1763710800,25241.14,25247.3,25207.93,25216.82,
1763711400,25208.59,25225.3,25183,25194.05,
1763712000,25189.41,25220.02,25189.41,25220.02,
1763947200,25452.87,25452.87,25452.87,25452.87,
1763947800,25491.17,25520.13,25429.61,25434.91,
1763948400,25436.09,25497.86,25423.9,25466.53,
1763949000,25465.09,25465.09,25426.31,25456.14,
1763949600,25455.2,25469.92,25369.29,25375.57,
1763950200,25376.28,25513.23,25376.28,25513.23,
1763950800,25514.55,25591.54,25513.38,25565.08,
1763951400,25563.35,25597.15,25531.94,25597.15,
1763952000,25598.58,25656.71,25598.58,25610.81,
1763952600,25611.85,25636.98,25550.53,25557.01,
1763953200,25562.78,25598.41,25549.94,25551.93,
1763953800,25554.24,25606.4,25515.68,25548.77,
1763954400,25553.38,25563.58,25527.73,25542.06,
1763955000,25543.09,25571.17,25523.74,25525.32,
1763955600,25529.15,25556.56,25524.83,25545.63,
1763956200,25548.24,25585.45,25547.08,25579.06,
1763956800,25578.88,25578.88,25578.88,25578.88,
1763960400,25580.85,25625.39,25513.41,25616.22,
1763961000,25615.47,25676.89,25615.47,25670.19,
1763961600,25671.74,25743.61,25671.29,25739.89,
1763962200,25740.08,25747.07,25707.35,25709.35,
1763962800,25711.61,25743.37,25711.61,25723.62,
1763963400,25723.95,25759.27,25713.27,25716.29,
1763964000,25712.76,25770.45,25712.76,25725.43,
1763964600,25725.94,25730.83,25683.28,25715.1,
1763965200,25712.21,25759.65,25712.21,25754.26,
1763965800,25756.44,25764.18,25725.29,25732.04,
1763966400,25728.95,25735.41,25678.43,25686.29,
1763967000,25684.51,25685.51,25662.72,25676.05,
1763967600,25679.96,25692.86,25645.02,25688.08,
1763968200,25688.87,25718.07,25685.18,25692.43,
1763968800,25690.35,25705.76,25685.26,25688.67,
1763969400,25692.79,25694.79,25658,25669.87,
1763970000,25666.33,25672.19,25653.42,25657.16,
1763970600,25661.29,25673.72,25649.58,25668.15,
1763971200,25664.69,25716.5,25664.69,25716.5,
1764033600,25948.9,25948.9,25948.9,25948.9,
1764034200,25949.51,26011.58,25946.09,25979.43,
1764034800,25980.51,26001.1,25919.38,25961.55,
1764035400,25960.12,25986.14,25927.21,25938.39,
1764036000,25935.68,25979.99,25915.26,25949.16,
1764036600,25947.88,26006.07,25947.88,26003.75,
1764037200,26004.8,26031.33,26001.41,26024.78,
1764037800,26025.45,26050.16,26017.6,26047.09,
1764038400,26044.62,26069.22,26028.28,26047.63,
1764039000,26046.74,26054.49,26019.14,26019.14,
1764039600,26021.88,26031.62,25994.81,26006.23,
1764040200,26010.56,26030.13,26006.35,26030.05,
1764040800,26028.62,26037.33,26019,26029.95,
1764041400,26030.76,26033.89,25937.38,25937.38,
1764042000,25937.92,25937.92,25884.56,25889.32,
1764042600,25889.1,25893.39,25866.98,25874.08,
1764043200,25873.27,25875.36,25873.27,25875.36,
1764046800,25878.98,25944.35,25866.96,25930.01,
1764047400,25928.97,25932.92,25872.76,25883.65,
1764048000,25884.04,25903.05,25832.65,25833.68,
1764048600,25833.86,25870.85,25832.36,25858.93,
1764049200,25860.89,25884.93,25850.94,25883.78,
1764049800,25878.4,25887.45,25849.78,25869.15,
1764050400,25873.66,25873.66,25812.57,25822.4,
1764051000,25819.41,25829.63,25790.76,25798.62,
1764051600,25798.52,25806.02,25773.76,25794.2,
1764052200,25792.68,25820.94,25783.47,25810.56,
1764052800,25813.25,25813.25,25740.54,25749.71,
1764053400,25750.98,25794.7,25747.19,25777.32,
1764054000,25778.45,25825.87,25763.87,25817.08,
1764054600,25815.03,25824.04,25801.72,25809.87,
1764055200,25810.82,25848.14,25808.42,25834.99,
1764055800,25833.56,25867.32,25819.83,25864.16,
1764056400,25866.49,25909.4,25859.34,25895.77,
1764057000,25896.2,25913.49,25889.12,25907.73,
1764057600,25906.19,25906.19,25894.55,25894.55,
1764120000,26046.74,26046.74,26046.74,26046.74,
1764120600,26061.08,26111.84,26027.59,26111.43,
1764121200,26114.26,26136.27,26064.62,26084.37,
1764121800,26085.48,26115.8,26059.01,26098.47,
1764122400,26101.88,26104.66,26032,26056.42,
1764123000,26056.85,26061.4,25998.57,25999.59,
1764123600,25998.45,26004.76,25974.45,25974.45,
1764124200,25978.26,25994.8,25954.07,25962.83,
1764124800,25964.37,25992.58,25937.47,25943.23,
1764125400,25944,25975.36,25944,25960.88,
1764126000,25963.57,26020.72,25952.92,26018.36,
1764126600,26018.46,26029.95,26001.13,26020.52,
1764127200,26019.8,26024.05,25988.97,25994.68,
1764127800,25992.79,26007.64,25974.24,25992.68,
1764128400,25992.71,26020.19,25982.26,25998.61,
1764129000,25998.48,26018.49,25995.71,26013.66,
1764129600,26013.56,26013.56,26013.33,26013.33,
1764133200,26009.05,26027.59,25993.83,26014.45,
1764133800,26016.8,26033.37,25994.03,26017.02,
1764134400,26015.5,26025.81,26000.93,26016.27,
1764135000,26010.73,26024.88,25988.94,26004.67,
1764135600,26017.52,26017.52,25962.97,25976.54,
1764136200,25975.13,25978.09,25935.86,25969.12,
1764136800,25968.92,25980.78,25937.36,25971.48,
1764137400,25970.51,25982.63,25952.4,25957.6,
1764138000,25954.86,25982.58,25953.72,25964.43,
1764138600,25977.81,26029.01,25970.63,26001.87,
1764139200,26006.15,26007.89,25966.41,25989.28,
1764139800,25989.73,25992.43,25969.59,25974.51,
1764140400,25972.91,25997.69,25970.94,25993.11,
1764141000,25989.68,26009.53,25978.38,25986.8,
1764141600,25987.06,25989.15,25951.18,25964.83,
1764142200,25965.19,25965.19,25925,25925,
1764142800,25924.9,25947.51,25918.4,25925.88,
1764143400,25927.17,25929.33,25907.06,25924.82,
1764144000,25927.84,25928.08,25927.84,25928.08,
1764206400,25945.54,25945.54,25945.54,25945.54,
1764207000,25971.04,25987.46,25824.76,25824.76,
1764207600,25839.99,25939.67,25822.66,25935.46,
1764208200,25949.63,26017.71,25921.25,26009.67,
1764208800,26022.06,26082.36,25992.46,26035.16,
1764209400,26047.96,26057.36,25994.86,26020.09,
1764210000,26032.11,26032.11,25956.37,25977.41,
1764210600,25998.86,26042.76,25977.93,26037.19,
1764211200,26047,26047.23,25993.66,26011.66,
1764211800,26022.82,26022.82,25949.98,25953.45,
1764212400,25968.47,25971.18,25875.44,25881.26,
1764213000,25896.1,25930.58,25867.2,25920.45,
1764213600,25931.41,25972.09,25913.88,25949.92,
1764214200,25961.62,25989.12,25932.21,25985.87,
1764214800,25991.42,26003.63,25977.08,25994.19,
1764215400,26006.86,26017.28,25991.26,26002.92,
1764216000,26011.3,26014.98,26011.3,26014.98,
1764219600,26006.95,26043.11,25992.48,26015.54,
1764220200,26027.56,26080.08,26023.73,26073.62,
1764220800,26080.09,26104.48,26049.29,26078.48,
1764221400,26098.07,26123.69,26078.6,26088.66,
1764222000,26103.94,26103.94,26049.03,26051.88,
1764222600,26061.11,26061.11,26023.1,26060.49,
1764223200,26064.98,26070.4,26021.74,26032.98,
1764223800,26044.2,26051.76,26018.14,26025.71,
1764224400,26036.81,26042.3,26011.9,26024.27,
1764225000,26040.71,26044.23,25961.75,25968.85,
1764225600,25980.28,25980.28,25924.57,25930.52,
1764226200,25943.14,25943.14,25905.65,25929.04,
1764226800,25937.6,25952.43,25913.62,25916.82,
1764227400,25931.06,25966.95,25915.81,25940.66,
1764228000,25952.33,25967.1,25936.08,25965.98,
1764228600,25973.75,25977.06,25948.99,25956.45,
1764229200,25966.07,25966.07,25913.16,25926.61,
1764229800,25933.81,25945.96,25908.25,25945.96,
1764230400,25941.2,25945.93,25941.2,25945.93,
1764292800,26011.06,26011.06,26011.06,26011.06,
1764293400,25992.41,26010.2,25919.93,25935.03,
1764294000,25931.2,25931.2,25862.38,25876.53,
1764294600,25878.3,25890.23,25815.45,25815.82,
1764295200,25815.28,25870.91,25807.55,25865.62,
1764295800,25871.37,25909.36,25856.16,25863.14,
1764296400,25864.35,25913.92,25855.39,25887.5,
1764297000,25888.12,25916.73,25885.67,25902.22,
1764297600,25901.33,25904.78,25855.02,25891.77,
1764298200,25891.99,25902.56,25877.32,25877.32,
1764298800,25878.88,25926.75,25876.67,25909.08,
1764299400,25908.54,25918.48,25885.47,25891.12,
1764300000,25892.9,25921.66,25887.4,25914.65,
1764300600,25912.55,25913.87,25885.6,25888.64,
1764301200,25890.15,25897.43,25874.79,25885.71,
1764301800,25887.86,25890.43,25875.24,25884.42,
1764306000,25894.56,25963.57,25894.22,25946.07,
1764306600,25945.84,25948.18,25875.1,25890.15,
1764307200,25887.8,25887.8,25856.77,25874.53,
1764307800,25874.88,25884.94,25869.71,25877.29,
1764308400,25877.48,25887.82,25865.36,25869.27,
1764309000,25871.06,25894.36,25867.97,25878.8,
1764309600,25878.52,25879.8,25839.67,25846.88,
1764310200,25845.72,25871.56,25840.11,25857.18,
1764310800,25858.37,25874.83,25851.93,25860.25,
1764311400,25862.22,25879.69,25860.56,25867.78,
1764312000,25868.65,25888.86,25862.14,25871.88,
1764312600,25872.67,25877.8,25859.18,25872.68,
1764313200,25869.02,25902.81,25867.88,25897.27,
1764313800,25898.01,25902.14,25881.68,25885.94,
1764314400,25887.95,25903.17,25879.89,25897.55,
1764315000,25899.82,25904.72,25882.15,25883.3,
1764315600,25886.81,25894.47,25873.77,25893.37,
1764316200,25894.17,25906.97,25886.6,25896.15,
1764316800,25898.78,25898.78,25858.89,25858.89,
1764552000,25945.87,25945.87,25945.87,25945.87,
1764552600,25964.11,25990.27,25919.08,25970.25,
1764553200,25964.92,26107.35,25962.88,26106.86,
1764553800,26106.89,26179.72,26104.26,26164.8,
1764554400,26165.78,26172.13,26101.17,26101.35,
1764555000,26099.71,26102.1,26041.59,26043.59,
1764555600,26042.74,26053.64,25976.36,26025.26,
1764556200,26023.94,26026.05,25993.98,26012.68,
1764556800,26009.09,26056.83,26008.64,26016.62,
1764557400,26015.36,26055.26,25997.66,26045.21,
1764558000,26040.94,26086.96,26036.4,26076.89,
1764558600,26073.54,26073.54,26031.14,26041.62,
1764559200,26042.64,26063.79,26033.56,26055.34,
1764559800,26054.04,26076.61,26054.04,26059.44,
1764560400,26061.76,26074.78,26056.17,26072.29,
1764561000,26072.81,26077.09,26060.41,26067.36,
1764561600,26068.05,26068.05,26068.05,26068.05,
1764565200,26061.96,26061.96,25948.35,25949.07,
1764565800,25948.01,25968.9,25916.03,25921.92,
1764566400,25920.13,25951.72,25920.13,25928.97,
1764567000,25926.73,25945.62,25913.98,25922.16,
1764567600,25923.42,25960.4,25914.61,25960.4,
1764568200,25958.15,26016.53,25956.29,26012.63,
1764568800,26013.01,26059.05,26009.99,26048.28,
1764569400,26047.28,26055.36,26019.27,26022.94,
1764570000,26021.69,26042.86,26021.69,26033.65,
1764570600,26032.82,26050.52,26024.95,26031.98,
1764571200,26031.35,26038.03,26015.28,26022.12,
1764571800,26023.1,26032.81,26007.71,26028.35,
1764572400,26026.46,26028.33,25975.68,25987.07,
1764573000,25987.1,25998.56,25966.39,25969.51,
1764573600,25969.09,25996.05,25966.2,25984.98,
1764574200,25984.57,25991.23,25963.75,25972.48,
1764574800,25971,25988.75,25967.77,25980.87,
1764575400,25978.84,25996.52,25975.33,25993.33,
1764576000,25993.28,26033.26,25993.28,26033.26,
1764638400,26188.55,26188.55,26188.55,26188.55,
1764639000,26179.98,26207.03,26145.74,26163.47,
1764639600,26166.24,26249.98,26155.37,26232.55,
1764640200,26232.94,26242.61,26213.64,26223.15,
1764640800,26222.86,26264.13,26203.92,26237.46,
1764641400,26236.83,26258.51,26220.51,26251.05,
1764642000,26249.44,26249.71,26185.69,26191.14,
1764642600,26191.55,26239.37,26187.2,26215.67,
1764643200,26216.33,26242.72,26209.46,26241.56,
1764643800,26241.69,26254.23,26195.99,26196.13,
1764644400,26197.1,26197.1,26130.56,26142.69,
1764645000,26142.93,26143.57,26113.98,26118.48,
1764645600,26120.19,26122.44,26072.93,26080.81,
1764646200,26080.51,26082.57,26034.15,26050.2,
1764646800,26051.06,26058.76,26041.2,26050.46,
1764647400,26048.46,26064.58,26038.09,26056.51,
1764648000,26060.63,26061.75,26060.63,26061.75,
1764651600,26052.32,26076.12,26020.82,26036.99,
1764652200,26038.87,26054.66,26030.34,26043.41,
1764652800,26045.39,26049.98,25996.86,26000.51,
1764653400,25999.37,26014.04,25989.45,25994.44,
1764654000,25992.48,26053.24,25992.11,26049,
1764654600,26047.7,26059.1,26025.18,26027.8,
1764655200,26028.15,26042.85,26018.39,26033.05,
1764655800,26026.56,26033.71,26006.92,26019.71,
1764656400,26019.51,26034.54,26016.61,26026.15,
1764657000,26028.3,26051.83,26027.51,26031.33,
1764657600,26032.77,26044.86,26027.12,26042.47,
1764658200,26040.96,26080.01,26039.87,26079.67,
1764658800,26077.73,26084.17,26068.68,26083.2,
1764659400,26080.28,26087.27,26065.31,26072.87,
1764660000,26070.53,26088.73,26063.58,26083.93,
1764660600,26084.72,26086.28,26063.04,26067.94,
1764661200,26070.05,26080.6,26055.34,26073.43,
1764661800,26076.67,26087.75,26068.19,26083.18,
1764662400,26082.61,26095.05,26082.61,26095.05,
1764724800,25980.89,25980.89,25980.89,25980.89,
1764725400,25960.63,25990.5,25917.15,25965.82,
1764726000,25965.1,25996.88,25942.93,25969.59,
1764726600,25969.61,25974.52,25863.76,25875.04,
1764727200,25879.2,25914.19,25874.62,25909.51,
1764727800,25908.15,25953.48,25900.74,25925.27,
1764728400,25925.07,25935.26,25863.29,25878.55,
1764729000,25879.9,25881.75,25791.04,25826.06,
1764729600,25825.82,25846.78,25809.58,25842.46,
1764730200,25840.02,25857.94,25828.92,25852.76,
1764730800,25850.79,25850.79,25803.5,25817.79,
1764731400,25817.2,25840.74,25808.39,25834.49,
1764732000,25837.17,25848.28,25824.93,25847.75,
1764732600,25846.55,25873.32,25838.09,25871.55,
1764733200,25872.13,25874.98,25850.95,25854.18,
1764733800,25854.71,25855.53,25835.62,25843.01,
1764734400,25842.77,25843.01,25842.77,25843.01,
1764738000,25841.16,25854.18,25819.9,25853.98,
1764738600,25852.34,25872.09,25841.32,25845.38,
1764739200,25844.82,25844.83,25818.7,25826.94,
1764739800,25824.99,25825.8,25792.16,25798.16,
1764740400,25798.41,25801.51,25768.39,25796.48,
1764741000,25798.16,25799.45,25753.29,25755.88,
1764741600,25758.6,25771.82,25743.23,25753.26,
1764742200,25751.39,25762,25730.67,25733.25,
1764742800,25733.05,25758.95,25730.34,25758.95,
1764743400,25757.56,25770.53,25746.63,25763.31,
1764744000,25764.83,25766.44,25748.4,25758.53,
1764744600,25761,25776.59,25753.66,25776.59,
1764745200,25774.3,25790.79,25770.2,25775.12,
1764745800,25774.61,25775.5,25757.88,25765.41,
1764746400,25767.54,25779.01,25763.65,25769.28,
1764747000,25770.2,25776.13,25742.5,25746.27,
1764747600,25746.65,25753.76,25724.82,25750.45,
1764748200,25752.17,25763.12,25745.23,25754.87,
1764748800,25755.55,25760.73,25755.55,25760.73,
1764811200,25804.01,25804.01,25804.01,25804.01,
1764811800,25820.4,25820.86,25751.93,25761.52,
1764812400,25762.41,25762.41,25696.36,25728.64,
1764813000,25730.55,25739.12,25674.96,25674.96,
1764813600,25673.85,25718.48,25669.76,25716.72,
1764814200,25721.17,25734.42,25649.58,25652.38,
1764814800,25650.5,25771.02,25649.3,25743.29,
1764815400,25745.77,25779.06,25735.2,25738.97,
1764816000,25738.29,25793.47,25736.27,25793.47,
1764816600,25793.38,25871.42,25786.53,25822.33,
1764817200,25823.88,25824.08,25779.41,25785.89,
1764817800,25782.39,25821.92,25778.92,25816.79,
1764818400,25815.89,25838.1,25806.99,25837.19,
1764819000,25835.36,25835.36,25801.26,25816.96,
1764819600,25815.8,25826.4,25810.31,25811.91,
1764820200,25814.58,25823.08,25804.79,25808.17,
1764820800,25809.45,25809.45,25809.45,25809.45,
1764824400,25817.53,25831.83,25774.43,25791.17,
1764825000,25790.11,25814.44,25774.02,25776.76,
1764825600,25779.43,25812.19,25770.37,25805.85,
1764826200,25805.1,25807.16,25782.2,25785.81,
1764826800,25786.23,25797.38,25772.67,25789.25,
1764827400,25787.27,25787.27,25753.14,25759.76,
1764828000,25759.71,25788.8,25759.71,25778.27,
1764828600,25777.25,25793.65,25773.23,25789.82,
1764829200,25787.56,25802.35,25776.85,25799.14,
1764829800,25803.37,25823.34,25799.73,25815.77,
1764830400,25816.03,25879.58,25812.17,25874.09,
1764831000,25876.29,25895.01,25852.93,25886.06,
1764831600,25885.22,25990.73,25883.28,25925.36,
1764832200,25927.38,25932.93,25856.14,25882.74,
1764832800,25881.01,25901.14,25872.12,25872.12,
1764833400,25873.37,25889.61,25862.02,25862.4,
1764834000,25864.66,25910.68,25860.61,25907.16,
1764834600,25910.3,25912.04,25888.71,25910.6,
1764835200,25906.29,25935.9,25906.29,25935.9,
1764897600,25833.11,25833.11,25833.11,25833.11,
1764898200,25798.94,25846.16,25777.99,25803.69,
1764898800,25804.48,25834.71,25775.54,25821.49,
1764899400,25821.88,25834.95,25758.17,25819.51,
1764900000,25822.22,25857.81,25818.51,25828.64,
1764900600,25831.73,25840.33,25779.49,25810.28,
1764901200,25811.19,25822.58,25786.44,25814.69,
1764901800,25815.03,25875.53,25814.74,25861.66,
1764902400,25858.46,25862.48,25828.53,25832.68,
1764903000,25834.14,25844.63,25801.66,25825.24,
1764903600,25828.72,25840.43,25813.35,25830.62,
1764904200,25830.83,25905.58,25825.97,25887.26,
1764904800,25886.82,25901.74,25836.48,25855.19,
1764905400,25854.99,25858.95,25825.39,25847.67,
1764906000,25846.9,25869.88,25842.74,25862.6,
1764906600,25862.12,25875.36,25859.97,25870.3,
1764907200,25872.09,25872.37,25872.09,25872.37,
1764910800,25886.23,25968.17,25886.23,25896.43,
1764911400,25896.32,25938.9,25896.32,25912.55,
1764912000,25912.17,25947.61,25908.1,25946.33,
1764912600,25944.16,25966.07,25911.86,25943.22,
1764913200,25942.54,26000.56,25942.27,25965.06,
1764913800,25964.79,26017.56,25954.97,26011.29,
1764914400,26011.8,26022.29,25990.17,26013.25,
1764915000,26014.32,26033.07,25999.24,26033.07,
1764915600,26032.69,26049.13,26028.91,26029.32,
1764916200,26033.23,26065.15,26016.34,26056.04,
1764916800,26055.73,26091.43,26054.52,26083.05,
1764917400,26081.25,26103.34,26073.26,26093.75,
1764918000,26096.07,26113.99,26074.7,26093.63,
1764918600,26096.6,26110.08,26083.86,26106.49,
1764919200,26107.08,26131.61,26106.97,26121.74,
1764919800,26118.32,26121.26,26068.48,26077.05,
1764920400,26075.96,26084.15,26052.76,26062.35,
1764921000,26061.4,26077.05,26058.75,26068.5,
1764921600,26065.5,26085.08,26065.5,26085.08,
1765156800,26067.86,26067.86,26067.86,26067.86,
1765157400,26070.06,26151.46,26070.06,26098.01,
1765158000,26095.25,26109.45,25979.23,25993.47,
1765158600,25991.72,26008.84,25935.12,25947.3,
1765159200,25950.05,25971.19,25942.18,25967.7,
1765159800,25965.95,25971.77,25912.52,25965.56,
1765160400,25967.46,25975.47,25924.91,25924.91,
1765161000,25922.97,25938.84,25906.78,25924.18,
1765161600,25918.28,25929.41,25893.7,25898.26,
1765162200,25899.02,25903.73,25879.07,25887.19,
1765162800,25889.29,25891.37,25835.3,25837.73,
1765163400,25838.79,25867.42,25821.65,25867.13,
1765164000,25865.79,25872.13,25825.81,25825.81,
1765164600,25823.47,25843.74,25820.93,25833.01,
1765165200,25835.39,25837.19,25806.22,25814.19,
1765165800,25813.58,25816.27,25787.06,25799.46,
1765166400,25799.36,25799.36,25797.95,25797.95,
1765170000,25800.79,25833.64,25796,25820.53,
1765170600,25819.7,25822.95,25798.07,25809.68,
1765171200,25808.07,25867.78,25804.04,25862.34,
1765171800,25862.48,25866.19,25813.82,25818.61,
1765172400,25817.58,25837.21,25809.76,25812.28,
1765173000,25811.35,25823.72,25788.8,25791.23,
1765173600,25787.63,25822.5,25783.04,25818.91,
1765174200,25819.29,25825.4,25800.18,25821.23,
1765174800,25821.2,25836.49,25808.11,25831.91,
1765175400,25828.8,25843.9,25827.22,25837.72,
1765176000,25837.24,25840.91,25793.83,25795,
1765176600,25795.16,25811.07,25786.81,25809.29,
1765177200,25810.65,25814.03,25790.54,25796.81,
1765177800,25795.27,25797.59,25768.83,25787.45,
1765178400,25787.72,25793.06,25773.84,25780.12,
1765179000,25781.15,25814,25781.15,25805.87,
1765179600,25804.12,25804.87,25765.26,25770.08,
1765180200,25772,25778.54,25755.01,25760.51,
1765180800,25761,25765.36,25761,25765.36,
1765243200,25780.97,25780.97,25780.97,25780.97,
1765243800,25794.04,25820.31,25670.8,25672.83,
1765244400,25675.23,25693.09,25646.36,25648.16,
1765245000,25649.09,25710.04,25648.06,25671.87,
1765245600,25675.18,25675.18,25647.25,25665.15,
1765246200,25666.25,25666.28,25611.04,25615.68,
1765246800,25614.69,25614.69,25564.21,25565.13,
1765247400,25564.24,25594.81,25557.91,25566.32,
1765248000,25564.5,25575.15,25537.66,25551.74,
1765248600,25550.86,25570.16,25521.32,25564.15,
1765249200,25564,25566.29,25535.75,25547.2,
1765249800,25549.04,25558.01,25537.36,25541.16,
1765250400,25542.96,25559.03,25535.69,25556.06,
1765251000,25558.95,25570.17,25548.37,25548.75,
1765251600,25549.22,25556,25534.37,25540.73,
1765252200,25540.87,25554.18,25531.93,25550.58,
1765252800,25549.9,25549.94,25549.9,25549.94,
1765256400,25551.38,25557.93,25500.15,25503.76,
1765257000,25505.87,25520.08,25477.71,25488.16,
1765257600,25490,25493.81,25459.57,25465.81,
1765258200,25466.89,25496.22,25460.74,25483.21,
1765258800,25482.03,25484.58,25444.17,25448.26,
1765259400,25448.95,25448.95,25427.13,25432.52,
1765260000,25434.75,25452.04,25413.81,25425.78,
1765260600,25423.87,25426.18,25399.19,25402.3,
1765261200,25403.69,25443.86,25398.04,25430.11,
1765261800,25429.21,25436.58,25418.09,25424.53,
1765262400,25428.74,25465.48,25425.45,25460.27,
1765263000,25458.99,25465.03,25444.85,25462.27,
1765263600,25463.08,25472.63,25427.73,25427.73,
1765264200,25428.47,25433.13,25418.12,25421.38,
1765264800,25422.78,25427.52,25409.14,25419.24,
1765265400,25421.08,25425.58,25399.72,25401.93,
1765266000,25399.39,25415.14,25386.58,25401.96,
1765266600,25399.25,25415.73,25394.89,25406.89,
1765267200,25406.26,25434.23,25406.26,25434.23,
1765329600,25435.49,25435.49,25435.49,25435.49,
1765330200,25439.89,25449.28,25277.63,25296.23,
1765330800,25296.51,25352.8,25257.61,25345.98,
1765331400,25344.7,25387.9,25332.63,25358.21,
1765332000,25357.1,25408.4,25345.1,25393.49,
1765332600,25393.67,25393.95,25286.1,25315.09,
1765333200,25315.78,25350.47,25313.06,25337.27,
1765333800,25331.93,25345.89,25311.39,25322.35,
1765334400,25319.06,25345.9,25312.98,25336.83,
1765335000,25334.12,25367.99,25302.64,25302.64,
1765335600,25305.17,25350.01,25289.24,25349.02,
1765336200,25348.86,25370.89,25332.29,25346.72,
1765336800,25343.28,25358.92,25321.85,25345.63,
1765337400,25346.96,25356.8,25337.35,25343.95,
1765338000,25344.58,25350.63,25328.34,25333.15,
1765338600,25331.93,25334.9,25318.5,25324.04,
1765339200,25324.75,25325.05,25324.75,25325.05,
1765342800,25322.85,25340.75,25280.96,25287.04,
1765343400,25287.51,25296.87,25266.93,25287.88,
1765344000,25289.01,25323.71,25279.64,25318.31,
1765344600,25320.66,25410.17,25311.55,25388.37,
1765345200,25388.28,25408.2,25364.17,25367.27,
1765345800,25367.81,25377.47,25350.84,25358.15,
1765346400,25358.21,25424.89,25354.14,25421.08,
1765347000,25421.61,25465.48,25421.61,25442.87,
1765347600,25440.1,25467.47,25431.59,25464.53,
1765348200,25465.21,25475.65,25450.58,25459.27,
1765348800,25457.89,25481.75,25457.29,25462.18,
1765349400,25461.85,25471.15,25442.46,25465.8,
1765350000,25464.9,25464.92,25408.1,25429.69,
1765350600,25429.98,25441.16,25425.97,25434.21,
1765351200,25433.74,25462.44,25421.81,25446.3,
1765351800,25442.55,25482.82,25441.29,25480.17,
1765352400,25482.09,25501.25,25476.09,25497.14,
1765353000,25497.13,25508.17,25485.86,25507.68,
1765353600,25508.12,25540.78,25508.12,25540.78,
1765416000,25710.61,25710.61,25710.61,25710.61,
1765416600,25731.68,25801.34,25725.86,25766.79,
1765417200,25765.56,25788.68,25733.22,25743.19,
1765417800,25743.66,25758.58,25674.92,25688.99,
1765418400,25689.86,25703.31,25633.75,25642.3,
1765419000,25642.4,25672.04,25641.12,25671.74,
1765419600,25668.14,25696.85,25647.93,25660.13,
1765420200,25657.39,25660.26,25585.35,25589.05,
1765420800,25589.21,25617.13,25578.5,25600.64,
1765421400,25600.5,25602.59,25563.3,25568.62,
1765422000,25571.51,25587.37,25554.37,25555.2,
1765422600,25552.6,25578.95,25530.1,25574.89,
1765423200,25575.3,25584.23,25551.26,25554.76,
1765423800,25553.22,25553.22,25506.69,25522.18,
1765424400,25525.41,25553.71,25517.26,25553.62,
1765425000,25555.88,25571.8,25550.63,25563.16,
1765425600,25563.05,25563.16,25563.05,25563.16,
1765429200,25566.1,25575.28,25519.4,25528.39,
1765429800,25528.18,25529.38,25490.51,25494.39,
1765430400,25495.79,25497.53,25471.5,25487.8,
1765431000,25488.17,25506.75,25476.05,25481.96,
1765431600,25483.8,25519.77,25478.4,25509.15,
1765432200,25511.96,25539.04,25498.79,25500.61,
1765432800,25501.72,25536.75,25500.42,25533.17,
1765433400,25538.55,25543.88,25511.81,25517.42,
1765434000,25518.37,25537.65,25505.94,25535.1,
1765434600,25535.41,25544.26,25514.25,25525.86,
1765435200,25527.29,25556.47,25524.41,25542.67,
1765435800,25542.15,25543.05,25501.08,25522.75,
1765436400,25521.69,25523.28,25496.1,25507.16,
1765437000,25508.59,25524.55,25505.49,25511.77,
1765437600,25509.11,25524.82,25501.78,25507.3,
1765438200,25505.52,25537.92,25496.81,25537.92,
1765438800,25535.47,25537.35,25504.56,25523.88,
1765439400,25524.62,25536.26,25511.15,25532.47,
1765440000,25528.85,25530.51,25528.85,25530.51,
1765502400,25761.41,25761.41,25761.41,25761.41,
1765503000,25790.12,25790.12,25718.95,25731.27,
1765503600,25728.93,25736.33,25697.43,25731.28,
1765504200,25730.37,25797.96,25711.95,25796.25,
1765504800,25799.15,25829.33,25732.23,25757.58,
1765505400,25758.46,25816.47,25758.46,25776.95,
1765506000,25777.07,25789.8,25757.09,25777.11,
1765506600,25778.6,25865.26,25774.29,25861.14,
1765507200,25860.3,25870.43,25838.52,25865.83,
1765507800,25864.68,25889.29,25863.12,25882.43,
1765508400,25885.34,25908.97,25869.41,25871.54,
1765509000,25870.07,25904.95,25847.16,25857.18,
1765509600,25857.77,25866.7,25837.02,25848.98,
1765510200,25850.86,25878.62,25840.17,25847.6,
1765510800,25845.2,25877.17,25843.48,25876.42,
1765511400,25877.02,25889.21,25873.01,25878.49,
1765512000,25878.84,25878.84,25878.84,25878.84,
1765515600,25874.33,25922.31,25874.33,25888.67,
1765516200,25891,25917.35,25891,25911.18,
1765516800,25913.2,25959.67,25907.4,25955.9,
1765517400,25953.92,25969.99,25938.1,25950.76,
1765518000,25954.47,25964.65,25939.39,25961.22,
1765518600,25963.06,25970.51,25952.48,25962.24,
1765519200,25961.12,25987.81,25961.12,25980.04,
1765519800,25979.53,25993.2,25963.54,25990.35,
1765520400,25993.27,26006.47,25987.31,25993.26,
1765521000,25994.45,26000.67,25954.58,25963.5,
1765521600,25963.72,25967.45,25931.33,25931.33,
1765522200,25929.84,25952.04,25925.74,25949.41,
1765522800,25952.1,25952.1,25921.52,25934.6,
1765523400,25937.96,25946.03,25905.13,25908.75,
1765524000,25908,25938.29,25892.75,25931.71,
1765524600,25931.63,25951.31,25925.44,25950.03,
1765525200,25949.74,25980.32,25939.46,25961.32,
1765525800,25960.74,25970.93,25946.91,25962.16,
1765526400,25959.68,25976.79,25959.68,25976.79,
1765761600,25718.14,25718.14,25718.14,25718.14,
1765762200,25720.33,25777.25,25698.63,25775.08,
1765762800,25780.39,25781.96,25730.85,25757.1,
1765763400,25761.42,25768.69,25735.22,25766.73,
1765764000,25767.14,25796.26,25748.7,25769.01,
1765764600,25769.75,25771.29,25722.82,25746.01,
1765765200,25746.36,25800.29,25728.49,25782.67,
1765765800,25785.17,25819.11,25782.27,25803.75,
1765766400,25802.22,25824.44,25781.2,25792.68,
1765767000,25791,25802.8,25780.41,25802,
1765767600,25800.65,25818.37,25766.19,25770.2,
1765768200,25764.17,25772.72,25725.16,25744.08,
1765768800,25744.74,25774.39,25742.23,25771.64,
1765769400,25770.49,25772.11,25753.27,25766.62,
1765770000,25766.31,25775.69,25751.21,25765.56,
1765770600,25763.27,25765.45,25727.34,25734.55,
1765771200,25737.85,25737.85,25736.53,25736.53,
1765774800,25736.33,25763.14,25712.4,25727.24,
1765775400,25726.2,25739,25669.03,25685.42,
1765776000,25685.75,25709.33,25676.36,25676.36,
1765776600,25678.24,25694.16,25666.09,25694.01,
1765777200,25692.8,25704.92,25663.76,25702.62,
1765777800,25704.52,25711.97,25688.54,25697.86,
1765778400,25698.07,25706.25,25659.69,25663.64,
1765779000,25663.47,25675.16,25649.23,25674.03,
1765779600,25677,25680.75,25662.81,25671.89,
1765780200,25671.67,25671.7,25643.62,25649.5,
1765780800,25648.94,25672.7,25635.87,25656.83,
1765781400,25654.82,25660,25644.58,25657.48,
1765782000,25654.71,25668.67,25619.89,25626.26,
1765782600,25623.98,25628.66,25616.64,25625.42,
1765783200,25626.31,25631.3,25609.28,25617.08,
1765783800,25617.81,25637.11,25615.34,25622.55,
1765784400,25621.7,25631.45,25616.78,25623.99,
1765785000,25626.08,25643.58,25624.73,25629.46,
1765785600,25632.56,25632.56,25628.88,25628.88,
1765848000,25547.92,25547.92,25547.92,25547.92,
1765848600,25514.3,25546.89,25443.61,25453.86,
1765849200,25450.5,25454.85,25337.46,25342.85,
1765849800,25343.71,25355,25278.97,25280.45,
1765850400,25282.27,25282.27,25233.01,25234.49,
1765851000,25237.19,25240.33,25203.8,25206.04,
1765851600,25202.41,25274.91,25192.87,25266.83,
1765852200,25265.78,25267.45,25177.52,25190.45,
1765852800,25190.83,25224.46,25175.27,25189.36,
1765853400,25189.52,25197.72,25156.28,25168.79,
1765854000,25168.46,25181.66,25151.18,25156.2,
1765854600,25151.58,25166.77,25142.53,25158.78,
1765855200,25159.47,25191.3,25141.5,25145.22,
1765855800,25144.27,25150.44,25137.1,25145.49,
1765856400,25143.91,25149.06,25117.93,25138.51,
1765857000,25136.36,25147.25,25131.88,25138.19,
1765857600,25138.86,25139.16,25138.86,25139.16,
1765861200,25141.25,25162.62,25126.82,25131.34,
1765861800,25129.69,25145.12,25105.82,25111.59,
1765862400,25111.65,25114.34,25096.04,25099.39,
1765863000,25097.03,25116.47,25086.54,25114.64,
1765863600,25117.03,25165.68,25116.62,25145.76,
1765864200,25145.2,25150.94,25118.88,25124.81,
1765864800,25123.1,25155.59,25112.99,25151.87,
1765865400,25155.56,25162.45,25126.01,25127.75,
1765866000,25127.77,25136.5,25120.76,25127.03,
1765866600,25128.59,25153.25,25114.95,25151.18,
1765867200,25151.66,25167.06,25150.95,25163.2,
1765867800,25162.84,25229.22,25162.84,25226.8,
1765868400,25223.24,25245.21,25218.59,25231.01,
1765869000,25230.55,25251.37,25222.95,25223.79,
1765869600,25224.27,25232.03,25204.01,25206.27,
1765870200,25203.56,25214.89,25189.06,25195.26,
1765870800,25196.61,25221.84,25188.56,25215.4,
1765871400,25216.16,25234.88,25208.95,25227.09,
1765872000,25227.95,25235.41,25227.95,25235.41,
1765934400,25243.59,25243.59,25243.59,25243.59,
1765935000,25258.59,25269.27,25170.05,25177.62,
1765935600,25178.17,25290.52,25168.19,25262.15,
1765936200,25253.68,25271.83,25218.21,25249.46,
1765936800,25247.9,25265.04,25216.24,25231,
1765937400,25232.4,25310.51,25230.83,25306.13,
1765938000,25305.96,25344.9,25281.7,25344.68,
1765938600,25345.27,25347.44,25268.21,25292.16,
1765939200,25289.3,25292.92,25265.66,25280.43,
1765939800,25280.71,25283.7,25245.71,25270.86,
1765940400,25270.28,25306.26,25261.24,25265.61,
1765941000,25264.01,25272.25,25242.87,25242.87,
1765941600,25241.35,25266.51,25239.27,25239.27,
1765942200,25239.93,25277.61,25237,25277.02,
1765942800,25277.7,25302.27,25274.97,25293.21,
1765943400,25293.64,25298.61,25281.45,25292.39,
1765944000,25291.4,25291.44,25291.4,25291.44,
1765947600,25290.86,25290.86,25220.28,25239.84,
1765948200,25240.34,25249.73,25228.87,25246.83,
1765948800,25248.88,25271.36,25244.28,25269.01,
1765949400,25269.19,25290.28,25261.73,25289.69,
1765950000,25290.91,25363.06,25290.91,25358.2,
1765950600,25355.47,25413.8,25346.14,25411.33,
1765951200,25415.97,25456.76,25412.32,25455.22,
1765951800,25455.88,25494.94,25445.29,25445.29,
1765952400,25445.55,25465.99,25429.38,25440.51,
1765953000,25440.25,25447.26,25408.48,25435.96,
1765953600,25435.07,25440.33,25421.5,25439.12,
1765954200,25438.78,25438.94,25412.78,25420.01,
1765954800,25416.98,25445.21,25382.56,25444.88,
1765955400,25445.61,25484.53,25440.69,25484.53,
1765956000,25488.12,25488.88,25457.09,25472.61,
1765956600,25471.35,25473.59,25454.96,25460.44,
1765957200,25457.89,25470.18,25452.53,25468.19,
1765957800,25467.66,25467.66,25438.64,25445.87,
1765958400,25443.58,25468.78,25443.58,25468.78,
1766020800,25330.83,25330.83,25330.83,25330.83,
1766021400,25313.88,25350.53,25261.38,25307.62,
1766022000,25308.36,25360.78,25300.74,25354.13,
1766022600,25353.14,25427.08,25344.05,25411.96,
1766023200,25413.74,25433.78,25391.46,25391.79,
1766023800,25390.3,25468.16,25389.27,25463.78,
1766024400,25459.9,25511.79,25459.9,25486.44,
1766025000,25486.21,25486.21,25423.5,25428.04,
1766025600,25425.7,25432.81,25392.21,25395.68,
1766026200,25396.75,25438.48,25394.54,25399.13,
1766026800,25400.89,25409.44,25370.07,25397.2,
1766027400,25397.21,25402.18,25344.94,25349.27,
1766028000,25349.51,25356.22,25330.19,25351.63,
1766028600,25349.77,25367.17,25344.46,25367.17,
1766029200,25366.51,25377.15,25360.05,25368.67,
1766029800,25369.03,25376.35,25354.58,25357.1,
1766030400,25357.69,25357.69,25357.64,25357.64,
1766034000,25362.38,25412.97,25355.88,25410.32,
1766034600,25411.69,25435.19,25404.21,25420.8,
1766035200,25418.94,25423.07,25395.69,25397.64,
1766035800,25399.04,25402.37,25360.87,25362.67,
1766036400,25365.04,25398.06,25361.85,25393.86,
1766037000,25393.3,25393.3,25340.74,25343.2,
1766037600,25343.37,25354.33,25337.53,25345.67,
1766038200,25349.35,25365.6,25346.06,25356.03,
1766038800,25354.97,25373.76,25342.94,25373.76,
1766039400,25375.5,25399.55,25373.19,25387.71,
1766040000,25389.06,25397.28,25370.33,25385.66,
1766040600,25388.76,25409.09,25386.29,25409.09,
1766041200,25410.96,25424.43,25391.44,25400.58,
1766041800,25400.73,25449.6,25400.28,25445.76,
1766042400,25443.1,25461.2,25432.69,25440.52,
1766043000,25438.54,25490.49,25435.42,25482.29,
1766043600,25485.69,25511.84,25481.67,25486.55,
1766044200,25488.06,25502.43,25472.98,25476.32,
1766044800,25475.96,25498.13,25475.96,25498.13,
1766107200,25634.22,25634.22,25634.22,25634.22,
1766107800,25623.35,25639.28,25545.93,25573.19,
1766108400,25573.16,25615.59,25545.92,25613.95,
1766109000,25613.04,25615.77,25552.64,25576.22,
1766109600,25575.11,25648.1,25561.78,25645.24,
1766110200,25649.07,25692.71,25638.92,25686.52,
1766110800,25687.93,25690.62,25641.74,25660.38,
1766111400,25660.43,25670.46,25602.24,25619.85,
1766112000,25621.54,25631.2,25596,25597.46,
1766112600,25597.65,25604.27,25579.73,25592.66,
1766113200,25593.19,25598,25574.48,25594.47,
1766113800,25592.88,25613.83,25586.11,25609.03,
1766114400,25608.61,25685.72,25604.98,25670.36,
1766115000,25667.13,25667.19,25609.08,25620.16,
1766115600,25620.32,25654.17,25619.59,25654.17,
1766116200,25654.71,25673.29,25642.42,25661.94,
1766116800,25663.41,25663.41,25663.41,25663.41,
1766120400,25660.07,25689.5,25654.94,25672.3,
1766121000,25670.42,25675.25,25638.94,25662.61,
1766121600,25662.06,25711.67,25656.42,25710.53,
1766122200,25710.6,25710.92,25673.69,25709.81,
1766122800,25709.63,25722.18,25680.4,25681.91,
1766123400,25684.53,25701.04,25655.33,25656.34,
1766124000,25656.75,25658.81,25631.95,25655.32,
1766124600,25657.9,25699.37,25650.23,25699.37,
1766125200,25698.17,25714.13,25695.31,25707.17,
1766125800,25706.58,25716.22,25682.17,25702.97,
1766126400,25700.87,25701.07,25670.5,25675.37,
1766127000,25676.61,25703.68,25671.28,25696.01,
1766127600,25695.92,25741.86,25693.81,25731.59,
1766128200,25725.94,25747.01,25711.67,25712.42,
1766128800,25714.07,25718.56,25701.52,25702.49,
1766129400,25703.07,25716.83,25690.75,25696.22,
1766130000,25697.84,25709.2,25676.66,25676.95,
1766130600,25679.12,25694.5,25659.63,25694.5,
1766131200,25693.34,25693.34,25690.53,25690.53,
1766366400,25795.94,25795.94,25795.94,25795.94,
1766367000,25820.11,25833.37,25767.38,25825.59,
1766367600,25829.66,25859.61,25787.33,25805.73,
1766368200,25806.8,25808.83,25759.31,25759.31,
1766368800,25759.98,25766.37,25727.4,25743.14,
1766369400,25739.75,25747.97,25716.74,25716.74,
1766370000,25719.2,25740.74,25709.33,25736.49,
1766370600,25737.42,25759.68,25710.76,25711.4,
1766371200,25712.13,25717.59,25684.09,25692.13,
1766371800,25693.67,25748,25687.54,25747.8,
1766372400,25749.13,25780.51,25729.63,25774.83,
1766373000,25775.7,25794.85,25765.17,25767.31,
1766373600,25769.33,25773.01,25743.08,25770.11,
1766374200,25772.72,25784.21,25766.66,25766.66,
1766374800,25765.79,25777.24,25761.66,25761.9,
1766375400,25760.7,25763.5,25737.93,25742.81,
1766376000,25742.24,25742.24,25742.24,25742.24,
1766379600,25742.64,25764.19,25735.03,25743.64,
1766380200,25744.94,25745.48,25717.77,25722.81,
1766380800,25723.77,25734.44,25701.9,25707.73,
1766381400,25707.4,25731.36,25704.61,25726.2,
1766382000,25726.65,25726.65,25705.8,25711.98,
1766382600,25710.77,25724.59,25700.1,25708.47,
1766383200,25709.45,25751.41,25709.07,25737.94,
1766383800,25736.22,25739.46,25711.39,25714.83,
1766384400,25716.34,25719.7,25695.95,25702.98,
1766385000,25704.22,25709.11,25673.14,25675.08,
1766385600,25674.22,25693.54,25671.33,25682.74,
1766386200,25683.85,25717.06,25683.22,25712.98,
1766386800,25713.56,25737.31,25708.43,25731.86,
1766387400,25733.02,25757.76,25721.46,25748.67,
1766388000,25752.1,25771.77,25751.15,25766.7,
1766388600,25764.26,25769.84,25754.32,25760.61,
1766389200,25761.77,25782.1,25756.92,25768.4,
1766389800,25768.47,25792.74,25762.36,25787.95,
1766390400,25788.27,25801.77,25788.27,25801.77,
1766452800,25875.85,25875.85,25875.85,25875.85,
1766453400,25859.36,25897.71,25820.39,25828.48,
1766454000,25831.39,25850.58,25820.31,25843.1,
1766454600,25840.54,25861.32,25825.49,25834.91,
1766455200,25832.22,25871.06,25829.06,25861.27,
1766455800,25858.83,25927.66,25843.53,25918.48,
1766456400,25919.15,25919.15,25879.81,25890.31,
1766457000,25892.61,25897.08,25866.7,25869.63,
1766457600,25868.64,25881.76,25822.04,25839.25,
1766458200,25841.92,25860.75,25836.35,25851.58,
1766458800,25854.38,25865.25,25838.81,25850.96,
1766459400,25851.17,25906.77,25848,25886.29,
1766460000,25888.12,25917.86,25882.88,25883.27,
1766460600,25884.29,25891.47,25874.61,25879.64,
1766461200,25878.6,25883.95,25862.4,25869.54,
1766461800,25870.02,25870.02,25836.44,25847.75,
1766462400,25848.99,25848.99,25848.99,25848.99,
1766466000,25842.84,25842.84,25792.13,25798.55,
1766466600,25797.91,25803.32,25778.95,25781.69,
1766467200,25782.31,25798.28,25771.81,25794.24,
1766467800,25796.52,25805.01,25789.62,25799.77,
1766468400,25797.86,25817.55,25791.5,25796.64,
1766469000,25795.52,25795.8,25753,25756.56,
1766469600,25759.84,25772.77,25752.96,25752.96,
1766470200,25754.42,25762.84,25742.8,25759.22,
1766470800,25759.19,25774.97,25741.91,25745.83,
1766471400,25740.77,25750.21,25726.45,25730.05,
1766472000,25734.02,25768.56,25728.72,25766.38,
1766472600,25767.5,25781.19,25764.17,25767.36,
1766473200,25767.79,25770.99,25752.07,25754.88,
1766473800,25755.94,25762.25,25748.08,25754.99,
1766474400,25754.35,25758.08,25741.61,25750.7,
1766475000,25750.29,25774.07,25748.88,25759.5,
1766475600,25760.01,25784.45,25741.53,25745.84,
1766476200,25749.44,25768.54,25741.68,25767.77,
1766476800,25764.77,25774.14,25764.77,25774.14,
1766539200,25780.09,25780.09,25780.09,25780.09,
1766539800,25810.94,25835.97,25779.43,25835.46,
1766540400,25832.69,25854.61,25797.77,25801.59,
1766541000,25801.11,25834.05,25794.78,25817.72,
1766541600,25817.43,25846.69,25786.63,25806.76,
1766542200,25802.67,25820.44,25797.32,25816.39,
1766542800,25816.15,25847.09,25810.73,25817.65,
1766543400,25816.18,25821.17,25775.24,25781.06,
1766544000,25776.46,25833.84,25776.46,25833.84,
1766544600,25836.99,25890.87,25823.31,25841.7,
1766545200,25840,25846.51,25816.06,25837.17,
1766545800,25836.34,25847.96,25816.84,25823.38,
1766546400,25819.97,25838.69,25798.81,25814.17,
1766547000,25813.38,25813.38,25784.9,25793.15,
1766547600,25795.71,25802.85,25772.87,25792.72,
1766548200,25795.24,25817.52,25790.63,25808.52,
1766548800,25808.79,25818.93,25808.79,25818.93,
1766971200,25928.89,25928.89,25928.89,25928.89,
1766971800,25932.63,26039.72,25912.43,26000.46,
1766972400,25996.92,26061.77,25964.9,26051.46,
1766973000,26050.8,26082.94,26007.08,26007.98,
1766973600,26006.03,26012,25918.4,25944.12,
1766974200,25947.4,26024.29,25945.7,26024.19,
1766974800,26025.58,26038.45,25966.65,26015.66,
1766975400,26019.33,26033.76,26004.68,26014.27,
1766976000,26014.58,26022.1,25959.6,25963.04,
1766976600,25960.24,25967.66,25929.96,25940.23,
1766977200,25940.8,25943.23,25905.92,25940.37,
1766977800,25938.13,25965.81,25930.36,25941.04,
1766978400,25937.91,25939.61,25884.09,25886.27,
1766979000,25887.96,25936.9,25887.96,25936.9,
1766979600,25937.49,25939.71,25895.67,25900.84,
1766980200,25899.27,25908.23,25882.14,25887.7,
1766980800,25886.75,25887.33,25886.75,25887.33,
1766984400,25876.56,25880.55,25794.19,25796.26,
1766985000,25796.32,25813.83,25785.57,25801.16,
1766985600,25804.01,25821.76,25794.8,25821.74,
1766986200,25822.43,25829.48,25799.72,25810.91,
1766986800,25809.12,25828.71,25806.91,25811.14,
1766987400,25809.43,25821.26,25758.78,25760.03,
1766988000,25761.46,25761.46,25732.78,25734.93,
1766988600,25735.77,25740.28,25717.48,25735.67,
1766989200,25735,25751.11,25702.1,25704.02,
1766989800,25705.79,25709.22,25666.6,25678.12,
1766990400,25679.98,25713.34,25665.82,25692.13,
1766991000,25692.58,25701.83,25673.37,25691.56,
1766991600,25690.38,25713.9,25670.78,25670.78,
1766992200,25672.53,25681.7,25658.62,25663.88,
1766992800,25664.08,25668.45,25647.54,25649.04,
1766993400,25651.48,25657.66,25630.75,25647.68,
1766994000,25652.34,25667.64,25647.03,25660.15,
1766994600,25656.95,25662.83,25632.08,25638.79,
1766995200,25637.69,25637.69,25635.23,25635.23,
1767057600,25636.4,25636.4,25636.4,25636.4,
1767058200,25631.4,25686.26,25620.51,25656.37,
1767058800,25670.2,25682.89,25611.23,25643.75,
1767059400,25662.59,25704.01,25631.09,25697.74,
1767060000,25712.36,25713.33,25661.33,25681.83,
1767060600,25700.78,25751.1,25682.51,25750.22,
1767061200,25762.14,25775.74,25665.08,25681.07,
1767061800,25699.17,25721.53,25686.74,25717.33,
1767062400,25732.79,25732.79,25677,25706.06,
1767063000,25716.48,25747.11,25701.97,25746.57,
1767063600,25756.75,25756.75,25717.01,25719.16,
1767064200,25732.11,25752.83,25715.98,25738.37,
1767064800,25752.52,25775.75,25728.66,25775.04,
1767065400,25788.61,25795.46,25750.7,25758.43,
1767066000,25777.07,25777.07,25734.12,25745.91,
1767066600,25761.33,25761.33,25712.57,25739.98,
1767067200,25749.19,25751.64,25749.19,25751.64,
1767070800,25741.96,25752.54,25696.18,25732.45,
1767071400,25744.13,25808.56,25722.36,25797.06,
1767072000,25814.17,25880.53,25806.72,25858.01,
1767072600,25870.97,25873.08,25835.59,25848.09,
1767073200,25857.31,25884.12,25835.02,25873.75,
1767073800,25886.4,25900.84,25873.96,25880.17,
1767074400,25895.3,25900.99,25869.56,25895.98,
1767075000,25907.79,25907.79,25885.84,25902.48,
1767075600,25914.91,25914.91,25881.45,25890.12,
1767076200,25905.36,25905.41,25857.12,25881.38,
1767076800,25892.19,25915.74,25878.19,25906.76,
1767077400,25918.61,25921.61,25900.1,25916.88,
1767078000,25930.22,25930.22,25877.75,25884.31,
1767078600,25897.31,25897.31,25862.13,25879.22,
1767079200,25895.32,25895.32,25844.84,25849.29,
1767079800,25864.46,25864.46,25832.31,25843.75,
1767080400,25853.26,25853.26,25806.61,25815.26,
1767081000,25829.97,25829.98,25780.71,25829.98,
1767081600,25828.25,25854.6,25828.25,25854.6,
1767144000,25801.49,25801.49,25801.49,25801.49,
1767144600,25787.44,25808.52,25712.62,25731.34,
1767145200,25734.09,25737.12,25682.47,25688.05,
1767145800,25689.46,25712.58,25640.28,25641.28,
1767146400,25644.88,25678.74,25632.33,25678.74,
1767147000,25675.71,25693.25,25645.11,25646.32,
1767147600,25644.32,25647.29,25622.03,25623.07,
1767148200,25621.23,25685.6,25621.23,25678.33,
1767148800,25679.1,25698.58,25667.49,25688.52,
1767149400,25689.54,25706.25,25676.57,25698.41,
1767150000,25699.62,25707.95,25650.29,25664.22,
1767150600,25662.22,25671.79,25638.35,25648.33,
1767151200,25647.04,25653.47,25598.77,25606.65,
1767151800,25609.46,25609.46,25554.31,25579.13,
1767152400,25578.94,25600.98,25570.83,25589.4,
1767153000,25591.94,25619.78,25588.64,25609.02,
1767153600,25606.37,25630.54,25606.37,25630.54,
1767316800,25717.42,25717.42,25717.42,25717.42,
1767317400,25734.6,25882.84,25726.02,25871.15,
1767318000,25871.05,25964.97,25871.05,25956.94,
1767318600,25954.29,26003.59,25942.94,25995.23,
1767319200,25997.18,26047.72,25997.18,26023.14,
1767319800,26024.67,26089.29,26023.28,26088.15,
1767320400,26087.51,26098.17,26049.76,26055.75,
1767321000,26055.26,26095.39,26035.46,26089.55,
1767321600,26089.81,26136.5,26084.26,26128.32,
1767322200,26128.29,26173.41,26128.29,26172.95,
1767322800,26172.5,26217.45,26171.97,26174.49,
1767323400,26173.24,26191.98,26157.41,26176.44,
1767324000,26177.46,26224.16,26177.46,26217.27,
1767324600,26215.72,26221.17,26171.8,26173.03,
1767325200,26172.97,26184.18,26165.09,26177.49,
1767325800,26177.44,26192.47,26169.43,26190.21,
1767326400,26189.79,26189.79,26189.79,26189.79,
1767330000,26192.99,26204.1,26162.96,26190.27,
1767330600,26192.43,26242.32,26180.14,26237.58,
1767331200,26234.82,26274.42,26233.96,26243.73,
1767331800,26244.24,26269.99,26235.31,26265.96,
1767332400,26265.66,26276.14,26254.57,26275.12,
1767333000,26276.82,26306.4,26272,26302.44,
1767333600,26301.12,26316.12,26300.16,26308.11,
1767334200,26304.84,26345.63,26303.47,26341.57,
1767334800,26342.29,26342.29,26283.72,26284.53,
1767335400,26284.77,26326.12,26274.66,26324.86,
1767336000,26324.18,26340.71,26322.68,26335.71,
1767336600,26335.4,26335.4,26281.21,26282.37,
1767337200,26281.68,26283.46,26248.89,26273.59,
1767337800,26271.93,26278.9,26243.62,26245.05,
1767338400,26245.22,26281.63,26236.59,26275.07,
1767339000,26275.02,26294.32,26271.34,26290.27,
1767339600,26291.46,26293.41,26277.26,26282.31,
1767340200,26279.29,26310.87,26273.81,26303.67,
1767340800,26301.78,26338.47,26301.78,26338.47,
1767576000,26361.44,26361.44,26361.44,26361.44,
1767576600,26317.75,26358.35,26256,26358.35,
1767577200,26355.28,26412.87,26340.29,26385.23,
1767577800,26389.58,26427.7,26377.98,26419.11,
1767578400,26416.67,26445.5,26363.18,26385.1,
1767579000,26388.34,26436.91,26369.32,26386.09,
1767579600,26385.35,26431.5,26374.71,26426.77,
1767580200,26428.2,26436.22,26387.11,26413.05,
1767580800,26409.88,26419.09,26356.2,26360.24,
1767581400,26359.84,26387.58,26336.54,26348.28,
1767582000,26349.14,26408.03,26347.57,26386.13,
1767582600,26387.78,26390.45,26354.32,26356.08,
1767583200,26356.79,26360.57,26295.43,26297.41,
1767583800,26297.03,26315.86,26283.83,26286.02,
1767584400,26289.19,26315.36,26281.53,26312.48,
1767585000,26311.51,26321.62,26306.75,26316.71,
1767585600,26316.55,26316.55,26316.55,26316.55,
1767589200,26318.77,26382.48,26310.88,26379.73,
1767589800,26379.34,26400.7,26331.52,26340.22,
1767590400,26340.27,26341.16,26306.32,26338.34,
1767591000,26339.05,26341.97,26297.65,26332.55,
1767591600,26335.98,26347.94,26327.49,26332.73,
1767592200,26330.02,26355.39,26312.44,26345.71,
1767592800,26348.1,26366.98,26330.38,26342.38,
1767593400,26342.69,26362.42,26329.4,26341.2,
1767594000,26340.21,26371.33,26340.21,26364.08,
1767594600,26365.57,26389.23,26351.45,26379.34,
1767595200,26376.64,26382.75,26349.57,26364.77,
1767595800,26362.55,26389.7,26358.58,26386.94,
1767596400,26387.73,26387.73,26319.76,26320.51,
1767597000,26322.03,26334.46,26315.37,26324.43,
1767597600,26325.6,26330.49,26318.52,26326.13,
1767598200,26327.83,26350.65,26326.38,26340.69,
1767598800,26341.26,26349.01,26304.17,26314.36,
1767599400,26315.08,26331.7,26311.19,26327.47,
1767600000,26329.96,26347.24,26329.96,26347.24,
1767662400,26502.4,26502.4,26502.4,26502.4,
1767663000,26515.69,26583.91,26498.36,26571.25,
1767663600,26574.74,26643.78,26574.74,26595.14,
1767664200,26593.05,26660.33,26581.1,26642.4,
1767664800,26645.22,26710.26,26639.7,26684.47,
1767665400,26683.54,26734.18,26671.77,26727.87,
1767666000,26730.37,26748.36,26703.44,26714.67,
1767666600,26713.98,26727.65,26611.98,26611.98,
1767667200,26612.19,26726.33,26612.19,26726.33,
1767667800,26725.59,26790.58,26721.99,26781.75,
1767668400,26780.82,26786.87,26749.18,26757.93,
1767669000,26756.88,26810.38,26751.4,26795.19,
1767669600,26795.97,26801.73,26774.34,26794.06,
1767670200,26793.2,26833.3,26793.03,26830.94,
1767670800,26827.74,26858.13,26817.54,26819.07,
1767671400,26817.58,26821.61,26806.18,26815.09,
1767672000,26815.69,26815.75,26815.69,26815.75,
1767675600,26813.03,26815.64,26769.61,26769.61,
1767676200,26767.03,26803.16,26757.27,26794.37,
1767676800,26795.51,26803.3,26767.39,26800.75,
1767677400,26799.48,26806.03,26725.49,26731.35,
1767678000,26731.32,26738.96,26693.86,26737.31,
1767678600,26737.38,26764.44,26717.99,26758.69,
1767679200,26758.72,26763.22,26737.17,26751.85,
1767679800,26751.73,26764.03,26739.26,26755.53,
1767680400,26754.86,26776.54,26743.05,26770.81,
1767681000,26772.61,26787.58,26755.64,26772.85,
1767681600,26770.25,26788.74,26753.81,26767.65,
1767682200,26766.41,26775.1,26746.36,26749.17,
1767682800,26746.18,26746.47,26712.56,26728.62,
1767683400,26729.52,26738,26713.37,26721.38,
1767684000,26720.21,26724.03,26698.78,26698.91,
1767684600,26703.49,26718.88,26697.43,26713.36,
1767685200,26714.87,26723.15,26685.4,26691.95,
1767685800,26693.73,26695.17,26663.13,26665.62,
1767686400,26670.77,26710.45,26670.77,26710.45,
1767748800,26601.83,26601.83,26601.83,26601.83,
1767749400,26616.94,26616.94,26514.92,26588.89,
1767750000,26590.7,26607,26544.97,26558.05,
1767750600,26552.9,26553.94,26496.94,26503.74,
1767751200,26503.49,26507.75,26480.16,26487.57,
1767751800,26491.33,26494.43,26445.07,26449.68,
1767752400,26450.29,26464,26408.88,26450.08,
1767753000,26450.62,26462.93,26424.19,26428.81,
1767753600,26427.02,26471.43,26422.74,26450.64,
1767754200,26452.52,26460.4,26419.64,26436.28,
1767754800,26436.02,26478.48,26434.67,26472.48,
1767755400,26474.52,26492.62,26451.55,26490.08,
1767756000,26489.32,26507.66,26477.95,26481.25,
1767756600,26479.82,26487.07,26440.32,26444.85,
1767757200,26444.66,26445.59,26426.53,26435.16,
1767757800,26434.15,26448.08,26426.47,26441.15,
1767758400,26439.68,26439.68,26438.01,26438.01,
1767762000,26439.75,26441.19,26362.01,26392.4,
1767762600,26394.08,26405.9,26378.97,26381.62,
1767763200,26384.02,26394.15,26348.17,26358.42,
1767763800,26358.43,26380.25,26343.4,26352.2,
1767764400,26353.34,26354.8,26318.57,26319.26,
1767765000,26319.61,26341.4,26313.51,26326.46,
1767765600,26327.48,26375,26327.16,26371.16,
1767766200,26372.01,26406.36,26370.99,26394.44,
1767766800,26397.81,26419.76,26390.21,26401.52,
1767767400,26401.34,26405.3,26351.87,26381.16,
1767768000,26378.21,26385.19,26365.82,26380.65,
1767768600,26380.45,26428.57,26377.49,26420.67,
1767769200,26421.63,26438,26406.91,26429.02,
1767769800,26433.68,26442.55,26403.55,26412.8,
1767770400,26412.84,26433.6,26395.41,26402.11,
1767771000,26405.31,26431.66,26398.6,26420.34,
1767771600,26422.19,26440.72,26414.62,26435.82,
1767772200,26435.94,26450.1,26413.24,26447.23,
1767772800,26449.03,26458.95,26449.03,26458.95,
1767835200,26302.78,26302.78,26302.78,26302.78,
1767835800,26305.22,26305.69,26194.41,26242.83,
1767836400,26244.2,26248.76,26158.93,26182.62,
1767837000,26180.91,26210.19,26154.2,26210.19,
1767837600,26208.71,26211.03,26102.84,26129.83,
1767838200,26127.75,26132.3,26078.56,26080.32,
1767838800,26080.05,26100.4,26054.29,26099.98,
1767839400,26099.99,26110.42,26074.67,26074.67,
1767840000,26075.32,26140.04,26074.28,26136.05,
1767840600,26138.72,26160.71,26107.1,26160.71,
1767841200,26156.96,26165.24,26125.3,26157.19,
1767841800,26157.47,26160.67,26116.8,26130.42,
1767842400,26129.47,26148.49,26125.29,26128.36,
1767843000,26128.51,26132.25,26110.11,26117.51,
1767843600,26119.97,26135.39,26112.91,26125.62,
1767844200,26129.69,26144.86,26115.78,26135.29,
1767844800,26136.49,26136.72,26136.49,26136.72,
1767848400,26140.57,26151.16,26106.46,26121.6,
1767849000,26122.67,26130.2,26094.51,26109.25,
1767849600,26110.21,26145.7,26108.79,26114.58,
1767850200,26114.28,26116.96,26068.44,26076.18,
1767850800,26073.95,26078.58,26058.35,26071.53,
1767851400,26075.05,26078.38,26046.78,26070.83,
1767852000,26072.33,26072.33,26004.16,26006.89,
1767852600,26004.67,26007.91,25960.34,25979.88,
1767853200,25982.43,26022.1,25981.64,26016.64,
1767853800,26019.28,26036.36,26014.66,26027.25,
1767854400,26028.76,26054.61,26028.76,26032.46,
1767855000,26032.32,26081.67,26029.35,26070.85,
1767855600,26073.25,26074.84,26051.2,26068.53,
1767856200,26068.22,26085.33,26065.84,26079.64,
1767856800,26081.62,26201.94,26078.94,26144.28,
1767857400,26145.31,26158.2,26129.19,26143.22,
1767858000,26141.28,26157.44,26116.13,26133.8,
1767858600,26129.57,26145.94,26123.53,26131.9,
1767859200,26131.87,26149.31,26131.87,26149.31,
1767921600,26272.54,26272.54,26272.54,26272.54,
1767922200,26275.2,26282.42,26190.07,26203.39,
1767922800,26201.78,26212.6,26161.63,26207.42,
1767923400,26207.72,26265.06,26207.72,26264.99,
1767924000,26265.94,26299.32,26253.62,26257.65,
1767924600,26256.32,26258.65,26187.33,26202.92,
1767925200,26204.24,26217.98,26179.72,26192.73,
1767925800,26191.8,26220.53,26170.81,26219.19,
1767926400,26217.69,26260.67,26213.68,26223.3,
1767927000,26222.41,26234.01,26178.31,26196.33,
1767927600,26196.61,26197.3,26114.41,26123.57,
1767928200,26128.31,26168.78,26123.35,26164.52,
1767928800,26162.31,26179.2,26116.29,26126.18,
1767929400,26124.08,26152.42,26123.82,26151.38,
1767930000,26151.34,26160.27,26144.91,26156.39,
1767930600,26154.5,26164.18,26141.18,26158.01,
1767931200,26158.21,26158.21,26158.21,26158.21,
1767934800,26158.41,26212.59,26147.68,26212.59,
1767935400,26210.26,26211.16,26148.02,26159.43,
1767936000,26158.58,26181.75,26145.02,26177.4,
1767936600,26178.02,26197.81,26161.95,26168.13,
1767937200,26167.91,26170.75,26142.93,26149.18,
1767937800,26150.52,26181.27,26126,26179.68,
1767938400,26182.58,26220.02,26182.52,26189.97,
1767939000,26192.92,26211.91,26171.68,26207.84,
1767939600,26207.45,26229.33,26200.44,26223.31,
1767940200,26223.18,26237.65,26202.84,26232.54,
1767940800,26230.95,26243.66,26223.08,26233,
1767941400,26236.43,26236.43,26218.51,26227.86,
1767942000,26228.45,26238.73,26201.29,26235.31,
1767942600,26234.12,26237.21,26199.04,26199.58,
1767943200,26199.64,26218.1,26179.01,26211.88,
1767943800,26212.9,26224,26198.83,26203.92,
1767944400,26204.63,26212.72,26195.08,26196.47,
1767945000,26197.22,26205.27,26188.99,26195.37,
1767945600,26199.9,26231.79,26199.9,26231.79,
1768180800,26376.84,26376.84,26376.84,26376.84,
1768181400,26367.95,26367.95,26187.76,26227.02,
1768182000,26222.4,26315.67,26218.23,26287.11,
1768182600,26285.33,26338.97,26269.13,26295.54,
1768183200,26294.32,26327.53,26235.43,26288.96,
1768183800,26288.43,26333.44,26288.43,26318.54,
1768184400,26316.42,26331.84,26272.17,26275.6,
1768185000,26269.07,26295.31,26261.83,26288.33,
1768185600,26288.66,26354.86,26288.66,26352.46,
1768186200,26352.89,26358.09,26328.93,26349.54,
1768186800,26350.63,26371.81,26327.44,26371.81,
1768187400,26371.06,26439.1,26365.05,26431.44,
1768188000,26429.17,26458.29,26414.25,26454.09,
1768188600,26452.55,26452.55,26402.61,26428.93,
1768189200,26428.47,26446.96,26421.13,26421.13,
1768189800,26419.25,26461.38,26408.88,26456.84,
1768190400,26456.75,26456.75,26456.22,26456.22,
1768194000,26461.04,26481.17,26431.63,26472.5,
1768194600,26472.44,26481.47,26417.53,26464.81,
1768195200,26465.65,26474.34,26437.04,26470.36,
1768195800,26469.74,26500.76,26461.87,26467.14,
1768196400,26468.23,26482.72,26434.6,26470.01,
1768197000,26471.16,26531.18,26465.81,26530.68,
1768197600,26530.76,26540.7,26515.47,26531.05,
1768198200,26532.28,26563.91,26530.32,26554.51,
1768198800,26553.74,26592.88,26551.33,26585.42,
1768199400,26586.54,26591.2,26525.98,26547.31,
1768200000,26545.63,26561.02,26534.5,26536.57,
1768200600,26537.71,26557.21,26533.17,26539.59,
1768201200,26537.69,26593.11,26523.62,26582.05,
1768201800,26580.32,26589.25,26562.9,26564.5,
1768202400,26566.11,26584.81,26556.11,26582.21,
1768203000,26581.6,26601.81,26577.77,26589.8,
1768203600,26587.95,26588.66,26564.7,26571.19,
1768204200,26574.69,26578.58,26558.14,26570.93,
1768204800,26569.88,26608.48,26569.88,26608.48,
1768267200,26958.52,26958.52,26958.52,26958.52,
1768267800,26967.44,27036.04,26925.06,26983.21,
1768268400,26984.68,27091.7,26984.68,27073.05,
1768269000,27069.14,27092.66,27014.44,27015.99,
1768269600,27017.64,27132.44,26999.96,27128.17,
1768270200,27126.87,27143.66,26970.94,26980.78,
1768270800,26981.53,27034.54,26967.17,26967.17,
1768271400,26966.36,26980.96,26936.7,26957.29,
1768272000,26955.77,26980.37,26930.39,26949.32,
1768272600,26954.18,26966.96,26880.87,26885.95,
1768273200,26883.51,26927.8,26868.44,26918.69,
1768273800,26919.9,26936.78,26889.57,26892.33,
1768274400,26894.93,26913.6,26849.65,26857.66,
1768275000,26860.91,26879.55,26846.17,26878.44,
1768275600,26878.14,26880.04,26839.38,26866.17,
1768276200,26863.16,26883.33,26861.13,26877.13,
1768276800,26877.42,26877.42,26877.01,26877.01,
1768280400,26879.08,26920.55,26828.43,26832.91,
1768281000,26836.63,26850.39,26816.81,26828.74,
1768281600,26828.61,26878.75,26810.8,26878.32,
1768282200,26881.9,26881.9,26796.61,26815.72,
1768282800,26816.86,26862.13,26816.86,26856.31,
1768283400,26857.28,26903.44,26852.68,26883.82,
1768284000,26884.52,26887.65,26792.38,26792.46,
1768284600,26791.65,26803.34,26762.69,26768.4,
1768285200,26766.46,26786.9,26756.72,26757.01,
1768285800,26758.34,26789.26,26733.94,26736.14,
1768286400,26735.64,26756.12,26729.54,26756.12,
1768287000,26755.97,26783.02,26754.63,26774.97,
1768287600,26775.82,26798.36,26739.4,26787.11,
1768288200,26788.66,26796.99,26768.04,26792.12,
1768288800,26793.19,26809.78,26770.18,26800.61,
1768289400,26802.82,26802.82,26766.79,26788.33,
1768290000,26793.79,26824.78,26788.5,26817.64,
1768290600,26818.23,26837.2,26811.07,26819.61,
1768291200,26823.3,26848.47,26823.3,26848.47,
1768353600,26971.97,26971.97,26971.97,26971.97,
1768354200,26937.68,26985.25,26914.5,26959.8,
1768354800,26964.08,26969.42,26911.6,26925.82,
1768355400,26929.62,26950.69,26852.57,26894.4,
1768356000,26894.03,26936.18,26886.79,26888.41,
1768356600,26888.98,26964.22,26884.66,26948.34,
1768357200,26948.22,26984.57,26920.35,26984.57,
1768357800,26983.6,27013.5,26952.07,27013.5,
1768358400,27012.05,27048.3,26996.12,27036.9,
1768359000,27037.94,27045.45,27006.87,27034.17,
1768359600,27032.94,27052.97,27017.48,27034.32,
1768360200,27037.54,27068.78,27031.95,27063.74,
1768360800,27065.67,27085.71,27046.45,27052.59,
1768361400,27054.7,27076.59,27031.07,27072.84,
1768362000,27071.1,27085.51,27061.45,27085.51,
1768362600,27089.14,27097.72,27078.1,27093.45,
1768363200,27094.31,27094.31,27092.98,27092.98,
1768366800,27061.02,27061.02,26880.81,26903.52,
1768367400,26902.66,26963.47,26847.43,26914.38,
1768368000,26913.46,26941.98,26876.23,26931.4,
1768368600,26930.56,27034.51,26930.56,27027.67,
1768369200,27030.98,27040.1,26925,26927.73,
1768369800,26930.47,26960.71,26840.03,26840.03,
1768370400,26837.22,26879.78,26780.27,26879.78,
1768371000,26878.39,26926.76,26878.33,26924.52,
1768371600,26924.01,26973.99,26908.9,26973.99,
1768372200,26974.43,26980.9,26934.42,26957.36,
1768372800,26956.1,26997.38,26936.46,26942.08,
1768373400,26941.99,26975.52,26941.99,26973.46,
1768374000,26970.37,26990.39,26958.01,26966.52,
1768374600,26966.35,26998.71,26960.14,26997.49,
1768375200,26995.54,27003.34,26968.59,26971.28,
1768375800,26974.07,26981.6,26941.16,26943.69,
1768376400,26944.78,26972.46,26925.9,26936.05,
1768377000,26935.87,26958.43,26928.04,26958.43,
1768377600,26956.35,26999.81,26956.35,26999.81,
1768440000,26972.36,26972.36,26972.36,26972.36,
1768440600,26941.96,27008.67,26881.49,26995.18,
1768441200,26995.83,27112.08,26989.24,27071.59,
1768441800,27070.97,27206.84,27048.91,27181.81,
1768442400,27174.28,27179.89,27062.69,27062.69,
1768443000,27065.84,27111.17,27041.83,27064.8,
1768443600,27065.72,27065.72,26941.57,26944.44,
1768444200,26946.84,26980.75,26932.86,26939.57,
1768444800,26942.17,26963.65,26893.24,26963.62,
1768445400,26961.93,26976.38,26931.29,26948.24,
1768446000,26942.9,26986.62,26924.67,26985.76,
1768446600,26984.51,26996.9,26905.15,26911.72,
1768447200,26910.24,26916.27,26867.04,26874.75,
1768447800,26877.72,26895.26,26860.75,26871.76,
1768448400,26872.15,26886.15,26870.3,26883.04,
1768449000,26881.92,26889.02,26844.4,26851.11,
1768449600,26850.78,26852.31,26850.78,26852.31,
1768453200,26852.26,26877.9,26808.35,26877.28,
1768453800,26877.63,26915.42,26866.11,26881.7,
1768454400,26881.83,26909.88,26865.58,26893.66,
1768455000,26892.02,26903.8,26866.05,26878.24,
1768455600,26877.62,26911.15,26855.26,26890.58,
1768456200,26888.09,26892.76,26855.72,26869.41,
1768456800,26868.95,26878.28,26844.4,26847.1,
1768457400,26847.08,26859.39,26835.44,26842.87,
1768458000,26844.67,26905.11,26841.56,26886.19,
1768458600,26884.85,26888.76,26828.26,26866.42,
1768459200,26865.34,26913.14,26864.03,26907.09,
1768459800,26905.6,26908.38,26879.62,26905.43,
1768460400,26903.41,26943.33,26903.41,26940.95,
1768461000,26940.01,26971.9,26922.54,26941.68,
1768461600,26942.03,26951.36,26931.23,26946.59,
1768462200,26946.63,26963.74,26930.8,26939.1,
1768462800,26939.2,26955.8,26930.62,26946.42,
1768463400,26944.63,26947.77,26912.26,26922.99,
1768464000,26924.24,26924.24,26923.62,26923.62,
1768526400,27094.85,27094.85,27094.85,27094.85,
1768527000,27126,27176.31,27103.62,27103.62,
1768527600,27101.99,27109.69,27005.98,27030.98,
1768528200,27027.69,27039.71,26962.87,26973.12,
1768528800,26971.1,26979.7,26904.5,26907.33,
1768529400,26908.07,26945.47,26877.79,26918.34,
1768530000,26921.38,26947.41,26896.46,26907.92,
1768530600,26908.41,26931,26898.87,26924.29,
1768531200,26925.79,26945.65,26894.26,26905.36,
1768531800,26908.39,26923.34,26879.31,26920.33,
1768532400,26918.91,26957.74,26892.35,26905.95,
1768533000,26902.44,26914.06,26863.08,26885.78,
1768533600,26883.52,26906.51,26852.91,26857.06,
1768534200,26854.72,26874.13,26841.93,26873.07,
1768534800,26873.79,26885.69,26852.89,26856.53,
1768535400,26856.95,26864.05,26839.98,26850.76,
1768536000,26851.69,26851.69,26851.69,26851.69,
1768539600,26856.38,26874.42,26811.02,26824.14,
1768540200,26819.86,26830.11,26801.72,26827.99,
1768540800,26828.02,26836.53,26811.58,26816.14,
1768541400,26814.99,26855.37,26813.59,26853.16,
1768542000,26853.36,26874.38,26839.77,26867.24,
1768542600,26868.68,26868.68,26797.88,26808.12,
1768543200,26807.75,26808.44,26752.25,26780.47,
1768543800,26782.99,26793.82,26759.19,26775.46,
1768544400,26778.28,26784.58,26755.6,26777.58,
1768545000,26775.2,26801.95,26759.1,26767.87,
1768545600,26771.08,26780.4,26763.97,26767.59,
1768546200,26771.34,26771.39,26759.79,26768.72,
1768546800,26769.87,26794.29,26764.53,26786.08,
1768547400,26789.31,26815.22,26787.34,26797.01,
1768548000,26797.66,26813.08,26786.82,26790.92,
1768548600,26791.4,26791.4,26741.54,26752.91,
1768549200,26752.78,26797.13,26751.55,26788.6,
1768549800,26785.19,26801.6,26783.04,26792.27,
1768550400,26795.37,26844.96,26795.37,26844.96,
1768785600,26641.6,26641.6,26641.6,26641.6,
1768786200,26608.59,26636.59,26533.67,26587.31,
1768786800,26584.79,26608.92,26541.72,26608.92,
1768787400,26610.66,26658.68,26586.66,26622.68,
1768788000,26620.79,26659.3,26591.41,26659.3,
1768788600,26661.11,26715.58,26658.33,26686.58,
1768789200,26688.39,26688.39,26633.9,26649.97,
1768789800,26651.41,26675.89,26646.31,26650.01,
1768790400,26647.52,26667.78,26620.95,26649.38,
1768791000,26648.93,26692.98,26646.18,26674.8,
1768791600,26673.69,26688.56,26621.8,26625.2,
1768792200,26625.11,26631.97,26605.94,26617.19,
1768792800,26614.37,26617.77,26544.46,26563.48,
1768793400,26564.46,26585.47,26562.03,26577.99,
1768794000,26577.37,26594.91,26569.37,26571.53,
1768794600,26568.77,26587.45,26561.36,26579.31,
1768795200,26578,26579,26578,26579,
1768798800,26579.98,26630.83,26579.98,26623.13,
1768799400,26623.84,26627.57,26581.51,26586.1,
1768800000,26588.08,26627.34,26585.3,26597.86,
1768800600,26600.21,26616.54,26575.76,26578.33,
1768801200,26580.08,26588.58,26568.13,26571.83,
1768801800,26572.83,26576.52,26551.12,26565.28,
1768802400,26566.47,26594.44,26562.43,26591,
1768803000,26590.93,26601.75,26567.4,26574.91,
1768803600,26572.54,26588.07,26554.19,26560.05,
1768804200,26561.14,26568.18,26548.98,26562.57,
1768804800,26562.88,26573.85,26554.73,26561.93,
1768805400,26561.43,26576.51,26548.9,26576.51,
1768806000,26576.07,26577.81,26539.58,26549.13,
1768806600,26552.57,26566.37,26538.42,26550.58,
1768807200,26556.36,26589.22,26551.15,26582.6,
1768807800,26581.07,26581.07,26549.82,26549.82,
1768808400,26553.35,26570.44,26546.19,26566.18,
1768809000,26567.76,26568.04,26543.74,26553.83,
1768809600,26555.24,26563.9,26555.24,26563.9,
1768872000,26544.9,26544.9,26544.9,26544.9,
1768872600,26551.06,26611.74,26551.06,26600.31,
1768873200,26601.71,26638.55,26570.4,26595.83,
1768873800,26596.56,26610.07,26525.11,26533.73,
1768874400,26536.12,26537.21,26485.52,26494.91,
1768875000,26497.24,26497.24,26394.87,26415.5,
1768875600,26416.96,26416.96,26363.86,26401.31,
1768876200,26400.82,26468.48,26388.77,26459.39,
1768876800,26459.26,26554.11,26459.26,26537.09,
1768877400,26537.53,26543.06,26492.82,26502.47,
1768878000,26505.15,26524.96,26491.47,26503.25,
1768878600,26504.96,26549.33,26500.48,26541.38,
1768879200,26542.27,26576.65,26532.17,26534.4,
1768879800,26537.09,26543.69,26517.13,26543.69,
1768880400,26543.18,26546.2,26524.72,26530.17,
1768881000,26533.22,26562.87,26529.89,26552.77,
1768881600,26552.57,26552.57,26552.12,26552.12,
1768885200,26550.18,26572.37,26529.25,26563.43,
1768885800,26563.91,26608.47,26556.18,26606.22,
1768886400,26603.86,26603.86,26559.73,26584.23,
1768887000,26584.1,26600.92,26553.14,26557.4,
1768887600,26557.23,26616.68,26554.17,26615.88,
1768888200,26618.29,26631.97,26580.03,26581.52,
1768888800,26581.66,26587.45,26554.88,26578.3,
1768889400,26578.38,26588.18,26531.6,26544.38,
1768890000,26545.52,26558.91,26516.74,26525.73,
1768890600,26525.33,26531.07,26466.36,26479.54,
1768891200,26481.52,26510.87,26474.07,26497.49,
1768891800,26499.08,26504.4,26484.07,26497.14,
1768892400,26497.05,26500.77,26460.33,26469.44,
1768893000,26467.04,26471.81,26444.65,26460.65,
1768893600,26462.05,26476.94,26454.23,26474.72,
1768894200,26474.59,26503.4,26466.1,26500.21,
1768894800,26503.69,26505.74,26471.71,26490.46,
1768895400,26491.84,26509.32,26488.98,26501.46,
1768896000,26500.15,26500.15,26487.51,26487.51,
1768958400,26397.04,26397.04,26397.04,26397.04,
1768959000,26418.24,26473.58,26407.76,26461.54,
1768959600,26458.18,26511.2,26458.18,26484.97,
1768960200,26484.87,26510.95,26444.62,26444.62,
1768960800,26444.69,26539.35,26439.98,26530.14,
1768961400,26531.93,26550.26,26507.41,26542.62,
1768962000,26543.26,26567.16,26509.73,26528.17,
1768962600,26526.35,26529.62,26457.95,26476.36,
1768963200,26476.39,26513.64,26461.9,26468.22,
1768963800,26463.87,26471.48,26423.21,26449.91,
1768964400,26449.3,26473.24,26428.3,26432,
1768965000,26432.89,26444.95,26409.9,26436.46,
1768965600,26437.7,26448.57,26419.43,26443.27,
1768966200,26444.99,26458.12,26428.15,26454.06,
1768966800,26454.45,26461.49,26446.57,26459.79,
1768967400,26458.35,26463.26,26436.61,26450.61,
1768968000,26449.1,26449.1,26447.78,26447.78,
1768971600,26456.73,26487.77,26439.48,26482.6,
1768972200,26482.38,26537.67,26477.29,26495.11,
1768972800,26497.82,26502.42,26458.63,26473.19,
1768973400,26475.75,26485.52,26450.74,26465.48,
1768974000,26463.94,26520.32,26463.94,26504.57,
1768974600,26505.18,26515.85,26488.36,26492.48,
1768975200,26494.35,26500.95,26476.43,26493.8,
1768975800,26495.49,26503.8,26469.34,26472.09,
1768976400,26470.19,26471.45,26433.12,26441.02,
1768977000,26443.17,26519.28,26440.08,26509.12,
1768977600,26507.62,26523.56,26501.08,26506.86,
1768978200,26507.01,26523.95,26484.43,26520.02,
1768978800,26522.56,26592.88,26519.19,26592.88,
1768979400,26589.71,26692.78,26583.94,26687.48,
1768980000,26687.52,26689.15,26631.3,26649.25,
1768980600,26653.18,26653.18,26589.69,26597.76,
1768981200,26599.66,26608.61,26581.35,26591.97,
1768981800,26593.93,26597.29,26575.31,26581.9,
1768982400,26579.43,26585.06,26579.43,26585.06,
1769044800,26750.51,26750.51,26750.51,26750.51,
1769045400,26756.7,26779.22,26728.07,26737.64,
1769046000,26736.28,26736.28,26605.85,26639.42,
1769046600,26636.3,26671.2,26616.55,26638.37,
1769047200,26638.14,26669.18,26622.53,26640.42,
1769047800,26639.64,26659.31,26571.46,26573.33,
1769048400,26575.31,26589.43,26518.79,26525.75,
1769049000,26523.41,26572.4,26499.14,26572.4,
1769049600,26569.67,26595.23,26551.08,26591.88,
1769050200,26588.73,26612.37,26584.02,26595.55,
1769050800,26593.84,26639.69,26591.88,26624.44,
1769051400,26622.33,26637.85,26575.49,26578.05,
1769052000,26577.32,26592.79,26554.13,26555.1,
1769052600,26553.3,26566.82,26542.5,26543.02,
1769053200,26543.93,26543.93,26527.48,26538.21,
1769053800,26539.7,26566.09,26536.96,26559.04,
1769054400,26559.01,26559.01,26558.28,26558.28,
1769058000,26556.53,26586.35,26545.71,26566.11,
1769058600,26568.91,26568.91,26542.48,26549.57,
1769059200,26548.54,26556.92,26532.23,26539.67,
1769059800,26539.8,26569.94,26534.09,26569.94,
1769060400,26571.24,26579.26,26556.7,26573.38,
1769061000,26575.39,26584.46,26554.46,26583.75,
1769061600,26585.89,26594.81,26564.49,26567.53,
1769062200,26568.22,26576.26,26529.88,26547.35,
1769062800,26547.86,26574.75,26542.26,26573.33,
1769063400,26573.61,26580.2,26556.93,26568.04,
1769064000,26568.69,26575.92,26547.44,26550.6,
1769064600,26549.97,26584.91,26548.06,26584.21,
1769065200,26585.19,26599.63,26565.23,26575.4,
1769065800,26578.83,26592.78,26574.18,26576.6,
1769066400,26574.97,26589.51,26569.95,26588.88,
1769067000,26586.46,26607.29,26585.66,26601.16,
1769067600,26602.7,26618.29,26598.44,26615.19,
1769068200,26613.98,26614.47,26590.71,26592.21,
1769068800,26597.49,26629.96,26597.49,26629.96,
1769131200,26861.36,26861.36,26861.36,26861.36,
1769131800,26880.23,26895.94,26822.88,26825.26,
1769132400,26823.84,26880.26,26795.75,26851.21,
1769133000,26852.07,26861.7,26800.96,26839.96,
1769133600,26839.15,26842.08,26788.91,26789.55,
1769134200,26789.84,26794.81,26743.94,26745.64,
1769134800,26743.67,26746.5,26716.83,26724.56,
1769135400,26722.18,26777.57,26715.03,26775.48,
1769136000,26776.01,26791.94,26766.51,26786.31,
1769136600,26786.25,26789.28,26763.9,26772,
1769137200,26774.82,26774.82,26746.04,26754.01,
1769137800,26753.35,26753.72,26694.48,26703.09,
1769138400,26702.37,26722.81,26701.45,26709.88,
1769139000,26709.7,26712.8,26689.73,26704.53,
1769139600,26703.59,26718.33,26699.69,26709.49,
1769140200,26710.94,26723.64,26703.67,26715.61,
1769140800,26715.73,26718.13,26715.73,26718.13,
1769144400,26721.96,26741.84,26711.82,26738.33,
1769145000,26739.58,26776.49,26735.48,26773.27,
1769145600,26774.08,26786.4,26730.59,26733.87,
1769146200,26735.28,26775.46,26733.78,26747.42,
1769146800,26751.71,26756.8,26711.93,26716.49,
1769147400,26719.95,26741.31,26713.74,26719.82,
1769148000,26717.76,26734.21,26706.29,26707.09,
1769148600,26707.58,26734.41,26692.41,26732.18,
1769149200,26731.82,26744.36,26713.36,26713.36,
1769149800,26710.52,26723.16,26701.37,26715.27,
1769150400,26715.42,26739.26,26713.11,26722.28,
1769151000,26722.02,26730.66,26712.12,26730.66,
1769151600,26728.21,26737.09,26715.79,26724.48,
1769152200,26723.75,26744.66,26718.64,26737.99,
1769152800,26741.67,26751.59,26734.67,26747.92,
1769153400,26747.98,26754.67,26728.74,26749.1,
1769154000,26748.67,26764.19,26740.14,26749.08,
1769154600,26750.17,26753.97,26733.95,26740.46,
1769155200,26737.98,26749.51,26737.98,26749.51,
1769390400,26844.04,26844.04,26844.04,26844.04,
1769391000,26836.29,26848.67,26671.28,26696.81,
1769391600,26694.76,26707.18,26643.75,26670.06,
1769392200,26668.91,26701.65,26619.83,26683.74,
1769392800,26681.97,26744.3,26678.69,26711.51,
1769393400,26711.12,26753.77,26705.6,26749.77,
1769394000,26750.4,26863.51,26742.74,26860.9,
1769394600,26860.58,26911.44,26850.26,26851.94,
1769395200,26851.36,26855.28,26769.01,26778.64,
1769395800,26781.53,26783.97,26698.41,26698.41,
1769396400,26698.22,26739.47,26687.08,26731.65,
1769397000,26732.43,26738.21,26720.27,26733.07,
1769397600,26733.22,26745.28,26698.7,26723.92,
1769398200,26724.59,26745.05,26724.59,26741.67,
1769398800,26738.17,26783.62,26734.07,26781.55,
1769399400,26781.47,26787.27,26764.43,26775,
1769400000,26773.97,26775.77,26773.97,26775.77,
1769403600,26770.78,26770.78,26701.55,26709.53,
1769404200,26710.87,26714.22,26674.33,26681.33,
1769404800,26680.27,26700.84,26663.59,26692.24,
1769405400,26692.8,26700.99,26670.59,26693.3,
1769406000,26695.18,26713.07,26677.81,26706.61,
1769406600,26707.18,26737.67,26692.39,26693.96,
1769407200,26694.01,26710.76,26685.69,26707.22,
1769407800,26706.54,26722.88,26693.65,26715.74,
1769408400,26718.87,26742.69,26710.3,26734.48,
1769409000,26739.19,26751.26,26722.85,26732.88,
1769409600,26734.02,26753.25,26725.43,26751.85,
1769410200,26751.37,26759.42,26724.28,26725.73,
1769410800,26727.14,26727.14,26691.27,26717.54,
1769411400,26717.01,26728.8,26707.26,26715.43,
1769412000,26716.8,26751.43,26712.57,26747.21,
1769412600,26748.26,26755.21,26732.74,26742.49,
1769413200,26742.66,26745.27,26723.73,26739.19,
1769413800,26739.24,26756.37,26738.23,26745.96,
1769414400,26750.47,26765.52,26750.47,26765.52,
1769476800,26863.15,26863.15,26863.15,26863.15,
1769477400,26858.53,26940.05,26829.71,26866.75,
1769478000,26866.27,26966.45,26866.27,26963.9,
1769478600,26966.77,27020.43,26897.8,26897.85,
1769479200,26898.6,26972.09,26864.95,26968.37,
1769479800,26970.81,27069.61,26968.2,27045.27,
1769480400,27041.56,27071.28,27039.55,27044.58,
1769481000,27048.04,27107.26,27044.84,27099.4,
1769481600,27098.37,27153.85,27098.37,27130.17,
1769482200,27144.09,27184.34,27131.24,27183.09,
1769482800,27184.39,27188.9,27088.71,27097.38,
1769483400,27096.23,27100.83,27057.1,27085.11,
1769484000,27086.78,27121.87,27072.47,27082.98,
1769484600,27083.71,27090.34,27058.45,27060.61,
1769485200,27059.66,27076.67,27030.78,27036.89,
1769485800,27035.82,27053.12,27025.25,27052.84,
1769486400,27053.05,27055.65,27053.05,27055.65,
1769490000,27053.87,27071.98,27037.25,27043.28,
1769490600,27044.72,27047.72,27028.89,27028.89,
1769491200,27031.03,27048.65,27015.95,27023.01,
1769491800,27025.9,27045.21,27004.55,27022.88,
1769492400,27024.58,27123.72,27022.03,27122.89,
1769493000,27121.5,27129.76,27084.49,27113.29,
1769493600,27113.26,27141.18,27112.47,27117.92,
1769494200,27118.91,27125.08,27093.1,27106.45,
1769494800,27105.98,27118.23,27099.33,27108,
1769495400,27107.73,27121.45,27092.32,27110.93,
1769496000,27112,27147.93,27112,27136.09,
1769496600,27136.26,27136.78,27111.44,27126.14,
1769497200,27128.97,27142.23,27096.62,27109.82,
1769497800,27109.62,27124.22,27104.78,27112.23,
1769498400,27112.67,27117.55,27104.5,27108.01,
1769499000,27106.67,27120.09,27101.77,27107.08,
1769499600,27104.83,27124.25,27104.77,27113.75,
1769500200,27113.08,27116.52,27093.87,27109.44,
1769500800,27108.55,27126.95,27108.55,27126.95,
1769563200,27325.89,27325.89,27325.89,27325.89,
1769563800,27357.58,27383.48,27258.1,27322.76,
1769564400,27322.65,27379.6,27312.97,27360.38,
1769565000,27362.11,27453.04,27339.85,27453.04,
1769565600,27453.82,27460.83,27416.56,27441.52,
1769566200,27450.12,27463.16,27390,27459.03,
1769566800,27459.71,27459.71,27396.23,27408.53,
1769567400,27404.75,27525.18,27402.23,27523.14,
1769568000,27521.72,27570.1,27521.72,27561.14,
1769568600,27572.81,27577.02,27521.96,27521.96,
1769569200,27522.01,27611.73,27514.63,27606.14,
1769569800,27603.31,27726.57,27599.87,27726.57,
1769570400,27730.91,27786.63,27718.9,27748.56,
1769571000,27750.81,27758.67,27695.43,27696.76,
1769571600,27696.46,27728.77,27691.21,27708.11,
1769572200,27706.15,27738.05,27703.6,27727.25,
1769572800,27725.15,27725.25,27725.15,27725.25,
1769576400,27726.71,27748.49,27690.92,27746.06,
1769577000,27750.36,27799.31,27705.28,27785.14,
1769577600,27792,27792,27745.79,27749.12,
1769578200,27746.81,27821.7,27733.73,27809.12,
1769578800,27806.19,27821.14,27783.16,27783.16,
1769579400,27784.83,27785.19,27739.86,27745.21,
1769580000,27750.51,27784.98,27747.65,27759.28,
1769580600,27765.68,27789.69,27753.46,27781.54,
1769581200,27783.14,27783.27,27757.94,27774.73,
1769581800,27772.67,27800.23,27763.24,27769.6,
1769582400,27770.98,27776.87,27758.11,27769.1,
1769583000,27768.54,27791.39,27758.81,27773.92,
1769583600,27774.01,27815.63,27771.9,27802.28,
1769584200,27798.2,27807.85,27782.05,27791.47,
1769584800,27788.65,27792.24,27760.4,27765.08,
1769585400,27760.5,27769.14,27721.73,27732.95,
1769586000,27731.54,27757.75,27723.8,27748.84,
1769586600,27749.55,27788.77,27739.24,27788.77,
1769587200,27787.13,27826.91,27787.13,27826.91,
1769649600,27627.11,27627.11,27627.11,27627.11,
1769650200,27635.75,27744.77,27611.9,27743.3,
1769650800,27737.5,27789.42,27690.46,27768.91,
1769651400,27774.86,27792.88,27726.53,27775.01,
1769652000,27778.68,27796.75,27737.28,27746.25,
1769652600,27750.43,27825.68,27750.43,27762.15,
1769653200,27765.11,27905.97,27751.03,27885.98,
1769653800,27881.92,27890.57,27778.98,27792.17,
1769654400,27785.98,27844.1,27782.76,27832.72,
1769655000,27839.14,27973.06,27834.33,27946.1,
1769655600,27944.94,27981.35,27917.78,27979.75,
1769656200,27979.8,27979.8,27895.22,27901.25,
1769656800,27904.62,27925.28,27857.11,27876.76,
1769657400,27878.28,27934.03,27870.99,27931.7,
1769658000,27933.43,27971.99,27931.11,27952.01,
1769658600,27955.33,27975.35,27955.33,27972.12,
1769659200,27971.98,27975.81,27971.98,27975.81,
1769662800,27970.82,27989.62,27922.25,27927.88,
1769663400,27933.04,27939.14,27901.32,27935.71,
1769664000,27934.53,27969.12,27910.14,27965.14,
1769664600,27971.07,28036.78,27957.8,28032.3,
1769665200,28030.6,28056.1,28026.72,28026.84,
1769665800,28029.45,28029.56,27905.15,27949.47,
1769666400,27953.72,27964.83,27911.1,27915.94,
1769667000,27921.54,27963.45,27895.48,27954.77,
1769667600,27959.6,27987.27,27927.19,27927.19,
1769668200,27931.62,27947.47,27898.45,27945.38,
1769668800,27947.18,27947.46,27875.02,27878.99,
1769669400,27885.75,27927.55,27868.68,27922.68,
1769670000,27926.25,27938.81,27910.22,27915.03,
1769670600,27917.64,27944.92,27902.75,27903.66,
1769671200,27907.48,27907.48,27874.16,27880.71,
1769671800,27881.43,27933.17,27874.38,27923.36,
1769672400,27924.72,27937.14,27913.12,27934.09,
1769673000,27937.65,27958.05,27922.92,27948.1,
1769673600,27946.91,27968.09,27946.91,27968.09,
1769736000,27785.98,27785.98,27785.98,27785.98,
1769736600,27774.97,27887.24,27716.62,27734.29,
1769737200,27738.65,27746.69,27659.39,27664.77,
1769737800,27663.92,27701.84,27646.03,27648,
1769738400,27646.05,27657.04,27609.22,27626.51,
1769739000,27627.98,27627.98,27544.33,27544.33,
1769739600,27542.66,27553.44,27493.76,27493.87,
1769740200,27495.4,27519.95,27431.78,27516.74,
1769740800,27515.57,27546.29,27507.31,27530.91,
1769741400,27532.23,27562.79,27517.36,27556.91,
1769742000,27557.59,27587.76,27556.45,27556.45,
1769742600,27558.4,27579.19,27505.37,27510.97,
1769743200,27510.86,27511.13,27492.22,27502.19,
1769743800,27501.26,27516.34,27466.18,27467.72,
1769744400,27469.29,27474.54,27453,27466.45,
1769745000,27464.74,27475.79,27446.21,27470.68,
1769745600,27471.27,27471.27,27469.82,27469.82,
1769749200,27470,27525.59,27470,27522.5,
1769749800,27522.06,27524.15,27466.43,27477.31,
1769750400,27475.95,27519.73,27470.33,27498.77,
1769751000,27498.25,27512.37,27468.49,27486.88,
1769751600,27487.31,27487.45,27445.42,27470.98,
1769752200,27470.48,27501.53,27453.87,27465.07,
1769752800,27464.41,27466.31,27433.34,27445.97,
1769753400,27446.47,27458.55,27411.03,27412.65,
1769754000,27413.25,27424.06,27399.63,27410.5,
1769754600,27411.07,27490.58,27406,27441.73,
1769755200,27442.4,27462.91,27401.1,27408.14,
1769755800,27407.88,27423.25,27400.68,27419.3,
1769756400,27417.58,27426.41,27396.2,27419.84,
1769757000,27420.2,27453.92,27416.74,27451.22,
1769757600,27450.08,27456.89,27404.9,27406.42,
1769758200,27406.66,27430.87,27395.23,27402.74,
1769758800,27400.89,27403.41,27384.02,27394.36,
1769759400,27399.11,27419.45,27387.18,27388.48,
1769760000,27390.46,27390.46,27387.11,27387.11,
1769995200,27097.34,27097.34,27097.34,27097.34,
1769995800,27079.37,27100.09,26930.88,26930.88,
1769996400,26929.88,26988.14,26917.77,26945.01,
1769997000,26944.82,27008.69,26898.68,26961.32,
1769997600,26963.07,27081.07,26956.18,26999.24,
1769998200,27000.57,27000.57,26905.02,26936.59,
1769998800,26934.72,26974.98,26900.16,26908.03,
1769999400,26908.31,26947.11,26892.9,26910.83,
1770000000,26909.85,26939.61,26867.32,26887.83,
1770000600,26886.15,26892.3,26835.09,26839.6,
1770001200,26838.83,26855.53,26819.52,26833.38,
1770001800,26833.89,26848.26,26816.07,26840.28,
1770002400,26840.62,26853.91,26820.21,26833.18,
1770003000,26830.92,26837.16,26786.1,26795.29,
1770003600,26794.71,26803.92,26723.02,26748.01,
1770004200,26749.84,26750.41,26721.41,26731.89,
1770004800,26730.78,26730.78,26730.78,26730.78,
1770008400,26730.41,26774.18,26725.52,26748.96,
1770009000,26749.4,26749.4,26678.44,26679.76,
1770009600,26679.31,26684.26,26626.36,26627.2,
1770010200,26626.71,26647.58,26613.45,26621.3,
1770010800,26620.53,26648.43,26543.35,26560.22,
1770011400,26569.48,26611.23,26516.65,26558.71,
1770012000,26558.94,26622.71,26558.88,26616.93,
1770012600,26616.48,26626.31,26572.96,26606.77,
1770013200,26609.48,26623.85,26581.24,26588.8,
1770013800,26587.17,26606.78,26527.63,26535.42,
1770014400,26537.76,26568.04,26507.62,26519.89,
1770015000,26517.44,26588.16,26515.64,26582.17,
1770015600,26579.21,26625.97,26577.96,26624.36,
1770016200,26623.72,26654.91,26605.71,26643.7,
1770016800,26645.59,26685.58,26639.25,26683.44,
1770017400,26679.26,26716.06,26675.11,26712.55,
1770018000,26709.86,26738.88,26707.21,26735.85,
1770018600,26731.62,26751.62,26714.35,26751.26,
1770019200,26751.84,26775.57,26751.84,26775.57,
1770081600,26995.76,26995.76,26995.76,26995.76,
1770082200,27033.74,27049.08,26943.74,27000.3,
1770082800,27001.17,27031.94,26977.74,26977.74,
1770083400,26975.96,27126.48,26966.02,27077.71,
1770084000,27076.61,27077.71,26916.48,26930.07,
1770084600,26929.94,26934.79,26835.57,26888.87,
1770085200,26888.7,26891.42,26709.63,26709.63,
1770085800,26705.09,26707.56,26566.99,26568.02,
1770086400,26567.69,26601.12,26431.8,26472.74,
1770087000,26478.82,26613.75,26444.39,26589.93,
1770087600,26589.34,26742.29,26589.05,26679.55,
1770088200,26679.48,26745.47,26628.3,26743.28,
1770088800,26747.96,26804.7,26687.41,26784.83,
1770089400,26785,26812.77,26767.2,26789.1,
1770090000,26788.71,26815.61,26778.77,26802,
1770090600,26802.7,26862.55,26800.09,26828.62,
1770091200,26830.23,26830.5,26830.23,26830.5,
1770094800,26842.72,26878.38,26736.82,26739.11,
1770095400,26737.74,26752.26,26707.14,26749.44,
1770096000,26753.01,26812.79,26749.11,26810.48,
1770096600,26812.92,26845.54,26774.62,26843.25,
1770097200,26841.86,26848.77,26795.74,26848.06,
1770097800,26849.69,26868.71,26813.99,26846.43,
1770098400,26845,26853.25,26770.55,26818.22,
1770099000,26819.84,26852.98,26819.84,26834.83,
1770099600,26838.46,26860.3,26834.89,26847.29,
1770100200,26847.92,26868.94,26818.32,26839.47,
1770100800,26839.87,26863.14,26824.86,26854.75,
1770101400,26857.88,26890.67,26850.12,26860.21,
1770102000,26861.41,26861.41,26802.34,26858.2,
1770102600,26858.94,26861.37,26799.67,26801.14,
1770103200,26797.48,26821.62,26768.22,26818.84,
1770103800,26819.71,26854.69,26809.75,26852.7,
1770104400,26852.27,26854.78,26816.49,26825.14,
1770105000,26828.21,26833.61,26799.78,26811.72,
1770105600,26810.08,26834.77,26810.08,26834.77,
1770168000,26797.05,26797.05,26797.05,26797.05,
1770168600,26774.54,26851.53,26731.84,26733.57,
1770169200,26729.24,26843.6,26722.29,26781.28,
1770169800,26780.53,26879.41,26766.85,26811.88,
1770170400,26810.42,26899.64,26786.26,26858.14,
1770171000,26855.65,26863.4,26760.79,26781.56,
1770171600,26776.71,26817.46,26744.37,26766.14,
1770172200,26765.35,26779.96,26710.85,26712.79,
1770172800,26712.13,26749.94,26707,26725.53,
1770173400,26725.84,26731.3,26686.2,26712.44,
1770174000,26714.2,26714.2,26669.13,26674.86,
1770174600,26674.39,26701.06,26593.18,26610.74,
1770175200,26609.85,26667.78,26609.73,26640.49,
1770175800,26638.75,26715.68,26638.75,26714.3,
1770176400,26712.93,26739.01,26698.92,26700.3,
1770177000,26703.71,26732.01,26696.45,26726.15,
1770177600,26724.5,26724.94,26724.5,26724.94,
1770181200,26728.86,26804.17,26725.7,26797.58,
1770181800,26797.19,26812.6,26746.71,26789.41,
1770182400,26788.93,26810.78,26785.76,26804.23,
1770183000,26804.07,26813.96,26773.17,26773.86,
1770183600,26779.81,26835.83,26766.84,26835.83,
1770184200,26836.17,26844.68,26817.49,26835.51,
1770184800,26835.85,26880.69,26834.97,26868.84,
1770185400,26869.66,27004.22,26869.66,26928.28,
1770186000,26930.28,26951.43,26899.27,26901.73,
1770186600,26903.13,26935.01,26897.94,26930.56,
1770187200,26930.17,26966.85,26918.07,26962.32,
1770187800,26961.04,26977.51,26943.83,26945.03,
1770188400,26947.85,26950.8,26903.39,26917.88,
1770189000,26918.84,26927.03,26873.29,26873.29,
1770189600,26876.08,26878.97,26858.31,26864.51,
1770190200,26864.42,26900.68,26853.89,26878.6,
1770190800,26876.69,26876.69,26847.09,26850.79,
1770191400,26852.92,26855.82,26828.11,26852.54,
1770192000,26848.45,26848.45,26847.32,26847.32,
1770254400,26627.95,26627.95,26627.95,26627.95,
1770255000,26650.71,26717.96,26622.85,26647.04,
1770255600,26648.09,26651.57,26553.64,26555.28,
1770256200,26556.25,26588.49,26508.7,26517.05,
1770256800,26516.7,26577.72,26492.93,26501.96,
1770257400,26505.54,26546.06,26418.98,26452.62,
1770258000,26449.72,26555.08,26445.15,26513.27,
1770258600,26514.3,26632.9,26513.66,26603.16,
1770259200,26605.49,26637.26,26564.29,26565.27,
1770259800,26564.61,26566.92,26411.59,26412.78,
1770260400,26410.77,26477.97,26410.77,26477.94,
1770261000,26479.87,26552.65,26477.6,26552.65,
1770261600,26554.23,26607.24,26541.06,26548.03,
1770262200,26546.74,26552.62,26500.61,26509.89,
1770262800,26509.99,26535.74,26508.27,26528.12,
1770263400,26530.07,26532.01,26500.77,26506.26,
1770264000,26506.44,26506.44,26506.33,26506.33,
1770267600,26508.71,26550.06,26489.47,26499.6,
1770268200,26498.04,26544.05,26491.98,26507.15,
1770268800,26508.97,26555.36,26506.03,26554.16,
1770269400,26555.9,26622.18,26534.99,26619.71,
1770270000,26619.24,26682.27,26614.22,26629.4,
1770270600,26630.99,26663.68,26619.12,26634.54,
1770271200,26635.05,26660.72,26618.49,26644.38,
1770271800,26646.29,26703.09,26640.32,26668.91,
1770272400,26668.46,26691.68,26647.04,26690.96,
1770273000,26694.57,26772.37,26694.57,26735.42,
1770273600,26738,26805,26730.14,26798.54,
1770274200,26800.16,26818.66,26772.4,26809.44,
1770274800,26811.57,26851.34,26794.08,26795.4,
1770275400,26790.41,26884.94,26784.98,26878.51,
1770276000,26880.06,26919.39,26850.49,26911.92,
1770276600,26912.64,26912.64,26868.93,26887.39,
1770277200,26889.96,26889.96,26837.51,26866.25,
1770277800,26867.95,26882.59,26854.94,26861.71,
1770278400,26865.17,26885.24,26865.17,26885.24,
1770340800,26354.34,26354.34,26354.34,26354.34,
1770341400,26387.13,26439.14,26295.03,26384.23,
1770342000,26386.92,26429.73,26365.03,26396.67,
1770342600,26397.35,26467.5,26397.35,26417.69,
1770343200,26419.72,26455.06,26390.49,26453.98,
1770343800,26452.37,26495.79,26412.61,26485.58,
1770344400,26485.87,26499.25,26438.24,26476,
1770345000,26473.38,26482.96,26429.64,26462.75,
1770345600,26463.12,26554.34,26460.01,26516.64,
1770346200,26518.36,26556.24,26505.78,26529.42,
1770346800,26529.24,26591.38,26505.01,26588.95,
1770347400,26589.17,26599.67,26548.06,26554.95,
1770348000,26557.94,26564.69,26516,26559.82,
1770348600,26561.53,26589.46,26540.6,26545.6,
1770349200,26546.67,26563.45,26524.23,26558.07,
1770349800,26559.84,26581.24,26549.39,26580.87,
1770350400,26580.94,26580.94,26580.29,26580.29,
1770354000,26554.15,26579.07,26474.94,26553.03,
1770354600,26551.12,26562.73,26527.26,26527.26,
1770355200,26527.99,26558.3,26521.33,26555.21,
1770355800,26558.22,26635.97,26552.65,26635.97,
1770356400,26637.04,26655.38,26605.42,26612.54,
1770357000,26609.46,26662.92,26608.25,26662.92,
1770357600,26664.08,26710.34,26657.46,26659.03,
1770358200,26656.97,26663.93,26625.52,26625.52,
1770358800,26627.15,26634.45,26587.61,26596.24,
1770359400,26596.92,26625.32,26587.99,26587.99,
1770360000,26587.28,26596.38,26569.34,26578.28,
1770360600,26578.16,26578.16,26545.66,26545.66,
1770361200,26548.96,26550.02,26516.79,26544.94,
1770361800,26543.63,26562.59,26514.13,26556.46,
1770362400,26555.71,26594.52,26553.48,26589.49,
1770363000,26588.58,26632.28,26583.43,26624.89,
1770363600,26622.2,26631.21,26587.57,26598.1,
1770364200,26598.04,26601.35,26544.3,26550.29,
1770364800,26548.44,26559.95,26548.44,26559.95,
1770600000,26982.49,26982.49,26982.49,26982.49,
1770600600,27026.84,27027.48,26932.83,26951.97,
1770601200,26952.18,26956.79,26879.1,26898.49,
1770601800,26901.37,26958.66,26884.81,26956.03,
1770602400,26954.71,26955.55,26896.34,26954.27,
1770603000,26951.51,27046.91,26941.58,27027.26,
1770603600,27024.62,27072.83,27016.49,27038.88,
1770604200,27039.63,27079.25,27034.99,27058.78,
1770604800,27062.26,27084.08,27035.01,27056.28,
1770605400,27056.76,27059.78,26955.61,26958.27,
1770606000,26959.58,26998.84,26951.26,26998.34,
1770606600,26998.9,27034.65,26993.63,26996.84,
1770607200,27000.87,27014.05,26976.73,26990.25,
1770607800,26990.34,26993.82,26958.11,26968.09,
1770608400,26969.34,26969.34,26918.72,26943.03,
1770609000,26942.48,26955.42,26940.29,26941.9,
1770609600,26942.74,26945.35,26942.74,26945.35,
1770613200,26952.15,26958.35,26911.71,26920.13,
1770613800,26918.02,26983.06,26917.06,26968.26,
1770614400,26968.05,27005.23,26961.48,26988.67,
1770615000,26988.55,26991.98,26963.97,26973.61,
1770615600,26974.94,26999.43,26948.8,26966.41,
1770616200,26964.7,27033.55,26964.7,27018.64,
1770616800,27018.2,27023.87,26931.97,27022.52,
1770617400,27021.47,27046.35,26996.84,27006.65,
1770618000,27004.95,27035.83,27001.73,27035.49,
1770618600,27035.12,27098.37,27031.8,27088.83,
1770619200,27089.95,27106.62,27071.79,27099.47,
1770619800,27102.12,27111.54,27070.92,27074.3,
1770620400,27075.45,27089.13,27031.5,27042.64,
1770621000,27043.04,27046.78,27021.05,27023.14,
1770621600,27023.88,27039.2,26996.35,27010.61,
1770622200,27014.49,27026.8,27004.04,27012.54,
1770622800,27009.58,27020.82,26995.92,27004.81,
1770623400,27005.4,27024.39,27002.37,27013.76,
1770624000,27015.67,27027.16,27015.67,27027.16,
1770686400,27202.96,27202.96,27202.96,27202.96,
1770687000,27207.46,27273.71,27136.58,27254.53,
1770687600,27257.1,27325.83,27246.49,27297.85,
1770688200,27297.89,27370.39,27296.17,27366.99,
1770688800,27371.2,27397.65,27351.95,27378.13,
1770689400,27378.56,27390.19,27326.15,27331.95,
1770690000,27331.94,27334.61,27300.1,27316.62,
1770690600,27318.14,27326.66,27247.61,27278.17,
1770691200,27277.23,27286.18,27240.58,27244.07,
1770691800,27240.7,27240.7,27191.14,27198.26,
1770692400,27202.5,27226.89,27163.61,27166.81,
1770693000,27169.03,27176.39,27150.32,27162.33,
1770693600,27161.84,27204.73,27155.37,27196.42,
1770694200,27194.94,27195.68,27149.35,27150.87,
1770694800,27149.85,27169.83,27141.06,27159.4,
1770695400,27159.27,27177.38,27149.9,27173.28,
1770696000,27172.87,27173.55,27172.87,27173.55,
1770699600,27176.35,27182.22,27158.45,27166.91,
1770700200,27168.2,27198.62,27164.74,27189.6,
1770700800,27192,27196.07,27162.23,27174.26,
1770701400,27174.07,27198.97,27159.13,27184.86,
1770702000,27186.23,27190.14,27161.23,27161.92,
1770702600,27161.61,27185.07,27159.77,27185.07,
1770703200,27180.18,27184.68,27139.14,27140.84,
1770703800,27140.41,27144.75,27104.82,27131.38,
1770704400,27132.27,27154.64,27123.57,27145.86,
1770705000,27145.49,27154.2,27127.09,27142.19,
1770705600,27139.72,27162.75,27134.12,27162.75,
1770706200,27164.51,27170.86,27150.24,27164.87,
1770706800,27169.28,27177.42,27146.19,27166.15,
1770707400,27164.76,27171.19,27151.63,27157.62,
1770708000,27160.03,27166.55,27154.67,27163.85,
1770708600,27162.65,27162.65,27136.2,27141.54,
1770709200,27143.88,27159.85,27137.09,27144.63,
1770709800,27143.21,27158.75,27137.6,27153.29,
1770710400,27153.59,27183.15,27153.59,27183.15,
1770772800,27246.18,27246.18,27246.18,27246.18,
1770773400,27250.53,27250.53,27133.77,27133.77,
1770774000,27140.27,27249.24,27136.75,27241.19,
1770774600,27243.32,27243.32,27174.42,27184,
1770775200,27184.65,27221.67,27176.66,27206.48,
1770775800,27203.77,27236.71,27185.12,27224.87,
1770776400,27221.84,27279.61,27214.07,27239.76,
1770777000,27240.71,27276.27,27221.01,27259.78,
1770777600,27261.1,27305.25,27261.1,27283.22,
1770778200,27283.58,27322.5,27283.58,27300.18,
1770778800,27301.56,27325.98,27266.74,27268.87,
1770779400,27266.76,27273.74,27237.82,27245.52,
1770780000,27244.54,27273.39,27229.15,27263.38,
1770780600,27265.55,27282.2,27263.6,27269.5,
1770781200,27269.62,27285.76,27266.23,27281.75,
1770781800,27282.85,27302.53,27279.37,27300.41,
1770782400,27299.62,27299.88,27299.62,27299.88,
1770786000,27291.89,27300.14,27269.8,27285.4,
1770786600,27284.9,27297.94,27275.82,27290.33,
1770787200,27289.49,27297.56,27280.84,27297.56,
1770787800,27296.01,27307.78,27291.22,27296.1,
1770788400,27297.22,27299.88,27278.37,27279.11,
1770789000,27279.34,27287.42,27243.55,27285.44,
1770789600,27285.89,27322.81,27285.7,27319.01,
1770790200,27318.58,27323.38,27270.07,27277.58,
1770790800,27277.03,27279.91,27250.87,27254.09,
1770791400,27254.15,27267.09,27242.03,27263.24,
1770792000,27265.21,27275.48,27257.71,27261.12,
1770792600,27261.1,27272.71,27252.73,27257.25,
1770793200,27259.19,27268.35,27248.84,27260.26,
1770793800,27261.59,27268.21,27242.01,27245.25,
1770794400,27247.24,27267.36,27238.74,27256.33,
1770795000,27257.4,27264.12,27242.5,27254.44,
1770795600,27252.02,27258.93,27239.57,27250.06,
1770796200,27247.31,27251.63,27228.61,27238.55,
1770796800,27237.74,27266.38,27237.74,27266.38,
1770859200,27210.56,27210.56,27210.56,27210.56,
1770859800,27215.63,27215.63,27123.4,27138.19,
1770860400,27133.26,27148.55,27034.01,27040.71,
1770861000,27044.3,27115.1,27024.08,27111.47,
1770861600,27110.58,27112.77,27064.91,27091.93,
1770862200,27090.13,27101.67,27052.27,27081.2,
1770862800,27078.19,27102.36,27060.67,27084.64,
1770863400,27084.68,27084.68,27018.02,27041.09,
1770864000,27043.03,27048.9,27013.99,27023.07,
1770864600,27022.08,27045.86,27010.12,27014.28,
1770865200,27011.91,27057.54,27011.68,27056.36,
1770865800,27059,27069.76,27007.48,27017.5,
1770866400,27016.02,27016.02,26977.28,26999.71,
1770867000,26997.74,27033.26,26985.78,27028.46,
1770867600,27030.51,27042.79,27020.26,27020.26,
1770868200,27023.72,27027.86,27005.47,27024.02,
1770868800,27024.06,27024.06,27023.67,27023.67,
1770872400,27017.07,27018.52,26947.05,26948.97,
1770873000,26948.73,26970.49,26932.56,26962.12,
1770873600,26961.49,26971.35,26941.95,26971.35,
1770874200,26968.64,26987.38,26960.65,26985.54,
1770874800,26988.11,27060.92,26985.94,27060.29,
1770875400,27058.9,27074.38,27029,27066.36,
1770876000,27064.92,27069.43,27032.39,27040.95,
1770876600,27041.62,27074.84,27036.87,27036.87,
1770877200,27037.5,27040.42,27011.07,27017.36,
1770877800,27018.15,27024.6,26979.62,27003.91,
1770878400,27005.06,27015.83,26991.72,27013.27,
1770879000,27013.88,27017.73,26998.01,27013.7,
1770879600,27013.21,27030.37,26999.49,27003.53,
1770880200,27004.8,27032.13,26997.25,27022.06,
1770880800,27023.45,27030.09,27015.61,27026.15,
1770881400,27026.83,27038.13,27021.11,27021.62,
1770882000,27021.09,27033.81,27015.46,27031.04,
1770882600,27031.49,27031.49,27011.26,27023.31,
1770883200,27022.58,27032.54,27022.58,27032.54,
1770945600,26640.16,26640.16,26640.16,26640.16,
1770946200,26662.62,26690.55,26593.71,26689.26,
1770946800,26697.19,26745.48,26694.11,26718.08,
1770947400,26725.35,26774.44,26657.52,26670.95,
1770948000,26670.93,26676.68,26613.51,26631.65,
1770948600,26632.81,26657.28,26623.54,26649.54,
1770949200,26652.87,26652.87,26576.61,26614,
1770949800,26622.18,26638.16,26562.22,26568.24,
1770950400,26576.01,26583.69,26547.19,26573.28,
1770951000,26576.74,26593.01,26563.05,26574.28,
1770951600,26572.53,26598.51,26570.56,26585.7,
1770952200,26592.11,26616.19,26573.66,26576.37,
1770952800,26584.3,26584.3,26537.95,26549.82,
1770953400,26557.74,26573.74,26548.79,26558.44,
1770954000,26560.74,26563.98,26549.96,26553.83,
1770954600,26558.22,26561.38,26542.96,26548.46,
1770955200,26548.41,26548.41,26547.97,26547.97,
1770958800,26548.17,26552.07,26522.56,26522.78,
1770959400,26525.94,26527.75,26475.58,26478.26,
1770960000,26476.12,26485.63,26447.6,26447.6,
1770960600,26455.3,26481.23,26444.46,26480.6,
1770961200,26484.72,26486.14,26470.56,26475.59,
1770961800,26479.53,26482.68,26462.07,26472.19,
1770962400,26472.53,26517.41,26470.31,26505.66,
1770963000,26504.71,26508.61,26478.5,26506.29,
1770963600,26506.77,26530.56,26505.71,26530.56,
1770964200,26530.03,26577.79,26513.98,26518.55,
1770964800,26525.6,26550.81,26517.51,26549.42,
1770965400,26551.2,26599.35,26548.44,26595.15,
1770966000,26601.07,26615.34,26576.83,26584.35,
1770966600,26588.99,26588.99,26546.82,26554.31,
1770967200,26558.24,26564.22,26543.4,26555.83,
1770967800,26560.11,26581.59,26541.85,26547.77,
1770968400,26551.22,26587.13,26543.23,26581.94,
1770969000,26586.39,26589.65,26559.5,26563.37,
1770969600,26560.48,26567.12,26560.48,26567.12,
1771204800,26501.2,26501.2,26501.2,26501.2,
1771205400,26513.02,26542.7,26428.5,26437,
1771206000,26434.35,26495.69,26404.26,26404.26,
1771206600,26401.83,26542.75,26382.41,26542.75,
1771207200,26542.51,26627,26477.52,26477.52,
1771207800,26476.72,26576.25,26466.36,26545.56,
1771208400,26545.47,26584.05,26544.63,26580.62,
1771209000,26580.16,26587.66,26557.45,26573.09,
1771209600,26573.44,26623.97,26569.58,26606.88,
1771210200,26606.64,26625.19,26591.18,26612.04,
1771210800,26611.74,26651.3,26598.14,26632.54,
1771211400,26631.8,26660.46,26623.57,26643.84,
1771212000,26643.78,26688.4,26643.78,26667.7,
1771212600,26664.36,26674.64,26640.44,26660.71,
1771213200,26657.33,26680.79,26624.06,26677.29,
1771213800,26680.1,26734.41,26662.85,26727.57,
1771214400,26723,26723,26705.94,26705.94,
1771550400,26657.84,26657.84,26657.84,26657.84,
1771551000,26694.34,26694.34,26462.93,26505.7,
1771551600,26508.11,26516.92,26382.26,26383.09,
1771552200,26382.37,26504.4,26356.96,26463.29,
1771552800,26463.24,26623.06,26463.24,26549.9,
1771553400,26549.2,26549.2,26405.35,26460.54,
1771554000,26460.47,26476.17,26437.79,26445.89,
1771554600,26445.17,26558.03,26445.17,26555.5,
1771555200,26554.37,26577.24,26445.88,26464.62,
1771555800,26466.46,26531.6,26464.97,26531.6,
1771556400,26533.24,26569.61,26498,26517.92,
1771557000,26518.77,26593.39,26518.37,26584.85,
1771557600,26584.82,26590.97,26515.61,26515.61,
1771558200,26519.09,26561.2,26514.71,26548.1,
1771558800,26547.51,26554.66,26516.82,26550.78,
1771559400,26548.86,26556.11,26543.16,26545.69,
1771560000,26544.12,26544.62,26544.12,26544.62,
1771563600,26550.68,26641.46,26550.68,26564.49,
1771564200,26566.53,26568.88,26509.87,26529.27,
1771564800,26528.93,26575.62,26526.02,26560.68,
1771565400,26561.51,26573.55,26524.95,26526.66,
1771566000,26526.41,26547.95,26509.34,26547.39,
1771566600,26546.93,26558.1,26531.93,26558.1,
1771567200,26557.64,26560.15,26529.43,26532.46,
1771567800,26532.33,26545.47,26521.48,26521.48,
1771568400,26520.71,26552.58,26506.73,26552.29,
1771569000,26553.69,26567.96,26510.15,26534.38,
1771569600,26532.15,26547.09,26521.95,26521.95,
1771570200,26523.65,26528.04,26504.1,26507.44,
1771570800,26505.63,26507.07,26472.4,26482.6,
1771571400,26483.58,26509.47,26474.83,26500.11,
1771572000,26499.78,26500.87,26447.44,26450.36,
1771572600,26451.98,26451.98,26427.16,26431.68,
1771573200,26431.58,26445.44,26426.12,26437.79,
1771573800,26437.71,26446.61,26426.27,26441.45,
1771574400,26443.69,26443.69,26413.35,26413.35,
1771809600,26798.97,26798.97,26798.97,26798.97,
1771810200,26830.99,26992.31,26806.95,26934.05,
1771810800,26936.12,27041,26904.48,26970.65,
1771811400,26969.74,27049.44,26969.74,27019.44,
1771812000,27021.2,27095.32,27021.2,27088.83,
1771812600,27086.4,27086.4,27024.4,27064.85,
1771813200,27061.46,27116.95,27057.41,27080.92,
1771813800,27079.74,27128.26,27079.74,27123.27,
1771814400,27121.97,27156.28,27109.57,27120.26,
1771815000,27119.46,27136.75,27086.01,27096.45,
1771815600,27096.9,27118.39,27063.84,27064.38,
1771816200,27067.29,27067.29,27001.53,27003.55,
1771816800,27003.9,27003.9,26943.83,26991.82,
1771817400,26990.59,27024.13,26982.73,26984.67,
1771818000,26984.32,27006.21,26984.32,26999.1,
1771818600,26997.73,27024.83,26990.01,27018.73,
1771819200,27017.88,27019.21,27017.88,27019.21,
1771822800,27017.36,27017.36,26958.84,26963.87,
1771823400,26964.18,26989.96,26961.88,26986.16,
1771824000,26986.21,27009.67,26978.46,26984.7,
1771824600,26984.53,27004.69,26976.72,26993.69,
1771825200,26994.43,27003.32,26979.85,26999.86,
1771825800,27001.25,27038.04,26996.67,27022.91,
1771826400,27021.36,27059,27015.67,27055.17,
1771827000,27055.63,27108.31,27054.32,27094.91,
1771827600,27093.22,27116.78,27072.65,27095.73,
1771828200,27094.39,27110.96,27091.6,27105.59,
1771828800,27105.7,27132.07,27103.41,27131.78,
1771829400,27136.45,27138.79,27086.18,27089.14,
1771830000,27089.47,27101.18,27072.54,27089.9,
1771830600,27090.43,27092.16,27047.51,27050.84,
1771831200,27050.5,27065.29,27048.49,27054.14,
1771831800,27054.27,27059.14,27031.55,27043.18,
1771832400,27043.24,27055.56,27028.24,27049.64,
1771833000,27049.04,27067.46,27041.85,27066.92,
1771833600,27062.5,27081.91,27062.5,27081.91,
1771896000,26913.68,26913.68,26913.68,26913.68,
1771896600,26890.39,26890.39,26645.26,26658.69,
1771897200,26661.67,26731.77,26659.5,26666.31,
1771897800,26665.01,26669.46,26577.08,26594.52,
1771898400,26595.97,26614.01,26577.58,26596.31,
1771899000,26594.64,26645.49,26590.54,26640.9,
1771899600,26645.59,26668.96,26635.96,26638.84,
1771900200,26638.25,26638.25,26593.21,26596.82,
1771900800,26597.16,26617.97,26584.29,26609.35,
1771901400,26611.82,26627.23,26586.89,26626.37,
1771902000,26627.97,26633.71,26588.83,26592.23,
1771902600,26593.37,26593.37,26555.12,26561.9,
1771903200,26563.26,26575.71,26544.37,26550.44,
1771903800,26550.59,26556.05,26523.26,26541.57,
1771904400,26541.38,26563.18,26539.17,26562.12,
1771905000,26560.87,26568.37,26550.75,26560.84,
1771905600,26560.57,26560.57,26558.03,26558.03,
1771909200,26558.01,26561.76,26512.75,26543.05,
1771909800,26543.03,26557.48,26489.96,26491.34,
1771910400,26489.14,26512.45,26480.86,26500.3,
1771911000,26500.11,26522.41,26487.76,26497.33,
1771911600,26495.29,26510.37,26485.12,26496.75,
1771912200,26495.26,26519.92,26494.79,26515.43,
1771912800,26516.75,26558.7,26516.05,26553.74,
1771913400,26555.02,26556.35,26515.64,26541.02,
1771914000,26538.35,26542.05,26521.4,26538.31,
1771914600,26539.06,26555.05,26536.32,26542.16,
1771915200,26540.37,26569.66,26537.83,26565.47,
1771915800,26566.84,26570.62,26549.7,26558.54,
1771916400,26558.12,26606.28,26550.89,26584,
1771917000,26584.27,26602.07,26580.82,26586.5,
1771917600,26589.07,26600.24,26583,26596.01,
1771918200,26594.82,26614.11,26592.82,26609.17,
1771918800,26611.75,26611.77,26594.61,26603.4,
1771919400,26604.61,26628.87,26599.43,26617.38,
1771920000,26619.1,26619.1,26590.32,26590.32,
1771982400,26745.2,26745.2,26745.2,26745.2,
1771983000,26736.47,26759.79,26637.84,26695.39,
1771983600,26693.29,26742.61,26660.07,26730.25,
1771984200,26728.07,26749.58,26677.93,26681.79,
1771984800,26680.96,26695.54,26669.96,26677.86,
1771985400,26675.06,26725.56,26632.53,26673.64,
1771986000,26669.73,26709.71,26653.53,26703.48,
1771986600,26701.7,26728.16,26691.69,26692.91,
1771987200,26693.77,26725.49,26684.81,26720.9,
1771987800,26721.27,26817.95,26711.12,26815.91,
1771988400,26811.07,26834.06,26753.55,26785.16,
1771989000,26786.23,26799.88,26761,26793.28,
1771989600,26790.02,26811.87,26786.07,26803.79,
1771990200,26805.06,26841.46,26798.08,26799.45,
1771990800,26800.02,26828.81,26775.9,26818.88,
1771991400,26818.85,26821.58,26785.96,26788.64,
1771992000,26790.23,26790.23,26789.86,26789.86,
1771995600,26833.7,26870.03,26798.82,26825.47,
1771996200,26824.52,26827.75,26780.43,26780.43,
1771996800,26782.3,26812.35,26776.08,26788.21,
1771997400,26791.53,26799.68,26742.27,26755.23,
1771998000,26755.52,26761.66,26744.89,26751.34,
1771998600,26750.47,26753.31,26701.81,26714.97,
1771999200,26714.69,26714.69,26675.54,26675.54,
1771999800,26674.43,26701.9,26672.33,26688.62,
1772000400,26689.63,26710.61,26686.57,26703.83,
1772001000,26700.26,26745.37,26699.07,26739.57,
1772001600,26739.48,26744.47,26728.05,26729.44,
1772002200,26730.99,26741.05,26715.22,26717.1,
1772002800,26718.03,26779.11,26713.95,26765.65,
1772003400,26769.94,26781.82,26763.67,26777.44,
1772004000,26778.53,26781.73,26758.71,26760.7,
1772004600,26761.88,26763.16,26713.04,26716.04,
1772005200,26718.83,26719.71,26693.33,26702.51,
1772005800,26701.09,26717.11,26687.66,26709.06,
1772006400,26706.77,26765.72,26706.77,26765.72,
1772068800,27019.74,27019.74,27019.74,27019.74,
1772069400,27024.07,27024.07,26880.95,26885.43,
1772070000,26881.66,26884.5,26832.71,26836.53,
1772070600,26833.65,26836.24,26709,26713.92,
1772071200,26709.21,26728.52,26628.26,26638.99,
1772071800,26640.9,26674.09,26628.1,26635.31,
1772072400,26626.57,26650.05,26593.89,26604.82,
1772073000,26603.6,26666.76,26593.55,26593.55,
1772073600,26595.01,26643.77,26589.73,26629.71,
1772074200,26626.46,26629.79,26563.86,26583.16,
1772074800,26584.11,26632.56,26580.67,26616.94,
1772075400,26612.27,26631.28,26609.9,26620.66,
1772076000,26615.2,26643.79,26615.2,26638.04,
1772076600,26632.43,26668.68,26630.39,26642.95,
1772077200,26642.82,26655.84,26635.78,26648.62,
1772077800,26644.15,26662.78,26639.96,26660.23,
1772078400,26661.2,26661.2,26656.29,26656.29,
1772082000,26664.72,26672.53,26614.61,26657.95,
1772082600,26656.06,26661.4,26617.49,26618.84,
1772083200,26616.25,26620.79,26565.58,26571.25,
1772083800,26569.66,26585.11,26542.2,26543.12,
1772084400,26540.25,26577.59,26540.25,26559.23,
1772085000,26553.64,26570.99,26542.11,26557.43,
1772085600,26554.87,26564.35,26515.46,26529.45,
1772086200,26528.37,26535.78,26497.61,26504.68,
1772086800,26504.67,26520.66,26498.25,26510.98,
1772087400,26510.22,26532.71,26504.23,26509.93,
1772088000,26508.9,26547.12,26505.78,26536.07,
1772088600,26533.39,26554.21,26530.6,26539.78,
1772089200,26541.48,26542.39,26492.21,26498.49,
1772089800,26501.5,26507.86,26485.81,26495.74,
1772090400,26495.73,26515.67,26470.03,26477.06,
1772091000,26477.03,26482.57,26453.04,26457.38,
1772091600,26458.03,26468.37,26419.48,26419.48,
1772092200,26424.03,26424.03,26373.01,26378.74,
1772092800,26383.05,26383.05,26381.02,26381.02,
1772155200,26447.05,26447.05,26447.05,26447.05,
1772155800,26448.88,26511.6,26375.7,26498.98,
1772156400,26495.45,26566.91,26495.45,26531.92,
1772157000,26532.28,26570.19,26482.74,26497.97,
1772157600,26498.55,26518.39,26448.56,26471.03,
1772158200,26471.69,26487.84,26422.56,26460.99,
1772158800,26459.94,26459.94,26417.27,26456.99,
1772159400,26457.36,26500.47,26456.78,26492.71,
1772160000,26491.02,26529.93,26479.82,26513.7,
1772160600,26513.66,26531.04,26505.36,26524.93,
1772161200,26522.09,26595.07,26511.36,26569.35,
1772161800,26565.77,26606.88,26541.67,26574.18,
1772162400,26571.41,26586.19,26532.97,26539.55,
1772163000,26537.14,26565.41,26537.14,26554.52,
1772163600,26555,26582.41,26545.83,26581.72,
1772164200,26584.54,26592.7,26566.57,26579.88,
1772164800,26578.43,26578.43,26578.03,26578.03,
1772168400,26584.62,26601.39,26567.41,26569.1,
1772169000,26569.7,26645.35,26542.72,26645.35,
1772169600,26643.69,26656.22,26624.51,26629.34,
1772170200,26627.04,26665.51,26627.04,26644.97,
1772170800,26645.55,26654.58,26610.54,26621.4,
1772171400,26622.86,26644.49,26608.78,26615.93,
1772172000,26615.24,26634.39,26610.72,26631.74,
1772172600,26628.18,26647.15,26620.08,26633.76,
1772173200,26633.98,26643.61,26622.48,26640.7,
1772173800,26638.77,26668.6,26626.46,26632.99,
1772174400,26632.34,26661.01,26629.86,26655.89,
1772175000,26658.06,26684.61,26636.45,26674.51,
1772175600,26673.99,26701.5,26668.77,26674.02,
1772176200,26671.78,26672.76,26643.86,26647.8,
1772176800,26647.26,26661.04,26640.89,26656.85,
1772177400,26653.85,26653.85,26620.98,26626.54,
1772178000,26624.66,26665.62,26621.09,26647.44,
1772178600,26647.07,26659.07,26638.05,26654.77,
1772179200,26657.4,26657.4,26630.54,26630.54,
1772414400,26305.58,26305.58,26305.58,26305.58,
1772415000,26283.71,26390.7,26215.17,26384.97,
1772415600,26380.7,26403.85,26150.6,26153.55,
1772416200,26150.36,26167.74,26066.48,26080.59,
1772416800,26079.07,26119.1,26006.86,26012.28,
1772417400,26008.22,26009.62,25897.72,25897.72,
1772418000,25897.8,25965.78,25882.95,25939.91,
1772418600,25936.41,26036.16,25936.41,26036.16,
1772419200,26034.48,26047.58,26012.02,26034.24,
1772419800,26036.32,26054.05,25986.88,25993.29,
1772420400,25993.86,26116.16,25991.44,26073.91,
1772421000,26075.16,26116.04,26057.27,26116.04,
1772421600,26118.01,26163.83,26102.52,26163.83,
1772422200,26160.88,26189.97,26150.44,26172.52,
1772422800,26169.23,26217.91,26168.88,26210.68,
1772423400,26210.85,26227.86,26196.99,26205.32,
1772424000,26205.98,26209.91,26205.98,26209.91,
1772427600,26192.71,26205.07,26134.63,26161.5,
1772428200,26160.53,26248.36,26158.46,26248.36,
1772428800,26246.28,26250.41,26187.32,26200.16,
1772429400,26196.93,26271.9,26196.93,26264.05,
1772430000,26257.86,26280.82,26224.23,26224.23,
1772430600,26221.12,26224.25,26143.44,26160.88,
1772431200,26153.06,26171.19,26128.94,26137.92,
1772431800,26131.41,26134.94,26101.02,26119.4,
1772432400,26118.56,26129.17,26087.2,26101.77,
1772433000,26103.82,26136.83,26092.33,26124.8,
1772433600,26124.46,26124.46,26084.43,26086.84,
1772434200,26090.12,26097.82,26062.27,26088.32,
1772434800,26089.18,26089.18,26005.87,26014.04,
1772435400,26013.5,26026.77,25993.79,26006.64,
1772436000,26006.41,26030.14,26001.9,26024.23,
1772436600,26022.03,26048.49,26019.37,26043.57,
1772437200,26040.35,26064.49,26034.28,26051.7,
1772437800,26051.5,26076.4,26048.63,26063.19,
1772438400,26067.27,26067.27,26059.85,26059.85,
1772500800,26190.24,26190.24,26190.24,26190.24,
1772501400,26175.85,26218.93,26074.3,26085.27,
1772502000,26085.73,26097.23,26032.19,26040.19,
1772502600,26044.35,26060.08,25951.34,25962.04,
1772503200,25963.57,25984.34,25907.93,25973.16,
1772503800,25969.01,26028.2,25915.59,25921.62,
1772504400,25922.57,26050.8,25915.05,26050.8,
1772505000,26055.65,26172.7,26054.07,26155.27,
1772505600,26150.88,26193.28,26135.8,26151.51,
1772506200,26150.17,26151.16,26103.32,26132.29,
1772506800,26131.56,26192.11,26125.66,26131.61,
1772507400,26130.42,26137.74,26063.83,26064.94,
1772508000,26064.55,26069.18,25988.78,25995.81,
1772508600,25994.3,26044.73,25976.42,26023.05,
1772509200,26022.77,26041.75,25977.96,25981.03,
1772509800,25979.2,25986.72,25966.74,25983.87,
1772510400,25983.82,25985.12,25983.82,25985.12,
1772514000,25970.16,26104.55,25932.01,26086.61,
1772514600,26088.97,26093.19,26018.78,26023.67,
1772515200,26019.89,26031.39,25965.68,26029.53,
1772515800,26029.37,26036.64,25905.18,25913.27,
1772516400,25910.16,25932.85,25878.43,25878.43,
1772517000,25873.85,25879.84,25814.81,25832.55,
1772517600,25832.44,25845.6,25776.25,25786.6,
1772518200,25789.14,25793.62,25740.24,25747.09,
1772518800,25747.41,25851.72,25742.14,25843.18,
1772519400,25843.14,25852.63,25751.89,25765.13,
1772520000,25761.47,25813.52,25761.47,25780.68,
1772520600,25776.94,25819.05,25758.98,25793.42,
1772521200,25793.85,25800.08,25762.65,25789.97,
1772521800,25787.83,25794.01,25749.41,25785.82,
1772522400,25789.75,25790.44,25744.4,25750.2,
1772523000,25751.54,25771.46,25728.96,25728.96,
1772523600,25731.17,25758.53,25727,25746.34,
1772524200,25747.38,25763.56,25733.93,25758.65,
1772524800,25762.43,25768.08,25762.43,25768.08,
1772587200,25469.34,25469.34,25469.34,25469.34,
1772587800,25455.12,25470.05,25184.1,25411.91,
1772588400,25408.8,25416.2,25333.95,25408.75,
1772589000,25413.53,25413.53,25273.89,25376.19,
1772589600,25372.7,25372.7,25267.7,25275.34,
1772590200,25276.68,25357.69,25258.08,25354.51,
1772590800,25358.66,25398.04,25345.68,25346.35,
1772591400,25345.95,25345.95,25233.21,25251.67,
1772592000,25254.3,25271,25202.29,25259.36,
1772592600,25260.11,25318.7,25152.09,25152.72,
1772593200,25147.55,25147.55,25053.76,25120.62,
1772593800,25121.28,25122.08,25028.58,25089.33,
1772594400,25090.6,25101.4,24999.25,25003.29,
1772595000,25003.15,25073.09,24963.42,24996.6,
1772595600,24996.75,25069.96,24983.79,25049.4,
1772596200,25049.73,25071.85,25026,25051.98,
1772596800,25051.33,25051.33,25051.06,25051.06,
1772600400,25030.49,25115.97,24983.73,25043.41,
1772601000,25045.47,25081.17,25003.71,25019.71,
1772601600,25019.46,25031.46,24962.36,24972.62,
1772602200,24974.54,25095.12,24958.43,25090.51,
1772602800,25090.27,25159.17,25090.27,25109.99,
1772603400,25110.43,25137.12,25072.48,25090.32,
1772604000,25091.59,25091.59,25013.73,25042.32,
1772604600,25041.66,25048.52,25030.45,25038.6,
1772605200,25041.14,25070.72,25034.47,25050.31,
1772605800,25053.4,25142.55,25048.48,25124.12,
1772606400,25125.44,25143.33,25096.13,25103.21,
1772607000,25103.57,25120.45,25075.39,25085.67,
1772607600,25088.22,25141.21,25087.62,25121.27,
1772608200,25119.66,25119.66,25043.85,25052.55,
1772608800,25053.26,25111.13,25040.09,25108.43,
1772609400,25109.37,25193.02,25104.95,25179.4,
1772610000,25181.6,25218.7,25171.5,25214.36,
1772610600,25211.48,25262.39,25205.02,25262.39,
1772611200,25263.04,25263.04,25249.48,25249.48,
1772673600,25583.65,25583.65,25583.65,25583.65,
1772674200,25608.54,25628.8,25531.4,25591.87,
1772674800,25592.18,25666.46,25550.03,25591.56,
1772675400,25592.15,25597.46,25493.45,25495.89,
1772676000,25495.36,25637.47,25490.31,25614.92,
1772676600,25619.69,25695.45,25598.24,25683.55,
1772677200,25682.26,25704.11,25609.2,25676.26,
1772677800,25678.65,25689.36,25654.71,25680.97,
1772678400,25682.63,25724.42,25653.58,25705.2,
1772679000,25705.79,25721.19,25659.34,25693.47,
1772679600,25694.08,25736.6,25689.9,25692.66,
1772680200,25693.25,25693.25,25599.98,25602.09,
1772680800,25600.91,25633.27,25556.01,25558.99,
1772681400,25562.89,25564.62,25481.18,25496.54,
1772682000,25494.82,25534.76,25488.58,25490.94,
1772682600,25490.37,25495.92,25451.15,25458.66,
1772683200,25459.66,25462.3,25459.66,25462.3,
1772686800,25529.56,25545.3,25494.16,25527.57,
1772687400,25525.35,25563.94,25505.88,25514.37,
1772688000,25515.96,25517.58,25467.51,25467.51,
1772688600,25469.46,25504.76,25464.99,25491.69,
1772689200,25489.67,25510.43,25459.37,25462.46,
1772689800,25459.56,25460.41,25358.89,25358.89,
1772690400,25357.12,25361.16,25250.32,25252.92,
1772691000,25251.4,25300.6,25236.68,25299.16,
1772691600,25296.66,25315.32,25266.2,25288.9,
1772692200,25291.29,25303.72,25255.63,25284.99,
1772692800,25286.05,25291.71,25273.77,25290.16,
1772693400,25290.87,25372.35,25290.87,25369.74,
1772694000,25372.97,25381.86,25312.5,25327.25,
1772694600,25326.59,25372.52,25311.4,25366.79,
1772695200,25371.41,25381.39,25338.33,25379.64,
1772695800,25380.62,25380.62,25312.42,25344.47,
1772696400,25343.11,25370.75,25320.28,25342.37,
1772697000,25344.43,25362.77,25319.31,25358.69,
1772697600,25359.57,25359.57,25321.34,25321.34,
1772760000,25358.56,25358.56,25358.56,25358.56,
1772760600,25332.07,25386.5,25267.63,25345.71,
1772761200,25343.69,25414.81,25335.03,25412.62,
1772761800,25412.04,25502.29,25412.04,25484.56,
1772762400,25484.51,25503.12,25447.51,25491.31,
1772763000,25492.36,25633.44,25486.71,25578.6,
1772763600,25580.13,25614.72,25534.71,25544.78,
1772764200,25546.43,25589.92,25545.9,25562.19,
1772764800,25567.61,25609.74,25549.65,25606.23,
1772765400,25602.97,25611.1,25558.02,25599.57,
1772766000,25600.04,25707.39,25600.04,25691.74,
1772766600,25691.67,25712.56,25682.93,25703.99,
1772767200,25702.94,25780.95,25702.29,25737.3,
1772767800,25738.67,25774.9,25737.42,25759.38,
1772768400,25762.2,25801.71,25758.7,25779.28,
1772769000,25784.47,25802.36,25766.29,25789.3,
1772769600,25787.49,25789.9,25787.49,25789.9,
1772773200,25786.3,25786.3,25708.71,25726.61,
1772773800,25734.76,25743.1,25706.12,25733.85,
1772774400,25743.47,25744.26,25690.98,25708.62,
1772775000,25715.44,25795.23,25699.03,25785.19,
1772775600,25787.88,25806.72,25732.84,25734.84,
1772776200,25734.53,25784.74,25729.5,25776.08,
1772776800,25776.24,25796.87,25771.91,25791.87,
1772777400,25795.85,25795.85,25738.14,25754.55,
1772778000,25761.65,25762.56,25738.01,25742.12,
1772778600,25745.86,25745.86,25697.93,25699.11,
1772779200,25703.04,25739.36,25683.4,25736.93,
1772779800,25739.26,25764.8,25734.97,25763.52,
1772780400,25767.5,25776.59,25717.76,25720.6,
1772781000,25720.07,25756.17,25702.4,25729.09,
1772781600,25731.79,25745.88,25722.66,25727.01,
1772782200,25726.64,25730.98,25702.41,25723.76,
1772782800,25732.03,25742.43,25695.19,25695.19,
1772783400,25705.35,25775.6,25693.61,25770.55,
1772784000,25768.4,25768.4,25757.29,25757.29,
1773019200,25075.74,25075.74,25075.74,25075.74,
1773019800,25079.65,25114.99,24925.74,24964.34,
1773020400,24962.2,25061.88,24943.66,25039.74,
1773021000,25042.6,25042.6,24945.34,24945.34,
1773021600,24946.66,25054.21,24919.08,25049.75,
1773022200,25050.17,25067.75,24960.93,24960.93,
1773022800,24961.73,24984.1,24946.58,24950.15,
1773023400,24950.56,24994.57,24906,24994.57,
1773024000,24992.33,25143.18,24992.33,25136.39,
1773024600,25137.16,25191.05,25117.93,25126.94,
1773025200,25130.19,25158.46,25096.64,25116.91,
1773025800,25116.11,25116.11,25045.78,25095.78,
1773026400,25096.22,25123.39,25071.68,25076.91,
1773027000,25077.32,25107.6,25049.2,25080.8,
1773027600,25081.36,25101.04,25076.94,25098.89,
1773028200,25101.21,25111.08,25087.07,25101.62,
1773028800,25101.16,25101.16,25101.04,25101.04,
1773032400,25076.68,25144.94,25000.83,25122.35,
1773033000,25122.94,25153.06,25117.2,25124.93,
1773033600,25122.89,25254.72,25107.74,25236.35,
1773034200,25234.2,25277.71,25215.59,25221.09,
1773034800,25220.9,25302.56,25203.43,25299.25,
1773035400,25297.33,25356.69,25292.46,25350.75,
1773036000,25355.35,25357.89,25304.12,25338.79,
1773036600,25339.08,25360.22,25317.22,25336.91,
1773037200,25333.96,25359.38,25304.37,25347.32,
1773037800,25347.42,25380.09,25290.93,25290.93,
1773038400,25291.49,25321.83,25267.82,25289.25,
1773039000,25288.37,25301.63,25256.57,25285.4,
1773039600,25280.56,25293.42,25241.78,25263.33,
1773040200,25262.34,25284.42,25242.67,25263.59,
1773040800,25267.28,25414.55,25265.41,25407.05,
1773041400,25407.04,25442.62,25383.59,25429.52,
1773042000,25426.79,25432.57,25366.24,25373.65,
1773042600,25376.42,25415.98,25368.3,25407.72,
1773043200,25409.32,25409.32,25408.46,25408.46,
1773105600,25740.29,25740.29,25740.29,25740.29,
1773106200,25745.8,25812.15,25728.8,25791.83,
1773106800,25796.76,25847.67,25779.24,25794.06,
1773107400,25795.49,25842.03,25761.42,25796.65,
1773108000,25796.93,25828.06,25745.4,25753.56,
1773108600,25753.93,25795.4,25749.67,25769.08,
1773109200,25769.74,25789.54,25705.21,25709.16,
1773109800,25709.86,25716.22,25636.4,25677.89,
1773110400,25676.65,25690.51,25611.79,25619.98,
1773111000,25618.86,25653.34,25614.19,25649.32,
1773111600,25651.84,25736.5,25640.8,25729.27,
1773112200,25731.12,25833.9,25714.36,25831.66,
1773112800,25831.85,25863.11,25817.73,25848.07,
1773113400,25849.54,25872.66,25831.62,25833.43,
1773114000,25836.26,25862.66,25808.27,25808.64,
1773114600,25806.86,25810.2,25773.63,25806.68,
1773115200,25804.66,25804.7,25804.66,25804.7,
1773118800,25802.92,25865.54,25799.02,25842.28,
1773119400,25842.33,25864.33,25824.07,25829.34,
1773120000,25830,25864.16,25829.72,25834.83,
1773120600,25838.16,25838.16,25799.07,25807.23,
1773121200,25808.21,25822.34,25788.76,25817.29,
1773121800,25819.33,25895.43,25815.84,25895.43,
1773122400,25891.09,25930.9,25891.09,25917.48,
1773123000,25919.15,25920.29,25855.36,25855.36,
1773123600,25860.65,25878.57,25845.81,25876.26,
1773124200,25878.49,25940.97,25871.95,25918.62,
1773124800,25917.56,25933.58,25908.72,25914.24,
1773125400,25915.01,25923.05,25873.3,25904.67,
1773126000,25905.87,25915.33,25876.91,25903.1,
1773126600,25905.58,25911.49,25891.29,25900.81,
1773127200,25897.12,25921.88,25891.08,25913.86,
1773127800,25915.75,25918.45,25886.2,25892.87,
1773128400,25889.17,25907.42,25866.93,25905.81,
1773129000,25904.22,25946.86,25890.54,25938.99,
1773129600,25937.81,25959.9,25937.81,25959.9,
1773192000,26112.08,26112.08,26112.08,26112.08,
1773192600,26084.19,26115.95,26048.71,26058.19,
1773193200,26062.69,26064.28,26012.83,26027.32,
1773193800,26030.28,26032.94,25970.92,25998.15,
1773194400,26000.68,26060.96,25989.8,26025.58,
1773195000,26023.66,26061.19,26023.66,26033.8,
1773195600,26037.54,26050.11,25988.19,26048.5,
1773196200,26049.75,26066.79,26016.53,26028.35,
1773196800,26028.18,26086.45,26013.84,26082.54,
1773197400,26082.53,26149.64,26082.53,26103.78,
1773198000,26103.71,26114.23,26031.67,26033.74,
1773198600,26034.52,26055.81,26023.07,26041.45,
1773199200,26041.13,26042.7,26005.14,26025.11,
1773199800,26026.23,26055.66,26025.41,26048.93,
1773200400,26052.24,26059.38,26035.86,26044.03,
1773201000,26047.18,26048.68,25950.64,25981.71,
1773201600,25981.42,25981.77,25981.42,25981.77,
1773205200,25980.38,25986.23,25910.06,25911.49,
1773205800,25911.27,25925.12,25883.99,25916.17,
1773206400,25915.68,25927.31,25883.37,25915.42,
1773207000,25915.48,25928.28,25890.94,25892.76,
1773207600,25888.63,25924.27,25886.49,25921.02,
1773208200,25918.42,25918.69,25886.23,25898.86,
1773208800,25898.67,25974.3,25898.67,25966.79,
1773209400,25969.12,26008.05,25962.24,25967.9,
1773210000,25967.41,25967.41,25935.99,25954.69,
1773210600,25953.48,25987.71,25953.48,25980.04,
1773211200,25983.47,25986.16,25946.43,25952.63,
1773211800,25954.26,25958.59,25931.66,25939.44,
1773212400,25940.02,25941.43,25882.66,25896.48,
1773213000,25895.95,25922.91,25893.21,25920.64,
1773213600,25922.6,25925.1,25899.18,25907.85,
1773214200,25906.84,25911.35,25839.57,25846.71,
1773214800,25846.8,25853.41,25819.1,25835.12,
1773215400,25837.7,25887.21,25832.75,25883.16,
1773216000,25885.51,25898.76,25885.51,25898.76,
1773278400,25719.47,25719.47,25719.47,25719.47,
1773279000,25751.57,25858.59,25749.99,25853.79,
1773279600,25855.39,25932.58,25840.47,25842.28,
1773280200,25837.02,25842.49,25716.8,25742.63,
1773280800,25741.94,25811.88,25731.02,25795.93,
1773281400,25794.49,25811.52,25726.81,25729.56,
1773282000,25729.83,25740.45,25682.61,25709.1,
1773282600,25711.14,25726.48,25603.6,25603.6,
1773283200,25604.33,25616.73,25569.59,25578.79,
1773283800,25579.95,25625.74,25574.37,25609.93,
1773284400,25609.79,25640.66,25593.32,25615.57,
1773285000,25615.2,25626.71,25546.2,25574.54,
1773285600,25573.91,25595.36,25546.95,25572.75,
1773286200,25573.24,25573.24,25530.56,25537.42,
1773286800,25539.32,25545.36,25524.15,25531.14,
1773287400,25529.26,25579.52,25529.26,25579.52,
1773288000,25579.95,25579.95,25579.95,25579.95,
1773291600,25572.66,25596.06,25550.78,25572.76,
1773292200,25576,25586.85,25542.15,25543.71,
1773292800,25538.64,25545.21,25521.15,25545.17,
1773293400,25545.36,25605.03,25540.41,25566.92,
1773294000,25567.06,25594.77,25563.75,25580.97,
1773294600,25579.54,25636.43,25546.13,25636,
1773295200,25634.73,25641.35,25591.23,25619.48,
1773295800,25623.14,25623.14,25592.11,25600.61,
1773296400,25600.28,25643.35,25596.37,25639.01,
1773297000,25642.45,25685.31,25642.45,25670.93,
1773297600,25671.63,25679.64,25657.63,25679.64,
1773298200,25681.61,25690.74,25660.38,25667.3,
1773298800,25664.02,25708.21,25663.9,25675.14,
1773299400,25674.4,25699.84,25667.49,25692.44,
1773300000,25691.21,25707.07,25686.08,25702.18,
1773300600,25702.55,25706.42,25674.6,25690.5,
1773301200,25689.27,25699.7,25677.35,25690.65,
1773301800,25693.76,25735.02,25683.13,25735.02,
1773302400,25733.86,25733.86,25716.76,25716.76,
1773364800,25583.55,25583.55,25583.55,25583.55,
1773365400,25586.55,25669.19,25575.26,25598.35,
1773366000,25597.42,25634.08,25512.47,25537.39,
1773366600,25533.74,25553.75,25475.44,25500.8,
1773367200,25498.25,25680.49,25497.19,25674.4,
1773367800,25674.29,25694.14,25623.66,25623.66,
1773368400,25621.65,25679.63,25619.6,25655.63,
1773369000,25657.06,25697.17,25645.36,25656.86,
1773369600,25660.74,25682.05,25649.06,25670.23,
1773370200,25665.45,25676.61,25638.61,25654,
1773370800,25656.26,25677.26,25634.52,25648.19,
1773371400,25646.89,25650.1,25573.47,25574.4,
1773372000,25574.61,25604.13,25567.58,25593.94,
1773372600,25596.44,25611.89,25586.19,25592.26,
1773373200,25591.93,25600.29,25587.64,25594.35,
1773373800,25594.72,25597.83,25575.37,25593.64,
1773374400,25594.25,25594.25,25593.25,25593.25,
1773378000,25572.35,25619.67,25538.24,25602.79,
1773378600,25600.9,25600.9,25569.69,25577.51,
1773379200,25578.44,25590.61,25573.15,25575.19,
1773379800,25574.65,25635.66,25562.8,25635.39,
1773380400,25634.05,25639.73,25568.18,25570.28,
1773381000,25568.55,25582.12,25528.6,25551.16,
1773381600,25555.4,25556.18,25517.32,25543.07,
1773382200,25539.15,25548.03,25519.97,25535.68,
1773382800,25533.57,25538.29,25502.23,25525.19,
1773383400,25525.13,25535.38,25488.07,25492.56,
1773384000,25493.45,25498.94,25454.1,25461.96,
1773384600,25462.94,25493.49,25460.83,25486.23,
1773385200,25486.85,25489.59,25439.3,25441.92,
1773385800,25440.81,25450.15,25426.92,25432.35,
1773386400,25434.97,25461.05,25419.87,25459.27,
1773387000,25460.85,25481.86,25453.68,25462.28,
1773387600,25463.46,25473.04,25447.79,25461.6,
1773388200,25460.79,25487.55,25453.34,25487.53,
1773388800,25482.5,25482.5,25465.6,25465.6,
1773624000,25436.27,25436.27,25436.27,25436.27,
1773624600,25497.85,25524.29,25365.09,25366.03,
1773625200,25365.72,25495.88,25317.81,25489.81,
1773625800,25488.18,25535,25424.08,25535,
1773626400,25537.25,25572.77,25471.49,25536.69,
1773627000,25535.64,25616.2,25519.04,25604.27,
1773627600,25604.53,25624.91,25525.27,25551.1,
1773628200,25551.56,25576.65,25510.76,25525.42,
1773628800,25524.41,25541.54,25496.36,25500.06,
1773629400,25501.79,25543.63,25476.29,25540.12,
1773630000,25542.21,25588.31,25542.21,25569.82,
1773630600,25570.92,25612.81,25551.05,25612.81,
1773631200,25610.52,25660.83,25590.99,25660.15,
1773631800,25659.87,25710.37,25651.96,25703.34,
1773632400,25702.22,25768.12,25698.07,25746.97,
1773633000,25749.47,25766.51,25741.43,25755.98,
1773633600,25756.27,25756.27,25755.53,25755.53,
1773637200,25760.07,25809.02,25725.6,25794.64,
1773637800,25795.74,25829.68,25794.86,25801.35,
1773638400,25798.6,25808.52,25759.14,25769.4,
1773639000,25770.73,25806.42,25743.27,25805.45,
1773639600,25806.53,25831.61,25794.65,25794.65,
1773640200,25797.85,25816.51,25793.98,25803.93,
1773640800,25806.58,25821.43,25783.9,25816.51,
1773641400,25818,25844.42,25807.27,25844.42,
1773642000,25847.49,25855.06,25814.62,25818.71,
1773642600,25818.39,25825.08,25804.05,25813.12,
1773643200,25811.13,25851.26,25806.5,25836.99,
1773643800,25836.87,25850.05,25823.7,25847.83,
1773644400,25847.93,25855.28,25824.66,25850.58,
1773645000,25849.9,25856.73,25801.73,25817.5,
1773645600,25817.12,25849.34,25814.6,25818.71,
1773646200,25822.31,25822.31,25777.03,25782.11,
1773646800,25785.89,25799.29,25779.86,25792.24,
1773647400,25793.72,25837.3,25787.94,25832.13,
1773648000,25833.22,25834.02,25833.22,25834.02,
1773710400,25938.43,25938.43,25938.43,25938.43,
1773711000,25966.71,26099.07,25966.71,26035.63,
1773711600,26038.59,26119.71,26012.68,26103.65,
1773712200,26101.89,26185.02,26101.89,26168.47,
1773712800,26168.44,26250.14,26158.71,26228.21,
1773713400,26226.44,26244.22,26201.63,26230.17,
1773714000,26229.99,26231.72,26167.7,26177.25,
1773714600,26175.01,26197.33,26104.96,26146.57,
1773715200,26148.42,26164.04,26124.97,26134.33,
1773715800,26134.25,26135.75,26102.26,26106.82,
1773716400,26106.33,26110.87,26055.21,26078.6,
1773717000,26078.01,26115.61,26074.16,26108.2,
1773717600,26109.11,26111.55,26058.83,26069.19,
1773718200,26068.36,26071.72,26040.66,26055.07,
1773718800,26056.04,26061.29,26038.31,26048.76,
1773719400,26047.63,26088.02,26044.57,26087.69,
1773720000,26088.03,26088.07,26088.03,26088.07,
1773723600,26096.67,26115,26065.95,26102.4,
1773724200,26102.81,26104.79,26003.56,26058.09,
1773724800,26057.1,26060.32,25984.98,26008.07,
1773725400,26007.91,26013.85,25978.35,25982.85,
1773726000,25980.91,25992.74,25930.91,25955.93,
1773726600,25953.81,25959.7,25885.56,25887.99,
1773727200,25888.71,25901.27,25863.38,25881.1,
1773727800,25879.24,25899.11,25853.77,25869.7,
1773728400,25873.06,25895.55,25867.92,25893.2,
1773729000,25890.9,25915.07,25869.2,25880.06,
1773729600,25881.08,25909.17,25863.97,25871.1,
1773730200,25873.82,25887.2,25856.84,25887.18,
1773730800,25888.81,25908.28,25863.83,25871,
1773731400,25870.99,25875.16,25848.1,25874.48,
1773732000,25874.22,25891.02,25864.66,25885.46,
1773732600,25884.67,25886.65,25857.17,25863.92,
1773733200,25865.11,25879.25,25844.95,25871.67,
1773733800,25869.31,25903.61,25848.61,25898.14,
1773734400,25895.94,25895.94,25868.54,25868.54,
1773796800,25923.03,25923.03,25923.03,25923.03,
1773797400,25951.66,25955.41,25855.34,25874.97,
1773798000,25871.59,25927.58,25851.44,25853.11,
1773798600,25853.24,25877.41,25818.55,25823.43,
1773799200,25824.44,25857.91,25803.9,25853.51,
1773799800,25854.53,25888.25,25811.12,25885.44,
1773800400,25885.32,25902.79,25839.41,25856.98,
1773801000,25858.35,25874.94,25833.23,25868.31,
1773801600,25864.01,25881.66,25818.38,25835.75,
1773802200,25836.69,25836.69,25791.82,25812.57,
1773802800,25813.83,25835.95,25802.87,25804.52,
1773803400,25806.51,25826.49,25800.4,25812.92,
1773804000,25808.89,25827.85,25796.49,25817.34,
1773804600,25815.7,25829.75,25811.22,25819.31,
1773805200,25819.84,25837.16,25813.13,25829.15,
1773805800,25829.72,25833,25800.91,25824.91,
1773806400,25824.7,25825.08,25824.7,25825.08,
1773810000,25856.96,25981.69,25831.63,25929.44,
1773810600,25929.7,25991.66,25877.67,25991.66,
1773811200,25992.09,25998.05,25949.55,25967.34,
1773811800,25965.81,26067.32,25964,26018.8,
1773812400,26022.77,26069.42,26022.28,26035.78,
1773813000,26037.87,26037.87,25997.1,26009.14,
1773813600,26008.44,26054.93,26005.92,26051.27,
1773814200,26050.58,26069.9,26032.51,26062.37,
1773814800,26062.19,26098.74,26060.11,26090.65,
1773815400,26092.72,26099.68,26057.3,26067.43,
1773816000,26065.73,26109.15,26057.79,26093.17,
1773816600,26096.35,26096.35,26070.27,26082.38,
1773817200,26080.98,26117.95,26066.33,26069.79,
1773817800,26071.52,26075.16,26028.34,26043.2,
1773818400,26041.03,26049.34,26026.65,26035.95,
1773819000,26035.65,26035.65,25986.31,25990.44,
1773819600,25990.76,26026.37,25988.33,25998.64,
1773820200,25999.28,26055.06,25985.46,26049.76,
1773820800,26048.21,26048.21,26025.42,26025.42,
1773883200,25550.56,25550.56,25550.56,25550.56,
1773883800,25553.43,25632.02,25502.92,25632.02,
1773884400,25631.97,25674.58,25610.2,25636.15,
1773885000,25634.6,25680.88,25614.55,25658.81,
1773885600,25658.31,25669,25613.33,25664.42,
1773886200,25664.45,25669.3,25601.28,25641.03,
1773886800,25641.27,25712.06,25625.48,25711.82,
1773887400,25711.56,25737.83,25695.1,25714.47,
1773888000,25713.59,25729.88,25679.12,25679.12,
1773888600,25678.28,25680.93,25605.71,25609.99,
1773889200,25610.5,25639.78,25608.45,25635,
1773889800,25633.42,25664.54,25629.76,25647.86,
1773890400,25651.82,25667.84,25604.69,25647.74,
1773891000,25646.84,25648.27,25574.82,25582.66,
1773891600,25581.72,25606.04,25570.96,25595.24,
1773892200,25596.43,25602.74,25584.81,25590.98,
1773892800,25593.03,25593.03,25592.99,25592.99,
1773896400,25579.96,25585.45,25526.92,25550.48,
1773897000,25551.71,25555.42,25529.35,25549.37,
1773897600,25551.48,25580.57,25522.11,25527.1,
1773898200,25529.02,25543.96,25489.41,25493.34,
1773898800,25495.42,25501.76,25459.19,25463.31,
1773899400,25460.75,25527.47,25449.06,25501.94,
1773900000,25502.08,25557.37,25487.66,25542.73,
1773900600,25541.95,25581.88,25537.7,25568.73,
1773901200,25568,25568,25536.78,25538.35,
1773901800,25539.25,25542.3,25507.22,25528.97,
1773902400,25528.61,25545.62,25491.85,25494.55,
1773903000,25496.92,25507.21,25485.26,25507.08,
1773903600,25506.32,25522.99,25500.94,25515.84,
1773904200,25518.33,25534.78,25490.89,25526.76,
1773904800,25529.61,25550.97,25505.85,25510.1,
1773905400,25512.15,25516.36,25478.62,25481.23,
1773906000,25483.34,25493.18,25449.67,25483.34,
1773906600,25484.75,25505.96,25479.24,25498.99,
1773907200,25491.84,25500.58,25491.84,25500.58,
1773969600,25337.28,25337.28,25337.28,25337.28,
1773970200,25371.5,25563.88,25371.5,25536.47,
1773970800,25533.05,25539.29,25432.76,25434.81,
1773971400,25432.47,25448.4,25327.54,25368.95,
1773972000,25372.05,25402.6,25347.41,25400.59,
1773972600,25401.42,25401.7,25331.29,25360.76,
1773973200,25362.44,25365.29,25298.21,25330.44,
1773973800,25333.54,25425.81,25317.33,25380.51,
1773974400,25382.66,25420.24,25358.25,25415.13,
1773975000,25417.76,25426.52,25341.66,25348.3,
1773975600,25349.85,25353.2,25297.12,25349.84,
1773976200,25348.8,25424.26,25348,25421.55,
1773976800,25424.52,25429.88,25378.1,25387.19,
1773977400,25387.18,25402.78,25351.32,25353.04,
1773978000,25355.14,25359.96,25328.23,25330.3,
1773978600,25327.8,25344.74,25325.08,25342.23,
1773979200,25338.97,25340.43,25338.97,25340.43,
1773982800,25331.33,25366.31,25326.63,25347.72,
1773983400,25344.83,25345.52,25291.53,25298.46,
1773984000,25300.38,25314.77,25287.99,25307.2,
1773984600,25308.28,25337.19,25304.94,25320.22,
1773985200,25321.99,25351.16,25317.04,25333.61,
1773985800,25339.6,25339.75,25302.44,25306.79,
1773986400,25305.18,25359.11,25299.1,25342.88,
1773987000,25345.81,25345.81,25297.83,25308.59,
1773987600,25306.55,25308.75,25254,25258.09,
1773988200,25258.03,25273.66,25242.43,25243.96,
1773988800,25246.91,25246.91,25189.5,25193.31,
1773989400,25190.16,25213.02,25190.16,25198.18,
1773990000,25202.37,25202.37,25121.46,25170.3,
1773990600,25168.5,25238.08,25159.93,25236.27,
1773991200,25241,25286.78,25236.11,25274.03,
1773991800,25269.17,25280.37,25242.96,25248.79,
1773992400,25247.22,25261.23,25217.84,25234.11,
1773993000,25237.63,25282.17,25235.99,25271.36,
1773993600,25274.4,25277.32,25274.4,25277.32,
1774228800,24789.14,24789.14,24789.14,24789.14,
1774229400,24769.72,24769.72,24532.28,24598.59,
1774230000,24598.15,24645.21,24557.93,24634.81,
1774230600,24635.63,24636.95,24553.9,24593.66,
1774231200,24587.94,24679.38,24574.23,24635.44,
1774231800,24640.14,24640.14,24564.67,24592.86,
1774232400,24594.29,24660.49,24576.83,24580.51,
1774233000,24581.94,24582.56,24492.97,24496.84,
1774233600,24492.64,24501.48,24441.15,24441.15,
1774234200,24440.01,24466.2,24418.75,24466.2,
1774234800,24464.42,24493.67,24433.48,24443.9,
1774235400,24442.08,24463.17,24396.99,24426.09,
1774236000,24427.99,24464.21,24403.34,24407.21,
1774236600,24407.54,24422.48,24404.45,24421.3,
1774237200,24420.47,24437.14,24411.86,24421.12,
1774237800,24420.81,24424.49,24398.49,24401.31,
1774238400,24402.32,24402.32,24400.46,24400.46,
1774242000,24400.74,24489,24399.98,24442.5,
1774242600,24441.59,24479.56,24419.03,24458.99,
1774243200,24459.85,24459.85,24401,24414.53,
1774243800,24411.77,24446.92,24362.73,24407.19,
1774244400,24410.11,24410.11,24326.08,24332.67,
1774245000,24330.22,24360.63,24315.93,24343.52,
1774245600,24344.5,24344.5,24271.51,24288.88,
1774246200,24287.24,24313.11,24258.99,24299.78,
1774246800,24298.76,24329.81,24261.98,24284.05,
1774247400,24280.85,24283.77,24248.81,24263.92,
1774248000,24263.88,24282.98,24203.54,24222.52,
1774248600,24224.61,24273.75,24223.47,24255.43,
1774249200,24256,24263.88,24204.14,24248.43,
1774249800,24252.14,24325.22,24252.14,24325.22,
1774250400,24323.08,24343.44,24300.91,24329.8,
1774251000,24330.22,24406.87,24330.22,24395.11,
1774251600,24394.52,24433.72,24378.2,24425.89,
1774252200,24426.21,24438.12,24402.47,24409.24,
1774252800,24408.91,24408.91,24382.47,24382.47,
1774315200,24759.82,24759.82,24759.82,24759.82,
1774315800,24772.99,24815.97,24703.02,24711.67,
1774316400,24712.71,24720.18,24576.04,24578.94,
1774317000,24580.85,24646.44,24565.47,24580.04,
1774317600,24578.35,24712.82,24555.5,24709.42,
1774318200,24708.72,24721.43,24584.85,24599.55,
1774318800,24601.16,24739.3,24601.16,24725.87,
1774319400,24727.67,24736.62,24677.04,24679.05,
1774320000,24677.05,24773.47,24661.98,24687.32,
1774320600,24688.38,24728.21,24647.33,24719.41,
1774321200,24719.07,24747.11,24695.21,24697.44,
1774321800,24698.09,24799.45,24696.96,24779.89,
1774322400,24781.43,24815.28,24780.29,24795.96,
1774323000,24796.04,24796.25,24734.9,24762.76,
1774323600,24762.43,24793.43,24758.15,24780.94,
1774324200,24780.33,24837.85,24769.56,24826.84,
1774324800,24828.86,24829.92,24828.86,24829.92,
1774328400,24831.14,24831.14,24671.78,24678.29,
1774329000,24677.88,24795.6,24677.88,24776.9,
1774329600,24774.92,24775.87,24688.46,24692.5,
1774330200,24693.2,24745.83,24688.86,24734.61,
1774330800,24738.84,24782.84,24734.47,24777.51,
1774331400,24777.52,24799.29,24761.57,24789.22,
1774332000,24788.44,24835.89,24786.85,24829.88,
1774332600,24829.34,24896.39,24815.1,24895.4,
1774333200,24893.46,24931.16,24888.14,24914.97,
1774333800,24915.76,24944.4,24915.3,24932.13,
1774334400,24924.53,24974.25,24924.53,24968.56,
1774335000,24968.82,24989.26,24950.68,24974.06,
1774335600,24974.96,25046.27,24974.96,25043.59,
1774336200,25042.11,25077.09,25016.02,25036.26,
1774336800,25039.67,25055.19,25023.83,25033.82,
1774337400,25033.76,25033.76,24964.48,24987.26,
1774338000,24986.18,25022.92,24957.39,24997.17,
1774338600,24994.02,25064.36,24975.27,25057.95,
1774339200,25062.28,25063.71,25062.28,25063.71,
1774401600,25280.52,25280.52,25280.52,25280.52,
1774402200,25269.2,25304.11,25193.65,25281.88,
1774402800,25284.18,25376.78,25245.57,25376.78,
1774403400,25379.7,25390.3,25339.73,25339.73,
1774404000,25340.66,25340.66,25284.87,25287.63,
1774404600,25285.25,25322.39,25262,25293.1,
1774405200,25292.68,25293.97,25235.24,25250.43,
1774405800,25249.2,25258.26,25192.41,25197.08,
1774406400,25195.9,25260.02,25193.54,25212.87,
1774407000,25210.76,25220.17,25160.45,25174.32,
1774407600,25170.44,25171.24,25135.13,25135.13,
1774408200,25134.69,25145.71,25112.44,25138.92,
1774408800,25136.95,25141.54,25083.77,25111.92,
1774409400,25110.61,25112.54,25066.82,25079.94,
1774410000,25080.98,25098.18,25072.68,25075.23,
1774410600,25080.71,25095.54,25066.47,25072.33,
1774411200,25072.75,25073.05,25072.75,25073.05,
1774414800,25090.89,25093.01,25015.2,25069.13,
1774415400,25067.47,25101.54,25056.73,25078.37,
1774416000,25075.79,25194.87,25075.79,25194.87,
1774416600,25191.38,25323.1,25185.79,25323.1,
1774417200,25321.1,25390.05,25261.2,25274.71,
1774417800,25276.71,25280.05,25174.35,25190.53,
1774418400,25190.63,25199.48,25146.27,25186.24,
1774419000,25189.3,25193.42,25127.05,25179.07,
1774419600,25177.1,25183.41,25138.72,25150.15,
1774420200,25151.91,25170.63,25130.28,25155.82,
1774420800,25155.89,25204.68,25138.5,25201.42,
1774421400,25202.27,25224.76,25189.99,25197.2,
1774422000,25196.81,25220.74,25188.01,25188.01,
1774422600,25188.72,25237.38,25180.65,25232.23,
1774423200,25231.52,25265.23,25225.61,25247.97,
1774423800,25248.96,25274.36,25225.3,25237.09,
1774424400,25240.9,25269.32,25230.11,25243.41,
1774425000,25245.57,25292.9,25237.85,25281.26,
1774425600,25283.6,25335.95,25283.6,25335.95,
1774488000,25267.16,25267.16,25267.16,25267.16,
1774488600,25260.09,25278.03,25152.76,25176.78,
1774489200,25180.15,25236.98,25144.05,25151.31,
1774489800,25148.46,25150.78,25084.98,25117.14,
1774490400,25114.91,25124.8,25041.52,25049.33,
1774491000,25048.6,25068.66,25021.46,25021.46,
1774491600,25016.38,25045.86,24975.89,24980.81,
1774492200,24982.85,25011.8,24942.41,24962.74,
1774492800,24964.05,25022.5,24962.48,24981.78,
1774493400,24984.58,24999.79,24946.66,24967.43,
1774494000,24966.09,24981.89,24926.27,24929.97,
1774494600,24931.87,24983.41,24915.93,24956.39,
1774495200,24957.79,24978.85,24952.54,24976.09,
1774495800,24973.52,24999.84,24967.72,24993.91,
1774496400,24994.91,25012.88,24990.03,24994.97,
1774497000,24997.88,24997.88,24972.77,24987.88,
1774497600,24988.04,24988.04,24988.04,24988.04,
1774501200,24978.41,25004.92,24917.28,24920.65,
1774501800,24918.38,24926.95,24884.95,24903.93,
1774502400,24903.23,24906.98,24834.87,24865.35,
1774503000,24863.42,24875.5,24827.29,24853.63,
1774503600,24854.85,24862.32,24808.52,24832.26,
1774504200,24829.97,24836.31,24798.82,24801.72,
1774504800,24802.13,24857.71,24795.43,24820.26,
1774505400,24822.11,24843.13,24818.6,24833.62,
1774506000,24833.95,24872.53,24817.77,24863.66,
1774506600,24866.14,24875.34,24840.04,24843.65,
1774507200,24844.06,24863.41,24828.09,24863.41,
1774507800,24865.26,24867.77,24848.04,24865.02,
1774508400,24867.25,24872.31,24804.29,24804.29,
1774509000,24805.69,24826.21,24800.85,24807.61,
1774509600,24809.7,24844.56,24795.06,24836.8,
1774510200,24835.73,24850.24,24820.47,24838.21,
1774510800,24838.46,24838.46,24795.79,24816.45,
1774511400,24818.28,24829.45,24793.1,24829.45,
1774512000,24827.5,24856.43,24827.5,24856.43,
1774574400,24768.66,24768.66,24768.66,24768.66,
1774575000,24760.88,24913.23,24753.56,24821.19,
1774575600,24821.77,24848.83,24728.5,24732.66,
1774576200,24733.39,24783.09,24712.92,24775.66,
1774576800,24779.51,24858.05,24779.51,24847.79,
1774577400,24847.39,24892.01,24834.93,24851.64,
1774578000,24849.25,24862.86,24778.3,24861.01,
1774578600,24860.82,24932.65,24842.36,24917.43,
1774579200,24916.44,24941.39,24892.93,24906.63,
1774579800,24906.53,24923.58,24856.74,24863.61,
1774580400,24865.13,24913.19,24835.07,24858.22,
1774581000,24857.55,24899.15,24853.13,24876.71,
1774581600,24878.52,24916.72,24869.97,24907.89,
1774582200,24906.18,24955.92,24905.82,24955.11,
1774582800,24959.52,24976.21,24931.91,24941.16,
1774583400,24938.23,24995.62,24937.65,24993.64,
1774584000,24992.06,24992.06,24992.06,24992.06,
1774587600,25003.5,25069.31,24990.76,25067.43,
1774588200,25066.7,25095.57,25040,25080.24,
1774588800,25081.37,25081.9,25039.75,25058.18,
1774589400,25060.01,25085.82,25052.57,25068.65,
1774590000,25068.8,25082.72,25058.78,25078.62,
1774590600,25078.42,25078.42,24995.4,24995.5,
1774591200,24997.67,25002.31,24958.75,24975.96,
1774591800,24973.52,25031.57,24973.52,25014.9,
1774592400,25015.72,25059.11,25015.35,25030.81,
1774593000,25029.27,25040.01,25002.77,25016.1,
1774593600,25016.74,25027.94,24991.38,24993.15,
1774594200,24992.27,25012.91,24988.65,25002.96,
1774594800,25001.01,25012.73,24957.2,24982.74,
1774595400,24981.62,25014.34,24967.49,24967.49,
1774596000,24967.97,24984.69,24958.28,24958.28,
1774596600,24960.38,24972.87,24940.85,24957.64,
1774597200,24957.05,24958.94,24935.42,24936.45,
1774597800,24937.14,24961.12,24925.22,24961.12,
1774598400,24959.95,24959.95,24951.88,24951.88,
1774833600,24532.85,24532.85,24532.85,24532.85,
1774834200,24529.34,24652.48,24529.34,24612.2,
1774834800,24625.65,24637.31,24558.79,24561.26,
1774835400,24578.92,24578.92,24510.78,24532.12,
1774836000,24546.45,24561.55,24510.25,24514.13,
1774836600,24524.2,24544.56,24477.77,24486.13,
1774837200,24499.8,24499.8,24438.26,24456.82,
1774837800,24473.42,24475.69,24409.57,24431.51,
1774838400,24444.59,24587.81,24434.73,24587.81,
1774839000,24593.78,24593.78,24541.54,24560.51,
1774839600,24574.74,24648.43,24557.68,24642.28,
1774840200,24654.78,24684.69,24634.95,24672.81,
1774840800,24688.13,24717.89,24670.62,24698.82,
1774841400,24707.39,24713.63,24683.13,24687.57,
1774842000,24696.67,24732.12,24690.5,24720.97,
1774842600,24731.23,24731.23,24704.17,24711.46,
1774843200,24719.2,24727.84,24719.2,24727.84,
1774846800,24715.62,24754.69,24663.84,24754.09,
1774847400,24776.41,24791.17,24682.39,24747.32,
1774848000,24759.72,24759.72,24700.59,24705.92,
1774848600,24714.88,24714.88,24650.93,24657.67,
1774849200,24666.45,24668.02,24609.67,24634.91,
1774849800,24647.58,24675.66,24633.27,24672.15,
1774850400,24679.39,24722.53,24671.71,24696.32,
1774851000,24706.68,24706.68,24669.13,24683,
1774851600,24689.65,24734.72,24681.22,24730.13,
1774852200,24735.45,24772.9,24730.78,24738.64,
1774852800,24751.08,24809.57,24736.62,24803.72,
1774853400,24811.86,24811.86,24747.08,24765.05,
1774854000,24776.11,24776.11,24719.23,24733.81,
1774854600,24740.86,24742,24673.75,24683.01,
1774855200,24693.76,24697.45,24667.86,24684.09,
1774855800,24688.34,24694.74,24663.24,24690.84,
1774856400,24695.07,24712.14,24675.15,24698.93,
1774857000,24709.3,24744.51,24697.54,24733.04,
1774857600,24736.65,24750.79,24736.65,24750.79,
1774920000,24818.2,24818.2,24818.2,24818.2,
1774920600,24828.87,24979.37,24828.87,24969.61,
1774921200,24972.2,24988.53,24842.63,24842.63,
1774921800,24841.65,24869.12,24785.3,24812.24,
1774922400,24812.02,24843.18,24752.01,24838.49,
1774923000,24839.79,24889.9,24834.48,24866.22,
1774923600,24869.01,24887.1,24820.14,24824.14,
1774924200,24821.67,24821.71,24734.69,24758.62,
1774924800,24757.74,24758.25,24687.68,24724.01,
1774925400,24724.3,24759.82,24686.58,24687.96,
1774926000,24688.43,24716.81,24665.29,24707.58,
1774926600,24704.7,24713.98,24645.89,24654.43,
1774927200,24653.47,24672.6,24630.77,24652.07,
1774927800,24652.18,24662.23,24649.36,24657.92,
1774928400,24660.84,24661.01,24624.76,24624.76,
1774929000,24624.45,24642.11,24615.78,24624.18,
1774929600,24623.95,24624.55,24623.95,24624.55,
1774933200,24622.13,24668.44,24596.29,24597.98,
1774933800,24598.82,24612.78,24559.57,24612.48,
1774934400,24612.7,24668.34,24608.12,24644.27,
1774935000,24646.43,24684.05,24634.4,24660.27,
1774935600,24659.85,24735.6,24641.44,24734.63,
1774936200,24733.81,24760.59,24702.04,24703.33,
1774936800,24701.38,24703.59,24667.15,24684.74,
1774937400,24684.72,24684.72,24629.99,24645.06,
1774938000,24644.58,24677.17,24631.12,24662.35,
1774938600,24662.69,24681.71,24637.99,24642.15,
1774939200,24648.62,24660.52,24638.84,24642.43,
1774939800,24643.27,24705.6,24641.63,24698.83,
1774940400,24695.14,24746.16,24695.14,24705.37,
1774941000,24705.86,24707.91,24670.73,24680.56,
1774941600,24679.44,24733.08,24678.17,24727.13,
1774942200,24726.22,24749.22,24707,24747.63,
1774942800,24746.46,24752.09,24728.2,24738.58,
1774943400,24738.52,24770.21,24728.64,24769.08,
1774944000,24773.33,24788.14,24773.33,24788.14,
1775006400,25357.23,25357.23,25357.23,25357.23,
1775007000,25367.39,25394.37,25251.19,25260.98,
1775007600,25260.67,25311.58,25250.08,25258,
1775008200,25257.55,25273.82,25232.14,25248.16,
1775008800,25246.51,25298.02,25241.73,25280.23,
1775009400,25283.97,25294.67,25251.34,25272.64,
1775010000,25271.6,25281.72,25246.12,25254.19,
1775010600,25253.79,25253.79,25224.17,25224.77,
1775011200,25222.04,25288.2,25203.69,25281.54,
1775011800,25286.17,25334.65,25285.01,25307.73,
1775012400,25308.95,25323.69,25279.7,25319.84,
1775013000,25324.91,25345.03,25316.54,25330.73,
1775013600,25329.62,25337.02,25309.93,25327.79,
1775014200,25327.62,25339.01,25302.56,25304.41,
1775014800,25303.72,25308.7,25287.62,25290.31,
1775015400,25291.55,25293.02,25270.82,25277.39,
1775016000,25277.74,25277.74,25276.65,25276.65,
1775019600,25278.62,25284.24,25251.14,25271.41,
1775020200,25271.81,25351.48,25269.83,25341.95,
1775020800,25342.21,25363.16,25322.81,25361.11,
1775021400,25359.62,25362.41,25320.32,25336.37,
1775022000,25337.61,25349.12,25313.27,25320,
1775022600,25320.48,25326.43,25264.32,25264.63,
1775023200,25267.13,25321.21,25265.84,25312.09,
1775023800,25313.49,25350.09,25311.35,25349.13,
1775024400,25346.46,25429.76,25346.46,25412.94,
1775025000,25413.79,25416.03,25372.48,25373.98,
1775025600,25373.94,25397.28,25356.84,25380.4,
1775026200,25381.63,25381.63,25359.65,25361.59,
1775026800,25363.68,25379.4,25341.93,25344.05,
1775027400,25343.98,25364.22,25323.17,25360.63,
1775028000,25358.84,25369.68,25347.54,25358.86,
1775028600,25359.5,25359.81,25326.12,25352.94,
1775029200,25353.92,25354.42,25274.98,25274.98,
1775029800,25276.92,25278.7,25239.11,25266.73,
1775030400,25260.76,25294.03,25260.76,25294.03,
1775092800,25254.49,25254.49,25254.49,25254.49,
1775093400,25202.33,25250.61,25141.44,25179.31,
1775094000,25180.13,25182.62,25032.35,25071.94,
1775094600,25072.32,25120.47,25061.84,25074.69,
1775095200,25075.19,25097.81,25034.93,25066.28,
1775095800,25063.09,25085.61,25026.03,25043.96,
1775096400,25042.72,25048.47,25023.17,25037.97,
1775097000,25037.41,25045.4,25012.77,25021.59,
1775097600,25021.56,25076.74,25021.56,25047.26,
1775098200,25048.27,25064.65,25042.4,25046.06,
1775098800,25046.56,25046.7,25021.19,25037.15,
1775099400,25039.2,25067.17,25037.04,25060.05,
1775100000,25059.32,25077.59,25042.04,25046.57,
1775100600,25045.53,25053.38,25024.25,25027.23,
1775101200,25026.07,25029.97,25005.26,25020.33,
1775101800,25019.9,25019.9,25003.38,25016.36,
1775102400,25017.23,25017.23,25017.23,25017.23,
1775106000,25004.95,25004.95,24943.64,24945.92,
1775106600,24946.26,24946.26,24901.77,24911.58,
1775107200,24911.09,24967.77,24905.05,24956.98,
1775107800,24958.99,24969.55,24928.64,24939.7,
1775108400,24940.12,24961.58,24926.15,24927.65,
1775109000,24927.45,24933.83,24905.77,24907.17,
1775109600,24906.8,24937.83,24904.2,24935.71,
1775110200,24935.79,24969.2,24922.35,24960.25,
1775110800,24959.95,24992,24959.09,24983.21,
1775111400,24980.72,24984.97,24949.09,24967.35,
1775112000,24967.98,24971.45,24956.17,24966.6,
1775112600,24966.33,24996.12,24963.62,24985.66,
1775113200,24987.68,25025.32,24987.68,25021.41,
1775113800,25020.7,25074,25020.7,25068.32,
1775114400,25068.23,25091.61,25060.82,25089.89,
1775115000,25089.96,25098.64,25041.74,25051.76,
1775115600,25047.15,25079.26,25034.69,25074.5,
1775116200,25072.65,25102.46,25072.22,25097.74,
1775116800,25096.99,25116.53,25096.99,25116.53,
1775611200,25772.56,25772.56,25772.56,25772.56,
1775611800,25788.64,25800.57,25711.23,25748.3,
1775612400,25747.37,25846.35,25747.37,25792.02,
1775613000,25793.54,25827.38,25722.68,25725.65,
1775613600,25728.78,25872.3,25724.55,25794.6,
1775614200,25796.87,25796.87,25706.29,25708.81,
1775614800,25709.61,25747.26,25668.67,25743.35,
1775615400,25744.35,25810.07,25744.35,25791.61,
1775616000,25792.9,25834.54,25791.06,25821.01,
1775616600,25820.82,25833.75,25783.35,25797.36,
1775617200,25795.78,25810.08,25760.69,25799.38,
1775617800,25799.52,25807.19,25783.42,25785.14,
1775618400,25786.89,25786.89,25712.64,25742.98,
1775619000,25744.57,25805.99,25734.53,25798.08,
1775619600,25797.25,25843.23,25794.77,25832.32,
1775620200,25835.47,25858.33,25821.01,25823.36,
1775620800,25824.43,25824.43,25821.88,25821.88,
1775624400,25833.58,25916.38,25818.37,25870.27,
1775625000,25865.86,25880.87,25839.79,25874.15,
1775625600,25884.29,25904.99,25873.87,25885.83,
1775626200,25884.7,25909.7,25862.43,25881.14,
1775626800,25883.94,25913.52,25880.59,25884.76,
1775627400,25884.7,25908.51,25860.14,25871.06,
1775628000,25869.69,25884.76,25848.48,25848.48,
1775628600,25845.27,25874.26,25843.2,25866.95,
1775629200,25866.46,25903.2,25863.08,25899.19,
1775629800,25898.84,25933.27,25894.8,25918.79,
1775630400,25914.87,25934.18,25895.92,25905.14,
1775631000,25904.08,25907.22,25874.52,25891.2,
1775631600,25891.57,25896.06,25810.06,25815.12,
1775632200,25814.33,25840.31,25805.25,25828.51,
1775632800,25828.76,25886.69,25816.51,25868.96,
1775633400,25867.81,25867.81,25791.55,25822.67,
1775634000,25819.07,25860.22,25819.07,25843.66,
1775634600,25844.01,25904.14,25829.29,25904.14,
1775635200,25900.59,25900.59,25893.02,25893.02,
1775697600,25756.41,25756.41,25756.41,25756.41,
1775698200,25730.43,25750.7,25671.03,25679.9,
1775698800,25682.57,25704.44,25653.63,25704.44,
1775699400,25705.51,25756.8,25704.75,25730.8,
1775700000,25732.61,25769.87,25724.6,25748.36,
1775700600,25749.29,25797.24,25718.01,25769.28,
1775701200,25769.39,25779.11,25723.27,25741.74,
1775701800,25745.87,25780.41,25742.56,25765.29,
1775702400,25764.59,25820.85,25751.91,25806.73,
1775703000,25805.06,25852.23,25803.62,25820.38,
1775703600,25818.94,25835.51,25793.42,25833.84,
1775704200,25835.17,25842.1,25772.28,25788.85,
1775704800,25789.15,25793.93,25766.18,25791.22,
1775705400,25792.3,25822.62,25788.87,25813.86,
1775706000,25811.95,25821.15,25796.83,25808.52,
1775706600,25809.01,25819.28,25795.37,25800.87,
1775707200,25803.12,25803.12,25801.87,25801.87,
1775710800,25790.85,25838.43,25790.85,25803.4,
1775711400,25799.55,25799.55,25756.04,25756.99,
1775712000,25752.85,25836.43,25751.11,25836.43,
1775712600,25836.74,25854.8,25824.26,25843.83,
1775713200,25845.33,25852.81,25810.36,25812.32,
1775713800,25813.37,25815.53,25780.79,25796.63,
1775714400,25798.19,25835.63,25792.82,25817.16,
1775715000,25817.2,25832.71,25802.29,25803.96,
1775715600,25807.08,25807.83,25787.94,25788.53,
1775716200,25791.94,25802.44,25783.86,25786.6,
1775716800,25788.65,25806.94,25783.03,25793.71,
1775717400,25793.68,25798.93,25775.7,25798.55,
1775718000,25800.82,25817.45,25777.07,25778.39,
1775718600,25778.04,25786.84,25721.5,25726.01,
1775719200,25726.07,25739.49,25720.18,25729.19,
1775719800,25728.26,25740.36,25696.76,25737.88,
1775720400,25736.69,25740.48,25700.72,25704.97,
1775721000,25707.8,25730.21,25690.92,25724.32,
1775721600,25723.29,25752.4,25723.29,25752.4,
1775784000,25891.88,25891.88,25891.88,25891.88,
1775784600,25915.28,26038.08,25872.86,26004.79,
1775785200,26009.62,26073.97,25986.87,26047.77,
1775785800,26048.02,26051.32,26018.21,26042.36,
1775786400,26042.97,26059.65,25975.49,25991.2,
1775787000,25991.76,26012.29,25946.94,25964.29,
1775787600,25965.18,25992.7,25945.55,25945.55,
1775788200,25945.34,25977.79,25940.5,25961.66,
1775788800,25963.64,25970.96,25925.29,25949.76,
1775789400,25951.37,25952.01,25890.18,25890.18,
1775790000,25894.3,25921.01,25881.14,25893.95,
1775790600,25890.87,25921.33,25884.42,25921.33,
1775791200,25918.43,25933.29,25875.81,25895.21,
1775791800,25894.52,25929.35,25886.87,25925.2,
1775792400,25925.93,25927.48,25908.84,25913.16,
1775793000,25913.37,25914.72,25897.42,25911.71,
1775793600,25910.07,25910.07,25907.96,25907.96,
1775797200,25912.81,25936.79,25896.63,25917.82,
1775797800,25914.02,25926.97,25877.19,25884.57,
1775798400,25890.47,25914.52,25881.76,25881.89,
1775799000,25883.26,25929.8,25872.7,25929.8,
1775799600,25928.64,25952.27,25919.42,25944.54,
1775800200,25941.31,25968.45,25940.26,25967.59,
1775800800,25968.24,25980.17,25920.74,25923.44,
1775801400,25921.13,25924.48,25883.52,25884.83,
1775802000,25885.97,25892.11,25869.65,25888.02,
1775802600,25889.9,25906.25,25876.53,25882.75,
1775803200,25881.15,25889.8,25871.53,25872.45,
1775803800,25873.06,25879.77,25853.93,25879.19,
1775804400,25879.09,25921.96,25879.09,25918.64,
1775805000,25913.99,25921.29,25886.87,25895.35,
1775805600,25892.8,25924.87,25892.8,25919.6,
1775806200,25917.41,25917.41,25866.9,25873.32,
1775806800,25873.42,25874.72,25843.65,25853.55,
1775807400,25855.18,25876.87,25845.64,25868.27,
1775808000,25869.07,25893.54,25869.07,25893.54,
1776043200,25708.64,25708.64,25708.64,25708.64,
1776043800,25707.81,25717.38,25570.1,25587.96,
1776044400,25590.04,25610.67,25529.44,25543.4,
1776045000,25544.06,25618.68,25544.06,25595.53,
1776045600,25596.92,25655.61,25585.52,25639.18,
1776046200,25638.19,25645.87,25609.88,25618.08,
1776046800,25615.64,25624.95,25578.95,25591.1,
1776047400,25591.71,25612.04,25569.6,25592.45,
1776048000,25593.69,25598.61,25576.21,25576.21,
1776048600,25575.96,25601.42,25560.44,25596.63,
1776049200,25600.58,25605.45,25538.35,25540.62,
1776049800,25543.08,25543.08,25508.53,25517,
1776050400,25518.15,25548.45,25514.68,25547.49,
1776051000,25545.96,25573.84,25544.29,25556.62,
1776051600,25556.46,25588.14,25554.91,25588,
1776052200,25586.16,25600.09,25579.4,25587.63,
1776052800,25588.1,25588.1,25587.26,25587.26,
1776056400,25621.8,25621.8,25565.59,25572.04,
1776057000,25568.67,25597.78,25562.14,25595.36,
1776057600,25595.71,25607.29,25585.11,25601.15,
1776058200,25598.9,25622.26,25598.9,25614.2,
1776058800,25613.12,25613.29,25593.26,25594.87,
1776059400,25593.87,25598.4,25576.4,25578.61,
1776060000,25579.19,25606.97,25576.16,25596.87,
1776060600,25597.95,25597.95,25584.27,25590.72,
1776061200,25592.93,25623.19,25592.93,25607.69,
1776061800,25609.95,25611.14,25571.41,25576.37,
1776062400,25574.52,25598.6,25571.26,25574.36,
1776063000,25574.8,25603.48,25570.08,25602.74,
1776063600,25603.46,25618.71,25595.44,25597.76,
1776064200,25598.02,25638.8,25591.59,25633.13,
1776064800,25634.87,25642.45,25616.15,25630.22,
1776065400,25631.27,25634.42,25615.94,25626.93,
1776066000,25625,25637.78,25615.82,25632.8,
1776066600,25632.85,25661.22,25625.07,25654.67,
1776067200,25659.63,25660.85,25659.63,25660.85,
1776129600,25929.4,25929.4,25929.4,25929.4,
1776130200,25921.49,25995.09,25881.02,25974.11,
1776130800,25974.88,25979.91,25918.03,25928.3,
1776131400,25926.41,25943.34,25875.6,25880.31,
1776132000,25878.78,25903.91,25849.72,25898.31,
1776132600,25897.49,25931.94,25891.39,25900.91,
1776133200,25899.75,25903.16,25863.22,25879.04,
1776133800,25879.35,25880.34,25812.97,25817.31,
1776134400,25817.43,25839.47,25809.6,25809.78,
1776135000,25807.89,25818.4,25785.23,25791.78,
1776135600,25793.68,25812.26,25781.26,25808.61,
1776136200,25810.73,25810.73,25768.19,25768.19,
1776136800,25768.4,25771.85,25748.79,25766.58,
1776137400,25767.35,25775.65,25755.73,25772.49,
1776138000,25771.42,25772.64,25756.88,25761.36,
1776138600,25761.51,25773.69,25749.3,25770.09,
1776139200,25770.4,25770.4,25770.4,25770.4,
1776142800,25783.72,25790.96,25745.55,25745.55,
1776143400,25747.75,25749.64,25716.91,25718.42,
1776144000,25718.18,25721.77,25671.57,25686.5,
1776144600,25686.05,25715.59,25668.53,25715.01,
1776145200,25717.21,25733.76,25703.1,25705.93,
1776145800,25704.94,25739.88,25694.65,25737.21,
1776146400,25739.37,25765.06,25736.8,25757.8,
1776147000,25759.36,25789.37,25757.28,25785.65,
1776147600,25785.28,25794.56,25771.1,25792.63,
1776148200,25793.83,25830.73,25792.94,25827.77,
1776148800,25829.63,25862.06,25819.67,25860.97,
1776149400,25865.09,25868.97,25845.95,25867.66,
1776150000,25868.1,25935.77,25868.1,25931.94,
1776150600,25931.69,25938.06,25891.47,25897.14,
1776151200,25896.62,25917.5,25880.8,25887.44,
1776151800,25887.81,25887.81,25863.7,25871.85,
1776152400,25873.2,25879.65,25827.6,25830.37,
1776153000,25830.28,25891.81,25825.04,25881.88,
1776153600,25881.22,25881.22,25872.32,25872.32,
1776216000,26168.25,26168.25,26168.25,26168.25,
1776216600,26184.56,26187.83,26086.05,26091.39,
1776217200,26088.67,26137.19,26086.36,26136.71,
1776217800,26132.4,26215.71,26129.68,26211.51,
1776218400,26212.88,26216.58,26180.8,26187.32,
1776219000,26188.52,26188.52,26139.4,26157.77,
1776219600,26156.07,26166.02,26117.8,26117.8,
1776220200,26117.58,26124.34,26069.01,26080.55,
1776220800,26079.78,26133.75,26074.87,26100.9,
1776221400,26102.56,26106.74,26079.51,26081.41,
1776222000,26079.97,26085.15,26041.99,26056.14,
1776222600,26054.67,26106.81,26053.8,26099.95,
1776223200,26097.96,26121.16,26081.78,26119.01,
1776223800,26115.68,26135.49,26072.74,26077.6,
1776224400,26075.9,26081.57,26065.12,26072.53,
1776225000,26072.38,26079.12,26062.99,26069.34,
1776225600,26069.43,26069.51,26069.43,26069.51,
1776229200,26063.69,26081.39,26020.11,26026.91,
1776229800,26026.11,26053.35,26012.79,26030.71,
1776230400,26031.89,26034.43,25993.51,25997.29,
1776231000,25999.08,26012.35,25978.81,25985.67,
1776231600,25988.86,25991.81,25967.7,25970.79,
1776232200,25971.03,26001.28,25959.08,25999.47,
1776232800,25997.5,26016.78,25983.49,25991.53,
1776233400,25991.47,26002.73,25968.77,25982.71,
1776234000,25985.28,25993.21,25972.2,25976.78,
1776234600,25977.19,25985.34,25969.56,25971.5,
1776235200,25971.65,25984.99,25965.97,25983.78,
1776235800,25983.46,26003.11,25982.84,25998.75,
1776236400,26001.89,26043.21,25995.62,26042.54,
1776237000,26040.4,26053.59,26030.2,26037.4,
1776237600,26038.16,26043.83,26007.87,26024.7,
1776238200,26024.71,26024.71,25976.05,25979.16,
1776238800,25981.32,25984.21,25966.95,25973.32,
1776239400,25975.36,25975.36,25948.95,25968.26,
1776240000,25967.3,25967.3,25947.32,25947.32,
1776302400,26122.8,26122.8,26122.8,26122.8,
1776303000,26141.95,26185.48,26126.37,26172.43,
1776303600,26172.87,26214.39,26166.31,26179.22,
1776304200,26178,26179.51,26128.67,26140.47,
1776304800,26143.12,26193.98,26137,26184.12,
1776305400,26183.1,26189.72,26132.09,26159.87,
1776306000,26161.01,26202.88,26141.94,26196.59,
1776306600,26195.93,26244.58,26195.93,26234.89,
1776307200,26235.22,26249.35,26202.15,26218.32,
1776307800,26221.26,26259.85,26211.12,26239.71,
1776308400,26239.85,26278.04,26232.47,26272.44,
1776309000,26273.08,26273.08,26240.22,26255.58,
1776309600,26255.14,26294.85,26255.14,26292.15,
1776310200,26293.82,26319.89,26276.41,26283.82,
1776310800,26282.49,26320.14,26280.97,26311.07,
1776311400,26311.65,26319.4,26305.49,26307.79,
1776312000,26306.26,26306.55,26306.26,26306.55,
1776315600,26300.1,26306.06,26225.1,26234.42,
1776316200,26239.67,26314.45,26234.68,26314.2,
1776316800,26317.38,26333.92,26305.99,26330.4,
1776317400,26330.56,26343.94,26319.28,26322.78,
1776318000,26322.85,26324.41,26290.75,26316.55,
1776318600,26316.95,26348.79,26312.45,26339.6,
1776319200,26338.01,26357.96,26321.42,26355.19,
1776319800,26354.83,26361.83,26334.23,26357.02,
1776320400,26355.27,26357.97,26344.68,26353.43,
1776321000,26354.87,26369.22,26348.96,26363.14,
1776321600,26367.99,26393.6,26361.51,26393.6,
1776322200,26391.69,26392.35,26355.17,26362.41,
1776322800,26359.96,26378.85,26323.39,26348.06,
1776323400,26349.58,26359.1,26323.96,26350.89,
1776324000,26349.6,26372.63,26348.47,26366.18,
1776324600,26367.56,26374.9,26353.45,26371.07,
1776325200,26371.79,26396.94,26368.68,26383.35,
1776325800,26380.73,26403.07,26378.01,26398.33,
1776326400,26398.54,26398.54,26394.26,26394.26,
1776388800,26210.97,26210.97,26210.97,26210.97,
1776389400,26240.01,26280.96,26196.54,26196.54,
1776390000,26198.45,26218.32,26168.33,26206.62,
1776390600,26208.35,26208.94,26146.3,26166.99,
1776391200,26165.01,26169.92,26140.82,26140.82,
1776391800,26138.41,26148.67,26125.72,26136.41,
1776392400,26135.64,26172.08,26129.9,26148.71,
1776393000,26146.28,26163.29,26121.71,26134.23,
1776393600,26131.68,26146.09,26117.3,26118.87,
1776394200,26123.12,26123.12,26063.11,26063.11,
1776394800,26062.52,26071.64,26040.2,26041.64,
1776395400,26039.24,26054.71,26034.07,26046.27,
1776396000,26047.73,26050.26,26029.48,26046.01,
1776396600,26044.16,26049.43,26023.56,26025.83,
1776397200,26026.38,26038.4,26015.44,26030.05,
1776397800,26030.68,26048.78,26025.46,26046.53,
1776398400,26046.98,26046.98,26046.7,26046.7,
1776402000,26048.04,26069.74,26047.48,26055.26,
1776402600,26055.32,26062.62,26042.64,26048.04,
1776403200,26048.59,26064.3,26043.07,26060.12,
1776403800,26059.12,26069.82,26035.87,26058.42,
1776404400,26059.15,26088.81,26054.41,26082.37,
1776405000,26083.43,26134.13,26080.64,26104.93,
1776405600,26105.09,26125.58,26089.84,26091.82,
1776406200,26091.13,26097.07,26083.07,26085.06,
1776406800,26083.3,26085.3,26065.88,26067.14,
1776407400,26065.92,26084.56,26058.93,26077.14,
1776408000,26077.02,26097.01,26076.08,26092.76,
1776408600,26092.69,26104.4,26073.91,26087.29,
1776409200,26086.53,26103.78,26077.74,26091.81,
1776409800,26093.29,26122.01,26090.05,26108.04,
1776410400,26110.25,26131.26,26097.91,26115.63,
1776411000,26118.11,26120.46,26107.16,26114.18,
1776411600,26111.44,26113.09,26097.55,26111.09,
1776412200,26111.59,26147.45,26105.63,26144.02,
1776412800,26143.6,26160.33,26143.6,26160.33,
1776648000,26204.61,26204.61,26204.61,26204.61,
1776648600,26189.62,26273.79,26094.64,26259.49,
1776649200,26259.08,26259.08,26199.77,26242.4,
1776649800,26243.73,26264.58,26213.66,26223.81,
1776650400,26225.38,26297.59,26218.34,26284.4,
1776651000,26283.61,26339.95,26269.67,26339.95,
1776651600,26336.97,26385.69,26336.97,26341.12,
1776652200,26338.61,26392.17,26332.44,26332.77,
1776652800,26331.56,26343,26300.97,26322.85,
1776653400,26322.44,26377.45,26309.32,26374.61,
1776654000,26375.53,26391.82,26358.48,26370.65,
1776654600,26369.76,26374.79,26325.06,26340.07,
1776655200,26340.89,26391.62,26338.35,26388.88,
1776655800,26389.21,26411.09,26376.67,26397.37,
1776656400,26396.03,26411.56,26386.35,26391.5,
1776657000,26392.15,26400.64,26375.92,26375.92,
1776657600,26376.03,26376.98,26376.03,26376.98,
1776661200,26370.37,26382.88,26348,26351.83,
1776661800,26349.61,26361.13,26335.3,26337.52,
1776662400,26341.35,26341.35,26282.71,26287.8,
1776663000,26285.18,26319.27,26276.72,26292.68,
1776663600,26289.02,26293.59,26247.74,26277.13,
1776664200,26276.1,26322.85,26266.79,26300.26,
1776664800,26299.92,26343.88,26299.92,26314.42,
1776665400,26313.46,26353.81,26313.46,26353.81,
1776666000,26356.68,26356.68,26321.5,26327.15,
1776666600,26327.61,26369.15,26324.56,26353.87,
1776667200,26354.23,26369.73,26342.99,26343.51,
1776667800,26340.77,26379,26335,26369.2,
1776668400,26370.08,26391.74,26356.13,26386.41,
1776669000,26386.86,26407.26,26383.09,26392.69,
1776669600,26394.48,26411.69,26366.64,26368.04,
1776670200,26372.54,26372.54,26323.15,26346.86,
1776670800,26348.3,26372.31,26337.87,26350.39,
1776671400,26351.82,26359.88,26329.01,26357.51,
1776672000,26354.08,26361.07,26354.08,26361.07,
1776734400,26442.29,26442.29,26442.29,26442.29,
1776735000,26410.97,26486.21,26392.93,26413.42,
1776735600,26414.27,26430.21,26354.68,26430.21,
1776736200,26429.95,26435.33,26383.48,26403.24,
1776736800,26400.7,26400.7,26361.99,26375.33,
1776737400,26377.56,26409.44,26371.06,26388.4,
1776738000,26390.64,26390.64,26356.33,26376.64,
1776738600,26378.53,26420.77,26377.45,26420.77,
1776739200,26422.17,26437.06,26398.85,26420.38,
1776739800,26412.81,26444.68,26408.57,26412.45,
1776740400,26410.77,26411.41,26354.89,26360.11,
1776741000,26360.4,26375.15,26350.13,26353.16,
1776741600,26353.65,26366.39,26342.02,26364.49,
1776742200,26364.26,26388.97,26359.14,26376.68,
1776742800,26376.74,26388.43,26372.59,26381.61,
1776743400,26379.29,26399.45,26377.49,26394.42,
1776744000,26394.86,26394.86,26394.86,26394.86,
1776747600,26402.4,26453.89,26390.61,26438.43,
1776748200,26437.74,26489.35,26420.57,26457.35,
1776748800,26458.52,26482.5,26457.24,26473.88,
1776749400,26471.99,26505.07,26467.8,26491.58,
1776750000,26492.75,26529.49,26492.75,26497.51,
1776750600,26497.18,26501.09,26460.48,26466.22,
1776751200,26465.48,26478.87,26450.93,26477.63,
1776751800,26479.8,26482.08,26455.43,26456.4,
1776752400,26458.61,26468.89,26441.41,26460.69,
1776753000,26461.76,26466.02,26447.98,26459.08,
1776753600,26460.11,26471.38,26449.14,26452.21,
1776754200,26454.42,26471.62,26450.48,26467.46,
1776754800,26467.8,26468.63,26429.11,26445.07,
1776755400,26445.28,26454.41,26433.14,26446.99,
1776756000,26444.55,26463.95,26436.73,26458.49,
1776756600,26461.28,26466.52,26444.01,26460.19,
1776757200,26461.59,26465.06,26449.58,26456.11,
1776757800,26456.52,26483.31,26453.29,26470.38,
1776758400,26472.36,26487.48,26472.36,26487.48,
1776820800,26303.6,26303.6,26303.6,26303.6,
1776821400,26277.77,26290.84,26190.55,26224.93,
1776822000,26224.75,26224.75,26167.25,26179.66,
1776822600,26176.05,26212.32,26148.34,26181.18,
1776823200,26180.66,26221.19,26180.66,26215.17,
1776823800,26212.24,26218.84,26146.78,26147.4,
1776824400,26147.84,26158.5,26124.53,26130.89,
1776825000,26129.97,26152.51,26105.79,26110.32,
1776825600,26107,26120.44,26097.14,26101.44,
1776826200,26106.26,26127.57,26089.88,26102.33,
1776826800,26099.49,26142.4,26095.72,26123.28,
1776827400,26120.75,26125.36,26107.7,26109.33,
1776828000,26111.3,26143.18,26095.22,26141.49,
1776828600,26144.96,26173.68,26142.46,26157.26,
1776829200,26160.18,26163.17,26141.3,26144.29,
1776829800,26145.38,26147.41,26128.44,26137.17,
1776830400,26139.32,26139.32,26137.01,26137.01,
1776834000,26138.6,26138.6,26075.35,26078.65,
1776834600,26077.79,26131.87,26073.45,26130.47,
1776835200,26129.87,26158.64,26126.68,26131.42,
1776835800,26132.45,26139.43,26112.59,26116.53,
1776836400,26115.14,26134.53,26101.87,26113.54,
1776837000,26111.1,26124.86,26102.54,26111.73,
1776837600,26111.19,26137.76,26106.64,26118.25,
1776838200,26119.17,26124.26,26097.62,26100.03,
1776838800,26100.97,26131.37,26098.9,26129.57,
1776839400,26128.04,26156.76,26126.84,26152.53,
1776840000,26155,26159.03,26136.18,26156.27,
1776840600,26157.57,26177.31,26152.81,26175.28,
1776841200,26172.57,26199.24,26169.26,26173.87,
1776841800,26170.64,26176.87,26152.45,26156.28,
1776842400,26157.04,26175.88,26145.98,26169.45,
1776843000,26169.58,26174.22,26154.94,26164.66,
1776843600,26162.29,26170.65,26153.74,26156.72,
1776844200,26154.87,26193.66,26149.28,26191.95,
1776844800,26188.03,26188.03,26163.24,26163.24,
1776907200,26098.81,26098.81,26098.81,26098.81,
1776907800,26104.09,26115.07,25931.41,25935.19,
1776908400,25933.56,25941.53,25872.57,25899.35,
1776909000,25899.08,25987.23,25888.98,25982.17,
1776909600,25981.59,25995.59,25952.33,25954.12,
1776910200,25951.53,25953.69,25891.4,25926.09,
1776910800,25926.22,25996.13,25921.62,25921.62,
1776911400,25918.39,25946.01,25917.84,25927.76,
1776912000,25927.91,25942.49,25905.44,25926.59,
1776912600,25927.61,25957.67,25920.18,25933.33,
1776913200,25933.73,25941.29,25898.47,25908.17,
1776913800,25908.47,25909.49,25863.03,25864.12,
1776914400,25863.8,25874.07,25840.55,25856.43,
1776915000,25858.07,25878.03,25848.35,25878.03,
1776915600,25876.65,25892.28,25873.88,25878.84,
1776916200,25880.43,25887.62,25863.91,25870.53,
1776916800,25870.37,25870.37,25870.37,25870.37,
1776920400,25879.4,25895.35,25860.96,25875.14,
1776921000,25877.77,25899.35,25870.77,25896.3,
1776921600,25895.15,25905.38,25880.37,25904.43,
1776922200,25902.65,25925.77,25888.65,25889.03,
1776922800,25889.62,25929.61,25883.09,25928.1,
1776923400,25926.81,25972.18,25922.17,25970.43,
1776924000,25970.25,25976.9,25932.95,25934.13,
1776924600,25933.21,25939.57,25913.59,25935.86,
1776925200,25935.83,25949.46,25929.26,25930.35,
1776925800,25928.45,25947.85,25919.56,25941.5,
1776926400,25940.56,25945.69,25921.56,25921.57,
1776927000,25922.87,25941.42,25905.78,25910.76,
1776927600,25910.99,25915.51,25892.8,25902.4,
1776928200,25900.92,25914.39,25900.92,25906.34,
1776928800,25906.74,25919.82,25899.94,25917.52,
1776929400,25919.94,25928,25896.76,25906.11,
1776930000,25904.46,25915.42,25897.23,25910.06,
1776930600,25908.19,25923.5,25903.53,25914.86,
1776931200,25915.53,25915.53,25915.2,25915.2,
1776993600,25733.61,25733.61,25733.61,25733.61,
1776994200,25736.68,25763.71,25680.4,25687.05,
1776994800,25686.89,25730.35,25667.44,25728.91,
1776995400,25725.99,25727.09,25660.95,25681.51,
1776996000,25683.21,25741.55,25639.26,25733.15,
1776996600,25731.93,25755.71,25710.49,25711.57,
1776997200,25712.13,25722.48,25693.31,25718.44,
1776997800,25718.19,25759.88,25718.19,25757.91,
1776998400,25756.42,25778.13,25752.98,25760.12,
1776999000,25759.99,25797.49,25756.18,25784.39,
1776999600,25784.35,25829.54,25777.15,25820.22,
1777000200,25820.04,25829,25782.58,25786.02,
1777000800,25788.47,25829.22,25784.27,25786.24,
1777001400,25787.48,25814.22,25772.67,25798.07,
1777002000,25799.17,25845.72,25798.86,25844.93,
1777002600,25845.51,25875.57,25834.56,25863.49,
1777003200,25862.28,25862.61,25862.28,25862.61,
1777006800,25870.82,25932.22,25870.82,25909.53,
1777007400,25910.13,25916.92,25862.75,25864.18,
1777008000,25863.28,25878.45,25849.79,25874.25,
1777008600,25874.28,25904.72,25869.74,25897,
1777009200,25897.39,25919.11,25895.2,25906.59,
1777009800,25905.57,25950.87,25903.93,25950.87,
1777010400,25952.84,25990.7,25952.34,25989.42,
1777011000,25991.47,26004.59,25970.28,25977.35,
1777011600,25976.27,25989.52,25969.52,25969.52,
1777012200,25968.88,25986.12,25966.96,25975.94,
1777012800,25978.07,25980.3,25948.28,25953.66,
1777013400,25951.94,25962.21,25947.7,25959.02,
1777014000,25957.32,25983.03,25952.53,25974.62,
1777014600,25976.97,25979.04,25948.02,25966.65,
1777015200,25966.2,25990.99,25963.1,25983.76,
1777015800,25986.06,25987.16,25953.62,25963.54,
1777016400,25963.82,25970.24,25955.56,25960.3,
1777017000,25962.85,25986.76,25956.06,25986.22,
1777017600,25986.78,25986.78,25978.07,25978.07,
1777252800,25976.97,25976.97,25976.97,25976.97,
1777253400,25966.88,25966.88,25858.24,25939.02,
1777254000,25942.55,26051.74,25937.74,26049.79,
1777254600,26050.39,26086.02,26030,26050.88,
1777255200,26053.44,26060.35,25955.46,25956.2,
1777255800,25954.6,25986.43,25945.65,25970.02,
1777256400,25968.05,25975.29,25938.81,25965.89,
1777257000,25965.15,26002.88,25956.69,25983.71,
1777257600,25984.12,26000.34,25970.7,25977.13,
1777258200,25974.94,26000.4,25972.01,25972.72,
1777258800,25975.62,25976.76,25951.38,25955.9,
1777259400,25953.36,25953.88,25928.77,25947.78,
1777260000,25949.13,25987.56,25945.93,25969.1,
1777260600,25973.58,26031.08,25971.87,26028.69,
1777261200,26027.61,26039.51,26001.81,26001.89,
1777261800,26001.7,26024.34,25997.24,26016.79,
1777262400,26016.45,26016.45,26016.21,26016.21,
1777266000,26019.38,26019.93,25932.74,25942.16,
1777266600,25941.77,25960.89,25936.5,25947.72,
1777267200,25948.22,25960.54,25927.46,25940.93,
1777267800,25940.14,25943,25886.39,25887.47,
1777268400,25887.31,25912.09,25885.92,25909.97,
1777269000,25910.09,25915.88,25891.18,25898.39,
1777269600,25901.44,25922.22,25891.33,25920.56,
1777270200,25919.06,25923.51,25886.96,25892.16,
1777270800,25894.43,25904.11,25884.23,25888.44,
1777271400,25888.2,25917.59,25884.88,25905.22,
1777272000,25904.83,25916.57,25899.55,25916.49,
1777272600,25915.68,25920.26,25906.08,25913.46,
1777273200,25911.73,25941.73,25898.28,25919.93,
1777273800,25921.47,25941.22,25912.81,25941.22,
1777274400,25939.64,25950.85,25929.35,25935.32,
1777275000,25938.6,25940.88,25907.61,25922.63,
1777275600,25924.48,25934.88,25916.81,25928.58,
1777276200,25927.37,25966.38,25925.04,25963.46,
1777276800,25964.27,25964.27,25925.65,25925.65,
1777339200,25814.37,25814.37,25814.37,25814.37,
1777339800,25804.3,25823.65,25739.23,25791.16,
1777340400,25793.58,25896.66,25787.39,25852.7,
1777341000,25851.68,25871.33,25836.17,25840.15,
1777341600,25839.42,25879.09,25829.37,25861.52,
1777342200,25862.54,25895.52,25844.29,25846.85,
1777342800,25845.75,25846.72,25811.64,25811.64,
1777343400,25811.88,25813.41,25756.22,25756.53,
1777344000,25759.7,25792.7,25741.8,25761.72,
1777344600,25761.92,25764.12,25729.46,25756.87,
1777345200,25755.85,25769.35,25746.06,25756.97,
1777345800,25758.21,25771.72,25745.9,25760.74,
1777346400,25760.72,25790.2,25758.28,25786.65,
1777347000,25783.84,25783.84,25744.43,25748.39,
1777347600,25747.5,25757.74,25744.28,25753.68,
1777348200,25753.32,25758.28,25746.93,25754.2,
1777348800,25754.65,25754.65,25752.6,25752.6,
1777352400,25758.4,25758.4,25702.24,25702.85,
1777353000,25702.73,25704.19,25649.94,25649.94,
1777353600,25651.01,25680.13,25649.86,25664.33,
1777354200,25665.65,25686.44,25656.89,25661.06,
1777354800,25656.89,25673.94,25656,25668.21,
1777355400,25669.37,25669.85,25652.46,25660.26,
1777356000,25658.01,25667.5,25642.49,25660.58,
1777356600,25659.53,25674.44,25642.96,25645.96,
1777357200,25645.74,25648.91,25617.74,25621.19,
1777357800,25620.22,25636.74,25609.61,25635.25,
1777358400,25634.5,25657.73,25625.93,25644.46,
1777359000,25646.32,25699.87,25640.88,25691.73,
1777359600,25692.83,25708,25669.27,25700.54,
1777360200,25699.28,25722.03,25692.55,25709.93,
1777360800,25710.95,25715.02,25670.47,25680.35,
1777361400,25678.05,25686.38,25673.96,25680.91,
1777362000,25679.11,25696.81,25674.93,25679.88,
1777362600,25681.59,25697.23,25674.4,25697.21,
1777363200,25699,25699,25679.78,25679.78,
1777425600,25842.63,25842.63,25842.63,25842.63,
1777426200,25821.82,25945.01,25811.46,25910.57,
1777426800,25933.95,26024.82,25897.39,26004.86,
1777427400,26015.72,26035.41,25944.69,25963.99,
1777428000,25976.43,26006.26,25919.55,26001.06,
1777428600,26013.61,26048.69,25996.52,26026.88,
1777429200,26041.29,26041.29,25980.97,25982.75,
1777429800,25992.41,25999.8,25934.48,25990.14,
1777430400,25996.48,26023.44,25973.76,26021.35,
1777431000,26028.7,26028.7,25956.32,25965.85,
1777431600,25978.71,26045.8,25960.04,26041.95,
1777432200,26051.63,26051.63,26019.15,26027.63,
1777432800,26037.72,26038.32,25991.57,26020.59,
1777433400,26031.59,26031.59,25954.13,25960.82,
1777434000,25972.66,25986.39,25941.07,25981.44,
1777434600,25992.54,25992.54,25971.82,25991.67,
1777435200,25995.58,26010.62,25995.58,26010.62,
1777438800,26009.23,26044.93,26005.98,26022.66,
1777439400,26030.26,26054.13,26017.31,26038.41,
1777440000,26052.48,26068.45,26034.88,26058.74,
1777440600,26069.74,26070.48,26022.69,26033.65,
1777441200,26045.04,26075.58,26026.62,26055.37,
1777441800,26068.32,26073.41,26053.37,26057.49,
1777442400,26066.53,26081.17,26050.3,26067.18,
1777443000,26076.33,26076.33,26036.65,26053.29,
1777443600,26063.26,26077.21,26046.33,26066.09,
1777444200,26073.14,26098.23,26058.54,26094.88,
1777444800,26102.3,26102.3,26069.56,26077.81,
1777445400,26086.41,26086.41,26039.33,26055.96,
1777446000,26064.89,26074.8,26035.89,26055.4,
1777446600,26056.73,26056.73,26025.74,26034.8,
1777447200,26045.36,26083.23,26027.59,26079.47,
1777447800,26089.97,26131.15,26080.12,26126.73,
1777448400,26132.94,26132.94,26092.31,26106.45,
1777449000,26117.22,26121.46,26087.66,26100.02,
1777449600,26106.98,26111.84,26106.98,26111.84,
1777512000,26008.32,26008.32,26008.32,26008.32,
1777512600,26015.69,26072.24,25917.49,25938.4,
1777513200,25937.26,25994.21,25936.03,25985.4,
1777513800,25985.15,25991.75,25933.42,25953.12,
1777514400,25956.2,25964.61,25919.45,25920.83,
1777515000,25921.4,25942.09,25896.4,25897.47,
1777515600,25900.09,25907.09,25827.59,25827.59,
1777516200,25825.71,25863.22,25735.37,25854.16,
1777516800,25854.64,25865.27,25770.04,25771.61,
1777517400,25769.06,25786.1,25752.06,25758.27,
1777518000,25753.78,25802.8,25749.9,25779.78,
1777518600,25779.76,25792.79,25754.91,25780.75,
1777519200,25781.88,25782.06,25745.64,25750.68,
1777519800,25750.53,25769.84,25740.17,25764.41,
1777520400,25765.51,25773.18,25748.76,25772.72,
1777521000,25774,25794.09,25772.09,25790.84,
1777521600,25790.17,25790.17,25789.59,25789.59,
1777525200,25769.76,25791.74,25734.16,25781.51,
1777525800,25783.04,25795.92,25741.96,25756.23,
1777526400,25753.74,25767.87,25738.27,25742.3,
1777527000,25744.21,25793.62,25744.21,25774.83,
1777527600,25775.98,25822.74,25774.95,25806,
1777528200,25807.43,25853.55,25804.38,25839.24,
1777528800,25834.06,25847.75,25810.89,25830.25,
1777529400,25828.72,25829.86,25784.46,25793.21,
1777530000,25794.72,25814.88,25777.63,25813.83,
1777530600,25812.61,25861.61,25812.17,25828.61,
1777531200,25829.51,25831.36,25804.99,25823.4,
1777531800,25824.57,25834.62,25817.89,25834.62,
1777532400,25835.48,25835.48,25792.83,25815.01,
1777533000,25815.21,25841.6,25797.62,25800.14,
1777533600,25798.74,25818.12,25791.67,25815.59,
1777534200,25814.95,25814.95,25779.56,25788.88,
1777534800,25787.92,25787.94,25766.14,25771.85,
1777535400,25772.52,25785.27,25762.18,25777.2,
1777536000,25779.7,25779.7,25776.53,25776.53,
1777857600,26138.34,26138.34,26138.34,26138.34,
1777858200,26149.75,26298.94,26149.75,26267.18,
1777858800,26264.04,26299.8,26190.43,26227.87,
1777859400,26223.43,26267.87,26175.54,26267.87,
1777860000,26267.54,26267.92,26217.6,26240.79,
1777860600,26238.59,26271.86,26231.19,26253.02,
1777861200,26254.58,26254.64,26129.38,26129.71,
1777861800,26129.46,26207.77,26123.15,26191.06,
1777862400,26191.24,26267.84,26191.24,26233.86,
1777863000,26232.96,26281.26,26226.56,26269.44,
1777863600,26267.65,26326.44,26267.65,26294.7,
1777864200,26293.99,26313.33,26283.16,26294.18,
1777864800,26294.82,26294.82,26267.98,26268.3,
1777865400,26265.83,26270.6,26219.83,26233.07,
1777866000,26232.3,26239.75,26207.49,26232.86,
1777866600,26231.47,26232.32,26210.25,26220.3,
1777867200,26215.12,26216.39,26215.12,26216.39,
1777870800,26218.26,26221.97,26144.37,26188.75,
1777871400,26188.28,26202.35,26164.53,26202.35,
1777872000,26203.03,26203.03,26164.83,26168.82,
1777872600,26168.1,26180.27,26157.45,26161.3,
1777873200,26161.23,26183.95,26156,26161.46,
1777873800,26160.77,26203.07,26154.58,26195.26,
1777874400,26193.53,26197.18,26176.63,26185.55,
1777875000,26185.09,26191.54,26179.43,26184.3,
1777875600,26183.06,26184.84,26163.02,26179.18,
1777876200,26178.52,26184.35,26147.78,26151.52,
1777876800,26151.18,26152.53,26120.75,26137.89,
1777877400,26138.01,26155.69,26126.18,26132.29,
1777878000,26133.89,26133.89,26091.86,26119.36,
1777878600,26119.89,26129.19,26111.37,26123.17,
1777879200,26123.81,26129.92,26108.43,26110.1,
1777879800,26109.37,26110.45,26091.95,26106.22,
1777880400,26105.17,26115.97,26097.59,26107.63,
1777881000,26109.58,26121.99,26096.13,26119.8,
1777881600,26120.55,26120.55,26095.88,26095.88,
1777944000,25945.75,25945.75,25945.75,25945.75,
1777944600,25944.78,25944.78,25745.01,25751.96,
1777945200,25750.41,25752.08,25708.98,25729.81,
1777945800,25730.45,25751.48,25690.36,25730.16,
1777946400,25729.82,25827.13,25718,25822.92,
1777947000,25823.93,25846.03,25804.46,25833.18,
1777947600,25831.72,25889.27,25827.67,25877.96,
1777948200,25879.91,25908.9,25867.49,25907.19,
1777948800,25907.88,25929.15,25876.95,25876.98,
1777949400,25877.05,25880.8,25811.68,25811.68,
1777950000,25808.72,25824.22,25786.48,25806.12,
1777950600,25806.3,25841.35,25803.08,25830.62,
1777951200,25830.06,25831.17,25802.62,25804.63,
1777951800,25804.95,25816.44,25788.3,25804.4,
1777952400,25804.55,25808.54,25796.22,25804.76,
1777953000,25804.91,25808.63,25791.58,25792.2,
1777953600,25793.03,25793.11,25793.03,25793.11,
1777957200,25781.65,25781.65,25731.65,25759.81,
1777957800,25760.14,25776,25738.27,25744.05,
1777958400,25743.37,25758.37,25726.81,25736.13,
1777959000,25736.02,25766.49,25732.89,25748.44,
1777959600,25746.76,25801.64,25746.76,25783.27,
1777960200,25782.87,25823.93,25778.45,25820.6,
1777960800,25822.03,25825.84,25803.34,25816.75,
1777961400,25816.62,25818.14,25796.75,25802.55,
1777962000,25802.9,25810.67,25790.11,25806.15,
1777962600,25805.94,25823.5,25800.89,25817.61,
1777963200,25817.68,25846.04,25812.98,25846.04,
1777963800,25847.36,25857.06,25843.61,25853.89,
1777964400,25852.67,25879.12,25845.41,25876.91,
1777965000,25875.92,25891.07,25873.05,25888.3,
1777965600,25887.97,25898.64,25866.76,25870.7,
1777966200,25871.22,25929.97,25870.83,25921.25,
1777966800,25920.6,25921.48,25880.03,25887.64,
1777967400,25888.63,25895.1,25878.35,25889.26,
1777968000,25889.41,25898.61,25889.41,25898.61,
1778030400,26029.65,26029.65,26029.65,26029.65,
1778031000,26022.5,26027.47,25877.82,25941.32,
1778031600,25939.18,26000.08,25923.63,25998.06,
1778032200,26000.15,26073.5,25975.23,26053.77,
1778032800,26049.81,26073.92,26025.31,26044.57,
1778033400,26042.1,26133.02,26029.8,26131.98,
1778034000,26130.54,26147.51,26068.21,26070.2,
1778034600,26068.44,26083.41,26041.52,26041.52,
1778035200,26042.53,26107.11,26017.51,26095.37,
1778035800,26094.47,26099.29,26066.52,26078.5,
1778036400,26079.96,26110.62,26060.29,26098.42,
1778037000,26098.01,26210,26098.01,26195.93,
1778037600,26197.15,26200.71,26149.66,26149.66,
1778038200,26146.19,26154.51,26092.62,26095.24,
1778038800,26097.14,26098.42,26052.06,26052.06,
1778039400,26052.45,26105.6,26049.77,26104.45,
1778040000,26104.42,26104.42,26104.42,26104.42,
1778043600,26114.07,26152.61,26114.07,26134.91,
1778044200,26133.01,26161.4,26124.87,26141.32,
1778044800,26143.04,26154.6,26125.98,26144.17,
1778045400,26142.67,26146.76,26125.24,26133.36,
1778046000,26132.46,26147.91,26110.72,26140.46,
1778046600,26144.3,26168.62,26129.45,26134.28,
1778047200,26133.65,26140.85,26078.83,26080.36,
1778047800,26083.53,26143.22,26073.39,26143.22,
1778048400,26141.89,26179.08,26138.6,26177.78,
1778049000,26177.56,26184.83,26154.09,26183.19,
1778049600,26182.45,26187.02,26151.86,26154.59,
1778050200,26153.4,26158.76,26142.4,26142.4,
1778050800,26142.69,26174.23,26132.08,26133.46,
1778051400,26135.58,26141.53,26111.78,26117.51,
1778052000,26120.1,26146.85,26112.01,26138.76,
1778052600,26143.68,26155.55,26131.21,26152.21,
1778053200,26152.68,26166.3,26143.33,26160.67,
1778053800,26159,26203.36,26154.78,26201.42,
1778054400,26200.93,26213.78,26200.93,26213.78,
1778116800,26531.35,26531.35,26531.35,26531.35,
1778117400,26540.23,26632.78,26540.23,26606.38,
1778118000,26605.32,26618.97,26549.84,26614.95,
1778118600,26612.23,26642.37,26570.68,26570.68,
1778119200,26567.13,26603.35,26557.63,26598.9,
1778119800,26601.11,26619.18,26561.82,26574.42,
1778120400,26575.31,26577.14,26518.79,26555.27,
1778121000,26555.1,26617.1,26555.1,26587.25,
1778121600,26587.52,26606.99,26550.16,26595.97,
1778122200,26595.91,26617.44,26568.49,26613.2,
1778122800,26610.92,26611.57,26545.26,26545.84,
1778123400,26549.34,26606.18,26528.68,26606.18,
1778124000,26607.11,26629.74,26598.56,26606.17,
1778124600,26608.3,26609.02,26588.51,26595.56,
1778125200,26595.03,26623.35,26591.53,26614.8,
1778125800,26614.99,26638.53,26603.38,26624.59,
1778126400,26624.34,26624.34,26623.94,26623.94,
1778130000,26624.76,26642.16,26591.9,26607.62,
1778130600,26611.09,26630.71,26593.84,26593.84,
1778131200,26597.04,26599.75,26567.5,26575.41,
1778131800,26576.76,26577.12,26549.09,26555.74,
1778132400,26559.04,26585.53,26554.38,26571.08,
1778133000,26571.11,26579.89,26564.13,26571.37,
1778133600,26570.02,26584.55,26560.39,26563.55,
1778134200,26563.71,26570.5,26555.02,26570.5,
1778134800,26566.51,26587.95,26566.51,26575.57,
1778135400,26576.66,26631.31,26573.55,26617.84,
1778136000,26618.89,26662.51,26614.72,26631.5,
1778136600,26631.41,26633.72,26611.92,26617.51,
1778137200,26617.21,26669.26,26608.69,26663.42,
1778137800,26661.43,26668.65,26634.12,26636.15,
1778138400,26639.05,26644.06,26603.99,26606.4,
1778139000,26606.85,26621.33,26604.06,26610.06,
1778139600,26610.87,26630.82,26606.94,26619.07,
1778140200,26620.44,26625.26,26608.55,26621.12,
1778140800,26621.08,26626.28,26621.08,26626.28,
1778203200,26359.79,26359.79,26359.79,26359.79,
1778203800,26407.2,26424.02,26307.21,26332.07,
1778204400,26333.69,26354.36,26302.3,26318.71,
1778205000,26323.69,26353.55,26293.57,26348.29,
1778205600,26348.27,26369.57,26332.86,26334.18,
1778206200,26333.72,26358.17,26295.96,26332.85,
1778206800,26329.31,26350.3,26309.08,26344.11,
1778207400,26343.79,26343.79,26280.1,26288.62,
1778208000,26287.2,26307.99,26274.8,26302.74,
1778208600,26301.31,26305.67,26285.21,26299.27,
1778209200,26298.5,26301.48,26277.88,26297,
1778209800,26299.12,26323.34,26277.76,26286.77,
1778210400,26285.81,26319.56,26281.33,26312.66,
1778211000,26312.97,26326.08,26275.74,26278.48,
1778211600,26279.09,26314.23,26276.82,26311.29,
1778212200,26311.54,26336.84,26309.19,26336.84,
1778212800,26337.1,26337.1,26335.94,26335.94,
1778216400,26353.83,26354.71,26305.74,26342.57,
1778217000,26341.24,26356.58,26319.53,26355.3,
1778217600,26355.29,26363.26,26335.73,26361.42,
1778218200,26362.42,26373.5,26334.2,26339.74,
1778218800,26340.03,26362.42,26338.62,26353.24,
1778219400,26355.79,26360.08,26339.36,26343.54,
1778220000,26344.71,26347.16,26324.07,26333.61,
1778220600,26332.19,26351.3,26330.14,26345.16,
1778221200,26345.73,26359.68,26328.1,26354.4,
1778221800,26358.02,26374.85,26353.67,26369.9,
1778222400,26370.19,26416.06,26367.47,26415.44,
1778223000,26416.32,26470.49,26415.31,26467.23,
1778223600,26468.17,26468.19,26411.16,26430.09,
1778224200,26430.83,26435.4,26397.4,26408.59,
1778224800,26404.13,26414.67,26387.45,26396.61,
1778225400,26395.26,26410.17,26392.15,26404.13,
1778226000,26406.51,26428.69,26399.4,26417.55,
1778226600,26417.29,26418.87,26398.69,26412.18,
1778227200,26411.81,26411.81,26393.71,26393.71,
1778462400,26310.87,26310.87,26310.87,26310.87,
1778463000,26354.42,26354.42,26257.24,26266.9,
1778463600,26268.43,26297.45,26251.61,26289.78,
1778464200,26290.83,26304.03,26258.1,26304.03,
1778464800,26301.69,26327.74,26275.12,26284.85,
1778465400,26283.06,26292.33,26266.76,26276.45,
1778466000,26275.89,26282.96,26248.17,26266.79,
1778466600,26268.03,26268.79,26219.26,26230.69,
1778467200,26231.79,26252.46,26222.02,26248.43,
1778467800,26249.51,26295.53,26241.33,26282.89,
1778468400,26281.62,26334.38,26279.71,26334.38,
1778469000,26334.54,26335.31,26288.86,26308.23,
1778469600,26308.59,26330.1,26306.7,26320.56,
1778470200,26322.37,26328.14,26299.35,26313.13,
1778470800,26317.96,26353.38,26316.21,26326.59,
1778471400,26326.47,26326.47,26313.22,26317.87,
1778472000,26318.21,26318.37,26318.21,26318.37,
1778475600,26338.43,26342.05,26315.19,26339.08,
1778476200,26337.49,26340.28,26315.93,26327.66,
1778476800,26327.64,26327.66,26286.96,26295.73,
1778477400,26294.09,26347.08,26294.09,26330.67,
1778478000,26328.81,26381.93,26322.3,26381.52,
1778478600,26379.17,26384.55,26357.32,26360.88,
1778479200,26361.59,26427.14,26356.77,26423.09,
1778479800,26425.21,26425.21,26394.01,26402.09,
1778480400,26400.28,26414.59,26390.07,26403.01,
1778481000,26405.1,26414.96,26380.47,26389.26,
1778481600,26388.94,26406.71,26387.07,26404.52,
1778482200,26403.4,26422.73,26396.11,26407.5,
1778482800,26412.96,26414.04,26379.86,26414.04,
1778483400,26412.42,26418.07,26401.22,26403.76,
1778484000,26402.87,26415.06,26395.78,26400.06,
1778484600,26399.91,26411.26,26386.98,26405,
1778485200,26405.94,26408.85,26386.21,26388.96,
1778485800,26390.96,26400.83,26380.37,26399.36,
1778486400,26399.64,26406.84,26399.64,26406.84,
1778548800,26497.03,26497.03,26497.03,26497.03,
1778549400,26486.12,26534.21,26435.28,26497.81,
1778550000,26494.94,26562.67,26445.33,26539.72,
1778550600,26539.88,26582.53,26524.62,26559.52,
1778551200,26560,26577.96,26530.8,26541.02,
1778551800,26541.82,26544.3,26493.22,26495.73,
1778552400,26495.22,26500.75,26465.36,26467.44,
1778553000,26466.01,26526.77,26462.46,26515.54,
1778553600,26514.21,26592.37,26514.21,26555.41,
1778554200,26554.51,26589.21,26538.43,26570.39,
1778554800,26570.92,26581.57,26516.91,26517.31,
1778555400,26516.6,26529.7,26492.04,26519.54,
1778556000,26518.31,26520.9,26463.48,26483.97,
1778556600,26486,26502.88,26462.62,26464.62,
1778557200,26467.54,26482.69,26462.36,26478.21,
1778557800,26477.98,26486.8,26470.11,26484.21,
1778558400,26486.37,26486.63,26486.37,26486.63,
1778562000,26483.37,26483.37,26428.26,26431.63,
1778562600,26430.82,26450.82,26422.55,26430.94,
1778563200,26432.79,26467,26430.5,26455.49,
1778563800,26455.86,26467.88,26447.19,26450.05,
1778564400,26449.38,26452.08,26415.55,26429.07,
1778565000,26429.08,26438.17,26413.6,26418.82,
1778565600,26419.45,26424.66,26392.81,26396.03,
1778566200,26395.43,26407.77,26389.96,26402.07,
1778566800,26405.22,26405.22,26365.51,26366.3,
1778567400,26366.1,26375.39,26349.82,26350.71,
1778568000,26350.95,26373.12,26346.64,26362.46,
1778568600,26363.13,26381.98,26361.06,26372.34,
1778569200,26374.33,26374.42,26328.84,26339.2,
1778569800,26336.67,26350.42,26329.62,26350.42,
1778570400,26350.91,26381.91,26349.16,26380.83,
1778571000,26381.3,26381.3,26365.73,26373.98,
1778571600,26372.32,26378.75,26355.06,26359.47,
1778572200,26356.72,26368.53,26351.94,26368.08,
1778572800,26365.65,26365.65,26347.91,26347.91,
1778635200,26369.99,26369.99,26369.99,26369.99,
1778635800,26383.85,26387.22,26304.17,26344.27,
1778636400,26347.22,26381.73,26313.46,26369.29,
1778637000,26370.82,26377.67,26287.06,26289.69,
1778637600,26292.79,26307.88,26265.21,26286.72,
1778638200,26285.7,26285.86,26242.62,26245.53,
1778638800,26243.16,26255.72,26231.06,26253.79,
1778639400,26254.16,26296.54,26231.75,26294.31,
1778640000,26293.75,26307.89,26274.58,26279.44,
1778640600,26283.75,26302.18,26251.75,26252.98,
1778641200,26249.77,26260.21,26221.08,26226.61,
1778641800,26227.39,26277.06,26220.12,26274.47,
1778642400,26272.62,26325.59,26272.62,26321.98,
1778643000,26321.94,26369.75,26313.3,26368.77,
1778643600,26370.62,26420.57,26366.8,26417.77,
1778644200,26416.23,26427.74,26408.94,26418.98,
1778644800,26417.22,26417.22,26416.98,26416.98,
1778648400,26420.42,26458.9,26410.43,26428.02,
1778649000,26430.23,26453.29,26382.52,26383.43,
1778649600,26385.72,26404.48,26360.8,26368.51,
1778650200,26370.13,26398.2,26356.72,26381.96,
1778650800,26381.82,26391.48,26321.57,26323.56,
1778651400,26323.16,26338.88,26311.67,26332.79,
1778652000,26329.34,26332.45,26277.71,26299.91,
1778652600,26299.66,26312.91,26279,26311.23,
1778653200,26312.76,26317.25,26299.58,26311.63,
1778653800,26309.64,26364.76,26307.57,26363.08,
1778654400,26361.42,26371.33,26339.62,26362.81,
1778655000,26358.74,26374.56,26327.73,26362.86,
1778655600,26364.52,26367.58,26341.01,26352.57,
1778656200,26350.43,26353.84,26340.84,26345.84,
1778656800,26345.25,26364.43,26341.41,26359.46,
1778657400,26359.39,26362.17,26343.9,26353.84,
1778658000,26353.39,26362.57,26331.11,26336.36,
1778658600,26341.35,26377.21,26335.42,26377.21,
1778659200,26376.99,26388.44,26376.99,26388.44,
1778721600,26836.66,26836.66,26836.66,26836.66,
1778722200,26844.8,26844.8,26724.04,26735.62,
1778722800,26737.8,26739.84,26674.6,26684.52,
1778723400,26683.83,26686.03,26596,26619.3,
1778724000,26617.22,26618.08,26561.34,26582.33,
1778724600,26584.78,26584.78,26529.56,26529.56,
1778725200,26532.04,26579.44,26530.84,26553.53,
1778725800,26555.97,26627.9,26554.57,26600.68,
1778726400,26600.16,26615.29,26546.15,26546.97,
1778727000,26549.17,26565.62,26514.1,26551.26,
1778727600,26550.83,26565.56,26497.9,26500.81,
1778728200,26500.87,26501.85,26422.17,26422.17,
1778728800,26418.63,26520.14,26418.63,26520.14,
1778729400,26520.6,26530.33,26487.55,26508.08,
1778730000,26506.76,26516.12,26486.94,26501.79,
1778730600,26501.5,26510.23,26465.27,26477.32,
1778731200,26478.07,26478.99,26478.07,26478.99,
1778734800,26488.7,26524.73,26474.05,26508.65,
1778735400,26513.3,26517.53,26452.26,26471.87,
1778736000,26468.2,26512.93,26466.21,26507.28,
1778736600,26508.98,26524.53,26439.46,26439.46,
1778737200,26440.14,26544.47,26432.05,26482.7,
1778737800,26481.74,26517.44,26440.15,26441.71,
1778738400,26441.75,26472.33,26441.75,26470.22,
1778739000,26470.98,26483.71,26435.15,26439.58,
1778739600,26439.38,26457.91,26408.26,26451.2,
1778740200,26451.15,26451.47,26421.93,26449.92,
1778740800,26450.11,26454.15,26435.2,26435.76,
1778741400,26434.63,26450.74,26405.47,26414.12,
1778742000,26414.78,26449.61,26412.06,26438.8,
1778742600,26440.87,26442.05,26410.4,26415.92,
1778743200,26417.67,26434.48,26408.08,26415.9,
1778743800,26415.81,26416.3,26380.7,26402.35,
1778744400,26405.03,26411.26,26376.32,26382.63,
1778745000,26383.12,26392.66,26366.86,26368.92,
1778745600,26367.88,26389.04,26367.88,26389.04,
1778808000,26391.02,26391.02,26391.02,26391.02,
1778808600,26360.39,26360.39,26220.22,26220.87,
1778809200,26222.29,26237.77,26138.02,26147.83,
1778809800,26151.77,26212.57,26151.77,26161.15,
1778810400,26160.56,26169.42,26138.45,26156.92,
1778811000,26156.88,26173.54,26130.48,26168.62,
1778811600,26169.49,26187.14,26111.82,26112.89,
1778812200,26112.58,26130.88,26060.84,26062.29,
1778812800,26060.97,26129.07,26059.41,26117.87,
1778813400,26119.68,26170.84,26116.9,26122.28,
1778814000,26121.51,26139.66,26108.96,26136.56,
1778814600,26135.78,26152.8,26111.36,26120.13,
1778815200,26121.81,26134.93,26098.65,26133.84,
1778815800,26134.23,26145.22,26117.42,26131.47,
1778816400,26131.33,26159.37,26130.06,26136.35,
1778817000,26136.32,26160.64,26115.31,26156.88,
1778817600,26159.25,26160.03,26159.25,26160.03,
1778821200,26135.65,26135.65,26024.57,26034.36,
1778821800,26032.42,26050.82,26019.68,26034.62,
1778822400,26035.03,26046.09,26010.06,26022.58,
1778823000,26022.71,26022.71,25927.11,25927.36,
1778823600,25926.65,25929.22,25876.73,25877.17,
1778824200,25877.36,25906.13,25855.61,25862.97,
1778824800,25861.27,25906.41,25847.15,25904.09,
1778825400,25905.99,25940.03,25900.03,25907.38,
1778826000,25904.97,25906.92,25866.77,25870.76,
1778826600,25869.75,25910.47,25867.27,25908.63,
1778827200,25908.52,25957.33,25905.98,25927.03,
1778827800,25926.97,25933.15,25891.82,25927.34,
1778828400,25925.52,25977.3,25917.41,25967.34,
1778829000,25969.53,25987.91,25963.27,25977.91,
1778829600,25976.24,26001.78,25975.74,25992.45,
1778830200,25993.44,25998.47,25958.61,25981.13,
1778830800,25981.87,25981.87,25939.31,25945.86,
1778831400,25944.57,25976.21,25939.72,25968.06,
1778832000,25968.37,25968.37,25962.73,25962.73,
1779067200,25838.96,25838.96,25838.96,25838.96,
1779067800,25792.02,25797.74,25658.79,25681.09,
1779068400,25680.41,25718.78,25647.13,25652.82,
1779069000,25653.29,25716.9,25618.79,25619.63,
1779069600,25619.74,25628.38,25567.18,25614.59,
1779070200,25614.83,25625.86,25557.5,25607.68,
1779070800,25610.55,25649.17,25576.98,25615.97,
1779071400,25615.87,25659.12,25596.85,25621.38,
1779072000,25619.54,25619.54,25567.76,25569.12,
1779072600,25571.08,25572.1,25529.72,25536.29,
1779073200,25537.17,25555.82,25532.26,25550.18,
1779073800,25550.3,25559.53,25516.21,25526.68,
1779074400,25527.24,25552.27,25505.71,25551.78,
1779075000,25552.73,25599.07,25544.69,25588.55,
1779075600,25589.26,25619.13,25585.57,25603.92,
1779076200,25603.1,25620.22,25602.32,25612.37,
1779076800,25612.57,25612.63,25612.57,25612.63,
1779080400,25612.35,25701.3,25612.35,25671.87,
1779081000,25669.83,25673.16,25630.7,25656.98,
1779081600,25658.5,25679.37,25632.76,25669.93,
1779082200,25671.36,25683.93,25640.54,25668.12,
1779082800,25667.97,25671.54,25633.22,25642.83,
1779083400,25643.77,25647.46,25595.67,25598.54,
1779084000,25598.37,25598.37,25559.56,25567.75,
1779084600,25571.11,25571.76,25545.45,25557.3,
1779085200,25558.07,25586.64,25556.1,25558.8,
1779085800,25557.55,25575.66,25544.36,25560.41,
1779086400,25561.51,25594.88,25559.89,25594.3,
1779087000,25592.75,25618.41,25590.65,25616.58,
1779087600,25621.15,25629.94,25610.98,25620.86,
1779088200,25620.61,25626.76,25595,25605.05,
1779088800,25603.52,25652.83,25577.72,25642.89,
1779089400,25640.99,25662.71,25639.19,25653.43,
1779090000,25653.04,25653.04,25619.45,25624.77,
1779090600,25622.09,25665.04,25622.09,25654.61,
1779091200,25654.34,25675.18,25654.34,25675.18,
1779153600,25693.37,25693.37,25693.37,25693.37,
1779154200,25676.55,25814.41,25671.12,25809.11,
1779154800,25810.7,25828.41,25780.2,25789.99,
1779155400,25790.22,25826.23,25780.12,25780.12,
1779156000,25781.64,25781.64,25726.54,25751.24,
1779156600,25752.8,25766.86,25732.45,25760.28,
1779157200,25761.14,25845.46,25761.14,25776.4,
1779157800,25775.98,25843.9,25767.08,25812.85,
1779158400,25814.04,25817.15,25741.24,25758.67,
1779159000,25758.37,25786.4,25707.26,25727.55,
1779159600,25728.56,25730.62,25696,25710.33,
1779160200,25712.01,25746.1,25708.53,25731.65,
1779160800,25732.44,25763.59,25712.31,25745.17,
1779161400,25746.29,25760.2,25740.31,25750.03,
1779162000,25750.08,25778.67,25739.33,25778.67,
1779162600,25776.64,25781.27,25764.82,25773.61,
1779163200,25774.47,25774.47,25774.11,25774.11,
1779166800,25753.95,25753.95,25716.62,25742.89,
1779167400,25746.2,25779.06,25735.48,25752.16,
1779168000,25752.77,25754.68,25687.48,25723.29,
1779168600,25719.84,25725.7,25682.58,25717.01,
1779169200,25720.18,25733.94,25695.65,25707.62,
1779169800,25708.55,25759.88,25700.17,25746.51,
1779170400,25744.94,25779.08,25724.55,25740.13,
1779171000,25741.86,25787.07,25738.71,25786.8,
1779171600,25787.43,25819.76,25786.32,25809.79,
1779172200,25807.54,25813.23,25779.3,25797.1,
1779172800,25798.65,25818.78,25788.22,25793.99,
1779173400,25792.2,25820.56,25790.15,25819.98,
1779174000,25818.63,25841.63,25806.04,25837.49,
1779174600,25839.16,25843.82,25818.53,25835.13,
1779175200,25836.76,25841.62,25809.53,25812.78,
1779175800,25815.39,25815.39,25789.38,25805.11,
1779176400,25803.13,25813.33,25783.56,25785.43,
1779177000,25784.17,25795.81,25774.26,25795.02,
1779177600,25797.67,25797.85,25797.67,25797.85,
1779240000,25709.62,25709.62,25709.62,25709.62,
1779240600,25686.03,25686.03,25572.15,25614.13,
1779241200,25616.41,25687.58,25615.52,25687.58,
1779241800,25686.16,25713.53,25655.8,25664.82,
1779242400,25667.07,25686.36,25642.28,25644.25,
1779243000,25643.45,25645.7,25592.86,25629.15,
1779243600,25630.79,25661.86,25629.53,25649.76,
1779244200,25650.01,25652.41,25577.07,25591.3,
1779244800,25591.66,25624.5,25556.14,25570.07,
1779245400,25571.16,25579.45,25557.36,25565.49,
1779246000,25564.59,25581.86,25555.06,25574.65,
1779246600,25576.32,25579.86,25555.56,25575.37,
1779247200,25574.88,25631.38,25572.74,25622.01,
1779247800,25620.78,25689.99,25598.95,25674.61,
1779248400,25673.52,25690.03,25649.63,25654.23,
1779249000,25654.64,25662.03,25647.47,25656.59,
1779249600,25656.25,25656.25,25655.44,25655.44,
1779253200,25641.11,25685.02,25636.94,25656.31,
1779253800,25656.59,25665.74,25628.75,25631.07,
1779254400,25629.72,25637.65,25579.13,25579.13,
1779255000,25584.91,25657.08,25584.91,25655.33,
1779255600,25652.06,25659.63,25589.49,25592.94,
1779256200,25592.57,25625.18,25591.27,25620.24,
1779256800,25622.03,25636.94,25613.89,25614.77,
1779257400,25613.95,25635.49,25604.11,25635.49,
1779258000,25635.16,25643.25,25621.59,25625.85,
1779258600,25625.11,25627.39,25599.74,25607.78,
1779259200,25608.25,25613.17,25572.01,25600.01,
1779259800,25599.48,25646.88,25597.08,25634.29,
1779260400,25636.29,25676.76,25619.2,25674.77,
1779261000,25677.03,25697.64,25647.17,25649.88,
1779261600,25651.81,25683.42,25651.81,25671.66,
1779262200,25670.65,25670.65,25639.25,25645.15,
1779262800,25644.98,25656.1,25639.18,25642.56,
1779263400,25645.89,25645.98,25626.64,25642.59,
1779264000,25644.19,25651.12,25644.19,25651.12,
1779326400,25833.24,25833.24,25833.24,25833.24,
1779327000,25820.86,25820.86,25686.95,25741.38,
1779327600,25742.95,25833.71,25737.52,25825.25,
1779328200,25821.24,25828.23,25749.56,25780,
1779328800,25780.66,25825.58,25780.66,25782.9,
1779329400,25783.2,25783.2,25733.27,25753.21,
1779330000,25751.3,25755.18,25695.24,25696.2,
1779330600,25698.33,25698.33,25659.88,25683.31,
1779331200,25684,25691.32,25625.38,25630.58,
1779331800,25627.96,25664.41,25616.74,25648.7,
1779332400,25647.35,25661.84,25627.01,25640.1,
1779333000,25639.94,25667.94,25622.05,25663,
1779333600,25660.9,25676.76,25649.09,25665.52,
1779334200,25666.32,25666.32,25623.95,25638.61,
1779334800,25639.06,25662.73,25632.78,25640.49,
1779335400,25640.41,25657.07,25633.32,25647.62,
1779336000,25647.24,25648.28,25647.24,25648.28,
1779339600,25680.92,25694.75,25638.53,25640.81,
1779340200,25641.38,25647.67,25624.56,25635.91,
1779340800,25634.95,25648,25604.89,25604.89,
1779341400,25607.67,25607.67,25551.46,25564.17,
1779342000,25561.57,25561.57,25479.04,25496.84,
1779342600,25503.7,25524.23,25489.53,25518.06,
1779343200,25520.2,25537.17,25500.25,25502.66,
1779343800,25501.81,25524.06,25494.97,25499.35,
1779344400,25499.34,25516.87,25456.61,25466.92,
1779345000,25468.11,25475.71,25433.85,25459.62,
1779345600,25458.88,25461.04,25402.36,25402.36,
1779346200,25402.73,25402.73,25384.11,25401.26,
1779346800,25401.07,25415.98,25388.89,25407.19,
1779347400,25405.8,25408.35,25351.97,25357.41,
1779348000,25359.83,25402.41,25359.83,25392.23,
1779348600,25391.48,25392.86,25357.42,25358.25,
1779349200,25359.62,25364.64,25341.73,25364.64,
1779349800,25365.88,25389.92,25348.92,25377.92,
1779350400,25382.92,25386.52,25382.92,25386.52,
1779412800,25641.8,25641.8,25641.8,25641.8,
1779413400,25629.8,25629.8,25503.08,25522.62,
1779414000,25518.75,25560.22,25500.99,25531.41,
1779414600,25534.06,25534.06,25502.85,25516.05,
1779415200,25517.21,25580.59,25514.33,25550.36,
1779415800,25549.28,25585.94,25537.25,25548.47,
1779416400,25544.72,25545.33,25489.74,25492.84,
1779417000,25491.71,25591.97,25483.24,25566.27,
1779417600,25565.33,25598.62,25560.42,25587.79,
1779418200,25585.4,25610.29,25583.53,25609.67,
1779418800,25608.92,25615.78,25585.92,25592.28,
1779419400,25593.47,25612.17,25591.18,25598.87,
1779420000,25600.03,25658.23,25587.93,25654.24,
1779420600,25655.59,25672.32,25647.47,25669.12,
1779421200,25671.25,25692.68,25658.8,25689.06,
1779421800,25690.25,25710.98,25689.23,25695.82,
1779422400,25695.83,25696.28,25695.83,25696.28,
1779426000,25702.65,25732.36,25701.72,25716.81,
1779426600,25717.9,25725.07,25686.57,25687.96,
1779427200,25685.69,25705.73,25676.46,25685.17,
1779427800,25683.98,25701.05,25682.79,25697.84,
1779428400,25697.01,25713.08,25684.06,25706.27,
1779429000,25705.39,25710.83,25643.98,25655.37,
1779429600,25654.76,25705.46,25647.14,25683.04,
1779430200,25685.7,25698.79,25642.47,25655.62,
1779430800,25655.37,25672.76,25654.82,25664.43,
1779431400,25665.63,25671.79,25643.58,25644.13,
1779432000,25645.89,25658.13,25635.56,25650.78,
1779432600,25653.58,25657.6,25610.78,25619.79,
1779433200,25623.4,25627.05,25584.14,25586.94,
1779433800,25587.23,25604.5,25571.55,25603.37,
1779434400,25603.68,25625.6,25590.27,25590.27,
1779435000,25591.42,25607.04,25576.33,25592.81,
1779435600,25591.32,25600.88,25571.03,25584.02,
1779436200,25582.2,25623.87,25579.49,25611.7,
1779436800,25612.62,25612.62,25606.03,25606.03,
1779758400,25622.36,25622.36,25622.36,25622.36,
1779759000,25604.72,25626.45,25472.16,25482.22,
1779759600,25483.15,25483.15,25431.17,25444.5,
1779760200,25445.91,25578.09,25445.79,25575.75,
1779760800,25575.93,25656.3,25533.95,25647.56,
1779761400,25647.95,25694.6,25636.83,25680,
1779762000,25681.93,25694.67,25656.91,25683.38,
1779762600,25682.24,25703.35,25631.82,25637.44,
1779763200,25637.38,25650.22,25617.5,25642.29,
1779763800,25643.95,25707.17,25642.9,25676.41,
1779764400,25680.66,25734.11,25634.22,25732.08,
1779765000,25730.88,25744.47,25692.89,25735.82,
1779765600,25734.85,25768.38,25726.61,25750.22,
1779766200,25748.17,25750.89,25721.5,25733.25,
1779766800,25732.24,25733.97,25713.65,25716.9,
1779767400,25715.45,25748.58,25715.45,25743.71,
1779768000,25743.37,25743.37,25742.97,25742.97,
1779771600,25719.18,25730.62,25667.31,25716,
1779772200,25715.16,25716.99,25663.07,25673.26,
1779772800,25674.03,25679.46,25622.23,25632.28,
1779773400,25634.9,25690.06,25633.66,25678.44,
1779774000,25678.6,25678.63,25604.79,25604.79,
1779774600,25603.77,25610.07,25588.14,25601.01,
1779775200,25600.41,25626.56,25580.71,25625.31,
1779775800,25622.03,25652.79,25620.91,25627.05,
1779776400,25627.68,25680.84,25624.99,25672.19,
1779777000,25668.41,25718.57,25663.77,25708.52,
1779777600,25707.37,25716.49,25663.06,25666.8,
1779778200,25667.39,25681.16,25662.88,25664.45,
1779778800,25664.64,25682.02,25636.12,25637.01,
1779779400,25638.28,25649.36,25608.39,25624.31,
1779780000,25625,25635.69,25608.4,25628.48,
1779780600,25629.29,25630.21,25585.19,25597.7,
1779781200,25597.2,25599.49,25579.52,25592.19,
1779781800,25595.96,25612.17,25580.46,25607.32,
1779782400,25607.04,25607.04,25599.45,25599.45,
1779844800,25608.78,25608.78,25608.78,25608.78,
1779845400,25600.14,25626.46,25493.08,25591.95,
1779846000,25592.76,25638.41,25581,25613.1,
1779846600,25612.18,25612.18,25529.64,25529.64,
1779847200,25530.04,25577.51,25523.77,25566.99,
1779847800,25569.66,25575.96,25489.18,25492.55,
1779848400,25492.64,25499.29,25447.23,25448.39,
1779849000,25447.95,25451.89,25393.29,25408.8,
1779849600,25409.85,25456.24,25407.25,25448.78,
1779850200,25446.36,25462.41,25407.01,25416.29,
1779850800,25417.39,25471.93,25413.88,25471.93,
1779851400,25470.19,25474.1,25403.3,25403.86,
1779852000,25404.26,25410.05,25369.66,25385.74,
1779852600,25387.8,25411.89,25387.8,25395.86,
1779853200,25397.12,25401.55,25373.69,25373.69,
1779853800,25374.8,25392.62,25373.67,25381.53,
1779854400,25381.51,25382.16,25381.51,25382.16,
1779858000,25373.02,25399.8,25360.76,25366.89,
1779858600,25365.52,25372.89,25318.92,25325.04,
1779859200,25327.91,25359.17,25317.95,25359.01,
1779859800,25361.18,25361.18,25315.66,25344.91,
1779860400,25348.57,25378.41,25341.17,25352.63,
1779861000,25352.71,25360.43,25315.63,25336.87,
1779861600,25335.09,25348.91,25315.03,25326.52,
1779862200,25324.79,25340.08,25281.3,25313.52,
1779862800,25314.04,25348.34,25311.33,25326.63,
1779863400,25324.41,25354.82,25318.28,25328.65,
1779864000,25327.74,25331.66,25297.83,25310.02,
1779864600,25310.71,25320.37,25285,25312.99,
1779865200,25312.86,25355.26,25310.53,25330.81,
1779865800,25330.3,25338.94,25304.09,25320.77,
1779866400,25318.95,25330,25300.27,25304.67,
1779867000,25305.46,25319.94,25283.77,25285.26,
1779867600,25286.45,25289.57,25263.63,25263.8,
1779868200,25263.14,25305.12,25258.03,25302.33,
1779868800,25301.1,25328.23,25301.1,25328.23,
1779931200,25230.58,25230.58,25230.58,25230.58,
1779931800,25208.38,25208.38,25032.46,25037.77,
1779932400,25023.79,25035.59,24991.23,24993.58,
1779933000,24983.28,25003.26,24950.08,24961.47,
1779933600,24950.46,24980.15,24918.97,24932.93,
1779934200,24927.66,24963.39,24900.36,24903.94,
1779934800,24894.1,24915.81,24876.11,24879.48,
1779935400,24870.24,24894.26,24827.79,24833.76,
1779936000,24823.89,24874.21,24823.89,24852.27,
1779936600,24840.85,24854.23,24814.25,24815.28,
1779937200,24802.12,24840.49,24802.12,24833.39,
1779937800,24824.12,24846.85,24813.89,24817.87,
1779938400,24812.1,24855.99,24812.1,24850.27,
1779939000,24842.12,24853.51,24782.3,24782.3,
1779939600,24779.39,24797.83,24746.62,24746.62,
1779940200,24741.75,24766.9,24737.02,24753.62,
1779940800,24748.65,24748.65,24740.39,24740.39,
1779944400,24749.06,24758.51,24727.26,24744.09,
1779945000,24733.13,24754.77,24730.03,24736.54,
1779945600,24731.85,24844.83,24731.85,24835.38,
1779946200,24828.46,24894.43,24819.96,24884.48,
1779946800,24878.15,24964.56,24878.15,24946.05,
1779947400,24939.08,24975.67,24925.86,24973.01,
1779948000,24965.69,25000.45,24958.71,24978.45,
1779948600,24968.2,25003.25,24954.58,24998.3,
1779949200,24990.21,25000.45,24966.36,24980.78,
1779949800,24976.44,25013.27,24975.1,25000.38,
1779950400,24996.55,25012.07,24965.15,25000.75,
1779951000,24991.14,25023.2,24977.63,25007.31,
1779951600,24996.92,25010.37,24985.83,24993.02,
1779952200,24986.23,25009.54,24979.21,24985.37,
1779952800,24979.01,25006.34,24978.54,24989.11,
1779953400,24990.05,24995.15,24947.45,24964.75,
1779954000,24962.32,24997.96,24961.55,24974.65,
1779954600,24974.98,24995.44,24959.64,24994.65,
1779955200,25003.25,25006.16,25003.25,25006.16,
1780017600,25161.52,25161.52,25161.52,25161.52,
1780018200,25162.13,25209.33,25091.45,25146.22,
1780018800,25145.28,25195.3,25130.19,25138.99,
1780019400,25139.01,25168.13,25124.16,25134.09,
1780020000,25133.84,25143.36,25084.54,25095.35,
1780020600,25094.91,25123.19,25075.36,25097.51,
1780021200,25098.48,25103.08,25070.23,25082.02,
1780021800,25083.6,25130.84,25071.25,25098.85,
1780022400,25100.94,25122.72,25081.14,25119.74,
1780023000,25118.07,25131.8,25063.35,25071.05,
1780023600,25070.63,25088.53,25055.8,25087.1,
1780024200,25089.56,25167.8,25087,25165.85,
1780024800,25166.25,25185.49,25126.88,25183.11,
1780025400,25184.77,25254.96,25184.77,25251.75,
1780026000,25250.78,25290.79,25250.78,25288.32,
1780026600,25285.64,25313.33,25277.03,25282.33,
1780027200,25282.84,25282.84,25281.43,25281.43,
1780030800,25286.86,25304.91,25224.03,25241.5,
1780031400,25239.3,25246.83,25198.23,25215.2,
1780032000,25221.47,25277.32,25220.22,25268.36,
1780032600,25268.8,25275.43,25227.72,25251.26,
1780033200,25249.82,25303.22,25242.71,25300.01,
1780033800,25304.94,25309.08,25210.89,25234.97,
1780034400,25231.74,25248.73,25199.77,25220.18,
1780035000,25221.4,25236.66,25184.83,25205.9,
1780035600,25208.86,25253.13,25208.86,25251.1,
1780036200,25251.16,25266.65,25227.42,25237.89,
1780036800,25236.82,25239.49,25201.32,25204.03,
1780037400,25204.05,25245.09,25204.05,25237.8,
1780038000,25244.1,25257.35,25218.52,25222.37,
1780038600,25219.53,25221.31,25191.2,25196.09,
1780039200,25198.34,25200.25,25148.7,25163.87,
1780039800,25159.71,25161.8,25138.54,25154.52,
1780040400,25153.53,25169.54,25134.74,25164.93,
1780041000,25161.97,25201.52,25144.04,25199.38,
1780041600,25199.99,25199.99,25182.39,25182.39,
1780276800,25180.05,25180.05,25180.05,25180.05,
1780277400,25206.95,25372.89,25174.3,25360.43,
1780278000,25358.48,25403.63,25354.9,25381.82,
1780278600,25382.74,25387.35,25311.25,25322.89,
1780279200,25321.58,25379.65,25306,25338.72,
1780279800,25337.9,25369.14,25304.43,25364.55,
1780280400,25366.2,25465.21,25364.55,25462.64,
1780281000,25465.79,25486.76,25433.91,25451.18,
1780281600,25451.14,25452.31,25343.91,25370.55,
1780282200,25366.34,25369.56,25318.12,25339.9,
1780282800,25339.44,25357.15,25323.87,25330.96,
1780283400,25331.11,25337.58,25288.7,25312.23,
1780284000,25312.66,25364.21,25298.6,25361.3,
1780284600,25361.84,25419.45,25361.84,25387.82,
1780285200,25384.91,25399.05,25368.33,25388.56,
1780285800,25390.18,25412.2,25381.48,25402.88,
1780286400,25400.43,25402.8,25400.43,25402.8,
1780290000,25411.73,25446.01,25404.58,25418.33,
1780290600,25419.83,25429.15,25401.42,25424.65,
1780291200,25423.66,25426.67,25367.93,25375.6,
1780291800,25376.92,25408.38,25364.15,25374.18,
1780292400,25375.07,25395.18,25357.06,25392.3,
1780293000,25393.08,25417.19,25377.74,25407.77,
1780293600,25407.75,25417.99,25390.63,25413.33,
1780294200,25413.21,25413.21,25355.5,25358.89,
1780294800,25356.9,25384.42,25342.61,25383.85,
1780295400,25386.05,25418.41,25365.53,25408.44,
1780296000,25407.45,25422.94,25391.28,25422.94,
1780296600,25421.38,25447.81,25414.92,25445.02,
1780297200,25440.92,25453.17,25418.51,25447.79,
1780297800,25447.62,25447.62,25418.15,25434.87,
1780298400,25435.84,25451.68,25414.78,25426.76,
1780299000,25426.58,25426.58,25380.95,25390.61,
1780299600,25391.35,25391.35,25352.32,25371.87,
1780300200,25370.73,25428.84,25362.71,25423.53,
1780300800,25421.59,25421.59,25398.18,25398.18,
1780363200,25395.07,25395.07,25395.07,25395.07,
1780363800,25404.34,25554.57,25404.34,25478.85,
1780364400,25478.18,25478.18,25394.64,25405.95,
1780365000,25410.41,25526.11,25406.36,25465.15,
1780365600,25464.4,25619.27,25464.4,25613.56,
1780366200,25616.96,25724.17,25616.1,25724.12,
1780366800,25723.32,25799.45,25723.32,25765.71,
1780367400,25770.47,25812.49,25738.94,25788.34,
1780368000,25787.54,25792.76,25731.96,25740.65,
1780368600,25738.91,25772.13,25713.59,25719.74,
1780369200,25722.83,25722.83,25641.53,25644.48,
1780369800,25647.63,25677.05,25633.77,25659.12,
1780370400,25660.95,25679.94,25634.48,25656.41,
1780371000,25653.29,25655.92,25630.46,25635.03,
1780371600,25633.77,25706.84,25632.22,25693.6,
1780372200,25693.22,25770.98,25691.29,25767.7,
1780372800,25768.51,25768.87,25768.51,25768.87,
1780376400,25803.84,25836.03,25791.34,25829.7,
1780377000,25829.89,25860.4,25816.12,25845.27,
1780377600,25844.43,25870.92,25837.56,25865.26,
1780378200,25864.5,25883.43,25851.44,25859.53,
1780378800,25859.12,25879.67,25824.67,25841.83,
1780379400,25845.76,25876.45,25842.83,25862.48,
1780380000,25862.25,25874.76,25838.06,25849.06,
1780380600,25851.43,25884.18,25847.25,25883.5,
1780381200,25880.98,25908.19,25873.14,25898.03,
1780381800,25896.89,25944.52,25893.88,25942.53,
1780382400,25944.24,25979.54,25932.03,25968.18,
1780383000,25968.05,25979.05,25932.66,25946.39,
1780383600,25949.14,25971.06,25946.44,25948.79,
1780384200,25949.67,25962.43,25937.81,25952.22,
1780384800,25953.46,25981.76,25951.24,25973.7,
1780385400,25974.33,26016.93,25964.17,25998.44,
1780386000,26003.01,26045.07,25994.45,26028.58,
1780386600,26028.18,26039.63,26000.88,26036.66,
1780387200,26032.76,26038.32,26032.76,26038.32,
1780449600,25953.01,25953.01,25953.01,25953.01,
1780450200,25941.63,25941.63,25802.65,25815.89,
1780450800,25818.69,25825.52,25768.28,25795.88,
1780451400,25793.83,25798.67,25729.6,25742.41,
1780452000,25746.46,25783.28,25727.25,25734.53,
1780452600,25738.39,25741.73,25683.06,25694.21,
1780453200,25694,25714.42,25684.6,25698.91,
1780453800,25699.08,25708.42,25605.5,25610.36,
1780454400,25611.02,25654.06,25608.88,25642.64,
1780455000,25643.08,25646.42,25615.61,25627.03,
1780455600,25630.59,25641.25,25618.09,25622.89,
1780456200,25620.8,25630.54,25599.78,25610.31,
1780456800,25611.27,25619.61,25592.7,25603.74,
1780457400,25604.2,25623.47,25584.99,25590.32,
1780458000,25589.69,25597.64,25572.91,25585.01,
1780458600,25583.54,25601.37,25577.81,25599.23,
1780459200,25599.02,25599.96,25599.02,25599.96,
1780462800,25600.68,25663.33,25569.45,25655.64,
1780463400,25656.06,25662.89,25627.95,25634.87,
1780464000,25637.29,25637.29,25588.69,25601.55,
1780464600,25603.9,25628.96,25589.03,25628.33,
1780465200,25631.02,25643.37,25590.86,25596.91,
1780465800,25596.95,25602.3,25582.82,25599.35,
1780466400,25601.6,25641.69,25593.84,25601.91,
1780467000,25602.77,25620.33,25592.44,25617.93,
1780467600,25619.67,25622.11,25590.52,25592.88,
1780468200,25594.87,25614.97,25594.87,25610.86,
1780468800,25609.11,25643.13,25609.11,25642.27,
1780469400,25640.72,25641.16,25612.36,25627.33,
1780470000,25631.13,25633.76,25592.23,25601.33,
1780470600,25601.02,25621.88,25596.7,25604.86,
1780471200,25604.58,25619.06,25593.49,25614.71,
1780471800,25614.28,25628.36,25608.92,25616.31,
1780472400,25618.76,25636.3,25596.85,25634.99,
1780473000,25633.55,25655.58,25619.09,25651.59,
1780473600,25649.48,25649.48,25633.21,25633.21,
1780536000,25465.3,25465.3,25465.3,25465.3,
1780536600,25458.01,25499.09,25386.64,25429.06,
1780537200,25429.81,25448.87,25365.09,25379.34,
1780537800,25382.6,25395.2,25342.31,25386.36,
1780538400,25386.56,25389.13,25340.95,25342.78,
1780539000,25342.57,25342.57,25295.84,25323.15,
1780539600,25324.69,25371.7,25318.47,25322.63,
1780540200,25322.43,25322.43,25275.64,25299.99,
1780540800,25303.5,25334.34,25302.95,25329.98,
1780541400,25327.8,25332.89,25282.61,25308.45,
1780542000,25308.34,25320.7,25275.23,25277.45,
1780542600,25277.83,25290.13,25260.13,25273.07,
1780543200,25272.55,25282.35,25259.44,25266.49,
1780543800,25264.48,25273.66,25245.39,25270.68,
1780544400,25271.24,25275.58,25243.89,25249.4,
1780545000,25247.76,25277.82,25247.59,25275.36,
1780545600,25274.45,25276.02,25274.45,25276.02,
1780549200,25277.38,25304.5,25265.02,25265.02,
1780549800,25266.1,25289.71,25248.26,25280.41,
1780550400,25281.92,25285.05,25254.02,25257.92,
1780551000,25259.85,25259.85,25215.26,25236.28,
1780551600,25234.15,25276.64,25231.45,25248.86,
1780552200,25250.18,25250.18,25213.27,25225.7,
1780552800,25223.72,25251.56,25215.73,25249.51,
1780553400,25248.99,25250.01,25211.96,25214.67,
1780554000,25214.97,25217.28,25188.02,25202.67,
1780554600,25204.4,25240.45,25196.52,25240.45,
1780555200,25239.1,25250.6,25228.29,25241.97,
1780555800,25241.6,25271.75,25241.6,25254.09,
1780556400,25260.27,25269.27,25237.69,25267.8,
1780557000,25268.03,25288.5,25260.14,25286.32,
1780557600,25285.01,25292.27,25265.51,25290.98,
1780558200,25291.69,25311.38,25284.97,25297.28,
1780558800,25297.17,25297.3,25266.56,25266.56,
1780559400,25267.51,25281.39,25249.6,25275.95,
1780560000,25274.98,25274.98,25253.4,25253.4,
1780622400,25186.12,25186.12,25186.12,25186.12,
1780623000,25189.61,25216.18,25114.52,25128.35,
1780623600,25129.93,25162.66,25115.27,25143.46,
1780624200,25140.8,25167.65,25123.26,25160.46,
1780624800,25159.31,25202.72,25118.24,25119.37,
1780625400,25119.82,25186.98,25116.8,25160.19,
1780626000,25157.51,25159.43,25095.13,25117.42,
1780626600,25116.22,25134.18,25076.62,25078.32,
1780627200,25078.2,25102.32,25033.58,25102.32,
1780627800,25102.48,25124.23,25067.62,25082.69,
1780628400,25084.91,25089.94,25031.55,25060.82,
1780629000,25060.28,25067.83,25044.18,25054.27,
1780629600,25050.85,25077.24,25032.49,25044.96,
1780630200,25046.51,25061.29,25031.97,25036.56,
1780630800,25035.19,25063.63,25034.31,25046.94,
1780631400,25046.73,25050.28,25026.53,25047.31,
1780632000,25048.57,25048.57,25047.83,25047.83,
1780635600,25059.94,25064.31,25032.69,25044.06,
1780636200,25043.03,25044.54,25013.49,25032.69,
1780636800,25031.74,25044.09,24990.96,24995.69,
1780637400,24997.37,25022.91,24990.78,25011.26,
1780638000,25012.55,25021.56,24988.92,25000.15,
1780638600,24999.02,25001.52,24945.79,24947.71,
1780639200,24949.95,24972.49,24929.94,24942.41,
1780639800,24941.24,24970.3,24940.35,24951.4,
1780640400,24952.91,24957.48,24928.14,24942.92,
1780641000,24944.02,25008.35,24941.51,24976.46,
1780641600,24975.75,25027.8,24975.24,25007.5,
1780642200,25003.88,25022.14,24986.36,25005.66,
1780642800,25004.88,25012.92,24959.05,24972.37,
1780643400,24973.45,24983.6,24965.65,24972.55,
1780644000,24974.14,24997.58,24965.02,24978.48,
1780644600,24979.53,24989.62,24960.67,24973.92,
1780645200,24978.39,24979.17,24957.09,24966.04,
1780645800,24966.47,24994.09,24955.33,24992.95,
1780646400,24990.16,24990.16,24961.95,24961.95,
1780881600,24582.91,24582.91,24582.91,24582.91,
1780882200,24555.37,24555.37,24458.54,24536.08,
1780882800,24534.12,24615.83,24531.16,24596.7,
1780883400,24591.74,24613.43,24562.56,24610.27,
1780884000,24609.15,24671.62,24609.15,24640.32,
1780884600,24637.81,24681.68,24608.1,24655.4,
1780885200,24651.56,24729.44,24637.44,24728.39,
1780885800,24726.97,24757.6,24702.86,24754.68,
1780886400,24755.27,24805.03,24744.69,24786.7,
1780887000,24788.71,24808.97,24770.8,24783.85,
1780887600,24784.38,24837.98,24777.64,24829.5,
1780888200,24830.08,24830.08,24720.85,24723.23,
1780888800,24720.31,24720.31,24647.69,24652.47,
1780889400,24652.08,24680.13,24638.57,24669.77,
1780890000,24670.7,24693.53,24664.38,24669.36,
1780890600,24670.54,24679.68,24659.53,24668.71,
1780891200,24668.39,24668.59,24668.39,24668.59,
1780894800,24645.7,24663.02,24615.63,24638.12,
1780895400,24641.3,24646.21,24607.39,24626.52,
1780896000,24626.67,24637.75,24597.94,24615.6,
1780896600,24616.72,24619.04,24532.82,24537.95,
1780897200,24538.09,24542.17,24488.12,24500.91,
1780897800,24500,24522.6,24489.47,24505.37,
1780898400,24506.86,24556.21,24501.01,24553.03,
1780899000,24553.36,24560.71,24516.56,24559.64,
1780899600,24557.64,24614.69,24556.33,24607.64,
1780900200,24610.6,24610.6,24547.45,24553.04,
1780900800,24557.2,24584.54,24551.17,24552.65,
1780901400,24553.92,24570.06,24539.73,24565.55,
1780902000,24563.03,24595.4,24540.75,24592.39,
1780902600,24593.02,24621.35,24585.85,24621.35,
1780903200,24622.34,24653.39,24619.38,24646.06,
1780903800,24647.18,24651.13,24624.47,24650.61,
1780904400,24650.26,24651.51,24618.4,24641.33,
1780905000,24639.85,24640.69,24620.27,24640.69,
1780905600,24642.33,24657.06,24642.33,24657.06,
1780968000,24551.93,24551.93,24551.93,24551.93,
1780968600,24585.33,24609.91,24486.39,24517,
1780969200,24518.88,24600.25,24516.2,24539.73,
1780969800,24539.24,24645.34,24507.77,24619.18,
1780970400,24617.89,24660.72,24587.06,24651,
1780971000,24652.28,24658.31,24545.74,24579.22,
1780971600,24579.14,24650.42,24579.14,24640.86,
1780972200,24642.96,24666.73,24553.22,24553.22,
1780972800,24554.33,24607.5,24517.49,24591.33,
1780973400,24589.29,24597.66,24553.72,24589.12,
1780974000,24586.64,24610.08,24567.35,24602,
1780974600,24602.82,24637.62,24596.61,24597.22,
1780975200,24593.42,24593.42,24527.97,24578.4,
1780975800,24576.5,24616.52,24576.5,24586.72,
1780976400,24586.95,24616.14,24575.63,24609.98,
1780977000,24609.63,24620.46,24600.96,24620.34,
1780977600,24620.26,24620.43,24620.26,24620.43,
1780981200,24646.21,24692.83,24642.2,24642.2,
1780981800,24640.18,24647.01,24592.96,24621.75,
1780982400,24619.39,24627.22,24591.89,24595.94,
1780983000,24595.81,24702.74,24595.81,24680.23,
1780983600,24680.16,24702.62,24666.22,24668.91,
1780984200,24669.38,24670.25,24622,24650.78,
1780984800,24651.39,24740.65,24651.39,24730.51,
1780985400,24730.97,24733.47,24695.39,24716.23,
1780986000,24716.18,24739.04,24707.02,24724.05,
1780986600,24723.93,24737.67,24707.51,24713.36,
1780987200,24713.82,24734.94,24692.12,24701.44,
1780987800,24704.7,24712.89,24691.45,24697.88,
1780988400,24696.2,24718.28,24679.31,24679.36,
1780989000,24679.98,24686.42,24655.61,24659.63,
1780989600,24657.84,24671.23,24628.02,24630.91,
1780990200,24629.92,24635.84,24606.91,24609.62,
1780990800,24609.76,24620.03,24587.97,24611.64,
1780991400,24610.7,24610.7,24562.79,24581.39,
1780992000,24580.53,24580.53,24565.9,24565.9,
1781054400,24442.52,24442.52,24442.52,24442.52,
1781055000,24432,24505.96,24379.83,24432.93,
1781055600,24434.52,24469.26,24374.89,24434.74,
1781056200,24436.16,24444.11,24325.96,24388.35,
1781056800,24387.11,24400.05,24325.8,24339.88,
1781057400,24343.84,24379.96,24341.68,24351.01,
1781058000,24353.1,24387.5,24337.62,24337.86,
1781058600,24337.8,24367.7,24238.38,24238.38,
1781059200,24239.43,24390.91,24239.43,24352.56,
1781059800,24352.03,24375.99,24268.37,24283.75,
1781060400,24279.79,24372.52,24277.27,24371.65,
1781061000,24372.44,24386.38,24344.71,24370.67,
1781061600,24372.04,24426.24,24343.31,24375.43,
1781062200,24375.46,24375.97,24284.42,24300.16,
1781062800,24296.08,24296.08,24258.74,24260.83,
1781063400,24261.64,24294.53,24251.24,24294.53,
1781064000,24294.47,24294.47,24292.95,24292.95,
1781067600,24249.99,24269.82,24221.1,24239.69,
1781068200,24239.7,24244.59,24207.03,24218.02,
1781068800,24219.12,24278.48,24207.96,24278.2,
1781069400,24278.46,24306.65,24253.27,24305.66,
1781070000,24304.82,24344.91,24238.59,24245.45,
1781070600,24244.98,24356.27,24244.98,24342.02,
1781071200,24342.23,24391.25,24334.42,24369.84,
1781071800,24368.84,24379.64,24347.16,24373.39,
1781072400,24371.28,24392.74,24358.05,24370.87,
1781073000,24370.32,24391.36,24364.97,24378.28,
1781073600,24379.29,24387.34,24364.41,24387.34,
1781074200,24387.87,24394.24,24367.28,24394.22,
1781074800,24394.64,24406.62,24358.81,24387.54,
1781075400,24387.26,24421.77,24382.35,24398.89,
1781076000,24400.28,24426.61,24377.98,24397.88,
1781076600,24397.9,24407.69,24376.25,24383.83,
1781077200,24383.84,24396.63,24361.16,24365.93,
1781077800,24366.03,24400.18,24355.08,24392.88,
1781078400,24394.95,24407.96,24394.95,24407.96,
1781140800,24380.02,24380.02,24380.02,24380.02,
1781141400,24409.3,24492.71,24366.75,24482.67,
1781142000,24483.18,24483.18,24427.4,24428.13,
1781142600,24427.22,24429.98,24341.23,24342.32,
1781143200,24342.13,24350.31,24195.44,24216.46,
1781143800,24215.89,24217.06,24103.39,24108.36,
1781144400,24108.15,24146.29,24068.33,24068.77,
1781145000,24071.69,24082.19,24021.49,24045.91,
1781145600,24043.14,24052.62,24023.6,24043.11,
1781146200,24040.99,24089.72,24029.24,24089.72,
1781146800,24089.84,24113.6,24077.64,24092.47,
1781147400,24094.19,24095.87,23999.67,24017.72,
1781148000,24015.93,24050.04,24008.18,24050.04,
1781148600,24050.65,24169.52,24050.65,24169.52,
1781149200,24169.06,24194.65,24112.49,24145.55,
1781149800,24147.63,24153.22,24123.26,24135.2,
1781150400,24136.04,24136.17,24136.04,24136.17,
1781154000,24210.9,24235.89,24116.83,24170.12,
1781154600,24171.49,24214.56,24159.5,24176.03,
1781155200,24176.22,24200.69,24138.32,24149.61,
1781155800,24149.19,24217.63,24127.96,24173.71,
1781156400,24175.55,24190.2,24146.41,24180.54,
1781157000,24182,24182,24146.92,24153.87,
1781157600,24153.91,24162.94,24123.28,24132.02,
1781158200,24130.34,24151.77,24107.5,24110.26,
1781158800,24108.68,24154.95,24105.36,24120.22,
1781159400,24122.74,24139.5,24097.32,24108.62,
1781160000,24111.24,24156.68,24111.24,24150.47,
1781160600,24152.51,24191.36,24148.1,24187.77,
1781161200,24189.35,24220.07,24163.1,24179.38,
1781161800,24182.13,24253.66,24181,24253.19,
1781162400,24251.3,24261.41,24237.17,24251.08,
1781163000,24247.9,24248.47,24215.35,24235.92,
1781163600,24238.01,24240.9,24205.18,24207.33,
1781164200,24205.51,24233,24200.14,24220.03,
1781164800,24219.69,24249.29,24219.69,24249.29,
1781227200,24501.5,24501.5,24501.5,24501.5,
1781227800,24505.12,24587.48,24445.51,24558.17,
1781228400,24556.42,24618.31,24522.11,24600.31,
1781229000,24602.01,24654.03,24586.15,24624.89,
1781229600,24625.73,24659.14,24609.43,24626.11,
1781230200,24630.61,24649.26,24585.38,24603.16,
1781230800,24603.05,24609.19,24550.27,24571.66,
1781231400,24575.42,24630.3,24569.19,24610.73,
1781232000,24612.26,24668.61,24585.18,24663.4,
1781232600,24661.93,24704.45,24645.86,24703.27,
1781233200,24704.37,24719.06,24676.4,24688.06,
1781233800,24691.15,24708.18,24677.21,24681.59,
1781234400,24682.58,24742.8,24658.22,24719.61,
1781235000,24720.32,24744.97,24695.83,24741.34,
1781235600,24742.14,24762.06,24733.06,24743.27,
1781236200,24743.05,24755.58,24715.95,24740.27,
1781236800,24739.86,24740.41,24739.86,24740.41,
1781240400,24756.65,24771.61,24705.68,24707.86,
1781241000,24707.18,24741.59,24690,24707.62,
1781241600,24705.22,24744.98,24705.03,24726.48,
1781242200,24729.34,24729.34,24644.72,24647.22,
1781242800,24644.78,24705.32,24644.78,24657.22,
1781243400,24657.34,24662.7,24630.95,24630.95,
1781244000,24632.32,24645.27,24621.32,24640.25,
1781244600,24640.53,24664.04,24630.36,24657.69,
1781245200,24656.49,24664,24636.2,24648.7,
1781245800,24645.67,24646.74,24628.81,24633.35,
1781246400,24634,24635.16,24591.78,24619.06,
1781247000,24618.54,24625.83,24605.6,24624.94,
1781247600,24627.05,24642.67,24594.69,24605.02,
1781248200,24604.22,24608.5,24577.9,24599.77,
1781248800,24599.9,24629.35,24594.08,24620.45,
1781249400,24618.22,24618.22,24582.65,24601.97,
1781250000,24598.14,24624.99,24590.5,24619.05,
1781250600,24618.82,24675.71,24613.31,24657.36,
1781251200,24658.91,24718.1,24658.91,24718.1,
1781486400,25001.42,25001.42,25001.42,25001.42,
1781487000,25004.05,25030.18,24880.59,25005.13,
1781487600,25005.37,25047.9,24990.34,25002.46,
1781488200,25008.43,25009.26,24970.96,24973.06,
1781488800,24972.37,24975.37,24919,24940.82,
1781489400,24940.02,24940.02,24879.72,24888.55,
1781490000,24887.54,24897.74,24846.55,24879.07,
1781490600,24881.96,24896.16,24811.03,24843.81,
1781491200,24845.01,24857.28,24815.51,24838.41,
1781491800,24838.05,24838.05,24797.67,24812.81,
1781492400,24811.33,24831.51,24796.3,24816.13,
1781493000,24817.56,24903.63,24810.23,24875.13,
1781493600,24877.59,24877.99,24843.31,24862.53,
1781494200,24864.69,24868.22,24810.14,24822.42,
1781494800,24823.46,24847.93,24820.23,24845.16,
1781495400,24843.36,24850.04,24824.12,24828.89,
1781496000,24829.11,24829.62,24829.11,24829.62,
1781499600,24848.57,24872.16,24806.73,24821.36,
1781500200,24818.85,24839.67,24803.94,24822.07,
1781500800,24820.71,24870.71,24820.71,24857.71,
1781501400,24856.79,24869.65,24852.63,24858.79,
1781502000,24858.61,24880.42,24840.79,24840.79,
1781502600,24840.29,24845.65,24824.75,24840.69,
1781503200,24839.73,24867.22,24838.79,24848.14,
1781503800,24847.43,24849.06,24812.79,24826.78,
1781504400,24828.88,24843.14,24828.5,24835.18,
1781505000,24835.58,24838.77,24810.78,24819.77,
1781505600,24820.88,24827.35,24809.42,24823.41,
1781506200,24826.52,24842.7,24823.89,24840.12,
1781506800,24840.18,24870.81,24835.55,24868.17,
1781507400,24868.34,24880.43,24851.42,24875.7,
1781508000,24874.67,24907.54,24863.71,24893.17,
1781508600,24892.8,24892.8,24843.27,24860.93,
1781509200,24861.31,24861.76,24837.5,24845.61,
1781509800,24842.38,24842.71,24828.27,24830.9,
1781510400,24831,24842.67,24831,24842.67,
1781572800,24826.19,24826.19,24826.19,24826.19,
1781573400,24828.04,24844.98,24644.71,24646.63,
1781574000,24648.99,24684.74,24585.33,24684.41,
1781574600,24685.39,24685.39,24586.5,24598.44,
1781575200,24596.53,24621.41,24567.7,24573.65,
1781575800,24570.13,24584.34,24518.13,24518.13,
1781576400,24518.54,24532.86,24497.53,24504.37,
1781577000,24504.96,24539.43,24492.46,24534.51,
1781577600,24533.96,24541.56,24523.1,24523.1,
1781578200,24525.14,24541.16,24505.7,24510.88,
1781578800,24508.59,24530.68,24480.92,24491.62,
1781579400,24489.13,24514.2,24481.17,24514.2,
1781580000,24514.5,24519.62,24488.28,24490.3,
1781580600,24490.81,24543.29,24490.3,24539.63,
1781581200,24539.15,24557.05,24526.39,24538.64,
1781581800,24540.12,24543.01,24526.3,24533.29,
1781582400,24533.35,24533.35,24533.35,24533.35,
1781586000,24537.27,24559.12,24493.06,24528.41,
1781586600,24528.62,24538.77,24484.96,24484.96,
1781587200,24484.9,24491.86,24442.16,24455.93,
1781587800,24456.8,24460.76,24431.16,24433.68,
1781588400,24432.73,24444.97,24426.72,24433.28,
1781589000,24431.67,24440.62,24416.37,24423.65,
1781589600,24423.96,24429.01,24406.66,24422.33,
1781590200,24419.2,24442.52,24419.2,24439.43,
1781590800,24438.19,24456.6,24409.77,24412.36,
1781591400,24411.4,24416.03,24384.69,24392.49,
1781592000,24389.75,24400.24,24378.69,24382.67,
1781592600,24387.59,24410.63,24386.29,24406.43,
1781593200,24408.77,24428.27,24397.54,24426.84,
1781593800,24426.75,24441.72,24406.55,24423.96,
1781594400,24424.22,24445.51,24414.29,24430.75,
1781595000,24434.03,24436.9,24418.95,24434.9,
1781595600,24436.5,24436.95,24416.46,24421.12,
1781596200,24420.69,24451,24418.93,24447.78,
1781596800,24447.79,24493.95,24447.79,24493.95,
1781659200,24495.85,24495.85,24495.85,24495.85,
1781659800,24477.26,24560.19,24446.89,24527.02,
1781660400,24524.71,24551.64,24456.35,24460.18,
1781661000,24459.35,24513.46,24452.38,24509.21,
1781661600,24510.53,24538.88,24457.3,24469.72,
1781662200,24470.9,24472.09,24436.35,24444.13,
1781662800,24444.45,24447.5,24405.54,24410.89,
1781663400,24408.18,24420.99,24387.2,24388.53,
1781664000,24389.59,24398.24,24349.5,24354.15,
1781664600,24356.44,24358.57,24297.7,24297.7,
1781665200,24298.67,24303.69,24267.15,24292.56,
1781665800,24291.14,24340.81,24290.14,24334.46,
1781666400,24332.92,24385.41,24327.53,24366.86,
1781667000,24369.35,24436.31,24368.71,24433.94,
1781667600,24435.49,24449.3,24418.27,24418.27,
1781668200,24418.85,24438.73,24398.95,24405.1,
1781668800,24403.7,24403.96,24403.7,24403.96,
1781672400,24401.45,24436.17,24359.95,24362.8,
1781673000,24360.94,24409.26,24357.47,24368.51,
1781673600,24370.62,24381.6,24343.46,24344.33,
1781674200,24344.27,24349.06,24334.23,24339.45,
1781674800,24338.99,24339.72,24313.47,24332.01,
1781675400,24330.73,24337.72,24292.41,24312.12,
1781676000,24312.84,24326.91,24298.67,24299.33,
1781676600,24299.35,24301.34,24276.64,24283.03,
1781677200,24283.41,24289.82,24254.07,24259.43,
1781677800,24259.62,24282.47,24257.76,24268.52,
1781678400,24269.56,24314.21,24265.92,24311.4,
1781679000,24312.27,24312.27,24273.46,24302.57,
1781679600,24305.01,24308.12,24284.09,24300.72,
1781680200,24303.15,24326.51,24293.54,24293.54,
1781680800,24295.24,24323.64,24295.11,24319.73,
1781681400,24324.57,24324.57,24302.76,24310.63,
1781682000,24309.71,24311.6,24285.18,24287,
1781682600,24286.72,24297.22,24272.65,24287.15,
1781683200,24289.8,24312.16,24289.8,24312.16,
1781745600,24145.19,24145.19,24145.19,24145.19,
1781746200,24156,24163.25,23981.24,23994.83,
1781746800,23994.57,24143.89,23986.38,24018.95,
1781747400,24018.38,24018.65,23958.77,23975.9,
1781748000,23973.66,23997.44,23934.15,23975.29,
1781748600,23975.07,23976.29,23911.8,23912.55,
1781749200,23916.17,23939.11,23903.63,23927.41,
1781749800,23927.96,23927.96,23886.9,23892.18,
1781750400,23892.46,23898.87,23866.38,23894.04,
1781751000,23895.95,23910.05,23871.1,23871.1,
1781751600,23871.71,23892.59,23837.51,23844.55,
1781752200,23846.8,23859.92,23823.89,23859.92,
1781752800,23861.72,23887.05,23853.64,23854.94,
1781753400,23855.6,23862.43,23840.06,23855.56,
1781754000,23853.5,23898.01,23847.06,23887.47,
1781754600,23890.16,23919.21,23887.38,23898.96,
1781755200,23899.25,23900.01,23899.25,23900.01,
1781758800,23897.06,23902.02,23869.86,23869.86,
1781759400,23869.93,23893.73,23864.5,23884.43,
1781760000,23880.87,23888.39,23865.05,23878.23,
1781760600,23881.5,23886.49,23842.74,23843.98,
1781761200,23842.03,23848,23821.03,23823.52,
1781761800,23822.87,23843.74,23806.32,23827.45,
1781762400,23830.71,23834.37,23790.85,23800.02,
1781763000,23800.87,23820.23,23796.46,23801.81,
1781763600,23802.1,23811.09,23784.87,23797.76,
1781764200,23801.41,23805.35,23749.99,23763.47,
1781764800,23764.92,23795.23,23755.47,23784.81,
1781765400,23784.86,23827.28,23782.65,23822.73,
1781766000,23828.98,23843.99,23812.48,23817.48,
1781766600,23818.16,23821.98,23769.31,23792.37,
1781767200,23792.95,23809.85,23791.28,23800.25,
1781767800,23798.36,23798.36,23752.73,23773.33,
1781768400,23773.35,23797.72,23765.67,23785.92,
1781769000,23784.59,23828.09,23776.95,23827.17,
1781769600,23828.46,23924.81,23828.46,23924.81,
1782091200,23811.76,23811.76,23811.76,23811.76,
1782091800,23778.81,23778.81,23499.26,23543.16,
1782092400,23545,23556.93,23444.86,23509.08,
1782093000,23514.95,23586.72,23489.52,23506.12,
1782093600,23506.82,23601.14,23449.41,23556.22,
1782094200,23558.72,23604.14,23520.51,23590.65,
1782094800,23586.52,23615.28,23503.94,23507.73,
1782095400,23504.98,23610.93,23502.18,23607.96,
1782096000,23607,23648.1,23588.97,23609.36,
1782096600,23607.18,23697.87,23600.11,23694.45,
1782097200,23696.85,23700.09,23638.52,23658.58,
1782097800,23659.3,23714.7,23655.35,23710.13,
1782098400,23708.5,23732.02,23690.26,23720.11,
1782099000,23719.36,23729.7,23683.65,23691.07,
1782099600,23687.34,23742.77,23686.6,23686.93,
1782100200,23687.99,23711.27,23680.35,23691.4,
1782100800,23690.23,23690.86,23690.23,23690.86,
1782104400,23681.48,23699.25,23628.18,23635.74,
1782105000,23637.46,23769.09,23635.85,23741.74,
1782105600,23741.38,23827.41,23740.26,23820.54,
1782106200,23818.52,23825.48,23732.79,23745.7,
1782106800,23745.33,23745.33,23698.35,23713.34,
1782107400,23713.21,23734,23699.88,23703.14,
1782108000,23702.78,23778.81,23702.78,23777.97,
1782108600,23777.91,23826.21,23771.63,23810.61,
1782109200,23810.44,23848.22,23802.26,23822.74,
1782109800,23823.11,23825.8,23789.15,23800.89,
1782110400,23801.83,23826.66,23780.38,23823.75,
1782111000,23823.86,23863.71,23822.86,23843.57,
1782111600,23843.93,23862.71,23819.81,23827.66,
1782112200,23827.2,23832.31,23805.03,23825.39,
1782112800,23823.26,23824.48,23805.16,23820.45,
1782113400,23817.32,23817.32,23775.97,23778.63,
1782114000,23782.2,23799.16,23776.82,23791.41,
1782114600,23794.15,23794.38,23753.22,23763.8,
1782115200,23762.84,23768.52,23762.84,23768.52,
1782177600,23800.02,23800.02,23800.02,23800.02,
1782178200,23790.63,23808.81,23700.48,23761.77,
1782178800,23760.9,23808.84,23745.47,23792.45,
1782179400,23787.23,23825.81,23750.22,23753.2,
1782180000,23751.36,23756.73,23660.54,23666.58,
1782180600,23662.62,23669.69,23636.58,23667.71,
1782181200,23668.6,23674.92,23608.1,23660.72,
1782181800,23660.19,23710.34,23647.71,23678.69,
1782182400,23678.01,23678.01,23606.27,23612.07,
1782183000,23613.42,23642.24,23537.25,23537.89,
1782183600,23537.34,23556.65,23474.54,23480.58,
1782184200,23482.37,23491.04,23444.61,23445.56,
1782184800,23445.29,23466.79,23439.26,23465.73,
1782185400,23465.63,23477.11,23437.41,23448.39,
1782186000,23448.58,23476.14,23443.67,23458.09,
1782186600,23457.23,23514.28,23454.89,23501.74,
1782187200,23500.21,23500.21,23499.88,23499.88,
1782190800,23458.69,23469.69,23415.96,23417.92,
1782191400,23417.27,23441.54,23385.72,23385.72,
1782192000,23383.37,23411.68,23380.96,23400.28,
1782192600,23401.07,23453.56,23398.03,23416.1,
1782193200,23416.36,23442.54,23402.36,23416.16,
1782193800,23416.43,23419.29,23357.92,23362.38,
1782194400,23363.15,23369.94,23322.88,23325.49,
1782195000,23324.56,23329.87,23293.99,23296.76,
1782195600,23299.58,23304.25,23255.32,23265.29,
1782196200,23264.42,23307.11,23252.13,23271.38,
1782196800,23274.22,23285.67,23253.32,23266.32,
1782197400,23264.26,23288.97,23256.83,23281.99,
1782198000,23284.58,23362.81,23284.58,23362.81,
1782198600,23363.45,23372.84,23340.2,23343.86,
1782199200,23344.68,23375.47,23341.43,23366.19,
1782199800,23368.1,23369.26,23324.53,23330.95,
1782200400,23330.69,23351.14,23313.34,23324.49,
1782201000,23320.64,23332.22,23303.34,23327.44,
1782201600,23328.07,23336.28,23328.07,23336.28,
1782264000,23420.7,23420.7,23420.7,23420.7,
1782264600,23445.49,23490.41,23415.25,23471.35,
1782265200,23468.56,23521.52,23445.02,23464.33,
1782265800,23464.88,23510.95,23389.78,23390.82,
1782266400,23391.3,23392.16,23323.62,23390.27,
1782267000,23391.11,23391.35,23340.99,23358.33,
1782267600,23357.5,23357.75,23301.73,23304.62,
1782268200,23303.2,23339.47,23298.24,23306.21,
1782268800,23308.4,23336.28,23272.56,23273.62,
1782269400,23273.39,23319.38,23268.64,23312.01,
1782270000,23313.6,23378.94,23309.22,23354.32,
1782270600,23354.12,23354.29,23248.87,23259.27,
1782271200,23258.95,23324.32,23257.56,23324.32,
1782271800,23325.14,23387.77,23325.14,23368.95,
1782272400,23369.46,23376.52,23319.26,23325.02,
1782273000,23323.46,23349.01,23314.44,23345.53,
1782273600,23344.6,23344.67,23344.6,23344.67,
1782277200,23354.51,23363.59,23292.12,23326.74,
1782277800,23325.35,23401.44,23308,23401.44,
1782278400,23400.49,23475.27,23399.88,23431.79,
1782279000,23432.07,23554.16,23432.07,23547.6,
1782279600,23558.61,23565.65,23439.5,23440.99,
1782280200,23441.1,23458.96,23404.9,23422.13,
1782280800,23423.53,23453.85,23416.54,23445.21,
1782281400,23447.48,23466.11,23431.06,23447.77,
1782282000,23447.05,23481.99,23433.79,23456.5,
1782282600,23457.27,23476.84,23446.22,23451.7,
1782283200,23451.02,23455.93,23429.96,23438.83,
1782283800,23438.32,23460.09,23432.85,23442.78,
1782284400,23444.82,23449.74,23411.04,23426.61,
1782285000,23426.01,23444.99,23419.36,23436.3,
1782285600,23434.73,23455.58,23434.73,23436.61,
1782286200,23436.93,23450.04,23412.78,23417.54,
1782286800,23417,23464.03,23416.34,23456.08,
1782287400,23453.38,23457.56,23410.14,23419.37,
1782288000,23420.4,23420.4,23412.18,23412.18,
1782350400,23388.5,23388.5,23388.5,23388.5,
1782351000,23357.19,23357.19,23139.56,23154.56,
1782351600,23155.52,23163.05,23081.82,23091.64,
1782352200,23094.01,23170.69,23078.16,23154.44,
1782352800,23158.56,23180.13,23085.45,23086.32,
1782353400,23085.42,23104.71,23034.8,23104.71,
1782354000,23106.64,23111.45,23027.5,23035.44,
1782354600,23033.88,23068,23004.75,23058.6,
1782355200,23063.33,23131.94,23024.46,23113.27,
1782355800,23114.29,23195.26,23092.11,23190.6,
1782356400,23190.27,23204.94,23162.2,23169.97,
1782357000,23170.44,23256.9,23152.81,23226.72,
1782357600,23227.69,23236.81,23164.66,23164.66,
1782358200,23164.19,23164.37,23067.16,23067.16,
1782358800,23067.71,23076.57,23025.87,23053.56,
1782359400,23053.83,23103.95,23052.07,23091.74,
1782360000,23088.87,23090.27,23088.87,23090.27,
1782363600,23116.7,23144.79,23068.46,23075.71,
1782364200,23073.01,23073.17,23031.92,23032.43,
1782364800,23033.65,23040.44,23011.65,23027.29,
1782365400,23024.37,23045.92,22992.62,22998.56,
1782366000,22998.29,23046.85,22998.29,23014.4,
1782366600,23016.99,23037.95,23006.23,23012.68,
1782367200,23014.29,23057.41,23014.21,23038.29,
1782367800,23037.65,23041.7,23008.87,23025.18,
1782368400,23024.11,23042.81,23004.39,23024.75,
1782369000,23023.92,23039.01,22991.58,23005.67,
1782369600,23003.71,23036.18,22997.61,23011.37,
1782370200,23010.1,23014.75,22978.59,23008.27,
1782370800,23011.86,23040.09,22998.19,23034.63,
1782371400,23035.86,23054.03,23032.69,23037.85,
1782372000,23040.59,23064.34,23018.63,23018.63,
1782372600,23027.83,23059.05,23021.74,23053.49,
1782373200,23053.39,23064.15,23030.46,23048.55,
1782373800,23051.01,23089.55,23044.56,23089.18,
1782374400,23090.09,23090.09,23076.91,23076.91,
1782436800,22952.09,22952.09,22952.09,22952.09,
1782437400,22943.61,22962.46,22802.46,22811.3,
1782438000,22813.39,22859.49,22756.67,22859.49,
1782438600,22868.99,22891.86,22784.97,22804.5,
1782439200,22805.74,22814.59,22745.13,22745.31,
1782439800,22745.48,22751.5,22684.69,22688.94,
1782440400,22685.08,22685.82,22635.35,22635.55,
1782441000,22634.81,22644.12,22583.71,22593.06,
1782441600,22598.78,22610.55,22558.37,22559.33,
1782442200,22556.99,22576.9,22541.31,22576.9,
1782442800,22578.25,22598.05,22549.18,22577.64,
1782443400,22580.49,22587.74,22529.12,22536.79,
1782444000,22538.57,22596.56,22531.99,22556.98,
1782444600,22555.35,22555.35,22518,22540.95,
1782445200,22541.78,22565.2,22536.25,22553.5,
1782445800,22552.89,22647.8,22545.26,22643.78,
1782446400,22644.25,22644.49,22644.25,22644.49,
1782450000,22607.02,22663.21,22562.24,22643.84,
1782450600,22644.19,22714.68,22636.94,22700.48,
1782451200,22700.2,22737.11,22682.26,22717.78,
1782451800,22717.24,22728.37,22696.13,22707.79,
1782452400,22708.37,22713.41,22646.05,22674.61,
1782453000,22677.93,22726.7,22677.93,22686.33,
1782453600,22683.56,22696.81,22624.02,22625.87,
1782454200,22623.19,22672.6,22608.36,22640.26,
1782454800,22640.21,22662.23,22610.95,22632.52,
1782455400,22633.39,22676.04,22619.89,22675.26,
1782456000,22669.72,22689.74,22644.75,22658.18,
1782456600,22657.3,22689.31,22644.18,22661.92,
1782457200,22661.74,22695.27,22645.43,22656.95,
1782457800,22658.91,22725.46,22657.26,22712.97,
1782458400,22713.07,22716.19,22677.2,22686.36,
1782459000,22688.07,22713.97,22676.85,22693.61,
1782459600,22693,22702.93,22644.28,22647.84,
1782460200,22645.95,22687.3,22639.34,22681.27,
1782460800,22684.09,22684.09,22671.86,22671.86,
1782696000,22827.65,22827.65,22827.65,22827.65,
1782696600,22820.21,22892.39,22783.64,22879.21,
1782697200,22893.71,22905.46,22801.7,22826.61,
1782697800,22842.94,22915.16,22799.38,22862.09,
1782698400,22874.34,22960.51,22862.61,22882.95,
1782699000,22893.88,22997.92,22846.64,22995.09,
1782699600,23003.36,23072.11,22983.32,23071.17,
1782700200,23080.73,23087.11,22977.42,23003.14,
1782700800,23011.98,23068.93,22980.5,23060.17,
1782701400,23071.34,23125.12,23071.01,23105.83,
1782702000,23119.22,23126.2,23061.24,23125.03,
1782702600,23135.9,23136.62,23082.07,23096.15,
1782703200,23111.17,23159.86,23090.6,23156.6,
1782703800,23166.01,23179.81,23135.94,23165.03,
1782704400,23175.96,23179.66,23137.9,23171.97,
1782705000,23179.37,23183.17,23131.29,23145.04,
1782705600,23153.43,23153.89,23153.43,23153.89,
1782709200,23146.26,23153.07,23078.32,23100.66,
1782709800,23110.44,23125.65,23083.28,23108.3,
1782710400,23119.76,23119.76,23057.66,23066.26,
1782711000,23078.18,23128.71,23069.6,23088.66,
1782711600,23100.01,23140.79,23091.04,23099.37,
1782712200,23107.55,23127.01,23070.65,23074.3,
1782712800,23085.59,23087.94,23008.19,23036.24,
1782713400,23047.95,23097.51,23034.21,23078.6,
1782714000,23085.85,23104.57,23079.99,23097.15,
1782714600,23104.3,23116.88,23094.13,23105.92,
1782715200,23115.86,23123.31,23087.41,23097.14,
1782715800,23106.3,23123.92,23068.29,23093.82,
1782716400,23105.42,23105.42,23069.69,23081.51,
1782717000,23091.95,23091.95,23050.81,23090.31,
1782717600,23103.53,23123.97,23078.19,23083.71,
1782718200,23094.05,23094.05,23054.91,23075.21,
1782718800,23082.94,23082.94,23013.73,23022.68,
1782719400,23036.66,23036.66,22999.4,23007.46,
1782720000,23008.19,23026.68,23008.19,23026.68,
1782782400,23007.87,23007.87,23007.87,23007.87,
1782783000,23017.75,23086.85,22929.59,22980.28,
1782783600,22982.78,22990,22870.93,22907.69,
1782784200,22907.18,22913.15,22832.7,22832.76,
1782784800,22833.31,22841.21,22776.96,22793.48,
1782785400,22791.67,22798.6,22742.08,22764.84,
1782786000,22763.89,22772.87,22687,22736.7,
1782786600,22738.94,22776.35,22685.14,22758.89,
1782787200,22758.94,22772.73,22723.75,22754.11,
1782787800,22758.23,22776.74,22726.02,22727.34,
1782788400,22727.33,22827.85,22727.33,22794.33,
1782789000,22793.45,22853.94,22767.24,22851.84,
1782789600,22852.88,22855.92,22742.57,22762.06,
1782790200,22764.06,22764.06,22742.02,22753.64,
1782790800,22754.35,22765.25,22731.09,22736.15,
1782791400,22736.16,22755.99,22736.16,22753.74,
1782792000,22752.96,22752.96,22752.96,22752.96,
1782795600,22764.59,22767.65,22694.94,22729.42,
1782796200,22727.34,22736.46,22709.28,22712.2,
1782796800,22711.79,22737.73,22694.27,22728.65,
1782797400,22727.26,22732.68,22687.48,22728.85,
1782798000,22731.09,22794.42,22731.09,22775.52,
1782798600,22774.75,22829.65,22767.62,22816.36,
1782799200,22816.52,22873.05,22800.51,22867.61,
1782799800,22867.17,22883.21,22823.42,22832.59,
1782800400,22833.75,22836.13,22790.13,22809.39,
1782801000,22809.78,22814.79,22772.36,22787.85,
1782801600,22788.12,22806.28,22760.31,22799.47,
1782802200,22800.52,22816.67,22794.96,22810.89,
1782802800,22809.62,22876.03,22799.29,22874.49,
1782803400,22875.16,22897.73,22830.38,22834.55,
1782804000,22834.1,22882.09,22828.42,22868.47,
1782804600,22868.85,22919.81,22859.68,22900.21,
1782805200,22901.41,22926.4,22889.03,22902.08,
1782805800,22901.64,22906.44,22882.08,22900.75,
1782806400,22900.07,22900.07,22881.02,22881.02,
1782955200,23071.43,23071.43,23071.43,23071.43,
1782955800,23046.85,23292.69,22995.71,23292.69,
1782956400,23289.27,23335.92,23245.31,23276.86,
1782957000,23279.27,23331.27,23223.74,23256.09,
1782957600,23255.13,23255.13,23136.78,23210.39,
1782958200,23207.83,23215.43,23156.62,23208.91,
1782958800,23208.26,23208.26,23120.99,23169,
1782959400,23169.39,23197.22,23108.3,23119.41,
1782960000,23118.96,23125.6,23074,23112.1,
1782960600,23111.09,23143.26,23093.96,23096.81,
1782961200,23098.24,23132.47,23064.73,23069.48,
1782961800,23067.91,23084.51,23025.05,23062.39,
1782962400,23064.45,23067.69,22983.46,23053.95,
1782963000,23055.34,23118.64,23035.41,23116.52,
1782963600,23117.86,23170.8,23115.06,23120.75,
1782964200,23119.16,23183.96,23119.16,23152.63,
1782964800,23154.41,23154.41,23154.41,23154.41,
1782968400,23147.64,23160.57,23073.83,23150.88,
1782969000,23150.65,23154.09,23066.92,23082.05,
1782969600,23081.58,23091.36,23030.32,23032.85,
1782970200,23032.03,23051.7,23018.9,23028.64,
1782970800,23028.97,23050.09,23005.05,23008.96,
1782971400,23008.51,23044.35,23008.51,23031.62,
1782972000,23031.66,23065.75,23017.88,23026.57,
1782972600,23029.14,23036.59,23005.49,23016.52,
1782973200,23016.44,23045.9,23012.36,23034.76,
1782973800,23034.59,23055.21,23026.17,23031.53,
1782974400,23031.12,23041.16,22997.28,23018.67,
1782975000,23016.31,23017.17,22982.84,23009.64,
1782975600,23010.78,23014.96,22953.7,22986.53,
1782976200,22986.61,22998.34,22967.21,22976.96,
1782976800,22976.75,23001.18,22972.36,22997.61,
1782977400,22995.76,23001.68,22960.21,22998.08,
1782978000,22996.37,23039.68,22995.61,23014.81,
1782978600,23015.85,23019.98,22997.27,23012.9,
1782979200,23013.41,23055.03,23013.41,23055.03,
1783041600,23240.85,23240.85,23240.85,23240.85,
1783042200,23226.2,23402.62,23226.2,23400.04,
1783042800,23401.65,23468.44,23394.51,23458.16,
1783043400,23459.37,23516.7,23449.62,23471.27,
1783044000,23471.12,23480.12,23424.1,23425.85,
1783044600,23428.91,23459.88,23413.12,23418.81,
1783045200,23417.86,23427.57,23329.23,23356.72,
1783045800,23355.98,23355.98,23316.01,23352.37,
1783046400,23351.78,23356.64,23291.02,23325.75,
1783047000,23324.47,23337.59,23291.59,23308.82,
1783047600,23308,23359.96,23303.68,23340.63,
1783048200,23340.02,23409.73,23326.63,23409.73,
1783048800,23409.08,23441.74,23402.29,23438.77,
1783049400,23440.32,23456.13,23401.38,23404.43,
1783050000,23405.49,23407.93,23378.12,23390.63,
1783050600,23390.62,23416.38,23388.27,23416.18,
1783051200,23416.89,23416.89,23416.78,23416.78,
1783054800,23423.79,23427.8,23320.18,23339.63,
1783055400,23339.02,23339.81,23305.03,23327.95,
1783056000,23322.68,23326.81,23269.94,23272.15,
1783056600,23270.91,23299.5,23264.84,23269.77,
1783057200,23270.08,23325.06,23270.08,23301.55,
1783057800,23303.76,23334.53,23299.38,23316.27,
1783058400,23315.4,23390.56,23315.4,23387.43,
1783059000,23386.09,23396.59,23370.58,23380.27,
1783059600,23380.22,23405.91,23369.12,23400.23,
1783060200,23400.12,23403.77,23359.98,23377.71,
1783060800,23377.57,23382.24,23361.47,23367.68,
1783061400,23369.17,23372.22,23332.22,23352.03,
1783062000,23350.82,23367.94,23335.21,23359.33,
1783062600,23357.38,23362.05,23335.24,23343.99,
1783063200,23343.39,23373.22,23340.12,23369.17,
1783063800,23367.16,23370.46,23329.59,23333.01,
1783064400,23334.32,23359.67,23321.6,23332.58,
1783065000,23331.78,23353.95,23319.64,23328.23,
1783065600,23330.25,23350.03,23330.25,23350.03,
1783300800,23404.61,23404.61,23404.61,23404.61,
1783301400,23410.35,23439.15,23229.38,23422.92,
1783302000,23422.67,23448.29,23293.46,23304.77,
1783302600,23306.08,23460.15,23302.68,23457.91,
1783303200,23456.93,23562.54,23456.93,23531.19,
1783303800,23532.36,23628.24,23532.36,23610.08,
1783304400,23609.28,23644.73,23590.02,23620.86,
1783305000,23621.92,23621.92,23534.43,23589.87,
1783305600,23588.82,23668.06,23538.4,23566.19,
1783306200,23568.62,23686.56,23519.37,23662.93,
1783306800,23662.58,23664.41,23547.41,23562.42,
1783307400,23560.9,23622.72,23531.47,23533.33,
1783308000,23529.77,23531.73,23485.31,23518.77,
1783308600,23519.33,23568.98,23515.95,23554.99,
1783309200,23555.2,23555.58,23510.9,23524.63,
1783309800,23523.39,23542.11,23512.02,23542.11,
1783310400,23542.97,23542.97,23542.97,23542.97,
1783314000,23574.92,23574.92,23508.99,23530.95,
1783314600,23528.94,23555.05,23512.49,23524,
1783315200,23524.61,23580.12,23522.29,23561.09,
1783315800,23560.25,23560.25,23531.8,23542.86,
1783316400,23540.72,23566.41,23518.95,23527.67,
1783317000,23528.88,23552.38,23469.45,23469.45,
1783317600,23468,23537.14,23468,23533.09,
1783318200,23531.93,23570.71,23523.01,23554.15,
1783318800,23552.74,23561.12,23535.46,23543.95,
1783319400,23542.71,23569.26,23535.21,23541.83,
1783320000,23540.98,23548.31,23515.46,23519.79,
1783320600,23520.84,23528.23,23501.62,23528.23,
1783321200,23525.89,23530.85,23467.47,23486.49,
1783321800,23488.1,23559.47,23487.55,23552.04,
1783322400,23553.04,23570.16,23544.41,23557.65,
1783323000,23557.22,23569.25,23537.35,23566.21,
1783323600,23567.48,23594.08,23555.22,23565.82,
1783324200,23565.07,23588.54,23560.65,23579.64,
1783324800,23578.58,23616.32,23578.58,23616.32,
1783387200,23568.49,23568.49,23568.49,23568.49,
1783387800,23592.47,23789.76,23592.47,23676.87,
1783388400,23676.41,23705.8,23594.29,23705.8,
1783389000,23707.57,23755.18,23621.73,23685.45,
1783389600,23685.76,23763.31,23680.36,23752.15,
1783390200,23752.33,23820.92,23744.73,23783.55,
1783390800,23781.67,23783.79,23651.22,23651.22,
1783391400,23650.84,23650.84,23583.75,23596.32,
1783392000,23596.05,23599.68,23570.04,23575.5,
1783392600,23573.48,23593.52,23521.59,23550.96,
1783393200,23554.81,23646.3,23552.67,23643.86,
1783393800,23644.91,23645.15,23522.25,23540.7,
1783394400,23538.82,23546.2,23497.04,23497.87,
1783395000,23496.85,23524.37,23492.64,23515.94,
1783395600,23515.99,23517.41,23488.4,23489.61,
1783396200,23489.44,23519.88,23485.55,23517.07,
1783396800,23517.7,23517.7,23517.7,23517.7,
1783400400,23512.84,23512.84,23467.54,23467.94,
1783401000,23466.65,23477.6,23437.37,23467.06,
1783401600,23466.56,23521.04,23455.69,23519.46,
1783402200,23516.97,23547.95,23502.58,23503.24,
1783402800,23501.31,23514.93,23462.33,23472.27,
1783403400,23474.17,23499.45,23464.6,23471.19,
1783404000,23469.42,23470.56,23428.14,23430.24,
1783404600,23428.26,23428.67,23398.27,23420.05,
1783405200,23419.88,23447.86,23412.17,23436.27,
1783405800,23438.16,23488.55,23435.41,23474.41,
1783406400,23473,23473.79,23434.25,23456.8,
1783407000,23455.83,23462.38,23447.79,23449.25,
1783407600,23448.6,23453.03,23404.08,23417.48,
1783408200,23416.84,23453.51,23411.91,23448.36,
1783408800,23450.43,23469.43,23445.64,23468.76,
1783409400,23464.14,23464.79,23436.79,23456.65,
1783410000,23457.96,23475.27,23447.06,23450.23,
1783410600,23452.55,23490.48,23444.44,23482.1,
1783411200,23483.93,23496.89,23483.93,23496.89,
1783473600,23541.22,23541.22,23541.22,23541.22,
1783474200,23576.65,23861.43,23576.65,23842.42,
1783474800,23841.38,23912.52,23761.11,23876.27,
1783475400,23875.47,23938.65,23823.22,23933.33,
1783476000,23932.72,23968.06,23887.32,23890.68,
1783476600,23894.02,23923.91,23882.65,23912.19,
1783477200,23913.26,23975.42,23912.25,23946.47,
1783477800,23947.59,23949.34,23870.43,23891.78,
1783478400,23891.63,23893.27,23828.34,23887.55,
1783479000,23889.26,23897.56,23849.53,23872.97,
1783479600,23873.13,23965.54,23873.13,23925.25,
1783480200,23927.38,23977.01,23923.42,23977.01,
1783480800,23976.47,24046.53,23973.58,24039.83,
1783481400,24041.52,24115.31,24041.52,24086.49,
1783482000,24085.25,24088.86,24046.86,24086.71,
1783482600,24086.88,24090.76,24046.93,24058.52,
1783483200,24057.24,24057.24,24057.24,24057.24,
1783486800,24016.51,24129.57,24002.48,24128.57,
1783487400,24132.6,24178.17,24103.02,24171.35,
1783488000,24171.32,24196.37,24146.98,24160.6,
1783488600,24161.31,24175.98,24118.97,24172.03,
1783489200,24172.98,24224.99,24141.7,24169.57,
1783489800,24172.7,24236.24,24172.7,24224.44,
1783490400,24228.51,24242.04,24192.25,24231.36,
1783491000,24231.55,24266.15,24210.1,24259.53,
1783491600,24261.56,24310.92,24261.56,24300.12,
1783492200,24296.99,24310.41,24245.87,24275.3,
1783492800,24275.48,24297.94,24192.45,24200.35,
1783493400,24201.17,24219.35,24143.31,24148.93,
1783494000,24147.93,24150.57,24065.37,24082.53,
1783494600,24083.32,24132.98,24079.05,24127.47,
1783495200,24128.9,24182.74,24117.09,24169.66,
1783495800,24169.15,24219.77,24163.25,24200.89,
1783496400,24201.81,24213.55,24183.63,24208.83,
1783497000,24210.2,24212.68,24184.36,24193.96,
1783497600,24193.56,24199.46,24193.56,24199.46,
1783560000,24181.34,24181.34,24181.34,24181.34,
1783560600,24181.84,24245,24071.59,24180.2,
1783561200,24181.57,24181.57,24067.7,24142.63,
1783561800,24139.37,24285.06,24120.5,24285.06,
1783562400,24283.89,24321.61,24234.15,24314.27,
1783563000,24315.96,24353.76,24310.9,24310.9,
1783563600,24310.77,24321.05,24237.76,24262.1,
1783564200,24261.96,24263.7,24147.98,24183.39,
1783564800,24184.04,24194.48,24140.02,24151.26,
1783565400,24150.98,24179.11,24096.82,24097.77,
1783566000,24097.78,24101.89,24058.12,24067.25,
1783566600,24067.09,24074.19,24024.26,24034.04,
1783567200,24033.51,24063.4,24020.82,24021.93,
1783567800,24020.9,24046.29,24009.15,24013.27,
1783568400,24011.09,24027.97,23999.58,24010.44,
1783569000,24009.87,24028.64,23988.77,24012.15,
1783569600,24011.03,24011.03,24011.03,24011.03,
1783573200,24006.72,24056.19,23995.47,24040.54,
1783573800,24036.7,24084.2,23963.93,23963.93,
1783574400,23963.75,23997.72,23937.38,23960.02,
1783575000,23959.61,23960.49,23917.32,23951.2,
1783575600,23948.96,24007.88,23929.72,24006.22,
1783576200,24007.55,24038.61,24002.88,24009.18,
1783576800,24008.43,24018.29,23993.71,24014.35,
1783577400,24014.31,24018.22,23959.84,23977.49,
1783578000,23977.77,24035.41,23973.5,24016.86,
1783578600,24017.72,24045.48,24008.16,24033.78,
1783579200,24032.89,24046.05,24023.94,24036.98,
1783579800,24036.85,24046.26,24026.12,24030.82,
1783580400,24029.45,24057.88,24013.29,24037.43,
1783581000,24038.83,24075.68,24035.8,24056.8,
1783581600,24060.71,24076.58,24039.87,24043.97,
1783582200,24045.36,24050.65,24023.97,24045.5,
1783582800,24046.46,24049.85,24018.17,24021.73,
1783583400,24023.2,24027.38,24003.48,24013.49,
1783584000,24008.67,24030.18,24008.67,24030.18,
1783646400,24213.44,24213.44,24213.44,24213.44,
1783647000,24234.32,24248.25,24064.62,24109.82,
1783647600,24111.22,24205.73,24086.25,24200.36,
1783648200,24200.13,24304.19,24189.34,24233.82,
1783648800,24234.24,24317.63,24213.28,24313.58,
1783649400,24311.42,24401.81,24311.42,24357.94,
1783650000,24357.24,24394.44,24329.79,24345.42,
1783650600,24345.76,24410.51,24345.76,24376.91,
1783651200,24377.88,24476.69,24341.54,24475.92,
1783651800,24479.64,24491.77,24392.55,24405.5,
1783652400,24410.47,24479.68,24401.84,24475.45,
1783653000,24474.72,24499.63,24463.12,24495.65,
1783653600,24497.3,24497.59,24473.18,24492.19,
1783654200,24491.49,24491.52,24455.89,24475.78,
1783654800,24475.16,24482.76,24451.41,24452.61,
1783655400,24454.83,24484.34,24444.12,24476.55,
1783656000,24476.69,24476.69,24476.69,24476.69,
1783659600,24470.58,24470.58,24395,24434.54,
1783660200,24435.43,24444.6,24383.29,24396.79,
1783660800,24395.52,24399.63,24352.3,24358.77,
1783661400,24358.06,24360.33,24327.01,24344.01,
1783662000,24342.63,24354.72,24308.4,24328.52,
1783662600,24328.27,24342.41,24311.18,24311.18,
1783663200,24312.92,24323.2,24286.7,24321.68,
1783663800,24323.48,24334.21,24303.37,24308.78,
1783664400,24310.87,24317.21,24287.17,24295.38,
1783665000,24295.94,24319.59,24277.02,24277.69,
1783665600,24276.12,24299.57,24261.77,24265.5,
1783666200,24264.04,24295.01,24260.64,24291.62,
1783666800,24293.27,24293.27,24238.31,24245.45,
1783667400,24248.02,24250.84,24220.14,24229.77,
1783668000,24229.9,24232.7,24189.05,24204.47,
1783668600,24201.09,24201.09,24161.59,24167.55,
1783669200,24171.94,24193.67,24136.67,24140.74,
1783669800,24141.77,24177.08,24120.05,24164.6,
1783670400,24164.65,24175.12,24164.65,24175.12,
1783905600,24157.65,24157.65,24157.65,24157.65,
1783906200,24154.91,24396.97,24137.54,24321.37,
1783906800,24322.4,24437.98,24270.26,24382.63,
1783907400,24380.28,24449.77,24321.94,24383.31,
1783908000,24383.84,24433.75,24352.08,24411.8,
1783908600,24409.82,24413.68,24336.17,24343.05,
1783909200,24344.25,24420.22,24325.29,24328.89,
1783909800,24330.22,24353.91,24281.02,24299.23,
1783910400,24299.25,24299.76,24221.03,24221.03,
1783911000,24222.3,24226.58,24161.8,24163.74,
1783911600,24163.23,24175.18,24120.35,24132.57,
1783912200,24132.86,24140.12,24095.73,24107.66,
1783912800,24107.56,24149.63,24107.56,24141.5,
1783913400,24141.34,24149.6,24118.22,24133.17,
1783914000,24133.64,24159.27,24133.64,24147.14,
1783914600,24147.06,24151.71,24130.08,24147.9,
1783915200,24148.53,24148.53,24148.53,24148.53,
1783918800,24122.02,24212.5,24116.81,24206.95,
1783919400,24206.46,24244.6,24206.36,24230.24,
1783920000,24231.46,24232.9,24114.41,24122.61,
1783920600,24120.47,24265.9,24117.7,24257.87,
1783921200,24257.68,24264.8,24175.22,24191.96,
1783921800,24191.83,24254.82,24191.83,24215.49,
1783922400,24215.85,24223.45,24150.99,24154.59,
1783923000,24155.13,24160.13,24113.33,24118.07,
1783923600,24117.3,24136.3,24110.15,24136.3,
1783924200,24133.15,24189.42,24132.58,24183.83,
1783924800,24184.13,24218.99,24176.28,24208.82,
1783925400,24208.74,24208.74,24159.86,24171,
1783926000,24172.05,24225.64,24169.33,24215.37,
1783926600,24216.62,24228.46,24205.82,24205.82,
1783927200,24206.33,24220.74,24202.76,24207.69,
1783927800,24209.27,24209.27,24171.37,24184.72,
1783928400,24180.31,24197.7,24176.74,24193.28,
1783929000,24195.32,24208.86,24177.07,24198.5,
1783929600,24198.11,24213.72,24198.11,24213.72,
1783992000,24181.52,24181.52,24181.52,24181.52,
1783992600,24122.94,24130.54,23946.69,23978.55,
1783993200,23979.08,24027.57,23914.49,23930.1,
1783993800,23931.27,23992.53,23902.05,23968.77,
1783994400,23970.29,24185.65,23967.52,24185.65,
1783995000,24186.93,24244.25,24165.63,24175.16,
1783995600,24175.19,24247.5,24170.37,24202.85,
1783996200,24204.74,24229.77,24168.94,24187.35,
1783996800,24187.68,24214.34,24103.7,24103.79,
1783997400,24104.53,24106.82,24067.77,24073.45,
1783998000,24081.51,24099.28,24007.99,24029.27,
1783998600,24027.53,24052.9,23997.32,24045.13,
1783999200,24046.6,24053.46,24001.14,24051.27,
1783999800,24048.26,24048.26,23993.76,24012.15,
1784000400,24011.49,24052.06,24011.49,24041.66,
1784001000,24041.18,24102.24,24036.72,24098.78,
1784001600,24099.89,24099.89,24099.89,24099.89,
1784005200,24163.72,24284.06,24163.72,24270.85,
1784005800,24270.63,24305.29,24228.1,24244.04,
1784006400,24243.96,24284.34,24243.5,24266.37,
1784007000,24268,24325.39,24268,24284.2,
1784007600,24281.5,24315.6,24268.22,24305.55,
1784008200,24301.78,24389.45,24291.67,24363.79,
1784008800,24365.59,24404.99,24365.59,24384.8,
1784009400,24385.8,24404.31,24349.82,24388.01,
1784010000,24390.26,24425.07,24379.73,24423.44,
1784010600,24422.75,24436.58,24398.63,24399.37,
1784011200,24400.32,24411.5,24380.92,24383.51,
1784011800,24383.3,24387.91,24360.73,24381.7,
1784012400,24380.35,24417.78,24350.14,24404.17,
1784013000,24405.68,24408.28,24359.69,24369.27,
1784013600,24371.29,24371.29,24347.87,24358.3,
1784014200,24358.53,24371.28,24342.4,24352.5,
1784014800,24351.86,24366.57,24336.32,24341.43,
1784015400,24340.67,24360.76,24334.51,24359.13,
1784016000,24359.59,24359.59,24340.73,24340.73,
1784078400,24551.34,24551.34,24551.34,24551.34,
1784079000,24531.36,24551.02,24449.53,24514.02,
1784079600,24513.74,24556.39,24468.58,24475.55,
1784080200,24474.56,24695.39,24465.06,24695.39,
1784080800,24695.63,24698.32,24592.52,24593.31,
1784081400,24596.07,24605.65,24496.38,24513.74,
1784082000,24515.74,24536.61,24486.75,24527.19,
1784082600,24526.19,24662,24526.19,24617.3,
1784083200,24617.99,24706.05,24616.95,24706.05,
1784083800,24707.28,24707.28,24640.18,24645.24,
1784084400,24647.56,24718.28,24636.41,24716.76,
1784085000,24717.39,24774.84,24709.11,24737.46,
1784085600,24740.18,24742.94,24690.09,24693.98,
1784086200,24698.56,24719.01,24683.53,24716.75,
1784086800,24715.41,24733.73,24693.09,24711.14,
1784087400,24712.08,24725.66,24693.37,24695.2,
1784088000,24695.62,24695.62,24695.62,24695.62,
1784091600,24707.52,24721.08,24667.49,24697.65,
1784092200,24699.71,24705.38,24656.33,24687.35,
1784092800,24686.9,24709.06,24628.01,24667,
1784093400,24666.97,24727.09,24666.97,24720.05,
1784094000,24721.38,24754.25,24705.57,24731.67,
1784094600,24734.19,24759.03,24729.89,24754.4,
1784095200,24752.62,24755.4,24694.45,24699.4,
1784095800,24697.64,24702.79,24679.36,24691.17,
1784096400,24693.31,24723.48,24673,24723.48,
1784097000,24728.21,24731.89,24665.19,24697.98,
1784097600,24697.59,24716.25,24680.23,24697.51,
1784098200,24697.93,24725.33,24695.4,24706.25,
1784098800,24708.88,24719.92,24653.07,24654.42,
1784099400,24652.74,24700.2,24652.74,24680.28,
1784100000,24680.82,24685.92,24651.68,24657.61,
1784100600,24659.2,24659.2,24641.34,24650.69,
1784101200,24651.91,24675.89,24645.89,24673.43,
1784101800,24672.95,24684.23,24655.83,24680.45,
1784102400,24678.65,24681.1,24678.65,24681.1,
1784164800,24825.02,24825.02,24825.02,24825.02,
1784165400,24840.38,25122.72,24840.38,25089.43,
1784166000,25088.76,25107.47,25011.14,25100.82,
1784166600,25107.19,25128.32,24971.38,24985.8,
1784167200,24987.84,25001.7,24936.58,24960.32,
1784167800,24955.48,25008.93,24924.93,24960.08,
1784168400,24961.47,25074.8,24959.67,25068.61,
1784169000,25070.98,25120.84,25070.98,25113.6,
1784169600,25112.98,25151.63,25099.53,25111.61,
1784170200,25112.41,25122.26,25069.96,25108.97,
1784170800,25108.72,25144.34,25084.4,25144.34,
1784171400,25140.91,25175.36,25134.36,25166.55,
1784172000,25168.95,25188.7,25128.84,25150.07,
1784172600,25150.85,25174.58,25138.98,25147.15,
1784173200,25146.24,25155.17,25094.42,25107.5,
1784173800,25107.21,25171.53,25107.21,25154.05,
1784174400,25157.56,25157.56,25157.56,25157.56,
1784178000,25149.93,25160.01,25106.66,25126.26,
1784178600,25125.63,25198.48,25124.19,25195.14,
1784179200,25195.86,25213.82,25188.03,25205.89,
1784179800,25210.31,25221.44,25185.09,25209.93,
1784180400,25208.65,25219.61,25145.14,25145.14,
1784181000,25142.79,25145.27,25084.37,25086.24,
1784181600,25085.52,25112.43,25043.29,25062.26,
1784182200,25063.1,25063.27,25016.04,25016.85,
1784182800,25017.02,25025.55,24999.21,24999.97,
1784183400,24998.38,24998.38,24919.48,24958.63,
1784184000,24960.46,25011.28,24960.46,24994.38,
1784184600,24994.33,25024.47,24985.28,25020.38,
1784185200,25019.77,25057.81,25013.35,25038.67,
1784185800,25040.61,25042.67,25008.49,25022.16,
1784186400,25021.13,25054.39,25021.13,25039.21,
1784187000,25038.38,25038.93,25003.71,25025.92,
1784187600,25024.23,25029.85,24998.06,25013.79,
1784188200,25013.29,25017.28,24991.72,25012.56,
1784188800,25011.25,25011.25,25008.6,25008.6,
1784251200,25022.54,25022.54,25022.54,25022.54,
1784251800,25011.21,25166.56,24939.66,24943.52,
1784252400,24942.93,25003.2,24792.11,24796.64,
1784253000,24796.31,24828.62,24755.19,24795.07,
1784253600,24793.37,24795.44,24734.12,24749.82,
1784254200,24749.99,24757.24,24708.08,24708.08,
1784254800,24705.6,24725.39,24652.49,24652.49,
1784255400,24651.32,24670.67,24624.38,24627.29,
1784256000,24624.62,24636.28,24605.88,24612.3,
1784256600,24614.92,24616.47,24564.22,24583.8,
1784257200,24582.42,24680.41,24579.72,24650.05,
1784257800,24647.18,24663.2,24579.66,24579.7,
1784258400,24576.1,24586.39,24514.35,24519.01,
1784259000,24519.02,24541.18,24511.72,24520.98,
1784259600,24521.11,24545.81,24520.45,24531.32,
1784260200,24530.89,24533.67,24504.42,24515.12,
1784260800,24514.29,24514.29,24514.29,24514.29,
1784264400,24494.5,24494.5,24433.79,24450.62,
1784265000,24454.57,24460.54,24413.62,24416.69,
1784265600,24414.45,24425.82,24371.51,24378.59,
1784266200,24378.46,24403.33,24368,24375.47,
1784266800,24377.47,24388.58,24332.51,24380.5,
1784267400,24379.05,24436.38,24362.17,24427.93,
1784268000,24429.18,24468.19,24414.85,24467.35,
1784268600,24467.63,24537.66,24464.57,24527.85,
1784269200,24527.9,24565.76,24522.29,24543.37,
1784269800,24542.01,24586.9,24533.17,24547.73,
1784270400,24546.3,24550.33,24511.56,24523.46,
1784271000,24524.45,24528.16,24492.15,24523.23,
1784271600,24519.47,24519.47,24474.71,24479.51,
1784272200,24479.33,24508.48,24476.79,24500.48,
1784272800,24502.21,24505.49,24457.91,24474.61,
1784273400,24475.93,24492.56,24472.86,24487.34,
1784274000,24489.85,24512.88,24472.47,24485.27,
1784274600,24484.28,24509.36,24473.1,24502.49,
1784275200,24505.38,24562.24,24505.38,24562.24,
1784510400,24835.03,24835.03,24835.03,24835.03,
1784511000,24844.69,24961.82,24756.36,24958.79,
1784511600,24958.13,25116.2,24949.74,25107.74,
1784512200,25107.61,25137.34,25038.92,25130.7,
1784512800,25133.39,25155.55,25090.29,25130.65,
1784513400,25133.53,25140.53,25072.58,25091.94,
1784514000,25090.35,25095.16,24976.86,24990.39,
1784514600,24986.33,25045.04,24978.18,24984.91,
1784515200,24984.56,25090.19,24978.2,25077.24,
1784515800,25077.48,25087.13,25008.6,25013.8,
1784516400,25015.29,25041.65,24977.95,25033.25,
1784517000,25034.27,25110.07,25033.43,25098.73,
1784517600,25090.77,25125.33,25082.1,25090.15,
1784518200,25085.02,25112.1,25077.54,25077.54,
1784518800,25081.74,25081.74,25043.49,25043.49,
1784519400,25043.2,25071.18,25041.65,25069.09,
1784520000,25070.87,25072.77,25070.87,25072.77,
1784523600,25096.16,25126.06,25071.82,25107.3,
1784524200,25107.17,25111.58,25051.67,25098.41,
1784524800,25097.28,25104.11,25066.36,25069.71,
1784525400,25068.79,25084.13,25009.35,25011.01,
1784526000,25005.54,25020.59,24949.39,24997.42,
1784526600,25000.75,25019.94,24948.94,24974.08,
1784527200,24970.9,25070.27,24970.9,25005.65,
1784527800,25000.81,25025.72,24974.15,25019.06,
1784528400,25020.44,25038.09,24978,25010.92,
1784529000,25006.84,25011.52,24975.54,24998.54,
1784529600,24999.44,25078.34,24999.44,25057.66,
1784530200,25058.68,25095.36,25058.68,25066.98,
1784530800,25069.42,25085.44,25058.72,25063.9,
1784531400,25059.82,25067.45,25026.41,25052.42,
1784532000,25054.69,25086.22,25048.99,25086.22,
1784532600,25084.53,25117.55,25081.44,25093.41,
1784533200,25093.24,25117.85,25079.81,25082.56,
1784533800,25080.18,25124.38,25078.29,25115.99,
1784534400,25114.1,25143.05,25114.1,25143.05,
1784596800,25150.54,25150.54,25150.54,25150.54,
1784597400,25138.44,25253.65,25055.49,25069.32,
1784598000,25066.62,25148.19,25062.52,25127.71,
1784598600,25131.81,25156.73,25049.87,25131.2,
1784599200,25132.2,25217.27,25117.34,25144.55,
1784599800,25143.86,25157.93,25081.5,25097.82,
1784600400,25098.82,25183.97,25083.3,25174.61,
1784601000,25172.95,25183.98,25056.06,25071.76,
1784601600,25073.38,25114.96,25070.12,25093.13,
1784602200,25096.26,25096.26,24991.39,24997.67,
1784602800,24998.13,25082.22,24997.81,25037.43,
1784603400,25037.19,25081.27,25036.84,25067.1,
1784604000,25066.3,25095.84,25053.18,25084.41,
1784604600,25087.48,25142.64,25082.18,25138.32,
1784605200,25139.26,25143.22,25104.66,25143.22,
1784605800,25143.6,25176.51,25133.77,25149.05,
1784606400,25150.75,25150.75,25150.75,25150.75,
1784610000,25157.71,25157.71,25102.73,25111.3,
1784610600,25110.82,25110.82,25073.75,25084.42,
1784611200,25085.99,25128.01,25079.57,25122.72,
1784611800,25123.03,25142.65,25112.13,25125.8,
1784612400,25128.75,25176.08,25126.55,25164.58,
1784613000,25165.2,25202.99,25160.23,25175.9,
1784613600,25177.36,25192.91,25167.77,25177.26,
1784614200,25176.9,25185.6,25141.8,25148.58,
1784614800,25147.13,25166.16,25135.11,25165.32,
1784615400,25163.34,25184.05,25145.73,25170.25,
1784616000,25170.38,25193.18,25148.99,25156.46,
1784616600,25158.84,25174.46,25148.09,25162.43,
1784617200,25159.92,25213.69,25159.92,25181.55,
1784617800,25184.09,25189.54,25162.08,25169.27,
1784618400,25169.72,25175.08,25153.83,25160.29,
1784619000,25163.03,25163.03,25135.96,25148.48,
1784619600,25148.24,25150.97,25113.04,25125.4,
1784620200,25123,25132.49,25111.33,25129.52,
1784620800,25128.14,25132.29,25128.14,25132.29,
1784683200,24978.9,24978.9,24978.9,24978.9,
1784683800,24968.78,24977.52,24836.8,24920.72,
1784684400,24917.44,24997.21,24911.94,24979.83,
1784685000,24979.75,25010.4,24966.37,24988.74,
1784685600,24988.66,25038.85,24963.35,25036.24,
1784686200,25035.17,25040.27,24898.61,24904.69,
1784686800,24906.9,24983.68,24893.65,24957.76,
1784687400,24960.24,24960.86,24882.73,24913.39,
1784688000,24911.96,24979.48,24911.96,24962.77,
1784688600,24963.11,24975.86,24917.54,24968.38,
1784689200,24970.89,24970.89,24898.78,24901.71,
1784689800,24902.27,24937.38,24894.72,24924.89,
1784690400,24927.49,24988.44,24925.4,24944.29,
1784691000,24945.49,24951.33,24911.85,24938.29,
1784691600,24938.86,24941.99,24912.13,24933.87,
1784692200,24930.79,24932.17,24911.5,24923.65,
1784692800,24923.77,24923.77,24923.77,24923.77,
1784696400,24915.47,24924.99,24881.46,24883.58,
1784697000,24882.03,24906.95,24873.97,24884.32,
1784697600,24882.68,24885.43,24852.01,24852.01,
1784698200,24851.91,24856.47,24832.46,24848.73,
1784698800,24851.35,24871.41,24827.35,24866.65,
1784699400,24868.91,24868.95,24835.77,24850.92,
1784700000,24852.43,24867.14,24837.31,24857.35,
1784700600,24859.18,24864.79,24827.34,24827.34,
1784701200,24828.57,24845.78,24814.13,24817.21,
1784701800,24816.18,24836.02,24806.57,24816.54,
1784702400,24817.33,24850.71,24806.16,24807.61,
1784703000,24806.83,24874.78,24802.06,24862.11,
1784703600,24863.96,24865.67,24838.29,24840.86,
1784704200,24841.15,24880.82,24836.34,24876.24,
1784704800,24875.56,24897.77,24875.16,24896.56,
1784705400,24898.62,24908.32,24861.58,24867.23,
1784706000,24865.47,24873.83,24847.73,24850.03,
1784706600,24846.54,24855.79,24840.7,24855.67,
1784707200,24857.12,24892.66,24857.12,24892.66,
1784769600,24966.53,24966.53,24966.53,24966.53,
1784770200,24995.04,25021.31,24876.83,25018.13,
1784770800,25016,25092.76,25009.21,25092.76,
1784771400,25094.55,25129.18,25094.55,25111.98,
1784772000,25111.89,25130.21,25032.63,25035.63,
1784772600,25035.11,25124.33,25014.06,25097.26,
1784773200,25100.06,25139.03,25074.32,25108.04,
1784773800,25113.65,25196.9,25112.92,25173.71,
1784774400,25175.39,25189.39,25155.19,25174.06,
1784775000,25172.39,25227.57,25171.74,25199.46,
1784775600,25197.14,25200.06,25153.38,25167.9,
1784776200,25167.79,25202.86,25161.87,25190.65,
1784776800,25193.25,25217.89,25189.71,25205.99,
1784777400,25205.41,25228.81,25205.11,25214.85,
1784778000,25214.86,25255.07,25208.33,25247.58,
1784778600,25247.36,25248.74,25220.17,25231.79,
1784779200,25227.06,25227.06,25227.06,25227.06,
1784782800,25216.59,25263.24,25205.21,25260.08,
1784783400,25259.18,25267.39,25224.56,25226.46,
1784784000,25226.81,25233.3,25198.5,25204.49,
1784784600,25205.55,25212.24,25193.68,25202.32,
1784785200,25202.33,25220.38,25184.52,25189.23,
1784785800,25187.49,25199.56,25180.67,25187.24,
1784786400,25188,25205.43,25177.61,25185.68,
1784787000,25185.32,25211.52,25183.13,25204.54,
1784787600,25205.6,25218.97,25194.7,25215.44,
1784788200,25218.08,25225.47,25195.89,25199.57,
1784788800,25199.83,25226.65,25195.52,25209.9,
1784789400,25208.05,25211.08,25199.68,25204.62,
1784790000,25202.43,25202.43,25164.4,25167.43,
1784790600,25166.99,25169.34,25119.16,25166.26,
1784791200,25165.23,25175.52,25142,25147.07,
1784791800,25146.46,25160.52,25132.35,25149.76,
1784792400,25152.24,25157.69,25126.06,25136.97,
1784793000,25137.28,25180.14,25126.91,25177.01,
1784793600,25173.04,25210.81,25173.04,25210.81,
1784856000,24932.5,24932.5,24932.5,24932.5,
1784856600,24920.44,25031.34,24888.55,24899.88,
1784857200,24897.73,24958.01,24871.19,24942.96,
1784857800,24942.1,24959.04,24872.33,24890.94,
1784858400,24889.4,24914.67,24858.72,24912.42,
1784859000,24911.95,24953.61,24908.61,24945.18,
1784859600,24943.61,24950.08,24907.61,24945.93,
1784860200,24946.06,24955.61,24908.62,24916.17,
1784860800,24916.16,24918.44,24861.82,24861.82,
1784861400,24861.65,24893.74,24849.42,24850.83,
1784862000,24852.45,24865.76,24841.46,24843.77,
1784862600,24844.06,24893.12,24843.5,24885.86,
1784863200,24883.09,24888.2,24869.48,24877.61,
1784863800,24876.04,24899.77,24871.09,24891.37,
1784864400,24890.59,24906.23,24884.45,24897.86,
1784865000,24899.8,24907.52,24884.48,24891.1,
1784865600,24891.84,24891.84,24891.84,24891.84,
1784869200,24896.65,24929.91,24896.65,24925.93,
1784869800,24924.82,24925.73,24896.03,24921.3,
1784870400,24921.67,24926.91,24904.35,24915.76,
1784871000,24911.3,24923.79,24894.22,24897.43,
1784871600,24898.24,24902.01,24866.89,24868.15,
1784872200,24869.55,24869.99,24833.07,24841.61,
1784872800,24839.95,24848.44,24812.5,24815.72,
1784873400,24817.79,24880.28,24816.36,24879.75,
1784874000,24881.42,24899.04,24878.1,24884.79,
1784874600,24884.61,24892.3,24844.88,24857.58,
1784875200,24858.72,24858.72,24812.69,24819.05,
1784875800,24818.77,24847.39,24818.77,24842.94,
1784876400,24839.4,24872.9,24833.37,24870.18,
1784877000,24872.13,24922.51,24871.53,24920.44,
1784877600,24919.89,24942.8,24911.63,24941.22,
1784878200,24943,24953.47,24932.67,24938.48,
1784878800,24937.58,24946.05,24912.88,24918.08,
1784879400,24917.55,24947.34,24916.23,24940.79,
1784880000,24941.49,24963.23,24941.49,24963.23,
1785115200,24993.77,24993.77,24993.77,24993.77,
1785115800,24972.49,25057.38,24938.34,25057.38,
1785116400,25056.38,25097.38,25006.97,25028.98,
1785117000,25029.05,25068.75,25008.94,25061.79,
1785117600,25060.2,25089.82,25052.33,25079.32,
1785118200,25076.44,25142.16,25052.47,25139.02,
1785118800,25139.54,25206.26,25118.06,25124.79,
1785119400,25121.83,25163.13,25112.38,25152.36,
1785120000,25151.48,25166.46,25118.74,25119.25,
1785120600,25119.67,25164.36,25106.65,25161.44,
1785121200,25160.2,25174.85,25146.41,25146.46,
1785121800,25146.71,25168.51,25133.79,25168.51,
1785122400,25166.46,25190.34,25154.4,25164.89,
1785123000,25165.07,25191.97,25145.12,25151.26,
1785123600,25153.77,25174.92,25138.47,25145.41,
1785124200,25146.06,25168.18,25139.2,25165.09,
1785124800,25166.58,25166.58,25166.58,25166.58,
1785128400,25169.1,25172.7,25145.21,25165.72,
1785129000,25166.38,25185.63,25152.82,25180.32,
1785129600,25178.85,25181.59,25141.48,25144.45,
1785130200,25146.2,25150.28,25126.76,25143.58,
1785130800,25144.8,25164.71,25143.44,25164.02,
1785131400,25163.29,25201.09,25159.66,25186.87,
1785132000,25188.38,25220.35,25181.3,25212.15,
1785132600,25211.18,25237.23,25209.29,25223.27,
1785133200,25222.46,25223.34,25205.27,25221.53,
1785133800,25220.03,25235.12,25216.39,25224.38,
1785134400,25227.26,25238.79,25216.01,25231.54,
1785135000,25233.21,25242.61,25220.39,25237.66,
1785135600,25236.72,25276.96,25234.77,25235.15,
1785136200,25234.96,25251.6,25226.05,25250.4,
1785136800,25248.78,25259.15,25239.26,25240.91,
1785137400,25240.69,25241.01,25201.11,25210.91,
1785138000,25210.31,25225.44,25204.8,25216.97,
1785138600,25218.21,25231.31,25203.34,25217.78,
1785139200,25217.49,25217.49,25207.18,25207.18,
1785201600,25271.95,25271.95,25271.95,25271.95,
1785202200,25273.44,25350.03,25231.51,25298.86,
1785202800,25296.41,25328.92,25273.05,25298.8,
1785203400,25295.6,25373.05,25281.63,25373.05,
1785204000,25375.68,25419.19,25352.2,25419.19,
1785204600,25417.46,25440.68,25381.79,25383.97,
1785205200,25383.82,25384.55,25264.5,25277.71,
1785205800,25275.77,25298.38,25246.39,25252.12,
1785206400,25250.31,25265.02,25155.49,25170.67,
1785207000,25175.26,25179.69,25109.81,25109.81,
1785207600,25108.48,25113.73,25069.85,25106.97,
1785208200,25108.52,25232.43,25091.18,25229.22,
1785208800,25229.28,25284.85,25199.38,25215.91,
1785209400,25215.01,25232.98,25210.84,25220.46,
1785210000,25220.02,25220.02,25190.82,25193.72,
1785210600,25192.99,25200.64,25164.53,25179.32,
1785211200,25178.21,25178.21,25178.21,25178.21,
1785214800,25162.37,25199.92,25144.44,25189.63,
1785215400,25191.32,25224.63,25188.37,25196.14,
1785216000,25197.77,25200.35,25151.21,25157.91,
1785216600,25158.06,25161.28,25117.34,25150.07,
1785217200,25151.82,25169.84,25146.35,25157.91,
1785217800,25156.28,25169.94,25137.36,25164.02,
1785218400,25166.08,25186.36,25159.49,25183.8,
1785219000,25183.17,25199.86,25178.1,25198.43,
1785219600,25197.94,25203.49,25175.76,25203.19,
1785220200,25205.25,25207.04,25150.71,25161.2,
1785220800,25160.35,25222.71,25160.33,25220.7,
1785221400,25223.14,25244.44,25215.51,25236.68,
1785222000,25238.21,25243.23,25221.53,25241.21,
1785222600,25242.23,25294.05,25240.88,25283.52,
1785223200,25283.05,25319.13,25276.86,25308.94,
1785223800,25308.01,25317.88,25296.66,25312.94,
1785224400,25316.05,25326.51,25294.51,25294.51,
1785225000,25297.34,25307.13,25286.52,25298.87,
1785225600,25298.34,25310.85,25298.34,25310.85,
1785288000,25487.16,25487.16,25487.16,25487.16,
1785288600,25515.35,25657.5,25498.83,25642.02,
1785289200,25645.67,25689.4,25637.9,25688,
1785289800,25690.76,25712.85,25653.52,25656.1,
1785290400,25659.02,25683.48,25613.14,25632.33,
1785291000,25629.64,25706.31,25629.64,25703.04,
1785291600,25704.68,25737.66,25653.3,25665.49,
1785292200,25666.15,25732.65,25666.15,25702.71,
1785292800,25706.77,25718.4,25656.1,25675.05,
1785293400,25674.82,25704.47,25660.8,25693.86,
1785294000,25695.02,25718.27,25675.81,25718.25,
1785294600,25719.62,25744.99,25713.29,25737.48,
1785295200,25738.34,25738.34,25681.05,25682.17,
1785295800,25680.74,25681.05,25620.08,25630.72,
1785296400,25631.53,25676.82,25614.62,25666.42,
1785297000,25666.88,25675.96,25647.01,25658.34,
1785297600,25657.66,25657.66,25657.66,25657.66,
1785301200,25652.29,25699.51,25641.93,25643.31,
1785301800,25643.35,25683.6,25601.12,25637.32,
1785302400,25637.77,25668.18,25624.4,25627.25,
1785303000,25628.51,25649.32,25617.62,25647.15,
1785303600,25647.09,25648.99,25608.05,25627.72,
1785304200,25627.77,25650.57,25610.79,25617.04,
1785304800,25618.97,25690.28,25618.97,25686.57,
1785305400,25686.59,25725.22,25681.31,25708.07,
1785306000,25709.32,25720.89,25691.71,25717.06,
1785306600,25718.39,25743.78,25717.62,25737.95,
1785307200,25737.18,25745.08,25714.98,25737.12,
1785307800,25738.97,25766.82,25737.36,25748.97,
1785308400,25748.68,25770.28,25747.17,25752.83,
1785309000,25755.43,25769.03,25736.82,25737.07,
1785309600,25739.78,25764.52,25735.53,25758.26,
1785310200,25756.09,25768.53,25738.14,25757.85,
1785310800,25754.09,25792.16,25754.09,25790.91,
1785311400,25789.71,25808.93,25776.78,25796.18,
1785312000,25796.52,25807.92,25796.52,25807.92,
1785374400,25875.83,25875.83,25875.83,25875.83,
1785375000,25893.4,25971.63,25748.62,25768.03,
1785375600,25787.36,25804.8,25714.37,25722.91,
1785376200,25738.41,25758.31,25695.02,25741.85,
1785376800,25759.17,25903.61,25747.63,25821,
1785377400,25838.39,25845.27,25750.19,25778.33,
1785378000,25797.5,25851.95,25778.62,25838.39,
1785378600,25853.39,25853.39,25767.21,25789.99,
1785379200,25804.38,25841.64,25787.66,25802.57,
1785379800,25811.65,25841.95,25767.75,25797.59,
1785380400,25814.74,25850.99,25771.07,25826.27,
1785381000,25837.01,25840.36,25732.85,25733.69,
1785381600,25754.33,25754.33,25697.28,25732.8,
1785382200,25749.93,25827.04,25723.7,25766.2,
1785382800,25779.19,25787.13,25756.93,25778.88,
1785383400,25794.82,25798.38,25770.54,25779.05,
1785384000,25796.2,25798.93,25796.2,25798.93,
1785387600,25757.29,25757.29,25657.33,25702.58,
1785388200,25719.58,25757.71,25694.18,25718.9,
1785388800,25734.4,25745.54,25693.05,25739.19,
1785389400,25752.32,25795.04,25737.16,25751.83,
1785390000,25769.71,25802.9,25751.83,25795.19,
1785390600,25807.74,25828.86,25780.2,25828.84,
1785391200,25840.49,25882.01,25816.54,25867.47,
1785391800,25877.4,25877.4,25793.21,25864.49,
1785392400,25878.88,25892.93,25865.07,25886.59,
1785393000,25898.63,25898.71,25854.01,25862.78,
1785393600,25874.52,25878.2,25844.58,25861.1,
1785394200,25870.33,25870.33,25824.24,25845.54,
1785394800,25854.93,25884.99,25832.36,25859.62,
1785395400,25877.64,25877.64,25833.13,25833.65,
1785396000,25847.98,25847.98,25801.92,25809.85,
1785396600,25826.28,25826.28,25794.43,25822.04,
1785397200,25834.96,25868.73,25825.06,25836.4,
1785397800,25852.76,25868.49,25832.3,25861.38,
1785398400,25858.27,25858.88,25858.27,25858.88,
1785460800,25837.72,25837.72,25837.72,25837.72,
1785461400,25834.81,25834.81,25646.75,25682.16,
1785462000,25684.41,25732.54,25622.92,25703.45,
1785462600,25702.6,25743.91,25661.34,25693.03,
1785463200,25698.5,25823.64,25690.36,25777.07,
1785463800,25778.76,25779.98,25700.26,25758.89,
1785464400,25757.98,25804.83,25748.29,25756.63,
1785465000,25762.08,25857.28,25762.08,25821.25,
1785465600,25821.52,25861.36,25821.52,25860.96,
1785466200,25861.21,25910.61,25835.39,25910.22,
1785466800,25913.55,25917.2,25831.46,25835.69,
1785467400,25832.29,25834.05,25770.82,25809.82,
1785468000,25809.66,25814.22,25738.79,25785.86,
1785468600,25787.38,25806.17,25761.7,25779.83,
1785469200,25780.47,25842.38,25772.42,25826.48,
1785469800,25827.12,25838.7,25820.37,25830.94,
1785470400,25830.69,25830.69,25830.58,25830.58,
1785474000,25843.14,25871.87,25792.59,25807.02,
1785474600,25808.57,25821.09,25765.38,25798.05,
1785475200,25797.85,25813.05,25793.27,25805.06,
1785475800,25804.94,25814.35,25777.92,25808.27,
1785476400,25804.37,25816.67,25783.11,25795.51,
1785477000,25794.94,25821.86,25778.18,25818.75,
1785477600,25819.67,25819.67,25778.75,25789.71,
1785478200,25787.81,25806.19,25779.33,25789.65,
1785478800,25788.36,25805,25780.23,25797.12,
1785479400,25796.58,25824.97,25782.61,25817.35,
1785480000,25814.63,25837.19,25790.85,25835.45,
1785480600,25837.61,25850.35,25828.53,25831.17,
1785481200,25828.68,25869.77,25813.55,25856.86,
1785481800,25854.8,25872.93,25850.57,25860.16,
1785482400,25860.23,25862.88,25830.89,25857.23,
1785483000,25856.44,25859.24,25834.25,25856.06,
1785483600,25857.23,25861.65,25843.56,25861.33,
1785484200,25858.68,25890.97,25840.54,25888.83,
1785484800,25889.73,25889.73,25884.43,25884.43,
1785720000,25987.31,25987.31,25987.31,25987.31,
1785720600,25942.62,26064.07,25926.55,26005.57,
1785721200,26004.44,26133.88,25993.49,26046.18,
1785721800,26045.62,26047.56,25955.16,25984.79,
1785722400,25982.78,25999.35,25909.8,25911.37,
1785723000,25903.64,25915.11,25811.74,25855.62,
1785723600,25856.2,25900.01,25819.82,25836.84,
1785724200,25839.21,25893.54,25833.44,25855.04,
1785724800,25855.34,25895.87,25845.15,25888.24,
1785725400,25887.35,25979.61,25886.63,25948.78,
1785726000,25947.33,25960.98,25892.25,25917.39,
1785726600,25915.93,25935.01,25908.42,25923.57,
1785727200,25925.83,25943.81,25918.15,25931.47,
1785727800,25932.23,25933.91,25892.74,25908.65,
1785728400,25909.12,25913.28,25888.89,25913.28,
1785729000,25913.96,25924.42,25894.51,25895.45,
1785729600,25895.44,25895.44,25895.44,25895.44,
1785733200,25904.04,25957.91,25886.78,25888.94,
1785733800,25889.75,25932.75,25856.44,25856.44,
1785734400,25857.21,25910.96,25855.64,25906.09,
1785735000,25906.58,25921.14,25857,25860.07,
1785735600,25860.85,25903.25,25852.73,25894.98,
1785736200,25896.04,25907.14,25883.86,25906.34,
1785736800,25903.21,25907.37,25889.28,25902.69,
1785737400,25905.06,25926.87,25905.06,25924.21,
1785738000,25924.63,25970.03,25924.63,25946.82,
1785738600,25944.4,25955.34,25935.77,25936.48,
1785739200,25935.93,25954.16,25920.34,25952.84,
1785739800,25952.58,25958.12,25937.81,25958.12,
1785740400,25956.33,25991.66,25947.85,25985.29,
1785741000,25984.99,25987.55,25934.23,25948.21,
1785741600,25947.08,25994.61,25945.45,25991.75,
1785742200,25990.61,25992.04,25975.46,25982.09,
1785742800,25981.42,25984.56,25957.68,25975.3,
1785743400,25976.22,25993.8,25960.48,25989.17,
1785744000,25989.27,26009.4,25989.27,26009.4,
1785806400,26090.98,26090.98,26090.98,26090.98,
1785807000,26083.97,26187.57,25980.25,25984.7,
1785807600,25985,25991.08,25839.58,25860.7,
1785808200,25859.04,25888.11,25802.7,25817.47,
1785808800,25819.16,25892.31,25802.01,25853.63,
1785809400,25853.81,25901.82,25849.21,25863.26,
1785810000,25866.53,25895.26,25851.76,25866.77,
1785810600,25869.73,25879.24,25849.72,25857.69,
1785811200,25858.14,25887.8,25840.1,25863.46,
1785811800,25866.06,25882.17,25852.99,25853.89,
1785812400,25853.49,25896.78,25850.09,25892.39,
1785813000,25892.61,25942.27,25892.61,25906.44,
1785813600,25906.3,25938.24,25904.34,25923.68,
1785814200,25921.21,25942.48,25902.73,25912.25,
1785814800,25911.12,25911.44,25887.76,25900.79,
1785815400,25900.76,25903.58,25875.53,25881.05,
1785816000,25882.43,25882.43,25882.43,25882.43,
1785819600,25874.69,25874.69,25802.34,25834.48,
1785820200,25833.23,25851.06,25812.17,25823.98,
1785820800,25822.44,25831.46,25809.26,25831.46,
1785821400,25829.66,25829.66,25774.35,25774.61,
1785822000,25772.08,25808.05,25768.04,25780.79,
1785822600,25783.08,25840.13,25775.78,25816.62,
1785823200,25818.37,25827.58,25801.14,25811.36,
1785823800,25812.89,25816.15,25783.55,25807.83,
1785824400,25805.57,25839.57,25805.57,25823.97,
1785825000,25822.25,25822.25,25799.65,25815.3,
1785825600,25814.65,25819.81,25792.85,25815.11,
1785826200,25813.25,25833.06,25813.18,25832.49,
1785826800,25831.05,25880.34,25820.71,25874.73,
1785827400,25875.78,25884.12,25865.83,25866.49,
1785828000,25869.18,25869.18,25839.05,25848.62,
1785828600,25848.45,25858.26,25823.4,25836.87,
1785829200,25834.82,25839.42,25792.98,25807.05,
1785829800,25804.28,25825.54,25795.87,25817.4,
1785830400,25817.99,25852.92,25817.99,25852.92,
1785892800,25890.99,25890.99,25890.99,25890.99,
1785893400,25862.86,25968.26,25766.23,25768.39,
1785894000,25770.64,25783.53,25729.86,25754,
1785894600,25756.62,25848.15,25751.91,25828.3,
1785895200,25828.51,25887.06,25802.19,25886.49,
1785895800,25890.92,25949.08,25890.92,25917.41,
1785896400,25918.85,25937.89,25880.41,25913.36,
1785897000,25914.76,25924.35,25868.32,25873.45,
1785897600,25872.6,25931.11,25866.24,25891.01,
1785898200,25893.16,25896.29,25848.05,25859.13,
1785898800,25862.83,25876.01,25826.72,25854.41,
1785899400,25854.55,25882.79,25837.06,25846.05,
1785900000,25844.34,25881.35,25844.19,25857.92,
1785900600,25857.58,25880.68,25850.65,25874.22,
1785901200,25875.94,25916.78,25872.66,25912.33,
1785901800,25911.39,25918.39,25876.64,25881.82,
1785902400,25881.2,25881.2,25881.2,25881.2,
1785906000,25859.12,25860.16,25801.54,25823.42,
1785906600,25819.84,25885.03,25809.71,25876.16,
1785907200,25877.33,25881.3,25842.28,25866.42,
1785907800,25864.85,25891.49,25849,25889.99,
1785908400,25892.11,25910.17,25876.72,25879.66,
1785909000,25879.45,25925.42,25879.25,25921.48,
1785909600,25921.12,25939.71,25900.75,25919.99,
1785910200,25920.3,25926.21,25910.3,25921.26,
1785910800,25923.19,25941.61,25915.8,25941.61,
1785911400,25940.73,25955.76,25923.68,25950.41,
1785912000,25948.92,25953.09,25936.55,25952.16,
1785912600,25951.84,25959.68,25941.57,25955.28,
1785913200,25956.89,25973.94,25924.08,25938.13,
1785913800,25938.68,25939.26,25905.59,25927.64,
1785914400,25928.7,25941.31,25918.68,25922.42,
1785915000,25923.11,25923.37,25894.83,25899.44,
1785915600,25896.77,25901.45,25877.49,25885.77,
1785916200,25886.33,25914.9,25880.65,25908.62,
1785916800,25907.17,25915.82,25907.17,25915.82,
1785979200,25667.14,25667.14,25667.14,25667.14,
1785979800,25609.22,25613.21,25529.08,25532.18,
1785980400,25533.56,25536.58,25474.88,25495.52,
1785981000,25496.6,25499.38,25415.05,25426.71,
1785981600,25426.67,25432.81,25389.42,25423.36,
1785982200,25424.08,25445.62,25407.67,25444.8,
1785982800,25446.31,25493.72,25446.31,25452.49,
1785983400,25456.14,25495.52,25432.75,25459.4,
1785984000,25460.23,25482.57,25454.17,25470.54,
1785984600,25469.84,25488.35,25452.96,25488.35,
1785985200,25489.06,25489.06,25452.79,25461.98,
1785985800,25463.37,25469.15,25413.86,25422.5,
1785986400,25423.02,25428.18,25403.24,25404.14,
1785987000,25403.47,25458.38,25403.46,25454.92,
1785987600,25454.3,25477.17,25454.3,25473.89,
1785988200,25473.48,25481.15,25461.89,25461.89,
1785988800,25463.51,25463.51,25463.51,25463.51,
1785992400,25452.56,25480.77,25441.46,25466.37,
1785993000,25465.95,25469.6,25428.95,25428.95,
1785993600,25429.9,25448.41,25420.45,25429.12,
1785994200,25431.8,25432.01,25419.56,25424.41,
1785994800,25423.24,25459.51,25418.34,25455.71,
1785995400,25454.67,25475.74,25450.91,25466.36,
1785996000,25465.66,25493.4,25464.69,25471.42,
1785996600,25473.19,25477.54,25451.57,25452.95,
1785997200,25452.1,25460.94,25434.76,25437.59,
1785997800,25438.01,25460.75,25435.99,25436.81,
1785998400,25435.99,25447.62,25419.04,25433.85,
1785999000,25434.31,25463.44,25429.18,25463.44,
1785999600,25465.58,25508.6,25465.58,25497.36,
1786000200,25498.06,25509.25,25489.94,25501.55,
1786000800,25501.85,25514.96,25491.6,25511.66,
1786001400,25514.42,25515.41,25473.51,25474.84,
1786002000,25475.26,25499.04,25469.56,25481.18,
1786002600,25483.02,25510.89,25476.48,25505.54,
1786003200,25507.84,25530.28,25507.84,25530.28,
1786065600,25526.65,25526.65,25526.65,25526.65,
1786066200,25544.82,25549.08,25424.25,25445.93,
1786066800,25447.07,25506.27,25439.29,25495.46,
1786067400,25495.04,25498.8,25400.03,25450.96,
1786068000,25452.41,25472.42,25418.88,25446.67,
1786068600,25446.92,25473.82,25405.17,25408.24,
1786069200,25410.56,25475.3,25393.13,25457.76,
1786069800,25456.37,25489.87,25453.42,25482.34,
1786070400,25482.35,25526.81,25456.83,25526.7,
1786071000,25527.61,25556.14,25515.66,25522.82,
1786071600,25522.04,25555.73,25521.59,25537.79,
1786072200,25536.96,25565.02,25508.95,25528.68,
1786072800,25529.16,25554.78,25527.02,25542.89,
1786073400,25544.82,25560.97,25528.26,25545.79,
1786074000,25546.82,25556.07,25535.33,25547.56,
1786074600,25546.33,25569.6,25545.17,25567.39,
1786075200,25567.85,25567.85,25567.85,25567.85,
1786078800,25564.95,25575.95,25531.72,25535.61,
1786079400,25534.71,25584.9,25519.39,25578.06,
1786080000,25578.63,25586.48,25561.71,25566.36,
1786080600,25565.39,25571.26,25540.02,25553.6,
1786081200,25554.53,25569.99,25551.56,25564.65,
1786081800,25564.43,25587.59,25564.43,25580.91,
1786082400,25584.66,25613.81,25584.19,25613.66,
1786083000,25613.3,25630.73,25611.41,25623.58,
1786083600,25620.95,25626.27,25600.12,25611.92,
1786084200,25612.44,25615.44,25597.39,25610.32,
1786084800,25612.1,25627.64,25608.08,25614.13,
1786085400,25612.97,25638.49,25608.8,25634.28,
1786086000,25635.34,25648.79,25629.18,25638.63,
1786086600,25638.45,25649.83,25631.24,25645.68,
1786087200,25646.25,25649.97,25636.45,25638.39,
1786087800,25640.5,25651.63,25633.08,25644.1,
1786088400,25643.89,25654.68,25621.03,25626.33,
1786089000,25624.39,25669.52,25622.95,25665.66,
1786089600,25666.31,25668.03,25666.31,25668.03,
1786324800,25805.18,25805.18,25805.18,25805.18,
1786325400,25779.22,25833.97,25720.46,25828.91,
1786326000,25827.54,25899.81,25812.86,25830.48,
1786326600,25826.89,25885.27,25800.29,25843.65,
1786327200,25843.26,25895.57,25843.26,25852.8,
1786327800,25854.49,25877.41,25817.42,25817.42,
1786328400,25819.4,25859.55,25809.53,25809.83,
1786329000,25809.49,25856.84,25809.49,25842.34,
1786329600,25844.48,25887.13,25834.93,25880.26,
1786330200,25880.98,25898.42,25829.18,25836.92,
1786330800,25837.06,25852.8,25821.04,25823.96,
1786331400,25822.06,25842.36,25819.86,25827.97,
1786332000,25828.61,25828.61,25780.32,25799.71,
1786332600,25800.43,25822.14,25778.82,25821.41,
1786333200,25821.26,25829.45,25812.76,25827.93,
1786333800,25828.11,25854.2,25828.11,25853.32,
1786334400,25853.69,25853.69,25853.69,25853.69,
1786338000,25848.56,25848.56,25806.45,25816.44,
1786338600,25815.55,25821.56,25802.71,25808.71,
1786339200,25806.72,25832.38,25793.18,25793.18,
1786339800,25794,25836.88,25793.22,25836.88,
1786340400,25837.28,25869.35,25835.2,25866.48,
1786341000,25866.37,25881.4,25854.95,25881.4,
1786341600,25880.73,25889.24,25865.02,25881.68,
1786342200,25882.24,25888.22,25857.06,25861.59,
1786342800,25863.21,25877.63,25848.65,25874.95,
1786343400,25876.86,25882,25848.93,25861.02,
1786344000,25860.53,25872.79,25853.54,25866.74,
1786344600,25869.32,25882.37,25863.81,25878.86,
1786345200,25882.99,25906.49,25882.99,25903.96,
1786345800,25902.75,25919.23,25895.21,25916.79,
1786346400,25916.83,25956.01,25916.83,25930.56,
1786347000,25931.64,25949.2,25923.48,25936.42,
1786347600,25937.2,25953.6,25927.61,25929.89,
1786348200,25929.79,25957.75,25925.93,25952.95,
1786348800,25954.42,25954.42,25937.49,25937.49,
1786411200,25998.59,25998.59,25998.59,25998.59,
1786411800,25999.96,26047.55,25922.02,26047.29,
1786412400,26044.39,26060.32,26001.79,26047.76,
1786413000,26050.06,26050.06,25962.45,25962.45,
1786413600,25963.37,25963.73,25898.05,25907.44,
1786414200,25907.89,25932.02,25902.67,25923.85,
1786414800,25923.15,25933.94,25858.96,25862.5,
1786415400,25861.05,25880.09,25832.27,25835.23,
1786416000,25835.2,25839.5,25813.07,25815.03,
1786416600,25815.06,25819.3,25798.43,25810.33,
1786417200,25813.83,25817.06,25792.37,25804.85,
1786417800,25807.37,25813.96,25789.46,25801.07,
1786418400,25801.05,25816.38,25796.12,25810.59,
1786419000,25809.43,25811.15,25779.71,25787.58,
1786419600,25787.34,25788.57,25760,25777.76,
1786420200,25777.31,25785.69,25767.37,25772.63,
1786420800,25773.56,25773.56,25773.56,25773.56,
1786424400,25779.86,25796.55,25768.95,25781.09,
1786425000,25778.87,25783.25,25756.22,25765.65,
1786425600,25764.83,25768.31,25746.38,25746.67,
1786426200,25748.39,25756.45,25729.37,25756.45,
1786426800,25758.07,25760.05,25736.17,25741.53,
1786427400,25741.22,25741.22,25721.66,25721.83,
1786428000,25721.26,25731.83,25715.9,25720.43,
1786428600,25720.57,25736.99,25706.04,25707.14,
1786429200,25707.59,25708.17,25683.64,25684.47,
1786429800,25684.39,25685.47,25647.66,25659.65,
1786430400,25658.55,25680.77,25654.31,25673.96,
1786431000,25674.4,25687.75,25669.22,25677.22,
1786431600,25676.15,25701.25,25658.95,25662.14,
1786432200,25662.22,25679.98,25662.22,25675.03,
1786432800,25675.82,25690.41,25671.5,25677.64,
1786433400,25676.42,25695.16,25670.35,25681.29,
1786434000,25683.01,25683.01,25664.92,25665.99,
1786434600,25665.93,25679.16,25661.28,25679.16,
1786435200,25675.82,25675.82,25652.82,25652.82,
1786497600,25498.39,25498.39,25498.39,25498.39,
1786498200,25461.71,25464.71,25387.41,25443.4,
1786498800,25442.93,25448.2,25331.24,25401.98,
1786499400,25405.24,25418.18,25375.62,25397.09,
1786500000,25397.42,25415.35,25366.95,25366.95,
1786500600,25365.28,25377.49,25347.92,25365.62,
1786501200,25366.55,25386.75,25351.44,25368.28,
1786501800,25368.01,25395.9,25351,25366.43,
1786502400,25368.74,25397.49,25366.58,25394.34,
1786503000,25395.29,25397.72,25354.23,25354.9,
1786503600,25354.3,25356.8,25323.33,25341.98,
1786504200,25338.33,25359.78,25337.66,25349.89,
1786504800,25350.65,25361.41,25344.97,25361.41,
1786505400,25360.08,25369.78,25351.57,25356.29,
1786506000,25357,25360.7,25340.74,25340.74,
1786506600,25341.56,25352.84,25335.76,25352.84,
1786507200,25352.13,25352.13,25352.13,25352.13,
1786510800,25346.24,25351.15,25327.15,25341.14,
1786511400,25341.72,25357.28,25330,25335.47,
1786512000,25336.48,25353.31,25331.65,25350.52,
1786512600,25350.45,25353.58,25339.07,25353.58,
1786513200,25353.59,25374.76,25352.98,25372.38,
1786513800,25374.63,25420.31,25372.91,25413.99,
1786514400,25412.79,25414.28,25382.27,25386.04,
1786515000,25387.65,25407.93,25383.95,25397.57,
1786515600,25397.08,25401.13,25386.11,25396.09,
1786516200,25393.88,25406.7,25377.02,25406.7,
1786516800,25405.55,25425.63,25404.78,25416.42,
1786517400,25418.58,25422.25,25402.03,25418.44,
1786518000,25419.69,25426.92,25399.39,25406.07,
1786518600,25406.08,25422.89,25401.11,25419.7,
1786519200,25418.47,25427.39,25408.36,25410.98,
1786519800,25411.24,25413.78,25395.5,25408.41,
1786520400,25410.16,25413.05,25399.14,25406.84,
1786521000,25407.12,25407.97,25385.2,25400.47,
1786521600,25401.92,25440.17,25401.92,25440.17,
1786584000,25288.07,25288.07,25288.07,25288.07,
1786584600,25305.16,25433.73,25296.86,25424.85,
1786585200,25425.5,25432.51,25354.94,25420.54,
1786585800,25423.81,25456.71,25392.18,25444.22,
1786586400,25445.83,25455.91,25394.06,25407.33,
1786587000,25408.99,25416.18,25380.78,25406.2,
1786587600,25404.7,25406.55,25364,25375.29,
1786588200,25375.57,25420.02,25373.31,25417.13,
1786588800,25416.96,25456.71,25416.8,25454.43,
1786589400,25456.1,25470.87,25445.17,25447.51,
1786590000,25450.78,25464.89,25439.43,25445.68,
1786590600,25448.28,25456.12,25436,25445.47,
1786591200,25444.17,25452.37,25419.45,25438.98,
1786591800,25438.1,25454.92,25433.83,25452.29,
1786592400,25451.82,25470.83,25446.63,25460.16,
1786593000,25458.48,25460.78,25446.74,25457.63,
1786593600,25457.33,25457.33,25457.33,25457.33,
1786597200,25469.33,25499.64,25451.8,25497.83,
1786597800,25494.61,25519.39,25491.92,25501.74,
1786598400,25501.24,25515.21,25487.96,25492.06,
1786599000,25490.81,25505.65,25457.39,25467.71,
1786599600,25468.07,25477.64,25426.37,25429.34,
1786600200,25428.58,25434.79,25418.76,25423.34,
1786600800,25423.5,25446.38,25409.77,25443.79,
1786601400,25442.91,25451.34,25395.57,25397.64,
1786602000,25398.2,25404.82,25382.98,25383.37,
1786602600,25382.92,25389.11,25357.56,25363.23,
1786603200,25360.53,25366.98,25350.23,25361,
1786603800,25363.61,25380.96,25363.33,25376.72,
1786604400,25376.55,25381.29,25335.81,25335.81,
1786605000,25334,25354.19,25333.5,25350.79,
1786605600,25350.25,25381.42,25343.58,25374.58,
1786606200,25373.12,25377.95,25358.95,25376.09,
1786606800,25378.62,25383.85,25366.26,25375.33,
1786607400,25375.91,25381.95,25365.82,25379.09,
1786608000,25378.14,25396.51,25378.14,25396.51,
1786670400,25219.15,25219.15,25219.15,25219.15,
1786671000,25209.81,25233,25152.43,25183.03,
1786671600,25181.49,25256.54,25180.78,25254.18,
1786672200,25255.56,25311.86,25250.13,25250.96,
1786672800,25249.75,25269.99,25212.76,25212.76,
1786673400,25210.98,25212.57,25172.82,25195.28,
1786674000,25194.58,25202.03,25155.13,25157.84,
1786674600,25159.12,25244.63,25155.64,25218.32,
1786675200,25218.1,25257.7,25214.64,25227.86,
1786675800,25228.43,25240.51,25194.12,25200.73,
1786676400,25198.78,25201.44,25171.44,25198.77,
1786677000,25197.86,25199.74,25150.78,25153.73,
1786677600,25155.18,25180.94,25149.81,25175.45,
1786678200,25175.28,25176.76,25157.23,25164,
1786678800,25164.06,25179.05,25163.52,25175.07,
1786679400,25174.1,25177.71,25161.99,25163.15,
1786680000,25160.25,25160.25,25160.25,25160.25,
1786683600,25175.55,25175.55,25116.84,25122.35,
1786684200,25123.14,25146.35,25116.55,25131.9,
1786684800,25132.38,25170.21,25132.19,25167.82,
1786685400,25169.3,25194.09,25151.58,25191.61,
1786686000,25192.06,25193.58,25145.81,25150.47,
1786686600,25148.33,25191.15,25146.96,25188.77,
1786687200,25191.69,25196.16,25139.29,25141.83,
1786687800,25142.71,25154.52,25128.79,25129.89,
1786688400,25132.42,25159.77,25132.42,25155.29,
1786689000,25156.89,25171.79,25132.53,25144.36,
1786689600,25144.33,25167.26,25137.81,25159.93,
1786690200,25162.11,25162.69,25138.21,25151.09,
1786690800,25148.5,25166.68,25134.85,25135.35,
1786691400,25136.2,25142.96,25125.74,25129.66,
1786692000,25130.06,25131.45,25106.09,25106.09,
1786692600,25106.38,25129.98,25089.14,25119.95,
1786693200,25120.76,25127.55,25103.54,25126.68,
1786693800,25122.7,25131.18,25113.6,25118.35,
1786694400,25118.6,25118.6,25116.85,25116.85,
1786929600,25303.41,25303.41,25303.41,25303.41,
1786930200,25326.85,25422.33,25326.72,25422.33,
1786930800,25422.09,25466.21,25407.4,25409.79,
1786931400,25410.95,25492.36,25403.63,25479.97,
1786932000,25479.82,25495.18,25461.79,25484.5,
1786932600,25480.19,25504.69,25462.79,25462.79,
1786933200,25463.75,25527.63,25454.71,25509.19,
1786933800,25508.46,25527.5,25503.07,25523.26,
1786934400,25521.65,25531.88,25501.69,25526.03,
1786935000,25525.24,25531.03,25513.07,25524.96,
1786935600,25523.13,25535.03,25517.06,25533.22,
1786936200,25532.85,25535,25505.02,25508.08,
1786936800,25508.29,25514.74,25486.38,25491.13,
1786937400,25490.8,25505.51,25486.16,25505.51,
1786938000,25505.34,25542.62,25497.52,25541.89,
1786938600,25544.11,25544.11,25511.52,25524,
1786939200,25521.99,25521.99,25521.99,25521.99,
1786942800,25508.02,25532.35,25493.75,25526.28,
1786943400,25527.8,25546.52,25519.2,25546.52,
1786944000,25544.41,25555.73,25534.31,25540.02,
1786944600,25540.25,25571.41,25540.25,25563.25,
1786945200,25562.61,25571.61,25555.68,25564.85,
1786945800,25565.55,25577.1,25554.85,25565.28,
1786946400,25564.15,25578.27,25555.04,25562.91,
1786947000,25562.08,25564.6,25547.93,25550.15,
1786947600,25550.43,25554.84,25522.99,25531.21,
1786948200,25528.93,25535.15,25512.7,25519.92,
1786948800,25521.16,25550.02,25511.94,25547.12,
1786949400,25546.78,25561.34,25539.78,25561.34,
1786950000,25561.32,25561.59,25504.85,25530.08,
1786950600,25530.64,25530.64,25505.42,25511.91,
1786951200,25512.76,25518.64,25498.42,25518.29,
1786951800,25517.88,25517.88,25498.24,25506.2,
1786952400,25505.48,25512.15,25493.54,25496.78,
1786953000,25497.2,25498.04,25478.61,25479.27,
1786953600,25479.77,25479.77,25453.23,25453.23,
1787016000,25368.87,25368.87,25368.87,25368.87,
1787016600,25342.74,25456.65,25312.25,25396.71,
1787017200,25396.52,25426.56,25340.49,25340.49,
1787017800,25339.88,25339.88,25288.31,25293.04,
1787018400,25293.57,25294.79,25240.62,25283.69,
1787019000,25286.48,25340.09,25270.44,25340.09,
1787019600,25341.07,25341.14,25264.61,25264.61,
1787020200,25264.24,25294.24,25254.77,25291.86,
1787020800,25294.04,25295.22,25263.23,25283,
1787021400,25282.28,25336.89,25281.19,25314.21,
1787022000,25313.6,25319.16,25284.6,25302.13,
1787022600,25302.43,25319.62,25286.17,25292.4,
1787023200,25293.3,25300.14,25273.78,25286.03,
1787023800,25288.61,25297.6,25270.04,25288.77,
1787024400,25290.81,25302.26,25275.08,25291.2,
1787025000,25290.68,25297.09,25283.45,25286.34,
1787025600,25287.25,25287.25,25287.25,25287.25,
1787029200,25278.31,25301.94,25275.5,25278.32,
1787029800,25279.54,25290.38,25249.99,25289.87,
1787030400,25292.16,25337.41,25290.86,25336.43,
1787031000,25334.06,25363.19,25331.21,25362.46,
1787031600,25361.17,25444.24,25361.17,25442.52,
1787032200,25439.83,25479.82,25438.6,25461.54,
1787032800,25460.05,25460.05,25406.1,25425.08,
1787033400,25425.91,25457.92,25425.72,25448.34,
1787034000,25448.21,25479.45,25448.21,25468.57,
1787034600,25468.93,25496.14,25441.77,25452.87,
1787035200,25455.08,25485.04,25455.08,25482.53,
1787035800,25482.56,25513.32,25477.7,25509.17,
1787036400,25512.91,25517.24,25497.75,25503.66,
1787037000,25507.48,25507.86,25474.77,25475,
1787037600,25475.4,25493.18,25466.92,25478.52,
1787038200,25478.26,25503.59,25474.38,25501.71,
1787038800,25498.49,25518.03,25491.94,25497.49,
1787039400,25495.49,25503,25481.22,25484.24,
1787040000,25482.55,25482.55,25471.15,25471.15,
1787102400,25346.9,25346.9,25346.9,25346.9,
1787103000,25330.06,25378.4,25315.32,25338.45,
1787103600,25339.17,25391.67,25330.86,25339.11,
1787104200,25336.88,25396.23,25335.74,25394.28,
1787104800,25393.74,25409.88,25361.67,25391.01,
1787105400,25390.94,25426.98,25390.94,25405.95,
1787106000,25406.04,25514.59,25406.04,25509.62,
1787106600,25509.78,25530.73,25447.38,25464.74,
1787107200,25465.34,25487.68,25456.41,25486.38,
1787107800,25485.26,25525.14,25482.24,25507.07,
1787108400,25506.39,25510.86,25464.85,25480.71,
1787109000,25479.52,25521.99,25479.42,25518.96,
1787109600,25519.37,25521.97,25478.52,25494.28,
1787110200,25494.73,25516.71,25479.97,25508.78,
1787110800,25508.94,25527.28,25501.59,25525.96,
1787111400,25525.37,25534.11,25511.1,25534.11,
1787112000,25533.38,25533.38,25533.38,25533.38,
1787115600,25534.42,25537.19,25476.6,25481.3,
1787116200,25482.41,25483.83,25398.61,25415.78,
1787116800,25417.17,25505.11,25417.17,25501.29,
1787117400,25501.75,25501.75,25448.32,25481.03,
1787118000,25481.13,25494.32,25474.88,25488.09,
1787118600,25489.09,25494.96,25467.17,25474.24,
1787119200,25470.5,25481.88,25431.48,25440.5,
1787119800,25438.07,25490.67,25438.07,25490.67,
1787120400,25490.54,25506.03,25484.01,25490.76,
1787121000,25495.32,25496.25,25465.7,25469.43,
1787121600,25472.36,25501.29,25454.03,25501.29,
1787122200,25502.59,25506.68,25479.49,25505.64,
1787122800,25503.1,25515.56,25471.23,25496.05,
1787123400,25498.49,25502.74,25450.25,25462.53,
1787124000,25462.32,25484.82,25461.3,25475,
1787124600,25472.42,25502.7,25472.42,25487.01,
1787125200,25487.49,25499.97,25479.28,25481.77,
1787125800,25481.67,25489.82,25474.69,25485.7,
1787126400,25486.91,25495.07,25486.91,25495.07,
1787188800,25779.08,25779.08,25779.08,25779.08,
1787189400,25778.34,25806.18,25708.46,25708.46,
1787190000,25712.17,25807,25695.64,25807,
1787190600,25802.62,25805.85,25724.4,25790.28,
1787191200,25790.12,25790.12,25716.52,25716.52,
1787191800,25715.53,25715.53,25654.56,25661.3,
1787192400,25663.31,25677.96,25647.5,25651,
1787193000,25648.74,25665.65,25632.39,25658.79,
1787193600,25659.67,25671.96,25645.32,25665.1,
1787194200,25664.36,25692.85,25656.54,25672.53,
1787194800,25671.81,25685.14,25656.07,25679.72,
1787195400,25679.76,25685.96,25656.8,25677.32,
1787196000,25677.93,25718.54,25673.39,25709.62,
1787196600,25708.59,25792.26,25708.59,25771.36,
1787197200,25774.65,25779.22,25755.81,25776.52,
1787197800,25778.52,25787.56,25768.04,25786.61,
1787198400,25786.32,25786.32,25786.32,25786.32,
1787202000,25778.76,25837.8,25763.33,25829.05,
1787202600,25826.75,25839.92,25794.8,25837.87,
1787203200,25837.98,25842.91,25815.89,25837.64,
1787203800,25836.56,25841.3,25788.48,25789.87,
1787204400,25789.18,25822.46,25787.03,25801.13,
1787205000,25802.8,25807.07,25782.9,25788.26,
1787205600,25785.6,25809.45,25774.9,25802.1,
1787206200,25802.69,25815.75,25792.92,25812.92,
1787206800,25811.8,25823.93,25800.66,25806.21,
1787207400,25807.6,25838.07,25806.6,25831.66,
1787208000,25831.57,25840.34,25825.18,25832.39,
1787208600,25831.7,25833.3,25812.41,25822.52,
1787209200,25819.7,25819.7,25774.48,25781.84,
1787209800,25783.09,25785.41,25761.07,25765,
1787210400,25764.04,25765.91,25745.31,25753.92,
1787211000,25751.84,25751.84,25723.73,25740.41,
1787211600,25745.28,25769.37,25736.92,25743.98,
1787212200,25744.59,25746.48,25724.43,25726.54,
1787212800,25726.23,25726.23,25698.49,25698.49,
1787275200,25807.61,25807.61,25807.61,25807.61,
1787275800,25821.97,25899.06,25821.97,25841.39,
1787276400,25842.31,25889.62,25816.49,25889.62,
1787277000,25891.87,25910.28,25840.49,25877.94,
1787277600,25873.76,25904.85,25841.06,25860.61,
1787278200,25860.25,25862.84,25816.81,25855.34,
1787278800,25856.79,25888.6,25848.7,25876.58,
1787279400,25879,25904.69,25852.99,25855.34,
1787280000,25854.92,25861.66,25822.38,25852.31,
1787280600,25853.43,25892.91,25852.04,25879,
1787281200,25880.15,25899.99,25868.14,25881.41,
1787281800,25883.48,25899.34,25856.06,25896.33,
1787282400,25897.9,25911.6,25861.71,25867.72,
1787283000,25866.69,25895.2,25858.77,25866.65,
1787283600,25867.71,25893.95,25859.48,25884.64,
1787284200,25886.37,25903.31,25881.91,25886.54,
1787284800,25883.24,25883.24,25883.24,25883.24,
1787288400,25882.71,25894.98,25841.79,25841.79,
1787289000,25842.45,25889.21,25837.33,25885.72,
1787289600,25887.98,25897.97,25880.06,25895.93,
1787290200,25895.29,25899.87,25883.22,25890.44,
1787290800,25890.34,25905.1,25888.08,25899.39,
1787291400,25899.05,25904.44,25883.68,25899.93,
1787292000,25899.81,25922.97,25899.33,25916.04,
1787292600,25917.37,25941.2,25911.66,25929.14,
1787293200,25931.74,25962.58,25927.19,25962.18,
1787293800,25961.23,25969.67,25948.12,25954,
1787294400,25956,25969.37,25943.59,25964.95,
1787295000,25965.04,25972.66,25952.53,25955.94,
1787295600,25957.15,25976.4,25945.65,25966.99,
1787296200,25966.02,25979.71,25960.72,25966.31,
1787296800,25963.54,25975.48,25950.04,25951.34,
1787297400,25954.07,25975.76,25944.41,25970.37,
1787298000,25969.58,25980.18,25967.06,25970.92,
1787298600,25973.18,26009.43,25966.78,25994.42,
1787299200,25997.73,26009.46,25997.73,26009.46,