time,open,high,low,close,Volume
1579478400,1163,1168,1124,1129,42600
1579479000,1127,1140,1125,1127,15200
1579479600,1131,1131,1092,1097,33100
1579480200,1092,1104,1059,1066,45300
1579480800,1066,1075,1053,1074,25200
1579481400,1071,1078,1069,1074,3900
1579482000,1075,1080,1066,1066,6200
1579482600,1067,1067,1023,1044,52300
1579483200,1050,1062,1050,1062,3900
1579483800,1063,1069,1052,1052,4100
1579484400,1055,1059,1048,1048,2900
1579485000,1048,1048,1033,1048,4900
1579485600,1049,1063,1049,1051,2300
1579486200,1058,1070,1055,1065,4300
1579486800,1069,1079,1056,1073,7700
1579487400,1066,1066,1066,1066,200
1579491000,1069,1070,1051,1052,9200
1579491600,1058,1058,1048,1051,3100
1579492200,1050,1056,1041,1056,5000
1579492800,1056,1056,1038,1053,5900
1579493400,1042,1046,1040,1041,3200
1579494000,1041,1041,1031,1036,5900
1579494600,1036,1040,1033,1040,1700
1579495200,1039,1042,1039,1042,1000
1579495800,1039,1045,1039,1040,700
1579496400,1039,1040,1037,1038,2300
1579497000,1038,1040,1030,1030,9800
1579497600,1030,1043,1030,1039,4900
1579498200,1040,1042,1040,1040,2100
1579498800,1041,1057,1040,1046,7200
1579499400,1046,1048,1038,1041,12600
1579500000,1037,1037,1037,1037,11600
1579564800,1051,1088,1050,1060,39800
1579565400,1061,1085,1061,1081,12100
1579566000,1080,1083,1066,1070,6300
1579566600,1070,1074,1067,1072,6100
1579567200,1073,1078,1072,1073,1900
1579567800,1074,1080,1072,1080,1600
1579568400,1081,1081,1074,1075,1500
1579569000,1075,1075,1050,1054,10900
1579569600,1057,1068,1057,1068,1600
1579570200,1065,1065,1040,1044,4300
1579570800,1047,1054,1047,1054,1300
1579571400,1053,1053,1047,1052,1300
1579572000,1058,1058,1053,1054,1600
1579572600,1054,1065,1054,1064,2000
1579573200,1060,1063,1060,1063,1300
1579577400,1064,1077,1064,1071,6100
1579578000,1075,1085,1075,1085,4700
1579578600,1081,1081,1075,1075,1800
1579579200,1075,1083,1075,1080,7800
1579579800,1080,1082,1080,1082,400
1579580400,1080,1087,1080,1087,3200
1579581000,1088,1091,1082,1082,5500
1579581600,1081,1081,1080,1081,1400
1579582200,1084,1085,1080,1085,2900
1579582800,1086,1086,1084,1084,1100
1579583400,1083,1083,1080,1080,1800
1579584000,1081,1081,1077,1077,4600
1579584600,1075,1075,1072,1073,2500
1579585200,1074,1075,1065,1065,3900
1579585800,1065,1070,1063,1063,3700
1579586400,1065,1065,1065,1065,6200
1579651200,1046,1062,1045,1059,11700
1579651800,1061,1072,1059,1060,6900
1579652400,1061,1065,1061,1065,300
1579653000,1068,1068,1067,1067,200
1579653600,1066,1066,1066,1066,100
1579654800,1070,1078,1067,1074,3200
1579655400,1075,1085,1075,1080,3200
1579656000,1078,1084,1077,1084,2600
1579656600,1085,1089,1085,1089,800
1579657200,1089,1089,1082,1082,800
1579658400,1081,1081,1080,1080,300
1579659000,1080,1091,1080,1089,1500
1579659600,1088,1088,1083,1083,500
1579663800,1083,1083,1075,1076,2500
1579664400,1076,1076,1070,1070,2900
1579665000,1070,1084,1068,1077,6400
1579665600,1077,1077,1075,1075,900
1579666200,1076,1076,1076,1076,100
1579666800,1076,1077,1075,1075,1100
1579667400,1079,1081,1076,1076,600
1579668000,1082,1083,1080,1082,400
1579668600,1080,1080,1078,1078,400
1579669200,1078,1078,1077,1078,700
1579669800,1081,1081,1077,1077,1200
1579670400,1078,1079,1076,1076,2000
1579671000,1076,1080,1076,1076,2100
1579671600,1076,1080,1075,1079,4600
1579672200,1081,1086,1078,1078,2100
1579672800,1075,1075,1075,1075,3500
1579737600,1056,1073,1053,1073,7000
1579738200,1071,1073,1068,1068,700
1579738800,1068,1068,1068,1068,100
1579739400,1070,1078,1070,1072,1400
1579740000,1078,1080,1074,1074,1600
1579740600,1073,1073,1073,1073,300
1579741200,1074,1076,1073,1074,400
1579741800,1077,1077,1075,1075,200
1579742400,1078,1078,1078,1078,100
1579743000,1078,1078,1073,1074,500
1579743600,1074,1076,1068,1072,5100
1579744200,1071,1073,1070,1071,1700
1579744800,1071,1071,1063,1068,11200
1579745400,1068,1068,1068,1068,100
1579746000,1069,1069,1057,1057,5600
1579750200,1057,1064,1057,1061,2700
1579750800,1061,1061,1056,1059,1000
1579751400,1058,1060,1055,1056,2200
1579752000,1060,1063,1058,1063,900
1579752600,1064,1065,1064,1065,300
1579753200,1067,1071,1066,1067,1700
1579753800,1068,1077,1068,1071,4800
1579754400,1077,1079,1072,1072,900
1579755000,1077,1084,1074,1084,2400
1579755600,1084,1086,1076,1077,2600
1579756200,1077,1077,1073,1073,1800
1579756800,1075,1075,1075,1075,100
1579757400,1075,1075,1075,1075,300
1579758000,1075,1078,1073,1077,900
1579758600,1073,1073,1063,1063,8200
1579759200,1068,1068,1068,1068,1400
1579824000,1070,1070,1060,1060,3800
1579824600,1062,1064,1062,1064,600
1579825200,1063,1063,1054,1062,6400
1579825800,1063,1069,1063,1067,800
1579826400,1066,1068,1060,1062,2800
1579827000,1060,1062,1059,1059,1600
1579827600,1058,1060,1056,1059,2200
1579828200,1059,1064,1059,1064,1100
1579828800,1067,1074,1064,1073,2600
1579830000,1065,1068,1059,1059,900
1579830600,1058,1062,1057,1057,1400
1579831200,1063,1064,1059,1059,400
1579831800,1059,1059,1058,1058,500
1579832400,1059,1059,1057,1057,1300
1579836600,1056,1063,1056,1062,1300
1579837200,1058,1058,1042,1049,7500
1579837800,1046,1046,1038,1045,4600
1579838400,1050,1050,1050,1050,100
1579839000,1050,1057,1049,1049,1500
1579839600,1050,1050,1048,1048,900
1579840200,1047,1051,1047,1047,800
1579840800,1050,1052,1048,1048,600
1579841400,1053,1060,1049,1060,3400
1579842000,1056,1059,1051,1054,1500
1579842600,1057,1060,1057,1059,2100
1579843200,1058,1058,1058,1058,100
1579843800,1058,1058,1055,1055,300
1579844400,1055,1055,1055,1055,1700
1579845000,1057,1058,1052,1057,3700
1579845600,1050,1050,1050,1050,1400
1580083200,1063,1070,1050,1064,8000
1580083800,1064,1072,1062,1065,3400
1580084400,1065,1065,1061,1062,1200
1580085000,1062,1062,1062,1062,100
1580085600,1071,1073,1071,1072,800
1580086200,1070,1070,1070,1070,300
1580086800,1071,1071,1070,1070,600
1580087400,1070,1073,1067,1069,2700
1580088000,1072,1083,1070,1083,2000
1580088600,1078,1078,1073,1073,2600
1580089200,1074,1074,1074,1074,200
1580089800,1072,1085,1072,1082,2000
1580090400,1083,1096,1083,1090,4900
1580091000,1089,1089,1082,1085,1900
1580091600,1086,1086,1083,1083,300
1580092200,1085,1085,1085,1085,400
1580095800,1086,1098,1086,1096,4800
1580096400,1098,1123,1098,1119,5600
1580097000,1109,1109,1099,1099,2400
1580097600,1098,1103,1095,1099,900
1580098200,1097,1099,1093,1095,1200
1580098800,1097,1097,1087,1092,4900
1580099400,1092,1094,1086,1090,2700
1580100000,1090,1090,1090,1090,500
1580100600,1086,1089,1085,1089,1400
1580101800,1090,1090,1087,1087,600
1580102400,1090,1092,1086,1086,1700
1580103000,1085,1087,1084,1084,3200
1580103600,1084,1084,1070,1070,8900
1580104200,1069,1069,1060,1061,4200
1580104800,1061,1061,1061,1061,1700
1580169600,1032,1039,1030,1035,20100
1580170200,1032,1040,1032,1039,1200
1580170800,1042,1042,994,1001,19600
1580171400,1009,1015,1007,1015,2000
1580172000,1017,1020,1010,1010,4100
1580172600,1011,1011,1000,1005,5000
1580173200,1001,1007,1001,1007,2400
1580173800,1004,1006,990,1006,5900
1580174400,1004,1008,1001,1002,800
1580175000,1001,1006,999,1002,1500
1580175600,1002,1004,1002,1004,500
1580176200,1007,1015,1007,1015,1000
1580176800,1009,1016,1003,1007,1700
1580177400,1004,1004,1002,1003,600
1580178000,1001,1001,1000,1000,800
1580182200,1000,1006,1000,1001,2100
1580182800,1001,1008,1001,1008,1000
1580183400,1011,1011,1003,1004,1300
1580184000,1005,1009,1003,1005,1200
1580184600,1004,1004,996,997,7200
1580185200,1003,1010,1002,1005,2000
1580185800,1005,1008,1005,1008,300
1580186400,1007,1007,1002,1004,500
1580187000,1007,1011,1004,1011,1700
1580187600,1009,1010,1008,1008,400
1580188200,1009,1009,1007,1009,500
1580188800,1010,1010,1009,1009,700
1580189400,1009,1010,1007,1007,1700
1580190000,1004,1009,1004,1005,2500
1580190600,1005,1007,1005,1007,2700
1580191200,1005,1005,1005,1005,2200
1580256000,1020,1020,1001,1004,2400
1580256600,1008,1008,994,1000,8300
1580257200,999,1007,999,1007,1600
1580257800,1006,1006,1006,1006,100
1580258400,1003,1003,1001,1001,300
1580259000,1004,1005,998,1005,2600
1580259600,1003,1015,1000,1015,4800
1580260200,1015,1015,1010,1010,1500
1580260800,1012,1012,1010,1010,200
1580261400,1010,1010,1009,1009,500
1580262000,1012,1012,1012,1012,100
1580262600,1010,1010,1010,1010,100
1580263200,1010,1010,1009,1009,400
1580263800,1006,1006,1006,1006,1000
1580264400,1005,1007,1005,1005,3500
1580265000,1005,1005,1005,1005,100
1580268600,1019,1019,1007,1010,1000
1580269200,1005,1005,1005,1005,100
1580269800,1005,1005,1005,1005,200
1580270400,1005,1005,1005,1005,100
1580271000,1005,1005,1005,1005,200
1580272800,1005,1006,1005,1006,300
1580273400,1007,1007,1007,1007,100
1580274000,1007,1007,1004,1005,500
1580275200,1005,1005,1005,1005,600
1580275800,1005,1005,1005,1005,500
1580277000,1004,1012,1004,1012,1400
1580277600,1003,1003,1003,1003,1200
1580342400,1005,1020,1005,1011,2200
1580343000,1010,1011,1003,1009,1100
1580343600,1008,1014,1003,1010,5400
1580344200,1008,1012,1007,1012,800
1580344800,1010,1010,1007,1007,400
1580345400,1011,1011,1011,1011,100
1580346000,1012,1014,1012,1014,2500
1580346600,1013,1014,1013,1014,400
1580347200,1014,1014,1014,1014,100
1580347800,1013,1017,1012,1017,500
1580348400,1017,1017,1010,1010,900
1580349000,1007,1011,1006,1011,400
1580349600,1007,1007,1005,1005,4300
1580350200,1009,1011,998,998,6100
1580350800,999,1005,999,1000,2200
1580355000,1000,1000,983,987,13400
1580355600,990,992,975,975,8100
1580356200,978,983,975,975,1200
1580356800,975,976,962,968,5000
1580357400,969,983,969,983,6500
1580358000,983,983,976,976,1600
1580358600,981,993,978,978,3200
1580359200,981,981,974,974,2300
1580359800,975,975,975,975,100
1580360400,975,978,972,973,2000
1580361000,973,973,968,969,8700
1580361600,969,970,965,967,1500
1580362200,968,979,968,971,2700
1580362800,969,969,969,969,500
1580363400,968,977,968,977,2300
1580364000,979,979,979,979,1200
1580428800,980,999,970,990,5800
1580429400,989,989,986,987,400
1580430000,987,987,987,987,300
1580430600,984,984,983,983,400
1580431200,986,988,986,986,300
1580431800,993,1008,993,1002,3900
1580433000,1009,1010,1001,1009,1100
1580433600,1005,1005,1005,1005,100
1580434200,1006,1011,1002,1002,5500
1580434800,1000,1000,1000,1000,300
1580435400,1000,1000,1000,1000,100
1580436000,1002,1010,1001,1006,1900
1580436600,1010,1011,1009,1009,400
1580437200,1010,1013,1010,1010,800
1580437800,1000,1000,1000,1000,200
1580441400,1014,1037,1010,1035,5000
1580442000,1035,1035,1021,1021,1300
1580442600,1017,1017,1015,1015,200
1580443200,1009,1011,1009,1011,600
1580443800,1011,1011,1000,1000,4800
1580444400,1000,1000,1000,1000,400
1580445000,1003,1010,1000,1002,1100
1580445600,1000,1004,1000,1003,1700
1580446200,1001,1003,999,1001,1300
1580446800,1001,1001,1001,1001,100
1580447400,1003,1005,1001,1001,500
1580448000,1001,1003,1000,1000,700
1580448600,1004,1004,1001,1001,300
1580449200,1002,1002,999,999,300
1580449800,1000,1001,995,1001,6500
1580450400,1001,1001,996,996,1000
1580688600,936,936,913,913,16600
1580689200,916,944,913,944,9500
1580689800,945,964,945,963,4400
1580690400,960,969,957,969,1100
1580691000,971,971,960,960,2300
1580691600,965,965,951,954,3600
1580692200,950,950,946,946,1700
1580692800,942,945,941,942,1500
1580693400,944,980,944,960,3100
1580694000,961,965,956,956,2100
1580694600,954,965,952,965,2600
1580695200,966,968,960,961,2200
1580695800,958,963,950,963,1900
1580696400,963,969,958,969,4000
1580700600,980,980,972,976,4800
1580701200,977,977,975,975,1100
1580701800,974,974,969,971,4600
1580702400,972,973,972,973,300
1580703000,974,974,973,973,700
1580703600,976,976,976,976,100
1580704200,976,978,976,978,500
1580704800,975,981,975,980,1800
1580705400,982,989,982,987,1100
1580706000,988,988,988,988,100
1580706600,988,995,987,995,1200
1580707200,994,994,988,991,1000
1580707800,991,992,990,992,1000
1580708400,996,1000,992,997,3600
1580709000,1003,1004,991,995,2700
1580709600,991,991,991,991,600
1580774400,934,939,934,935,7400
1580775000,939,977,939,977,14700
1580775600,978,985,970,970,5300
1580776200,966,966,954,960,3700
1580776800,957,957,938,943,5000
1580777400,941,946,940,944,1200
1580778000,946,952,946,952,4000
1580778600,946,950,946,950,700
1580779200,950,951,950,951,300
1580779800,952,952,952,952,200
1580780400,953,953,950,950,700
1580781000,953,953,952,952,200
1580781600,957,963,957,959,1400
1580782200,960,964,960,962,900
1580782800,961,964,955,959,2600
1580783400,959,959,959,959,1700
1580787000,954,955,947,947,5200
1580787600,946,950,945,950,2400
1580788200,948,949,948,949,200
1580788800,948,951,947,947,700
1580789400,948,948,948,948,200
1580790000,948,959,948,959,2100
1580790600,955,958,955,958,800
1580791200,957,959,957,959,200
1580791800,959,962,959,962,600
1580792400,957,957,957,957,100
1580793000,956,962,955,962,1400
1580793600,960,961,960,961,500
1580794200,961,964,956,956,2900
1580795400,961,963,957,963,800
1580796000,952,952,952,952,800
1580860800,970,975,969,974,4100
1580861400,974,998,974,990,3200
1580862000,990,1000,990,997,4100
1580862600,1000,1001,994,998,1400
1580863200,994,994,994,994,100
1580863800,993,998,993,993,1400
1580865000,996,996,996,996,100
1580865600,996,996,996,996,100
1580868600,990,990,990,990,1100
1580869200,984,984,984,984,100
1580873400,980,990,980,988,800
1580874000,991,992,989,992,500
1580874600,993,993,993,993,100
1580875200,993,996,993,996,300
1580875800,997,997,994,994,300
1580876400,995,995,995,995,100
1580877000,995,999,995,996,1400
1580877600,993,996,992,996,500
1580878200,994,994,989,989,500
1580878800,991,991,991,991,400
1580879400,987,987,972,983,3200
1580880600,979,1001,975,1000,10300
1580881200,995,995,977,977,2800
1580881800,985,987,985,985,600
1580882400,984,984,984,984,600
1580947200,984,1044,984,1044,10300
1580947800,1038,1067,1036,1065,11400
1580948400,1055,1063,1050,1052,4200
1580949000,1053,1053,1038,1042,2500
1580949600,1050,1051,1043,1051,1000
1580950200,1049,1049,1048,1048,400
1580950800,1045,1047,1040,1047,3300
1580951400,1046,1048,1040,1040,700
1580952000,1043,1045,1042,1042,1000
1580952600,1036,1040,1036,1040,400
1580953200,1042,1042,1034,1040,1100
1580953800,1039,1050,1039,1050,1900
1580954400,1050,1057,1045,1057,1400
1580955000,1053,1055,1053,1055,300
1580955600,1058,1070,1058,1066,5700
1580959800,1071,1085,1071,1073,4200
1580960400,1078,1084,1078,1084,2000
1580961000,1079,1104,1079,1092,12900
1580961600,1100,1120,1096,1109,10300
1580962200,1111,1123,1090,1109,10800
1580962800,1104,1114,1104,1107,2700
1580963400,1106,1112,1104,1108,2000
1580964000,1110,1124,1109,1110,9500
1580964600,1115,1116,1115,1116,300
1580965200,1119,1134,1119,1133,15700
1580965800,1134,1134,1118,1130,17500
1580966400,1130,1131,1112,1115,4900
1580967000,1114,1125,1114,1114,3200
1580967600,1113,1120,1100,1118,12200
1580968200,1117,1117,1102,1115,9300
1580968800,1104,1104,1104,1104,2900
1581034200,970,1007,942,996,37100
1581034800,995,995,971,983,7300
1581035400,984,993,960,960,7000
1581036000,955,957,931,954,7300
1581036600,954,980,954,969,6700
1581037200,965,979,960,969,4100
1581037800,971,980,970,980,1600
1581038400,972,983,972,983,200
1581039000,972,976,971,971,500
1581039600,971,971,968,968,800
1581040200,968,968,965,965,3500
1581040800,963,963,955,955,1200
1581041400,955,955,950,951,1300
1581042000,954,974,954,968,2200
1581042600,960,960,960,960,100
1581046200,973,973,950,950,3700
1581046800,951,953,950,953,2000
1581047400,955,955,953,953,500
1581048000,954,954,954,954,100
1581048600,954,959,954,959,1400
1581049200,952,952,951,951,1800
1581049800,951,960,950,960,4500
1581050400,960,960,960,960,100
1581051600,956,956,956,956,100
1581052800,958,958,958,958,100
1581053400,957,958,957,958,1500
1581054000,958,958,952,952,2300
1581054600,953,965,948,951,5900
1581055200,948,948,948,948,2900
1581292800,949,960,949,960,2600
1581293400,960,989,954,988,5200
1581294000,987,987,986,987,1800
1581294600,978,978,978,978,400
1581295200,975,975,975,975,200
1581295800,975,978,975,976,1400
1581296400,973,973,973,973,200
1581297000,973,975,969,969,600
1581297600,972,972,970,970,300
1581298200,967,989,967,982,2700
1581298800,982,982,982,982,400
1581300000,971,971,967,968,400
1581300600,969,970,969,970,400
1581301200,970,973,969,969,500
1581301800,969,969,969,969,200
1581305400,975,975,966,966,900
1581306600,965,968,965,968,400
1581307200,967,967,967,967,300
1581308400,969,969,969,969,500
1581309000,969,969,967,967,900
1581309600,969,969,969,969,200
1581310200,966,966,966,966,200
1581310800,965,965,965,965,200
1581311400,966,966,964,964,2100
1581312600,962,962,961,961,500
1581313200,961,961,960,960,500
1581313800,960,967,960,966,1300
1581314400,966,966,966,966,100
1581465600,981,982,973,982,1800
1581466200,981,1000,981,991,3600
1581466800,983,986,977,980,700
1581467400,975,975,967,967,1100
1581468000,971,971,968,968,200
1581468600,974,975,974,975,400
1581469200,972,972,967,967,400
1581469800,967,967,965,965,300
1581470400,966,966,964,966,2400
1581471000,968,968,964,964,200
1581471600,964,964,964,964,100
1581472200,967,968,965,968,300
1581472800,970,970,965,970,300
1581473400,967,967,967,967,100
1581474000,970,970,970,970,200
1581474600,967,967,967,967,100
1581478200,965,967,965,967,200
1581478800,972,973,970,973,300
1581479400,973,973,959,959,5600
1581480000,960,963,950,957,6200
1581480600,953,953,952,953,700
1581481200,953,955,953,955,500
1581481800,957,958,954,954,400
1581482400,960,960,960,960,200
1581483000,960,960,959,959,500
1581483600,960,960,957,957,200
1581484200,956,957,954,954,1300
1581484800,952,952,952,952,100
1581485400,953,953,953,953,200
1581486000,954,954,953,953,300
1581486600,953,957,953,957,1500
1581487200,957,957,957,957,600
1581552000,957,974,957,974,2000
1581552600,969,976,967,968,1600
1581553200,969,976,969,969,600
1581553800,966,969,957,969,2200
1581555000,969,969,964,964,700
1581555600,962,962,962,962,100
1581556200,962,962,956,960,1000
1581556800,960,963,955,955,1100
1581557400,953,956,951,953,600
1581558000,957,957,955,955,200
1581558600,955,955,953,953,400
1581559200,952,952,952,952,100
1581559800,953,958,953,958,700
1581560400,955,955,955,955,100
1581561000,955,955,955,955,100
1581564600,970,970,953,953,3100
1581565200,955,955,951,951,300
1581565800,951,951,951,951,100
1581566400,951,954,951,954,300
1581567000,951,951,951,951,100
1581567600,953,962,938,948,9400
1581568200,946,946,946,946,100
1581568800,946,950,946,950,200
1581569400,947,947,933,940,4700
1581570000,941,941,941,941,100
1581570600,945,946,945,946,200
1581571200,944,944,944,944,100
1581571800,944,946,944,946,300
1581572400,944,944,944,944,200
1581573000,944,946,943,945,1800
1581573600,946,946,946,946,600
1581638400,932,972,932,952,5000
1581639000,948,948,940,943,800
1581640200,948,948,948,948,200
1581640800,945,945,938,941,1500
1581641400,938,941,938,940,300
1581642000,942,942,938,938,300
1581642600,935,939,935,937,400
1581643200,936,936,936,936,100
1581643800,936,939,936,939,400
1581644400,942,943,942,943,400
1581645000,943,946,943,946,500
1581646200,941,941,941,941,200
1581646800,944,946,942,942,600
1581647400,940,940,940,940,100
1581651000,940,945,940,941,500
1581651600,940,942,937,940,1000
1581652200,939,939,936,936,300
1581652800,935,935,935,935,100
1581653400,937,937,936,936,600
1581654000,935,940,935,940,1400
1581654600,937,937,937,937,100
1581655200,937,939,936,936,400
1581655800,935,937,934,934,1300
1581656400,938,938,938,938,200
1581657000,936,940,936,940,200
1581657600,937,940,937,940,400
1581658200,940,940,937,937,200
1581658800,937,938,934,935,2500
1581659400,935,936,934,934,1100
1581660000,934,934,934,934,400
1581897600,928,928,858,877,17200
1581898200,880,880,866,871,3400
1581898800,874,890,874,884,3800
1581899400,889,895,889,892,1200
1581900000,889,889,880,880,1500
1581900600,886,886,881,881,700
1581901200,881,881,870,879,2600
1581901800,879,879,879,879,100
1581902400,881,885,881,885,400
1581903000,885,900,885,900,3300
1581903600,905,905,901,903,400
1581904200,903,903,889,894,4600
1581904800,892,895,887,892,1500
1581905400,890,895,890,890,1100
1581906000,893,893,889,892,1000
1581910200,885,894,885,893,2500
1581910800,891,895,890,890,1500
1581911400,890,896,889,891,2200
1581912000,890,896,890,892,1600
1581912600,895,895,890,894,900
1581913200,894,896,894,895,300
1581913800,895,898,891,892,2400
1581914400,895,900,895,900,300
1581915000,902,908,902,908,1700
1581915600,909,909,908,908,700
1581916200,905,905,896,896,1100
1581916800,899,904,899,903,700
1581917400,900,900,895,899,1800
1581918000,896,904,894,904,2000
1581918600,901,901,885,889,6600
1581919200,889,889,889,889,600
1581984000,889,914,887,904,7400
1581984600,908,908,905,905,700
1581985200,904,904,895,895,500
1581985800,889,889,886,886,500
1581986400,882,884,882,884,200
1581987000,880,880,880,880,500
1581987600,878,880,877,877,1000
1581988200,875,875,873,874,900
1581988800,876,880,876,879,800
1581989400,886,886,886,886,400
1581990000,887,889,887,887,500
1581990600,887,890,887,890,600
1581991200,890,901,890,897,2600
1581991800,895,907,895,895,2000
1581996600,895,895,877,877,3600
1581997200,877,897,877,883,2700
1581997800,887,887,886,886,600
1581998400,886,886,886,886,300
1581999000,885,888,885,888,400
1581999600,887,887,887,887,100
1582000800,889,889,889,889,100
1582001400,889,889,886,886,600
1582002000,885,886,885,886,500
1582002600,888,888,885,885,700
1582003200,885,885,885,885,100
1582003800,886,886,880,884,2400
1582004400,881,884,881,884,400
1582005000,884,885,882,882,500
1582005600,882,882,882,882,400
1582070400,897,902,897,899,800
1582071000,906,919,906,913,1700
1582072800,912,912,910,912,700
1582073400,913,962,913,944,10600
1582074000,932,932,932,932,300
1582074600,932,932,932,932,500
1582075200,932,960,932,938,3300
1582075800,938,938,938,938,100
1582077000,929,934,929,934,600
1582077600,941,962,941,962,5000
1582083000,1032,1032,985,995,40300
1582083600,997,1012,985,987,6400
1582084200,992,996,967,982,9000
1582084800,983,983,977,981,1000
1582085400,982,996,981,996,3600
1582086000,997,1005,983,983,7300
1582086600,986,986,983,985,1000
1582087200,980,993,970,993,2300
1582087800,991,991,979,979,900
1582088400,984,984,978,978,200
1582089000,979,993,979,993,1500
1582089600,984,989,977,985,1600
1582090200,984,984,980,980,1200
1582090800,984,990,981,981,1400
1582091400,980,980,973,975,1500
1582092000,973,973,973,973,900
1582156800,971,1013,971,992,12000
1582157400,990,991,971,971,2400
1582158000,970,978,966,978,1500
1582158600,993,1001,991,1001,1000
1582159200,997,997,994,994,600
1582159800,996,998,996,996,700
1582160400,993,993,992,992,500
1582161000,991,991,985,985,200
1582161600,987,993,987,993,300
1582162200,997,1006,997,1006,2200
1582162800,1007,1009,1006,1006,1100
1582163400,1001,1001,999,999,500
1582164000,1000,1001,994,995,1100
1582165200,996,996,992,994,1000
1582169400,994,994,977,982,1800
1582170000,986,986,986,986,100
1582170600,987,987,982,983,600
1582171800,989,989,989,989,200
1582173000,989,990,987,987,400
1582173600,990,991,990,991,200
1582174200,995,996,991,996,500
1582174800,997,1003,997,1002,1900
1582175400,1001,1011,1000,1011,1500
1582176000,1005,1005,998,998,1000
1582176600,997,1001,997,1001,1200
1582177200,999,1002,999,1000,1000
1582177800,1000,1000,989,999,1600
1582178400,1000,1000,1000,1000,1100
1582243200,990,1006,990,1005,1500
1582243800,1005,1013,1005,1005,1500
1582244400,1009,1012,1004,1004,1300
1582245000,1005,1005,990,996,3000
1582245600,996,1000,996,1000,700
1582246200,998,998,998,998,300
1582246800,999,999,999,999,100
1582247400,996,996,995,995,1500
1582248600,997,997,997,997,100
1582249200,1001,1002,1000,1000,400
1582249800,1001,1001,1001,1001,100
1582250400,1000,1000,1000,1000,100
1582251600,998,998,995,995,700
1582255800,994,996,991,991,1200
1582256400,995,997,995,997,300
1582257000,995,995,991,991,400
1582257600,990,992,989,991,1300
1582258200,990,990,990,990,200
1582260000,991,992,989,992,300
1582260600,992,992,992,992,100
1582261200,992,993,988,993,700
1582261800,994,995,993,993,300
1582262400,989,994,989,994,1500
1582263600,995,995,990,991,1400
1582264200,990,993,990,993,400
1582589400,911,926,910,919,5400
1582590000,915,951,915,945,7500
1582590600,945,949,944,949,600
1582591200,942,944,939,944,1600
1582593000,948,949,948,949,300
1582593600,952,956,952,952,700
1582594200,948,950,946,950,400
1582594800,957,960,957,960,1400
1582595400,954,955,954,955,600
1582596000,954,958,951,951,700
1582596600,953,973,953,970,2400
1582597200,971,971,964,964,1000
1582601400,968,983,968,975,6100
1582602000,972,972,970,970,500
1582603200,977,977,971,971,200
1582603800,974,977,974,977,200
1582604400,977,977,977,977,200
1582605000,979,980,973,973,1100
1582605600,975,975,975,975,100
1582606200,977,977,972,972,400
1582607400,971,975,970,970,1000
1582608000,970,970,968,968,700
1582608600,972,976,972,976,200
1582609200,972,972,970,970,300
1582609800,967,967,965,967,900
1582610400,961,961,961,961,100
1582675200,946,953,931,945,3700
1582675800,950,950,933,940,1600
1582676400,940,940,934,934,600
1582677000,936,937,935,935,900
1582677600,935,935,932,932,400
1582678200,933,933,918,924,2300
1582678800,924,924,908,915,3400
1582679400,913,913,905,906,2500
1582680000,912,913,912,913,300
1582680600,908,908,901,901,1900
1582681200,901,903,900,901,1600
1582681800,900,900,890,891,3500
1582682400,890,892,882,883,3100
1582683000,892,897,892,897,500
1582687800,899,908,899,901,1000
1582688400,910,911,910,910,1000
1582689000,908,910,908,910,600
1582689600,911,932,911,916,4600
1582690200,915,920,911,920,1500
1582690800,917,922,914,922,900
1582693200,914,917,909,917,900
1582696200,912,950,911,950,7500
1582696800,934,934,934,934,200
1582761600,934,946,929,946,3500
1582762200,942,947,926,947,3600
1582762800,943,957,943,957,900
1582763400,954,954,950,950,400
1582764000,953,953,951,951,500
1582764600,945,945,943,943,600
1582765200,941,960,932,952,3700
1582765800,947,951,939,951,3200
1582766400,945,945,945,945,1000
1582767000,947,952,947,952,1300
1582767600,948,955,948,952,2500
1582768200,952,958,946,958,3100
1582768800,953,953,948,950,1900
1582769400,948,950,948,950,500
1582770000,948,948,934,937,800
1582774200,934,936,925,928,2900
1582774800,928,931,922,922,2100
1582775400,923,923,917,917,500
1582776000,920,920,920,920,100
1582776600,923,923,915,915,400
1582777200,911,911,902,904,1500
1582777800,906,907,903,907,2200
1582778400,905,905,901,901,1000
1582779000,903,903,900,900,1000
1582779600,901,908,899,908,3100
1582780200,912,912,906,906,400
1582780800,904,904,902,902,200
1582781400,898,901,898,901,200
1582782000,901,901,891,894,1200
1582782600,897,924,897,923,3100
1582783200,913,913,913,913,400
1582848000,888,897,881,881,3400
1582848600,883,888,850,860,7900
1582849200,864,869,852,852,3200
1582849800,848,868,848,868,1700
1582850400,865,872,857,872,2100
1582851000,872,881,872,880,3500
1582851600,886,886,881,881,600
1582852200,877,877,870,870,500
1582852800,870,870,860,860,200
1582853400,860,863,860,863,400
1582854600,861,861,858,858,1700
1582855200,856,856,850,850,900
1582855800,850,855,850,852,2000
1582856400,852,852,852,852,200
1582857000,852,852,852,852,100
1582860600,851,857,832,836,5500
1582861200,838,842,826,827,3700
1582861800,840,844,836,844,2300
1582862400,840,840,836,836,300
1582863000,837,837,833,833,1100
1582863600,830,831,819,822,4900
1582864200,820,826,820,826,1200
1582864800,826,826,820,820,1200
1582865400,820,820,812,815,1700
1582866000,815,828,815,827,1700
1582867200,825,850,825,850,6000
1582867800,830,835,830,835,1100
1582868400,821,821,820,820,400
1582869000,820,830,802,830,3200
1582869600,854,854,854,854,1900
1583107200,824,866,824,866,2300
1583107800,854,854,843,843,500
1583108400,843,843,839,842,700
1583109000,838,846,838,846,4300
1583109600,845,845,845,845,200
1583110200,845,860,845,852,4000
1583110800,860,860,854,854,400
1583112000,860,915,860,915,5300
1583112600,915,915,888,888,500
1583114400,891,898,891,898,700
1583115000,904,915,904,915,600
1583115600,905,905,892,902,300
1583119800,926,926,920,926,1800
1583120400,921,921,918,918,700
1583121000,912,912,900,900,700
1583121600,900,906,898,898,2600
1583122200,890,890,890,890,900
1583122800,895,895,886,886,200
1583123400,889,889,877,877,900
1583124000,878,889,878,889,700
1583124600,894,894,894,894,100
1583125200,888,898,888,898,1200
1583126400,896,896,890,890,2200
1583127000,888,893,888,893,500
1583127600,882,892,882,892,2000
1583128200,889,893,885,885,1500
1583193600,940,940,940,940,2100
1583194200,937,940,908,914,9200
1583194800,915,928,915,928,1100
1583195400,925,925,915,915,1100
1583196000,913,913,910,911,900
1583196600,914,926,910,925,3000
1583197200,930,930,930,930,100
1583197800,926,926,924,924,1600
1583198400,917,920,915,920,700
1583199000,917,917,917,917,200
1583199600,912,912,905,905,300
1583200200,902,905,899,905,800
1583200800,898,898,898,898,100
1583201400,901,901,901,901,100
1583202000,901,910,901,906,400
1583206200,899,901,899,900,800
1583206800,898,898,898,898,100
1583207400,895,895,895,895,100
1583208000,893,893,892,892,300
1583208600,898,898,898,898,100
1583209200,895,895,895,895,300
1583209800,894,894,874,877,5300
1583210400,877,877,877,877,300
1583211000,887,894,884,884,1600
1583213400,885,890,885,890,200
1583214000,888,888,887,888,600
1583214600,892,892,888,888,600
1583215200,884,884,884,884,1500
1583280000,862,880,862,880,2900
1583280600,889,894,888,890,1900
1583281200,889,889,881,881,200
1583281800,888,888,888,888,200
1583282400,892,894,892,894,500
1583283000,891,891,891,891,100
1583286000,892,892,892,892,100
1583287200,889,889,889,889,600
1583288400,890,890,890,890,100
1583289000,890,890,890,890,100
1583292600,881,889,873,887,6400
1583293200,891,899,891,899,400
1583293800,892,892,881,886,700
1583295000,884,884,884,884,100
1583296200,885,885,885,885,100
1583296800,886,886,882,884,600
1583297400,880,880,880,880,100
1583298600,882,882,882,882,100
1583299800,884,890,884,890,2100
1583300400,894,894,894,894,400
1583301000,892,900,892,900,1600
1583301600,896,896,896,896,300
1583366400,902,906,902,905,500
1583367000,894,894,894,894,100
1583368800,903,912,903,912,700
1583370000,902,920,902,920,300
1583370600,920,925,913,921,900
1583371200,922,922,922,922,200
1583371800,927,928,927,928,200
1583372400,921,921,918,919,400
1583373000,918,918,918,918,100
1583374800,912,912,911,912,1000
1583379000,907,907,907,907,300
1583379600,908,911,908,910,300
1583380200,907,907,906,906,500
1583380800,906,907,906,907,600
1583381400,905,905,901,901,2000
1583382000,902,902,902,902,200
1583382600,901,904,901,904,300
1583383800,902,902,890,890,2300
1583384400,889,890,887,887,500
1583385000,890,890,888,890,900
1583385600,888,888,888,888,300
1583386200,888,910,888,909,4600
1583387400,913,938,913,924,3500
1583388000,926,926,926,926,500
1583452800,929,929,929,929,300
1583454600,916,916,901,909,700
1583455200,920,929,920,929,1000
1583455800,917,917,917,917,200
1583456400,918,918,917,917,900
1583457000,917,917,917,917,100
1583457600,917,917,917,917,100
1583458200,920,920,919,919,500
1583458800,920,920,920,920,400
1583461200,926,926,926,926,400
1583465400,922,926,922,923,600
1583466000,922,927,922,927,500
1583466600,922,922,920,920,1000
1583467200,920,924,920,924,600
1583467800,927,931,927,931,800
1583468400,932,932,932,932,300
1583469000,935,945,935,945,1300
1583469600,953,994,953,981,5400
1583470200,978,978,972,972,400
1583470800,974,975,970,970,1700
1583471400,966,969,964,969,600
1583472000,968,973,968,973,600
1583472600,973,973,968,968,1000
1583473200,967,979,967,973,5900
1583473800,975,1009,975,1009,7200
1583712000,990,990,990,990,1600
1583712600,987,987,935,950,1700
1583713200,941,941,917,937,2000
1583713800,923,950,917,940,3900
1583715000,934,934,934,934,100
1583715600,949,949,949,949,100
1583716200,940,940,920,920,1500
1583716800,922,922,915,915,1600
1583717400,915,915,903,904,2800
1583718000,905,905,893,893,1900
1583719200,900,903,900,903,500
1583719800,905,905,905,905,100
1583720400,905,905,887,887,1600
1583724600,932,932,932,932,1500
1583725200,929,942,925,942,4200
1583725800,942,950,942,950,1000
1583726400,955,1000,955,984,5100
1583727000,989,989,988,988,200
1583728200,976,976,975,975,500
1583729400,986,999,983,999,3000
1583730600,986,986,985,985,200
1583731200,982,989,982,989,200
1583731800,981,981,950,950,700
1583732400,951,951,951,951,100
1583733000,951,985,951,985,2600
1583799000,895,910,895,910,5500
1583799600,902,919,899,919,1100
1583800200,919,919,911,911,200
1583800800,907,923,907,923,300
1583801400,928,934,928,934,500
1583802000,944,950,944,950,800
1583802600,951,951,951,951,200
1583805000,955,956,950,950,700
1583805600,956,956,951,956,800
1583806200,958,958,958,958,300
1583806800,958,958,950,950,500
1583811000,945,953,944,944,2000
1583811600,945,949,945,949,600
1583812800,949,949,949,949,200
1583813400,945,945,940,940,200
1583814000,944,944,944,944,200
1583814600,942,942,942,942,100
1583815200,935,942,935,942,700
1583815800,936,952,936,952,500
1583816400,946,963,946,963,2600
1583817000,967,967,967,967,200
1583817600,968,975,966,975,2800
1583818200,980,980,977,977,1200
1583819400,985,993,979,993,1400
1583820000,980,980,980,980,500
1583884800,1029,1029,999,1002,2800
1583885400,1002,1002,978,978,800
1583886000,981,987,972,984,1400
1583886600,972,972,969,969,500
1583887800,977,977,976,976,500
1583889000,971,976,971,976,600
1583889600,982,982,978,978,300
1583890200,976,976,960,960,1200
1583890800,957,957,955,957,600
1583891400,957,960,957,960,400
1583892000,961,964,952,952,600
1583892600,955,980,955,979,2400
1583893200,966,966,966,966,300
1583899200,996,1020,990,1020,2500
1583901000,1009,1010,1009,1010,400
1583901600,1010,1010,1001,1001,200
1583902800,997,997,996,996,300
1583903400,992,992,991,991,500
1583904000,982,982,973,973,300
1583904600,971,972,967,972,700
1583905800,970,970,970,970,200
1583906400,966,966,966,966,300
1583971200,951,951,928,929,2900
1583971800,928,928,920,920,300
1583972400,927,927,926,926,700
1583973000,927,927,927,927,500
1583974200,934,934,930,930,300
1583974800,935,939,935,936,1900
1583975400,936,936,916,917,3300
1583976000,917,917,910,910,800
1583977200,914,914,914,914,500
1583978400,914,915,907,915,3200
1583979000,914,950,914,930,3900
1583979600,920,920,920,920,100
1583983800,924,924,924,924,100
1583984400,931,950,931,950,2000
1583985000,941,960,941,960,2000
1583989800,941,943,939,939,800
1583990400,935,935,925,925,200
1583991000,922,922,922,922,300
1583991600,925,925,921,921,500
1583992200,921,928,918,918,1500
1583992800,919,919,919,919,200
1584058200,852,852,829,840,3300
1584058800,844,844,830,835,600
1584059400,832,839,832,839,500
1584060000,819,824,804,804,800
1584060600,804,820,804,820,1000
1584061200,819,849,819,849,6100
1584061800,830,830,825,825,1800
1584062400,829,829,829,829,200
1584063000,829,829,822,822,400
1584063600,822,822,822,822,100
1584064200,822,822,822,822,100
1584064800,822,822,822,822,400
1584065400,822,822,822,822,200
1584066000,820,820,817,817,200
1584070200,817,825,817,819,1900
1584070800,823,824,820,820,1500
1584071400,820,826,820,826,200
1584072000,826,827,826,827,300
1584072600,823,823,820,820,500
1584073200,820,820,820,820,100
1584073800,827,830,827,830,400
1584074400,833,843,833,835,2100
1584075600,843,867,843,865,2800
1584076200,868,881,868,881,500
1584076800,881,896,881,896,200
1584077400,881,881,881,881,200
1584078000,885,915,885,900,4600
1584078600,960,960,935,935,2700
1584079200,930,930,930,930,300
1584316800,950,951,950,950,5500
1584317400,951,955,950,955,2600
1584318000,958,1000,958,967,5200
1584318600,976,976,976,976,100
1584319200,970,970,970,970,100
1584320400,963,963,950,950,1500
1584321000,955,955,925,925,12700
1584322800,933,961,933,961,1300
1584324000,961,961,961,961,100
1584325200,961,961,961,961,200
1584329400,961,961,961,961,200
1584331800,947,947,947,947,300
1584333000,946,946,946,946,100
1584334200,946,946,946,946,400
1584335400,940,940,940,940,200
1584336000,934,940,934,940,1400
1584336600,949,949,948,948,500
1584337200,948,948,948,948,500
1584337800,941,941,932,936,1300
1584338400,931,931,925,925,1700
1584403200,900,900,885,890,2000
1584403800,877,898,876,888,3500
1584404400,888,895,882,890,2000
1584405000,890,903,886,886,2100
1584405600,892,905,892,895,1000
1584406200,897,897,894,894,600
1584406800,891,899,891,899,500
1584407400,897,897,896,896,200
1584408000,901,937,901,937,7400
1584409200,924,924,917,917,400
1584409800,896,897,896,897,200
1584410400,890,890,884,884,600
1584411000,883,883,878,882,1900
1584411600,886,886,886,886,300
1584415800,901,910,899,908,1500
1584416400,900,900,900,900,400
1584418200,905,905,905,905,400
1584418800,900,900,893,893,1700
1584420600,899,912,899,911,500
1584421200,905,905,905,905,200
1584422400,912,912,912,912,100
1584423000,908,908,899,899,700
1584423600,899,912,899,912,1000
1584424200,910,910,910,910,100
1584424800,911,911,911,911,100
1584489600,956,956,956,956,100
1584490200,941,956,933,956,2100
1584491400,945,945,934,935,1300
1584492000,930,930,925,925,700
1584492600,924,924,924,924,200
1584493800,929,930,929,930,700
1584494400,931,931,931,931,500
1584495000,937,944,937,944,500
1584495600,939,939,939,939,100
1584498000,942,946,942,946,500
1584502200,946,946,938,938,400
1584503400,932,932,932,932,300
1584504000,931,931,931,931,100
1584504600,931,931,930,930,800
1584505200,928,928,925,925,500
1584505800,924,924,923,923,300
1584506400,923,923,922,922,500
1584507000,923,928,921,926,1300
1584507600,930,930,926,930,3900
1584508200,933,933,930,930,500
1584508800,923,928,921,928,300
1584509400,920,920,911,913,5000
1584510600,909,912,906,906,1400
1584511200,906,906,906,906,300
1584576000,934,934,934,934,200
1584577200,933,933,920,931,1000
1584577800,931,931,931,931,100
1584578400,924,929,923,929,400
1584579000,914,914,914,914,100
1584579600,914,914,914,914,100
1584580200,918,919,911,919,800
1584582000,914,919,914,919,300
1584582600,913,913,910,910,300
1584583200,912,918,912,918,1200
1584583800,915,924,915,919,1900
1584584400,915,915,910,914,700
1584588600,929,929,929,929,300
1584589200,907,927,907,927,600
1584589800,914,915,907,907,1400
1584590400,905,912,905,912,400
1584591000,903,903,903,903,200
1584592800,904,908,904,908,300
1584595200,915,915,915,915,300
1584595800,916,927,915,927,1200
1584596400,920,920,920,920,100
1584597000,919,925,919,925,300
1584597600,920,920,920,920,100
1584921600,905,905,901,901,400
1584923400,910,910,910,910,400
1584924000,913,917,913,917,900
1584924600,916,916,902,902,1000
1584925200,901,901,901,901,200
1584925800,908,914,908,911,1000
1584927000,909,909,909,909,100
1584927600,907,907,907,907,100
1584929400,904,904,900,900,1300
1584930000,898,920,889,920,4700
1584934200,905,905,905,905,100
1584934800,917,932,917,932,1300
1584935400,944,944,944,944,100
1584936000,944,944,944,944,1800
1584937200,929,929,929,929,100
1584940800,932,932,932,932,100
1584941400,929,945,929,941,600
1584942600,940,940,940,940,100
1584943200,939,939,939,939,100
1585009800,924,925,920,920,800
1585011600,920,920,920,920,100
1585012200,920,920,920,920,100
1585014000,912,912,912,912,200
1585014600,906,906,906,906,200
1585015800,908,924,907,914,1800
1585016400,914,914,914,914,100
1585020600,914,914,914,914,200
1585021200,914,914,914,914,300
1585021800,908,911,908,911,200
1585023000,915,930,915,930,2000
1585023600,937,937,937,937,100
1585024200,936,936,936,936,100
1585024800,936,949,936,949,500
1585025400,950,950,950,950,400
1585027800,936,936,936,936,100
1585028400,938,938,938,938,100
1585029000,949,949,939,939,1800
1585029600,942,942,942,942,400
1585094400,980,986,979,986,1500
1585095000,971,971,971,971,100
1585095600,956,958,956,957,1200
1585096800,965,965,965,965,100
1585097400,965,965,965,965,600
1585098600,963,963,961,961,500
1585099800,955,967,955,967,300
1585102200,969,969,969,969,100
1585107000,956,956,955,955,300
1585107600,962,988,962,988,7100
1585108200,987,995,972,972,8600
1585108800,987,1007,987,1007,4900
1585109400,1012,1012,1012,1012,100
1585110000,1013,1013,1006,1012,2400
1585110600,1020,1022,990,1004,2300
1585111200,1004,1004,1000,1000,400
1585112400,1001,1001,1001,1001,100
1585113000,1003,1003,1003,1003,100
1585113600,1001,1001,1001,1001,100
1585114200,1002,1017,1000,1017,500
1585114800,1011,1022,1011,1021,2200
1585115400,1021,1030,999,1005,5600
1585116000,1010,1010,1010,1010,100
1585180800,990,990,981,981,15700
1585181400,980,980,969,969,1200
1585182000,971,971,971,971,100
1585182600,975,975,972,972,500
1585187400,976,976,976,976,100
1585188600,982,982,982,982,100
1585194000,982,985,982,985,600
1585194600,987,1000,977,1000,6400
1585195200,1003,1003,1003,1003,100
1585196400,1001,1001,1001,1001,100
1585197000,1001,1001,1001,1001,200
1585197600,1001,1001,995,995,1500
1585198200,1001,1001,988,988,300
1585199400,981,1004,981,987,2600
1585200000,1009,1009,1009,1009,300
1585200600,1005,1008,1005,1008,200
1585201800,996,1015,996,1015,1800
1585202400,997,997,997,997,100
1585267200,1000,1000,999,999,7800
1585267800,997,997,997,997,100
1585271400,985,996,980,996,700
1585272600,991,996,991,996,400
1585273800,982,982,980,980,1000
1585275000,980,980,970,970,1100
1585275600,960,960,960,960,100
1585279800,961,963,961,963,300
1585280400,961,961,956,956,900
1585281000,962,965,962,965,800
1585281600,970,974,970,974,200
1585284000,976,998,976,998,5300
1585284600,988,988,978,978,300
1585285800,970,970,958,958,1000
1585286400,969,971,963,971,900
1585287000,971,999,968,977,5600
1585287600,970,970,969,969,700
1585288200,971,984,960,974,1100
1585288800,978,978,978,978,200
1585526400,955,955,918,932,2200
1585527000,938,945,938,940,1800
1585528200,934,934,923,923,700
1585528800,924,924,924,924,700
1585529400,925,930,915,915,3600
1585530600,917,917,917,917,800
1585531200,924,924,924,924,600
1585532400,921,921,921,921,100
1585533000,920,920,920,920,500
1585534200,921,922,920,922,400
1585534800,924,924,924,924,100
1585539000,917,919,907,909,3800
1585539600,912,912,912,912,100
1585540200,919,919,919,919,100
1585541400,910,910,910,910,100
1585542000,912,912,902,902,1700
1585542600,909,915,909,913,1600
1585543200,911,911,911,911,500
1585543800,908,908,907,908,1200
1585544400,914,917,908,917,600
1585545000,920,922,920,922,800
1585545600,929,929,929,929,100
1585546200,929,935,916,935,2000
1585546800,922,945,918,930,4000
1585547400,930,955,924,940,7200
1585548000,940,940,940,940,200
1585612800,940,940,940,940,100
1585614000,950,955,950,955,1500
1585614600,960,975,960,962,2600
1585615800,948,948,946,947,300
1585618800,954,959,954,959,200
1585621200,964,964,964,964,100
1585625400,954,954,954,954,200
1585627200,949,949,949,949,500
1585627800,937,937,932,932,400
1585630200,921,924,921,924,1000
1585632000,932,932,928,928,1000
1585632600,929,932,923,932,600
1585633200,933,933,933,933,100
1585633800,936,936,936,936,200
1585634400,948,948,948,948,400
1585699800,1010,1043,985,1042,30800
1585700400,1042,1067,925,950,32900
1585701000,951,960,930,960,3700
1585701600,963,970,956,956,1200
1585702200,954,954,934,935,1300
1585702800,947,947,946,946,200
1585703400,938,940,912,912,5000
1585704000,913,913,900,900,2500
1585704600,912,912,912,912,300
1585705200,911,911,906,906,1600
1585705800,915,922,915,922,400
1585706400,935,935,930,930,400
1585707600,926,926,913,913,700
1585711800,928,928,915,918,900
1585712400,918,918,917,917,900
1585713000,921,922,918,921,800
1585713600,923,927,921,921,2100
1585714800,924,924,924,924,100
1585716000,918,918,918,918,100
1585717200,926,926,926,926,200
1585717800,926,926,926,926,200
1585719000,918,918,895,895,5500
1585719600,901,901,894,894,1600
1585720200,894,910,894,897,1400
1585720800,926,926,926,926,1000
1585785600,911,929,900,929,6000
1585786200,929,934,929,934,1000
1585786800,914,914,914,914,100
1585787400,914,914,914,914,600
1585788600,907,907,899,899,1200
1585789200,898,901,898,901,600
1585789800,901,901,901,901,100
1585790400,906,910,906,910,1000
1585791000,901,913,901,913,1100
1585792200,904,904,904,904,100
1585798200,900,901,897,901,700
1585798800,903,904,903,904,500
1585800600,901,901,899,899,700
1585801200,900,900,892,892,1200
1585802400,896,896,896,896,200
1585803000,892,892,892,892,500
1585803600,891,893,890,893,1600
1585804200,894,894,894,894,100
1585806600,895,898,892,892,700
1585872000,899,899,870,870,4400
1585872600,875,876,866,867,1000
1585873200,867,875,867,875,1000
1585873800,874,875,874,875,500
1585874400,863,863,862,862,200
1585875000,863,863,838,851,3200
1585875600,851,851,846,847,1200
1585876200,844,844,843,843,600
1585877400,844,849,842,842,1200
1585878000,840,840,835,835,900
1585879200,840,840,840,840,100
1585880400,840,842,840,842,500
1585884600,842,843,840,840,1100
1585885200,840,840,840,840,100
1585885800,840,840,840,840,300
1585887000,840,840,840,840,1600
1585887600,840,863,840,862,2100
1585890600,852,852,852,852,200
1585891200,855,855,852,852,500
1585893000,850,850,850,850,100
1585893600,850,850,850,850,800
1586131200,839,839,825,825,600
1586131800,828,828,827,827,200
1586132400,827,829,827,829,900
1586133000,830,830,827,830,1600
1586133600,833,833,811,816,2100
1586134200,821,822,821,822,200
1586134800,819,822,819,822,700
1586135400,820,820,820,820,200
1586136000,813,813,806,810,2900
1586136600,809,809,799,799,5600
1586137200,801,801,790,798,900
1586137800,798,798,798,798,600
1586139000,799,799,799,799,200
1586139600,795,795,786,786,2500
1586143800,785,799,785,799,1000
1586145000,800,800,793,793,400
1586145600,793,793,793,793,100
1586146200,791,792,791,792,300
1586146800,791,791,787,787,1400
1586147400,790,790,790,790,100
1586148000,795,795,789,795,1300
1586148600,797,799,797,799,1200
1586149200,799,800,799,800,300
1586150400,800,800,800,800,500
1586151000,794,794,789,789,1700
1586151600,802,803,802,803,600
1586152200,793,795,785,791,2500
1586152800,792,792,792,792,200
1586217600,790,795,787,795,14800
1586218200,796,796,788,788,2200
1586218800,787,793,782,782,800
1586219400,782,783,764,778,1500
1586220000,778,778,778,778,300
1586220600,770,770,770,770,100
1586221200,776,788,776,788,1800
1586222400,788,801,788,801,2100
1586223600,806,812,806,812,400
1586224800,810,810,810,810,100
1586225400,799,799,784,784,500
1586226000,787,787,787,787,200
1586230200,780,785,778,781,1800
1586230800,776,781,771,773,1100
1586231400,776,776,770,770,1000
1586232000,769,773,769,773,400
1586233200,785,785,785,785,100
1586234400,789,789,789,789,2000
1586235600,788,789,788,789,900
1586236200,789,790,789,790,300
1586238000,792,796,789,796,400
1586238600,797,800,797,800,300
1586239200,795,795,795,795,100
1586304000,810,810,795,795,1200
1586304600,791,791,791,791,300
1586305200,786,790,786,790,2000
1586305800,794,810,794,810,3600
1586306400,814,818,814,818,200
1586308200,816,816,816,816,100
1586309400,817,817,817,817,100
1586310000,818,820,818,820,400
1586311200,820,820,813,819,1300
1586316600,820,831,816,816,5600
1586317200,817,817,817,817,500
1586319000,824,831,824,831,400
1586321400,833,834,832,834,300
1586322000,831,831,822,822,400
1586322600,828,831,823,831,3200
1586323800,830,834,830,834,2000
1586325600,834,834,834,834,100
1586390400,827,827,827,827,600
1586391000,833,833,831,831,500
1586391600,831,831,821,828,4000
1586392800,843,860,843,860,1000
1586393400,850,859,850,850,500
1586395200,860,871,860,871,800
1586395800,872,883,872,883,2500
1586397000,868,877,868,877,200
1586403000,868,868,862,863,1100
1586403600,862,862,860,861,1700
1586405400,862,862,862,862,100
1586406600,854,863,854,863,400
1586408400,863,863,858,858,200
1586412000,854,854,854,854,300
1586476800,869,869,869,869,500
1586477400,854,856,854,856,600
1586479200,857,862,857,862,1000
1586479800,860,860,860,860,100
1586481600,860,869,860,869,1900
1586483400,864,864,862,862,200
1586485200,866,866,866,866,100
1586489400,870,881,870,881,600
1586494200,880,881,880,881,1000
1586494800,879,884,879,884,3200
1586495400,884,885,884,885,2500
1586496600,882,882,882,882,100
1586497200,882,886,878,884,2000
1586497800,884,893,884,893,6700
1586498400,895,895,895,895,500
1586736000,880,880,877,877,600
1586737200,878,878,862,862,1500
1586737800,863,863,861,861,300
1586739000,861,861,853,853,800
1586739600,857,857,854,854,300
1586740800,862,866,862,866,200
1586741400,867,867,867,867,100
1586742600,864,867,864,867,500
1586744400,868,870,868,870,200
1586748600,863,867,863,864,500
1586750400,859,859,859,859,100
1586751600,856,856,840,844,1900
1586752800,845,850,845,850,500
1586755200,846,846,846,846,100
1586756400,847,847,847,847,100
1586757000,850,851,847,847,400
1586757600,847,847,847,847,100
1586822400,857,857,857,857,100
1586823000,843,843,835,835,800
1586824200,833,838,833,838,300
1586825400,842,842,842,842,100
1586828400,844,844,844,844,100
1586829000,849,851,849,851,300
1586835000,851,851,851,851,100
1586836800,848,857,848,849,1100
1586841000,848,849,848,849,500
1586844000,853,853,853,853,100
1586909400,847,847,845,845,200
1586910000,841,841,840,840,300
1586910600,844,846,844,846,300
1586911800,850,854,850,854,900
1586921400,860,865,860,865,200
1586924400,860,860,855,855,300
1586925000,862,865,862,865,400
1586925600,862,862,862,862,100
1586926200,866,875,866,875,1100
1586926800,871,871,871,871,100
1586927400,870,870,870,870,600
1586928000,864,873,864,870,300
1586928600,869,877,869,877,400
1586929200,878,878,878,878,200
1586929800,878,883,878,883,800
1586930400,884,884,884,884,300
1586995200,872,872,872,872,100
1586998800,883,883,883,883,100
1587000600,884,884,884,884,100
1587003600,884,884,884,884,100
1587007800,883,883,883,883,200
1587008400,883,883,883,883,400
1587010200,873,873,871,871,200
1587012000,870,870,869,869,200
1587012600,870,870,870,870,100
1587013200,859,859,859,859,100
1587013800,855,855,855,855,500
1587015600,854,854,853,853,200
1587016200,865,865,865,865,100
1587087000,856,866,852,852,400
1587094200,846,846,846,846,200
1587096600,847,847,844,844,500
1587099000,849,850,849,850,400
1587099600,855,856,855,856,500
1587102600,859,859,859,859,100
1587340800,850,850,850,850,100
1587343800,850,850,850,850,100
1587346200,846,846,834,834,1900
1587348000,839,841,839,841,300
1587353400,841,842,841,842,200
1587354600,849,855,849,853,700
1587356400,858,858,858,858,100
1587357000,858,858,858,858,100
1587357600,855,855,855,855,100
1587358800,855,855,852,852,200
1587360000,852,852,852,852,100
1587361200,853,853,853,853,100
1587427200,851,851,851,851,100
1587427800,845,845,845,845,100
1587428400,845,845,845,845,100
1587429000,843,843,843,843,100
1587429600,836,836,834,834,400
1587430200,833,833,831,831,300
1587430800,832,840,832,840,600
1587431400,835,835,831,831,700
1587432600,833,833,833,833,100
1587433200,833,833,832,832,300
1587435000,833,833,833,833,100
1587439800,833,833,827,831,4500
1587440400,833,838,833,838,700
1587441000,830,830,830,830,200
1587442200,827,835,827,835,200
1587444600,831,831,831,831,100
1587445800,832,832,831,831,300
1587448200,830,830,830,830,400
1587513600,825,825,825,825,100
1587516000,825,825,825,825,100
1587517200,822,822,822,822,100
1587526200,808,808,808,808,100
1587526800,809,816,809,816,300
1587528600,819,828,819,828,1300
1587529800,832,832,832,832,100
1587531000,833,833,833,833,100
1587532200,832,835,832,835,400
1587533400,836,836,836,836,100
1587534000,837,837,837,837,100
1587535200,837,837,837,837,100
1587600000,807,811,800,800,2300
1587600600,800,802,800,800,1300
1587601800,800,800,800,800,100
1587603000,797,797,785,792,2600
1587604800,800,800,800,800,100
1587605400,804,804,804,804,100
1587606000,803,803,803,803,200
1587606600,793,793,793,793,100
1587608400,792,792,792,792,100
1587612600,790,799,790,799,700
1587613200,797,797,797,797,200
1587613800,797,799,797,799,400
1587614400,792,792,792,792,100
1587615600,797,802,797,800,800
1587617400,800,800,800,800,400
1587619200,801,829,801,826,4600
1587620400,826,826,817,823,500
1587621000,818,818,815,815,600
1587686400,800,808,800,801,1200
1587688200,805,805,805,805,100
1587688800,825,826,825,826,1100
1587690000,823,823,823,823,400
1587699000,822,822,822,822,100
1587699600,817,817,817,817,100
1587700800,831,831,831,831,100
1587705600,817,817,812,814,600
1587706200,815,815,815,815,300
1587707400,815,815,811,815,500
1587708000,820,820,820,820,100
1587945600,805,805,805,805,100
1587946200,805,807,805,807,200
1587946800,807,807,807,807,900
1587947400,810,810,810,810,200
1587948000,816,832,816,832,2900
1587948600,847,877,847,877,4600
1587949200,868,868,868,868,200
1587949800,869,869,855,855,1200
1587951000,860,868,860,868,600
1587952800,862,867,862,867,200
1587953400,866,866,866,866,100
1587954000,865,865,865,865,100
1587958200,862,877,862,873,7600
1587958800,875,877,875,877,700
1587960000,879,885,879,885,1900
1587960600,887,890,878,878,2200
1587961200,880,883,872,881,1100
1587963600,887,896,887,896,1700
1587964200,899,900,899,900,300
1587964800,899,900,899,900,1200
1587965400,904,909,904,906,1400
1587966600,896,896,895,895,300
1587967200,904,904,904,904,200
1588032000,905,905,905,905,300
1588032600,920,920,920,920,100
1588033200,924,924,924,924,300
1588033800,924,928,924,926,1700
1588034400,924,924,923,924,2000
1588035000,932,932,932,932,100
1588035600,940,955,940,955,2600
1588036200,964,984,964,966,3900
1588036800,966,966,965,965,600
1588037400,956,956,953,955,400
1588038000,955,955,955,955,100
1588038600,955,955,955,955,100
1588039200,954,954,954,954,100
1588040400,954,960,954,960,1000
1588044600,965,983,965,976,7900
1588045200,974,974,974,974,100
1588045800,968,968,968,968,100
1588046400,968,968,963,963,1600
1588047000,970,980,970,980,2000
1588048200,979,979,973,973,300
1588048800,980,980,980,980,100
1588050000,984,986,984,986,300
1588050600,987,990,987,990,700
1588051200,990,991,990,991,1500
1588052400,991,995,991,995,600
1588053000,995,998,995,998,600
1588053600,998,998,998,998,800
1588204800,1007,1007,991,991,1400
1588205400,991,991,991,991,100
1588206000,996,1008,996,1008,2000
1588206600,1009,1029,1008,1027,10400
1588207200,1027,1041,1027,1035,3700
1588207800,1036,1054,1036,1054,2500
1588208400,1054,1070,1054,1062,5000
1588209000,1057,1100,1054,1100,10300
1588209600,1109,1147,1091,1120,8700
1588210200,1123,1140,1123,1140,1500
1588210800,1140,1140,1075,1075,8200
1588211400,1085,1115,1083,1109,6100
1588212000,1090,1099,1081,1090,3200
1588212600,1090,1100,1082,1100,1600
1588213200,1114,1114,1085,1085,600
1588217400,1114,1114,1075,1086,1500
1588218000,1085,1099,1085,1099,200
1588218600,1094,1094,1094,1094,400
1588219200,1093,1095,1085,1085,1200
1588219800,1085,1085,1085,1085,100
1588220400,1083,1083,1080,1080,900
1588221000,1088,1094,1088,1094,1300
1588221600,1077,1077,1074,1074,1200
1588222200,1074,1085,1058,1085,2200
1588222800,1065,1089,1065,1088,1600
1588223400,1088,1088,1088,1088,300
1588224000,1072,1073,1058,1058,5300
1588224600,1067,1067,1067,1067,1100
1588225200,1070,1083,1070,1083,2100
1588225800,1080,1080,1080,1080,100
1588226400,1062,1062,1062,1062,900
1588291200,1079,1079,997,997,6300
1588292400,1078,1078,1045,1045,1600
1588293000,1029,1029,1029,1029,100
1588293600,1045,1045,1045,1045,800
1588294200,1038,1038,1033,1033,1600
1588295400,1070,1077,1037,1037,6100
1588296000,1037,1037,1037,1037,100
1588296600,1056,1066,1039,1066,2000
1588297200,1080,1135,1071,1080,15300
1588297800,1085,1085,1051,1051,1900
1588298400,1063,1063,1063,1063,300
1588299000,1074,1085,1074,1085,2200
1588299600,1082,1082,1070,1070,600
1588303800,1070,1141,1052,1065,27700
1588304400,1060,1060,990,990,12500
1588305000,986,1000,982,997,2300
1588305600,997,997,995,995,200
1588306200,988,988,957,962,3000
1588306800,969,1000,969,996,7200
1588307400,996,997,991,991,1000
1588308000,998,1009,998,1009,3700
1588308600,995,995,995,995,200
1588309200,990,990,988,988,500
1588309800,988,988,966,966,1500
1588310400,961,962,955,955,700
1588311000,951,951,928,928,4600
1588311600,936,936,929,934,400
1588312200,935,944,927,943,2600
1588312800,935,935,935,935,900
1588809600,933,933,933,933,100
1588810200,926,938,925,938,1200
1588810800,945,945,945,945,100
1588811400,958,975,958,975,900
1588812600,970,970,970,970,100
1588813200,955,955,955,955,1000
1588813800,953,953,953,953,300
1588815000,957,957,957,957,100
1588816200,960,979,960,979,1200
1588817400,978,978,977,977,600
1588818000,974,974,971,971,200
1588822200,978,978,975,975,300
1588822800,975,979,975,979,500
1588823400,982,988,982,988,500
1588824600,998,1010,998,1010,700
1588825200,1014,1014,1014,1014,100
1588825800,1014,1014,1014,1014,400
1588826400,1017,1017,1017,1017,100
1588828200,1015,1015,1015,1015,200
1588828800,1015,1015,1015,1015,100
1588829400,1015,1015,1015,1015,300
1588830000,1018,1024,1018,1024,700
1588830600,1003,1003,1003,1003,200
1588831200,999,999,999,999,200
1588896000,1000,1000,993,993,1100
1588898400,1008,1014,1008,1014,700
1588899000,1015,1015,1006,1006,2100
1588899600,1006,1024,993,1024,3000
1588900200,1024,1024,1023,1023,600
1588900800,1022,1023,1018,1018,300
1588901400,1019,1019,1019,1019,100
1588902000,1023,1044,1023,1044,2000
1588903200,1045,1045,1045,1045,400
1588903800,1046,1046,1040,1040,700
1588904400,1035,1036,1033,1036,300
1588908600,1047,1047,1047,1047,200
1588909200,1047,1049,1047,1049,800
1588910400,1062,1062,1062,1062,100
1588911000,1066,1066,1066,1066,100
1588912200,1067,1067,1034,1034,400
1588914000,1043,1045,1043,1045,400
1588915200,1040,1040,1031,1035,1300
1588916400,1038,1038,1038,1038,300
1588917600,1038,1038,1038,1038,100
1589155200,1027,1052,1027,1052,700
1589155800,1069,1076,1069,1075,1300
1589156400,1075,1076,1071,1075,800
1589157000,1075,1080,1075,1080,600
1589157600,1082,1083,1082,1083,300
1589158200,1086,1096,1085,1096,2800
1589158800,1100,1100,1089,1089,1600
1589159400,1088,1088,1087,1087,200
1589160000,1085,1085,1084,1084,200
1589160600,1083,1083,1078,1078,500
1589161800,1082,1082,1082,1082,300
1589162400,1081,1081,1060,1060,1800
1589163000,1063,1064,1063,1064,400
1589163600,1065,1065,1055,1055,1400
1589167800,1060,1069,1060,1069,1300
1589173200,1077,1077,1077,1077,100
1589174400,1069,1069,1067,1067,300
1589175000,1059,1060,1059,1060,300
1589175600,1060,1067,1060,1067,700
1589176200,1063,1063,1060,1060,1300
1589176800,1051,1051,1051,1051,100
1589241600,1099,1099,1085,1085,1600
1589242200,1084,1084,1080,1080,300
1589244600,1070,1073,1055,1073,500
1589245800,1063,1063,1063,1063,100
1589246400,1064,1068,1060,1068,2000
1589247000,1076,1076,1076,1076,1100
1589250000,1076,1078,1074,1074,600
1589254200,1074,1075,1074,1075,400
1589254800,1072,1072,1071,1071,200
1589255400,1064,1064,1051,1051,1900
1589256000,1049,1050,1049,1050,1200
1589256600,1060,1060,1060,1060,200
1589257800,1056,1056,1052,1052,400
1589258400,1050,1050,1049,1049,200
1589259600,1048,1048,1048,1048,200
1589260200,1058,1062,1058,1062,600
1589262000,1065,1065,1056,1056,3100
1589262600,1060,1077,1060,1077,700
1589263200,1068,1068,1068,1068,200
1589328000,1051,1056,1051,1052,600
1589328600,1046,1046,1046,1046,200
1589329800,1047,1047,1047,1047,200
1589333400,1063,1063,1058,1058,500
1589334000,1054,1054,1054,1054,100
1589335200,1054,1054,1054,1054,100
1589340600,1084,1099,1080,1099,1500
1589341200,1083,1083,1083,1083,100
1589343600,1097,1097,1097,1097,400
1589349000,1085,1085,1080,1080,900
1589349600,1085,1085,1085,1085,200
1589414400,1085,1085,1085,1085,100
1589416800,1073,1073,1067,1067,1100
1589417400,1046,1053,1046,1053,200
1589419200,1054,1054,1054,1054,100
1589427000,1068,1068,1068,1068,600
1589428800,1064,1064,1064,1064,100
1589429400,1056,1056,1054,1054,500
1589430600,1051,1051,1040,1040,600
1589431800,1051,1051,1051,1051,100
1589432400,1051,1057,1048,1057,1200
1589433000,1057,1069,1057,1069,1100
1589434200,1077,1077,1077,1077,100
1589434800,1077,1077,1077,1077,500
1589435400,1074,1080,1074,1080,2400
1589436000,1085,1085,1085,1085,300
1589500800,1097,1104,1095,1104,8500
1589501400,1116,1136,1116,1129,1000
1589502000,1129,1129,1095,1116,1600
1589502600,1116,1116,1112,1115,1000
1589503200,1115,1120,1115,1120,600
1589503800,1127,1130,1124,1130,700
1589504400,1130,1130,1130,1130,800
1589505000,1130,1130,1130,1130,100
1589505600,1128,1128,1116,1116,1200
1589507400,1117,1117,1117,1117,100
1589508000,1117,1117,1113,1113,1000
1589508600,1118,1118,1113,1113,200
1589513400,1135,1135,1130,1130,800
1589514000,1118,1118,1114,1114,300
1589516400,1132,1132,1132,1132,100
1589517000,1130,1130,1130,1130,300
1589518200,1116,1116,1116,1116,100
1589518800,1115,1115,1112,1112,700
1589519400,1127,1127,1127,1127,100
1589520600,1127,1127,1127,1127,900
1589521200,1127,1128,1127,1128,700
1589521800,1120,1124,1120,1124,700
1589522400,1122,1122,1122,1122,600
1589761200,1380,1399,1333,1350,72500
1589761800,1350,1366,1272,1283,23300
1589762400,1284,1332,1258,1300,9300
1589763000,1302,1326,1226,1253,26200
1589763600,1245,1260,1214,1257,7300
1589764200,1273,1310,1268,1268,19700
1589764800,1272,1275,1248,1265,6200
1589765400,1265,1273,1242,1242,6500
1589766000,1260,1269,1243,1256,3600
1589766600,1262,1272,1252,1260,4300
1589767200,1262,1268,1246,1248,3800
1589767800,1245,1245,1223,1238,3300
1589768400,1236,1236,1220,1233,3200
1589772600,1245,1249,1229,1232,2500
1589773200,1222,1222,1220,1220,200
1589773800,1221,1221,1215,1219,1700
1589774400,1200,1200,1170,1182,2800
1589775000,1188,1188,1188,1188,100
1589775600,1208,1237,1204,1237,2200
1589776200,1241,1272,1241,1272,4700
1589776800,1274,1322,1274,1314,8200
1589777400,1315,1325,1309,1321,3800
1589778000,1326,1326,1295,1297,9700
1589778600,1297,1297,1282,1282,2800
1589779200,1281,1282,1278,1278,1400
1589779800,1280,1300,1280,1300,2400
1589780400,1305,1305,1293,1293,4300
1589781000,1291,1298,1274,1276,6800
1589781600,1278,1278,1278,1278,1800
1589846400,1289,1294,1284,1292,82100
1589847000,1291,1292,1270,1270,3800
1589847600,1270,1275,1267,1268,1900
1589848200,1282,1282,1272,1272,1200
1589848800,1277,1330,1277,1330,3800
1589849400,1334,1348,1334,1334,5600
1589850000,1340,1360,1330,1360,11100
1589850600,1364,1380,1353,1353,12400
1589851200,1358,1358,1319,1319,5900
1589851800,1318,1318,1299,1303,4600
1589852400,1303,1327,1303,1309,4800
1589853000,1309,1309,1308,1308,400
1589853600,1300,1300,1296,1299,800
1589854200,1296,1296,1296,1296,100
1589854800,1297,1312,1297,1312,1400
1589859000,1334,1353,1331,1350,6800
1589859600,1350,1350,1342,1349,3400
1589860200,1344,1350,1343,1350,2000
1589860800,1343,1353,1342,1353,2100
1589861400,1354,1354,1352,1352,400
1589862000,1351,1351,1343,1344,1900
1589862600,1350,1350,1343,1350,1900
1589863200,1351,1351,1343,1349,1100
1589863800,1351,1356,1343,1347,7600
1589864400,1346,1350,1345,1348,1100
1589865000,1347,1351,1337,1350,3700
1589865600,1337,1350,1332,1345,6900
1589866200,1345,1360,1343,1360,3600
1589866800,1361,1370,1360,1360,3000
1589867400,1358,1374,1354,1369,7300
1589868000,1368,1368,1368,1368,1800
1589932800,1326,1349,1326,1349,20700
1589933400,1349,1355,1330,1330,2900
1589934000,1325,1361,1317,1351,2200
1589934600,1353,1353,1349,1349,1200
1589935200,1368,1395,1368,1386,3600
1589935800,1384,1384,1360,1360,1500
1589936400,1360,1360,1360,1360,100
1589937600,1359,1359,1356,1356,300
1589939400,1351,1351,1351,1351,100
1589940600,1365,1365,1365,1365,400
1589941200,1363,1363,1349,1350,2600
1589945400,1350,1366,1349,1366,5800
1589946000,1368,1368,1353,1360,1600
1589946600,1360,1360,1360,1360,100
1589947200,1357,1357,1350,1350,1600
1589947800,1355,1355,1345,1350,1600
1589948400,1345,1352,1344,1352,900
1589949000,1357,1359,1355,1358,900
1589949600,1352,1355,1343,1355,1900
1589950200,1344,1354,1344,1348,800
1589950800,1353,1357,1353,1357,400
1589951400,1357,1357,1356,1356,300
1589952000,1360,1365,1357,1365,1600
1589952600,1365,1366,1358,1360,1400
1589953200,1364,1366,1350,1356,2400
1589953800,1352,1366,1346,1350,12900
1589954400,1359,1359,1359,1359,1200
1590019200,1329,1350,1329,1350,24800
1590019800,1353,1359,1348,1348,1600
1590020400,1350,1357,1350,1357,500
1590021000,1348,1350,1348,1350,1000
1590021600,1355,1362,1355,1362,2300
1590022200,1364,1368,1364,1368,2100
1590022800,1364,1370,1364,1370,1300
1590023400,1370,1396,1370,1395,9800
1590024000,1391,1400,1381,1385,9500
1590024600,1377,1400,1349,1349,11100
1590025200,1354,1355,1350,1353,1600
1590025800,1353,1353,1350,1350,600
1590026400,1357,1360,1357,1360,700
1590027000,1366,1387,1346,1347,4400
1590028200,1347,1347,1347,1347,100
1590031800,1350,1360,1350,1353,500
1590032400,1350,1350,1342,1347,1400
1590033000,1349,1370,1349,1350,1400
1590033600,1346,1351,1332,1333,1900
1590034200,1351,1380,1350,1370,8900
1590034800,1369,1369,1344,1347,3500
1590035400,1341,1348,1337,1337,1300
1590036000,1344,1344,1344,1344,100
1590037200,1352,1352,1352,1352,500
1590038400,1359,1367,1355,1355,2600
1590039000,1353,1356,1351,1355,1400
1590039600,1355,1362,1343,1352,5200
1590040200,1352,1352,1348,1350,1100
1590040800,1352,1352,1352,1352,500
1590105600,1382,1382,1370,1370,22800
1590106200,1387,1442,1385,1426,8100
1590106800,1424,1434,1410,1410,4900
1590107400,1408,1408,1390,1401,1900
1590108000,1395,1395,1385,1385,1000
1590109200,1398,1398,1390,1390,500
1590109800,1386,1386,1383,1383,800
1590111600,1385,1385,1369,1369,1700
1590113400,1382,1382,1382,1382,200
1590118200,1382,1382,1382,1382,36100
1590118800,1377,1377,1351,1360,1900
1590120600,1369,1369,1369,1369,300
1590121200,1364,1368,1359,1368,1100
1590121800,1361,1361,1361,1361,300
1590123000,1362,1362,1362,1362,300
1590123600,1357,1358,1357,1358,200
1590124200,1360,1360,1360,1360,100
1590125400,1362,1362,1354,1354,300
1590126000,1361,1361,1361,1361,300
1590126600,1355,1359,1339,1350,2500
1590127200,1336,1336,1336,1336,1700
1590364800,1327,1370,1285,1370,30200
1590365400,1375,1427,1375,1427,11900
1590366000,1427,1427,1387,1387,5200
1590366600,1395,1404,1390,1404,2200
1590367200,1392,1392,1369,1377,8900
1590367800,1375,1380,1375,1380,4300
1590368400,1387,1403,1386,1400,2200
1590369000,1405,1417,1404,1414,3400
1590369600,1414,1414,1405,1407,1600
1590370200,1407,1407,1394,1397,1600
1590370800,1390,1400,1390,1400,1400
1590371400,1391,1400,1391,1400,200
1590372000,1391,1391,1385,1385,1000
1590372600,1385,1385,1385,1385,100
1590373200,1390,1392,1382,1385,1400
1590377400,1385,1391,1378,1391,3200
1590378000,1384,1384,1384,1384,200
1590379200,1377,1377,1335,1341,4600
1590379800,1356,1362,1340,1362,1900
1590383400,1342,1342,1335,1335,1000
1590384000,1336,1336,1335,1335,300
1590384600,1324,1343,1324,1343,800
1590385200,1348,1348,1305,1305,4000
1590385800,1314,1347,1308,1326,2900
1590386400,1320,1320,1320,1320,1400
1590451200,1300,1337,1300,1307,700
1590451800,1308,1308,1308,1308,100
1590452400,1310,1310,1310,1310,200
1590453600,1319,1319,1309,1316,600
1590454200,1319,1319,1319,1319,100
1590456000,1302,1302,1302,1302,900
1590457800,1299,1315,1291,1315,300
1590458400,1298,1313,1291,1313,3000
1590459000,1312,1314,1312,1314,200
1590459600,1315,1330,1315,1330,1300
1590463800,1320,1330,1319,1330,3000
1590464400,1337,1337,1337,1337,400
1590465000,1321,1321,1302,1302,1300
1590467400,1326,1326,1326,1326,1100
1590471600,1325,1326,1317,1317,600
1590472200,1324,1326,1316,1323,2400
1590537600,1353,1392,1346,1373,12000
1590538200,1385,1389,1378,1378,4100
1590538800,1377,1378,1358,1358,1700
1590540000,1369,1377,1369,1377,900
1590540600,1368,1373,1368,1373,300
1590541200,1373,1374,1373,1374,1100
1590543000,1374,1380,1374,1380,2100
1590543600,1382,1410,1382,1403,11700
1590544200,1409,1438,1408,1423,9300
1590544800,1425,1433,1422,1432,8600
1590545400,1432,1432,1426,1432,4400
1590546000,1431,1431,1423,1423,3100
1590550200,1422,1424,1413,1413,8400
1590550800,1413,1413,1404,1410,1300
1590551400,1404,1404,1400,1400,700
1590552000,1399,1399,1399,1399,300
1590552600,1398,1398,1398,1398,100
1590553200,1398,1398,1396,1396,800
1590554400,1403,1403,1399,1400,1000
1590555000,1403,1413,1403,1412,6800
1590555600,1417,1426,1415,1415,8400
1590556200,1414,1426,1409,1417,8300
1590557400,1419,1419,1414,1414,900
1590558000,1406,1412,1400,1407,3100
1590558600,1405,1410,1398,1409,6200
1590559200,1409,1409,1409,1409,1400
1590624000,1407,1407,1375,1375,2700
1590624600,1373,1396,1360,1380,4300
1590625200,1394,1400,1394,1399,7200
1590626400,1399,1399,1392,1392,1700
1590627000,1385,1385,1378,1378,900
1590627600,1375,1375,1373,1373,200
1590628200,1372,1372,1362,1362,1100
1590628800,1366,1371,1366,1371,500
1590630600,1368,1376,1368,1376,500
1590631200,1383,1388,1383,1387,1200
1590632400,1386,1386,1381,1381,1200
1590636600,1377,1377,1371,1373,2100
1590637800,1371,1379,1371,1374,1800
1590638400,1377,1378,1377,1378,200
1590639000,1383,1385,1383,1385,900
1590640200,1382,1382,1382,1382,400
1590640800,1378,1378,1375,1375,1000
1590641400,1374,1374,1367,1367,2500
1590642000,1372,1379,1372,1376,3200
1590642600,1383,1383,1380,1380,900
1590643200,1383,1385,1383,1385,2700
1590643800,1386,1386,1384,1384,300
1590644400,1384,1389,1378,1378,1100
1590645000,1391,1391,1388,1388,2300
1590645600,1391,1391,1391,1391,400
1590710400,1410,1424,1410,1424,1200
1590711000,1417,1417,1412,1412,500
1590711600,1406,1410,1397,1402,4000
1590712200,1400,1400,1398,1398,1200
1590713400,1398,1398,1395,1395,1000
1590714000,1393,1393,1387,1387,700
1590715200,1390,1391,1389,1391,500
1590715800,1388,1388,1385,1385,900
1590716400,1385,1385,1378,1378,1400
1590717000,1378,1378,1378,1378,100
1590717600,1385,1389,1385,1388,3400
1590718200,1388,1389,1380,1380,3600
1590718800,1386,1386,1385,1385,300
1590719400,1386,1386,1386,1386,100
1590723000,1379,1389,1378,1389,2100
1590723600,1389,1392,1377,1377,4100
1590724200,1383,1383,1383,1383,100
1590724800,1388,1392,1387,1392,1100
1590725400,1393,1400,1390,1392,4100
1590726600,1391,1391,1390,1390,600
1590727200,1397,1397,1397,1397,100
1590728400,1394,1394,1390,1390,600
1590729000,1395,1395,1395,1395,100
1590729600,1390,1390,1388,1388,400
1590730200,1394,1394,1394,1394,200
1590730800,1396,1397,1391,1396,600
1590731400,1396,1406,1390,1406,8100
1590732000,1400,1400,1400,1400,500
1590969600,1379,1387,1375,1375,4800
1590970200,1374,1374,1337,1348,3200
1590970800,1349,1377,1349,1377,1600
1590971400,1377,1377,1374,1374,200
1590972600,1363,1363,1362,1362,800
1590973200,1365,1365,1365,1365,200
1590973800,1365,1365,1362,1362,200
1590974400,1378,1379,1378,1378,1600
1590975600,1378,1431,1378,1430,19000
1590976200,1430,1440,1427,1440,4900
1590976800,1441,1441,1422,1422,6000
1590977400,1421,1434,1406,1425,6800
1590978000,1425,1438,1425,1432,2200
1590978600,1438,1438,1438,1438,100
1590982200,1437,1437,1413,1413,4200
1590982800,1415,1428,1415,1425,1100
1590983400,1422,1422,1406,1422,6100
1590984000,1416,1416,1371,1373,9200
1590984600,1380,1387,1369,1387,2800
1590985200,1392,1392,1380,1380,1100
1590985800,1378,1378,1371,1371,1200
1590986400,1379,1383,1379,1383,300
1590987000,1390,1393,1387,1387,2800
1590987600,1396,1398,1396,1398,1500
1590988200,1388,1388,1366,1371,5800
1590988800,1388,1388,1388,1388,100
1590989400,1387,1399,1387,1390,2400
1590990600,1390,1390,1381,1381,1800
1590991200,1380,1380,1380,1380,1100
1591056000,1400,1410,1397,1410,5200
1591056600,1419,1438,1419,1422,6900
1591057200,1425,1425,1416,1420,2900
1591057800,1422,1422,1411,1411,3500
1591058400,1419,1427,1407,1407,8000
1591059000,1420,1420,1403,1404,2600
1591059600,1406,1406,1406,1406,100
1591060800,1419,1419,1419,1419,100
1591061400,1406,1413,1374,1377,4000
1591062000,1380,1384,1380,1384,1700
1591062600,1383,1383,1383,1383,400
1591063200,1379,1379,1379,1379,100
1591063800,1378,1378,1370,1375,1900
1591064400,1388,1388,1388,1388,600
1591065000,1395,1395,1395,1395,100
1591068600,1409,1410,1404,1404,1200
1591069200,1410,1410,1401,1401,300
1591069800,1404,1404,1404,1404,100
1591070400,1395,1395,1395,1395,100
1591071000,1402,1403,1394,1394,300
1591072800,1394,1396,1394,1396,900
1591073400,1395,1399,1393,1399,600
1591074000,1394,1394,1388,1388,2000
1591074600,1387,1387,1380,1380,2500
1591075200,1383,1383,1383,1383,200
1591075800,1384,1388,1384,1388,1400
1591076400,1393,1393,1383,1383,700
1591077000,1389,1393,1389,1393,300
1591077600,1390,1390,1390,1390,1300
1591142400,1387,1400,1385,1399,4000
1591143000,1390,1396,1384,1384,600
1591143600,1383,1383,1383,1383,400
1591144200,1383,1383,1383,1383,100
1591144800,1383,1383,1383,1383,400
1591145400,1383,1383,1383,1383,100
1591146600,1383,1383,1382,1382,500
1591147800,1379,1379,1369,1370,2200
1591148400,1376,1376,1370,1370,1400
1591149000,1370,1370,1370,1370,500
1591149600,1372,1372,1370,1370,300
1591150200,1365,1365,1365,1365,300
1591150800,1361,1366,1352,1366,2500
1591155000,1360,1380,1360,1380,2200
1591155600,1380,1385,1378,1385,2900
1591156200,1386,1386,1385,1385,200
1591157400,1392,1392,1390,1390,400
1591159800,1384,1385,1380,1380,1200
1591160400,1380,1394,1379,1394,2700
1591161000,1395,1400,1395,1400,6700
1591161600,1402,1406,1391,1391,4500
1591162200,1398,1400,1392,1392,2200
1591163400,1398,1409,1396,1409,3900
1591164000,1407,1407,1407,1407,500
1591228800,1392,1401,1392,1396,2200
1591229400,1403,1427,1403,1427,11200
1591230000,1427,1441,1419,1419,11800
1591230600,1436,1436,1420,1420,5200
1591231200,1418,1420,1406,1419,3700
1591231800,1415,1419,1405,1408,3900
1591232400,1413,1417,1409,1409,600
1591233000,1412,1416,1408,1408,1800
1591233600,1410,1410,1407,1407,600
1591235400,1411,1415,1410,1414,2000
1591236000,1408,1408,1389,1390,5700
1591237800,1394,1394,1394,1394,100
1591241400,1394,1394,1359,1359,2700
1591242000,1355,1355,1332,1349,3500
1591242600,1345,1353,1345,1353,600
1591243200,1357,1371,1357,1371,900
1591243800,1368,1368,1362,1362,200
1591244400,1363,1363,1363,1363,100
1591245000,1360,1370,1360,1370,1200
1591245600,1368,1368,1368,1368,100
1591247400,1360,1360,1360,1360,100
1591248000,1355,1361,1345,1361,800
1591248600,1361,1389,1361,1383,6200
1591249200,1390,1396,1390,1394,2200
1591249800,1393,1393,1371,1375,4400
1591250400,1360,1360,1360,1360,700
1591315200,1385,1385,1370,1384,2400
1591315800,1400,1400,1400,1400,200
1591316400,1404,1496,1404,1454,33700
1591317000,1444,1460,1398,1460,16100
1591317600,1430,1444,1423,1423,7100
1591318200,1423,1441,1415,1433,3900
1591318800,1442,1442,1430,1438,3200
1591319400,1436,1440,1435,1440,900
1591320000,1441,1441,1435,1435,800
1591320600,1432,1432,1430,1430,200
1591321200,1429,1434,1426,1434,1100
1591321800,1425,1426,1425,1426,500
1591322400,1426,1426,1406,1409,4700
1591323000,1415,1442,1415,1431,3900
1591323600,1440,1465,1440,1460,10700
1591327800,1460,1462,1453,1462,3100
1591328400,1454,1454,1449,1450,1200
1591329000,1448,1479,1448,1464,8700
1591329600,1476,1476,1466,1470,3300
1591330200,1465,1469,1448,1448,3000
1591330800,1448,1462,1446,1462,3100
1591331400,1455,1455,1447,1450,2700
1591332000,1451,1451,1450,1450,200
1591333200,1452,1452,1452,1452,600
1591333800,1456,1456,1450,1450,1500
1591334400,1445,1446,1436,1436,2700
1591335000,1436,1436,1414,1414,3300
1591335600,1417,1417,1406,1406,300
1591336200,1423,1449,1423,1449,6000
1591336800,1441,1441,1441,1441,900
1591574400,1450,1462,1394,1454,12400
1591575000,1454,1540,1454,1532,31800
1591575600,1535,1580,1531,1555,16000
1591576200,1544,1553,1532,1532,6800
1591576800,1532,1538,1515,1515,3000
1591577400,1516,1516,1484,1484,3600
1591578000,1495,1507,1495,1500,1400
1591578600,1505,1520,1494,1494,2400
1591579200,1500,1587,1499,1581,10700
1591579800,1590,1675,1582,1643,27300
1591580400,1642,1658,1605,1635,10200
1591581000,1634,1635,1621,1621,4200
1591581600,1621,1621,1605,1608,3100
1591582200,1608,1627,1592,1627,4500
1591582800,1619,1619,1606,1610,1600
1591583400,1628,1628,1628,1628,100
1591587000,1626,1626,1611,1611,2400
1591587600,1628,1660,1628,1658,9200
1591588200,1660,1706,1660,1683,18200
1591588800,1692,1738,1692,1701,19100
1591589400,1712,1724,1677,1692,9400
1591590000,1686,1704,1678,1698,1600
1591590600,1700,1711,1688,1703,2200
1591591200,1701,1705,1701,1705,400
1591591800,1698,1699,1684,1690,2200
1591592400,1686,1686,1676,1685,800
1591593000,1686,1694,1685,1692,1500
1591593600,1692,1692,1686,1686,600
1591594200,1686,1725,1684,1718,6900
1591594800,1716,1739,1713,1732,9500
1591595400,1731,1731,1712,1715,3700
1591596000,1715,1715,1715,1715,3100
1591660800,1720,1739,1719,1727,8800
1591661400,1726,1787,1720,1765,11800
1591662000,1765,1788,1754,1788,2700
1591662600,1788,1841,1760,1828,10700
1591663200,1816,1831,1784,1796,5200
1591663800,1783,1810,1752,1799,4100
1591664400,1796,1796,1741,1741,2300
1591665000,1764,1776,1755,1760,1800
1591665600,1760,1760,1760,1760,100
1591666200,1786,1786,1786,1786,200
1591666800,1774,1774,1766,1766,400
1591667400,1763,1763,1744,1750,2300
1591668000,1746,1752,1738,1752,1300
1591668600,1765,1765,1758,1758,1000
1591669200,1764,1764,1764,1764,100
1591673400,1762,1762,1747,1747,14300
1591674000,1739,1739,1725,1725,2400
1591674600,1732,1737,1732,1733,600
1591675800,1737,1767,1737,1766,2800
1591676400,1765,1780,1763,1780,5400
1591677000,1780,1780,1772,1777,2800
1591677600,1776,1777,1771,1773,1400
1591678200,1772,1772,1769,1769,600
1591679400,1776,1779,1776,1779,400
1591680000,1775,1775,1767,1767,1500
1591680600,1774,1777,1774,1777,500
1591681200,1770,1773,1766,1773,1200
1591681800,1775,1781,1767,1781,3300
1591682400,1779,1779,1779,1779,2400
1591747200,1744,1761,1701,1701,19800
1591747800,1692,1692,1652,1680,8800
1591748400,1670,1670,1636,1640,8600
1591749000,1642,1642,1594,1604,12000
1591749600,1609,1612,1592,1606,3700
1591750200,1613,1615,1603,1603,3000
1591750800,1619,1625,1611,1611,1900
1591751400,1620,1630,1620,1630,2500
1591752000,1630,1642,1614,1633,6200
1591752600,1621,1621,1576,1583,18600
1591753200,1586,1592,1577,1592,2700
1591753800,1592,1592,1581,1583,2200
1591754400,1583,1588,1576,1580,5100
1591755000,1579,1582,1571,1575,5400
1591755600,1575,1595,1575,1595,4900
1591759800,1594,1598,1585,1585,23900
1591760400,1585,1585,1566,1575,6700
1591761000,1571,1578,1567,1578,1100
1591761600,1570,1575,1569,1571,2700
1591762200,1570,1585,1562,1583,4900
1591762800,1582,1582,1570,1570,1000
1591763400,1570,1570,1570,1570,100
1591764000,1570,1573,1570,1570,500
1591764600,1569,1570,1566,1570,1000
1591765200,1568,1576,1568,1571,2800
1591765800,1570,1584,1570,1580,5100
1591766400,1580,1581,1570,1570,4600
1591767000,1571,1571,1537,1537,9000
1591767600,1535,1544,1519,1520,4500
1591768200,1521,1521,1485,1511,6700
1591768800,1502,1502,1502,1502,4400
1591833600,1534,1554,1424,1447,21700
1591834200,1457,1462,1433,1436,24300
1591834800,1439,1490,1425,1487,10100
1591835400,1485,1517,1477,1517,10300
1591836000,1527,1685,1526,1684,25100
1591836600,1649,1649,1593,1593,22400
1591837200,1592,1624,1579,1605,10400
1591837800,1604,1610,1599,1600,4300
1591838400,1598,1601,1578,1593,5800
1591839000,1577,1614,1577,1604,3300
1591839600,1604,1604,1590,1590,2600
1591840200,1589,1589,1576,1576,2000
1591840800,1572,1610,1572,1610,2900
1591841400,1606,1611,1602,1602,1200
1591842000,1603,1609,1599,1602,2000
1591842600,1607,1607,1607,1607,200
1591846200,1596,1626,1595,1623,28100
1591846800,1616,1641,1608,1638,6000
1591847400,1625,1625,1617,1617,1500
1591848000,1616,1616,1554,1556,5800
1591848600,1552,1587,1551,1587,2500
1591849200,1577,1611,1577,1611,1400
1591849800,1610,1619,1604,1604,1100
1591850400,1600,1613,1600,1610,1000
1591851000,1600,1600,1575,1579,1700
1591851600,1582,1582,1581,1582,400
1591852200,1582,1582,1582,1582,100
1591852800,1575,1599,1575,1599,900
1591853400,1599,1600,1599,1600,200
1591854000,1598,1602,1593,1598,1800
1591854600,1600,1621,1594,1612,5800
1591855200,1605,1605,1605,1605,28400
1591920000,1580,1597,1523,1597,33800
1591920600,1595,1595,1585,1587,1100
1591921200,1599,1613,1596,1604,2200
1591921800,1617,1647,1617,1647,3400
1591922400,1642,1652,1631,1634,2200
1591923000,1633,1647,1633,1647,2600
1591923600,1640,1640,1634,1635,300
1591924200,1636,1636,1607,1608,2500
1591924800,1597,1597,1562,1582,6000
1591926600,1595,1595,1595,1595,100
1591927200,1589,1589,1589,1589,200
1591928400,1593,1593,1593,1593,400
1591932600,1607,1607,1607,1607,100
1591933200,1599,1599,1599,1599,100
1591933800,1600,1600,1591,1598,1300
1591934400,1595,1595,1589,1589,700
1591935000,1586,1586,1585,1585,600
1591935600,1589,1589,1585,1585,400
1591936200,1589,1591,1586,1586,800
1591937400,1594,1594,1591,1591,200
1591938000,1596,1599,1596,1599,600
1591939200,1599,1599,1599,1599,100
1591939800,1599,1599,1599,1599,100
1591940400,1599,1599,1587,1587,1600
1591941000,1600,1606,1589,1600,1700
1591941600,1594,1594,1594,1594,20800
1592179200,1604,1623,1577,1577,4400
1592179800,1564,1564,1544,1561,2900
1592180400,1587,1589,1587,1589,900
1592181000,1594,1614,1594,1612,1800
1592181600,1612,1612,1598,1598,2100
1592182200,1598,1598,1579,1579,2600
1592182800,1590,1603,1590,1603,1100
1592183400,1596,1596,1595,1595,200
1592184000,1591,1591,1591,1591,200
1592185800,1579,1579,1578,1578,800
1592186400,1575,1575,1575,1575,100
1592187000,1578,1590,1578,1590,1300
1592188200,1574,1574,1574,1574,100
1592191800,1584,1584,1584,1584,200
1592192400,1575,1575,1573,1575,1800
1592193000,1574,1597,1574,1597,2800
1592194200,1586,1586,1583,1583,300
1592195400,1579,1579,1542,1563,5500
1592196000,1558,1559,1550,1550,2600
1592196600,1545,1549,1540,1549,2200
1592197200,1536,1541,1530,1538,1600
1592197800,1542,1565,1538,1565,2200
1592198400,1560,1560,1553,1553,700
1592199600,1541,1545,1526,1532,2200
1592200200,1523,1535,1523,1535,300
1592200800,1535,1535,1535,1535,100
1592265600,1516,1547,1507,1507,4300
1592266200,1507,1510,1500,1500,5100
1592266800,1500,1500,1500,1500,300
1592267400,1518,1523,1518,1523,1700
1592268000,1523,1544,1523,1544,700
1592268600,1545,1567,1545,1562,1200
1592269200,1551,1562,1550,1562,600
1592270400,1562,1562,1562,1562,100
1592273400,1570,1570,1568,1568,200
1592274000,1560,1560,1560,1560,100
1592278200,1573,1573,1556,1566,1900
1592278800,1555,1555,1552,1552,700
1592280000,1551,1557,1551,1557,700
1592281800,1558,1560,1558,1560,200
1592283600,1554,1554,1554,1554,600
1592284800,1562,1562,1562,1562,400
1592285400,1559,1560,1559,1560,300
1592286000,1554,1560,1554,1560,400
1592286600,1554,1554,1530,1530,2200
1592287200,1521,1521,1521,1521,300
1592352000,1521,1550,1521,1550,1300
1592352600,1555,1555,1555,1555,100
1592353200,1558,1560,1558,1560,200
1592353800,1581,1595,1575,1575,2000
1592354400,1583,1583,1583,1583,400
1592355000,1578,1578,1578,1578,300
1592356800,1574,1574,1542,1568,2200
1592360400,1560,1560,1558,1558,200
1592364600,1590,1623,1570,1595,3900
1592365200,1585,1585,1564,1564,1100
1592365800,1573,1578,1573,1578,800
1592366400,1591,1600,1591,1600,2000
1592367600,1599,1599,1599,1599,100
1592368200,1597,1597,1597,1597,500
1592369400,1593,1593,1581,1585,1600
1592372400,1581,1581,1581,1581,200
1592373000,1570,1574,1570,1574,200
1592373600,1582,1582,1582,1582,600
1592438400,1560,1560,1560,1560,1800
1592440200,1600,1600,1576,1576,700
1592440800,1579,1612,1573,1576,2500
1592451000,1589,1589,1586,1586,300
1592451600,1590,1600,1589,1600,1300
1592452200,1592,1592,1592,1592,300
1592454000,1565,1565,1565,1565,300
1592455200,1562,1567,1560,1567,1100
1592455800,1584,1584,1584,1584,100
1592456400,1584,1584,1584,1584,100
1592458200,1584,1584,1553,1553,4200
1592458800,1551,1551,1550,1550,600
1592459400,1555,1555,1523,1540,3700
1592460000,1538,1538,1538,1538,1000
1592524800,1595,1595,1595,1595,600
1592525400,1555,1555,1555,1555,100
1592526000,1571,1571,1571,1571,200
1592527800,1561,1565,1547,1565,1600
1592529600,1559,1568,1555,1568,1400
1592530200,1567,1567,1567,1567,100
1592531400,1569,1569,1567,1567,300
1592537400,1579,1579,1579,1579,200
1592539200,1567,1567,1566,1566,300
1592539800,1566,1566,1566,1566,200
1592541600,1564,1564,1564,1564,100
1592543400,1565,1566,1559,1559,600
1592544000,1552,1552,1550,1550,900
1592544600,1554,1558,1554,1558,400
1592545200,1566,1580,1566,1580,1500
1592545800,1574,1581,1571,1572,1300
1592784000,1609,1609,1609,1609,200
1592784600,1615,1635,1615,1635,800
1592785200,1647,1647,1640,1640,1000
1592785800,1640,1645,1640,1640,1200
1592787600,1640,1640,1640,1640,200
1592788800,1633,1633,1633,1633,100
1592790600,1622,1622,1615,1615,400
1592791200,1608,1608,1608,1608,100
1592791800,1608,1608,1605,1605,300
1592792400,1606,1606,1604,1604,600
1592796600,1621,1621,1611,1611,1200
1592797200,1611,1625,1611,1624,1400
1592799600,1618,1625,1600,1601,1100
1592800800,1600,1600,1599,1599,300
1592801400,1606,1606,1606,1606,100
1592802000,1606,1610,1606,1610,600
1592804400,1617,1625,1616,1625,500
1592805000,1613,1618,1613,1618,200
1592870400,1679,1679,1679,1679,100
1592871000,1648,1648,1647,1647,400
1592872200,1646,1660,1639,1639,1100
1592872800,1647,1655,1647,1655,500
1592874000,1644,1644,1644,1644,100
1592874600,1648,1650,1626,1647,2100
1592875800,1626,1631,1606,1622,2100
1592877000,1642,1642,1642,1642,600
1592877600,1640,1644,1633,1644,800
1592878200,1649,1652,1645,1645,1000
1592878800,1639,1639,1639,1639,400
1592884200,1640,1640,1640,1640,100
1592886000,1645,1651,1643,1650,600
1592887800,1651,1651,1651,1651,100
1592888400,1645,1648,1645,1648,300
1592890200,1632,1632,1632,1632,100
1592891400,1623,1624,1613,1624,1600
1592892000,1612,1612,1612,1612,100
1592956800,1612,1618,1612,1618,1200
1592957400,1618,1637,1618,1637,1700
1592958000,1623,1623,1611,1613,1900
1592958600,1619,1619,1618,1618,200
1592959200,1623,1627,1623,1627,900
1592960400,1629,1630,1629,1630,1100
1592961600,1619,1619,1600,1605,2700
1592969400,1584,1596,1566,1596,1300
1592970600,1576,1576,1576,1576,100
1592971800,1581,1586,1581,1586,900
1592972400,1582,1582,1582,1582,100
1592973600,1581,1581,1581,1581,100
1592974200,1576,1579,1576,1579,300
1592975400,1580,1580,1580,1580,100
1592976000,1584,1584,1576,1578,500
1592976600,1569,1569,1564,1568,700
1592977200,1568,1587,1568,1587,900
1592977800,1595,1600,1594,1600,900
1592978400,1596,1596,1596,1596,100
1593043200,1594,1594,1574,1574,900
1593043800,1576,1577,1576,1577,300
1593044400,1600,1616,1600,1604,1300
1593045000,1592,1592,1578,1579,600
1593045600,1585,1591,1585,1591,200
1593049200,1574,1574,1550,1550,800
1593051000,1550,1550,1517,1519,1300
1593052200,1526,1526,1526,1526,100
1593055800,1526,1539,1526,1538,500
1593056400,1548,1549,1536,1536,600
1593057000,1538,1544,1538,1544,500
1593057600,1553,1556,1553,1556,400
1593058800,1545,1545,1539,1543,900
1593060000,1538,1557,1535,1535,2900
1593060600,1538,1542,1538,1542,500
1593061200,1554,1554,1554,1554,200
1593064200,1547,1547,1545,1545,600
1593064800,1548,1548,1548,1548,100
1593131400,1553,1553,1553,1553,100
1593133200,1555,1555,1555,1555,100
1593133800,1550,1550,1550,1550,100
1593134400,1540,1553,1534,1544,800
1593135000,1544,1544,1543,1544,300
1593138000,1530,1530,1530,1530,200
1593138600,1521,1521,1521,1521,100
1593142200,1536,1580,1530,1570,2000
1593143400,1565,1565,1560,1560,300
1593144600,1555,1555,1540,1542,1400
1593145800,1542,1542,1542,1542,100
1593146400,1538,1550,1538,1550,500
1593147000,1540,1540,1540,1540,200
1593150600,1540,1540,1524,1524,200
1593388800,1580,1580,1580,1580,200
1593390600,1524,1550,1524,1550,600
1593391200,1550,1550,1550,1550,100
1593396000,1561,1577,1561,1577,500
1593408000,1546,1546,1546,1546,200
1593409800,1555,1555,1555,1555,100
1593410400,1553,1553,1553,1553,100
1593475200,1540,1540,1530,1530,400
1593475800,1537,1565,1497,1528,3300
1593476400,1528,1528,1493,1496,3000
1593477000,1526,1526,1526,1526,100
1593479400,1527,1527,1520,1525,1100
1593480000,1525,1527,1520,1527,600
1593480600,1525,1525,1525,1525,100
1593481200,1514,1514,1487,1487,3200
1593482400,1495,1504,1495,1504,400
1593483600,1512,1512,1512,1512,100
1593487800,1512,1539,1506,1519,28700
1593488400,1514,1521,1462,1521,13300
1593489000,1514,1515,1514,1515,200
1593489600,1515,1515,1515,1515,10100
1593490200,1525,1554,1525,1554,2500
1593490800,1553,1553,1553,1553,100
1593492000,1551,1551,1519,1519,200
1593492600,1548,1548,1548,1548,100
1593493200,1522,1522,1522,1522,100
1593493800,1535,1536,1535,1536,400
1593494400,1548,1548,1548,1548,100
1593495000,1539,1539,1534,1534,500
1593496200,1543,1544,1543,1543,300
1593496800,1531,1531,1531,1531,100
1593561600,1571,1571,1571,1571,100
1593565800,1561,1571,1561,1571,2700
1593567600,1574,1574,1574,1574,100
1593582000,1534,1534,1534,1534,300
1593582600,1507,1507,1505,1505,200
1593583200,1519,1519,1519,1519,200
1593648000,1500,1500,1500,1500,500
1593649200,1501,1504,1501,1503,400
1593649800,1490,1511,1490,1511,1000
1593652200,1471,1471,1471,1471,100
1593654000,1471,1492,1470,1492,2300
1593654600,1509,1509,1509,1509,100
1593660600,1509,1509,1509,1509,200
1593669600,1460,1460,1460,1460,300
1593734400,1459,1459,1459,1459,100
1593735000,1473,1527,1473,1526,1100
1593735600,1510,1517,1510,1517,800
1593738000,1477,1477,1477,1477,100
1593738600,1457,1457,1454,1454,500
1593741600,1458,1458,1458,1458,100
1593747000,1517,1517,1490,1490,300
1593748200,1495,1495,1495,1495,200
1593748800,1495,1495,1491,1491,400
1593749400,1496,1496,1496,1496,100
1593750000,1501,1502,1483,1483,400
1593750600,1501,1501,1489,1489,500
1593751200,1490,1490,1490,1490,200
1593752400,1507,1507,1507,1507,100
1593753600,1495,1497,1490,1497,1300
1593754200,1496,1496,1468,1468,2600
1593754800,1463,1468,1462,1468,700
1593755400,1484,1498,1484,1487,600
1593994200,1443,1470,1443,1470,1100
1593994800,1479,1489,1479,1489,400
1593996600,1500,1500,1500,1500,100
1593998400,1502,1502,1502,1502,100
1594000200,1513,1514,1513,1514,300
1594000800,1530,1565,1528,1565,3200
1594001400,1561,1562,1534,1554,2500
1594002000,1544,1544,1544,1544,100
1594006200,1553,1553,1553,1553,200
1594009200,1545,1559,1544,1544,2400
1594011000,1546,1546,1546,1546,100
1594012200,1549,1551,1547,1547,700
1594013400,1548,1548,1548,1548,100
1594014000,1540,1540,1528,1528,900
1594014600,1532,1546,1532,1546,800
1594015200,1546,1546,1546,1546,100
1594080000,1586,1586,1575,1577,400
1594080600,1557,1557,1557,1557,100
1594081200,1553,1553,1553,1553,100
1594084800,1553,1553,1553,1553,100
1594086600,1521,1532,1521,1532,300
1594092600,1559,1559,1559,1559,300
1594098000,1540,1540,1539,1539,400
1594099800,1541,1541,1541,1541,100
1594101600,1538,1538,1538,1538,100
1594166400,1578,1578,1578,1578,100
1594167000,1571,1571,1562,1562,500
1594171200,1565,1565,1565,1565,200
1594173000,1564,1564,1564,1564,300
1594173600,1560,1560,1560,1560,100
1594179000,1528,1535,1528,1535,1200
1594179600,1536,1536,1522,1522,700
1594180200,1530,1537,1530,1537,400
1594185000,1525,1525,1525,1525,100
1594185600,1535,1535,1535,1535,200
1594186200,1526,1533,1524,1525,800
1594187400,1529,1529,1510,1510,200
1594188000,1529,1529,1529,1529,100
1594258200,1501,1501,1501,1501,1000
1594259400,1503,1503,1503,1503,100
1594261800,1502,1502,1502,1502,300
1594265400,1542,1542,1542,1542,200
1594273200,1526,1527,1526,1527,400
1594273800,1515,1515,1515,1515,200
1594274400,1502,1502,1502,1502,300
1594339200,1502,1502,1502,1502,100
1594339800,1505,1510,1505,1510,300
1594340400,1503,1503,1503,1503,100
1594341600,1500,1513,1500,1513,500
1594342200,1514,1526,1514,1526,300
1594342800,1526,1526,1526,1526,100
1594343400,1534,1534,1534,1534,100
1594344000,1507,1510,1496,1510,1000
1594344600,1510,1526,1510,1510,900
1594345200,1539,1539,1510,1539,300
1594347000,1510,1510,1507,1507,400
1594347600,1502,1502,1502,1502,100
1594351800,1532,1532,1532,1532,200
1594354800,1524,1524,1524,1524,100
1594356600,1515,1515,1515,1515,100
1594357200,1511,1511,1511,1511,100
1594359600,1521,1522,1521,1522,400
1594360200,1516,1516,1511,1511,400
1594360800,1524,1524,1524,1524,100
1594598400,1530,1530,1530,1530,100
1594599000,1530,1530,1530,1530,100
1594603200,1529,1529,1529,1529,100
1594603800,1510,1510,1510,1510,100
1594605000,1506,1506,1506,1506,400
1594611000,1507,1507,1507,1507,500
1594614000,1528,1528,1528,1528,100
1594614600,1517,1517,1516,1516,400
1594618800,1520,1520,1520,1520,100
1594620000,1526,1526,1526,1526,100
1594687200,1520,1520,1520,1520,100
1594687800,1533,1533,1533,1533,200
1594688400,1534,1534,1520,1520,500
1594689000,1512,1512,1502,1502,1000
1594690800,1503,1503,1500,1503,700
1594691400,1494,1494,1493,1493,500
1594692000,1512,1512,1512,1512,300
1594697400,1500,1500,1490,1490,700
1594699200,1500,1500,1495,1495,600
1594699800,1516,1516,1516,1516,100
1594703400,1505,1505,1496,1496,400
1594704600,1485,1485,1485,1485,200
1594705200,1485,1500,1480,1500,600
1594705800,1502,1502,1502,1502,100
1594706400,1467,1467,1467,1467,100
1594774800,1527,1527,1527,1527,100
1594783800,1538,1538,1468,1468,300
1594784400,1470,1479,1470,1479,700
1594785000,1480,1480,1480,1480,100
1594785600,1485,1485,1485,1485,100
1594786800,1485,1485,1482,1482,400
1594788000,1496,1496,1496,1496,100
1594792200,1491,1496,1491,1496,200
1594861200,1482,1482,1482,1482,1000
1594862400,1485,1485,1485,1485,100
1594863000,1483,1483,1463,1463,1600
1594863600,1489,1489,1489,1489,300
1594870200,1519,1519,1519,1519,200
1594871400,1520,1520,1520,1520,100
1594873800,1500,1500,1500,1500,200
1594875000,1510,1510,1510,1510,100
1594878000,1496,1496,1489,1489,300
1594878600,1489,1489,1489,1489,100
1594944000,1459,1459,1459,1459,700
1594948800,1454,1454,1454,1454,100
1594951200,1483,1494,1464,1466,1200
1594951800,1503,1523,1503,1523,700
1594956600,1520,1520,1520,1520,200
1594962600,1480,1480,1480,1480,200
1594963200,1519,1539,1519,1539,1100
1594964400,1536,1536,1523,1523,200
1594965000,1506,1535,1499,1535,2200
1594965600,1500,1500,1500,1500,200
1595203200,1540,1540,1540,1540,100
1595204400,1540,1540,1540,1540,100
1595208600,1500,1500,1500,1500,100
1595215800,1500,1500,1500,1500,200
1595224800,1477,1477,1477,1477,100
1595289600,1477,1500,1477,1500,500
1595293200,1495,1495,1495,1495,100
1595293800,1495,1495,1495,1495,100
1595302200,1499,1499,1499,1499,200
1595308800,1500,1502,1465,1465,4800
1595309400,1448,1448,1447,1447,600
1595310000,1449,1459,1449,1450,1900
1595376000,1437,1437,1390,1390,600
1595376600,1420,1437,1420,1437,700
1595379000,1422,1422,1422,1422,100
1595382000,1440,1440,1440,1440,100
1595388600,1497,1497,1497,1497,200
1595389200,1467,1467,1467,1467,100
1595397600,1440,1440,1440,1440,100
1595808000,1410,1410,1410,1410,100
1595814000,1420,1420,1413,1413,200
1595820600,1413,1413,1407,1410,700
1595821200,1399,1399,1399,1399,100
1595823600,1394,1394,1383,1383,300
1595826000,1402,1402,1402,1402,100
1595827800,1401,1401,1401,1401,100
1595829000,1399,1487,1399,1487,6100
1595829600,1481,1481,1481,1481,900
1595894400,1511,1511,1490,1490,900
1595895600,1483,1488,1470,1470,600
1595897400,1467,1532,1467,1526,3200
1595898000,1524,1524,1480,1480,1900
1595898600,1479,1480,1479,1480,1400
1595899200,1500,1500,1496,1497,400
1595902800,1481,1481,1480,1480,800
1595903400,1481,1481,1481,1481,100
1595907000,1479,1479,1450,1452,900
1595907600,1449,1449,1449,1449,100
1595910600,1451,1451,1449,1449,900
1595911800,1448,1448,1448,1448,400
1595913600,1446,1487,1446,1487,2600
1595914200,1500,1511,1500,1500,4100
1595914800,1499,1499,1485,1485,1700
1595915400,1501,1501,1495,1495,200
1595916000,1492,1492,1492,1492,200
1595980800,1501,1503,1490,1503,1200
1595981400,1503,1528,1503,1514,2800
1595983200,1513,1513,1513,1513,100
1595983800,1512,1512,1504,1505,500
1595984400,1502,1502,1502,1502,100
1595985000,1500,1500,1499,1499,200
1595985600,1497,1497,1440,1440,900
1595986200,1449,1450,1449,1450,200
1595989800,1465,1465,1465,1465,200
1595993400,1490,1490,1460,1460,1100
1595995800,1467,1470,1460,1470,1100
1595997000,1470,1470,1470,1470,200
1595997600,1455,1455,1429,1429,600
1595998200,1419,1419,1419,1419,200
1595998800,1449,1450,1449,1450,300
1596000600,1450,1450,1450,1450,400
1596001200,1452,1460,1445,1460,2000
1596001800,1485,1500,1478,1485,4700
1596002400,1490,1490,1490,1490,200
1596067200,1519,1531,1500,1500,2500
1596067800,1510,1510,1508,1508,200
1596069000,1501,1501,1490,1490,400
1596070200,1488,1488,1488,1488,200
1596070800,1482,1482,1478,1478,300
1596072000,1485,1485,1485,1485,100
1596075600,1459,1459,1450,1450,400
1596079800,1450,1450,1421,1446,1100
1596080400,1428,1428,1428,1428,200
1596082200,1430,1430,1426,1428,1400
1596082800,1424,1424,1420,1420,400
1596084600,1421,1421,1421,1421,100
1596085200,1428,1432,1420,1420,700
1596086400,1420,1425,1420,1425,300
1596087600,1420,1420,1418,1418,300
1596088200,1414,1414,1391,1391,900
1596153600,1361,1401,1361,1401,500
1596154200,1392,1392,1386,1386,500
1596156000,1379,1387,1379,1387,500
1596156600,1388,1399,1388,1399,700
1596157200,1399,1479,1399,1479,3000
1596157800,1478,1480,1470,1472,1300
1596158400,1469,1488,1469,1488,900
1596159000,1482,1482,1482,1482,200
1596161400,1479,1479,1460,1460,300
1596162000,1465,1495,1465,1489,2400
1596166200,1483,1483,1432,1453,2900
1596167400,1452,1482,1445,1482,1100
1596168000,1489,1498,1480,1480,800
1596168600,1480,1480,1478,1478,500
1596169800,1474,1474,1474,1474,100
1596170400,1472,1472,1472,1472,100
1596171000,1471,1471,1468,1468,600
1596171600,1468,1474,1467,1467,1900
1596172200,1464,1464,1464,1464,100
1596173400,1464,1474,1464,1474,500
1596174000,1480,1500,1480,1499,4100
1596174600,1500,1500,1498,1500,3600
1596175200,1500,1500,1500,1500,400
1596412800,1500,1515,1461,1461,4800
1596413400,1491,1491,1455,1455,800
1596414000,1455,1493,1455,1476,1100
1596417600,1488,1488,1488,1488,100
1596421800,1499,1499,1499,1499,100
1596425400,1499,1499,1499,1499,100
1596427800,1490,1500,1485,1489,3600
1596433200,1496,1499,1495,1495,400
1596433800,1499,1500,1482,1482,1600
1596434400,1494,1494,1494,1494,400
1596499200,1500,1500,1490,1490,700
1596499800,1492,1492,1492,1492,100
1596501000,1500,1502,1480,1480,700
1596506400,1466,1466,1466,1466,100
1596507000,1460,1475,1460,1475,600
1596511800,1485,1485,1475,1475,400
1596513600,1470,1475,1468,1475,400
1596515400,1475,1490,1475,1490,1100
1596519000,1487,1487,1487,1487,100
1596519600,1487,1500,1487,1496,2400
1596520200,1500,1502,1496,1499,4000
1596585600,1500,1500,1480,1480,1000
1596588600,1495,1495,1495,1495,300
1596594600,1500,1500,1500,1500,100
1596598200,1496,1496,1496,1496,100
1596600600,1499,1500,1499,1500,300
1596603000,1490,1490,1475,1475,1000
1596603600,1481,1490,1481,1490,300
1596604800,1485,1485,1483,1483,400
1596605400,1485,1490,1485,1490,800
1596606000,1485,1485,1485,1485,200
1596606600,1490,1500,1490,1497,1000
1596607200,1497,1497,1497,1497,400
1596672000,1499,1499,1499,1499,100
1596672600,1458,1480,1455,1480,1000
1596673200,1484,1484,1483,1483,300
1596677400,1482,1483,1480,1480,1400
1596684600,1498,1498,1498,1498,200
1596692400,1493,1496,1482,1488,700
1596693000,1493,1499,1493,1499,200
1596758400,1379,1379,1379,1379,4300
1596759000,1409,1455,1409,1455,1900
1596759600,1446,1446,1446,1446,300
1596760200,1440,1445,1440,1445,400
1596762000,1445,1445,1445,1445,200
1596765000,1428,1428,1428,1428,100
1596765600,1445,1445,1445,1445,100
1596766800,1455,1455,1455,1455,100
1596771000,1484,1484,1484,1484,200
1596773400,1482,1483,1482,1483,500
1596776400,1479,1479,1457,1479,600
1596778800,1474,1474,1454,1454,1400
1596779400,1454,1479,1454,1459,2100
1596780000,1476,1476,1476,1476,100
1597104000,1495,1500,1495,1500,900
1597104600,1500,1510,1494,1494,1400
1597105200,1495,1495,1495,1495,200
1597105800,1495,1495,1490,1495,700
1597112400,1486,1486,1434,1446,2100
1597113000,1448,1448,1448,1448,100
1597116600,1448,1488,1417,1488,2400
1597125000,1472,1472,1472,1472,100
1597125600,1473,1473,1473,1473,200
1597190400,1490,1500,1480,1480,1000
1597191600,1475,1475,1450,1474,600
1597194000,1450,1465,1449,1465,600
1597196400,1459,1469,1459,1469,300
1597198200,1458,1458,1458,1458,100
1597203000,1459,1459,1459,1459,200
1597204200,1465,1465,1465,1465,100
1597206000,1456,1464,1456,1456,300
1597206600,1465,1465,1465,1465,100
1597209000,1455,1455,1437,1437,900
1597209600,1449,1452,1443,1443,1300
1597210200,1458,1458,1443,1443,400
1597210800,1447,1467,1442,1467,1200
1597211400,1469,1469,1469,1469,300
1597276800,1500,1500,1500,1500,400
1597278000,1492,1492,1492,1492,100
1597285200,1480,1480,1480,1480,100
1597285800,1480,1480,1480,1480,100
1597289400,1480,1480,1450,1450,500
1597290600,1455,1455,1455,1455,600
1597291200,1454,1455,1454,1455,700
1597291800,1435,1435,1427,1433,900
1597293000,1433,1433,1425,1425,500
1597293600,1424,1424,1415,1415,600
1597296600,1422,1422,1422,1422,100
1597297200,1425,1425,1425,1425,200
1597297800,1438,1449,1434,1445,400
1597298400,1429,1429,1429,1429,100
1597363200,1459,1459,1399,1412,1300
1597363800,1410,1410,1376,1400,1300
1597364400,1396,1396,1379,1379,600
1597365000,1376,1376,1365,1375,700
1597366200,1395,1395,1395,1395,100
1597369200,1398,1398,1398,1398,100
1597370400,1400,1407,1400,1407,500
1597371000,1398,1398,1394,1394,500
1597371600,1383,1383,1383,1383,100
1597375800,1410,1410,1407,1407,300
1597376400,1397,1397,1397,1397,100
1597377000,1386,1386,1386,1386,100
1597378200,1381,1381,1379,1379,600
1597378800,1380,1380,1380,1380,100
1597380600,1378,1378,1378,1378,200
1597381800,1386,1420,1386,1420,600
1597382400,1414,1431,1414,1430,300
1597383000,1444,1446,1442,1446,700
1597383600,1445,1445,1425,1425,2100
1597384200,1429,1429,1424,1424,600
1597622400,1448,1448,1364,1397,1800
1597623000,1424,1424,1420,1420,300
1597623600,1416,1427,1416,1427,400
1597624800,1440,1440,1440,1440,100
1597625400,1439,1439,1420,1420,1700
1597626600,1425,1437,1425,1437,200
1597627200,1436,1436,1436,1436,100
1597628400,1425,1425,1425,1425,100
1597630200,1421,1421,1420,1420,300
1597635000,1437,1437,1437,1437,200
1597635600,1418,1418,1418,1418,100
1597636200,1416,1416,1410,1410,500
1597637400,1401,1401,1401,1401,100
1597638600,1393,1393,1393,1393,100
1597639200,1410,1425,1410,1425,200
1597639800,1424,1424,1424,1424,100
1597640400,1422,1422,1422,1422,100
1597641000,1423,1440,1422,1439,1000
1597642800,1439,1468,1439,1468,2300
1597643400,1466,1466,1447,1447,1000
1597708800,1477,1477,1470,1470,300
1597709400,1457,1460,1457,1460,200
1597710000,1460,1460,1439,1439,1300
1597710600,1448,1448,1448,1448,100
1597711800,1428,1428,1415,1415,600
1597712400,1426,1427,1426,1427,300
1597714800,1422,1422,1422,1422,100
1597715400,1419,1419,1419,1419,100
1597716000,1423,1423,1423,1423,100
1597721400,1453,1453,1453,1453,200
1597722000,1431,1431,1431,1431,100
1597722600,1444,1462,1444,1462,400
1597724400,1448,1448,1448,1448,100
1597725000,1441,1448,1441,1448,400
1597725600,1446,1446,1435,1435,500
1597727400,1437,1437,1437,1437,200
1597728600,1427,1427,1427,1427,300
1597729200,1436,1457,1436,1442,1300
1597729800,1449,1449,1445,1445,300
1597730400,1443,1443,1443,1443,100
1597795200,1498,1498,1470,1470,500
1597795800,1466,1488,1466,1488,1500
1597796400,1485,1485,1479,1479,400
1597797000,1476,1476,1476,1476,100
1597797600,1475,1475,1473,1473,200
1597798200,1473,1473,1465,1465,800
1597798800,1460,1460,1460,1460,100
1597799400,1459,1459,1459,1459,200
1597801200,1470,1488,1470,1482,1400
1597802400,1477,1477,1474,1474,200
1597807800,1482,1482,1482,1482,900
1597809000,1473,1473,1470,1470,200
1597810200,1476,1476,1476,1476,100
1597810800,1476,1476,1475,1475,300
1597811400,1470,1470,1421,1456,2000
1597812000,1455,1455,1455,1455,100
1597812600,1456,1456,1456,1456,100
1597813200,1456,1466,1456,1463,400
1597813800,1475,1475,1475,1475,100
1597815000,1478,1478,1465,1465,400
1597815600,1464,1480,1444,1468,3100
1597816200,1468,1483,1463,1474,1200
1597816800,1480,1480,1480,1480,100
1597881600,1480,1480,1480,1480,100
1597894200,1479,1479,1479,1479,100
1597900800,1467,1467,1467,1467,100
1597901400,1467,1467,1463,1465,700
1597902600,1465,1465,1451,1451,1800
1597903200,1460,1460,1460,1460,100
1597968000,1430,1460,1430,1460,1200
1597969800,1450,1450,1450,1450,100
1597974000,1445,1445,1445,1445,200
1597974600,1440,1440,1440,1440,100
1597980600,1460,1460,1460,1460,200
1597983000,1442,1442,1424,1424,1900
1597983600,1429,1430,1429,1430,500
1597985400,1434,1441,1434,1435,600
1597986000,1431,1431,1431,1431,100
1597988400,1437,1450,1437,1450,500
1597989000,1459,1459,1459,1459,200
1597989600,1445,1445,1445,1445,100
1598227800,1420,1420,1420,1420,100
1598232000,1423,1423,1423,1423,100
1598239800,1440,1440,1440,1440,200
1598245800,1437,1437,1437,1437,200
1598248200,1440,1440,1440,1440,100
1598248800,1439,1439,1439,1439,100
1598313600,1440,1440,1440,1440,100
1598317200,1413,1413,1413,1413,100
1598322000,1409,1409,1409,1409,100
1598326200,1439,1439,1439,1439,200
1598331600,1435,1435,1435,1435,200
1598400000,1445,1450,1444,1450,500
1598400600,1448,1448,1448,1448,200
1598401200,1419,1419,1419,1419,100
1598401800,1426,1426,1426,1426,100
1598403600,1432,1443,1432,1443,600
1598412600,1442,1442,1442,1442,200
1598415000,1439,1439,1439,1439,200
1598420400,1426,1426,1423,1423,400
1598421600,1429,1429,1429,1429,300
1598486400,1519,1532,1519,1532,2100
1598487000,1533,1533,1494,1531,3400
1598487600,1532,1576,1530,1570,4400
1598488200,1553,1554,1520,1532,2500
1598488800,1553,1553,1487,1517,4600
1598489400,1533,1538,1457,1488,3500
1598490000,1518,1518,1487,1500,1700
1598490600,1491,1491,1491,1491,200
1598491200,1491,1491,1485,1486,500
1598491800,1486,1499,1486,1499,200
1598492400,1495,1507,1495,1507,600
1598493000,1506,1517,1495,1500,1200
1598494200,1503,1503,1503,1503,100
1598494800,1503,1503,1494,1494,500
1598499000,1489,1489,1450,1453,2300
1598499600,1454,1454,1454,1454,200
1598502000,1463,1464,1463,1464,200
1598502600,1468,1470,1468,1470,200
1598503800,1453,1453,1453,1453,100
1598504400,1452,1452,1445,1445,300
1598505000,1445,1445,1444,1445,300
1598505600,1444,1444,1444,1444,300
1598506200,1448,1448,1448,1448,100
1598506800,1446,1452,1441,1452,900
1598507400,1443,1444,1441,1444,500
1598508000,1442,1442,1442,1442,400
1598573400,1423,1451,1400,1451,3000
1598574000,1452,1454,1452,1454,200
1598585400,1453,1453,1453,1453,200
1598591400,1425,1425,1420,1420,500
1598592000,1417,1417,1417,1417,100
1598592600,1412,1412,1412,1412,100
1598593200,1413,1413,1409,1409,400
1598593800,1412,1412,1389,1400,1100
1598833200,1430,1441,1429,1441,500
1598835600,1428,1428,1412,1412,500
1598836800,1426,1426,1426,1426,100
1598838600,1425,1426,1425,1426,300
1598839200,1434,1434,1434,1434,200
1598844600,1434,1434,1431,1431,400
1598918400,1439,1439,1439,1439,200
1598920200,1426,1426,1419,1419,400
1598921400,1420,1420,1420,1420,100
1598931000,1430,1434,1430,1434,700
1598937000,1432,1435,1432,1435,1000
1598937600,1435,1440,1434,1434,600
1598938200,1436,1436,1435,1435,300
1598938800,1435,1435,1435,1435,200
1598939400,1449,1460,1440,1460,800
1598940000,1462,1462,1462,1462,100
1599004800,1463,1463,1463,1463,200
1599006000,1462,1463,1462,1463,300
1599011400,1456,1456,1456,1456,300
1599017400,1446,1446,1446,1446,300
1599025800,1446,1446,1446,1446,200
1599026400,1441,1441,1441,1441,100
1599091200,1418,1442,1418,1442,2900
1599103800,1430,1430,1422,1422,700
1599104400,1412,1412,1412,1412,100
1599105600,1414,1428,1414,1428,600
1599109200,1423,1423,1423,1423,100
1599110400,1424,1424,1424,1424,300
1599111600,1418,1418,1418,1418,300
1599112200,1427,1430,1427,1430,800
1599112800,1430,1430,1430,1430,200
1599178800,1440,1440,1440,1440,100
1599179400,1440,1440,1440,1440,500
1599180000,1431,1444,1431,1444,600
1599180600,1443,1443,1443,1443,100
1599190200,1443,1443,1443,1443,200
1599193800,1447,1457,1437,1452,1300
1599194400,1440,1440,1440,1440,1000
1599198600,1436,1448,1436,1448,200
1599441600,1471,1471,1471,1471,100
1599449400,1468,1468,1438,1438,400
1599450000,1441,1441,1441,1441,100
1599452400,1440,1440,1440,1440,100
1599454200,1431,1431,1431,1431,100
1599454800,1420,1426,1412,1422,600
1599455400,1403,1405,1403,1403,600
1599456000,1406,1406,1405,1405,900
1599457800,1424,1431,1399,1400,4200
1599458400,1400,1400,1400,1400,1200
1599523200,1400,1428,1400,1420,300
1599523800,1411,1427,1411,1427,500
1599524400,1425,1425,1425,1425,100
1599525600,1411,1411,1384,1398,2100
1599526200,1390,1394,1344,1345,2100
1599526800,1380,1380,1350,1350,200
1599527400,1445,1445,1425,1425,1200
1599528000,1411,1411,1411,1411,100
1599531000,1411,1411,1411,1411,100
1599535800,1429,1429,1422,1422,300
1599537600,1408,1416,1408,1416,400
1599542400,1410,1419,1410,1419,200
1599543600,1414,1417,1404,1417,300
1599544200,1409,1409,1400,1401,400
1599544800,1395,1395,1395,1395,200
1599609600,1384,1384,1384,1384,100
1599610200,1414,1430,1414,1430,400
1599617400,1419,1426,1419,1426,200
1599622200,1426,1441,1426,1441,200
1599624000,1439,1439,1439,1439,100
1599624600,1414,1414,1414,1414,100
1599625200,1428,1428,1428,1428,400
1599628800,1422,1422,1397,1401,1300
1599629400,1416,1420,1403,1413,1100
1599630000,1423,1423,1423,1423,300
1599631200,1404,1404,1404,1404,100
1599696000,1421,1421,1421,1421,100
1599696600,1428,1428,1428,1428,100
1599697800,1428,1428,1425,1425,200
1599700200,1413,1413,1413,1413,200
1599701400,1417,1417,1417,1417,400
1599702000,1417,1424,1417,1424,500
1599703800,1413,1413,1413,1413,100
1599708600,1425,1425,1425,1425,100
1599709800,1411,1411,1411,1411,100
1599714000,1412,1412,1412,1412,100
1599715200,1423,1423,1423,1423,100
1599716400,1426,1426,1426,1426,300
1599717000,1428,1428,1417,1417,500
1599782400,1449,1449,1449,1449,400
1599785400,1419,1419,1419,1419,100
1599795000,1436,1436,1421,1421,200
1599799200,1424,1425,1424,1425,600
1599799800,1425,1425,1425,1425,100
1599800400,1425,1425,1425,1425,100
1599802800,1428,1428,1425,1425,500
1599804000,1430,1430,1430,1430,200
1600041600,1460,1460,1460,1460,500
1600042200,1451,1451,1449,1449,200
1600044000,1446,1446,1440,1440,300
1600045200,1440,1440,1440,1440,400
1600045800,1440,1440,1440,1440,100
1600046400,1440,1440,1440,1440,100
1600047000,1440,1440,1440,1440,100
1600048800,1443,1443,1443,1443,200
1600059000,1420,1420,1420,1420,100
1600062000,1436,1446,1436,1446,600
1600062600,1447,1447,1447,1447,100
1600063200,1462,1462,1462,1462,100
1600131000,1457,1457,1457,1457,100
1600131600,1457,1467,1428,1428,800
1600140600,1421,1421,1421,1421,100
1600144200,1428,1428,1428,1428,100
1600146000,1432,1432,1432,1432,100
1600147800,1432,1440,1432,1440,200
1600149000,1440,1440,1439,1439,400
1600214400,1409,1423,1409,1423,200
1600217400,1428,1428,1428,1428,200
1600218000,1428,1428,1428,1428,200
1600227000,1449,1449,1449,1449,100
1600228200,1444,1449,1444,1449,300
1600234800,1442,1442,1442,1442,100
1600236000,1432,1432,1432,1432,100
1600300800,1432,1432,1405,1405,1000
1600301400,1427,1427,1427,1427,100
1600302600,1431,1432,1426,1426,900
1600313400,1432,1432,1432,1432,200
1600314000,1432,1438,1432,1438,700
1600315200,1439,1439,1439,1439,100
1600317000,1439,1439,1439,1439,100
1600318800,1429,1429,1425,1425,300
1600319400,1421,1421,1407,1416,2200
1600320600,1412,1412,1411,1411,300
1600321200,1413,1421,1407,1407,1000
1600321800,1416,1416,1416,1416,100
1600322400,1416,1416,1416,1416,100
1600387200,1403,1425,1403,1425,400
1600388400,1411,1411,1411,1411,100
1600390200,1413,1413,1412,1412,300
1600394400,1424,1424,1423,1423,1800
1600399800,1423,1423,1420,1420,200
1600400400,1423,1425,1423,1425,700
1600403400,1411,1411,1408,1408,300
1600404600,1424,1424,1424,1424,300
1600407600,1425,1430,1425,1430,400
1600408200,1432,1432,1432,1432,100
1600819200,1402,1422,1402,1422,1100
1600819800,1423,1423,1422,1422,200
1600822200,1419,1459,1418,1459,13200
1600824000,1450,1459,1450,1459,20800
1600824600,1478,1478,1476,1476,300
1600825200,1486,1508,1482,1508,2400
1600831800,1498,1501,1474,1474,700
1600833000,1458,1458,1458,1458,100
1600834200,1462,1462,1462,1462,100
1600836000,1467,1467,1457,1465,900
1600836600,1462,1491,1460,1465,700
1600837200,1467,1467,1467,1467,100
1600837800,1468,1486,1418,1476,1800
1600838400,1460,1460,1429,1429,2800
1600839600,1457,1457,1427,1442,1000
1600840200,1454,1454,1430,1439,2500
1600905600,1438,1438,1429,1429,400
1600918200,1429,1429,1429,1429,200
1600919400,1431,1431,1431,1431,100
1600921200,1422,1422,1422,1422,100
1600922400,1422,1422,1422,1422,100
1600924200,1424,1477,1424,1477,4200
1600924800,1474,1501,1439,1441,2600
1600925400,1471,1500,1471,1500,2100
1600926000,1490,1500,1476,1498,5900
1600926600,1497,1500,1466,1500,6200
1600927200,1500,1500,1500,1500,500
1600992000,1430,1457,1430,1452,2100
1600993200,1468,1474,1468,1474,300
1600996200,1492,1502,1492,1492,2100
1600997400,1495,1495,1491,1491,500
1600998000,1496,1496,1455,1455,1600
1600998600,1434,1442,1434,1442,300
1600999200,1464,1464,1461,1461,200
1600999800,1462,1466,1449,1458,1000
1601000400,1486,1486,1486,1486,100
1601004600,1490,1490,1475,1476,900
1601005200,1476,1486,1476,1486,200
1601006400,1482,1482,1482,1482,100
1601007000,1468,1468,1468,1468,100
1601007600,1466,1469,1466,1466,300
1601008200,1480,1480,1480,1480,100
1601008800,1480,1480,1480,1480,100
1601009400,1466,1480,1463,1468,600
1601010000,1478,1493,1478,1493,300
1601011200,1499,1499,1493,1498,1000
1601011800,1500,1500,1489,1491,1100
1601012400,1496,1505,1495,1495,3600
1601013000,1493,1497,1490,1496,700
1601013600,1496,1496,1496,1496,200
1601251200,1477,1477,1477,1477,200
1601252400,1479,1479,1479,1479,100
1601253000,1471,1471,1452,1456,1200
1601254200,1465,1465,1460,1463,700
1601257200,1461,1461,1430,1435,1900
1601257800,1446,1446,1446,1446,100
1601259000,1443,1448,1443,1448,300
1601259600,1441,1441,1441,1441,300
1601263800,1450,1454,1450,1453,500
1601268000,1444,1444,1443,1443,900
1601272200,1455,1456,1455,1456,300
1601272800,1441,1441,1441,1441,100
1601337600,1466,1466,1466,1466,100
1601338800,1461,1465,1461,1465,600
1601343600,1466,1470,1466,1466,700
1601344200,1472,1472,1472,1472,100
1601350200,1473,1473,1466,1466,400
1601352000,1466,1466,1465,1465,200
1601356800,1474,1474,1474,1474,100
1601357400,1472,1472,1472,1472,100
1601358000,1473,1484,1466,1484,1100
1601358600,1476,1485,1476,1485,4600
1601359200,1488,1488,1488,1488,200
1601424000,1468,1482,1468,1482,900
1601427000,1462,1462,1462,1462,100
1601428200,1462,1462,1461,1461,200
1601436600,1463,1463,1463,1463,200
1601439600,1463,1463,1463,1463,100
1601444400,1478,1478,1468,1468,300
1601445000,1472,1478,1472,1478,300
1601445600,1486,1486,1486,1486,100
1601596800,1477,1477,1477,1477,100
1601602800,1481,1481,1481,1481,100
1601604600,1466,1470,1466,1470,400
1601609400,1466,1466,1466,1466,400
1601611800,1470,1470,1465,1465,500
1601613000,1461,1461,1461,1461,100
1601614200,1448,1448,1397,1404,1000
1601614800,1389,1415,1384,1409,1100
1601615400,1391,1391,1388,1388,400
1601616600,1403,1412,1403,1412,700
1601617200,1410,1410,1410,1410,200
1601617800,1411,1416,1400,1400,400
1601618400,1403,1403,1403,1403,500
1601856000,1416,1416,1416,1416,700
1601856600,1430,1430,1426,1426,300
1601858400,1445,1445,1441,1441,300
1601859600,1455,1455,1455,1455,100
1601861400,1442,1442,1432,1432,300
1601862000,1424,1458,1424,1458,400
1601862600,1458,1458,1447,1447,1400
1601863800,1447,1447,1447,1447,100
1601868600,1468,1474,1468,1474,300
1601869200,1478,1478,1478,1478,100
1601873400,1477,1480,1466,1471,1100
1601874600,1473,1473,1473,1473,100
1601876400,1477,1477,1465,1468,2000
1601877000,1465,1465,1461,1461,500
1601877600,1461,1461,1461,1461,100
1601942400,1491,1491,1457,1457,1600
1601943600,1473,1473,1473,1473,100
1601944800,1483,1494,1483,1494,300
1601946000,1485,1485,1485,1485,100
1601946600,1476,1476,1446,1446,1100
1601948400,1457,1457,1457,1457,100
1601955000,1480,1480,1480,1480,100
1601962800,1486,1490,1486,1490,200
1601964000,1475,1475,1475,1475,100
1602028800,1471,1480,1471,1480,200
1602029400,1480,1480,1446,1468,1800
1602030000,1466,1466,1460,1460,300
1602031200,1447,1447,1447,1447,100
1602031800,1434,1434,1434,1434,100
1602036000,1447,1447,1447,1447,100
1602041400,1469,1469,1469,1469,200
1602044400,1439,1439,1439,1439,200
1602049200,1441,1443,1441,1443,400
1602049800,1449,1457,1449,1457,300
1602050400,1436,1436,1436,1436,100
1602115200,1406,1411,1406,1410,1400
1602115800,1403,1411,1395,1403,1300
1602117000,1405,1411,1397,1411,900
1602117600,1411,1411,1411,1411,100
1602118200,1411,1411,1411,1411,300
1602119400,1409,1411,1409,1411,500
1602120600,1410,1411,1405,1411,400
1602121200,1406,1406,1393,1393,500
1602121800,1394,1406,1394,1406,1000
1602122400,1394,1396,1390,1390,300
1602123000,1382,1388,1372,1388,700
1602123600,1395,1398,1395,1398,300
1602127800,1394,1400,1394,1399,500
1602129000,1392,1392,1390,1390,300
1602129600,1390,1390,1390,1390,200
1602130200,1390,1395,1390,1395,700
1602130800,1392,1400,1390,1400,300
1602131400,1400,1421,1400,1421,1000
1602132000,1416,1416,1416,1416,200
1602132600,1414,1414,1412,1412,200
1602133200,1409,1409,1399,1401,1200
1602133800,1397,1397,1397,1397,100
1602134400,1394,1401,1391,1401,800
1602135000,1400,1439,1400,1425,800
1602135600,1421,1429,1419,1429,700
1602136200,1429,1429,1429,1429,200
1602136800,1429,1429,1429,1429,100
1602201600,1439,1439,1430,1439,1100
1602202200,1440,1446,1440,1446,800
1602205800,1445,1445,1443,1443,300
1602207600,1440,1441,1440,1440,300
1602210600,1442,1442,1442,1442,100
1602214200,1446,1446,1446,1446,300
1602217200,1445,1445,1445,1445,100
1602217800,1444,1444,1444,1444,100
1602219000,1443,1443,1443,1443,200
1602220200,1438,1438,1438,1438,100
1602220800,1437,1437,1436,1436,200
1602221400,1435,1435,1435,1435,100
1602222000,1434,1437,1434,1437,900
1602222600,1420,1439,1420,1439,200
1602223200,1439,1439,1439,1439,300
1602460800,1481,1481,1481,1481,1300
1602462000,1461,1461,1461,1461,100
1602462600,1481,1481,1481,1481,300
1602466800,1476,1484,1476,1484,500
1602468000,1473,1474,1473,1474,600
1602469200,1465,1465,1455,1455,1000
1602473400,1472,1475,1472,1475,200
1602481200,1479,1479,1464,1464,900
1602481800,1462,1471,1462,1471,200
1602482400,1471,1471,1471,1471,200
1602550200,1464,1464,1464,1464,100
1602550800,1470,1471,1470,1471,200
1602566400,1445,1451,1432,1441,1600
1602567000,1434,1446,1434,1446,600
1602567600,1438,1438,1438,1438,100
1602568200,1436,1436,1436,1436,100
1602568800,1445,1445,1445,1445,300
1602633600,1446,1446,1433,1433,900
1602634200,1439,1439,1435,1435,300
1602634800,1411,1411,1407,1407,200
1602636000,1425,1425,1425,1425,200
1602637800,1438,1438,1438,1438,100
1602640200,1432,1432,1432,1432,300
1602642600,1426,1426,1426,1426,200
1602646200,1448,1448,1448,1448,200
1602650400,1453,1453,1453,1453,100
1602654000,1465,1465,1465,1465,200
1602654600,1470,1470,1470,1470,100
1602655200,1471,1471,1471,1471,200
1602720000,1462,1462,1462,1462,700
1602724800,1455,1455,1455,1455,200
1602728400,1450,1450,1450,1450,100
1602732600,1467,1467,1460,1460,300
1602733200,1440,1464,1440,1464,200
1602734400,1467,1470,1467,1470,1000
1602735600,1478,1488,1478,1488,900
1602738000,1487,1487,1487,1487,100
1602739200,1486,1486,1486,1486,100
1602740400,1485,1487,1485,1487,200
1602741000,1478,1478,1459,1459,1300
1602741600,1489,1489,1489,1489,200
1602819000,1486,1486,1462,1462,300
1602820200,1482,1482,1482,1482,100
1602824400,1480,1480,1480,1480,100
1602826800,1474,1474,1464,1472,1800
1602828000,1484,1484,1484,1484,200
1603065600,1449,1469,1449,1469,600
1603066200,1460,1460,1460,1460,100
1603069800,1483,1483,1483,1483,200
1603070400,1484,1484,1480,1480,200
1603071600,1479,1479,1465,1465,300
1603078200,1485,1490,1485,1490,500
1603079400,1487,1487,1487,1487,100
1603080600,1473,1478,1454,1478,1500
1603082400,1484,1484,1484,1484,400
1603086000,1480,1483,1479,1483,700
1603086600,1466,1466,1466,1466,100
1603087200,1460,1460,1460,1460,900
1603154400,1458,1475,1458,1475,300
1603155000,1481,1485,1481,1485,400
1603155600,1469,1478,1468,1478,400
1603157400,1479,1479,1479,1479,100
1603158000,1479,1480,1479,1480,200
1603158600,1486,1486,1486,1486,100
1603160400,1486,1486,1486,1486,100
1603164600,1487,1487,1487,1487,200
1603165800,1493,1497,1493,1497,200
1603166400,1496,1496,1496,1496,100
1603167000,1496,1497,1496,1497,300
1603168800,1481,1481,1462,1462,1500
1603169400,1465,1465,1465,1465,100
1603170000,1477,1477,1477,1477,100
1603171800,1477,1477,1477,1477,100
1603173000,1480,1480,1480,1480,1100
1603173600,1485,1485,1485,1485,200
1603241400,1488,1490,1488,1490,200
1603242000,1496,1502,1496,1502,2800
1603242600,1510,1556,1501,1538,4000
1603243200,1524,1524,1500,1517,1500
1603244400,1512,1512,1496,1496,1300
1603245600,1496,1505,1496,1505,1300
1603246800,1506,1506,1506,1506,100
1603251000,1500,1500,1500,1500,100
1603252200,1506,1506,1506,1506,100
1603254000,1505,1505,1505,1505,100
1603255200,1505,1505,1505,1505,100
1603257000,1506,1506,1504,1504,1000
1603258800,1502,1502,1502,1502,100
1603260000,1498,1498,1498,1498,200
1603324800,1585,1726,1580,1595,9400
1603325400,1635,1635,1498,1518,11300
1603326000,1493,1493,1455,1467,1400
1603326600,1472,1476,1431,1431,2100
1603327200,1431,1444,1431,1444,1000
1603328400,1426,1437,1425,1437,300
1603329000,1436,1436,1436,1436,200
1603329600,1438,1438,1420,1431,700
1603331400,1430,1430,1430,1430,100
1603332000,1431,1436,1431,1436,400
1603333200,1435,1435,1435,1435,100
1603337400,1435,1435,1361,1389,2800
1603338000,1389,1430,1389,1430,1100
1603339800,1420,1420,1420,1420,100
1603341000,1414,1414,1414,1414,100
1603342200,1412,1412,1412,1412,100
1603343400,1412,1413,1412,1413,300
1603344000,1416,1416,1416,1416,100
1603344600,1421,1421,1408,1408,300
1603345200,1407,1412,1404,1410,800
1603345800,1390,1390,1389,1389,200
1603346400,1408,1408,1408,1408,200
1603411200,1378,1428,1378,1428,2400
1603411800,1419,1419,1419,1419,100
1603412400,1410,1410,1400,1409,400
1603413000,1409,1409,1409,1409,100
1603413600,1394,1394,1394,1394,100
1603414200,1399,1401,1399,1401,600
1603415400,1389,1389,1389,1389,100
1603416000,1396,1400,1396,1400,300
1603417200,1400,1401,1400,1401,200
1603418400,1401,1402,1401,1402,500
1603419600,1402,1402,1402,1402,100
1603423800,1402,1402,1402,1402,100
1603424400,1402,1403,1402,1403,200
1603425000,1405,1405,1405,1405,100
1603426200,1407,1420,1407,1420,300
1603427400,1418,1418,1418,1418,100
1603428000,1415,1415,1415,1415,100
1603428600,1425,1425,1425,1425,100
1603429200,1422,1427,1415,1427,400
1603430400,1432,1432,1432,1432,100
1603431600,1430,1430,1430,1430,100
1603432200,1419,1429,1419,1429,500
1603432800,1423,1423,1423,1423,600
1603673400,1439,1441,1439,1441,200
1603674000,1444,1453,1444,1451,900
1603677600,1448,1448,1448,1448,200
1603683000,1447,1447,1447,1447,300
1603684200,1447,1447,1447,1447,100
1603686000,1446,1446,1446,1446,100
1603687200,1443,1443,1443,1443,100
1603688400,1443,1444,1443,1444,200
1603689000,1445,1445,1445,1445,300
1603690800,1445,1447,1445,1447,300
1603756800,1417,1447,1417,1447,900
1603761000,1424,1441,1424,1426,300
1603769400,1425,1425,1425,1425,200
1603770000,1440,1440,1440,1440,100
1603770600,1446,1446,1446,1446,100
1603771200,1445,1445,1445,1445,100
1603771800,1445,1445,1445,1445,100
1603772400,1447,1447,1447,1447,400
1603773000,1470,1470,1470,1470,100
1603773600,1468,1468,1468,1468,200
1603774200,1475,1475,1475,1475,200
1603774800,1500,1521,1467,1467,1800
1603777200,1510,1510,1509,1509,400
1603777800,1500,1504,1500,1504,300
1603778400,1505,1505,1505,1505,100
1603846200,1500,1500,1500,1500,100
1603848000,1499,1499,1499,1499,300
1603856400,1439,1459,1439,1459,800
1603859400,1462,1462,1462,1462,100
1603864800,1481,1481,1481,1481,100
1603929600,1451,1451,1451,1451,200
1603931400,1452,1452,1452,1452,100
1603938000,1461,1461,1461,1461,100
1603942200,1476,1476,1476,1476,300
1603942800,1477,1493,1477,1483,400
1603943400,1496,1496,1496,1496,100
1603944000,1497,1500,1497,1500,600
1603944600,1500,1526,1500,1515,1400
1603945200,1508,1508,1508,1508,100
1603946400,1508,1515,1508,1515,200
1603947000,1515,1515,1497,1497,700
1603948800,1510,1510,1510,1510,200
1603949400,1510,1510,1500,1500,400
1603950000,1506,1506,1506,1506,200
1603950600,1506,1514,1506,1514,800
1603951200,1515,1515,1515,1515,200
1604016000,1506,1506,1506,1506,100
1604028600,1510,1510,1510,1510,100
1604035800,1487,1487,1484,1484,200
1604037000,1510,1510,1510,1510,100
1604037600,1479,1479,1479,1479,100
1604278200,1470,1470,1470,1470,100
1604295600,1463,1463,1463,1463,500
1604296200,1471,1471,1471,1471,100
1604450400,1500,1500,1500,1500,100
1604452200,1479,1479,1479,1479,200
1604454000,1475,1475,1475,1475,200
1604455200,1464,1464,1464,1464,100
1604460600,1479,1479,1479,1479,100
1604468400,1474,1474,1474,1474,100
1604469600,1475,1475,1475,1475,200
1604534400,1480,1480,1476,1476,200
1604539800,1475,1475,1475,1475,200
1604541600,1475,1475,1475,1475,300
1604547000,1480,1480,1480,1480,100
1604554800,1480,1480,1480,1480,100
1604620800,1480,1480,1480,1480,1000
1604622600,1472,1472,1469,1469,200
1604627400,1480,1480,1480,1480,100
1604633400,1510,1510,1509,1509,300
1604637000,1508,1509,1508,1509,200
1604637600,1469,1469,1469,1469,100
1604638800,1499,1499,1499,1499,100
1604641200,1487,1487,1483,1483,200
1604642400,1496,1496,1496,1496,200
1604880000,1500,1500,1500,1500,900
1604880600,1470,1470,1460,1460,200
1604882400,1481,1481,1481,1481,100
1604883000,1500,1500,1500,1500,100
1604889000,1497,1497,1497,1497,100
1604892600,1613,1613,1613,1613,30000
1604893200,1653,1677,1621,1621,800
1604893800,1501,1564,1482,1498,2200
1604894400,1497,1509,1497,1509,1000
1604899800,1493,1493,1493,1493,100
1604900400,1499,1502,1497,1502,600
1604901000,1485,1485,1485,1485,100
1604901600,1502,1502,1502,1502,100
1604967600,1489,1489,1489,1489,100
1604971200,1467,1468,1467,1468,200
1604973000,1487,1487,1462,1467,400
1604973600,1481,1481,1481,1481,100
1604974200,1470,1470,1470,1470,300
1604979000,1477,1477,1477,1477,200
1604979600,1463,1463,1457,1457,200
1604984400,1473,1473,1473,1473,100
1605052800,1502,1509,1502,1509,35500
1605053400,1497,1500,1497,1500,800
1605054000,1500,1531,1500,1531,1400
1605054600,1509,1509,1509,1509,200
1605055200,1501,1523,1500,1523,1400
1605055800,1501,1501,1501,1501,100
1605057000,1485,1485,1482,1482,200
1605058200,1495,1495,1495,1495,100
1605058800,1484,1484,1484,1484,100
1605061800,1484,1484,1484,1484,45000
1605065400,1499,1499,1499,1499,200
1605066000,1498,1505,1498,1504,700
1605066600,1504,1505,1504,1505,200
1605069600,1504,1504,1504,1504,100
1605073200,1505,1527,1505,1527,1600
1605073800,1530,1531,1530,1531,1300
1605074400,1559,1559,1559,1559,45400
1605139200,1605,1676,1605,1638,5300
1605139800,1640,1646,1608,1608,1800
1605140400,1608,1608,1502,1502,9300
1605141000,1515,1515,1505,1505,700
1605141600,1514,1514,1509,1513,600
1605142200,1510,1510,1503,1503,800
1605143400,1507,1507,1507,1507,100
1605145200,1516,1516,1516,1516,100
1605151800,1510,1510,1510,1510,600
1605152400,1510,1515,1502,1515,2800
1605155400,1500,1506,1492,1506,1600
1605159600,1484,1490,1480,1490,1400
1605160200,1481,1482,1481,1482,200
1605160800,1482,1482,1482,1482,300
1605225600,1592,1592,1499,1499,5200
1605226200,1529,1529,1487,1499,4900
1605226800,1500,1500,1500,1500,600
1605229800,1502,1502,1500,1500,700
1605238200,1500,1500,1500,1500,2500
1605241200,1500,1500,1500,1500,1300
1605241800,1508,1508,1500,1500,1000
1605243600,1511,1511,1511,1511,100
1605244200,1507,1507,1490,1490,500
1605244800,1486,1492,1476,1492,1400
1605245400,1495,1495,1495,1495,200
1605246600,1485,1485,1476,1476,600
1605247200,1478,1478,1478,1478,300
1605484800,1448,1448,1448,1448,40700
1605485400,1448,1515,1448,1515,500
1605486600,1497,1497,1497,1497,100
1605487200,1490,1490,1490,1490,100
1605490800,1490,1490,1490,1490,100
1605497400,1497,1497,1497,1497,10200
1605505200,1489,1489,1486,1486,500
1605505800,1481,1481,1481,1481,100
1605506400,1487,1487,1487,1487,300
1605571200,1487,1487,1456,1456,105500
1605574200,1482,1485,1482,1485,700
1605574800,1486,1487,1480,1480,800
1605583800,1479,1479,1466,1466,20200
1605585000,1468,1469,1468,1469,300
1605588600,1483,1497,1483,1497,700
1605591000,1477,1477,1477,1477,200
1605591600,1488,1488,1488,1488,400
1605592200,1498,1500,1498,1500,600
1605592800,1500,1500,1500,1500,300
1605657600,1488,1499,1480,1480,21500
1605670200,1495,1495,1495,1495,100
1605671400,1472,1472,1472,1472,100
1605672600,1487,1487,1487,1487,100
1605678600,1492,1492,1492,1492,100
1605679200,1477,1477,1477,1477,200
1605745200,1498,1498,1474,1474,700
1605756600,1484,1484,1484,1484,100
1605764400,1483,1483,1483,1483,100
1605765000,1488,1488,1488,1488,100
1605830400,1497,1497,1497,1497,200
1605834000,1490,1490,1490,1490,200
1605837000,1485,1485,1485,1485,100
1605843000,1493,1493,1493,1493,100
1605847200,1486,1486,1486,1486,100
1605850800,1492,1492,1490,1490,800
1605851400,1489,1500,1489,1500,1000
1605852000,1500,1500,1500,1500,400
1606176000,1500,1500,1500,1500,100
1606181400,1498,1498,1498,1498,100
1606188600,1508,1508,1508,1508,100
1606189200,1490,1490,1488,1488,400
1606191600,1481,1481,1421,1421,3300
1606192200,1475,1475,1475,1475,100
1606192800,1456,1456,1456,1456,100
1606197000,1486,1487,1486,1487,200
1606197600,1486,1486,1486,1486,100
1606262400,1458,1458,1454,1454,300
1606263600,1460,1460,1460,1460,200
1606264800,1470,1470,1470,1470,500
1606275000,1479,1479,1479,1479,100
1606281000,1470,1470,1470,1470,100
1606282800,1468,1468,1468,1468,200
1606283400,1469,1469,1469,1469,100
1606284000,1466,1466,1466,1466,300
1606348800,1479,1479,1468,1477,600
1606352400,1464,1464,1464,1464,200
1606361400,1464,1464,1464,1464,100
1606362600,1461,1465,1461,1465,300
1606363800,1471,1471,1471,1471,200
1606365000,1474,1474,1470,1470,200
1606365600,1474,1474,1474,1474,200
1606369800,1489,1489,1489,1489,100
1606370400,1479,1479,1479,1479,100
1606438200,1479,1479,1479,1479,100
1606450800,1456,1456,1456,1456,100
1606455600,1483,1490,1483,1490,300
1606456800,1490,1490,1490,1490,100
1606695000,1484,1484,1484,1484,200
1606695600,1462,1471,1462,1471,200
1606696800,1478,1478,1478,1478,100
1606707000,1478,1478,1478,1478,100
1606711200,1485,1485,1485,1485,100
1606714800,1484,1484,1483,1484,400
1606783800,1486,1486,1486,1486,100
1606789200,1476,1476,1475,1475,500
1606793400,1468,1468,1468,1468,100
1606794000,1479,1479,1471,1471,300
1606801200,1487,1487,1486,1486,200
1606801800,1487,1487,1487,1487,100
1606867200,1488,1488,1488,1488,400
1606879800,1486,1486,1486,1486,100
1606887600,1486,1486,1486,1486,100
1606888800,1486,1486,1486,1486,100
1606953600,1426,1453,1422,1430,7600
1606954200,1440,1447,1440,1447,400
1606955400,1446,1446,1446,1446,200
1606956000,1447,1449,1447,1449,800
1606956600,1431,1431,1429,1429,300
1606957800,1431,1431,1431,1431,100
1606959600,1441,1445,1441,1444,800
1606962000,1434,1434,1434,1434,100
1606966200,1446,1446,1446,1446,100
1606966800,1445,1445,1445,1445,100
1606968000,1451,1451,1451,1451,200
1606969800,1452,1452,1452,1452,100
1606971600,1476,1484,1476,1476,1300
1606972800,1477,1484,1477,1484,1400
1606974000,1479,1479,1476,1476,1100
1606975200,1484,1484,1484,1484,200
1607040000,1468,1468,1468,1468,48200
1607040600,1453,1468,1453,1468,700
1607041200,1473,1473,1472,1472,200
1607045400,1458,1458,1436,1436,1500
1607047800,1450,1450,1448,1448,200
1607049000,1448,1448,1448,1448,17000
1607052600,1473,1473,1473,1473,10200
1607061000,1480,1480,1474,1474,200
1607061600,1467,1467,1467,1467,300
1607299200,1467,1467,1440,1440,19100
1607299800,1462,1462,1462,1462,400
1607300400,1469,1473,1469,1473,300
1607302800,1470,1470,1470,1470,100
1607308200,1470,1470,1470,1470,57000
1607311800,1469,1469,1469,1469,22100
1607314800,1468,1468,1468,1468,100
1607316000,1469,1469,1469,1469,300
1607317800,1468,1468,1468,1468,100
1607319000,1469,1469,1461,1461,200
1607319600,1473,1473,1473,1473,700
1607320200,1478,1478,1478,1478,100
1607320800,1479,1479,1479,1479,200
1607385600,1455,1540,1455,1540,21100
1607386200,1523,1537,1500,1523,3700
1607386800,1522,1524,1500,1521,2200
1607387400,1509,1520,1500,1500,6400
1607388000,1500,1500,1500,1500,100
1607389800,1506,1506,1500,1500,200
1607391000,1503,1503,1499,1499,200
1607394600,1499,1499,1499,1499,65000
1607398200,1499,1499,1492,1492,21200
1607400000,1500,1500,1500,1500,900
1607400600,1507,1510,1507,1510,400
1607401200,1505,1505,1505,1505,100
1607402400,1509,1509,1498,1498,1000
1607405400,1498,1498,1498,1498,1000
1607407200,1493,1493,1493,1493,300
1607472000,1487,1494,1487,1494,35500
1607473200,1481,1481,1481,1481,800
1607474400,1492,1492,1492,1492,100
1607475600,1480,1480,1480,1480,300
1607477400,1478,1478,1478,1478,100
1607478000,1477,1479,1477,1479,700
1607484600,1494,1494,1494,1494,200
1607485800,1467,1467,1467,1467,200
1607487000,1459,1459,1459,1459,200
1607488800,1462,1462,1459,1459,200
1607491200,1473,1473,1473,1473,100
1607492400,1470,1470,1470,1470,100
1607493600,1470,1470,1470,1470,100
1607558400,1457,1483,1457,1483,500
1607560200,1476,1476,1476,1476,400
1607562600,1475,1475,1475,1475,100
1607571000,1474,1474,1472,1472,1300
1607572200,1480,1480,1480,1480,100
1607577600,1478,1478,1473,1473,800
1607579400,1489,1490,1476,1476,600
1607580000,1479,1479,1479,1479,500
1607645400,1299,1330,1299,1316,54300
1607646000,1320,1450,1316,1403,52600
1607646600,1404,1409,1395,1395,5100
1607647200,1394,1400,1394,1400,300
1607647800,1404,1404,1401,1401,200
1607649000,1404,1404,1404,1404,100
1607649600,1406,1429,1405,1429,600
1607650200,1428,1429,1428,1429,300
1607652600,1433,1433,1411,1411,1900
1607653200,1412,1423,1411,1423,400
1607657400,1411,1411,1411,1411,200
1607659200,1425,1428,1425,1428,1200
1607659800,1426,1426,1426,1426,500
1607660400,1430,1430,1430,1430,300
1607661600,1430,1430,1430,1430,200
1607662200,1434,1434,1434,1434,100
1607662800,1435,1435,1435,1435,100
1607664000,1441,1441,1441,1441,100
1607665200,1424,1439,1424,1439,300
1607665800,1436,1436,1436,1436,100
1607666400,1417,1417,1417,1417,600
1607904000,1401,1426,1401,1426,900
1607904600,1426,1426,1424,1424,200
1607908800,1404,1404,1403,1403,300
1607909400,1406,1417,1406,1415,800
1607912400,1415,1417,1415,1417,300
1607916600,1424,1424,1424,1424,200
1607917800,1430,1430,1430,1430,200
1607919600,1430,1430,1430,1430,100
1607921400,1430,1430,1430,1430,300
1607922000,1435,1435,1433,1434,600
1607922600,1431,1439,1430,1439,300
1607923200,1435,1435,1435,1435,100
1607923800,1435,1438,1435,1438,200
1607925000,1438,1440,1438,1440,400
1607925600,1400,1400,1400,1400,1100
1607990400,1430,1430,1408,1408,600
1607991000,1411,1411,1411,1411,100
1607991600,1420,1420,1420,1420,100
1607992800,1423,1423,1423,1423,100
1607998800,1420,1429,1420,1429,200
1608003000,1418,1418,1418,1418,200
1608004800,1415,1428,1415,1428,1200
1608005400,1429,1430,1429,1430,2500
1608008400,1424,1430,1424,1429,700
1608009600,1425,1438,1425,1438,1200
1608010200,1436,1436,1423,1423,500
1608010800,1425,1425,1420,1420,300
1608011400,1428,1438,1428,1438,1300
1608012000,1439,1439,1439,1439,200
1608076800,1469,1470,1465,1465,1200
1608077400,1470,1470,1470,1470,100
1608084600,1460,1460,1460,1460,200
1608089400,1469,1469,1469,1469,300
1608096600,1468,1469,1468,1469,400
1608097200,1470,1478,1470,1478,1400
1608098400,1468,1468,1468,1468,200
1608163200,1468,1468,1468,1468,100
1608168000,1459,1459,1459,1459,100
1608169800,1458,1458,1458,1458,100
1608181200,1439,1440,1439,1440,200
1608181800,1440,1454,1440,1454,400
1608182400,1455,1455,1455,1455,100
1608183600,1448,1448,1448,1448,400
1608184200,1452,1462,1441,1462,1800
1608184800,1464,1464,1464,1464,200
1608249600,1484,1484,1484,1484,100
1608252600,1470,1474,1470,1474,200
1608262200,1451,1455,1451,1455,400
1608265200,1460,1466,1460,1466,200
1608270600,1451,1451,1440,1440,4500
1608271200,1444,1444,1444,1444,200
1608508800,1414,1420,1414,1420,600
1608510000,1437,1437,1425,1429,400
1608513600,1420,1430,1420,1430,300
1608517200,1413,1413,1413,1413,100
1608521400,1422,1422,1422,1422,100
1608526200,1424,1429,1424,1429,600
1608526800,1425,1437,1425,1437,1100
1608529200,1444,1449,1444,1449,400
1608530400,1448,1448,1448,1448,100
1608595200,1454,1454,1454,1454,200
1608595800,1464,1464,1464,1464,100
1608597000,1465,1465,1465,1465,100
1608607800,1450,1452,1450,1452,200
1608616800,1448,1448,1448,1448,100
1608684600,1436,1450,1436,1450,300
1608685800,1462,1462,1458,1458,300
1608689400,1454,1454,1454,1454,200
1608690000,1443,1443,1443,1443,100
1608694200,1460,1460,1460,1460,100
1608697800,1460,1463,1460,1463,200
1608698400,1460,1460,1460,1460,100
1608699600,1460,1460,1460,1460,200
1608700800,1463,1465,1463,1465,300
1608701400,1461,1461,1460,1460,600
1608702000,1468,1478,1468,1478,1200
1608702600,1473,1473,1473,1473,200
1608703200,1465,1465,1465,1465,100
1608769200,1442,1442,1442,1442,200
1608771000,1449,1466,1449,1466,200
1608771600,1447,1447,1447,1447,200
1608775200,1470,1470,1470,1470,300
1608780600,1470,1470,1470,1470,100
1608789600,1450,1450,1450,1450,100
1608856800,1467,1467,1466,1466,200
1608867000,1470,1470,1470,1470,100
1608876000,1460,1460,1460,1460,100
1609113600,1445,1445,1430,1434,300
1609114200,1445,1445,1441,1441,200
1609119600,1459,1469,1459,1466,1100
1609126200,1469,1469,1469,1469,3200
1609128000,1469,1469,1457,1457,300
1609128600,1469,1480,1469,1480,900
1609129200,1480,1480,1480,1480,100
1609132800,1476,1492,1475,1492,900
1609134000,1499,1499,1499,1499,300
1609134600,1486,1490,1483,1490,500
1609135200,1470,1470,1470,1470,100
1609200000,1440,1500,1440,1455,9300
1609200600,1454,1455,1454,1455,300
1609201200,1450,1450,1450,1450,200
1609201800,1472,1472,1472,1472,100
1609202400,1477,1555,1477,1555,700
1609203000,1555,1620,1525,1620,5900
1609203600,1500,1500,1500,1500,400
1609204200,1484,1484,1475,1475,500
1609205400,1498,1498,1498,1498,100
1609208400,1498,1500,1498,1500,800
1609220400,1494,1500,1494,1495,2800
1609221000,1483,1483,1482,1482,200
1609221600,1481,1481,1481,1481,200
1609286400,1500,1500,1480,1480,700
1609287000,1498,1544,1498,1544,1400
1609288200,1524,1524,1524,1524,300
1609288800,1512,1512,1481,1492,3100
1609289400,1493,1493,1493,1493,300
1609290600,1500,1500,1494,1500,600
1609291200,1491,1491,1491,1491,500
1609291800,1508,1517,1508,1517,200
1609292400,1504,1516,1465,1474,6200
1609294800,1478,1478,1478,1478,200
1609295400,1493,1493,1493,1493,100
1609299000,1500,1502,1464,1502,700
1609302000,1494,1494,1494,1494,300
1609303800,1499,1499,1498,1498,200
1609305600,1487,1490,1487,1490,200
1609306800,1483,1489,1483,1489,400
1609308000,1463,1463,1463,1463,200
1609718400,1433,1433,1433,1433,900
1609719600,1453,1463,1453,1463,1000
1609720200,1471,1471,1471,1471,100
1609723800,1474,1478,1474,1478,600
1609726200,1481,1481,1481,1481,100
1609726800,1472,1472,1465,1465,1100
1609727400,1465,1465,1465,1465,100
1609731000,1472,1472,1472,1472,100
1609735200,1442,1442,1442,1442,100
1609737000,1450,1450,1450,1450,200
1609738800,1452,1464,1452,1464,300
1609740000,1456,1456,1456,1456,100
1609804800,1482,1482,1469,1482,800
1609805400,1462,1468,1457,1468,600
1609806000,1468,1468,1468,1468,100
1609813200,1466,1494,1466,1494,5100
1609813800,1493,1493,1493,1493,100
1609817400,1492,1492,1492,1492,100
1609819800,1462,1462,1462,1462,100
1609824000,1464,1464,1464,1464,100
1609825200,1465,1500,1465,1500,3700
1609825800,1501,1501,1464,1464,400
1609891200,1494,1494,1490,1490,200
1609891800,1490,1490,1490,1490,200
1609896000,1488,1488,1488,1488,100
1609897200,1491,1491,1491,1491,100
1609898400,1490,1490,1490,1490,100
1609903800,1489,1489,1489,1489,100
1609909800,1478,1491,1470,1491,1000
1609911600,1491,1502,1491,1502,3000
1609912200,1501,1501,1500,1500,200
1609912800,1504,1504,1504,1504,200
1609977600,1500,1500,1474,1474,400
1609979400,1488,1488,1488,1488,100
1609980000,1474,1474,1474,1474,200
1609983000,1474,1484,1474,1484,300
1609990200,1475,1495,1475,1495,400
1609994400,1483,1495,1483,1490,600
1609996800,1490,1490,1490,1490,100
1609997400,1490,1494,1490,1494,200
1609998000,1493,1493,1483,1483,700
1609998600,1477,1487,1477,1485,300
1609999200,1485,1485,1485,1485,100
1610064000,1455,1455,1455,1455,100
1610069400,1485,1485,1485,1485,200
1610076600,1486,1500,1486,1500,2000
1610077200,1500,1590,1500,1500,4500
1610077800,1540,1540,1500,1500,2700
1610079000,1500,1500,1500,1500,100
1610080200,1499,1499,1499,1499,100
1610082600,1495,1495,1495,1495,100
1610083800,1495,1495,1471,1471,400
1610084400,1462,1469,1456,1469,2100
1610085600,1473,1473,1473,1473,100
1610411400,1490,1490,1490,1490,500
1610427600,1487,1489,1487,1489,300
1610430000,1490,1512,1489,1512,3400
1610430600,1502,1502,1502,1502,1000
1610431200,1502,1502,1502,1502,100
1610496000,1512,1515,1485,1485,2500
1610496600,1503,1503,1502,1502,300
1610497200,1503,1510,1503,1510,200
1610498400,1513,1513,1513,1513,100
1610500800,1500,1500,1495,1499,400
1610502000,1500,1500,1487,1500,700
1610502600,1500,1500,1500,1500,400
1610503800,1500,1500,1500,1500,100
1610504400,1500,1513,1500,1513,200
1610509200,1485,1485,1485,1485,200
1610510400,1499,1499,1499,1499,100
1610511000,1499,1500,1499,1500,600
1610511600,1500,1500,1500,1500,300
1610517000,1498,1498,1498,1498,200
1610517600,1500,1500,1500,1500,200
1610582400,1498,1498,1498,1498,100
1610583000,1527,1583,1485,1499,1300
1610583600,1500,1522,1500,1522,1400
1610584200,1499,1499,1499,1499,100
1610585400,1499,1499,1499,1499,100
1610595000,1487,1500,1487,1500,500
1610598000,1500,1500,1489,1489,500
1610599200,1499,1500,1499,1500,500
1610600400,1500,1500,1500,1500,100
1610601000,1500,1500,1500,1500,200
1610602800,1489,1496,1481,1496,1800
1610603400,1492,1500,1492,1500,1200
1610604000,1500,1500,1500,1500,100
1610668800,1537,1537,1537,1537,100
1610670000,1500,1500,1499,1499,200
1610670600,1499,1500,1499,1500,400
1610671800,1500,1500,1500,1500,1200
1610673000,1519,1519,1519,1519,100
1610674200,1505,1520,1500,1520,2300
1610675400,1504,1504,1499,1500,2100
1610677200,1499,1499,1499,1499,100
1610677800,1476,1476,1476,1476,100
1610681400,1478,1478,1478,1478,400
1610683200,1479,1479,1479,1479,300
1610683800,1492,1492,1492,1492,100
1610684400,1485,1485,1485,1485,700
1610688600,1493,1499,1482,1482,500
1610689800,1487,1487,1487,1487,100
1610690400,1481,1481,1481,1481,100
1610928000,1481,1481,1481,1481,100
1610928600,1451,1451,1451,1451,100
1610929800,1469,1476,1469,1476,1100
1610932800,1480,1488,1480,1488,300
1610936400,1480,1487,1480,1487,200
1610940600,1499,1499,1496,1499,700
1610941800,1481,1481,1459,1466,1000
1610943600,1473,1482,1473,1482,300
1610949000,1485,1500,1480,1481,1900
1610949600,1485,1485,1485,1485,1100
1611014400,1489,1489,1488,1488,200
1611015600,1490,1490,1490,1490,200
1611017400,1480,1480,1480,1480,100
1611034800,1478,1480,1477,1480,300
1611035400,1479,1486,1479,1486,1100
1611036000,1484,1484,1484,1484,500
1611100800,1480,1495,1480,1495,400
1611101400,1478,1478,1478,1478,100
1611102000,1458,1458,1418,1418,500
1611102600,1445,1446,1445,1446,500
1611103200,1453,1453,1453,1453,200
1611103800,1462,1470,1459,1470,1200
1611109200,1470,1470,1470,1470,200
1611121200,1473,1476,1473,1476,300
1611122400,1475,1475,1475,1475,100
1611187200,1495,1495,1495,1495,400
1611187800,1493,1493,1468,1468,200
1611193200,1471,1480,1471,1480,900
1611194400,1483,1483,1483,1483,100
1611208800,1475,1475,1475,1475,100
1611273600,1452,1452,1452,1452,100
1611274200,1474,1474,1474,1474,100
1611275400,1469,1469,1469,1469,100
1611280800,1470,1470,1470,1470,100
1611286200,1467,1467,1467,1467,27000
1611291000,1466,1469,1466,1469,10200
1611292200,1468,1468,1468,1468,100
1611295200,1460,1460,1460,1460,300
1611532800,1450,1450,1450,1450,20400
1611534000,1449,1459,1449,1459,1100
1611537600,1458,1458,1458,1458,100
1611541800,1428,1428,1428,1428,100
1611550800,1443,1443,1443,1443,100
1611552600,1458,1458,1458,1458,400
1611553200,1458,1458,1455,1455,700
1611619200,1455,1455,1455,1455,18000
1611623400,1455,1455,1451,1451,1000
1611631800,1455,1455,1452,1452,500
1611633000,1454,1454,1454,1454,200
1611634800,1484,1484,1484,1484,200
1611636600,1469,1469,1469,1469,100
1611637200,1468,1468,1468,1468,100
1611637800,1451,1455,1450,1455,1800
1611638400,1462,1462,1462,1462,1200
1611639600,1459,1461,1459,1461,1500
1611640800,1465,1465,1465,1465,300
1611705600,1435,1435,1435,1435,2800
1611706200,1439,1439,1439,1439,100
1611706800,1440,1440,1437,1437,200
1611708000,1437,1440,1437,1440,200
1611718800,1449,1449,1449,1449,1000
1611719400,1449,1449,1449,1449,500
1611721200,1449,1450,1449,1450,800
1611723000,1450,1450,1450,1450,100
1611723600,1455,1455,1450,1450,200
1611726000,1449,1449,1449,1449,3000
1611726600,1449,1449,1431,1441,1900
1611727200,1433,1433,1433,1433,400
1611796200,1448,1448,1448,1448,200
1611805800,1448,1449,1448,1449,700
1611807600,1448,1448,1448,1448,100
1611809400,1448,1448,1448,1448,100
1611810600,1448,1448,1448,1448,100
1611878400,1455,1455,1455,1455,200
1611879000,1455,1455,1455,1455,100
1611881400,1465,1465,1465,1465,100
1611885600,1464,1464,1434,1434,1200
1611894000,1416,1416,1416,1416,100
1611896400,1446,1454,1446,1454,200
1611897000,1454,1465,1454,1465,800
1611897600,1460,1469,1456,1469,300
1611899400,1463,1480,1459,1480,2300
1611900000,1460,1460,1460,1460,1000
1612155600,1482,1482,1482,1482,100
1612158600,1425,1426,1422,1422,2400
1612159200,1433,1433,1433,1433,500
1612225200,1432,1433,1432,1433,700
1612226400,1425,1425,1425,1425,100
1612227600,1418,1418,1418,1418,100
1612228200,1432,1439,1432,1439,1000
1612240200,1420,1420,1420,1420,1000
1612243800,1420,1420,1419,1419,900
1612245000,1435,1436,1420,1420,800
1612245600,1427,1427,1427,1427,300
1612310400,1434,1434,1421,1421,200
1612311000,1419,1419,1419,1419,600
1612312200,1400,1400,1400,1400,200
1612312800,1416,1416,1416,1416,100
1612313400,1415,1415,1415,1415,200
1612314600,1414,1415,1414,1415,300
1612318200,1415,1431,1415,1431,1000
1612323000,1424,1424,1424,1424,500
1612323600,1424,1434,1424,1434,500
1612324800,1421,1421,1420,1420,400
1612332000,1420,1420,1420,1420,1400
1612397400,1420,1420,1420,1420,100
1612398000,1425,1425,1425,1425,100
1612398600,1424,1428,1424,1428,1000
1612399200,1427,1427,1427,1427,1000
1612404600,1423,1423,1423,1423,500
1612409400,1412,1426,1404,1419,900
1612412400,1408,1408,1408,1408,200
1612413000,1419,1419,1419,1419,100
1612415400,1419,1420,1419,1420,400
1612416600,1408,1408,1408,1408,300
1612417200,1419,1426,1419,1420,2200
1612417800,1420,1429,1420,1429,1700
1612418400,1420,1420,1420,1420,1000
1612483200,1418,1418,1418,1418,600
1612483800,1418,1419,1418,1419,700
1612486200,1404,1419,1403,1419,800
1612488000,1418,1418,1418,1418,700
1612488600,1419,1419,1418,1418,300
1612491000,1419,1419,1419,1419,100
1612495800,1411,1411,1411,1411,300
1612496400,1411,1411,1411,1411,200
1612497600,1411,1411,1411,1411,200
1612499400,1408,1408,1407,1407,500
1612500000,1406,1406,1406,1406,200
1612501800,1406,1406,1405,1405,800
1612503600,1415,1415,1415,1415,300
1612504200,1415,1415,1415,1415,500
1612504800,1414,1414,1414,1414,200
1612742400,1395,1414,1395,1414,200
1612743600,1394,1394,1394,1394,1000
1612744800,1394,1396,1394,1395,1300
1612747200,1395,1395,1395,1395,200
1612747800,1409,1409,1395,1395,500
1612748400,1408,1408,1408,1408,300
1612758600,1398,1398,1367,1367,2000
1612760400,1389,1408,1389,1404,2000
1612761600,1403,1407,1403,1407,1600
1612762800,1407,1408,1407,1408,500
1612763400,1390,1430,1390,1430,1900
1612764000,1446,1446,1446,1446,600
1612828800,1446,1449,1446,1449,2800
1612830600,1430,1430,1430,1430,100
1612836600,1443,1443,1443,1443,100
1612837800,1429,1429,1429,1429,100
1612848600,1429,1429,1429,1429,300
1612849800,1420,1424,1420,1424,200
1612850400,1430,1430,1430,1430,600
1612915200,1400,1400,1400,1400,100
1612917600,1430,1430,1430,1430,100
1612927800,1400,1400,1400,1400,100
1612932600,1430,1435,1430,1435,700
1612933200,1444,1450,1444,1450,500
1612933800,1449,1480,1449,1480,900
1612934400,1492,1500,1492,1500,300
1612935000,1481,1482,1478,1478,900
1612935600,1499,1499,1447,1477,1400
1612936200,1461,1550,1461,1530,3100
1612936800,1575,1575,1575,1575,200
1613088000,1535,1535,1535,1535,600
1613090400,1497,1498,1481,1498,400
1613104800,1493,1500,1493,1496,2400
1613105400,1496,1496,1490,1490,300
1613107200,1508,1510,1489,1499,3100
1613108400,1499,1499,1469,1499,500
1613109000,1500,1501,1487,1499,5400
1613109600,1524,1524,1524,1524,100
1613347200,1428,1458,1428,1458,500
1613351400,1430,1430,1430,1430,800
1613359800,1431,1431,1431,1431,100
1613361600,1461,1461,1461,1461,100
1613362800,1488,1488,1488,1488,200
1613364000,1486,1486,1486,1486,100
1613365200,1486,1486,1486,1486,100
1613365800,1486,1486,1486,1486,100
1613367000,1460,1460,1441,1441,500
1613368200,1463,1463,1453,1453,400
1613368800,1472,1472,1472,1472,100
1613433600,1442,1442,1431,1431,700
1613434800,1431,1431,1431,1431,200
1613439600,1438,1438,1438,1438,800
1613440200,1438,1438,1434,1434,400
1613452200,1471,1471,1455,1455,600
1613453400,1471,1472,1435,1435,1500
1613454600,1435,1435,1435,1435,100
1613455200,1475,1475,1475,1475,100
1613520000,1431,1431,1431,1431,100
1613523600,1431,1431,1431,1431,100
1613524200,1427,1427,1410,1410,700
1613526000,1415,1415,1400,1400,1900
1613527200,1399,1399,1399,1399,100
1613528400,1400,1411,1400,1400,300
1613533200,1400,1400,1400,1400,1000
1613533800,1399,1400,1399,1400,900
1613538600,1424,1438,1408,1438,1500
1613539200,1409,1409,1402,1405,1400
1613539800,1401,1401,1400,1401,400
1613540400,1424,1450,1420,1420,2800
1613541000,1447,1463,1420,1463,1400
1613541600,1463,1463,1463,1463,100
1613606400,1418,1418,1418,1418,200
1613614200,1427,1427,1427,1427,200
1613625000,1457,1470,1457,1470,600
1613625600,1471,1471,1471,1471,100
1613626800,1465,1465,1465,1465,700
1613692800,1409,1409,1409,1409,500
1613697000,1416,1416,1416,1416,100
1613700000,1446,1446,1446,1446,100
1613710200,1425,1425,1425,1425,300
1613712600,1444,1446,1424,1446,2100
1613713800,1449,1480,1449,1465,2200
1613714400,1464,1464,1464,1464,300
1613952000,1434,1445,1434,1445,200
1613964600,1445,1445,1445,1445,100
1613970000,1445,1460,1445,1460,500
1613970600,1460,1460,1460,1460,400
1613971800,1475,1475,1471,1471,400
1613972400,1475,1475,1475,1475,100
1613973600,1476,1476,1476,1476,500
1614124800,1475,1475,1475,1475,300
1614129000,1472,1474,1472,1474,1000
1614130200,1472,1472,1472,1472,100
1614132600,1445,1445,1445,1445,600
1614138600,1445,1445,1445,1445,100
1614139800,1445,1445,1445,1445,100
1614141600,1472,1472,1472,1472,100
1614144000,1448,1448,1448,1448,200
1614144600,1472,1472,1454,1454,800
1614145800,1472,1473,1472,1473,300
1614146400,1460,1460,1460,1460,300
1614211200,1430,1430,1430,1430,200
1614214800,1436,1436,1436,1436,200
1614217200,1466,1466,1466,1466,100
1614232800,1465,1465,1465,1465,100
1614297600,1425,1425,1425,1425,400
1614298200,1413,1430,1413,1430,700
1614298800,1426,1428,1426,1428,600
1614299400,1430,1430,1425,1425,1000
1614300000,1439,1450,1420,1420,700
1614301200,1430,1430,1430,1430,200
1614316800,1421,1421,1421,1421,100
1614318000,1424,1424,1424,1424,500
1614318600,1444,1471,1429,1471,1600
1614319200,1460,1460,1460,1460,100
1614556800,1430,1430,1430,1430,500
1614558000,1457,1501,1457,1501,1200
1614558600,1500,1500,1436,1466,1000
1614560400,1466,1466,1466,1466,100
1614577800,1436,1436,1436,1436,200
1614578400,1437,1437,1437,1437,200
1614643200,1450,1450,1450,1450,400
1614646800,1459,1459,1459,1459,500
1614651600,1460,1460,1460,1460,500
1614661800,1450,1450,1450,1450,200
1614663600,1440,1440,1440,1440,100
1614664200,1453,1467,1441,1458,1300
1614664800,1468,1468,1468,1468,300
1614729600,1440,1440,1440,1440,300
1614742200,1441,1441,1441,1441,1500
1614744000,1455,1467,1455,1466,400
1614746400,1467,1467,1467,1467,300
1614748800,1467,1467,1467,1467,200
1614750000,1470,1470,1470,1470,500
1614750600,1473,1487,1458,1458,1100
1614816000,1460,1460,1460,1460,100
1614817800,1461,1461,1461,1461,700
1614819600,1461,1461,1461,1461,700
1614829800,1461,1461,1461,1461,200
1614834600,1461,1461,1460,1460,700
1614836400,1468,1488,1458,1488,1100
1614902400,1458,1471,1458,1471,1200
1614903600,1473,1473,1473,1473,400
1614906000,1473,1473,1473,1473,100
1614915000,1474,1474,1473,1473,500
1614915600,1473,1473,1473,1473,100
1614922800,1490,1491,1466,1491,900
1614923400,1461,1498,1460,1498,2100
1614924000,1498,1498,1498,1498,100
1615161600,1468,1468,1468,1468,600
1615162200,1498,1498,1498,1498,100
1615163400,1505,1505,1505,1505,500
1615165200,1499,1499,1499,1499,300
1615167000,1499,1499,1499,1499,300
1615170000,1478,1478,1470,1470,200
1615179000,1484,1484,1484,1484,100
1615182600,1472,1472,1470,1470,300
1615183200,1475,1475,1475,1475,700
1615248000,1450,1450,1450,1450,100
1615249200,1475,1475,1475,1475,200
1615251600,1463,1463,1463,1463,300
1615261200,1463,1463,1463,1463,100
1615266000,1468,1468,1468,1468,300
1615266600,1495,1495,1495,1495,100
1615268400,1495,1495,1480,1494,800
1615334400,1464,1464,1464,1464,100
1615337400,1493,1493,1493,1493,100
1615348800,1480,1480,1465,1465,1300
1615349400,1474,1474,1474,1474,100
1615355400,1471,1471,1471,1471,100
1615356000,1461,1461,1461,1461,100
1615420800,1490,1490,1490,1490,200
1615437000,1465,1465,1465,1465,200
1615440000,1465,1465,1465,1465,300
1615442400,1461,1461,1461,1461,200
1615507200,1463,1463,1463,1463,100
1615507800,1464,1464,1463,1463,500
1615509600,1463,1463,1455,1455,400
1615512000,1455,1455,1426,1426,1100
1615519800,1459,1459,1457,1457,500
1615520400,1457,1459,1434,1434,600
1615522800,1459,1459,1459,1459,100
1615523400,1441,1441,1437,1437,500
1615527000,1459,1459,1434,1434,300
1615527600,1459,1459,1445,1445,200
1615528200,1459,1480,1437,1477,2500
1615766400,1447,1447,1447,1447,100
1615785000,1490,1490,1490,1490,500
1615788000,1489,1489,1489,1489,200
1615852800,1483,1483,1483,1483,100
1615857000,1485,1485,1485,1485,100
1615861200,1485,1485,1485,1485,100
1615873800,1485,1485,1485,1485,200
1615939200,1456,1456,1456,1456,100
1615953000,1484,1484,1484,1484,100
1615960800,1469,1469,1469,1469,100
1616025600,1461,1470,1461,1470,300
1616028000,1457,1457,1457,1457,400
1616032800,1459,1488,1459,1488,200
1616040600,1458,1467,1458,1466,700
1616043600,1468,1482,1468,1482,200
1616044200,1473,1476,1464,1476,400
1616112000,1478,1490,1478,1490,3100
1616112600,1497,1497,1497,1497,100
1616126400,1493,1494,1493,1494,400
1616128200,1464,1469,1451,1451,2500
1616131800,1458,1458,1458,1458,200
1616133000,1488,1493,1462,1493,1600
1616133600,1475,1475,1475,1475,100
1616371200,1470,1470,1470,1470,200
1616375400,1477,1477,1477,1477,200
1616457600,1486,1486,1465,1468,1100
1616478000,1497,1497,1467,1467,1300
1616479200,1463,1463,1463,1463,300
1616544000,1463,1480,1463,1471,1000
1616544600,1498,1499,1453,1454,1300
1616545200,1454,1457,1453,1453,1100
1616545800,1452,1471,1445,1450,1300
1616546400,1444,1453,1443,1453,400
1616549400,1450,1450,1441,1441,200
1616550000,1440,1440,1411,1411,1000
1616556600,1426,1427,1410,1410,1300
1616559000,1403,1403,1403,1403,100
1616559600,1433,1433,1403,1403,200
1616560200,1433,1433,1433,1433,200
1616564400,1404,1445,1404,1415,900
1616565000,1444,1445,1421,1421,1400
1616565600,1454,1454,1454,1454,100
1616630400,1400,1400,1300,1350,13800
1616631000,1351,1351,1305,1317,4100
1616631600,1305,1321,1298,1321,5400
1616632200,1313,1313,1313,1313,100
1616632800,1316,1316,1310,1310,300
1616633400,1310,1310,1310,1310,300
1616634000,1313,1319,1313,1319,1600
1616634600,1319,1319,1319,1319,100
1616635200,1318,1361,1314,1326,4600
1616635800,1317,1342,1310,1342,2100
1616636400,1336,1349,1313,1325,3000
1616637000,1320,1330,1320,1330,500
1616637600,1330,1330,1330,1330,200
1616638200,1344,1350,1331,1331,700
1616638800,1336,1336,1332,1334,800
1616643000,1355,1369,1336,1349,3700
1616643600,1352,1352,1343,1343,300
1616644200,1358,1360,1338,1338,700
1616646600,1359,1360,1359,1360,200
1616647200,1346,1346,1346,1346,100
1616647800,1357,1398,1357,1380,4900
1616648400,1380,1412,1380,1385,2100
1616649000,1415,1440,1395,1440,1100
1616650200,1438,1442,1391,1401,1600
1616650800,1435,1468,1435,1468,4500
1616651400,1476,1500,1462,1500,4000
1616652000,1500,1500,1500,1500,600
1616716800,1447,1447,1447,1447,400
1616717400,1449,1449,1445,1445,400
1616718000,1433,1433,1433,1433,100
1616719800,1463,1463,1463,1463,900
1616723400,1450,1450,1439,1439,200
1616729400,1432,1432,1432,1432,6400
1616731200,1438,1438,1438,1438,100
1616734200,1438,1438,1438,1438,100
1616735400,1437,1437,1437,1437,100
1616736600,1467,1471,1441,1471,500
1616737200,1474,1505,1474,1505,2100
1616737800,1501,1541,1492,1541,3000
1616738400,1541,1541,1541,1541,100
1616976000,1485,1485,1466,1466,1100
1616976600,1471,1471,1470,1470,500
1616977800,1471,1471,1471,1471,100
1616978400,1488,1489,1470,1470,700
1616981400,1488,1498,1474,1488,1000
1616982600,1494,1494,1494,1494,200
1616988600,1494,1494,1494,1494,400
1616989800,1486,1486,1481,1481,800
1616990400,1493,1493,1474,1474,400
1616992800,1494,1500,1482,1482,1200
1616994000,1484,1484,1484,1484,100
1616995200,1485,1491,1485,1491,700
1616995800,1494,1494,1492,1492,500
1616996400,1500,1512,1493,1512,3300
1616997000,1496,1521,1496,1520,600
1617062400,1630,1650,1539,1590,20300
1617063000,1595,1651,1450,1495,33700
1617063600,1495,1495,1414,1450,12200
1617064200,1432,1491,1432,1463,6000
1617064800,1466,1472,1451,1467,2600
1617065400,1469,1489,1451,1478,3200
1617066000,1490,1517,1490,1502,7000
1617066600,1501,1510,1487,1487,3100
1617067200,1480,1485,1462,1485,1700
1617067800,1485,1485,1472,1472,1200
1617069000,1487,1487,1487,1487,100
1617069600,1486,1488,1465,1488,2600
1617070800,1468,1478,1462,1466,1600
1617071400,1493,1493,1493,1493,200
1617075000,1489,1489,1466,1468,900
1617075600,1470,1470,1464,1468,1100
1617076200,1468,1468,1461,1462,1600
1617077400,1460,1469,1460,1464,700
1617078000,1466,1482,1466,1477,500
1617079200,1482,1482,1470,1479,1300
1617079800,1466,1466,1466,1466,200
1617080400,1479,1479,1464,1464,500
1617081600,1475,1475,1475,1475,100
1617082200,1485,1485,1485,1485,100
1617082800,1480,1500,1478,1478,3100
1617083400,1477,1477,1470,1473,500
1617084000,1488,1488,1488,1488,1900
1617148800,1458,1487,1441,1462,5500
1617149400,1466,1468,1451,1467,1000
1617150000,1478,1479,1478,1479,200
1617150600,1486,1486,1484,1484,500
1617151800,1482,1483,1482,1483,200
1617154200,1468,1468,1467,1467,300
1617155400,1473,1474,1467,1467,300
1617156000,1471,1472,1470,1470,600
1617161400,1468,1468,1455,1455,700
1617163200,1455,1455,1455,1455,100
1617163800,1452,1452,1444,1444,1300
1617165000,1450,1450,1450,1450,300
1617165600,1450,1450,1450,1450,100
1617166200,1449,1460,1449,1460,500
1617168000,1445,1459,1441,1443,2700
1617168600,1443,1443,1443,1443,100
1617169800,1459,1459,1442,1442,300
1617170400,1441,1441,1441,1441,400
1617235200,1436,1453,1435,1453,1500
1617235800,1437,1437,1437,1437,200
1617236400,1429,1446,1424,1429,2400
1617237000,1444,1464,1444,1453,1200
1617237600,1458,1467,1454,1454,500
1617238200,1466,1466,1447,1447,700
1617241200,1441,1441,1431,1431,600
1617241800,1440,1450,1435,1450,1500
1617242400,1449,1449,1449,1449,100
1617247800,1456,1456,1456,1456,100
1617250200,1445,1445,1435,1435,800
1617251400,1443,1444,1443,1444,200
1617252600,1448,1448,1436,1436,200
1617253200,1436,1446,1431,1432,1400
1617254400,1446,1449,1434,1434,1000
1617255600,1441,1441,1441,1441,100
1617256200,1442,1442,1441,1441,400
1617256800,1427,1427,1427,1427,900
1617321600,1429,1434,1421,1429,1200
1617322200,1430,1442,1430,1433,1500
1617323400,1432,1432,1430,1430,400
1617325200,1444,1444,1440,1440,300
1617325800,1438,1438,1427,1432,400
1617327000,1439,1439,1428,1428,200
1617335400,1428,1446,1426,1446,1500
1617336600,1441,1441,1441,1441,100
1617338400,1440,1440,1428,1439,500
1617339600,1439,1439,1439,1439,200
1617342000,1435,1435,1435,1435,100
1617580800,1432,1451,1426,1426,5800
1617581400,1426,1426,1426,1426,300
1617582000,1425,1430,1396,1430,1300
1617582600,1430,1430,1430,1430,200
1617583200,1412,1412,1412,1412,100
1617584400,1420,1420,1411,1411,400
1617585000,1411,1411,1406,1406,600
1617585600,1408,1408,1408,1408,100
1617586200,1406,1406,1402,1405,500
1617588000,1408,1408,1408,1408,100
1617588600,1412,1433,1406,1433,400
1617594000,1418,1418,1408,1408,300
1617597000,1433,1433,1433,1433,100
1617598200,1410,1410,1406,1410,600
1617600000,1432,1434,1406,1432,700
1617601200,1409,1409,1409,1409,100
1617601800,1421,1431,1411,1430,1100
1617602400,1433,1433,1433,1433,200
1617667200,1414,1414,1414,1414,400
1617667800,1411,1411,1411,1411,200
1617669000,1411,1411,1411,1411,600
1617671400,1413,1413,1413,1413,100
1617679800,1413,1413,1413,1413,500
1617682800,1428,1428,1413,1413,200
1617684000,1423,1429,1423,1429,200
1617685800,1429,1450,1414,1444,1400
1617687600,1425,1425,1424,1424,200
1617688200,1441,1441,1417,1417,200
1617688800,1419,1419,1419,1419,100
1617753600,1415,1415,1415,1415,300
1617756600,1418,1418,1418,1418,700
1617766200,1420,1420,1420,1420,400
1617767400,1421,1421,1421,1421,100
1617768000,1422,1422,1417,1417,700
1617769800,1422,1422,1422,1422,100
1617774000,1422,1435,1410,1435,900
1617775200,1409,1409,1409,1409,200
1617840000,1403,1433,1403,1433,600
1617840600,1405,1405,1405,1405,100
1617841200,1421,1421,1421,1421,100
1617844200,1410,1410,1380,1398,3000
1617844800,1394,1394,1382,1382,500
1617845400,1412,1429,1412,1429,200
1617847200,1424,1424,1424,1424,100
1617856800,1419,1419,1402,1402,500
1617859800,1415,1415,1415,1415,100
1617860400,1415,1415,1415,1415,400
1617861000,1414,1420,1400,1418,2100
1617861600,1381,1381,1381,1381,600
1617926400,1388,1414,1384,1395,1500
1617927000,1404,1404,1404,1404,100
1617927600,1401,1401,1401,1401,200
1617928800,1388,1388,1385,1385,600
1617929400,1406,1406,1382,1382,600
1617931800,1410,1440,1410,1410,1000
1617939600,1440,1440,1440,1440,500
1617940200,1439,1439,1439,1439,200
1617940800,1438,1438,1402,1427,1500
1617942000,1438,1438,1438,1438,100
1617943800,1429,1430,1408,1408,700
1617944400,1410,1410,1410,1410,400
1617947400,1436,1450,1420,1420,600
1617948000,1453,1453,1453,1453,200
1618185600,1440,1440,1440,1440,200
1618189200,1420,1420,1420,1420,100
1618193400,1420,1420,1420,1420,100
1618198800,1450,1450,1450,1450,200
1618206600,1440,1449,1440,1449,800
1618207200,1449,1449,1449,1449,300
1618272000,1449,1449,1449,1449,100
1618280400,1431,1431,1425,1425,500
1618285800,1430,1430,1423,1423,600
1618286400,1421,1421,1420,1420,300
1618287000,1429,1430,1422,1422,600
1618289400,1425,1438,1425,1438,200
1618291200,1425,1425,1425,1425,100
1618293000,1429,1439,1417,1417,1500
1618293600,1416,1416,1416,1416,100
1618358400,1411,1411,1411,1411,100
1618359000,1439,1439,1439,1439,100
1618359600,1420,1420,1420,1420,100
1618366200,1420,1420,1420,1420,100
1618371000,1411,1411,1411,1411,100
1618374600,1420,1420,1420,1420,100
1618444800,1415,1415,1415,1415,100
1618447200,1417,1417,1414,1414,300
1618459200,1415,1415,1415,1415,600
1618531200,1403,1403,1403,1403,100
1618532400,1419,1419,1419,1419,100
1618539000,1416,1416,1416,1416,100
1618539600,1418,1418,1418,1418,100
1618549200,1414,1414,1414,1414,300
1618551000,1414,1414,1414,1414,100
1618790400,1402,1410,1402,1410,1000
1618791000,1410,1410,1410,1410,200
1618791600,1406,1406,1406,1406,100
1618792800,1417,1417,1417,1417,100
1618795200,1402,1402,1402,1402,100
1618795800,1402,1411,1402,1402,600
1618797600,1404,1404,1404,1404,300
1618806000,1413,1413,1413,1413,100
1618811400,1414,1425,1405,1425,1000
1618876800,1415,1416,1415,1416,400
1618877400,1419,1419,1419,1419,100
1618892400,1414,1414,1414,1414,200
1618896000,1425,1425,1425,1425,100
1618897800,1429,1435,1427,1434,400
1618963200,1434,1434,1412,1412,200
1618963800,1408,1408,1408,1408,200
1618966200,1413,1413,1413,1413,100
1618968000,1411,1411,1411,1411,100
1618969800,1411,1411,1407,1407,500
1618970400,1406,1406,1406,1406,200
1618971600,1407,1407,1406,1406,400
1618977600,1408,1408,1408,1408,100
1618980000,1425,1425,1408,1408,200
1618982400,1429,1429,1429,1429,100
1618984200,1423,1429,1423,1429,400
1619049600,1422,1422,1422,1422,100
1619051400,1407,1407,1407,1407,100
1619052000,1417,1417,1417,1417,100
1619058000,1408,1408,1406,1406,200
1619064000,1412,1412,1412,1412,100
1619070600,1414,1414,1414,1414,100
1619071200,1407,1407,1407,1407,100
1619136000,1395,1425,1395,1425,11600
1619137200,1424,1424,1396,1422,900
1619148600,1392,1418,1392,1418,11300
1619157000,1418,1418,1392,1417,900
1619395200,1390,1391,1390,1391,22500
1619396400,1406,1406,1406,1406,100
1619397600,1403,1403,1403,1403,100
1619402400,1403,1403,1398,1398,300
1619407800,1368,1418,1358,1418,9200
1619409600,1371,1386,1371,1381,2600
1619410200,1379,1379,1379,1379,100
1619410800,1379,1381,1379,1381,200
1619412600,1390,1412,1390,1412,700
1619415600,1400,1400,1400,1400,400
1619416200,1408,1408,1407,1407,800
1619416800,1393,1393,1393,1393,100
1619481600,1391,1393,1391,1393,11500
1619483400,1398,1398,1397,1397,300
1619487600,1400,1400,1397,1397,400
1619494200,1375,1400,1375,1400,19900
1619502600,1412,1414,1412,1414,300
1619503200,1382,1382,1382,1382,200
1619568000,1376,1414,1376,1414,1000
1619575800,1384,1384,1383,1383,1100
1619582400,1407,1407,1407,1407,100
1619586600,1387,1407,1387,1407,300
1619589000,1396,1409,1387,1387,700
1619740800,1393,1393,1393,1393,200
1619747400,1400,1400,1400,1400,100
1619754000,1396,1396,1396,1396,100
1619759400,1406,1406,1406,1406,100
1619760000,1406,1406,1406,1406,100
1619761200,1395,1395,1395,1395,200
1619761800,1406,1406,1405,1405,400
1619762400,1399,1399,1399,1399,100
1620259200,1399,1399,1399,1399,300
1620259800,1380,1399,1379,1399,500
1620271800,1390,1390,1390,1390,100
1620275400,1380,1397,1380,1382,1500
1620276000,1396,1396,1396,1396,100
1620278400,1395,1395,1395,1395,100
1620280200,1395,1396,1381,1396,700
1620280800,1396,1396,1396,1396,500
1620345600,1384,1384,1384,1384,100
1620349200,1398,1398,1398,1398,100
1620360600,1383,1383,1383,1383,200
1620362400,1393,1393,1393,1393,100
1620366600,1394,1399,1394,1399,800
1620604800,1380,1380,1380,1380,2000
1620605400,1390,1394,1390,1394,200
1620625800,1390,1390,1388,1388,500
1620698400,1382,1382,1382,1382,400
1620703800,1380,1380,1380,1380,700
1620706800,1391,1391,1391,1391,100
1620710400,1379,1388,1355,1388,1600
1620712200,1376,1388,1376,1388,300
1620712800,1369,1369,1369,1369,100
1620778200,1362,1368,1362,1363,500
1620778800,1369,1369,1369,1369,100
1620779400,1360,1360,1357,1357,800
1620784200,1357,1359,1357,1359,200
1620784800,1360,1363,1360,1363,400
1620785400,1349,1349,1349,1349,100
1620790200,1344,1344,1344,1344,100
1620790800,1344,1344,1342,1342,200
1620791400,1345,1349,1345,1349,300
1620792600,1348,1363,1340,1340,700
1620793800,1345,1345,1342,1342,200
1620795000,1345,1345,1345,1345,100
1620796200,1358,1358,1358,1358,400
1620796800,1363,1368,1363,1363,700
1620797400,1369,1369,1369,1369,300
1620799200,1379,1379,1379,1379,100
1620864000,1302,1325,1302,1322,3100
1620864600,1320,1321,1320,1321,200
1620865800,1322,1326,1322,1326,200
1620866400,1327,1327,1327,1327,100
1620867000,1315,1315,1301,1301,1100
1620867600,1301,1301,1301,1301,100
1620868200,1306,1306,1306,1306,100
1620868800,1312,1313,1312,1313,200
1620870000,1316,1316,1316,1316,100
1620870600,1330,1330,1330,1330,100
1620871200,1331,1332,1331,1332,200
1620871800,1340,1343,1340,1343,200
1620872400,1334,1334,1334,1334,300
1620880800,1338,1338,1338,1338,100
1620882600,1335,1335,1335,1335,200
1620883200,1332,1332,1325,1325,200
1620884400,1355,1355,1314,1349,800
1620885000,1367,1372,1342,1363,400
1620885600,1374,1374,1374,1374,200
1620950400,1386,1386,1386,1386,100
1620967800,1364,1364,1362,1362,300
1620968400,1360,1381,1360,1381,1900
1620969000,1384,1413,1384,1390,4800
1620969600,1380,1380,1380,1380,800
1620970200,1398,1412,1398,1412,1000
1620970800,1412,1417,1391,1391,800
1620972000,1407,1407,1407,1407,100
1621209600,1409,1409,1405,1405,200
1621210200,1400,1410,1400,1410,200
1621211400,1407,1407,1407,1407,100
1621216200,1408,1408,1408,1408,100
1621216800,1408,1408,1408,1408,100
1621222800,1388,1388,1388,1388,100
1621228800,1388,1388,1388,1388,100
1621230600,1388,1388,1381,1381,200
1621231200,1406,1406,1406,1406,200
1621296000,1405,1405,1403,1403,200
1621303800,1394,1394,1390,1390,1600
1621317000,1404,1404,1404,1404,1000
1621317600,1404,1404,1404,1404,30200
1621401000,1390,1390,1390,1390,100
1621401600,1390,1390,1390,1390,100
1621402200,1400,1400,1400,1400,200
1621403400,1404,1404,1404,1404,100
1621404000,1406,1406,1406,1406,200
1621468800,1406,1406,1406,1406,100
1621482000,1392,1392,1392,1392,500
1621483200,1403,1403,1403,1403,200
1621484400,1393,1393,1393,1393,200
1621489800,1392,1392,1390,1390,300
1621557600,1387,1387,1387,1387,100
1621562400,1399,1399,1399,1399,100
1621572600,1386,1386,1386,1386,200
1621576200,1402,1402,1386,1387,400
1621576800,1402,1402,1402,1402,100
1621814400,1390,1390,1390,1390,400
1621815600,1391,1391,1391,1391,200
1621821600,1391,1391,1389,1389,700
1621822800,1388,1389,1388,1389,300
1621835400,1404,1404,1404,1404,100
1621908000,1384,1384,1384,1384,100
1621909200,1397,1397,1397,1397,100
1621913400,1385,1385,1385,1385,100
1621921800,1399,1399,1399,1399,100
1621987200,1389,1389,1389,1389,100
1621989000,1391,1391,1391,1391,200
1621990800,1401,1401,1401,1401,100
1621993200,1389,1389,1388,1388,200
1622000400,1400,1400,1400,1400,400
1622003400,1386,1386,1386,1386,200
1622076600,1384,1384,1384,1384,100
1622080200,1385,1385,1385,1385,300
1622088600,1395,1395,1395,1395,100
1622094600,1385,1385,1385,1385,200
1622095200,1385,1385,1385,1385,100
1622160000,1385,1385,1385,1385,300
1622160600,1385,1385,1385,1385,200
1622161200,1384,1384,1384,1384,500
1622166000,1385,1386,1385,1386,600
1622175000,1385,1385,1385,1385,200
1622175600,1385,1385,1385,1385,100
1622180400,1386,1386,1386,1386,300
1622181000,1398,1398,1398,1398,100
1622419200,1384,1384,1384,1384,900
1622419800,1381,1385,1381,1385,200
1622422200,1386,1386,1386,1386,100
1622431800,1381,1381,1381,1381,200
1622436000,1385,1385,1381,1381,200
1622439600,1388,1388,1388,1388,100
1622440200,1395,1395,1395,1395,100
1622440800,1381,1381,1381,1381,200
1622514000,1382,1382,1382,1382,500
1622525400,1381,1381,1381,1381,100
1622526600,1386,1386,1386,1386,100
1622597400,1381,1381,1380,1380,500
1622599200,1388,1388,1388,1388,100
1622600400,1387,1387,1387,1387,300
1622606400,1389,1389,1389,1389,200
1622607000,1391,1391,1391,1391,100
1622608800,1380,1380,1380,1380,100
1622612400,1387,1387,1387,1387,100
1622678400,1374,1374,1374,1374,1600
1622680800,1379,1381,1379,1381,400
1622686200,1390,1399,1382,1382,900
1622691600,1382,1382,1382,1382,100
1622692200,1382,1382,1379,1379,500
1622692800,1381,1390,1378,1378,400
1622693400,1389,1398,1389,1398,600
1622694000,1390,1390,1390,1390,100
1622694600,1378,1379,1378,1379,300
1622695200,1379,1379,1379,1379,300
1622766600,1376,1376,1374,1374,400
1622767800,1375,1375,1358,1358,900
1622772000,1373,1389,1373,1379,800
1622782200,1386,1390,1386,1390,1100
1623036600,1390,1390,1390,1390,30000
1623045600,1390,1390,1390,1390,20000
1623110400,1360,1360,1360,1360,100
1623112800,1390,1390,1390,1390,100
1623119400,1390,1390,1390,1390,23500
1623123000,1390,1390,1390,1390,100
1623124200,1377,1377,1377,1377,100
1623209400,1375,1375,1375,1375,100
1623215400,1385,1385,1385,1385,100
1623217200,1375,1375,1369,1369,500
1623283200,1351,1351,1351,1351,100
1623296400,1366,1366,1366,1366,100
1623369600,1352,1356,1352,1356,1300
1623370800,1366,1366,1358,1358,1100
1623371400,1371,1389,1371,1389,200
1623372000,1376,1376,1376,1376,100
1623378000,1384,1384,1364,1364,300
1623388200,1388,1388,1388,1388,400
1623628800,1353,1363,1348,1349,3000
1623629400,1363,1363,1356,1356,200
1623641400,1360,1360,1360,1360,100
1623643800,1363,1363,1363,1363,200
1623648000,1370,1370,1370,1370,100
1623649800,1364,1364,1360,1360,400
1623715200,1350,1350,1350,1350,100
1623717600,1351,1351,1351,1351,100
1623720000,1352,1352,1352,1352,100
1623729000,1355,1355,1355,1355,400
1623731400,1365,1365,1365,1365,100
1623736200,1364,1364,1364,1364,100
1623736800,1353,1353,1353,1353,100
1623801600,1363,1363,1363,1363,100
1623802200,1351,1351,1351,1351,100
1623822000,1358,1358,1358,1358,100
1623888000,1352,1352,1352,1352,100
1623888600,1351,1351,1350,1350,300
1623892800,1352,1352,1352,1352,100
1623908400,1351,1351,1344,1344,1000
1623974400,1335,1344,1333,1333,600
1623975000,1334,1334,1333,1333,500
1623975600,1334,1334,1334,1334,100
1623982800,1345,1345,1345,1345,100
1623987600,1345,1345,1345,1345,100
1623989400,1350,1350,1350,1350,100
1623994800,1355,1355,1350,1350,200
1623995400,1353,1353,1339,1353,400
1624233600,1336,1336,1336,1336,200
1624236000,1340,1340,1340,1340,300
1624254000,1350,1350,1350,1350,300
1624254600,1349,1379,1349,1379,800
1624320000,1349,1349,1349,1349,100
1624332600,1349,1349,1349,1349,100
1624338000,1335,1335,1313,1313,500
1624339200,1315,1315,1315,1315,100
1624339800,1332,1372,1332,1372,600
1624340400,1365,1379,1360,1379,700
1624341000,1349,1374,1349,1371,300
1624406400,1342,1342,1342,1342,100
1624423800,1355,1355,1355,1355,100
1624427400,1356,1374,1356,1374,300
1624492800,1344,1344,1344,1344,100
1624513200,1335,1335,1335,1335,100
1624513800,1365,1365,1363,1363,200
1624579200,1338,1338,1338,1338,200
1624592400,1333,1333,1333,1333,100
1624594800,1355,1355,1355,1355,200
1624600200,1332,1332,1332,1332,200
1624838400,1324,1324,1324,1324,400
1624844400,1326,1326,1326,1326,100
1624852200,1330,1330,1330,1330,100
1624857000,1345,1345,1345,1345,100
1624860000,1328,1328,1328,1328,100
1624924800,1299,1360,1299,1360,2500
1624925400,1305,1305,1305,1305,100
1624926000,1314,1334,1311,1333,600
1624926600,1349,1349,1349,1349,100
1624933200,1319,1319,1319,1319,200
1624941000,1338,1338,1322,1322,600
1624943400,1322,1322,1322,1322,200
1624945800,1345,1345,1345,1345,100
1624946400,1330,1330,1330,1330,100
1625011200,1331,1331,1331,1331,100
1625026800,1346,1346,1346,1346,200
1625097600,1337,1337,1337,1337,100
1625098200,1350,1350,1350,1350,100
1625184000,1320,1320,1320,1320,100
1625184600,1325,1325,1325,1325,100
1625185200,1339,1340,1339,1340,200
1625190600,1344,1346,1344,1346,300
1625191200,1347,1347,1347,1347,700
1625197200,1343,1343,1343,1343,100
1625197800,1343,1343,1343,1343,100
1625200200,1341,1341,1341,1341,100
1625201400,1369,1370,1343,1343,400
1625202000,1352,1370,1352,1370,200
1625203200,1340,1340,1340,1340,200
1625443200,1336,1336,1336,1336,100
1625449800,1338,1338,1302,1310,600
1625451000,1310,1310,1300,1300,800
1625455800,1300,1300,1300,1300,100
1625456400,1299,1325,1295,1324,800
1625458800,1301,1301,1281,1282,1000
1625460000,1292,1321,1291,1321,900
1625464200,1310,1310,1310,1310,100
1625529600,1302,1302,1302,1302,100
1625535000,1306,1306,1306,1306,100
1625550000,1306,1306,1306,1306,100
1625616000,1288,1288,1288,1288,200
1625624400,1327,1327,1327,1327,200
1625635800,1319,1320,1319,1320,200
1625636400,1309,1309,1309,1309,400
1625702400,1293,1293,1293,1293,100
1625703600,1311,1311,1311,1311,100
1625709000,1310,1310,1310,1310,200
1625710800,1301,1301,1282,1282,400
1625715000,1300,1312,1300,1312,200
1625715600,1325,1325,1325,1325,100
1625722800,1315,1325,1315,1325,200
1625788800,1299,1299,1299,1299,100
1625803800,1315,1315,1315,1315,100
1625809200,1315,1315,1315,1315,100
1625809800,1320,1320,1318,1318,300
1626048000,1302,1302,1302,1302,100
1626049800,1304,1304,1304,1304,100
1626063600,1335,1335,1335,1335,100
1626134400,1305,1308,1305,1308,1200
1626135000,1307,1307,1307,1307,100
1626141600,1315,1315,1315,1315,100
1626153000,1315,1315,1315,1315,100
1626153600,1315,1317,1315,1317,200
1626154200,1301,1310,1296,1310,700
1626155400,1300,1309,1300,1309,200
1626220800,1309,1309,1291,1291,200
1626221400,1298,1298,1298,1298,100
1626222000,1295,1295,1295,1295,200
1626240000,1295,1295,1295,1295,200
1626240600,1286,1300,1286,1300,400
1626307200,1290,1290,1290,1290,100
1626310800,1297,1297,1297,1297,100
1626313200,1297,1297,1297,1297,100
1626315000,1280,1280,1280,1280,100
1626315600,1298,1298,1298,1298,100
1626319800,1316,1316,1316,1316,300
1626323400,1300,1300,1300,1300,100
1626324600,1318,1320,1318,1320,400
1626326400,1308,1308,1278,1278,200
1626328200,1315,1315,1305,1305,300
1626328800,1315,1315,1315,1315,100
1626393600,1300,1300,1300,1300,40000
1626401400,1300,1300,1300,1300,100
1626409800,1270,1270,1270,1270,1000
1626410400,1289,1299,1289,1299,400
1626411600,1285,1285,1285,1285,100
1626412800,1295,1295,1295,1295,100
1626413400,1299,1329,1299,1299,400
1626414000,1315,1330,1315,1330,200
1626415200,1320,1320,1320,1320,100
1626652800,1294,1294,1294,1294,200
1626666600,1280,1280,1280,1280,500
1626669000,1294,1300,1294,1300,500
1626672000,1300,1320,1300,1320,400
1626739200,1290,1290,1290,1290,100
1626742800,1297,1297,1297,1297,100
1626753000,1319,1319,1319,1319,200
1626756600,1298,1298,1298,1298,200
1626759600,1293,1293,1293,1293,100
1626825600,1296,1296,1296,1296,100
1626826800,1319,1319,1305,1305,1100
1626828600,1306,1306,1306,1306,100
1626832200,1302,1303,1300,1300,500
1626839400,1300,1300,1300,1300,600
1626844800,1307,1309,1307,1309,200
1626845400,1309,1309,1309,1309,100
1626846000,1305,1305,1305,1305,100
1626846600,1305,1305,1296,1296,200
1627257600,1291,1291,1291,1291,100
1627258800,1287,1287,1287,1287,100
1627276200,1299,1299,1299,1299,100
1627278000,1287,1287,1230,1230,1000
1627278600,1240,1262,1240,1262,600
1627279200,1236,1236,1236,1236,100
1627344000,1176,1195,1160,1166,39300
1627344600,1185,1185,1185,1185,100
1627345200,1188,1188,1175,1175,300
1627345800,1199,1199,1175,1175,300
1627348200,1193,1209,1193,1209,300
1627348800,1188,1188,1188,1188,100
1627349400,1208,1208,1208,1208,100
1627357200,1192,1192,1192,1192,100
1627357800,1192,1192,1191,1191,200
1627360800,1180,1180,1177,1177,300
1627361400,1198,1198,1198,1198,100
1627362000,1205,1205,1175,1183,1400
1627363800,1183,1238,1183,1238,500
1627364400,1191,1236,1191,1206,900
1627365000,1200,1240,1200,1235,1300
1627365600,1210,1210,1210,1210,300
1627430400,1210,1210,1199,1199,200
1627435200,1174,1174,1174,1174,100
1627438200,1170,1170,1170,1170,100
1627446600,1189,1205,1189,1205,600
1627447800,1228,1228,1228,1228,200
1627450800,1211,1212,1197,1197,400
1627451400,1185,1200,1185,1200,200
1627452000,1150,1150,1150,1150,31400
1627516800,1154,1197,1151,1197,500
1627524600,1195,1195,1195,1195,100
1627529400,1195,1195,1195,1195,100
1627536600,1190,1200,1184,1200,600
1627537200,1190,1295,1190,1295,3200
1627537800,1265,1265,1218,1226,700
1627603200,1226,1226,1180,1191,500
1627603800,1205,1209,1205,1209,200
1627615800,1201,1201,1201,1201,200
1627617000,1200,1200,1200,1200,200
1627617600,1191,1191,1191,1191,100
1627620000,1200,1200,1200,1200,200
1627620600,1220,1220,1220,1220,100
1627621200,1201,1201,1201,1201,100
1627623000,1220,1220,1220,1220,100
1627624200,1202,1202,1202,1202,100
1627624800,1214,1214,1214,1214,100
1627862400,1184,1214,1184,1214,400
1627865400,1244,1244,1226,1226,1500
1627875000,1166,1223,1152,1185,35700
1627875600,1176,1200,1175,1190,700
1627876200,1200,1200,1200,1200,100
1627876800,1210,1210,1210,1210,100
1627882200,1203,1225,1203,1225,400
1627882800,1184,1222,1184,1222,600
1627883400,1225,1225,1225,1225,100
1627948800,1200,1200,1200,1200,500
1627962600,1226,1226,1226,1226,200
1627968000,1205,1205,1205,1205,100
1627969200,1216,1225,1216,1225,300
1628035200,1195,1195,1195,1195,100
1628043600,1224,1225,1224,1225,200
1628047800,1216,1216,1216,1216,100
1628052600,1225,1225,1225,1225,100
1628053200,1255,1255,1255,1255,100
1628055000,1253,1254,1253,1254,200
1628055600,1258,1258,1258,1258,100
1628056200,1258,1258,1258,1258,100
1628056800,1246,1246,1246,1246,200
1628125800,1222,1222,1222,1222,100
1628126400,1240,1240,1240,1240,200
1628208000,1210,1240,1210,1239,600
1628208600,1239,1258,1239,1252,400
1628209200,1255,1255,1255,1255,100
1628209800,1234,1253,1234,1253,200
1628211000,1236,1236,1236,1236,100
1628211600,1236,1236,1236,1236,100
1628212200,1237,1252,1237,1239,500
1628214000,1252,1252,1250,1250,200
1628214600,1249,1249,1249,1249,100
1628216400,1245,1245,1245,1245,100
1628221200,1240,1255,1237,1237,700
1628221800,1256,1256,1256,1256,100
1628222400,1257,1257,1257,1257,100
1628223000,1258,1260,1250,1250,800
1628224800,1250,1250,1250,1250,100
1628225400,1263,1264,1262,1264,500
1628226000,1264,1267,1247,1247,300
1628226600,1266,1267,1266,1266,300
1628229000,1273,1277,1273,1276,900
1628553600,1276,1364,1276,1364,2100
1628554200,1334,1364,1334,1349,400
1628555400,1319,1319,1319,1319,100
1628556600,1330,1333,1308,1308,500
1628557800,1326,1333,1326,1333,300
1628559600,1334,1335,1334,1335,300
1628560200,1334,1334,1317,1317,1000
1628567400,1334,1334,1334,1334,100
1628568000,1336,1336,1315,1315,200
1628568600,1337,1337,1337,1337,100
1628569200,1337,1337,1337,1337,100
1628569800,1335,1337,1335,1337,200
1628571000,1330,1330,1330,1330,100
1628571600,1336,1336,1336,1336,100
1628572200,1338,1338,1338,1338,100
1628572800,1339,1340,1324,1340,400
1628573400,1343,1350,1343,1350,700
1628574600,1349,1349,1340,1349,500
1628640000,1362,1400,1362,1400,1100
1628640600,1399,1399,1399,1399,100
1628641200,1379,1401,1371,1396,3100
1628642400,1398,1400,1390,1390,2300
1628643000,1390,1390,1390,1390,100
1628644800,1390,1390,1390,1390,100
1628645400,1390,1390,1383,1383,300
1628646000,1395,1401,1395,1401,400
1628646600,1402,1409,1402,1405,800
1628647800,1400,1400,1400,1400,200
1628652600,1410,1410,1410,1410,200
1628653800,1410,1410,1396,1396,300
1628658000,1397,1397,1397,1397,100
1628659800,1397,1397,1395,1395,400
1628661000,1390,1410,1387,1387,1000
1628661600,1386,1386,1386,1386,300
1628726400,1410,1410,1340,1350,2400
1628727000,1381,1396,1363,1396,1300
1628727600,1396,1396,1396,1396,100
1628728800,1400,1400,1385,1385,200
1628730600,1387,1399,1387,1399,200
1628731200,1400,1400,1400,1400,200
1628733600,1400,1400,1400,1400,200
1628734800,1387,1387,1387,1387,200
1628740800,1400,1401,1389,1389,500
1628741400,1404,1404,1404,1404,100
1628743800,1400,1400,1400,1400,100
1628746200,1400,1400,1400,1400,100
1628747400,1400,1400,1389,1389,300
1628812800,1390,1390,1389,1389,600
1628813400,1385,1385,1385,1385,100
1628814000,1390,1390,1390,1390,100
1628817600,1394,1394,1394,1394,100
1628818200,1395,1397,1395,1397,500
1628833200,1399,1400,1392,1392,600
1628834400,1392,1392,1392,1392,100
1629072000,1362,1362,1362,1362,300
1629072600,1395,1399,1395,1399,200
1629073200,1400,1405,1400,1405,300
1629158400,1345,1345,1345,1345,300
1629159000,1371,1390,1371,1390,300
1629159600,1371,1371,1371,1371,100
1629161400,1376,1376,1360,1360,800
1629166800,1380,1380,1380,1380,100
1629171000,1380,1380,1351,1351,400
1629172800,1381,1381,1380,1380,700
1629177600,1350,1350,1348,1348,400
1629178800,1370,1370,1370,1370,100
1629179400,1383,1383,1383,1383,100
1629180000,1368,1368,1368,1368,100
1629244800,1368,1368,1368,1368,300
1629249600,1352,1352,1352,1352,500
1629250800,1375,1380,1375,1380,200
1629262800,1386,1386,1386,1386,600
1629264600,1387,1387,1387,1387,200
1629331200,1361,1390,1335,1335,2200
1629331800,1350,1350,1350,1350,100
1629332400,1346,1376,1346,1374,400
1629333000,1380,1380,1380,1380,100
1629333600,1384,1384,1366,1366,200
1629334200,1383,1383,1383,1383,100
1629417600,1393,1393,1386,1386,900
1629418200,1386,1395,1386,1395,800
1629419400,1399,1420,1399,1420,800
1629420000,1394,1394,1394,1394,100
1629423600,1387,1387,1380,1380,800
1629426000,1380,1380,1380,1380,100
1629430200,1380,1380,1380,1380,500
1629432000,1379,1379,1379,1379,300
1629433800,1380,1380,1377,1377,1800
1629435000,1377,1377,1377,1377,100
1629676800,1380,1380,1361,1361,600
1629677400,1387,1387,1387,1387,100
1629679200,1367,1367,1367,1367,100
1629680400,1380,1380,1380,1380,300
1629689400,1374,1374,1374,1374,100
1629763200,1385,1452,1385,1452,1200
1629763800,1453,1453,1453,1453,300
1629764400,1453,1453,1453,1453,100
1629765000,1439,1460,1430,1438,400
1629766200,1435,1435,1435,1435,100
1629766800,1435,1435,1435,1435,100
1629768600,1441,1441,1441,1441,300
1629769800,1432,1432,1432,1432,100
1629770400,1458,1458,1440,1458,400
1629771000,1458,1459,1458,1459,300
1629775800,1459,1459,1459,1459,100
1629776400,1450,1450,1450,1450,100
1629777000,1444,1444,1444,1444,100
1629781200,1444,1444,1444,1444,100
1629782400,1458,1458,1458,1458,100
1629784200,1451,1459,1443,1459,400
1629784800,1459,1459,1459,1459,200
1629856800,1419,1419,1370,1376,6300
1629857400,1374,1374,1374,1374,100
1629862200,1399,1399,1399,1399,600
1629862800,1400,1404,1379,1394,1300
1629870600,1390,1390,1390,1390,100
1629871200,1380,1380,1380,1380,400
1629936000,1400,1400,1400,1400,100
1629937800,1410,1410,1410,1410,200
1629948600,1410,1413,1410,1413,300
1630022400,1413,1413,1413,1413,100
1630024200,1413,1413,1413,1413,100
1630024800,1398,1398,1398,1398,400
1630035000,1413,1426,1411,1411,700
1630038600,1440,1440,1416,1418,2600
1630039200,1420,1420,1420,1420,1000
1630039800,1417,1422,1415,1421,1300
1630040400,1447,1498,1447,1478,1200
1630041000,1489,1489,1476,1480,500
1630041600,1482,1484,1452,1474,500
1630042200,1485,1500,1469,1490,1900
1630042800,1496,1496,1489,1489,200
1630043400,1495,1495,1495,1495,300
1630044000,1498,1498,1498,1498,100
1630281600,1528,1570,1500,1560,12300
1630282200,1560,1560,1477,1500,6300
1630282800,1499,1500,1442,1456,5400
1630283400,1457,1457,1457,1457,100
1630284000,1474,1500,1456,1469,2800
1630284600,1464,1465,1464,1464,300
1630285200,1494,1500,1464,1464,2400
1630285800,1500,1506,1494,1499,2800
1630287000,1498,1499,1498,1499,300
1630288200,1499,1499,1469,1469,200
1630288800,1499,1499,1499,1499,100
1630290000,1500,1500,1473,1498,1000
1630294200,1498,1500,1477,1477,1700
1630294800,1499,1499,1479,1481,400
1630295400,1499,1500,1499,1500,300
1630296600,1500,1500,1479,1479,500
1630297200,1499,1499,1499,1499,100
1630299000,1500,1500,1499,1499,600
1630299600,1498,1498,1498,1498,100
1630300200,1500,1500,1483,1500,600
1630300800,1500,1500,1485,1485,700
1630301400,1496,1496,1496,1496,500
1630302000,1496,1496,1473,1473,2100
1630302600,1497,1497,1497,1497,100
1630303200,1497,1497,1497,1497,200
1630371000,1469,1469,1469,1469,6100
1630375800,1465,1465,1421,1422,3000
1630380600,1443,1443,1443,1443,100
1630381200,1446,1446,1446,1446,300
1630383600,1434,1434,1434,1434,100
1630384200,1434,1434,1434,1434,100
1630384800,1434,1434,1434,1434,300
1630386600,1445,1458,1445,1458,400
1630387200,1458,1458,1458,1458,100
1630387800,1458,1458,1458,1458,100
1630389000,1435,1435,1435,1435,200
1630389600,1430,1430,1430,1430,600
1630454400,1490,1500,1479,1499,4200
1630455000,1500,1500,1472,1499,3300
1630455600,1498,1499,1471,1471,1600
1630456200,1498,1499,1498,1499,400
1630456800,1499,1500,1473,1493,3100
1630458000,1498,1499,1480,1499,600
1630458600,1498,1498,1498,1498,500
1630459200,1482,1550,1480,1480,7600
1630459800,1499,1500,1481,1481,700
1630460400,1502,1503,1485,1485,2300
1630462800,1503,1503,1490,1490,700
1630463400,1490,1490,1490,1490,100
1630467000,1490,1490,1490,1490,100
1630469400,1500,1500,1500,1500,600
1630471200,1500,1500,1490,1499,2300
1630471800,1500,1500,1499,1499,1100
1630473000,1513,1513,1513,1513,100
1630474800,1486,1539,1486,1539,2500
1630475400,1539,1570,1508,1549,14300
1630476000,1572,1572,1572,1572,500
1630540800,1532,1694,1458,1616,74500
1630541400,1592,1750,1541,1643,65100
1630542000,1640,1643,1485,1485,38700
1630542600,1494,1550,1479,1485,27700
1630543200,1486,1486,1420,1429,23600
1630543800,1430,1474,1422,1422,9800
1630544400,1421,1458,1405,1440,9800
1630545000,1438,1474,1438,1451,4500
1630545600,1451,1453,1440,1448,3800
1630546200,1459,1465,1451,1451,1600
1630546800,1450,1474,1450,1474,2300
1630547400,1460,1474,1458,1474,1300
1630548000,1474,1475,1463,1463,1400
1630548600,1473,1485,1468,1485,2400
1630549200,1472,1485,1472,1485,400
1630553400,1495,1520,1482,1510,9700
1630554000,1511,1519,1510,1510,2700
1630554600,1510,1511,1462,1462,3700
1630555200,1466,1490,1465,1490,1600
1630555800,1490,1490,1476,1485,400
1630556400,1495,1520,1495,1503,1300
1630557000,1503,1504,1503,1504,200
1630557600,1504,1504,1492,1492,500
1630558200,1495,1495,1485,1485,800
1630558800,1485,1495,1485,1495,200
1630559400,1496,1496,1485,1485,200
1630560000,1484,1484,1480,1480,1200
1630560600,1480,1480,1470,1476,3900
1630561200,1491,1495,1477,1479,1400
1630561800,1478,1495,1475,1495,2500
1630562400,1478,1478,1478,1478,1500
1630627200,1368,1383,1355,1383,32200
1630627800,1394,1422,1330,1357,29300
1630628400,1361,1393,1351,1353,8700
1630629000,1360,1373,1317,1335,12000
1630629600,1336,1360,1336,1339,3100
1630630200,1342,1359,1336,1349,1800
1630630800,1340,1340,1336,1337,1500
1630631400,1336,1347,1335,1336,1200
1630632000,1338,1345,1336,1337,700
1630632600,1337,1337,1320,1321,4100
1630633200,1330,1336,1322,1328,2500
1630633800,1333,1338,1333,1338,500
1630634400,1338,1338,1324,1333,2000
1630635000,1339,1342,1330,1339,1600
1630635600,1339,1345,1339,1345,300
1630636200,1345,1345,1345,1345,400
1630639800,1344,1345,1327,1328,4200
1630640400,1328,1340,1325,1326,3500
1630641000,1335,1340,1335,1340,1300
1630641600,1336,1336,1335,1335,500
1630642200,1335,1337,1333,1333,600
1630642800,1337,1340,1334,1334,800
1630643400,1340,1345,1336,1345,2200
1630644000,1347,1350,1337,1337,1300
1630644600,1333,1340,1332,1333,800
1630645200,1334,1341,1330,1341,1300
1630645800,1338,1342,1333,1341,1600
1630646400,1343,1349,1339,1339,3200
1630647000,1340,1364,1340,1360,4600
1630647600,1359,1366,1357,1357,1600
1630648200,1357,1363,1352,1363,5200
1630648800,1352,1352,1352,1352,3900
1630886400,1313,1326,1301,1303,10400
1630887000,1308,1308,1290,1290,7700
1630887600,1292,1299,1290,1299,1700
1630888200,1300,1300,1292,1292,600
1630889400,1293,1293,1290,1290,800
1630890000,1291,1291,1291,1291,400
1630890600,1290,1291,1290,1290,400
1630891200,1290,1290,1290,1290,200
1630891800,1289,1289,1281,1281,1600
1630892400,1281,1290,1268,1268,4400
1630893000,1275,1275,1275,1275,200
1630893600,1276,1276,1270,1270,600
1630894200,1270,1270,1269,1269,400
1630894800,1278,1320,1274,1290,2700
1630895400,1275,1275,1275,1275,600
1630899000,1257,1275,1255,1258,5100
1630899600,1259,1292,1255,1292,3300
1630900200,1290,1290,1290,1290,200
1630900800,1288,1288,1280,1280,200
1630901400,1273,1273,1269,1269,1000
1630902000,1263,1263,1262,1262,200
1630903800,1267,1267,1264,1264,300
1630904400,1274,1277,1274,1277,300
1630905000,1273,1304,1273,1274,1300
1630905600,1300,1300,1288,1288,600
1630906200,1300,1300,1300,1300,100
1630906800,1299,1299,1299,1299,200
1630907400,1291,1300,1287,1287,1400
1630908000,1283,1283,1283,1283,1600
1630972800,1266,1283,1263,1281,2200
1630973400,1279,1279,1257,1277,2700
1630974000,1271,1271,1267,1267,300
1630975200,1273,1275,1273,1275,300
1630975800,1277,1283,1277,1281,1700
1630976400,1278,1278,1278,1278,300
1630977600,1279,1279,1256,1256,1100
1630978200,1256,1256,1253,1254,1000
1630978800,1263,1263,1263,1263,100
1630979400,1253,1253,1251,1251,500
1630980000,1262,1298,1259,1268,2000
1630985400,1268,1268,1264,1267,300
1630986600,1268,1281,1268,1268,800
1630987800,1270,1270,1268,1268,300
1630989000,1274,1280,1264,1280,800
1630990200,1281,1281,1281,1281,100
1630991400,1283,1283,1283,1283,200
1630992000,1282,1285,1277,1277,400
1630993200,1279,1279,1279,1279,100
1630994400,1279,1279,1279,1279,200
1631059200,1253,1275,1250,1275,2600
1631060400,1260,1262,1253,1262,600
1631061000,1258,1258,1253,1253,300
1631061600,1254,1257,1252,1252,500
1631062200,1251,1251,1250,1250,400
1631064600,1253,1253,1251,1251,400
1631065200,1252,1252,1251,1251,400
1631067000,1252,1260,1251,1260,800
1631072400,1260,1260,1260,1260,300
1631073000,1260,1260,1258,1260,300
1631073600,1258,1258,1258,1258,100
1631074200,1257,1257,1257,1257,100
1631074800,1260,1260,1260,1260,400
1631075400,1262,1262,1260,1260,200
1631076000,1261,1261,1260,1260,200
1631079000,1260,1260,1260,1260,200
1631079600,1265,1282,1262,1282,1700
1631080200,1279,1279,1262,1262,300
1631145600,1262,1265,1262,1265,400
1631146800,1270,1270,1259,1259,300
1631147400,1258,1258,1258,1258,100
1631148000,1258,1259,1258,1259,300
1631148600,1259,1259,1259,1259,100
1631150400,1258,1258,1257,1257,300
1631152800,1258,1259,1258,1259,200
1631154000,1252,1252,1250,1250,400
1631158200,1251,1251,1251,1251,600
1631159400,1252,1252,1252,1252,300
1631160600,1252,1252,1252,1252,100
1631161200,1252,1252,1252,1252,200
1631162400,1258,1260,1258,1260,500
1631163600,1265,1267,1260,1267,400
1631164200,1265,1265,1265,1265,900
1631164800,1268,1268,1268,1268,100
1631165400,1276,1276,1276,1276,100
1631167200,1276,1276,1276,1276,100
1631232000,1280,1284,1279,1280,900
1631232600,1280,1280,1280,1280,100
1631233800,1268,1268,1268,1268,100
1631236800,1270,1270,1269,1269,200
1631244600,1269,1269,1269,1269,100
1631245200,1269,1269,1264,1264,600
1631245800,1275,1275,1275,1275,200
1631247000,1274,1274,1274,1274,100
1631249400,1270,1270,1270,1270,200
1631251800,1270,1270,1270,1270,300
1631252400,1266,1266,1265,1265,200
1631253000,1264,1278,1263,1266,1200
1631491200,1266,1266,1266,1266,1100
1631491800,1266,1266,1266,1266,100
1631494200,1267,1267,1266,1266,300
1631497800,1281,1282,1263,1263,600
1631505600,1280,1280,1280,1280,100
1631508600,1279,1279,1279,1279,100
1631512800,1267,1267,1267,1267,100
1631577600,1271,1280,1271,1280,200
1631578200,1278,1278,1278,1278,100
1631578800,1278,1278,1278,1278,100
1631580000,1273,1273,1273,1273,100
1631581200,1266,1266,1251,1251,1300
1631581800,1253,1256,1253,1256,200
1631582400,1264,1265,1264,1265,300
1631584800,1265,1265,1265,1265,100
1631590200,1265,1265,1265,1265,200
1631591400,1260,1260,1260,1260,100
1631592000,1265,1265,1265,1265,100
1631592600,1260,1260,1252,1252,2200
1631593200,1258,1265,1258,1265,600
1631594400,1264,1265,1264,1265,300
1631595600,1265,1265,1265,1265,100
1631597400,1267,1267,1267,1267,100
1631598000,1267,1267,1267,1267,300
1631598600,1267,1267,1267,1267,100
1631599200,1268,1268,1268,1268,200
1631664000,1250,1258,1250,1250,1400
1631664600,1252,1252,1251,1251,200
1631665800,1251,1251,1251,1251,100
1631666400,1254,1255,1252,1252,800
1631667600,1252,1252,1252,1252,100
1631668200,1252,1252,1252,1252,100
1631669400,1252,1252,1252,1252,100
1631671800,1252,1252,1251,1251,200
1631672400,1256,1257,1256,1257,200
1631677800,1252,1252,1251,1251,200
1631680800,1256,1256,1255,1255,200
1631681400,1255,1256,1252,1252,400
1631682000,1252,1252,1252,1252,400
1631682600,1252,1254,1252,1254,400
1631683200,1254,1262,1254,1262,400
1631683800,1262,1263,1262,1263,200
1631684400,1254,1254,1254,1254,200
1631685000,1254,1264,1254,1264,200
1631685600,1265,1265,1265,1265,300
1631750400,1270,1270,1258,1258,300
1631751600,1259,1259,1258,1258,300
1631754000,1256,1256,1256,1256,200
1631755800,1255,1255,1253,1253,300
1631757600,1252,1252,1252,1252,800
1631758200,1251,1251,1251,1251,200
1631763000,1250,1250,1248,1248,1800
1631764800,1248,1248,1228,1228,2500
1631766000,1227,1227,1227,1227,100
1631766600,1243,1250,1226,1226,800
1631767800,1249,1249,1249,1249,100
1631768400,1250,1250,1250,1250,100
1631769600,1254,1254,1254,1254,300
1631771400,1236,1238,1236,1236,400
1631772000,1250,1250,1250,1250,100
1631836800,1236,1256,1236,1256,1300
1631837400,1244,1244,1244,1244,100
1631838000,1254,1254,1249,1249,200
1631838600,1245,1245,1245,1245,400
1631839200,1243,1243,1243,1243,100
1631839800,1241,1241,1236,1236,300
1631844000,1240,1241,1240,1241,200
1631850000,1245,1250,1245,1250,300
1631852400,1250,1250,1250,1250,100
1631853600,1246,1246,1246,1246,100
1631854200,1246,1246,1245,1245,200
1631854800,1246,1246,1246,1246,100
1631855400,1245,1245,1245,1245,300
1631856000,1244,1247,1243,1243,400
1631856600,1254,1255,1250,1255,300
1631857800,1265,1265,1264,1264,300
1631858400,1266,1266,1266,1266,200
1632182400,1234,1236,1231,1236,1500
1632183000,1244,1246,1224,1238,1300
1632183600,1237,1237,1210,1210,2200
1632184200,1234,1267,1234,1235,1200
1632184800,1259,1259,1259,1259,100
1632185400,1260,1260,1260,1260,100
1632186600,1237,1237,1237,1237,100
1632188400,1240,1240,1235,1235,500
1632190200,1254,1254,1254,1254,100
1632195000,1254,1254,1235,1235,300
1632196200,1235,1235,1231,1231,900
1632199200,1235,1235,1235,1235,100
1632199800,1235,1235,1232,1232,1100
1632202200,1239,1241,1235,1235,800
1632202800,1246,1255,1235,1235,1000
1632203400,1234,1245,1232,1245,500
1632204000,1241,1241,1241,1241,100
1632268800,1268,1268,1260,1260,700
1632269400,1240,1240,1240,1240,100
1632271200,1240,1240,1235,1235,400
1632272400,1235,1235,1231,1231,800
1632273600,1231,1238,1231,1238,300
1632282600,1237,1237,1237,1237,200
1632288000,1243,1243,1243,1243,100
1632289200,1249,1249,1249,1249,100
1632290400,1249,1249,1249,1249,200
1632441600,1221,1239,1221,1228,2400
1632442200,1233,1234,1233,1234,200
1632442800,1249,1269,1249,1255,1700
1632443400,1255,1255,1255,1255,100
1632444000,1253,1253,1253,1253,100
1632447600,1259,1259,1259,1259,100
1632448800,1245,1245,1245,1245,100
1632454200,1245,1245,1237,1242,400
1632454800,1242,1242,1242,1242,100
1632456000,1241,1241,1241,1241,100
1632462000,1259,1259,1251,1251,200
1632463200,1250,1250,1250,1250,200
1632700800,1241,1241,1228,1228,400
1632701400,1233,1233,1225,1225,500
1632702000,1240,1245,1232,1232,800
1632703800,1246,1246,1246,1246,100
1632704400,1248,1250,1241,1241,400
1632708000,1241,1241,1240,1240,600
1632713400,1240,1240,1240,1240,200
1632715800,1240,1240,1240,1240,100
1632717000,1240,1240,1240,1240,100
1632718200,1240,1240,1239,1239,300
1632721200,1240,1250,1237,1250,900
1632721800,1240,1240,1240,1240,100
1632722400,1258,1258,1258,1258,200
1632787200,1242,1258,1240,1244,900
1632789000,1255,1255,1244,1244,300
1632789600,1244,1244,1244,1244,100
1632790200,1252,1258,1252,1258,500
1632790800,1262,1263,1249,1263,600
1632795000,1261,1261,1261,1261,100
1632799800,1261,1261,1261,1261,100
1632801000,1260,1261,1245,1245,400
1632804600,1260,1263,1260,1263,700
1632808800,1265,1265,1265,1265,200
1632873600,1260,1260,1260,1260,100
1632874200,1262,1262,1262,1262,100
1632875400,1265,1325,1265,1274,1600
1632877200,1275,1275,1275,1275,400
1632877800,1295,1296,1267,1267,1800
1632879000,1275,1275,1275,1275,100
1632879600,1294,1294,1294,1294,100
1632880200,1289,1289,1289,1289,200
1632882000,1288,1288,1288,1288,100
1632886200,1276,1276,1275,1275,300
1632894000,1275,1275,1257,1257,800
1632960000,1276,1276,1265,1265,800
1632960600,1264,1282,1264,1280,1200
1632961200,1266,1266,1266,1266,100
1632961800,1292,1295,1292,1295,500
1632963000,1293,1293,1293,1293,100
1632964200,1285,1285,1285,1285,100
1632966600,1284,1284,1272,1272,200
1632967800,1284,1284,1284,1284,200
1632968400,1286,1289,1286,1289,300
1632972600,1289,1289,1274,1274,600
1632973200,1290,1290,1290,1290,100
1632975600,1289,1290,1289,1290,300
1632976200,1293,1294,1287,1287,500
1632980400,1297,1297,1297,1297,100
1632981000,1298,1299,1298,1299,600
1632981600,1300,1300,1300,1300,200
1633046400,1270,1270,1270,1270,200
1633048200,1294,1304,1294,1304,300
1633048800,1304,1305,1304,1305,400
1633049400,1311,1311,1306,1306,200
1633053000,1287,1287,1271,1271,300
1633059000,1301,1306,1289,1289,1700
1633059600,1307,1334,1307,1318,900
1633065600,1318,1318,1318,1318,100
1633066800,1311,1311,1304,1304,200
1633067400,1304,1304,1304,1304,200
1633068000,1303,1303,1303,1303,200
1633305600,1330,1330,1303,1303,800
1633308000,1308,1308,1308,1308,200
1633309200,1302,1302,1300,1300,200
1633309800,1300,1300,1300,1300,100
1633312200,1300,1300,1300,1300,500
1633313400,1295,1295,1282,1282,200
1633318200,1282,1282,1282,1282,400
1633318800,1295,1295,1295,1295,100
1633319400,1297,1298,1297,1298,200
1633323600,1297,1297,1284,1284,300
1633327200,1300,1300,1300,1300,100
1633392000,1282,1282,1281,1281,500
1633392600,1283,1283,1283,1283,200
1633393200,1283,1284,1268,1284,1800
1633393800,1269,1269,1253,1253,700
1633396200,1256,1256,1256,1256,200
1633396800,1255,1255,1254,1254,400
1633397400,1256,1256,1255,1255,400
1633398000,1255,1255,1255,1255,200
1633398600,1255,1255,1243,1243,2200
1633404600,1245,1246,1245,1246,900
1633405800,1250,1250,1246,1246,600
1633406400,1243,1243,1243,1243,100
1633407000,1250,1250,1243,1243,1000
1633408200,1263,1264,1263,1264,300
1633411800,1264,1265,1244,1264,900
1633413600,1242,1242,1242,1242,200
1633478400,1247,1247,1247,1247,100
1633479000,1256,1270,1256,1270,400
1633480800,1270,1270,1270,1270,100
1633485600,1251,1251,1251,1251,100
1633491000,1250,1250,1250,1250,100
1633491600,1251,1251,1251,1251,100
1633498200,1269,1299,1269,1299,500
1633500000,1271,1271,1271,1271,100
1633564800,1258,1288,1258,1288,200
1633566600,1283,1283,1283,1283,100
1633572000,1294,1294,1294,1294,100
1633651200,1268,1268,1268,1268,400
1633656000,1298,1300,1298,1300,300
1633658400,1277,1277,1247,1269,1500
1633659000,1248,1248,1248,1248,100
1633663800,1272,1272,1272,1272,100
1633665000,1289,1290,1288,1290,300
1633910400,1263,1263,1263,1263,100
1633917600,1270,1275,1263,1271,4300
1633996800,1269,1269,1269,1269,100
1634005800,1269,1269,1269,1269,100
1634016600,1288,1288,1288,1288,100
1634083200,1258,1258,1258,1258,100
1634086200,1288,1288,1288,1288,200
1634169600,1287,1287,1287,1287,300
1634173800,1287,1288,1287,1288,200
1634175000,1288,1290,1288,1290,600
1634175600,1278,1278,1265,1265,300
1634190000,1276,1276,1276,1276,300
1634190600,1272,1272,1270,1270,400
1634256000,1270,1270,1270,1270,100
1634257200,1288,1288,1288,1288,100
1634259600,1267,1267,1267,1267,200
1634262600,1285,1285,1285,1285,100
1634273400,1268,1268,1267,1267,400
1634276400,1266,1266,1266,1266,100
1634515200,1266,1266,1266,1266,500
1634519400,1266,1266,1266,1266,400
1634521800,1268,1268,1267,1267,300
1634536200,1266,1266,1266,1266,100
1634601600,1262,1262,1262,1262,300
1634606400,1288,1288,1288,1288,100
1634622600,1268,1268,1268,1268,100
1634688000,1269,1269,1269,1269,100
1634693400,1269,1269,1251,1263,1000
1634701800,1263,1263,1263,1263,200
1634708400,1262,1262,1262,1262,200
1634774400,1262,1268,1262,1268,200
1634775000,1267,1267,1267,1267,200
1634777400,1266,1267,1266,1267,200
1634793600,1270,1270,1270,1270,100
1634796000,1254,1254,1254,1254,11000
1634860800,1250,1250,1250,1250,500
1634863200,1257,1257,1257,1257,100
1634865000,1257,1257,1257,1257,100
1634873400,1260,1260,1256,1256,300
1634881200,1251,1251,1250,1250,200
1634881800,1251,1265,1251,1265,300
1635120000,1253,1271,1253,1271,300
1635121800,1269,1269,1269,1269,100
1635124200,1271,1271,1271,1271,100
1635126000,1271,1271,1271,1271,300
1635132600,1268,1268,1268,1268,400
1635133200,1266,1268,1266,1268,500
1635139800,1268,1268,1267,1267,300
1635140400,1270,1270,1270,1270,100
1635141000,1272,1279,1272,1279,200
1635206400,1257,1257,1257,1257,300
1635209400,1280,1280,1280,1280,100
1635214200,1279,1279,1279,1279,100
1635214800,1272,1272,1270,1270,300
1635220200,1279,1279,1279,1279,100
1635226200,1279,1280,1279,1280,300
1635292800,1262,1262,1262,1262,300
1635295200,1268,1268,1268,1268,100
1635298200,1270,1270,1270,1270,200
1635301800,1268,1268,1268,1268,100
1635311400,1270,1270,1270,1270,300
1635312600,1270,1270,1270,1270,100
1635379800,1265,1265,1260,1260,200
1635381000,1263,1263,1261,1261,200
1635383400,1261,1261,1261,1261,100
1635385800,1264,1264,1264,1264,100
1635387600,1262,1262,1262,1262,100
1635391800,1262,1262,1255,1255,400
1635393000,1260,1260,1260,1260,100
1635398400,1256,1256,1256,1256,100
1635399000,1255,1267,1255,1266,600
1635399600,1263,1279,1263,1279,500
1635400200,1280,1280,1280,1280,200
1635400800,1279,1279,1279,1279,200
1635471600,1279,1279,1279,1279,100
1635478800,1288,1289,1288,1289,600
1635479400,1280,1280,1280,1280,400
1635480000,1280,1280,1280,1280,300
1635481800,1282,1282,1282,1282,100
1635486600,1275,1275,1274,1274,200
1635487200,1274,1274,1274,1274,100
1635724800,1261,1267,1261,1267,200
1635726600,1268,1268,1268,1268,200
1635727200,1270,1270,1270,1270,100
1635730200,1270,1270,1270,1270,100
1635745800,1269,1269,1269,1269,100
1635811200,1263,1293,1263,1293,200
1635811800,1297,1303,1273,1283,2000
1635813600,1284,1284,1284,1284,100
1635814200,1285,1288,1285,1288,200
1635824400,1273,1273,1273,1273,100
1635825000,1289,1290,1270,1270,700
1635832800,1283,1283,1283,1283,100
1635984000,1275,1275,1275,1275,100
1635991200,1272,1272,1272,1272,100
1635997800,1271,1271,1271,1271,100
1636004400,1292,1292,1292,1292,100
1636070400,1271,1299,1271,1299,700
1636075800,1299,1300,1299,1300,500
1636083000,1298,1300,1298,1300,400
1636083600,1299,1300,1277,1277,600
1636090800,1281,1281,1281,1281,200
1636329600,1341,1369,1297,1333,12200
1636330200,1345,1349,1330,1349,900
1636330800,1319,1319,1311,1317,700
1636331400,1337,1337,1335,1335,200
1636332000,1319,1319,1317,1317,300
1636333800,1316,1317,1316,1317,600
1636335600,1303,1303,1303,1303,200
1636338000,1311,1311,1311,1311,200
1636338600,1325,1325,1325,1325,100
1636342200,1344,1344,1316,1316,1100
1636347600,1322,1322,1322,1322,200
1636350000,1336,1339,1318,1318,300
1636351200,1322,1322,1322,1322,100
1636416000,1295,1295,1295,1295,400
1636417200,1305,1305,1285,1285,300
1636417800,1285,1285,1285,1285,100
1636418400,1299,1301,1299,1300,700
1636419000,1297,1297,1297,1297,200
1636419600,1299,1300,1286,1286,400
1636420200,1287,1290,1287,1290,200
1636429200,1300,1300,1300,1300,100
1636429800,1296,1296,1295,1295,200
1636431000,1290,1295,1284,1284,800
1636433400,1295,1309,1295,1309,400
1636434000,1285,1285,1284,1284,400
1636437000,1286,1286,1286,1286,100
1636437600,1286,1286,1286,1286,300
1636502400,1288,1292,1288,1289,700
1636503000,1290,1290,1290,1290,100
1636515600,1292,1292,1289,1289,1000
1636520400,1304,1304,1292,1292,400
1636524000,1290,1290,1290,1290,100
1636588800,1296,1304,1295,1304,1100
1636589400,1315,1315,1314,1315,600
1636590000,1316,1316,1301,1314,1200
1636590600,1300,1300,1300,1300,100
1636591200,1300,1303,1299,1299,2200
1636591800,1298,1298,1276,1276,1400
1636593000,1297,1297,1297,1297,100
1636593600,1297,1297,1297,1297,100
1636594200,1297,1298,1283,1283,400
1636594800,1297,1297,1297,1297,100
1636595400,1282,1282,1282,1282,200
1636596000,1289,1290,1289,1290,300
1636607400,1290,1290,1290,1290,200
1636608000,1282,1282,1282,1282,100
1636610400,1290,1290,1290,1290,100
1636675200,1233,1275,1233,1275,6400
1636675800,1275,1275,1269,1269,500
1636678200,1272,1272,1272,1272,100
1636678800,1272,1272,1262,1262,700
1636679400,1261,1266,1260,1266,300
1636680600,1271,1284,1263,1270,1200
1636687800,1287,1287,1287,1287,100
1636688400,1287,1287,1262,1264,1000
1636690200,1266,1266,1266,1266,100
1636695600,1270,1270,1270,1270,500
1636696800,1262,1262,1262,1262,100
1636934400,1292,1292,1292,1292,300
1636935000,1278,1278,1278,1278,100
1636935600,1292,1292,1292,1292,100
1636955400,1269,1269,1269,1269,200
1637020800,1264,1264,1264,1264,400
1637021400,1269,1269,1269,1269,100
1637038200,1268,1268,1268,1268,100
1637038800,1267,1267,1267,1267,200
1637039400,1268,1268,1268,1268,100
1637041200,1266,1266,1266,1266,100
1637041800,1268,1275,1265,1275,1200
1637042400,1265,1265,1265,1265,100
1637107200,1268,1299,1268,1298,600
1637107800,1298,1298,1279,1279,1600
1637110200,1279,1279,1279,1279,100
1637113800,1279,1281,1279,1279,500
1637115000,1265,1265,1261,1265,300
1637119800,1265,1265,1265,1265,100
1637122800,1265,1277,1265,1277,800
1637193600,1265,1295,1265,1295,600
1637197200,1269,1269,1269,1269,100
1637197800,1270,1287,1270,1287,700
1637198400,1286,1286,1286,1286,200
1637208600,1285,1285,1269,1269,400
1637211600,1267,1283,1267,1283,200
1637212200,1283,1299,1278,1278,2400
1637280000,1297,1297,1295,1295,700
1637282400,1290,1295,1290,1295,800
1637286600,1296,1296,1296,1296,100
1637287200,1300,1306,1300,1306,200
1637293800,1300,1300,1300,1300,200
1637539200,1330,1330,1299,1299,3100
1637539800,1300,1300,1299,1300,600
1637540400,1300,1300,1300,1300,200
1637541000,1301,1304,1301,1302,500
1637553600,1301,1302,1300,1300,1400
1637554200,1301,1321,1301,1321,200
1637559000,1301,1301,1300,1300,500
1637559600,1308,1308,1308,1308,100
1637712000,1278,1290,1278,1290,700
1637712600,1287,1287,1287,1287,100
1637713800,1283,1283,1283,1283,100
1637717400,1281,1281,1281,1281,100
1637731800,1291,1291,1291,1291,100
1637733000,1282,1282,1280,1280,200
1637733600,1294,1294,1294,1294,400
1637798400,1295,1295,1295,1295,100
1637800200,1298,1298,1297,1297,200
1637802600,1297,1297,1297,1297,100
1637818200,1300,1300,1300,1300,100
1637818800,1299,1299,1299,1299,100
1637885400,1289,1303,1289,1303,600
1637892000,1303,1303,1303,1303,100
1637897400,1290,1290,1290,1290,200
1637898000,1290,1290,1290,1290,100
1637899800,1305,1305,1295,1295,200
1638145800,1290,1290,1290,1290,300
1638150600,1291,1291,1291,1291,100
1638158400,1291,1291,1291,1291,200
1638160200,1285,1285,1270,1270,1200
1638160800,1276,1276,1269,1269,300
1638163200,1292,1292,1292,1292,100
1638164400,1271,1271,1270,1270,200
1638165000,1283,1286,1271,1286,1100
1638230400,1269,1269,1269,1269,100
1638231000,1277,1277,1277,1277,300
1638233400,1291,1295,1291,1295,400
1638234000,1274,1274,1269,1269,900
1638234600,1274,1274,1255,1258,1000
1638235200,1266,1266,1266,1266,100
1638235800,1270,1270,1259,1270,400
1638243000,1276,1276,1276,1276,100
1638249600,1280,1280,1280,1280,100
1638250800,1276,1276,1270,1270,200
1638316800,1270,1270,1270,1270,100
1638334800,1264,1264,1264,1264,100
1638403200,1294,1294,1294,1294,500
1638415800,1264,1264,1264,1264,100
1638418800,1287,1288,1287,1288,300
1638419400,1289,1289,1289,1289,100
1638421200,1290,1300,1290,1300,600
1638421800,1290,1290,1290,1290,400
1638423600,1308,1310,1308,1310,500
1638424200,1306,1313,1300,1313,3600
1638424800,1313,1313,1313,1313,100
1638489600,1333,1333,1333,1333,700
1638490200,1342,1350,1317,1321,1900
1638490800,1324,1332,1316,1329,1200
1638493200,1328,1328,1313,1313,200
1638493800,1322,1328,1322,1327,300
1638494400,1328,1328,1328,1328,100
1638495600,1329,1329,1329,1329,200
1638497400,1331,1331,1331,1331,100
1638502800,1332,1336,1327,1327,300
1638504000,1349,1349,1349,1349,300
1638504600,1334,1334,1332,1333,400
1638507000,1335,1335,1335,1335,100
1638508800,1348,1351,1342,1342,700
1638510000,1355,1355,1346,1355,800
1638510600,1346,1350,1345,1350,1500
1638511200,1350,1350,1350,1350,200
1638748800,1331,1358,1330,1344,2000
1638749400,1363,1365,1354,1354,2500
1638750000,1356,1375,1354,1375,300
1638751800,1372,1398,1356,1360,1600
1638753000,1355,1386,1352,1386,1300
1638754200,1398,1398,1379,1379,600
1638754800,1397,1397,1381,1381,400
1638755400,1398,1398,1384,1384,300
1638756000,1396,1396,1396,1396,200
1638756600,1396,1396,1373,1373,500
1638757200,1380,1390,1374,1390,400
1638761400,1375,1376,1375,1376,200
1638763800,1392,1393,1390,1390,300
1638764400,1395,1398,1394,1394,500
1638765000,1398,1400,1398,1400,1400
1638765600,1400,1400,1400,1400,100
1638766200,1409,1410,1400,1409,1000
1638767400,1409,1409,1409,1409,200
1638768000,1410,1410,1395,1395,200
1638768600,1410,1433,1410,1433,1400
1638769200,1419,1419,1417,1417,600
1638769800,1421,1422,1421,1422,200
1638770400,1434,1434,1434,1434,300
1638835200,1421,1434,1421,1433,900
1638836400,1431,1434,1431,1434,500
1638837000,1435,1435,1424,1424,1200
1638837600,1435,1436,1435,1436,1200
1638838200,1436,1450,1432,1432,1600
1638838800,1430,1430,1428,1429,600
1638849600,1445,1445,1445,1445,100
1638850800,1431,1431,1431,1431,100
1638851400,1431,1431,1431,1431,100
1638853800,1434,1434,1434,1434,200
1638854400,1444,1450,1440,1440,2100
1638856800,1441,1441,1441,1441,100
1638921600,1441,1441,1441,1441,800
1638922800,1441,1441,1438,1438,500
1638924000,1437,1437,1431,1431,1200
1638924600,1424,1424,1424,1424,100
1638925200,1424,1424,1422,1422,200
1638925800,1422,1422,1390,1411,2100
1638926400,1394,1410,1390,1409,800
1638927000,1405,1408,1395,1400,800
1638927600,1395,1397,1383,1384,500
1638929400,1402,1402,1402,1402,100
1638930000,1402,1402,1402,1402,200
1638935400,1385,1385,1385,1385,200
1638937200,1391,1391,1391,1391,100
1638937800,1391,1391,1391,1391,100
1638939600,1408,1408,1408,1408,100
1638941400,1401,1401,1396,1401,400
1638942600,1399,1399,1399,1399,100
1638943200,1397,1397,1397,1397,300
1639008000,1396,1399,1396,1399,400
1639009200,1383,1398,1383,1387,400
1639011000,1396,1396,1396,1396,100
1639012200,1396,1399,1396,1399,400
1639023000,1421,1421,1421,1421,100
1639024200,1403,1403,1403,1403,200
1639025400,1403,1403,1402,1403,600
1639028400,1420,1420,1420,1420,100
1639029000,1420,1425,1420,1425,400
1639029600,1426,1426,1426,1426,100
1639094400,1414,1414,1393,1414,700
1639096200,1410,1427,1410,1427,200
1639098000,1420,1420,1420,1420,100
1639100400,1424,1424,1424,1424,100
1639107600,1437,1438,1435,1435,300
1639110600,1434,1437,1434,1437,300
1639114200,1437,1438,1436,1436,400
1639115400,1448,1455,1448,1455,300
1639353600,1455,1479,1449,1457,2400
1639354200,1476,1479,1461,1464,1700
1639354800,1460,1464,1440,1443,3400
1639356600,1467,1467,1452,1452,500
1639358400,1464,1467,1464,1467,400
1639359600,1467,1467,1467,1467,100
1639366200,1453,1468,1437,1438,2800
1639367400,1457,1457,1457,1457,100
1639368600,1465,1479,1458,1458,800
1639371600,1456,1456,1456,1456,200
1639375200,1462,1462,1462,1462,200
1639440000,1462,1479,1462,1479,900
1639440600,1479,1479,1478,1478,200
1639441200,1478,1478,1463,1463,200
1639441800,1479,1485,1465,1465,800
1639442400,1484,1485,1477,1477,1100
1639443000,1486,1486,1465,1472,1300
1639443600,1487,1490,1476,1476,1100
1639444800,1481,1481,1481,1481,100
1639446000,1476,1476,1476,1476,100
1639448400,1485,1490,1471,1471,1500
1639453800,1483,1483,1483,1483,200
1639456800,1490,1500,1483,1483,700
1639457400,1488,1488,1488,1488,100
1639458000,1502,1505,1502,1505,500
1639458600,1486,1489,1486,1489,200
1639460400,1493,1493,1493,1493,100
1639461000,1509,1521,1492,1492,3300
1639461600,1520,1520,1520,1520,100
1639526400,1520,1540,1520,1540,700
1639527000,1539,1540,1539,1539,600
1639527600,1540,1549,1526,1542,2000
1639528200,1539,1539,1536,1536,500
1639528800,1547,1547,1508,1508,3400
1639529400,1503,1537,1500,1510,2500
1639530000,1510,1510,1500,1500,300
1639530600,1500,1500,1500,1500,100
1639531200,1512,1516,1510,1510,500
1639532400,1524,1524,1524,1524,100
1639533000,1515,1515,1493,1515,1400
1639533600,1516,1516,1516,1516,100
1639534200,1525,1525,1525,1525,100
1639534800,1516,1516,1516,1516,100
1639539000,1528,1529,1504,1504,1400
1639545600,1526,1526,1508,1511,1000
1639546200,1511,1513,1511,1512,900
1639547400,1515,1515,1497,1500,2100
1639548000,1500,1500,1500,1500,200
1639612800,1500,1500,1478,1478,400
1639613400,1497,1500,1497,1500,400
1639614600,1537,1547,1532,1532,1000
1639615200,1545,1545,1528,1528,500
1639615800,1535,1540,1529,1529,1900
1639616400,1531,1531,1506,1506,4800
1639617600,1496,1496,1496,1496,100
1639618200,1512,1513,1510,1510,300
1639621200,1510,1510,1510,1510,200
1639625400,1486,1487,1480,1487,5100
1639626000,1499,1499,1490,1490,300
1639626600,1490,1527,1490,1503,5100
1639627200,1510,1510,1510,1510,500
1639629000,1527,1527,1527,1527,100
1639630200,1513,1513,1505,1505,4100
1639630800,1507,1507,1507,1507,700
1639631400,1505,1510,1505,1510,200
1639632000,1505,1510,1500,1500,2000
1639632600,1508,1508,1492,1492,300
1639633200,1508,1510,1508,1510,400
1639633800,1514,1515,1488,1488,1000
1639634400,1489,1489,1489,1489,200
1639699200,1559,1590,1460,1493,12700
1639699800,1485,1549,1362,1381,18900
1639700400,1371,1424,1365,1424,2600
1639701000,1427,1427,1420,1420,300
1639701600,1422,1428,1391,1400,5700
1639702200,1395,1403,1390,1390,800
1639702800,1390,1405,1351,1362,6300
1639703400,1367,1379,1352,1379,1900
1639704000,1370,1371,1340,1347,1700
1639704600,1350,1369,1330,1330,3000
1639705200,1349,1350,1330,1330,800
1639705800,1326,1336,1302,1336,2500
1639706400,1337,1337,1335,1335,200
1639707000,1346,1348,1346,1347,1600
1639707600,1321,1321,1321,1321,100
1639711800,1340,1340,1340,1340,200
1639712400,1324,1324,1320,1320,1100
1639713000,1314,1321,1310,1321,1300
1639714200,1329,1338,1329,1338,1000
1639715400,1335,1340,1335,1340,500
1639716000,1340,1340,1340,1340,200
1639716600,1340,1372,1326,1372,1000
1639717200,1371,1371,1371,1371,200
1639717800,1346,1346,1345,1345,400
1639718400,1345,1394,1345,1394,1000
1639719000,1364,1390,1364,1371,1200
1639719600,1383,1390,1357,1390,1300
1639720200,1389,1400,1389,1400,1200
1639720800,1353,1353,1353,1353,2800
1639958400,1323,1323,1311,1311,1600
1639959000,1325,1331,1311,1331,700
1639960200,1312,1312,1312,1312,100
1639960800,1312,1312,1312,1312,300
1639961400,1312,1325,1312,1325,400
1639962000,1313,1313,1311,1311,300
1639963800,1311,1311,1311,1311,100
1639964400,1306,1313,1306,1313,200
1639966200,1307,1312,1306,1312,500
1639966800,1306,1306,1303,1303,400
1639971000,1307,1360,1307,1360,2400
1639971600,1330,1362,1330,1362,300
1639975200,1332,1332,1311,1312,700
1639975800,1314,1314,1314,1314,200
1639976400,1314,1314,1313,1313,200
1639977600,1310,1310,1310,1310,100
1639978800,1338,1361,1338,1361,300
1639979400,1323,1326,1313,1326,700
1639980000,1326,1326,1326,1326,200
1640044800,1326,1326,1326,1326,100
1640046000,1326,1326,1326,1326,200
1640049600,1326,1330,1326,1330,300
1640050200,1315,1315,1315,1315,100
1640050800,1314,1314,1312,1312,300
1640052000,1311,1323,1310,1323,300
1640052600,1310,1310,1310,1310,100
1640053200,1319,1319,1319,1319,100
1640057400,1308,1319,1308,1319,200
1640059200,1319,1319,1319,1319,100
1640061000,1319,1319,1319,1319,100
1640062200,1319,1319,1319,1319,100
1640062800,1319,1339,1319,1337,800
1640064600,1337,1337,1337,1337,200
1640065200,1335,1339,1313,1339,500
1640066400,1330,1330,1330,1330,300
1640131200,1309,1309,1308,1308,400
1640131800,1308,1310,1308,1310,200
1640132400,1310,1310,1310,1310,100
1640133000,1308,1308,1306,1306,600
1640133600,1312,1312,1312,1312,100
1640137800,1312,1312,1307,1310,300
1640139000,1310,1310,1310,1310,100
1640143800,1309,1317,1308,1317,300
1640144400,1308,1308,1308,1308,300
1640145000,1308,1308,1308,1308,100
1640146200,1307,1307,1307,1307,100
1640146800,1305,1305,1274,1282,1900
1640148000,1284,1284,1281,1281,300
1640148600,1280,1280,1276,1276,500
1640149200,1298,1304,1279,1303,1100
1640149800,1301,1301,1300,1300,1500
1640151600,1301,1301,1301,1301,300
1640152200,1304,1330,1304,1330,1600
1640152800,1324,1324,1324,1324,100
1640217600,1300,1300,1296,1296,600
1640218200,1296,1296,1296,1296,100
1640218800,1293,1293,1293,1293,100
1640219400,1293,1293,1293,1293,1000
1640220000,1300,1300,1297,1297,2300
1640224200,1303,1306,1303,1306,200
1640224800,1299,1302,1299,1302,200
1640230800,1301,1301,1301,1301,100
1640235000,1311,1311,1311,1311,100
1640237400,1310,1310,1310,1310,100
1640238600,1311,1311,1311,1311,100
1640239200,1304,1304,1304,1304,100
1640304000,1318,1318,1318,1318,400
1640304600,1320,1320,1320,1320,200
1640305800,1320,1320,1320,1320,100
1640306400,1312,1312,1311,1311,800
1640308800,1320,1320,1320,1320,100
1640311800,1307,1307,1306,1306,200
1640317200,1304,1304,1303,1303,200
1640323200,1303,1303,1302,1302,300
1640323800,1319,1330,1302,1302,2700
1640325600,1306,1306,1306,1306,100
1640563200,1295,1302,1295,1302,400
1640567400,1303,1303,1303,1303,100
1640575800,1300,1300,1300,1300,1000
1640581800,1296,1296,1261,1279,3200
1640582400,1283,1285,1270,1270,300
1640583000,1285,1285,1285,1285,100
1640583600,1291,1327,1291,1327,600
1640584800,1280,1280,1280,1280,2600
1640649600,1280,1315,1280,1315,300
1640650200,1288,1288,1283,1283,200
1640650800,1285,1285,1285,1285,100
1640652600,1299,1299,1299,1299,100
1640653200,1293,1293,1293,1293,100
1640654400,1304,1304,1304,1304,200
1640655000,1312,1330,1290,1290,2100
1640662200,1297,1297,1297,1297,100
1640662800,1327,1327,1327,1327,100
1640665800,1303,1303,1298,1298,200
1640670000,1319,1319,1296,1296,300
1640670600,1293,1293,1292,1292,200
1640736000,1287,1287,1287,1287,300
1640743800,1298,1298,1298,1298,100
1640757000,1298,1298,1298,1298,100
1640822400,1238,1249,1238,1248,73600
1640823000,1245,1251,1241,1243,400
1640823600,1246,1246,1244,1244,300
1640824200,1241,1249,1241,1249,300
1640824800,1249,1249,1248,1248,200
1640825400,1249,1249,1242,1242,200
1640826000,1246,1247,1246,1247,300
1640829000,1252,1270,1243,1258,1200
1640835000,1256,1256,1256,1256,100
1640836200,1255,1255,1255,1255,100
1640836800,1260,1260,1260,1260,100
1640838600,1270,1270,1252,1252,200
1640842200,1252,1301,1252,1289,800
1640842800,1287,1293,1263,1263,300
1640844000,1287,1287,1287,1287,300
1641254400,1287,1287,1278,1278,2000
1641259200,1279,1279,1271,1271,600
1641267000,1257,1261,1244,1244,2900
1641267600,1255,1258,1255,1258,200
1641276000,1296,1296,1296,1296,200
1641340800,1280,1280,1280,1280,3400
1641341400,1289,1289,1289,1289,100
1641343200,1290,1290,1290,1290,100
1641361200,1273,1273,1271,1271,200
1641362400,1271,1271,1271,1271,200
1641427200,1261,1261,1261,1261,200
1641427800,1271,1271,1271,1271,300
1641429600,1260,1260,1260,1260,100
1641430200,1261,1261,1261,1261,100
1641447600,1260,1260,1259,1259,200
1641448200,1269,1270,1269,1270,200
1641448800,1280,1280,1280,1280,200
1641513600,1280,1280,1280,1280,100
1641514200,1275,1275,1263,1263,400
1641518400,1264,1264,1263,1263,600
1641520200,1269,1269,1269,1269,100
1641529800,1262,1262,1261,1261,200
1641530400,1257,1257,1251,1251,400
1641531000,1251,1251,1246,1246,300
1641532200,1251,1251,1251,1251,300
1641532800,1251,1273,1247,1247,600
1641533400,1257,1258,1257,1258,200
1641535200,1258,1258,1258,1258,100
1641859200,1258,1258,1258,1258,100
1641862800,1253,1254,1253,1254,200
1641874800,1257,1257,1257,1257,100
1641880200,1254,1254,1253,1253,400
1641880800,1277,1277,1277,1277,100
1641945600,1263,1268,1263,1265,500
1641946200,1263,1263,1245,1245,2200
1641946800,1258,1258,1258,1258,100
1641967200,1268,1268,1268,1268,100
1642032000,1261,1261,1261,1261,100
1642033200,1258,1258,1256,1256,200
1642038600,1255,1255,1255,1255,200
1642039200,1252,1252,1250,1250,800
1642039800,1250,1250,1250,1250,100
1642044600,1247,1247,1247,1247,200
1642046400,1247,1247,1247,1247,100
1642052400,1246,1246,1243,1243,700
1642053000,1242,1242,1237,1237,1300
1642053600,1236,1236,1236,1236,200
1642118400,1233,1233,1233,1233,100
1642119600,1232,1232,1230,1230,300
1642120800,1227,1227,1226,1226,200
1642121400,1225,1225,1225,1225,100
1642122000,1225,1225,1225,1225,100
1642140000,1228,1228,1228,1228,100
1642377600,1229,1229,1229,1229,200
1642378200,1229,1229,1229,1229,100
1642380000,1229,1229,1229,1229,100
1642385400,1230,1230,1230,1230,200
1642386000,1228,1228,1224,1224,500
1642390200,1217,1217,1217,1217,1100
1642390800,1216,1216,1216,1216,100
1642392600,1213,1213,1213,1213,100
1642393200,1216,1230,1216,1230,500
1642398600,1230,1239,1222,1239,500
1642399200,1242,1242,1242,1242,200
1642465800,1242,1242,1242,1242,200
1642476600,1232,1232,1232,1232,700
1642483800,1235,1235,1235,1235,500
1642550400,1231,1231,1231,1231,100
1642552200,1227,1227,1220,1220,700
1642552800,1223,1223,1221,1221,700
1642563000,1220,1220,1204,1204,900
1642563600,1201,1201,1165,1165,1500
1642564200,1195,1195,1142,1142,3300
1642564800,1171,1178,1155,1155,800
1642565400,1158,1158,1150,1150,1200
1642567200,1151,1151,1151,1151,300
1642567800,1151,1151,1151,1151,200
1642568400,1150,1180,1141,1180,1200
1642570200,1179,1184,1178,1179,800
1642570800,1179,1189,1179,1189,600
1642572000,1186,1186,1186,1186,200
1642650000,1187,1187,1187,1187,100
1642652400,1187,1187,1186,1186,300
1642737000,1486,1486,1395,1395,109500
1642737600,1398,1428,1351,1399,35000
1642738200,1395,1403,1358,1386,25400
1642738800,1396,1440,1386,1417,23600
1642739400,1409,1471,1407,1441,46000
1642740000,1449,1486,1418,1452,84600
1642740600,1455,1475,1360,1375,41400
1642741200,1380,1429,1375,1420,16600
1642741800,1415,1425,1400,1409,5600
1642742400,1395,1408,1368,1408,9100
1642743000,1407,1408,1378,1382,8600
1642743600,1385,1385,1311,1350,27300
1642744200,1350,1385,1330,1332,24800
1642744800,1330,1330,1330,1330,8200
1642982400,1250,1280,1203,1230,28100
1642983000,1225,1235,1175,1183,14700
1642983600,1190,1205,1174,1205,7700
1642984200,1199,1236,1199,1208,7400
1642984800,1209,1237,1192,1192,3300
1642985400,1191,1192,1175,1175,2500
1642986000,1188,1190,1168,1168,3100
1642986600,1162,1165,1158,1160,2800
1642987200,1160,1162,1150,1162,3900
1642987800,1162,1182,1162,1182,3200
1642988400,1182,1190,1179,1190,1600
1642989000,1190,1190,1155,1171,2900
1642989600,1166,1169,1156,1156,1400
1642990200,1167,1167,1155,1158,900
1642990800,1158,1163,1158,1163,300
1642995000,1163,1164,1155,1155,4200
1642995600,1155,1159,1128,1130,9900
1642996200,1138,1160,1128,1135,3200
1642996800,1150,1160,1142,1160,2600
1642997400,1159,1159,1159,1159,100
1642998000,1159,1160,1146,1146,600
1642998600,1142,1142,1122,1140,4000
1642999200,1139,1139,1114,1114,3300
1642999800,1115,1120,1104,1108,3700
1643000400,1108,1117,1105,1117,1000
1643001000,1112,1119,1111,1119,800
1643001600,1123,1130,1123,1130,1400
1643002200,1125,1125,1119,1119,1700
1643002800,1115,1122,1101,1110,3400
1643003400,1109,1166,1109,1124,9000
1643004000,1102,1102,1102,1102,4000
1643068800,1079,1079,1040,1041,10900
1643069400,1063,1065,1043,1043,1400
1643070000,1042,1062,1042,1051,2100
1643070600,1046,1046,1031,1038,1900
1643071200,1039,1039,1018,1020,3600
1643071800,1021,1035,1021,1035,500
1643072400,1036,1044,1036,1043,1200
1643073600,1040,1053,1040,1053,2200
1643074800,1053,1070,1045,1050,1700
1643075400,1048,1048,1031,1032,700
1643076000,1032,1032,1029,1029,900
1643077200,1030,1030,1028,1028,300
1643081400,1025,1037,1024,1034,2300
1643082000,1047,1051,1047,1051,300
1643082600,1030,1036,1027,1036,300
1643083200,1036,1036,1024,1034,1100
1643083800,1050,1050,1050,1050,100
1643084400,1060,1060,1059,1060,600
1643085000,1056,1056,1028,1050,1000
1643085600,1055,1055,1030,1030,300
1643086200,1030,1030,1028,1028,700
1643086800,1049,1061,1049,1059,700
1643087400,1059,1083,1052,1083,3100
1643088000,1085,1150,1085,1144,2200
1643088600,1143,1143,1061,1109,5300
1643089200,1110,1143,1092,1143,900
1643089800,1142,1142,1140,1140,300
1643090400,1110,1110,1110,1110,1600
1643155200,1140,1140,1110,1122,2500
1643155800,1122,1140,1118,1118,2100
1643156400,1120,1120,1120,1120,200
1643159400,1120,1120,1100,1100,2300
1643160000,1119,1120,1119,1120,200
1643160600,1120,1120,1120,1120,100
1643162400,1120,1120,1092,1092,900
1643163600,1115,1115,1115,1115,100
1643164200,1103,1103,1103,1103,100
1643167800,1103,1103,1103,1103,100
1643170800,1095,1095,1093,1093,200
1643171400,1091,1091,1090,1090,400
1643172600,1082,1082,1071,1071,300
1643173200,1089,1120,1089,1120,500
1643173800,1111,1112,1111,1111,600
1643174400,1111,1129,1111,1129,1000
1643175600,1106,1106,1071,1071,1800
1643176200,1097,1130,1097,1119,1300
1643176800,1118,1118,1118,1118,300
1643241600,1088,1126,1088,1126,1900
1643242200,1112,1112,1100,1100,1200
1643242800,1089,1100,1088,1100,900
1643243400,1073,1073,1040,1070,3400
1643244600,1070,1070,1070,1070,300
1643245200,1059,1068,1059,1065,400
1643245800,1065,1090,1065,1090,600
1643246400,1065,1065,1065,1065,100
1643248200,1062,1062,1050,1054,1300
1643248800,1051,1051,1038,1038,1500
1643249400,1040,1040,1040,1040,100
1643250000,1041,1048,1040,1048,400
1643254200,1026,1026,1025,1025,300
1643254800,1025,1040,1022,1040,1200
1643256000,1030,1045,1030,1045,200
1643256600,1045,1045,1045,1045,100
1643257200,1056,1080,1056,1080,500
1643260800,1050,1050,1048,1048,200
1643262000,1041,1100,1041,1100,1800
1643262600,1070,1070,1070,1070,100
1643328000,1065,1099,1065,1099,600
1643328600,1069,1069,1050,1050,1000
1643329200,1050,1050,1046,1046,200
1643329800,1044,1044,1042,1042,400
1643330400,1050,1050,1042,1042,300
1643332200,1043,1043,1035,1035,1100
1643332800,1052,1052,1052,1052,100
1643340600,1052,1052,1050,1050,600
1643341800,1050,1051,1050,1051,300
1643342400,1051,1051,1051,1051,100
1643343600,1050,1052,1050,1051,300
1643344200,1042,1042,1042,1042,100
1643344800,1051,1062,1051,1062,900
1643345400,1074,1080,1074,1080,600
1643346000,1075,1079,1075,1079,300
1643346600,1079,1095,1079,1095,1300
1643347200,1096,1100,1096,1098,500
1643347800,1101,1101,1101,1101,100
1643348400,1112,1119,1112,1119,1000
1643349000,1109,1109,1066,1082,2000
1643349600,1099,1099,1099,1099,200
1643587200,1069,1100,1069,1100,1400
1643589000,1080,1080,1052,1054,700
1643589600,1065,1065,1065,1065,100
1643590200,1056,1056,1056,1056,200
1643590800,1079,1089,1079,1089,200
1643599800,1089,1089,1089,1089,100
1643604000,1071,1071,1066,1066,300
1643605200,1066,1066,1066,1066,100
1643607600,1062,1070,1055,1070,500
1643608200,1080,1090,1080,1090,500
1643673600,1067,1090,1067,1090,1000
1643675400,1090,1090,1090,1090,100
1643676000,1089,1090,1089,1090,500
1643679000,1089,1089,1089,1089,100
1643679600,1090,1100,1090,1100,1600
1643680200,1071,1071,1071,1071,100
1643686800,1082,1100,1082,1100,200
1643689200,1100,1100,1100,1100,100
1643691000,1106,1106,1106,1106,100
1643691600,1106,1106,1106,1106,200
1643692200,1099,1099,1099,1099,100
1643693400,1106,1106,1106,1106,100
1643694000,1099,1110,1095,1108,1000
1643694600,1116,1116,1116,1116,100
1643695200,1126,1126,1126,1126,1100
1643760000,1126,1134,1121,1125,1000
1643761800,1127,1128,1117,1117,500
1643763600,1111,1111,1110,1110,200
1643767800,1107,1107,1107,1107,100
1643772600,1094,1094,1094,1094,300
1643776200,1117,1117,1117,1117,100
1643779800,1118,1119,1118,1119,200
1643780400,1125,1125,1125,1125,100
1643781600,1107,1107,1107,1107,100
1643864400,1110,1110,1110,1110,100
1643866200,1108,1108,1108,1108,100
1643867400,1101,1101,1100,1100,400
1643868000,1114,1114,1114,1114,100
1643932800,1103,1103,1103,1103,100
1643933400,1099,1099,1099,1099,100
1643934000,1076,1076,1076,1076,100
1643935200,1099,1099,1080,1080,400
1643945400,1080,1080,1080,1080,200
1643946000,1099,1099,1099,1099,100
1643950800,1081,1081,1081,1081,100
1643953200,1083,1083,1083,1083,100
1643954400,1081,1081,1081,1081,100
1644192000,1074,1074,1074,1074,100
1644196200,1075,1075,1074,1074,300
1644204600,1075,1075,1075,1075,100
1644207600,1085,1085,1085,1085,100
1644212400,1083,1083,1076,1076,200
1644213000,1090,1090,1069,1069,600
1644278400,1069,1069,1069,1069,100
1644281400,1080,1080,1080,1080,100
1644282000,1080,1082,1080,1082,300
1644283800,1082,1082,1082,1082,100
1644285000,1098,1099,1098,1099,200
1644291000,1072,1072,1068,1068,200
1644292200,1060,1060,1060,1060,100
1644292800,1060,1060,1057,1057,200
1644297600,1075,1075,1075,1075,100
1644299400,1060,1060,1054,1054,600
1644364800,1078,1078,1053,1078,800
1644365400,1078,1078,1078,1078,100
1644366000,1069,1070,1069,1070,300
1644369600,1075,1081,1075,1081,400
1644370200,1081,1087,1081,1087,300
1644370800,1088,1118,1088,1118,1300
1644371400,1119,1120,1119,1120,300
1644372000,1105,1119,1105,1119,200
1644372600,1120,1120,1120,1120,200
1644373200,1120,1120,1120,1120,100
1644377400,1180,1306,1180,1235,32100
1644378000,1236,1255,1161,1180,17300
1644378600,1195,1227,1156,1165,10500
1644379200,1170,1195,1170,1191,2700
1644379800,1173,1185,1140,1169,5000
1644380400,1167,1187,1156,1160,2100
1644381000,1160,1160,1160,1160,100
1644381600,1167,1181,1167,1181,400
1644382200,1179,1180,1170,1170,1200
1644382800,1170,1171,1170,1170,500
1644383400,1164,1166,1154,1166,400
1644384000,1166,1166,1160,1160,700
1644384600,1161,1161,1160,1160,300
1644385200,1168,1168,1148,1155,1300
1644385800,1160,1190,1158,1190,3400
1644386400,1155,1155,1155,1155,400
1644451200,1197,1253,1197,1252,5000
1644451800,1250,1274,1216,1250,3800
1644452400,1238,1238,1229,1229,500
1644453000,1218,1222,1218,1222,500
1644453600,1229,1234,1229,1234,400
1644454200,1222,1250,1220,1250,2200
1644454800,1218,1218,1218,1218,100
1644455400,1218,1218,1218,1218,200
1644456000,1236,1243,1234,1243,1100
1644456600,1240,1252,1240,1252,1200
1644457200,1245,1245,1245,1245,100
1644458400,1245,1248,1245,1248,400
1644459600,1229,1229,1229,1229,100
1644463800,1227,1227,1227,1227,700
1644464400,1226,1226,1226,1226,200
1644465000,1226,1237,1226,1237,400
1644465600,1237,1245,1237,1245,400
1644466800,1232,1232,1231,1231,200
1644468600,1239,1239,1239,1239,100
1644469800,1240,1240,1240,1240,100
1644471000,1241,1241,1240,1240,300
1644471600,1243,1244,1243,1244,200
1644472200,1243,1252,1243,1252,1900
1644472800,1254,1254,1254,1254,700
1644796800,1285,1292,1238,1279,3800
1644797400,1278,1278,1278,1278,100
1644798000,1276,1276,1253,1253,600
1644798600,1245,1284,1245,1284,1100
1644799200,1282,1282,1281,1281,200
1644800400,1281,1281,1251,1255,2300
1644801600,1251,1251,1251,1251,200
1644802200,1253,1253,1253,1253,100
1644802800,1260,1260,1260,1260,100
1644803400,1269,1269,1269,1269,700
1644804000,1251,1251,1251,1251,100
1644804600,1265,1265,1249,1249,400
1644805200,1249,1249,1241,1241,1400
1644809400,1232,1235,1232,1235,500
1644810000,1231,1231,1230,1230,300
1644811200,1230,1230,1218,1218,900
1644811800,1220,1231,1220,1231,400
1644814200,1222,1222,1222,1222,100
1644814800,1221,1221,1221,1221,100
1644815400,1233,1234,1233,1234,200
1644817200,1223,1223,1220,1220,400
1644817800,1235,1260,1235,1260,200
1644818400,1270,1270,1270,1270,200
1644883200,1216,1216,1211,1211,400
1644883800,1212,1212,1211,1211,200
1644884400,1216,1216,1212,1212,400
1644885600,1213,1229,1213,1229,300
1644886800,1233,1233,1233,1233,100
1644889200,1229,1229,1229,1229,100
1644889800,1220,1220,1220,1220,100
1644895800,1216,1216,1216,1216,100
1644898800,1214,1214,1214,1214,100
1644901800,1216,1216,1216,1216,100
1644902400,1213,1213,1190,1190,1800
1644903000,1196,1220,1196,1220,700
1644903600,1238,1238,1238,1238,200
1644904200,1208,1208,1206,1206,200
1644904800,1237,1237,1237,1237,700
1644970800,1235,1235,1219,1219,400
1644972000,1234,1258,1234,1257,800
1644972600,1239,1245,1239,1245,300
1644974400,1243,1243,1243,1243,1000
1644977400,1247,1247,1247,1247,100
1644982800,1247,1247,1247,1247,300
1644983400,1236,1236,1183,1193,3000
1644986400,1207,1207,1207,1207,300
1644988800,1237,1237,1213,1214,400
1644989400,1208,1208,1207,1207,200
1644990000,1201,1203,1201,1203,200
1644991200,1225,1225,1225,1225,100
1645057800,1252,1252,1252,1252,200
1645058400,1250,1253,1248,1253,800
1645060200,1232,1232,1232,1232,200
1645155600,1221,1221,1221,1221,100
1645158000,1202,1202,1199,1199,400
1645159200,1190,1190,1190,1190,200
1645161600,1189,1189,1189,1189,100
1645162200,1168,1212,1168,1193,700
1645162800,1210,1219,1210,1219,200
1645401600,1192,1251,1192,1241,11500
1645402200,1211,1280,1211,1280,1700
1645402800,1270,1289,1269,1289,1400
1645403400,1287,1287,1280,1286,1300
1645405200,1276,1276,1216,1216,400
1645406400,1230,1230,1230,1230,200
1645408800,1210,1210,1210,1210,300
1645410000,1240,1240,1240,1240,100
1645414200,1250,1250,1250,1250,400
1645419000,1220,1250,1220,1250,300
1645420800,1250,1260,1250,1260,400
1645422600,1260,1260,1260,1260,200
1645488000,1250,1265,1250,1265,300
1645488600,1235,1265,1235,1265,200
1645489200,1288,1293,1288,1293,300
1645489800,1293,1293,1293,1293,100
1645490400,1263,1290,1263,1290,300
1645500600,1260,1261,1252,1252,300
1645504800,1259,1259,1258,1258,200
1645506600,1257,1257,1250,1251,700
1645507200,1251,1264,1251,1253,300
1645508400,1253,1253,1253,1253,100
1645509000,1249,1280,1246,1274,800
1645660800,1244,1250,1244,1250,300
1645662000,1238,1238,1236,1236,200
1645663200,1208,1208,1208,1208,200
1645663800,1208,1208,1208,1208,200
1645664400,1232,1232,1210,1210,200
1645665000,1211,1211,1200,1200,2600
1645665600,1200,1201,1199,1200,400
1645666200,1203,1203,1201,1201,400
1645666800,1206,1206,1206,1206,100
1645668000,1206,1206,1206,1206,100
1645673400,1206,1206,1185,1185,600
1645674000,1190,1190,1190,1190,100
1645674600,1195,1195,1195,1195,100
1645675800,1184,1184,1184,1184,100
1645676400,1184,1197,1184,1196,300
1645677000,1184,1196,1181,1196,800
1645678200,1194,1194,1194,1194,100
1645678800,1197,1197,1197,1197,200
1645680000,1197,1198,1197,1198,200
1645680600,1196,1200,1196,1200,1200
1645681200,1205,1240,1205,1210,1300
1645681800,1240,1240,1240,1240,200
1645682400,1249,1249,1249,1249,300
1645747200,1202,1230,1198,1198,2400
1645747800,1200,1228,1198,1228,300
1645749000,1216,1216,1216,1216,100
1645752600,1200,1200,1183,1185,1700
1645753800,1197,1197,1197,1197,200
1645759800,1193,1193,1185,1185,200
1645761000,1185,1185,1185,1185,800
1645762800,1175,1175,1175,1175,100
1645763400,1171,1171,1171,1171,100
1645764600,1172,1186,1172,1186,200
1645766400,1186,1186,1186,1186,100
1645767000,1189,1189,1189,1189,100
1645767600,1189,1197,1189,1197,900
1645768200,1180,1189,1180,1189,200
1645768800,1179,1179,1179,1179,100
1646006400,1154,1205,1154,1205,600
1646008800,1178,1178,1178,1178,200
1646009400,1175,1175,1162,1162,300
1646010000,1192,1192,1192,1192,200
1646011200,1192,1195,1192,1195,200
1646026200,1183,1183,1183,1183,100
1646027400,1179,1181,1173,1181,600
1646092800,1121,1151,1121,1133,12900
1646093400,1125,1125,1124,1124,400
1646094000,1124,1131,1124,1131,900
1646094600,1131,1139,1124,1124,800
1646095200,1131,1150,1131,1150,900
1646096400,1133,1179,1131,1179,1400
1646098800,1180,1180,1180,1180,100
1646100600,1180,1180,1180,1180,100
1646106000,1171,1171,1171,1171,200
1646106600,1182,1182,1182,1182,100
1646107200,1180,1180,1180,1180,300
1646107800,1180,1185,1176,1185,600
1646109600,1175,1175,1175,1175,100
1646112000,1175,1175,1175,1175,100
1646112600,1173,1173,1170,1170,500
1646113800,1170,1170,1168,1168,200
1646179200,1138,1155,1138,1155,2100
1646181000,1165,1168,1165,1167,500
1646181600,1150,1150,1133,1133,400
1646182200,1141,1141,1141,1141,100
1646183400,1149,1149,1149,1149,100
1646186400,1144,1144,1134,1134,600
1646187000,1139,1195,1139,1195,500
1646196600,1190,1190,1180,1190,400
1646200200,1165,1165,1165,1165,100
1646265600,1143,1163,1143,1163,700
1646268000,1152,1152,1152,1152,100
1646286000,1165,1193,1165,1193,300
1646352000,1191,1191,1191,1191,300
1646353800,1146,1146,1140,1145,1300
1646354400,1126,1126,1126,1126,100
1646355000,1132,1132,1123,1123,600
1646358000,1130,1130,1129,1129,200
1646358600,1126,1126,1120,1120,1000
1646359800,1115,1115,1096,1106,4100
1646360400,1117,1125,1117,1121,700
1646364600,1121,1121,1121,1121,500
1646365800,1126,1126,1126,1126,100
1646366400,1130,1130,1130,1130,100
1646367000,1120,1120,1120,1120,100
1646368200,1130,1136,1130,1136,300
1646368800,1125,1139,1125,1139,500
1646369400,1139,1139,1139,1139,200
1646370600,1138,1138,1138,1138,100
1646371800,1127,1127,1127,1127,200
1646372400,1138,1173,1138,1173,1600
1646373000,1147,1152,1147,1152,200
1646373600,1166,1166,1166,1166,100
1646611200,1114,1140,1114,1140,2500
1646612400,1141,1147,1140,1140,1100
1646613000,1141,1141,1140,1140,400
1646615400,1110,1110,1110,1110,200
1646619600,1110,1110,1071,1081,1100
1646620200,1097,1097,1097,1097,100
1646623800,1071,1101,1069,1099,3000
1646624400,1102,1121,1102,1115,400
1646627400,1105,1105,1105,1105,100
1646629800,1107,1120,1070,1085,2500
1646631000,1090,1150,1090,1150,700
1646631600,1165,1175,1165,1175,200
1646697600,1100,1100,1100,1100,1400
1646698200,1085,1100,1074,1100,300
1646698800,1086,1091,1086,1087,1500
1646699400,1089,1089,1089,1089,100
1646700000,1090,1090,1090,1090,100
1646701200,1087,1087,1077,1081,700
1646701800,1082,1085,1082,1085,200
1646703000,1090,1090,1090,1090,500
1646706000,1080,1080,1075,1075,200
1646710200,1075,1094,1075,1094,600
1646713800,1080,1080,1075,1080,300
1646716200,1091,1100,1091,1100,1500
1646716800,1090,1100,1090,1100,1500
1646717400,1100,1132,1100,1132,1000
1646718000,1127,1164,1127,1164,700
1646719200,1104,1104,1104,1104,100
1646784000,1134,1134,1134,1134,400
1646785200,1095,1110,1095,1105,1200
1646787600,1095,1095,1095,1095,100
1646788200,1121,1125,1121,1125,900
1646788800,1124,1125,1124,1125,500
1646790600,1096,1096,1096,1096,100
1646791200,1110,1110,1110,1110,100
1646791800,1130,1130,1130,1130,100
1646797800,1132,1132,1132,1132,100
1646805600,1103,1103,1103,1103,100
1646870400,1133,1133,1133,1133,100
1646874600,1133,1133,1133,1133,100
1646878200,1130,1130,1130,1130,100
1646890200,1134,1134,1134,1134,200
1646891400,1139,1139,1139,1139,100
1646956800,1130,1130,1130,1130,200
1646961600,1118,1118,1077,1101,1200
1646974800,1080,1089,1080,1089,900
1646977800,1090,1090,1090,1090,100
1646978400,1095,1095,1095,1095,100
1647216000,1095,1125,1095,1125,700
1647222000,1104,1104,1104,1104,100
1647223200,1094,1094,1075,1089,900
1647231000,1089,1089,1089,1089,200
1647235800,1119,1119,1110,1110,300
1647237600,1106,1106,1106,1106,100
1647304200,1082,1091,1082,1086,400
1647304800,1116,1116,1116,1116,100
1647319800,1116,1116,1116,1116,100
1647320400,1117,1117,1117,1117,100
1647388800,1147,1150,1147,1150,400
1647391200,1180,1180,1180,1180,100
1647405600,1186,1186,1186,1186,300
1647409200,1185,1186,1185,1186,500
1647409800,1156,1156,1156,1156,200
1647480600,1126,1126,1126,1126,200
1647481800,1156,1156,1156,1156,100
1647482400,1126,1126,1100,1116,1300
1647491400,1146,1146,1146,1146,100
1647493200,1123,1123,1123,1123,100
1647496200,1132,1132,1132,1132,100
1647561600,1132,1132,1132,1132,200
1647568800,1132,1132,1132,1132,100
1647578400,1122,1122,1122,1122,200
1647907800,1242,1284,1181,1270,8100
1647908400,1248,1270,1240,1240,500
1647909000,1235,1249,1235,1237,300
1647909600,1237,1237,1237,1237,100
1647910200,1237,1237,1237,1237,200
1647910800,1250,1250,1233,1233,700
1647911400,1234,1247,1232,1232,600
1647912000,1245,1250,1245,1250,200
1647912600,1241,1241,1202,1202,2400
1647915600,1209,1209,1203,1203,1000
1647916200,1218,1218,1218,1218,100
1647920400,1218,1226,1218,1226,400
1647921600,1225,1225,1225,1225,100
1647922800,1216,1216,1216,1216,200
1647924600,1215,1216,1215,1216,300
1647927000,1215,1215,1215,1215,100
1647927600,1214,1214,1214,1214,100
1647928200,1218,1219,1208,1208,1200
1647928800,1219,1219,1219,1219,100
1647993600,1189,1195,1189,1195,500
1647994200,1183,1200,1183,1200,400
1647995400,1199,1207,1199,1207,300
1647997200,1177,1179,1172,1172,700
1647997800,1178,1178,1172,1172,400
1647998400,1167,1194,1167,1194,400
1647999000,1188,1188,1188,1188,100
1648000200,1176,1176,1175,1175,500
1648001400,1176,1176,1165,1165,800
1648002000,1179,1179,1179,1179,200
1648009200,1177,1177,1177,1177,200
1648014600,1177,1177,1177,1177,200
1648080000,1154,1154,1154,1154,1700
1648081800,1177,1177,1177,1177,100
1648086600,1172,1177,1172,1177,200
1648088400,1160,1160,1160,1160,100
1648096800,1179,1183,1179,1183,300
1648101000,1162,1162,1162,1162,100
1648166400,1162,1162,1162,1162,1000
1648168200,1135,1135,1135,1135,100
1648169400,1165,1165,1165,1165,100
1648171200,1165,1165,1165,1165,500
1648173600,1170,1170,1170,1170,100
1648179600,1160,1160,1160,1160,100
1648184400,1182,1182,1182,1182,100
1648185600,1187,1200,1186,1195,800
1648425600,1195,1195,1190,1190,1400
1648445400,1190,1190,1190,1190,300
1648446000,1188,1188,1188,1188,100
1648512000,1128,1161,1128,1161,2000
1648513800,1151,1174,1151,1174,200
1648517400,1153,1153,1153,1153,100
1648518600,1149,1149,1149,1149,100
1648529400,1128,1175,1128,1175,1700
1648598400,1130,1160,1130,1160,1300
1648603200,1138,1138,1138,1138,100
1648614000,1141,1141,1141,1141,100
1648620000,1141,1141,1141,1141,100
1648686600,1140,1159,1140,1159,500
1648785600,1140,1140,1140,1140,100
1648789200,1141,1141,1141,1141,100
1648792200,1148,1148,1148,1148,100
1649030400,1160,1160,1160,1160,100
1649031000,1190,1194,1190,1194,200
1649116800,1170,1170,1170,1170,100
1649118000,1167,1167,1165,1165,200
1649123400,1174,1174,1174,1174,200
1649292000,1165,1165,1165,1165,300
1649294400,1145,1145,1145,1145,100
1649296200,1144,1144,1144,1144,100
1649308800,1134,1134,1134,1134,100
1649310600,1133,1133,1133,1133,100
1649378400,1123,1123,1123,1123,100
1649379600,1123,1123,1123,1123,100
1649383200,1138,1143,1138,1143,200
1649383800,1144,1144,1144,1144,100
1649640600,1126,1126,1114,1114,300
1649641200,1102,1102,1100,1100,700
1649642400,1115,1115,1115,1115,100
1649647800,1115,1115,1115,1115,100
1649649600,1126,1127,1126,1127,200
1649653200,1143,1143,1143,1143,100
1649655600,1140,1140,1140,1140,100
1649721600,1118,1118,1118,1118,100
1649734200,1118,1118,1118,1118,100
1649734800,1106,1106,1100,1100,400
1649736000,1110,1110,1110,1110,100
1649739000,1100,1100,1100,1100,100
1649742600,1100,1100,1100,1100,100
1649808000,1090,1090,1090,1090,100
1649809200,1087,1113,1087,1113,400
1649809800,1101,1131,1101,1131,400
1649895600,1130,1130,1130,1130,100
1649910000,1100,1100,1100,1100,500
1649910600,1100,1100,1100,1100,100
1649911800,1105,1105,1105,1105,100
1649913000,1128,1128,1128,1128,100
1649984400,1127,1127,1127,1127,100
1650240000,1100,1100,1100,1100,100
1650240600,1097,1097,1097,1097,200
1650241200,1097,1103,1097,1103,400
1650241800,1095,1095,1095,1095,100
1650244200,1097,1097,1097,1097,100
1650244800,1096,1096,1096,1096,100
1650245400,1103,1121,1103,1121,200
1650247200,1121,1122,1121,1122,400
1650256800,1096,1096,1096,1096,100
1650258000,1124,1124,1124,1124,100
1650326400,1103,1103,1103,1103,100
1650330000,1101,1101,1096,1096,300
1650331200,1101,1101,1101,1101,100
1650334800,1100,1100,1100,1100,1000
1650340200,1126,1126,1126,1126,400
1650342600,1101,1101,1101,1101,100
1650344400,1121,1121,1121,1121,100
1650346200,1105,1105,1105,1105,100
1650346800,1104,1104,1104,1104,100
1650347400,1104,1104,1104,1104,400
1650412800,1100,1100,1100,1100,100
1650413400,1100,1100,1100,1100,100
1650414600,1109,1123,1109,1123,200
1650421200,1103,1103,1100,1100,500
1650427200,1106,1106,1106,1106,100
1650427800,1100,1100,1100,1100,300
1650501000,1087,1087,1080,1085,800
1650501600,1098,1098,1098,1098,100
1650503400,1099,1101,1099,1101,300
1650504000,1118,1118,1118,1118,100
1650504600,1101,1101,1101,1101,300
1650505800,1102,1102,1098,1098,1100
1650517200,1100,1100,1090,1090,400
1650519000,1099,1099,1088,1088,200
1650519600,1097,1098,1097,1098,200
1650520200,1098,1098,1088,1088,400
1650585600,1101,1120,1084,1084,800
1650586200,1105,1105,1105,1105,100
1650589800,1080,1080,1079,1079,200
1650601800,1094,1094,1094,1094,200
1650602400,1090,1090,1090,1090,100
1650606000,1090,1101,1090,1101,500
1650850200,1131,1131,1131,1131,100
1650862200,1101,1101,1101,1101,100
1650864000,1090,1090,1090,1090,100
1650866400,1096,1096,1096,1096,100
1650931200,1066,1102,1066,1102,1800
1650931800,1100,1100,1100,1100,100
1650934200,1102,1177,1102,1177,1000
1650934800,1194,1194,1194,1194,500
1650935400,1134,1164,1134,1164,200
1650936600,1150,1150,1150,1150,100
1650939000,1121,1121,1120,1120,1200
1650939600,1120,1120,1092,1092,1600
1650948000,1119,1119,1119,1119,400
1650952200,1096,1096,1096,1096,100
1651104000,1120,1120,1120,1120,3100
1651105200,1120,1120,1120,1120,100
1651107000,1120,1120,1120,1120,100
1651116600,1120,1120,1120,1120,1900
1651120200,1100,1100,1100,1100,200
1651449600,1100,1100,1100,1100,9300
1651452000,1125,1125,1125,1125,100
1651452600,1118,1118,1100,1100,300
1651462200,1100,1100,1100,1100,100
1651466400,1097,1097,1095,1095,400
1651469400,1095,1095,1071,1071,1000
1651470600,1085,1085,1085,1085,100
1651471200,1098,1098,1098,1098,100
1651795200,1074,1099,1074,1099,2000
1651798200,1099,1099,1099,1099,100
1651798800,1100,1121,1100,1121,1100
1651810800,1121,1121,1121,1121,200
1651815600,1105,1105,1105,1105,100
1652054400,1117,1117,1117,1117,200
1652055000,1117,1117,1117,1117,400
1652073600,1092,1092,1092,1092,100
1652140800,1092,1092,1092,1092,100
1652141400,1090,1090,1090,1090,1000
1652143200,1090,1090,1090,1090,1500
1652146200,1090,1090,1090,1090,500
1652160600,1085,1095,1085,1095,2600
1652161800,1097,1099,1084,1084,900
1652227200,1085,1088,1081,1088,400
1652228400,1109,1109,1109,1109,200
1652229000,1100,1100,1100,1100,400
1652229600,1100,1100,1093,1093,300
1652235000,1100,1100,1100,1100,200
1652235600,1100,1100,1100,1100,200
1652239800,1103,1103,1103,1103,300
1652245200,1104,1105,1104,1105,500
1652245800,1105,1105,1105,1105,300
1652246400,1095,1095,1095,1095,300
1652313600,1095,1095,1095,1095,100
1652314200,1098,1098,1098,1098,100
1652314800,1100,1100,1100,1100,1500
1652316600,1106,1106,1106,1106,200
1652317800,1106,1110,1106,1108,1000
1652318400,1105,1108,1091,1091,500
1652319000,1102,1104,1102,1104,1800
1652326200,1101,1101,1101,1101,100
1652334600,1102,1102,1102,1102,100
1652335200,1108,1108,1108,1108,200
1652400000,1114,1114,1100,1100,1000
1652400600,1110,1110,1110,1110,200
1652401200,1094,1094,1090,1090,400
1652403000,1091,1091,1071,1085,1400
1652403600,1092,1100,1092,1099,500
1652404200,1099,1110,1099,1110,400
1652404800,1107,1107,1107,1107,100
1652406000,1108,1108,1108,1108,100
1652412600,1109,1113,1109,1113,800
1652416200,1099,1099,1091,1091,300
1652417400,1108,1108,1108,1108,100
1652418600,1112,1115,1112,1115,600
1652419200,1104,1104,1104,1104,100
1652659200,1104,1104,1104,1104,200
1652662800,1115,1115,1115,1115,300
1652664600,1118,1118,1118,1118,200
1652671800,1115,1115,1115,1115,100
1652679000,1115,1120,1115,1120,1000
1652745600,1123,1123,1123,1123,300
1652746800,1113,1113,1113,1113,200
1652748000,1112,1112,1112,1112,100
1652767200,1141,1141,1141,1141,100
1652832000,1142,1142,1142,1142,3500
1652832600,1144,1144,1144,1144,300
1652833200,1141,1141,1141,1141,100
1652833800,1140,1140,1113,1113,1200
1652834400,1113,1113,1113,1113,100
1652835000,1115,1123,1115,1123,600
1652836200,1120,1120,1110,1110,400
1652918400,1110,1110,1109,1110,300
1652919600,1115,1115,1115,1115,100
1652921400,1117,1117,1117,1117,100
1652923200,1111,1120,1111,1120,300
1652925000,1110,1110,1107,1107,600
1652938800,1115,1115,1115,1115,100
1652940000,1120,1120,1120,1120,300
1653004800,1128,1128,1126,1128,500
1653005400,1122,1123,1100,1100,2200
1653009000,1102,1102,1090,1090,1100
1653009600,1090,1090,1085,1085,400
1653011400,1092,1101,1092,1101,700
1653013200,1114,1115,1114,1115,300
1653022800,1102,1102,1102,1102,300
1653024600,1101,1101,1101,1101,100
1653025800,1110,1110,1110,1110,100
1653026400,1114,1114,1114,1114,300
1653264000,1126,1126,1126,1126,200
1653268800,1122,1123,1122,1123,200
1653271200,1123,1125,1123,1125,300
1653276600,1125,1125,1125,1125,300
1653278400,1125,1125,1125,1125,100
1653279600,1126,1126,1101,1102,800
1653280200,1109,1109,1109,1109,100
1653280800,1107,1107,1100,1100,800
1653283200,1107,1107,1100,1100,400
1653284400,1114,1114,1114,1114,100
1653350400,1096,1121,1096,1118,500
1653351000,1118,1118,1110,1110,300
1653352800,1115,1115,1115,1115,100
1653357000,1101,1101,1101,1101,200
1653364800,1099,1099,1099,1099,100
1653367800,1100,1100,1099,1099,400
1653369000,1101,1101,1101,1101,100
1653436800,1101,1115,1087,1115,2000
1653437400,1100,1100,1100,1100,100
1653438000,1100,1100,1100,1100,100
1653525000,1090,1090,1090,1090,400
1653538800,1110,1110,1110,1110,100
1653539400,1108,1108,1108,1108,200
1653609600,1112,1112,1093,1100,300
1653624600,1091,1100,1091,1100,1400
1653626400,1088,1088,1088,1088,100
1653629400,1110,1110,1110,1110,100
1653630000,1091,1091,1091,1091,100
1653630600,1111,1111,1111,1111,100
1653868800,1111,1150,1111,1142,7400
1653871200,1119,1119,1119,1119,100
1653872400,1129,1145,1129,1145,500
1653873600,1139,1172,1139,1172,1000
1653875400,1130,1130,1129,1129,2000
1653876600,1129,1129,1125,1125,900
1653881400,1125,1125,1125,1125,100
1653882600,1123,1123,1081,1108,1400
1653883800,1110,1111,1110,1111,200
1653886200,1103,1103,1103,1103,100
1653889200,1112,1112,1112,1112,100
1653958800,1130,1130,1130,1130,1000
1653962400,1101,1101,1100,1100,400
1653963000,1101,1101,1101,1101,600
1653963600,1117,1117,1117,1117,100
1653967800,1126,1126,1126,1126,1000
1653968400,1114,1114,1114,1114,100
1653970200,1121,1121,1121,1121,100
1653971400,1123,1139,1123,1139,1000
1653973200,1147,1147,1144,1145,1300
1654041600,1160,1160,1155,1155,1100
1654042200,1143,1143,1142,1142,200
1654042800,1158,1188,1154,1168,1200
1654128000,1138,1138,1138,1138,200
1654128600,1138,1138,1138,1138,100
1654130400,1138,1198,1138,1198,2100
1654131000,1176,1200,1176,1200,400
1654135200,1138,1144,1138,1140,1500
1654149000,1144,1144,1144,1144,100
1654149600,1144,1144,1144,1144,100
1654214400,1170,1170,1160,1160,1600
1654219800,1143,1143,1143,1143,100
1654473600,1116,1146,1116,1146,800
1654474200,1162,1168,1162,1168,300
1654476600,1138,1138,1138,1138,200
1654477200,1150,1150,1150,1150,100
1654477800,1134,1134,1134,1134,100
1654486200,1136,1140,1136,1140,200
1654494600,1148,1148,1148,1148,100
1654560000,1148,1157,1148,1157,2100
1654561200,1157,1160,1156,1160,1100
1654566600,1161,1179,1161,1179,600
1654572600,1152,1179,1152,1179,200
1654573800,1179,1179,1179,1179,200
1654578000,1149,1178,1149,1178,300
1654581600,1155,1155,1155,1155,100
1654646400,1155,1155,1155,1155,1000
1654647600,1161,1161,1161,1161,100
1654648800,1161,1161,1161,1161,100
1654649400,1175,1175,1175,1175,100
1654653600,1178,1178,1178,1178,400
1654660200,1176,1185,1176,1185,1200
1654663800,1185,1185,1185,1185,100
1654667400,1186,1186,1186,1186,100
1654732800,1162,1187,1162,1187,1100
1654734000,1188,1188,1188,1188,100
1654745400,1173,1173,1173,1173,100
1654747200,1173,1173,1160,1160,700
1654752600,1161,1179,1119,1171,1300
1654754400,1170,1170,1170,1170,200
1654819200,1189,1189,1178,1180,600
1654827600,1150,1158,1150,1158,300
1654831800,1170,1176,1170,1176,200
1654839600,1177,1178,1177,1178,200
1655078400,1148,1178,1143,1173,900
1655084400,1159,1159,1158,1158,800
1655085000,1157,1157,1144,1144,400
1655085600,1144,1144,1140,1140,600
1655086200,1141,1141,1141,1141,100
1655092200,1143,1143,1143,1143,100
1655094000,1150,1150,1150,1150,100
1655164800,1180,1180,1157,1157,200
1655166000,1135,1156,1135,1156,200
1655173200,1145,1150,1145,1150,200
1655251200,1126,1150,1126,1150,1900
1655263800,1150,1150,1150,1150,100
1655270400,1149,1193,1149,1193,2300
1655271000,1190,1201,1190,1201,2900
1655271600,1200,1260,1200,1260,3500
1655272200,1257,1258,1257,1258,200
1655272800,1259,1259,1259,1259,100
1655337600,1229,1260,1229,1260,4300
1655338200,1230,1266,1230,1266,2600
1655338800,1296,1330,1296,1300,600
1655339400,1300,1300,1270,1270,400
1655343000,1271,1271,1271,1271,100
1655353200,1270,1270,1268,1268,200
1655356800,1231,1231,1231,1231,100
1655357400,1231,1231,1231,1231,100
1655358000,1203,1260,1173,1260,1300
1655359200,1240,1240,1240,1240,200
1655424000,1210,1255,1210,1255,9000
1655424600,1250,1250,1250,1250,400
1655425800,1248,1250,1248,1250,200
1655428200,1220,1249,1220,1249,600
1655429400,1220,1220,1220,1220,100
1655430000,1243,1243,1243,1243,100
1655430600,1217,1217,1210,1210,500
1655432400,1210,1210,1210,1210,100
1655437200,1222,1222,1222,1222,100
1655443800,1226,1230,1226,1230,500
1655683200,1230,1230,1230,1230,1000
1655684400,1210,1210,1195,1195,800
1655689800,1181,1181,1173,1173,200
1655690400,1171,1171,1165,1165,300
1655698800,1165,1165,1165,1165,100
1655701800,1158,1158,1158,1158,300
1655703000,1178,1196,1178,1196,600
1655703600,1189,1211,1189,1211,800
1655704200,1211,1215,1208,1208,400
1655769600,1208,1222,1202,1222,1500
1655772600,1221,1221,1221,1221,200
1655776800,1218,1219,1218,1219,200
1655782200,1216,1222,1216,1222,600
1655782800,1220,1220,1220,1220,100
1655784600,1220,1220,1220,1220,100
1655856000,1190,1220,1190,1220,1100
1655859000,1215,1215,1215,1215,100
1655861400,1185,1185,1185,1185,100
1655862000,1215,1215,1215,1215,100
1655865000,1191,1191,1191,1191,300
1655868600,1219,1219,1219,1219,100
1655942400,1219,1250,1219,1250,2800
1655944200,1230,1230,1230,1230,100
1655960400,1201,1201,1201,1201,100
1655963400,1223,1223,1223,1223,100
1655964000,1230,1230,1230,1230,600
1656028800,1230,1250,1229,1250,3900
1656029400,1223,1230,1200,1230,2000
1656030600,1200,1200,1200,1200,100
1656031200,1201,1201,1201,1201,200
1656033000,1202,1202,1202,1202,100
1656049800,1198,1198,1191,1191,400
1656050400,1209,1209,1209,1209,500
1656288000,1237,1237,1237,1237,100
1656288600,1207,1224,1188,1188,1300
1656289200,1197,1209,1197,1209,300
1656291000,1197,1197,1197,1197,100
1656291600,1197,1197,1197,1197,100
1656292200,1197,1207,1197,1207,300
1656303600,1183,1183,1183,1183,100
1656304800,1192,1199,1192,1199,200
1656374400,1199,1199,1190,1190,1200
1656375000,1197,1197,1197,1197,300
1656375600,1191,1191,1191,1191,100
1656394800,1190,1190,1190,1190,100
1656395400,1192,1192,1192,1192,100
1656396000,1203,1203,1203,1203,500
1656460800,1213,1213,1213,1213,5800
1656463200,1197,1197,1197,1197,300
1656465600,1205,1205,1205,1205,100
1656469200,1190,1190,1190,1190,100
1656476400,1182,1182,1182,1182,100
1656477000,1188,1198,1188,1198,200
1656477600,1185,1185,1185,1185,300
1656480000,1190,1203,1190,1203,200
1656480600,1204,1204,1204,1204,100
1656481800,1204,1204,1204,1204,100
1656547200,1204,1204,1204,1204,700
1656549600,1199,1199,1198,1198,400
1656561600,1183,1183,1183,1183,100
1656562800,1179,1179,1179,1179,100
1656568200,1179,1190,1179,1190,500
1656633600,1197,1197,1197,1197,100
1656634200,1175,1175,1175,1175,100
1656635400,1180,1195,1180,1195,200
1656647400,1194,1194,1194,1194,100
1656655200,1177,1177,1177,1177,300
1656895200,1190,1190,1190,1190,200
1656897000,1198,1198,1198,1198,100
1656910200,1168,1171,1166,1166,700
1656910800,1161,1161,1161,1161,100
1656911400,1161,1161,1160,1160,200
1656912000,1190,1190,1190,1190,100
1656913200,1160,1160,1147,1147,300
1656913800,1158,1158,1158,1158,100
1656979200,1108,1150,1101,1145,8700
1656979800,1145,1147,1145,1147,1500
1656981000,1140,1140,1140,1140,100
1656981600,1133,1133,1133,1133,100
1656986400,1148,1156,1148,1156,500
1656998400,1136,1136,1136,1136,100
1656999000,1137,1158,1137,1158,200
1657000200,1158,1165,1158,1165,300
1657000800,1167,1167,1167,1167,100
1657085400,1190,1190,1190,1190,100
1657152600,1180,1180,1180,1180,200
1657157400,1184,1185,1184,1185,1000
1657158000,1185,1190,1185,1190,1400
1657164600,1189,1189,1186,1186,200
1657165200,1186,1186,1186,1186,300
1657165800,1189,1190,1189,1190,1800
1657168200,1190,1190,1190,1190,400
1657238400,1191,1191,1191,1191,600
1657242000,1190,1190,1190,1190,200
1657252800,1189,1200,1189,1200,11500
1657254600,1192,1192,1192,1192,400
1657497600,1196,1205,1195,1205,9300
1657498200,1204,1210,1204,1210,6500
1657498800,1210,1216,1210,1216,700
1657500000,1190,1219,1190,1219,1000
1657500600,1219,1230,1219,1230,8000
1657501200,1245,1245,1245,1245,5300
1657502400,1215,1215,1215,1215,100
1657503000,1244,1250,1244,1250,900
1657503600,1250,1250,1220,1220,800
1657504200,1248,1248,1190,1190,1900
1657504800,1198,1198,1198,1198,300
1657510200,1198,1198,1198,1198,10000
1657512000,1189,1189,1179,1179,500
1657513200,1178,1179,1178,1179,200
1657513800,1179,1179,1179,1179,100
1657516800,1189,1190,1189,1190,200
1657517400,1200,1210,1200,1210,300
1657518600,1191,1209,1191,1209,200
1657584000,1218,1230,1210,1216,23800
1657584600,1235,1235,1235,1235,100
1657596600,1228,1228,1207,1207,400
1657597800,1226,1226,1226,1226,100
1657605000,1225,1228,1225,1228,300
1657670400,1229,1229,1229,1229,200
1657671000,1222,1222,1200,1200,800
1657672200,1200,1200,1200,1200,300
1657676400,1190,1201,1181,1201,600
1657683000,1201,1201,1201,1201,200
1657685400,1208,1230,1208,1219,8800
1657686000,1228,1228,1228,1228,100
1657756800,1228,1228,1228,1228,700
1657758600,1198,1208,1198,1208,200
1657760400,1225,1227,1225,1227,300
1657763400,1225,1225,1225,1225,100
1657774200,1199,1199,1199,1199,200
1657775400,1215,1215,1215,1215,100
1657777800,1224,1229,1224,1229,900
1657843200,1229,1229,1228,1228,300
1657843800,1220,1220,1202,1202,2400
1657846200,1220,1220,1220,1220,100
1657848600,1202,1202,1201,1201,700
1657855800,1212,1219,1212,1219,300
1657856400,1219,1220,1219,1220,500
1657857000,1220,1222,1220,1222,200
1657857600,1221,1230,1219,1219,1500
1657858800,1220,1220,1200,1219,2000
1657864200,1217,1233,1217,1233,900
1658188800,1210,1225,1210,1225,700
1658189400,1214,1238,1214,1225,300
1658196600,1224,1225,1224,1225,500
1658201400,1225,1225,1225,1225,800
1658206800,1208,1208,1200,1200,1000
1658208000,1204,1204,1204,1204,100
1658208600,1210,1229,1210,1229,900
1658209200,1207,1207,1205,1205,200
1658209800,1202,1216,1201,1216,300
1658210400,1216,1216,1216,1216,100
1658275200,1216,1216,1216,1216,500
1658275800,1221,1221,1221,1221,100
1658277000,1204,1204,1204,1204,100
1658281800,1197,1197,1197,1197,100
1658289000,1191,1195,1191,1195,500
1658289600,1195,1220,1190,1220,1100
1658291400,1218,1219,1218,1219,400
1658293200,1209,1211,1209,1211,500
1658361600,1176,1200,1176,1200,2500
1658362200,1216,1223,1216,1223,200
1658362800,1217,1223,1217,1223,300
1658363400,1223,1223,1223,1223,100
1658365200,1204,1204,1204,1204,100
1658369400,1204,1204,1204,1204,100
1658375400,1219,1219,1219,1219,100
1658379000,1220,1223,1220,1223,500
1658382600,1203,1222,1203,1222,800
1658448000,1222,1225,1220,1225,12000
1658455800,1219,1219,1219,1219,200
1658463000,1217,1220,1217,1220,11400
1658463600,1219,1219,1219,1219,15900
1658464800,1220,1220,1220,1220,400
1658465400,1220,1225,1220,1225,3100
1658469000,1223,1223,1223,1223,100
1658707200,1193,1212,1193,1212,6700
1658709600,1200,1210,1200,1210,700
1658710200,1209,1235,1209,1235,7600
1658719800,1220,1220,1218,1218,16100
1658721600,1221,1230,1221,1230,600
1658722200,1208,1208,1208,1208,100
1658722800,1215,1232,1215,1232,200
1658728800,1233,1233,1233,1233,100
1658793600,1254,1254,1205,1205,1300
1658794800,1234,1235,1234,1235,4400
1658795400,1235,1235,1234,1234,500
1658797200,1234,1235,1234,1235,500
1658797800,1245,1245,1245,1245,200
1658798400,1246,1246,1246,1246,200
1658801400,1235,1235,1235,1235,100
1658802000,1246,1254,1246,1254,400
1658809800,1231,1233,1231,1231,400
1658812200,1237,1237,1237,1237,100
1658813400,1255,1256,1251,1251,700
1658880000,1229,1229,1229,1229,200
1658884200,1249,1249,1249,1249,100
1658885400,1249,1258,1249,1258,500
1658887200,1231,1231,1231,1231,100
1658893200,1231,1274,1231,1267,1000
1658894400,1237,1237,1237,1237,100
1658896800,1233,1233,1233,1233,100
1658897400,1241,1260,1241,1260,900
1658898000,1258,1261,1258,1260,700
1658900400,1262,1262,1262,1262,300
1658966400,1237,1237,1237,1237,1000
1658967000,1235,1262,1235,1262,400
1658972400,1257,1262,1257,1262,300
1658973600,1269,1280,1269,1280,1800
1658974200,1275,1275,1275,1275,300
1658974800,1275,1275,1275,1275,500
1658979000,1275,1281,1275,1281,300
1658979600,1281,1281,1281,1281,200
1658982600,1272,1284,1272,1284,200
1658983200,1280,1280,1280,1280,100
1658983800,1285,1285,1280,1280,400
1658985000,1279,1279,1279,1279,100
1658986200,1289,1290,1289,1290,400
1658986800,1291,1291,1291,1291,100
1658988000,1277,1277,1277,1277,100
1659052800,1277,1297,1277,1297,700
1659053400,1298,1299,1298,1299,800
1659054000,1315,1315,1302,1302,200
1659054600,1316,1350,1316,1345,2100
1659056400,1344,1344,1344,1344,600
1659066600,1320,1320,1320,1320,200
1659067800,1310,1329,1271,1318,500
1659068400,1312,1312,1312,1312,100
1659072000,1303,1312,1281,1312,1000
1659072600,1336,1337,1336,1337,300
1659073200,1337,1339,1337,1339,400
1659312000,1350,1350,1342,1342,300
1659315000,1312,1330,1300,1330,400
1659325800,1329,1329,1329,1329,100
1659326400,1329,1335,1329,1335,600
1659331800,1307,1340,1307,1340,800
1659332400,1336,1336,1336,1336,100
1659333000,1329,1329,1329,1329,100
1659333600,1313,1313,1313,1313,700
1659398400,1326,1343,1326,1343,900
1659399000,1350,1372,1342,1342,500
1659400200,1338,1338,1338,1338,500
1659402600,1341,1341,1340,1340,200
1659403200,1340,1340,1340,1340,100
1659404400,1342,1342,1342,1342,100
1659411000,1344,1344,1344,1344,100
1659411600,1343,1343,1343,1343,100
1659412200,1338,1338,1332,1332,200
1659412800,1326,1326,1326,1326,400
1659416400,1327,1327,1327,1327,200
1659418200,1328,1338,1328,1338,800
1659418800,1342,1342,1342,1342,200
1659419400,1324,1341,1324,1341,200
1659420000,1333,1333,1333,1333,100
1659484800,1350,1350,1350,1350,5300
1659488400,1328,1328,1328,1328,100
1659498600,1330,1340,1330,1340,3300
1659499200,1339,1340,1339,1340,400
1659500400,1342,1351,1342,1351,1500
1659501000,1350,1350,1350,1350,100
1659501600,1350,1350,1350,1350,300
1659503400,1351,1352,1351,1352,500
1659504600,1355,1355,1355,1355,100
1659505800,1355,1355,1355,1355,300
1659571200,1372,1375,1372,1375,600
1659576000,1369,1370,1369,1370,500
1659579000,1372,1373,1372,1373,5100
1659583800,1373,1373,1373,1373,1200
1659586800,1347,1347,1334,1334,200
1659588000,1364,1364,1364,1364,100
1659589200,1363,1370,1363,1370,3400
1659591600,1346,1371,1346,1371,500
1659592200,1369,1369,1369,1369,300
1659657600,1370,1376,1370,1376,1200
1659658800,1351,1351,1341,1346,500
1659660000,1341,1341,1341,1341,100
1659660600,1341,1341,1341,1341,100
1659665400,1357,1358,1357,1358,3100
1659666000,1356,1356,1356,1356,200
1659672000,1360,1360,1360,1360,900
1659673200,1359,1360,1359,1360,700
1659673800,1363,1364,1363,1364,5100
1659678600,1355,1355,1342,1342,500
1659679200,1335,1335,1335,1335,600
1659916800,1340,1340,1340,1340,300
1659917400,1346,1349,1346,1349,200
1659918600,1340,1340,1340,1340,100
1659919200,1340,1340,1340,1340,200
1659924000,1326,1326,1326,1326,100
1659929400,1324,1324,1324,1324,100
1659933000,1325,1325,1320,1321,1000
1659933600,1323,1323,1323,1323,100
1659934800,1322,1322,1322,1322,100
1659936000,1322,1322,1322,1322,100
1659936600,1320,1320,1320,1320,200
1660003200,1333,1333,1333,1333,300
1660005600,1316,1316,1316,1316,100
1660007400,1323,1323,1323,1323,400
1660011000,1307,1307,1301,1301,200
1660011600,1301,1329,1301,1329,200
1660089600,1304,1304,1304,1304,4000
1660091400,1302,1302,1302,1302,100
1660095000,1309,1309,1309,1309,100
1660098000,1306,1324,1306,1324,300
1660102800,1319,1325,1319,1325,1200
1660105800,1311,1311,1310,1310,400
1660108200,1310,1310,1310,1310,100
1660108800,1305,1305,1302,1302,400
1660110600,1312,1319,1312,1319,200
1660111200,1320,1320,1320,1320,200
1660262400,1290,1309,1290,1309,900
1660263600,1309,1325,1309,1325,1100
1660264200,1320,1320,1320,1320,500
1660264800,1296,1325,1296,1308,500
1660265400,1307,1325,1307,1324,600
1660269600,1321,1324,1298,1298,700
1660270800,1323,1323,1323,1323,100
1660276800,1302,1302,1302,1302,200
1660281600,1305,1305,1305,1305,300
1660282200,1300,1300,1300,1300,100
1660282800,1300,1300,1300,1300,400
1660283400,1304,1304,1304,1304,100
1660284000,1304,1304,1304,1304,100
1660521600,1284,1314,1284,1314,700
1660527600,1312,1312,1312,1312,100
1660530000,1313,1313,1313,1313,300
1660534200,1313,1313,1313,1313,100
1660542600,1310,1312,1310,1312,400
1660608000,1296,1296,1296,1296,800
1660611600,1293,1293,1290,1290,700
1660612200,1278,1278,1243,1262,4600
1660612800,1292,1301,1282,1291,5500
1660614600,1307,1307,1307,1307,100
1660615200,1307,1307,1307,1307,100
1660624200,1290,1290,1290,1290,100
1660627200,1291,1291,1291,1291,100
1660629600,1280,1280,1280,1280,100
1660694400,1297,1357,1296,1296,3500
1660695000,1292,1301,1292,1301,300
1660695600,1299,1303,1299,1303,3800
1660696200,1301,1301,1301,1301,100
1660696800,1301,1304,1301,1304,1300
1660697400,1305,1305,1304,1304,200
1660698000,1301,1301,1300,1300,300
1660702200,1303,1303,1303,1303,100
1660709400,1303,1303,1303,1303,600
1660710000,1303,1303,1302,1303,500
1660711800,1296,1296,1296,1296,100
1660712400,1296,1296,1290,1290,1200
1660714200,1287,1287,1280,1280,700
1660716000,1295,1295,1295,1295,200
1660780800,1281,1281,1280,1280,500
1660781400,1283,1283,1280,1281,800
1660782000,1281,1281,1281,1281,100
1660785600,1277,1280,1241,1280,4400
1660787400,1271,1281,1271,1281,800
1660788000,1280,1281,1280,1281,600
1660788600,1279,1300,1279,1300,1900
1660793400,1310,1310,1310,1310,100
1660794600,1309,1312,1309,1312,1000
1660867200,1296,1315,1296,1315,300
1660879800,1285,1285,1270,1270,400
1660880400,1300,1300,1300,1300,100
1660888800,1264,1264,1264,1264,200
1661126400,1294,1300,1275,1275,900
1661127000,1303,1308,1303,1305,300
1661128200,1300,1300,1300,1300,200
1661130600,1300,1308,1300,1308,700
1661132400,1300,1309,1300,1309,300
1661133600,1313,1320,1313,1320,3500
1661139000,1321,1322,1298,1298,900
1661139600,1296,1296,1296,1296,300
1661142600,1299,1299,1299,1299,200
1661144400,1300,1300,1298,1298,200
1661145600,1301,1301,1301,1301,200
1661146200,1312,1312,1312,1312,100
1661147400,1324,1324,1324,1324,100
1661212800,1319,1319,1319,1319,100
1661217600,1291,1291,1291,1291,100
1661218800,1292,1292,1292,1292,100
1661220000,1291,1291,1288,1288,200
1661220600,1287,1287,1280,1280,300
1661221200,1281,1296,1273,1296,800
1661225400,1296,1296,1296,1296,100
1661232000,1273,1273,1273,1273,100
1661232600,1286,1295,1286,1295,500
1661299800,1303,1303,1295,1295,200
1661303400,1294,1297,1277,1297,500
1661311800,1297,1298,1277,1277,1000
1661315400,1296,1303,1277,1303,600
1661317200,1296,1298,1286,1286,700
1661317800,1283,1283,1283,1283,100
1661319000,1281,1281,1280,1280,1700
1661319600,1280,1280,1280,1280,300
1661320200,1276,1276,1276,1276,100
1661391000,1290,1290,1252,1282,2300
1661391600,1285,1285,1285,1285,100
1661403000,1261,1262,1261,1262,300
1661405400,1275,1282,1275,1282,300
1661472600,1258,1267,1258,1267,400
1661473200,1291,1294,1291,1294,400
1661474400,1291,1292,1289,1292,600
1661475600,1272,1294,1272,1294,1300
1661476200,1293,1294,1275,1275,300
1661484600,1291,1291,1291,1291,100
1661490000,1283,1283,1282,1282,200
1661493000,1283,1294,1265,1294,1300
1661731200,1264,1264,1264,1264,1500
1661731800,1276,1276,1276,1276,100
1661732400,1276,1292,1276,1292,200
1661733600,1293,1300,1276,1300,500
1661734800,1296,1296,1292,1292,700
1661735400,1298,1298,1298,1298,100
1661736000,1294,1297,1290,1297,700
1661743800,1293,1293,1281,1281,600
1661748000,1295,1295,1291,1291,300
1661749200,1284,1284,1284,1284,100
1661749800,1284,1286,1284,1286,300
1661751600,1299,1299,1299,1299,100
1661752200,1295,1295,1295,1295,400
1661817600,1302,1302,1302,1302,100
1661832600,1295,1302,1271,1299,1500
1661833200,1301,1301,1301,1301,100
1661837400,1300,1302,1300,1302,500
1661904000,1272,1306,1272,1306,2800
1661990400,1304,1304,1304,1304,100
1661992200,1275,1275,1275,1275,100
1661993400,1301,1301,1301,1301,100
1662003600,1285,1285,1285,1285,100
1662004200,1285,1285,1279,1279,300
1662004800,1285,1285,1285,1285,100
1662005400,1285,1294,1279,1294,400
1662006600,1278,1278,1219,1220,5500
1662007200,1158,1183,1140,1158,25200
1662007800,1167,1188,1158,1188,8000
1662008400,1187,1255,1187,1255,10200
1662009600,1232,1232,1220,1220,200
1662010200,1220,1272,1220,1272,2800
1662010800,1282,1289,1282,1289,300
1662011400,1289,1297,1289,1297,1400
1662012000,1298,1298,1298,1298,400
1662076800,1268,1298,1268,1298,600
1662079200,1268,1268,1268,1268,100
1662079800,1296,1296,1296,1296,100
1662081000,1295,1295,1265,1295,300
1662082200,1296,1296,1266,1267,600
1662082800,1296,1296,1296,1296,100
1662094200,1290,1290,1281,1282,500
1662094800,1280,1280,1280,1280,500
1662096000,1270,1270,1270,1270,400
1662096600,1270,1270,1270,1270,100
1662336000,1243,1269,1243,1269,200
1662351600,1270,1270,1270,1270,600
1662353400,1269,1269,1269,1269,300
1662355200,1242,1242,1242,1242,100
1662355800,1269,1269,1269,1269,100
1662357000,1270,1273,1269,1273,700
1662357600,1273,1273,1273,1273,100
1662422400,1301,1301,1301,1301,100
1662423000,1301,1301,1301,1301,200
1662425400,1271,1271,1261,1261,300
1662426600,1291,1291,1291,1291,100
1662427200,1280,1280,1261,1261,300
1662427800,1280,1282,1280,1282,200
1662429600,1285,1290,1263,1271,1100
1662430800,1292,1292,1292,1292,100
1662436800,1274,1274,1273,1273,200
1662508800,1283,1283,1283,1283,100
1662510000,1280,1283,1253,1253,1000
1662510600,1283,1283,1255,1255,500
1662511200,1280,1280,1280,1280,100
1662515400,1280,1280,1280,1280,100
1662522000,1288,1288,1261,1288,700
1662522600,1280,1289,1262,1285,900
1662526800,1271,1296,1271,1296,300
1662529200,1271,1271,1271,1271,100
1662595200,1301,1301,1301,1301,100
1662595800,1308,1308,1308,1308,200
1662614400,1278,1290,1260,1290,400
1662684000,1280,1280,1280,1280,300
1662685800,1274,1274,1274,1274,100
1662687600,1278,1278,1278,1278,100
1662690000,1272,1272,1272,1272,100
1662695400,1271,1271,1271,1271,100
1662696000,1271,1280,1264,1264,600
1662696600,1290,1290,1290,1290,100
1662700800,1289,1289,1289,1289,200
1662701400,1289,1290,1287,1288,600
1662702000,1287,1303,1287,1303,600
1662702600,1301,1308,1299,1308,2200
1662940800,1298,1298,1298,1298,100
1662946200,1304,1304,1304,1304,100
1662948600,1280,1280,1274,1274,300
1662958200,1297,1302,1283,1302,600
1662958800,1302,1305,1292,1292,600
1662960600,1304,1310,1304,1310,600
1662961200,1310,1310,1310,1310,500
1662962400,1308,1308,1308,1308,100
1663027200,1315,1315,1315,1315,100
1663028400,1300,1300,1289,1289,200
1663039800,1299,1299,1291,1291,700
1663042200,1297,1297,1297,1297,100
1663047000,1308,1320,1308,1320,1900
1663048200,1292,1301,1292,1301,1100
1663118400,1271,1298,1271,1298,500
1663120200,1299,1300,1270,1300,2300
1663128000,1300,1300,1300,1300,100
1663131600,1275,1275,1275,1275,100
1663132800,1305,1305,1305,1305,100
1663200000,1321,1322,1299,1299,600
1663200600,1283,1296,1283,1296,500
1663207800,1303,1304,1303,1304,200
1663219200,1294,1294,1290,1291,700
1663286400,1284,1284,1284,1284,100
1663293000,1278,1278,1232,1250,3000
1663293600,1280,1280,1280,1280,100
1663302000,1295,1295,1295,1295,500
1663302600,1278,1278,1278,1278,100
1663303200,1262,1262,1262,1262,100
1663304400,1259,1272,1243,1243,600
1663305000,1273,1279,1243,1279,900
1663305600,1271,1271,1271,1271,100
1663632000,1296,1296,1270,1270,700
1663633200,1271,1271,1271,1271,100
1663648200,1271,1271,1271,1271,300
1663653000,1284,1284,1284,1284,100
1663718400,1271,1294,1271,1294,200
1663804800,1264,1274,1258,1274,4700
1663805400,1254,1254,1250,1250,200
1663806000,1245,1245,1245,1245,100
1663806600,1246,1246,1246,1246,200
1663807200,1257,1265,1257,1265,500
1663821600,1246,1246,1246,1246,100
1663822800,1253,1273,1253,1272,1100
1664150400,1261,1270,1261,1270,300
1664238000,1280,1280,1280,1280,500
1664245200,1270,1270,1270,1270,100
1664323200,1260,1260,1260,1260,500
1664323800,1265,1270,1265,1270,1200
1664324400,1271,1274,1271,1274,1000
1664325000,1272,1274,1272,1274,400
1664335800,1253,1253,1239,1240,2800
1664336400,1240,1240,1240,1240,500
1664337000,1238,1238,1238,1238,500
1664338800,1231,1231,1230,1230,600
1664340000,1230,1266,1222,1245,4800
1664340600,1245,1246,1245,1246,900
1664342400,1256,1267,1256,1267,900
1664409600,1267,1267,1267,1267,100
1664410800,1278,1278,1248,1248,600
1664411400,1248,1248,1241,1241,500
1664412000,1271,1271,1271,1271,400
1664496000,1241,1261,1241,1261,900
1664755200,1254,1261,1254,1261,500
1664756400,1261,1261,1261,1261,100
1664771400,1261,1261,1261,1261,200
1664776800,1251,1251,1251,1251,200
1664841600,1224,1278,1224,1278,500
1664846400,1251,1251,1222,1239,500
1664850000,1269,1269,1269,1269,100
1664854200,1269,1271,1269,1269,500
1664928000,1268,1268,1268,1268,100
1664940600,1241,1241,1241,1241,100
1664941200,1230,1230,1224,1224,300
1664941800,1237,1242,1237,1242,800
1664943000,1249,1260,1226,1226,1300
1664943600,1230,1245,1230,1245,400
1664949000,1233,1233,1233,1233,100
1665015000,1230,1247,1230,1247,600
1665018600,1219,1219,1215,1215,300
1665019800,1219,1241,1219,1241,200
1665100800,1211,1235,1200,1235,1600
1665101400,1217,1217,1217,1217,100
1665102600,1205,1206,1195,1195,500
1665113400,1203,1205,1203,1204,600
1665115200,1205,1225,1205,1225,200
1665115800,1223,1250,1223,1250,1000
1665116400,1250,1250,1250,1250,100
1665117600,1249,1250,1249,1250,300
1665446400,1249,1249,1249,1249,100
1665463800,1219,1219,1219,1219,100
1665465600,1246,1247,1246,1247,300
1665532800,1243,1252,1230,1230,1200
1665545400,1251,1251,1251,1251,100
1665552000,1232,1232,1214,1214,300
1665552600,1241,1252,1241,1252,300
1665619800,1271,1271,1271,1271,1000
1665706800,1250,1250,1250,1250,100
1665720000,1234,1234,1234,1234,100
1665720600,1234,1234,1210,1210,4200
1665721200,1220,1220,1220,1220,100
1665722400,1213,1215,1213,1215,1000
1665723000,1215,1215,1215,1215,100
1665723600,1215,1215,1215,1215,200
1665724200,1219,1241,1219,1241,1000
1665724800,1222,1222,1191,1191,800
1665725400,1191,1240,1191,1240,1400
1665726000,1216,1222,1215,1215,3900
1665726600,1215,1215,1214,1214,200
1665964800,1197,1235,1197,1207,700
1665965400,1207,1218,1207,1218,200
1665968400,1203,1203,1200,1200,1500
1665971400,1209,1209,1209,1209,100
1665972000,1210,1215,1210,1215,200
1665972600,1202,1202,1200,1200,500
1665980400,1200,1200,1199,1199,400
1665982800,1206,1206,1206,1206,100
1665984600,1199,1199,1199,1199,100
1665985200,1206,1230,1206,1220,900
1666051200,1220,1220,1220,1220,100
1666053600,1215,1215,1215,1215,100
1666054800,1214,1214,1214,1214,100
1666064400,1214,1216,1214,1216,200
1666067400,1220,1220,1220,1220,100
1666071000,1220,1220,1220,1220,300
1666137600,1220,1220,1220,1220,100
1666144200,1240,1240,1240,1240,200
1666151400,1239,1239,1239,1239,1000
1666224000,1220,1220,1220,1220,100
1666242600,1240,1240,1240,1240,500
1666312800,1214,1214,1214,1214,100
1666323600,1220,1220,1220,1220,300
1666327800,1235,1235,1235,1235,100
1666570200,1205,1207,1205,1207,300
1666570800,1227,1230,1227,1230,200
1666571400,1211,1231,1211,1231,200
1666575600,1231,1241,1231,1241,500
1666576800,1220,1220,1220,1220,100
1666584000,1236,1240,1236,1240,200
1666584600,1222,1222,1222,1222,100
1666585200,1239,1239,1239,1239,200
1666589400,1239,1243,1239,1243,900
1666657800,1218,1221,1218,1221,200
1666661400,1221,1221,1221,1221,300
1666668600,1222,1222,1222,1222,100
1666670400,1239,1239,1239,1239,100
1666677000,1224,1224,1224,1224,100
1666743600,1242,1242,1242,1242,500
1666829400,1219,1219,1219,1219,100
1666833000,1217,1217,1211,1211,300
1666835400,1217,1241,1217,1241,400
1666849800,1215,1215,1215,1215,100
1666915200,1215,1215,1215,1215,100
1666917600,1234,1250,1234,1250,1100
1667174400,1220,1220,1212,1214,1500
1667175000,1211,1211,1211,1211,100
1667187000,1205,1205,1205,1205,200
1667188200,1205,1219,1205,1219,300
1667188800,1220,1229,1211,1229,500
1667189400,1230,1235,1210,1210,400
1667190000,1236,1236,1236,1236,100
1667260800,1221,1238,1211,1228,1200
1667262000,1238,1249,1238,1249,700
1667264400,1223,1224,1220,1220,600
1667265000,1220,1220,1220,1220,200
1667268000,1231,1244,1231,1244,200
1667273400,1224,1224,1224,1224,300
1667274600,1239,1247,1239,1247,400
1667276400,1239,1239,1239,1239,100
1667277000,1226,1226,1226,1226,100
1667282400,1221,1221,1221,1221,100
1667347200,1213,1250,1213,1250,1300
1667347800,1220,1220,1220,1220,100
1667368200,1216,1230,1216,1230,200
1667526600,1220,1220,1220,1220,100
1667536200,1229,1229,1229,1229,100
1667538000,1209,1210,1200,1210,600
1667540400,1209,1240,1209,1240,800
1667779200,1218,1240,1218,1240,500
1667782200,1220,1220,1211,1211,500
1667785200,1219,1220,1219,1220,200
1667785800,1220,1220,1220,1220,100
1667786400,1220,1220,1220,1220,100
1667791800,1230,1235,1230,1235,700
1667866200,1240,1240,1240,1240,400
1667885400,1220,1220,1218,1218,200
1667886000,1230,1230,1217,1217,200
1667886600,1220,1229,1220,1229,200
1667952000,1250,1250,1226,1226,600
1667952600,1243,1247,1224,1224,400
1667958600,1241,1246,1241,1246,200
1667965800,1222,1222,1222,1222,100
1667969400,1240,1243,1220,1243,400
1668038400,1201,1210,1200,1207,6100
1668039000,1210,1219,1210,1219,200
1668039600,1220,1235,1220,1230,600
1668040200,1230,1235,1230,1235,600
1668041400,1231,1231,1231,1231,100
1668043200,1227,1240,1227,1240,400
1668043800,1241,1263,1241,1256,3000
1668044400,1256,1256,1242,1242,500
1668045000,1241,1241,1240,1240,300
1668047400,1228,1228,1228,1228,100
1668051000,1226,1245,1220,1245,800
1668054000,1227,1227,1227,1227,100
1668055200,1216,1216,1205,1205,800
1668055800,1220,1233,1220,1233,300
1668057600,1213,1213,1213,1213,100
1668058200,1240,1240,1240,1240,100
1668058800,1235,1247,1235,1247,1000
1668124800,1241,1247,1241,1241,1500
1668126000,1241,1249,1236,1236,5200
1668129600,1244,1250,1244,1250,300
1668130200,1240,1240,1240,1240,100
1668131400,1240,1240,1240,1240,100
1668137400,1240,1240,1240,1240,100
1668139800,1240,1242,1240,1242,300
1668140400,1236,1246,1230,1246,1100
1668143400,1244,1252,1244,1252,400
1668144000,1236,1260,1230,1260,1100
1668146400,1225,1225,1225,1225,100
1668384000,1224,1233,1220,1233,1200
1668385800,1210,1210,1210,1210,100
1668388200,1220,1220,1220,1220,100
1668388800,1229,1229,1229,1229,100
1668390000,1220,1220,1220,1220,200
1668397200,1212,1220,1211,1220,2200
1668399000,1224,1228,1224,1228,500
1668399600,1207,1207,1207,1207,100
1668401400,1218,1224,1218,1224,300
1668470400,1221,1221,1221,1221,100
1668474000,1224,1224,1224,1224,100
1668475200,1211,1211,1209,1209,200
1668475800,1219,1219,1219,1219,100
1668485400,1240,1240,1240,1240,400
1668486000,1242,1249,1242,1249,400
1668487800,1230,1230,1230,1230,100
1668488400,1232,1232,1232,1232,100
1668490200,1232,1232,1232,1232,100
1668556800,1219,1223,1219,1223,500
1668558000,1232,1240,1232,1240,200
1668574800,1219,1246,1219,1246,700
1668643200,1249,1249,1242,1242,900
1668643800,1222,1222,1219,1219,500
1668645000,1220,1220,1220,1220,200
1668647400,1220,1221,1220,1220,600
1668648000,1220,1220,1220,1220,100
1668649800,1221,1221,1221,1221,100
1668650400,1220,1220,1219,1219,300
1668662400,1228,1235,1219,1235,300
1668664800,1234,1234,1234,1234,200
1668729600,1224,1224,1224,1224,100
1668730200,1220,1222,1211,1211,800
1668731400,1219,1219,1219,1219,100
1668732000,1218,1218,1218,1218,100
1668738600,1214,1214,1214,1214,200
1668744000,1214,1232,1214,1232,200
1669003200,1229,1229,1229,1229,100
1669075800,1240,1240,1240,1240,400
1669077000,1237,1248,1237,1248,500
1669078200,1223,1223,1208,1215,1200
1669081800,1219,1219,1219,1219,100
1669083000,1220,1220,1220,1220,100
1669088400,1210,1210,1210,1210,500
1669094400,1220,1233,1220,1233,200
1669251600,1224,1225,1224,1225,300
1669260600,1225,1225,1225,1225,100
1669263600,1224,1224,1224,1224,100
1669266600,1224,1225,1224,1225,200
1669336200,1206,1206,1204,1204,700
1669336800,1207,1207,1207,1207,100
1669337400,1207,1207,1207,1207,100
1669347000,1214,1214,1214,1214,100
1669354200,1213,1224,1213,1224,400
1669595400,1224,1224,1224,1224,300
1669680000,1223,1223,1223,1223,3000
1669681200,1211,1211,1210,1210,200
1669683600,1206,1206,1200,1200,700
1669693200,1210,1210,1210,1210,100
1669698600,1210,1210,1210,1210,200
1669699800,1210,1210,1210,1210,200
1669701000,1201,1201,1201,1201,100
1669766400,1201,1201,1201,1201,1100
1669769400,1201,1201,1201,1201,100
1669780800,1205,1205,1205,1205,200
1669782000,1212,1212,1212,1212,100
1669782600,1203,1203,1203,1203,100
1669852800,1211,1211,1211,1211,100
1669869600,1196,1201,1196,1201,200
1669872000,1186,1186,1143,1143,2800
1669872600,1173,1209,1173,1191,700
1669873200,1195,1206,1195,1206,200
1669873800,1180,1207,1177,1207,800
1669939200,1207,1207,1207,1207,100
1669956600,1177,1177,1170,1170,1000
1669957200,1177,1200,1177,1200,800
1669959000,1200,1205,1200,1205,300
1669959600,1206,1207,1206,1207,200
1669960200,1200,1200,1200,1200,100
1670198400,1181,1181,1180,1180,5600
1670199600,1176,1193,1176,1193,700
1670200200,1198,1200,1198,1200,200
1670201400,1183,1183,1183,1183,200
1670203200,1181,1194,1181,1194,200
1670204400,1180,1180,1180,1180,100
1670205000,1193,1193,1193,1193,100
1670205600,1179,1179,1179,1179,100
1670206800,1184,1194,1184,1194,300
1670211000,1182,1182,1182,1182,100
1670211600,1192,1192,1192,1192,100
1670212800,1195,1195,1195,1195,300
1670213400,1183,1183,1183,1183,100
1670214000,1198,1200,1198,1200,14000
1670214600,1189,1189,1189,1189,100
1670215200,1195,1195,1195,1195,100
1670217600,1185,1195,1185,1195,200
1670219400,1196,1196,1196,1196,100
1670290200,1196,1196,1196,1196,100
1670298000,1199,1199,1199,1199,100
1670298600,1183,1183,1183,1183,100
1670299200,1182,1195,1182,1195,300
1670305800,1182,1190,1181,1190,300
1670371200,1195,1195,1195,1195,100
1670386800,1179,1179,1179,1179,100
1670387400,1189,1190,1189,1190,200
1670389200,1191,1195,1191,1195,200
1670389800,1196,1204,1196,1204,400
1670461200,1197,1197,1197,1197,100
1670465400,1198,1198,1198,1198,100
1670472000,1198,1198,1198,1198,100
1670547600,1188,1188,1188,1188,100
1670556600,1198,1200,1198,1200,200
1670557200,1192,1204,1190,1204,300
1670562000,1188,1188,1179,1179,300
1670562600,1176,1197,1176,1197,400
1670563800,1200,1200,1200,1200,100
1670820000,1185,1185,1185,1185,100
1670820600,1195,1200,1195,1200,400
1670822400,1206,1210,1199,1210,400
1670824200,1199,1199,1199,1199,100
1670893800,1185,1185,1185,1185,200
1670895600,1197,1205,1197,1205,1600
1670897400,1205,1210,1205,1210,1000
1670902200,1220,1220,1220,1220,100
1670903400,1199,1217,1199,1217,400
1670907600,1215,1220,1202,1220,1100
1670908200,1222,1222,1222,1222,100
1670908800,1223,1226,1223,1226,500
1670909400,1213,1228,1213,1228,500
1670910000,1230,1244,1228,1228,400
1670910600,1244,1244,1244,1244,100
1670976000,1243,1249,1243,1249,400
1670977800,1230,1230,1230,1230,100
1670981400,1230,1230,1230,1230,100
1670982600,1220,1220,1203,1209,600
1670988600,1231,1231,1231,1231,100
1670996400,1207,1207,1204,1204,1600
1671062400,1192,1210,1192,1210,5400
1671064800,1195,1195,1195,1195,100
1671067200,1195,1195,1195,1195,100
1671076800,1194,1194,1191,1191,300
1671148800,1161,1188,1150,1188,1200
1671149400,1173,1178,1156,1163,500
1671150000,1177,1180,1162,1162,300
1671152400,1179,1179,1179,1179,100
1671156600,1179,1179,1179,1179,200
1671164400,1170,1170,1158,1158,200
1671165000,1167,1190,1160,1160,600
1671165600,1189,1190,1156,1190,1100
1671169800,1182,1190,1181,1190,300
1671408600,1190,1190,1190,1190,100
1671409800,1161,1161,1161,1161,100
1671410400,1180,1180,1180,1180,100
1671411000,1184,1186,1184,1186,300
1671412200,1186,1186,1186,1186,100
1671413400,1170,1170,1170,1170,100
1671422400,1184,1184,1184,1184,100
1671423000,1184,1194,1184,1194,1200
1671424800,1195,1214,1194,1214,1200
1671425400,1232,1232,1232,1232,100
1671426000,1227,1227,1190,1190,200
1671426600,1215,1215,1215,1215,100
1671428400,1190,1191,1190,1191,200
1671429000,1211,1211,1211,1211,100
1671429600,1198,1198,1198,1198,100
1671494400,1178,1198,1178,1198,400
1671499800,1191,1191,1190,1190,200
1671501600,1210,1210,1210,1210,100
1671507000,1195,1195,1189,1189,200
1671508200,1197,1197,1197,1197,100
1671511200,1186,1186,1186,1186,100
1671513000,1192,1196,1191,1196,300
1671514200,1196,1208,1191,1208,500
1671515400,1189,1206,1185,1206,400
1671588600,1177,1177,1176,1176,200
1671593400,1176,1196,1176,1196,2400
1671601800,1180,1194,1180,1194,200
1671669000,1194,1200,1194,1200,200
1671680400,1180,1192,1180,1192,200
1671688200,1177,1190,1175,1175,300
1671753600,1175,1175,1175,1175,200
1671754800,1174,1174,1173,1173,200
1671760800,1167,1167,1167,1167,100
1671761400,1161,1189,1161,1189,300
1671774000,1189,1189,1189,1189,100
1671775200,1190,1190,1190,1190,200
1672012800,1168,1168,1165,1165,600
1672014000,1165,1165,1165,1165,100
1672014600,1175,1183,1175,1183,300
1672015200,1165,1165,1161,1161,500
1672015800,1172,1176,1172,1176,200
1672017000,1179,1179,1179,1179,100
1672025400,1180,1181,1164,1166,400
1672026600,1172,1180,1172,1180,300
1672031400,1164,1164,1164,1164,100
1672032600,1171,1172,1171,1172,200
1672034400,1172,1172,1172,1172,10400
1672099200,1167,1167,1167,1167,7700
1672101600,1163,1163,1152,1152,400
1672102200,1163,1180,1163,1180,300
1672102800,1183,1189,1183,1189,200
1672105200,1174,1174,1174,1174,100
1672111800,1161,1161,1161,1161,100
1672114800,1151,1157,1102,1148,1400
1672115400,1147,1157,1145,1157,1100
1672116000,1144,1173,1144,1170,700
1672117800,1170,1173,1170,1173,300
1672118400,1157,1157,1147,1150,600
1672119000,1165,1200,1152,1200,1500
1672119600,1196,1207,1196,1207,300
1672120200,1201,1204,1201,1204,200
1672120800,1204,1204,1204,1204,200
1672185600,1199,1199,1199,1199,100
1672189800,1169,1196,1169,1175,1400
1672190400,1175,1175,1175,1175,100
1672191000,1175,1175,1175,1175,100
1672192800,1175,1175,1175,1175,100
1672193400,1175,1175,1170,1170,200
1672194000,1175,1175,1175,1175,100
1672200600,1180,1180,1163,1165,15400
1672201200,1168,1180,1168,1180,400
1672202400,1164,1164,1164,1164,100
1672203000,1164,1193,1164,1193,800
1672204800,1165,1198,1165,1198,800
1672206600,1169,1169,1169,1169,100
1672207200,1184,1184,1184,1184,200
1672285200,1184,1184,1184,1184,100
1672288200,1175,1175,1175,1175,200
1672291200,1175,1175,1163,1172,400
1672291800,1175,1184,1175,1180,500
1672292400,1184,1184,1184,1184,100
1672293000,1184,1184,1184,1184,100
1672293600,1192,1192,1192,1192,300
1672378800,1170,1210,1170,1210,1100
1672380000,1214,1214,1214,1214,200
1672790400,1218,1218,1214,1214,200
1672792200,1214,1214,1194,1194,400
1672792800,1173,1173,1173,1173,100
1672795200,1173,1173,1173,1173,100
1672798800,1177,1178,1177,1178,200
1672803600,1180,1180,1180,1180,100
1672804200,1182,1182,1181,1181,400
1672804800,1181,1181,1181,1181,400
1672806000,1200,1200,1200,1200,100
1672812000,1203,1203,1203,1203,200
1672878000,1198,1198,1198,1198,100
1672879200,1192,1192,1192,1192,100
1672880400,1184,1184,1184,1184,100
1672882800,1182,1190,1182,1190,200
1672897200,1182,1182,1181,1181,300
1672897800,1199,1199,1190,1190,200
1672963800,1176,1176,1176,1176,200
1672964400,1177,1177,1177,1177,200
1672967400,1176,1180,1176,1180,300
1672968000,1180,1180,1180,1180,100
1672971000,1172,1172,1172,1172,100
1672971600,1172,1172,1172,1172,100
1672976400,1180,1180,1175,1175,300
1672977000,1184,1193,1184,1193,200
1672981200,1173,1173,1173,1173,100
1672981800,1178,1188,1178,1188,400
1672982400,1184,1212,1184,1212,600
1672984200,1199,1210,1198,1210,400
1673309400,1183,1186,1183,1186,300
1673310000,1190,1190,1190,1190,200
1673311800,1200,1200,1200,1200,100
1673316600,1187,1187,1181,1181,500
1673322600,1190,1190,1190,1190,100
1673329200,1182,1182,1182,1182,200
1673329800,1185,1185,1180,1180,900
1673330400,1188,1188,1188,1188,200
1673395200,1181,1181,1181,1181,300
1673398200,1181,1181,1171,1171,300
1673401800,1172,1172,1172,1172,100
1673409600,1183,1183,1183,1183,100
1673414400,1174,1174,1170,1170,700
1673415000,1180,1190,1180,1190,300
1673487600,1178,1178,1178,1178,100
1673494800,1178,1178,1178,1178,100
1673503200,1186,1186,1186,1186,100
1673570400,1178,1178,1178,1178,200
1673571600,1180,1180,1180,1180,100
1673583600,1181,1181,1181,1181,100
1673586000,1181,1181,1181,1181,100
1673589000,1178,1178,1178,1178,100
1673589600,1180,1180,1180,1180,100
1673828400,1188,1188,1169,1180,700
1673848800,1184,1184,1184,1184,200
1673914200,1170,1185,1170,1172,17900
1673914800,1180,1180,1180,1180,200
1673916000,1168,1168,1162,1162,200
1673916600,1161,1168,1160,1168,400
1673917200,1169,1169,1169,1169,100
1673918400,1172,1175,1172,1175,200
1673919000,1161,1161,1161,1161,100
1673919600,1172,1173,1172,1173,200
1673921400,1161,1161,1160,1160,200
1673926200,1158,1158,1158,1158,100
1673926800,1156,1156,1130,1131,1000
1673927400,1140,1144,1137,1137,300
1673929200,1134,1134,1134,1134,100
1673929800,1133,1133,1133,1133,100
1673930400,1131,1131,1131,1131,100
1673931000,1136,1150,1136,1150,200
1673931600,1132,1132,1132,1132,100
1673932200,1132,1132,1132,1132,100
1673932800,1132,1132,1131,1131,200
1673933400,1146,1184,1146,1184,2100
1673935200,1184,1184,1184,1184,100
1674012600,1183,1183,1173,1175,500
1674013800,1169,1169,1169,1169,100
1674021000,1173,1173,1173,1173,100
1674021600,1180,1180,1180,1180,200
1674090000,1166,1170,1158,1158,500
1674092400,1168,1168,1168,1168,300
1674102000,1156,1156,1156,1156,100
1674104400,1160,1160,1160,1160,100
1674105000,1165,1180,1165,1180,400
1674106800,1162,1162,1162,1162,100
1674107400,1178,1178,1178,1178,100
1674108000,1181,1181,1181,1181,200
1674172800,1151,1161,1151,1153,2800
1674173400,1164,1164,1164,1164,100
1674178200,1165,1177,1165,1177,200
1674191400,1176,1176,1176,1176,3300
1674193800,1176,1176,1176,1176,100
1674194400,1178,1178,1178,1178,400
1674436800,1161,1177,1161,1177,400
1674438600,1161,1161,1161,1161,100
1674444600,1158,1167,1158,1167,200
1674451800,1169,1170,1169,1170,200
1674453600,1170,1170,1170,1170,400
1674519000,1155,1155,1155,1155,200
1674519600,1155,1155,1155,1155,100
1674520200,1155,1155,1155,1155,100
1674523200,1159,1160,1159,1160,200
1674525000,1152,1152,1152,1152,100
1674533400,1152,1152,1151,1151,200
1674536400,1157,1170,1150,1150,800
1674537600,1157,1157,1157,1157,100
1674538200,1160,1160,1160,1160,100
1674539400,1159,1174,1159,1174,800
1674540000,1179,1179,1179,1179,300
1674604800,1152,1175,1152,1175,400
1674605400,1177,1179,1177,1179,7100
1674606600,1165,1165,1165,1165,200
1674607200,1177,1177,1177,1177,100
1674607800,1162,1162,1162,1162,100
1674608400,1175,1175,1175,1175,100
1674609600,1163,1163,1163,1163,200
1674610200,1163,1164,1163,1164,200
1674617400,1160,1160,1160,1160,200
1674618600,1160,1160,1160,1160,100
1674625200,1159,1180,1159,1180,1100
1674626400,1180,1180,1180,1180,200
1674691200,1165,1165,1161,1161,400
1674691800,1167,1167,1167,1167,100
1674703800,1169,1169,1169,1169,200
1674708600,1169,1169,1169,1169,100
1674712200,1169,1169,1169,1169,100
1674712800,1174,1174,1174,1174,100
1674777600,1157,1172,1157,1172,2000
1674780000,1173,1173,1173,1173,100
1674781800,1160,1160,1152,1152,1600
1674782400,1152,1152,1152,1152,100
1674783600,1154,1154,1154,1154,100
1674785400,1154,1154,1154,1154,100
1674790800,1154,1154,1154,1154,100
1674792600,1155,1155,1155,1155,100
1674793800,1155,1155,1155,1155,200
1674795000,1162,1164,1162,1164,200
1674799200,1165,1165,1165,1165,400
1675043400,1150,1150,1150,1150,100
1675050600,1150,1153,1150,1153,200
1675052400,1154,1157,1154,1157,200
1675054800,1159,1159,1159,1159,100
1675057200,1146,1146,1146,1146,100
1675057800,1158,1158,1158,1158,100
1675137000,1170,1170,1170,1170,300
1675138200,1143,1143,1140,1140,200
1675139400,1149,1150,1149,1150,25100
1675144200,1154,1154,1154,1154,100
1675209600,1152,1167,1152,1167,200
1675210200,1167,1167,1167,1167,100
1675212000,1151,1164,1150,1164,300
1675212600,1149,1149,1149,1149,100
1675213200,1157,1157,1157,1157,100
1675213800,1159,1159,1147,1151,300
1675217400,1149,1149,1149,1149,100
1675225200,1149,1149,1149,1149,100
1675228800,1151,1160,1141,1160,1000
1675296000,1145,1145,1144,1144,800
1675296600,1155,1155,1145,1145,3000
1675297200,1152,1152,1142,1142,400
1675297800,1135,1145,1135,1145,500
1675299000,1138,1138,1134,1134,700
1675299600,1131,1131,1125,1129,1000
1675300200,1129,1130,1129,1130,200
1675301400,1128,1128,1127,1127,200
1675302000,1126,1126,1125,1125,300
1675303200,1120,1120,1120,1120,100
1675303800,1107,1107,1107,1107,100
1675304400,1112,1136,1112,1136,300
1675308600,1136,1136,1136,1136,100
1675309200,1128,1128,1121,1121,200
1675310400,1127,1128,1127,1128,200
1675313400,1128,1128,1128,1128,300
1675316400,1128,1155,1128,1144,1400
1675382400,1114,1144,1114,1144,2400
1675383000,1144,1155,1144,1155,400
1675383600,1159,1159,1159,1159,200
1675384200,1156,1156,1155,1155,300
1675384800,1158,1158,1155,1155,500
1675385400,1155,1158,1155,1158,200
1675386000,1158,1159,1158,1159,500
1675386600,1159,1159,1159,1159,300
1675388400,1159,1159,1159,1159,400
1675395600,1153,1153,1153,1153,100
1675396200,1152,1152,1150,1150,300
1675402200,1150,1184,1150,1184,900
1675403400,1159,1178,1159,1178,400
1675641600,1148,1158,1140,1150,1700
1675642200,1160,1161,1153,1153,700
1675644000,1147,1147,1136,1136,1200
1675645200,1144,1144,1144,1144,100
1675648200,1148,1148,1148,1148,100
1675654200,1144,1144,1141,1141,700
1675654800,1140,1140,1140,1140,100
1675656000,1148,1148,1148,1148,100
1675660800,1140,1148,1140,1140,1000
1675661400,1147,1147,1147,1147,300
1675662600,1147,1162,1147,1162,500
1675728000,1155,1155,1152,1152,6800
1675729200,1158,1158,1158,1158,100
1675732800,1146,1146,1146,1146,100
1675734000,1159,1159,1159,1159,100
1675740600,1144,1150,1144,1150,600
1675741800,1142,1142,1138,1138,800
1675743000,1137,1137,1130,1130,800
1675743600,1129,1141,1129,1141,300
1675746600,1139,1140,1139,1140,200
1675747800,1143,1150,1132,1132,600
1675748400,1140,1140,1140,1140,100
1675814400,1140,1140,1140,1140,100
1675816200,1121,1121,1121,1121,100
1675817400,1133,1133,1133,1133,100
1675819800,1133,1133,1126,1126,300
1675820400,1135,1136,1115,1117,2700
1675821000,1124,1124,1113,1113,2000
1675822800,1113,1113,1113,1113,100
1675827000,1113,1113,1110,1110,800
1675827600,1101,1101,1101,1101,100
1675828800,1109,1113,1109,1111,700
1675834800,1113,1145,1113,1145,700
1675836000,1144,1144,1144,1144,100
1675913400,1154,1154,1124,1124,1000
1675914000,1143,1143,1143,1143,100
1675921200,1128,1133,1128,1133,200
1675921800,1134,1134,1134,1134,100
1675922400,1136,1136,1136,1136,200
1675987200,1082,1101,1078,1100,4300
1675987800,1099,1102,1080,1102,800
1675988400,1092,1122,1092,1100,400
1675989000,1110,1110,1109,1109,400
1675989600,1110,1112,1110,1112,200
1676001000,1100,1117,1100,1117,10000
1676004600,1097,1097,1097,1097,100
1676006400,1105,1115,1105,1115,200
1676007000,1109,1140,1109,1140,2800
1676008800,1140,1140,1140,1140,100
1676246400,1130,1130,1130,1130,1100
1676247000,1130,1158,1130,1158,1000
1676247600,1155,1155,1100,1107,1100
1676248200,1117,1117,1117,1117,100
1676248800,1136,1137,1136,1137,300
1676249400,1139,1139,1139,1139,500
1676250000,1138,1145,1138,1145,700
1676251800,1139,1140,1139,1140,400
1676253600,1139,1139,1139,1139,100
1676254200,1145,1146,1131,1131,1700
1676254800,1130,1142,1130,1142,1100
1676259000,1131,1131,1128,1128,200
1676259600,1127,1127,1100,1122,1200
1676262600,1111,1120,1111,1120,3600
1676265000,1105,1119,1105,1119,2100
1676268000,1119,1119,1119,1119,100
1676332800,1119,1119,1109,1109,200
1676333400,1103,1103,1100,1100,300
1676334000,1100,1100,1100,1100,200
1676337600,1115,1118,1115,1118,4900
1676338200,1102,1102,1102,1102,100
1676338800,1115,1115,1115,1115,100
1676346000,1102,1102,1102,1102,100
1676346600,1112,1112,1112,1112,500
1676353800,1100,1108,1100,1108,200
1676354400,1096,1096,1096,1096,100
1676419200,1096,1096,1096,1096,400
1676419800,1096,1096,1096,1096,100
1676424000,1100,1110,1100,1110,500
1676424600,1113,1135,1113,1132,2100
1676425200,1128,1128,1115,1115,200
1676425800,1127,1148,1127,1148,1100
1676426400,1121,1121,1066,1106,1500
1676431800,1106,1106,1085,1085,200
1676433600,1096,1096,1096,1096,700
1676434200,1104,1105,1104,1105,10100
1676434800,1111,1113,1111,1113,2400
1676439000,1113,1146,1113,1145,6900
1676439600,1145,1145,1145,1145,200
1676440200,1115,1115,1104,1104,600
1676440800,1090,1090,1090,1090,700
1676505600,1090,1126,1090,1126,1300
1676506200,1115,1115,1115,1115,100
1676506800,1114,1120,1114,1116,1300
1676507400,1116,1116,1116,1116,300
1676508000,1111,1111,1111,1111,300
1676508600,1110,1110,1110,1110,200
1676509200,1107,1120,1102,1120,1400
1676512800,1102,1114,1102,1114,600
1676513400,1114,1114,1104,1104,1100
1676514000,1105,1110,1104,1110,1700
1676518200,1110,1110,1110,1110,100
1676520000,1112,1112,1112,1112,300
1676521200,1113,1128,1113,1128,2500
1676523000,1112,1122,1094,1122,2200
1676523600,1109,1118,1109,1118,200
1676524800,1115,1115,1115,1115,100
1676526600,1112,1112,1110,1110,1100
1676527200,1120,1120,1120,1120,100
1676592000,1101,1117,1101,1117,700
1676592600,1116,1119,1116,1119,200
1676594400,1120,1142,1120,1142,1500
1676595000,1144,1144,1144,1144,200
1676595600,1150,1187,1150,1187,1100
1676596200,1188,1247,1188,1220,3500
1676596800,1217,1217,1159,1159,1600
1676598000,1171,1185,1169,1185,800
1676598600,1185,1185,1185,1185,200
1676599800,1187,1187,1183,1183,1200
1676600400,1169,1169,1169,1169,200
1676605800,1150,1150,1150,1150,100
1676606400,1149,1149,1143,1143,300
1676610000,1141,1141,1135,1135,200
1676610600,1135,1135,1135,1135,100
1676611200,1138,1150,1135,1150,7500
1676611800,1158,1160,1158,1160,9500
1676612400,1159,1159,1159,1159,100
1676613000,1159,1159,1159,1159,600
1676851200,1159,1190,1148,1190,1400
1676851800,1183,1190,1167,1190,400
1676852400,1187,1187,1187,1187,100
1676853000,1157,1168,1131,1168,2700
1676853600,1160,1169,1160,1169,400
1676854200,1179,1186,1179,1186,400
1676857200,1157,1157,1157,1157,100
1676859600,1157,1157,1157,1157,100
1676864400,1157,1157,1157,1157,100
1676871600,1160,1160,1160,1160,100
1676937600,1160,1160,1160,1160,200
1676946000,1150,1150,1150,1150,100
1676956200,1142,1142,1142,1142,200
1676956800,1149,1150,1149,1150,1600
1676957400,1154,1155,1154,1155,1000
1676958000,1145,1145,1145,1145,100
1676958600,1158,1167,1158,1167,500
1676959200,1148,1148,1148,1148,100
1677024000,1148,1148,1148,1148,300
1677024600,1155,1155,1154,1155,2700
1677027600,1141,1141,1141,1141,100
1677028200,1140,1140,1140,1140,100
1677032400,1140,1140,1140,1140,100
1677036600,1140,1140,1126,1127,600
1677037200,1138,1148,1138,1148,300
1677039000,1148,1148,1148,1148,100
1677040200,1145,1145,1141,1141,200
1677040800,1155,1155,1144,1144,200
1677042000,1160,1160,1160,1160,100
1677045600,1140,1140,1140,1140,400
1677196800,1134,1138,1133,1138,1100
1677198600,1132,1132,1131,1131,200
1677201000,1134,1134,1134,1134,100
1677203400,1131,1131,1075,1075,2300
1677204000,1110,1110,1110,1110,200
1677204600,1110,1110,1110,1110,100
1677205200,1111,1111,1111,1111,100
1677209400,1111,1111,1104,1104,200
1677210000,1110,1111,1110,1111,200
1677210600,1096,1112,1096,1104,23900
1677211200,1108,1115,1108,1115,200
1677213600,1115,1150,1115,1150,2000
1677215400,1151,1154,1151,1154,500
1677217200,1153,1153,1153,1153,200
1677456600,1132,1150,1132,1150,1400
1677457200,1153,1167,1153,1167,200
1677457800,1164,1164,1164,1164,100
1677459000,1166,1166,1166,1166,100
1677469800,1165,1166,1165,1166,800
1677471600,1151,1167,1151,1167,10900
1677472200,1178,1222,1178,1214,1900
1677472800,1215,1215,1178,1178,800
1677473400,1208,1208,1208,1208,100
1677474000,1181,1181,1161,1161,2100
1677474600,1160,1167,1160,1160,800
1677475800,1163,1163,1160,1160,2000
1677476400,1150,1150,1150,1150,100
1677542400,1134,1143,1134,1143,700
1677543000,1144,1144,1144,1144,100
1677544200,1150,1150,1150,1150,300
1677549000,1145,1145,1145,1145,100
1677550200,1150,1150,1150,1150,500
1677556800,1155,1155,1144,1144,2000
1677559200,1144,1144,1134,1140,400
1677559800,1150,1150,1150,1150,500
1677561000,1150,1150,1150,1150,300
1677564000,1138,1138,1138,1138,100
1677628800,1112,1122,1112,1122,2300
1677629400,1133,1133,1133,1133,100
1677630000,1129,1162,1129,1162,800
1677630600,1145,1145,1145,1145,100
1677631800,1147,1166,1147,1166,600
1677632400,1164,1164,1134,1134,700
1677637200,1144,1148,1137,1137,1300
1677644400,1133,1133,1130,1130,1300
1677646200,1126,1126,1126,1126,100
1677648000,1130,1130,1126,1127,1200
1677648600,1130,1130,1130,1130,500
1677649200,1134,1147,1134,1147,200
1677715200,1125,1145,1125,1145,1300
1677718200,1129,1131,1129,1131,200
1677719400,1131,1131,1131,1131,100
1677720600,1137,1137,1116,1118,2300
1677721200,1118,1118,1118,1118,100
1677721800,1122,1126,1122,1126,300
1677722400,1131,1131,1120,1125,300
1677727800,1120,1120,1120,1120,100
1677729000,1130,1130,1123,1123,200
1677730200,1128,1133,1123,1123,800
1677732000,1125,1125,1120,1120,1000
1677732600,1121,1160,1120,1160,1000
1677733200,1130,1140,1125,1126,1500
1677733800,1136,1136,1122,1122,600
1677734400,1123,1123,1122,1122,200
1677736200,1128,1128,1110,1111,2400
1677801600,1111,1127,1111,1120,500
1677802200,1127,1128,1113,1113,500
1677802800,1120,1120,1120,1120,100
1677817200,1136,1136,1121,1121,200
1677817800,1120,1120,1120,1120,100
1677821400,1124,1125,1119,1125,1000
1677822600,1126,1126,1126,1126,200
1677823200,1126,1126,1126,1126,300
1678060800,1111,1122,1111,1122,900
1678073400,1126,1126,1126,1126,100
1678074000,1134,1141,1134,1141,1100
1678074600,1137,1139,1135,1139,1600
1678075200,1137,1137,1137,1137,100
1678075800,1138,1138,1138,1138,100
1678079400,1130,1130,1130,1130,100
1678080000,1122,1122,1122,1122,100
1678080600,1127,1145,1127,1145,800
1678147200,1145,1145,1145,1145,100
1678149000,1122,1127,1122,1127,800
1678155000,1145,1164,1145,1164,200
1678159800,1162,1162,1132,1132,200
1678161000,1141,1161,1141,1161,400
1678162800,1152,1152,1152,1152,300
1678163400,1153,1155,1152,1155,1100
1678164000,1154,1158,1154,1158,1100
1678165200,1156,1156,1156,1156,200
1678165800,1145,1145,1145,1145,100
1678168200,1141,1150,1141,1150,200
1678168800,1140,1140,1140,1140,100
1678233600,1131,1140,1131,1140,300
1678234200,1148,1154,1140,1140,700
1678239000,1150,1153,1150,1153,200
1678239600,1153,1153,1131,1131,300
1678249800,1140,1140,1140,1140,300
1678251000,1140,1155,1140,1155,800
1678253400,1143,1143,1143,1143,100
1678254600,1155,1155,1144,1144,300
1678255200,1139,1139,1139,1139,100
1678320000,1156,1156,1156,1156,100
1678341000,1150,1150,1150,1150,100
1678341600,1140,1140,1140,1140,200
1678406400,1152,1152,1152,1152,100
1678408800,1140,1140,1140,1140,100
1678412400,1137,1137,1137,1137,200
1678414200,1131,1131,1131,1131,200
1678419000,1131,1131,1131,1131,100
1678422000,1140,1152,1138,1152,500
1678425000,1153,1154,1141,1154,1400
1678428000,1140,1140,1140,1140,100
1678665600,1123,1153,1123,1153,1700
1678666200,1152,1156,1138,1156,600
1678666800,1155,1155,1155,1155,100
1678671000,1131,1131,1131,1131,100
1678671600,1139,1139,1139,1139,100
1678678200,1149,1149,1149,1149,100
1678684800,1146,1146,1146,1146,100
1678686600,1143,1143,1143,1143,100
1678752000,1167,1167,1167,1167,200
1678753200,1159,1159,1148,1148,400
1678753800,1148,1149,1148,1149,200
1678754400,1150,1151,1150,1151,200
1678755600,1150,1150,1150,1150,100
1678756200,1149,1149,1140,1140,1100
1678757400,1142,1142,1142,1142,100
1678759200,1133,1133,1133,1133,100
1678765200,1133,1133,1133,1133,100
1678766400,1126,1126,1122,1122,200
1678767600,1127,1127,1127,1127,100
1678769400,1128,1128,1128,1128,12800
1678770600,1138,1152,1138,1152,1000
1678771200,1135,1135,1117,1135,1300
1678772400,1140,1143,1140,1143,400
1678838400,1143,1143,1143,1143,400
1678839000,1143,1143,1143,1143,100
1678842000,1143,1143,1143,1143,100
1678843200,1132,1132,1132,1132,100
1678854600,1143,1143,1143,1143,100
1678856400,1133,1133,1133,1133,100
1678857600,1145,1167,1145,1167,1000
1678858200,1158,1160,1158,1160,300
1678860000,1138,1138,1138,1138,100
1678924800,1119,1119,1119,1119,600
1678930200,1132,1147,1132,1147,1000
1678930800,1142,1147,1138,1138,600
1678939800,1122,1122,1122,1122,700
1678942800,1145,1154,1145,1154,200
1679011200,1156,1157,1156,1157,500
1679443800,1157,1157,1157,1157,100
1679456400,1138,1138,1138,1138,100
1679457600,1135,1135,1135,1135,100
1679464200,1136,1136,1136,1136,100
1679535600,1136,1136,1136,1136,200
1679616000,1125,1136,1125,1129,400
1679619600,1123,1123,1123,1123,100
1679636400,1153,1153,1153,1153,300
1679888400,1130,1130,1130,1130,100
1679891400,1140,1140,1140,1140,100
1679975400,1126,1126,1126,1126,200
1679976600,1132,1132,1132,1132,200
1680134400,1131,1131,1131,1131,200
1680141600,1125,1130,1125,1130,200
1680147000,1130,1132,1126,1132,1600
1680148200,1131,1131,1131,1131,100
1680153600,1135,1162,1135,1162,200
1680220800,1160,1160,1159,1159,200
1680222600,1158,1158,1158,1158,100
1680239400,1133,1133,1133,1133,300
1680480000,1131,1131,1131,1131,100
1680492600,1131,1131,1131,1131,300
1680494400,1136,1155,1135,1155,4700
1680500400,1153,1153,1153,1153,100
1680566400,1152,1152,1152,1152,4700
1680571200,1125,1125,1123,1123,200
1680579000,1123,1123,1123,1123,1000
1680580200,1123,1123,1123,1123,100
1680583200,1129,1129,1129,1129,100
1680652800,1122,1122,1106,1112,500
1680661200,1124,1124,1124,1124,100
1680673800,1120,1120,1120,1120,100
1680739200,1120,1120,1119,1119,200
1680754200,1095,1095,1095,1095,100
1680754800,1092,1092,1090,1090,300
1680758400,1099,1119,1099,1119,400
1680759600,1119,1119,1119,1119,300
1680760200,1119,1119,1119,1119,100
1680826800,1100,1100,1100,1100,300
1680827400,1111,1111,1053,1053,1000
1680828000,1083,1119,1083,1112,500
1680831600,1115,1119,1115,1119,200
1680846600,1105,1126,1105,1126,1100
1681087200,1126,1126,1126,1126,100
1681088400,1104,1104,1075,1080,700
1681089000,1099,1100,1099,1100,200
1681092600,1105,1123,1105,1123,400
1681103400,1123,1123,1123,1123,100
1681171200,1120,1120,1120,1120,100
1681185600,1080,1086,1080,1084,5200
1681186800,1081,1081,1073,1073,500
1681187400,1077,1080,1077,1080,200
1681188000,1075,1075,1075,1075,100
1681188600,1077,1080,1076,1080,800
1681189200,1080,1080,1080,1080,100
1681190400,1082,1083,1082,1083,200
1681191000,1085,1089,1085,1089,600
1681191600,1090,1115,1090,1113,2000
1681192200,1114,1114,1108,1114,300
1681192800,1114,1114,1114,1114,100
1681257600,1098,1098,1098,1098,100
1681272600,1100,1100,1090,1090,700
1681276200,1102,1105,1102,1105,300
1681278000,1090,1105,1090,1105,200
1681356600,1095,1095,1095,1095,100
1681357800,1103,1103,1103,1103,100
1681359600,1103,1103,1103,1103,100
1681364400,1095,1105,1094,1105,700
1681430400,1087,1119,1087,1119,800
1681434600,1108,1108,1108,1108,100
1681451400,1138,1162,1138,1162,1800
1681689600,1130,1130,1130,1130,200
1681693200,1150,1150,1150,1150,500
1681776000,1148,1148,1148,1148,41400
1681795800,1150,1150,1150,1150,300
1681864800,1148,1148,1148,1148,100
1681866600,1145,1145,1145,1145,100
1681878000,1135,1135,1135,1135,100
1681882800,1135,1150,1135,1150,900
1681883400,1149,1200,1141,1191,3000
1681948800,1190,1190,1190,1190,600
1681950000,1190,1190,1190,1190,200
1681963200,1160,1160,1160,1160,100
1681963800,1183,1184,1162,1162,500
1681969800,1184,1184,1184,1184,100
1682048400,1154,1154,1150,1150,200
1682050800,1165,1165,1165,1165,100
1682051400,1150,1155,1150,1155,32700
1682299800,1125,1135,1125,1135,600
1682311200,1134,1134,1134,1134,100
1682380800,1134,1185,1134,1178,2300
1682381400,1160,1160,1160,1160,100
1682384400,1140,1140,1140,1140,200
1682398200,1136,1136,1135,1135,200
1682399400,1133,1133,1133,1133,100
1682401800,1130,1130,1129,1129,200
1682467200,1129,1138,1129,1138,300
1682468400,1140,1140,1140,1140,100
1682475600,1115,1115,1115,1115,200
1682485200,1134,1134,1134,1134,100
1682488800,1119,1119,1119,1119,100
1682553600,1119,1120,1119,1120,200
1682562000,1125,1125,1125,1125,200
1682566800,1128,1128,1128,1128,100
1682569200,1125,1125,1125,1125,100
1682573400,1115,1115,1115,1115,100
1682640000,1115,1173,1115,1173,300
1682640600,1173,1178,1173,1178,200
1682641200,1150,1150,1150,1150,100
1682643000,1149,1150,1149,1150,200
1682659800,1124,1124,1124,1124,100
1682661000,1149,1149,1149,1149,100
1682917200,1125,1125,1125,1125,100
1682919600,1125,1125,1125,1125,100
1682920200,1124,1124,1124,1124,100
1682985600,1115,1115,1101,1107,800
1682987400,1105,1118,1105,1118,200
1683504000,1118,1118,1118,1118,100
1683590400,1115,1124,1099,1124,3300
1683591000,1108,1108,1108,1108,100
1683592200,1107,1107,1107,1107,100
1683594600,1109,1109,1102,1102,300
1683595800,1121,1121,1121,1121,100
1683598200,1102,1102,1102,1102,100
1683603000,1102,1102,1102,1102,500
1683603600,1102,1102,1102,1102,100
1683609000,1117,1117,1117,1117,100
1683676800,1075,1087,1064,1068,5000
1683677400,1062,1062,1062,1062,100
1683678600,1062,1062,1062,1062,100
1683679200,1062,1062,1062,1062,100
1683679800,1063,1063,1061,1062,300
1683680400,1068,1068,1068,1068,100
1683681600,1066,1072,1066,1072,300
1683682200,1061,1061,1061,1061,100
1683683400,1060,1060,1060,1060,100
1683684000,1059,1059,1058,1058,200
1683684600,1057,1057,1055,1055,1000
1683685200,1043,1043,1040,1040,200
1683685800,1040,1040,1040,1040,100
1683690000,1040,1040,1040,1040,100
1683690600,1052,1060,1052,1060,300
1683691200,1056,1057,1056,1057,200
1683691800,1059,1059,1059,1059,200
1683697200,1061,1071,1061,1071,300
1683697800,1071,1071,1071,1071,100
1683698400,1060,1060,1060,1060,100
1683763200,1006,1006,986,994,3600
1683763800,1002,1006,1002,1006,400
1683764400,1007,1007,1006,1006,200
1683765000,1006,1022,1006,1022,300
1683766200,1013,1056,1006,1006,900
1683766800,1006,1006,1006,1006,100
1683769800,1016,1030,1016,1030,400
1683771000,1023,1023,1023,1023,100
1683777000,1018,1018,1018,1018,100
1683777600,1006,1006,1006,1006,100
1683778200,1001,1001,1001,1001,100
1683778800,1000,1000,1000,1000,300
1683781800,997,997,995,995,400
1683782400,1000,1013,1000,1013,600
1683783000,998,1024,998,1024,1400
1683784200,1022,1022,1020,1020,200
1683784800,1020,1020,1020,1020,100
1683849600,990,990,989,990,1600
1683850200,987,988,987,988,400
1683850800,990,990,970,970,700
1683851400,972,1006,972,1006,800
1683852600,999,999,999,999,200
1683853200,999,1000,999,999,500
1683853800,999,999,999,999,100
1683855600,999,999,999,999,100
1683862200,997,997,997,997,100
1683865800,997,997,997,997,100
1683867000,997,997,984,984,600
1683867600,997,997,997,997,100
1683868200,998,998,998,998,100
1683868800,999,999,999,999,100
1683869400,999,1085,999,1085,5700
1683870000,1179,1179,1149,1149,10600
1683870600,1179,1320,1135,1135,25700
1684110000,921,922,921,921,11100
1684110600,922,971,921,971,4200
1684111200,952,953,944,944,1100
1684111800,931,931,915,924,1300
1684112400,969,969,969,969,1800
1684113000,973,973,966,966,300
1684113600,951,974,929,974,2700
1684114200,974,975,960,971,2200
1684114800,963,963,963,963,100
1684115400,960,960,959,959,200
1684116000,959,959,958,958,300
1684116600,956,984,956,984,600
1684117200,983,983,983,983,100
1684121400,980,980,941,941,2000
1684122000,940,972,936,972,1500
1684122600,970,972,970,972,300
1684123200,960,1000,957,1000,1800
1684123800,1015,1045,1015,1020,400
1684124400,1010,1043,1010,1021,1000
1684125000,1038,1038,1011,1023,3300
1684125600,1023,1023,1023,1023,100
1684126200,1023,1056,1023,1026,1200
1684126800,1014,1014,1004,1009,600
1684127400,1011,1011,1011,1011,200
1684128000,1002,1002,1001,1001,200
1684128600,1012,1049,1012,1049,300
1684129200,1030,1030,1030,1030,500
1684129800,1030,1030,1030,1030,100
1684130400,1030,1030,1030,1030,300
1684195200,970,976,961,961,6900
1684195800,956,956,950,950,1600
1684196400,950,950,940,940,1600
1684197000,937,937,935,935,1000
1684197600,933,934,933,934,200
1684198200,929,930,929,930,1000
1684198800,929,929,928,928,1000
1684199400,926,926,925,925,800
1684200000,923,924,923,923,1400
1684200600,923,923,920,920,800
1684201200,916,916,912,913,800
1684201800,912,912,910,910,1300
1684202400,906,906,890,890,2100
1684203000,889,889,889,889,100
1684203600,888,888,881,881,1200
1684204200,882,882,882,882,100
1684207800,867,867,837,837,3300
1684208400,837,837,837,837,200
1684209000,836,836,786,786,2500
1684209600,796,805,770,770,12200
1684210200,770,797,746,746,23600
1684210800,744,757,730,747,31500
1684211400,746,769,746,769,3600
1684212000,766,837,766,837,10800
1684212600,837,866,837,850,2900
1684213200,835,835,830,833,500
1684213800,825,825,800,810,2100
1684215000,870,975,855,960,20200
1684215600,930,985,930,984,9100
1684216200,969,994,936,994,7500
1684281600,994,995,994,995,2700
1684282200,995,999,984,986,1300
1684284600,984,986,984,986,300
1684285200,986,994,986,994,500
1684285800,993,993,973,988,900
1684286400,986,987,986,987,300
1684294800,980,980,960,960,400
1684295400,950,950,901,901,2600
1684296000,912,960,912,944,3700
1684297200,953,960,953,960,200
1684297800,960,960,947,960,300
1684299000,960,960,960,960,200
1684299600,945,945,945,945,100
1684302000,945,960,945,960,600
1684302600,945,974,945,974,700
1684303200,987,987,987,987,2600
1684368000,970,970,970,970,200
1684369800,955,980,942,942,1400
1684370400,943,943,943,943,100
1684371000,958,958,958,958,100
1684371600,944,944,943,943,300
1684375800,958,958,946,946,200
1684376400,961,964,949,964,500
1684384200,949,949,947,947,700
1684387800,962,965,962,965,800
1684388400,965,972,965,972,1000
1684389000,970,971,970,971,300
1684389600,970,970,970,970,100
1684458000,948,948,948,948,500
1684458600,944,944,940,940,300
1684459200,955,955,940,941,300
1684460400,956,963,948,963,500
1684461000,959,959,959,959,100
1684467600,960,960,960,960,100
1684468800,959,959,958,958,200
1684471200,956,956,956,956,100
1684471800,959,959,959,959,100
1684474800,960,960,960,960,200
1684475400,962,1020,962,986,5100
1684476000,945,945,945,945,500
1684713600,940,999,940,999,800
1684714200,984,985,976,976,800
1684714800,975,1005,974,987,1800
1684716000,990,990,971,971,2100
1684718400,971,971,970,970,300
1684719000,985,985,976,976,400
1684729800,961,961,960,960,700
1684730400,955,966,953,966,600
1684731000,965,965,965,965,100
1684800600,964,964,964,964,200
1684803600,949,963,949,963,300
1684804800,949,963,949,960,600
1684805400,964,1030,964,1001,3300
1684806000,1001,1041,999,1011,2000
1684807200,981,1000,981,1000,200
1684807800,977,977,976,976,300
1684808400,965,965,965,965,100
1684813200,960,960,960,960,100
1684821000,975,975,975,975,100
1684887000,974,974,959,959,200
1684887600,971,971,970,970,200
1684888200,973,975,970,970,600
1684888800,960,960,958,958,200
1684890000,958,958,958,958,100
1684900200,973,984,973,984,1200
1684900800,970,984,970,984,300
1684907400,969,977,969,977,600
1684972800,962,976,962,970,8900
1684973400,970,973,970,973,200
1684974000,974,977,973,977,400
1684975200,987,987,976,976,400
1684976400,983,996,982,982,1400
1684992600,971,986,971,986,200
1685059200,971,985,971,984,600
1685060400,981,981,980,980,200
1685061000,978,978,950,972,1300
1685064600,958,965,958,965,200
1685067600,972,972,967,967,400
1685079600,962,962,962,962,200
1685080200,974,974,974,974,100
1685318400,959,959,945,956,700
1685319000,971,971,971,971,100
1685323800,969,982,955,955,700
1685332800,970,980,970,980,200
1685336400,965,965,965,965,100
1685337000,966,966,966,966,200
1685410200,951,975,951,975,500
1685420400,970,970,970,970,100
1685425800,961,961,961,961,100
1685494800,973,977,962,977,600
1685495400,978,983,955,955,1600
1685509800,959,959,959,959,100
1685512800,978,978,978,978,100
1685594400,963,978,963,978,300
1685597400,976,976,975,975,200
1685598000,975,975,975,975,200
1685664000,960,960,960,960,300
1685677200,964,979,964,979,400
1685678400,965,965,965,965,300
1685682600,970,970,970,970,100
1685923200,940,955,940,943,7200
1685923800,945,945,910,921,2900
1685924400,915,921,915,921,700
1685925000,919,919,919,919,100
1685925600,919,920,919,920,200
1685926200,924,960,924,960,2000
1685926800,960,960,960,960,100
1685927400,959,965,959,965,1400
1685928000,965,980,965,980,1300
1685928600,981,988,981,988,300
1685936400,984,984,978,978,200
1685944800,957,957,957,957,100
1686009600,969,970,969,970,700
1686010200,970,982,970,981,400
1686011400,989,998,982,987,1200
1686012000,988,988,982,982,300
1686013800,977,993,977,989,500
1686014400,995,995,975,975,400
1686015000,974,975,960,966,1200
1686015600,966,966,966,966,100
1686016200,966,966,966,966,100
1686018000,979,979,968,968,400
1686022200,966,966,958,964,400
1686024600,965,965,965,965,100
1686027000,971,971,971,971,100
1686027600,961,961,961,961,100
1686028800,976,976,976,976,100
1686030000,976,977,976,977,200
1686030600,979,987,979,987,600
1686031200,990,990,990,990,500
1686096000,975,975,973,973,500
1686096600,988,988,976,976,200
1686099000,979,979,979,979,100
1686099600,976,976,975,975,200
1686100800,987,987,987,987,100
1686103200,980,980,980,980,100
1686108600,987,987,987,987,100
1686117000,980,989,980,989,200
1686187800,989,989,989,989,100
1686189600,989,990,989,990,200
1686198000,990,990,990,990,300
1686201600,975,975,975,975,200
1686203400,988,988,988,988,100
1686268800,1049,1049,986,988,22300
1686269400,984,996,984,989,500
1686270000,986,986,986,986,200
1686270600,979,990,978,990,800
1686271200,997,997,997,997,200
1686271800,993,1000,993,999,500
1686273000,986,990,985,990,300
1686273600,983,983,983,983,100
1686274200,985,985,985,985,200
1686274800,986,986,976,976,200
1686275400,976,976,976,976,200
1686276000,974,978,972,978,500
1686281400,978,979,970,974,500
1686282000,973,973,971,971,200
1686282600,974,975,974,975,200
1686283800,972,974,972,974,200
1686288000,975,975,975,975,100
1686288600,982,982,982,982,100
1686289200,975,975,974,974,400
1686289800,983,992,980,980,400
1686528000,1010,1010,1010,1010,1300
1686528600,1000,1031,1000,1031,1600
1686529800,1019,1019,1007,1007,200
1686534000,1000,1000,1000,1000,100
1686534600,1002,1002,1002,1002,100
1686541800,1032,1032,1032,1032,100
1686546600,1026,1026,1026,1026,100
1686547200,1032,1050,1008,1008,1100
1686548400,1022,1022,1022,1022,100
1686614400,1045,1045,1042,1042,300
1686615600,1013,1013,991,998,900
1686616200,1002,1002,1002,1002,100
1686616800,1016,1016,1013,1013,200
1686619800,1020,1022,1020,1022,200
1686620400,1020,1020,1020,1020,100
1686622200,1021,1021,1021,1021,200
1686627000,1024,1040,1024,1025,1500
1686627600,1040,1040,1040,1040,200
1686628200,1040,1062,1040,1048,1200
1686633000,1060,1060,1060,1060,100
1686633600,1090,1090,1060,1060,200
1686634800,1055,1060,1055,1060,200
1686635400,1050,1051,1048,1048,500
1686700800,1018,1056,1018,1056,500
1686701400,1048,1058,1048,1058,200
1686703200,1060,1060,1029,1029,500
1686704400,1059,1059,1059,1059,100
1686720600,1048,1048,1048,1048,100
1686789000,1018,1021,1018,1021,1000
1686791400,1051,1051,1051,1051,100
1686793200,1072,1072,1072,1072,200
1686876000,1042,1057,1042,1057,1500
1686876600,1057,1057,1057,1057,100
1686882600,1070,1070,1070,1070,100
1686886200,1057,1057,1037,1047,1000
1686886800,1077,1077,1077,1077,100
1686889800,1084,1084,1084,1084,100
1686891000,1084,1084,1054,1054,400
1686894600,1084,1084,1084,1084,100
1687132800,1056,1056,1056,1056,2800
1687134000,1064,1069,1064,1069,300
1687137000,1071,1071,1071,1071,100
1687138800,1071,1071,1071,1071,200
1687146600,1100,1100,1100,1100,100
1687147200,1083,1083,1083,1083,100
1687153200,1088,1090,1088,1090,300
1687153800,1106,1129,1106,1119,500
1687219200,1149,1149,1149,1149,1400
1687220400,1145,1145,1145,1145,200
1687222200,1142,1142,1142,1142,200
1687223400,1140,1140,1093,1104,2500
1687224000,1093,1093,1082,1092,500
1687224600,1100,1143,1082,1097,3600
1687225800,1086,1092,1086,1092,200
1687231800,1092,1094,1079,1079,1200
1687233600,1079,1079,1079,1079,300
1687234800,1081,1081,1081,1081,100
1687236600,1084,1089,1084,1089,200
1687237800,1076,1076,1076,1076,100
1687238400,1106,1106,1106,1106,100
1687239000,1109,1109,1109,1109,100
1687240200,1082,1082,1082,1082,200
1687240800,1106,1106,1106,1106,100
1687305600,1076,1076,1076,1076,100
1687307400,1084,1084,1084,1084,100
1687318800,1081,1081,1050,1076,1400
1687319400,1074,1074,1074,1074,100
1687325400,1071,1072,1071,1072,200
1687327200,1072,1072,1072,1072,200
1687392000,1057,1057,1057,1057,100
1687392600,1079,1080,1059,1059,400
1687393200,1089,1089,1089,1089,100
1687393800,1071,1071,1041,1041,1600
1687395000,1055,1055,1055,1055,100
1687398000,1041,1041,1041,1041,100
1687404600,1041,1041,1033,1033,300
1687405800,1035,1035,1035,1035,100
1687407000,1049,1049,1049,1049,600
1687409400,1053,1053,1047,1047,200
1687478400,1024,1053,1024,1053,300
1687479000,1055,1069,1049,1049,700
1687485000,1040,1049,1040,1049,200
1687494600,1049,1049,1037,1037,600
1687495800,1046,1046,1039,1039,200
1687498800,1039,1039,1039,1039,500
1687737600,1039,1039,1023,1023,500
1687738200,1011,1011,1006,1006,200
1687739400,1013,1016,1011,1011,300
1687746000,1015,1026,1015,1026,200
1687756200,1026,1026,1026,1026,100
1687756800,1025,1026,1013,1013,800
1687758000,1023,1023,1023,1023,200
1687758600,1030,1030,1030,1030,100
1687759200,1019,1019,1019,1019,100
1687824000,1004,1004,995,995,800
1687824600,990,998,990,998,200
1687825200,983,1005,982,1005,300
1687825800,994,994,988,991,400
1687828800,1006,1006,1006,1006,100
1687830000,1006,1018,1006,1018,300
1687837200,1021,1021,1021,1021,100
1687910400,1002,1049,1002,1032,700
1687911000,1041,1041,1041,1041,100
1687915800,1050,1050,1046,1046,200
1687918200,1046,1046,1045,1045,200
1687926000,1045,1045,1032,1032,1300
1687929600,1033,1033,1033,1033,300
1687931400,1034,1034,1034,1034,100
1688088000,1049,1049,1049,1049,100
1688100600,1025,1025,1022,1022,600
1688101800,1020,1020,1020,1020,100
1688104200,1028,1028,1028,1028,100
1688343000,1047,1047,1047,1047,100
1688348400,1033,1033,1033,1033,100
1688349600,1033,1033,1000,1000,1600
1688356200,1019,1021,1009,1021,300
1688357400,1021,1021,1021,1021,100
1688361000,1020,1026,1005,1026,400
1688362200,1025,1028,1025,1028,400
1688433000,1028,1028,1028,1028,100
1688435400,1028,1029,1028,1029,200
1688441400,1029,1030,1022,1030,400
1688515200,1030,1030,1030,1030,100
1688518800,1016,1016,1016,1016,100
1688520000,1030,1030,1030,1030,100
1688520600,1021,1021,1017,1017,200
1688521200,1016,1016,1016,1016,100
1688521800,1024,1024,1024,1024,100
1688530800,1018,1018,1018,1018,100
1688601600,1017,1017,987,987,400
1688609400,1017,1017,1017,1017,100
1688688000,1000,1000,1000,1000,500
1688689200,1008,1008,1008,1008,100
1688700600,1014,1014,1014,1014,100
1688701800,1015,1015,1014,1014,300
1688703000,1014,1014,1014,1014,100
1688705400,1016,1017,1007,1017,500
1688709600,1006,1006,1006,1006,100
1688947200,1006,1006,1006,1006,100
1688947800,1000,1000,1000,1000,100
1688948400,1000,1000,982,985,400
1688949000,999,999,999,999,100
1688950200,1005,1005,1005,1005,100
1688955000,1014,1014,1011,1011,200
1688963400,1010,1010,1010,1010,100
1688966400,1001,1001,1001,1001,100
1689036600,1001,1001,1001,1001,100
1689037200,1000,1000,966,966,1500
1689037800,981,982,981,982,200
1689038400,982,982,978,978,200
1689041400,980,980,978,978,500
1689042000,988,988,988,988,100
1689052800,1000,1000,989,989,400
1689054600,1001,1001,1000,1000,200
1689055200,1014,1014,1014,1014,300
1689120600,1134,1280,1127,1202,90300
1689121200,1200,1200,1080,1112,37000
1689121800,1101,1105,1032,1040,18500
1689122400,1040,1040,1017,1023,10500
1689123000,1018,1018,977,1006,17800
1689123600,1007,1007,981,993,4500
1689124200,991,1010,971,1010,6100
1689124800,1012,1014,995,996,2200
1689125400,993,993,975,980,1900
1689126000,981,996,980,990,1200
1689126600,985,989,979,979,1200
1689127200,981,992,981,990,400
1689127800,987,990,984,988,1300
1689128400,990,992,990,990,600
1689129000,993,993,993,993,200
1689132600,986,986,977,980,2100
1689133200,977,977,944,946,5100
1689133800,949,964,949,962,1100
1689134400,968,969,961,961,600
1689135000,961,980,961,974,2700
1689135600,976,979,976,979,500
1689136200,977,977,964,975,1000
1689137400,970,970,961,961,1000
1689138000,967,991,967,991,2900
1689138600,976,989,976,989,600
1689139200,983,995,983,995,1100
1689139800,983,994,980,994,1000
1689140400,987,992,987,992,400
1689141000,982,994,979,992,4300
1689141600,987,987,987,987,2600
1689206400,957,978,957,964,1600
1689207000,972,973,922,922,4500
1689207600,924,927,904,904,6700
1689208200,910,916,908,913,800
1689208800,918,943,918,929,1300
1689209400,925,927,923,925,400
1689210000,923,924,923,924,200
1689211200,924,930,924,930,400
1689211800,935,940,935,935,600
1689213000,940,942,940,942,200
1689214800,943,943,943,943,100
1689219000,940,940,935,935,1500
1689219600,935,937,930,937,1200
1689221400,934,934,930,930,200
1689222000,938,938,938,938,100
1689222600,941,941,941,941,100
1689223800,938,938,934,934,300
1689224400,932,932,932,932,100
1689225000,932,932,930,930,400
1689226800,935,941,930,930,700
1689227400,926,952,926,952,2400
1689228000,956,956,956,956,2200
1689292800,948,948,948,948,100
1689293400,933,933,922,922,1000
1689294000,926,926,924,924,200
1689294600,925,927,925,927,200
1689295200,928,928,927,927,400
1689295800,922,922,922,922,200
1689297600,923,923,922,922,300
1689298200,922,922,921,921,200
1689299400,921,922,921,922,300
1689307200,922,927,922,927,300
1689307800,928,928,928,928,100
1689308400,927,927,927,927,400
1689310200,920,920,920,920,100
1689310800,920,937,914,927,2500
1689311400,933,948,933,948,1000
1689312000,946,946,932,932,400
1689312600,947,949,947,949,300
1689313200,952,952,952,952,100
1689313800,953,954,950,954,300
1689314400,950,950,950,950,900
1689644400,935,935,932,932,500
1689645000,947,947,944,944,200
1689651000,930,930,920,920,800
1689651600,920,923,920,922,1200
1689652200,935,935,922,922,300
1689656400,925,925,925,925,100
1689658800,935,936,935,936,200
1689659400,938,950,938,950,2000
1689660000,963,963,963,963,2000
1689724800,948,948,948,948,200
1689725400,951,951,951,951,100
1689726600,958,958,958,958,200
1689730200,959,959,959,959,100
1689731400,959,959,959,959,100
1689732000,958,958,958,958,200
1689732600,951,951,950,950,600
1689737400,946,946,946,946,200
1689739800,945,945,945,945,100
1689744000,945,945,945,945,100
1689745200,959,959,959,959,100
1689745800,960,960,960,960,200
1689746400,969,969,969,969,500
1689811200,954,954,954,954,100
1689813600,951,951,930,934,1100
1689823800,935,935,935,935,100
1689829800,947,947,947,947,100
1689832200,936,936,935,935,400
1689900600,932,932,932,932,100
1689902400,935,935,935,935,100
1689912600,945,945,945,945,200
1689914400,945,945,945,945,100
1689915600,939,939,934,934,1100
1689916800,945,945,945,945,100
1689918000,937,937,937,937,100
1689918600,945,945,945,945,100
1690164000,930,931,930,931,200
1690169400,930,930,930,930,500
1690173000,930,930,930,930,300
1690174800,940,940,940,940,200
1690178400,939,939,939,939,100
1690243200,929,944,929,944,600
1690244400,944,944,943,943,300
1690245000,941,941,941,941,100
1690246800,935,935,935,935,100
1690249200,934,934,934,934,100
1690251000,929,929,929,929,500
1690259400,930,930,930,930,100
1690261800,939,939,939,939,100
1690264200,935,935,935,935,100
1690329600,949,949,948,949,8900
1690331400,938,938,934,934,1200
1690335000,945,946,945,946,300
1690351200,946,946,946,946,100
1690416000,946,946,946,946,100
1690432200,939,939,930,930,500
1690432800,931,931,929,929,1700
1690436400,933,933,933,933,200
1690437000,934,934,934,934,200
1690502400,930,934,930,934,300
1690507800,934,934,934,934,400
1690515000,933,933,933,933,200
1690519200,932,932,928,928,900
1690520400,936,936,930,930,200
1690521600,938,938,938,938,100
1690778400,942,942,927,927,300
1690779000,939,939,939,939,100
1690780800,931,931,931,931,100
1690849800,934,934,926,926,200
1690860600,931,931,931,931,100
1690865400,931,931,931,931,200
1690953600,928,928,928,928,300
1690954200,926,926,925,925,200
1690955400,933,933,923,923,200
1691020800,908,927,908,927,1700
1691022000,926,926,926,926,100
1691022600,927,927,927,927,100
1691028000,926,926,926,926,100
1691028600,921,921,921,921,100
1691033400,919,919,919,919,300
1691034000,927,927,927,927,100
1691034600,932,932,932,932,100
1691035200,933,933,933,933,100
1691037600,934,934,934,934,100
1691040000,934,934,934,934,100
1691040600,936,947,936,947,200
1691120400,932,932,930,930,800
1691121000,929,929,929,929,400
1691121600,933,933,933,933,100
1691124000,928,928,922,922,200
1691127000,932,942,932,942,300
1691368200,933,948,933,948,500
1691383200,935,935,935,935,100
1691383800,939,939,939,939,100
1691386200,935,935,933,933,600
1691387400,932,932,932,932,100
1691452800,932,932,932,932,100
1691554800,922,922,922,922,100
1691557800,927,927,927,927,100
1691560800,930,930,930,930,400
1691625600,911,932,911,932,1400
1691632800,925,925,925,925,100
1691638800,922,922,922,922,100
1691641800,924,924,924,924,100
1691646600,924,924,922,922,700
1691971200,912,925,912,925,500
1691975400,915,915,915,915,300
1691976600,915,915,915,915,200
1691983800,920,920,920,920,100
1691991600,918,918,918,918,100
1691992200,920,920,917,918,400
1692061800,911,911,911,911,200
1692062400,919,919,919,919,100
1692075000,919,931,919,931,1800
1692075600,932,932,932,932,200
1692076200,935,935,935,935,100
1692078600,933,933,933,933,200
1692144000,912,912,910,910,2700
1692144600,910,910,910,910,100
1692147000,920,920,920,920,100
1692151800,920,924,920,924,500
1692152400,922,922,922,922,300
1692157200,920,920,920,920,200
1692163800,922,922,922,922,100
1692230400,918,918,910,910,16400
1692233400,908,908,908,908,100
1692234600,906,921,906,918,700
1692237600,916,916,915,915,200
1692243000,910,910,910,910,100
1692246000,901,901,901,901,100
1692247200,916,916,916,916,200
1692248400,911,923,911,923,800
1692250200,921,950,921,950,800
1692250800,934,934,934,934,100
1692251400,949,949,949,949,200
1692316800,922,922,922,922,400
1692318600,925,925,925,925,100
1692319200,923,923,923,923,100
1692322800,921,921,920,920,200
1692331200,911,911,911,911,100
1692331800,914,920,914,920,900
1692333000,912,912,912,912,100
1692334200,912,912,912,912,100
1692334800,912,939,912,937,1300
1692335400,945,945,945,945,100
1692337200,949,949,949,949,100
1692577800,934,934,934,934,100
1692594600,923,923,923,923,900
1692595200,938,940,938,940,200
1692596400,935,935,935,935,200
1692597000,944,944,944,944,100
1692662400,929,929,929,929,300
1692665400,936,949,936,949,2000
1692666600,941,949,941,949,2800
1692668400,950,950,950,950,200
1692679800,941,941,941,941,200
1692681000,943,943,943,943,100
1692682200,950,950,950,950,100
1692765600,940,940,940,940,200
1692766800,944,944,944,944,200
1692767400,944,944,944,944,100
1692769800,944,944,944,944,100
1692770400,951,951,951,951,100
1692835200,951,951,951,951,200
1692847800,951,962,951,962,500
1692851400,964,965,964,965,200
1692852000,964,964,964,964,100
1692854400,962,962,959,959,400
1692855600,960,960,960,960,200
1692921600,990,990,983,983,7500
1692922200,986,992,986,992,600
1692922800,992,995,992,995,900
1692923400,1000,1010,1000,1001,900
1692924000,1001,1001,1001,1001,100
1692925200,995,995,995,995,100
1692928200,995,995,995,995,300
1692928800,1010,1010,1010,1010,100
1692929400,1010,1010,1010,1010,100
1692930000,1010,1010,1010,1010,100
1692934800,1010,1010,1010,1010,200
1692935400,1010,1019,1010,1019,900
1692937200,1011,1011,997,997,1900
1692937800,1002,1002,1001,1001,200
1692940200,1004,1004,1004,1004,200
1692941400,1018,1029,1018,1022,400
1692942600,1017,1017,1015,1015,200
1693180800,1015,1015,1015,1015,2000
1693181400,1003,1003,970,970,1000
1693187400,984,998,984,998,400
1693188000,998,998,998,998,200
1693194000,1133,1150,1077,1095,12400
1693194600,1100,1100,1075,1079,4400
1693195200,1078,1088,1070,1070,2200
1693195800,1067,1077,1067,1071,1800
1693196400,1067,1067,1023,1032,7700
1693197000,1031,1039,1031,1033,700
1693197600,1034,1052,1034,1052,300
1693198200,1045,1045,1045,1045,100
1693198800,1035,1052,1035,1051,600
1693199400,1043,1043,1038,1039,700
1693200000,1040,1040,1040,1040,100
1693200600,1047,1047,1025,1039,2500
1693201200,1037,1037,1037,1037,100
1693201800,1033,1033,1033,1033,100
1693202400,1039,1039,1039,1039,1500
1693267200,1044,1045,1028,1044,6400
1693267800,1031,1033,1031,1031,400
1693268400,1039,1039,1039,1039,100
1693269000,1039,1043,1039,1042,600
1693269600,1043,1043,1043,1043,100
1693270200,1043,1043,1037,1037,200
1693271400,1037,1040,1037,1040,200
1693272000,1041,1045,1041,1045,800
1693272600,1046,1049,1046,1049,4300
1693273200,1054,1054,1054,1054,100
1693273800,1046,1046,1038,1038,1800
1693274400,1037,1037,1027,1032,2200
1693275600,1029,1029,1029,1029,100
1693279800,1030,1039,1030,1039,400
1693280400,1042,1059,1042,1059,1000
1693281000,1050,1050,1050,1050,100
1693281600,1050,1050,1050,1050,100
1693282200,1057,1064,1057,1064,600
1693282800,1064,1064,1064,1064,100
1693284600,1063,1063,1063,1063,100
1693285200,1057,1057,1052,1052,300
1693286400,1055,1055,1054,1054,300
1693288200,1054,1054,1051,1051,200
1693288800,1051,1051,1051,1051,100
1693353600,1063,1069,1063,1069,1000
1693354200,1069,1069,1061,1061,200
1693354800,1070,1072,1070,1072,400
1693355400,1078,1084,1078,1084,700
1693356000,1080,1080,1080,1080,200
1693357200,1080,1080,1077,1077,200
1693359000,1085,1085,1085,1085,100
1693359600,1086,1088,1079,1088,500
1693360200,1090,1090,1090,1090,200
1693360800,1094,1094,1094,1094,100
1693361400,1094,1094,1094,1094,100
1693366200,1094,1094,1088,1088,300
1693368600,1092,1092,1091,1091,200
1693371600,1092,1092,1092,1092,100
1693372800,1091,1091,1085,1085,200
1693374000,1094,1094,1094,1094,200
1693374600,1086,1086,1086,1086,300
1693375200,1086,1086,1086,1086,100
1693440000,1097,1098,1097,1098,700
1693440600,1099,1100,1086,1086,600
1693441800,1086,1086,1086,1086,100
1693442400,1090,1090,1090,1090,100
1693443000,1090,1090,1090,1090,100
1693443600,1090,1090,1090,1090,100
1693444800,1086,1086,1086,1086,100
1693446000,1087,1087,1084,1084,300
1693446600,1080,1080,1080,1080,100
1693447200,1080,1080,1080,1080,100
1693540800,1060,1060,1060,1060,100
1693541400,1051,1051,1051,1051,100
1693542600,1049,1049,1044,1044,400
1693543200,1043,1043,1043,1043,100
1693543800,1043,1043,1043,1043,100
1693545000,1049,1067,1049,1067,700
1693546800,1068,1077,1068,1077,400
1693547400,1077,1080,1077,1080,300
1693785600,1108,1108,1088,1088,600
1693786800,1087,1087,1087,1087,100
1693787400,1081,1081,1076,1080,700
1693792200,1077,1077,1077,1077,200
1693792800,1072,1072,1072,1072,100
1693793400,1075,1075,1075,1075,100
1693801200,1074,1074,1074,1074,100
1693806000,1066,1066,1059,1059,400
1693806600,1058,1058,1057,1057,200
1693872000,1055,1062,1055,1062,3100
1693872600,1056,1058,1056,1056,600
1693873800,1058,1058,1058,1058,100
1693874400,1058,1058,1058,1058,100
1693878000,1068,1068,1068,1068,100
1693878600,1072,1074,1072,1074,200
1693880400,1072,1072,1072,1072,100
1693884600,1053,1056,1053,1056,1300
1693887600,1053,1053,1053,1053,100
1693889400,1056,1056,1056,1056,100
1693890600,1060,1060,1060,1060,200
1693893000,1054,1054,1054,1054,100
1693893600,1054,1054,1054,1054,100
1693959600,1053,1053,1053,1053,100
1693960200,1053,1053,1053,1053,100
1693963200,1053,1053,1048,1048,1400
1693965600,1045,1051,1042,1051,600
1693971000,1051,1051,1041,1043,600
1693977600,1051,1052,1051,1052,200
1694044800,1027,1045,1027,1045,800
1694047200,1042,1045,1042,1045,300
1694052000,1031,1031,1031,1031,100
1694057400,1034,1035,1034,1035,200
1694059200,1061,1061,1061,1061,100
1694131200,1037,1037,1037,1037,1100
1694131800,1036,1036,1036,1036,100
1694133000,1043,1044,1043,1044,200
1694139600,1050,1051,1050,1051,200
1694145600,1053,1053,1053,1053,200
1694390400,1075,1075,1075,1075,10600
1694394600,1053,1053,1053,1053,100
1694396400,1054,1054,1054,1054,100
1694397600,1054,1054,1054,1054,100
1694398800,1048,1048,1048,1048,100
1694403600,1034,1039,1034,1037,2200
1694409000,1037,1037,1032,1032,1000
1694409600,1030,1030,1030,1030,100
1694411400,1030,1030,1009,1009,1000
1694477400,1026,1026,1026,1026,100
1694478000,1025,1036,1025,1036,600
1694479800,1029,1029,1029,1029,100
1694484600,1032,1032,1032,1032,100
1694490000,1240,1252,1176,1182,32400
1694490600,1173,1284,1150,1207,60900
1694491200,1206,1215,1132,1134,27300
1694491800,1135,1164,1124,1153,19100
1694492400,1154,1169,1110,1112,14500
1694493000,1112,1112,1090,1093,17700
1694493600,1094,1113,1094,1101,5800
1694494200,1108,1145,1106,1142,5800
1694494800,1142,1143,1110,1110,6800
1694495400,1107,1113,1089,1092,11500
1694496000,1100,1126,1100,1121,4700
1694496600,1109,1120,1100,1107,6400
1694497200,1107,1112,1101,1109,3100
1694497800,1114,1133,1107,1120,8400
1694498400,1104,1104,1104,1104,5000
1694563200,1210,1211,1173,1174,20600
1694563800,1180,1199,1161,1185,12000
1694564400,1189,1200,1173,1188,7300
1694565000,1188,1249,1188,1214,25900
1694565600,1212,1231,1198,1216,6100
1694566200,1219,1226,1192,1206,5700
1694566800,1205,1205,1190,1200,3800
1694567400,1201,1203,1193,1201,1300
1694568000,1193,1203,1193,1197,900
1694568600,1205,1205,1197,1204,600
1694569200,1200,1200,1189,1196,2300
1694569800,1192,1192,1186,1188,400
1694570400,1192,1207,1192,1207,1300
1694571000,1210,1218,1199,1212,2400
1694571600,1202,1219,1195,1210,2000
1694572200,1212,1212,1212,1212,400
1694575800,1217,1243,1217,1243,7200
1694576400,1243,1250,1234,1245,8800
1694577000,1245,1245,1226,1238,1700
1694577600,1239,1241,1235,1241,1700
1694578200,1242,1243,1237,1238,4200
1694578800,1236,1236,1228,1236,3200
1694579400,1228,1235,1216,1225,2300
1694580000,1225,1234,1216,1216,800
1694580600,1216,1227,1212,1224,1300
1694581200,1229,1229,1211,1211,900
1694581800,1210,1210,1185,1199,6800
1694582400,1199,1216,1199,1215,2300
1694583000,1216,1216,1192,1209,2800
1694583600,1212,1212,1198,1202,1100
1694584200,1203,1231,1203,1231,7400
1694584800,1231,1231,1231,1231,2600
1694649600,1250,1260,1235,1235,11300
1694650200,1236,1236,1190,1191,18800
1694650800,1200,1200,1181,1195,3600
1694651400,1195,1197,1190,1197,1400
1694652000,1200,1205,1200,1205,4300
1694652600,1205,1210,1198,1198,1600
1694653200,1201,1205,1195,1195,1400
1694653800,1190,1190,1190,1190,100
1694654400,1195,1199,1191,1191,500
1694655000,1199,1201,1199,1201,300
1694655600,1202,1202,1202,1202,600
1694656200,1202,1205,1202,1205,400
1694656800,1207,1209,1205,1205,800
1694657400,1201,1201,1195,1200,800
1694658000,1200,1205,1200,1205,200
1694658600,1197,1197,1197,1197,400
1694662200,1198,1205,1198,1198,800
1694662800,1200,1205,1198,1205,1300
1694663400,1205,1212,1201,1210,2200
1694664000,1210,1210,1202,1203,500
1694664600,1203,1210,1199,1199,1300
1694665200,1199,1203,1197,1197,1900
1694665800,1199,1209,1199,1204,1000
1694666400,1206,1209,1204,1204,600
1694667000,1202,1208,1202,1208,600
1694667600,1204,1206,1204,1206,500
1694668200,1204,1205,1204,1205,500
1694668800,1208,1208,1196,1196,2000
1694669400,1195,1201,1193,1201,1600
1694670000,1201,1202,1200,1200,1100
1694670600,1198,1204,1195,1204,1800
1694671200,1205,1205,1205,1205,1200
1694736000,1200,1200,1197,1198,5000
1694736600,1197,1199,1197,1199,1900
1694737200,1198,1202,1198,1202,1300
1694737800,1202,1204,1201,1202,1300
1694738400,1201,1205,1201,1203,1100
1694739000,1207,1207,1203,1203,900
1694739600,1203,1209,1203,1203,1900
1694740200,1202,1207,1202,1203,1100
1694740800,1202,1205,1202,1204,800
1694741400,1202,1203,1201,1202,1000
1694742000,1203,1207,1202,1207,1400
1694742600,1208,1208,1198,1205,2100
1694743200,1203,1204,1203,1204,300
1694743800,1205,1205,1205,1205,100
1694744400,1209,1209,1209,1209,100
1694748600,1202,1202,1202,1202,200
1694749200,1203,1205,1203,1205,200
1694749800,1207,1207,1197,1197,1700
1694750400,1199,1202,1199,1202,1400
1694751000,1201,1202,1200,1201,1300
1694751600,1203,1203,1194,1194,1100
1694752200,1197,1197,1196,1196,300
1694752800,1197,1197,1196,1196,300
1694753400,1198,1198,1181,1181,3500
1694754000,1182,1185,1181,1181,1000
1694754600,1187,1187,1187,1187,100
1694755200,1183,1183,1179,1179,2000
1694755800,1180,1184,1175,1183,1200
1694756400,1182,1182,1175,1175,300
1694757000,1182,1182,1176,1179,400
1694757600,1178,1178,1178,1178,400
1695081600,1200,1202,1188,1190,8500
1695082200,1189,1189,1178,1182,4100
1695082800,1178,1178,1160,1176,5800
1695083400,1172,1172,1172,1172,100
1695084600,1177,1182,1176,1177,1800
1695086400,1177,1177,1177,1177,200
1695087000,1177,1177,1177,1177,100
1695087600,1175,1178,1172,1172,300
1695090000,1177,1178,1177,1178,300
1695094200,1178,1178,1177,1177,600
1695094800,1175,1175,1171,1171,500
1695095400,1172,1172,1172,1172,100
1695096600,1174,1174,1174,1174,100
1695097800,1174,1174,1174,1174,200
1695098400,1175,1175,1175,1175,100
1695099000,1176,1176,1176,1176,100
1695100800,1177,1177,1177,1177,200
1695101400,1178,1178,1178,1178,500
1695102600,1177,1177,1177,1177,100
1695103200,1178,1178,1178,1178,200
1695168000,1180,1180,1175,1175,1200
1695168600,1175,1180,1175,1180,200
1695169200,1180,1180,1180,1180,100
1695171000,1183,1183,1183,1183,100
1695171600,1186,1186,1186,1186,100
1695172800,1181,1181,1180,1180,300
1695174600,1182,1182,1182,1182,100
1695175200,1178,1178,1178,1178,100
1695176400,1178,1178,1178,1178,100
1695180600,1184,1185,1184,1185,200
1695181200,1185,1185,1185,1185,100
1695182400,1181,1181,1180,1180,200
1695184800,1186,1186,1186,1186,100
1695186600,1186,1186,1186,1186,100
1695187200,1184,1184,1184,1184,100
1695189000,1185,1188,1185,1188,400
1695254400,1188,1188,1181,1181,400
1695255000,1180,1187,1180,1187,200
1695255600,1187,1187,1187,1187,100
1695256200,1188,1188,1188,1188,100
1695258000,1181,1181,1175,1175,1300
1695258600,1175,1175,1174,1174,300
1695259200,1182,1182,1182,1182,100
1695260400,1176,1176,1175,1175,200
1695262200,1183,1183,1183,1183,100
1695262800,1183,1183,1183,1183,100
1695267000,1183,1183,1177,1177,300
1695268800,1178,1178,1178,1178,100
1695270000,1177,1177,1177,1177,100
1695271200,1180,1180,1180,1180,100
1695273000,1177,1177,1177,1177,100
1695273600,1182,1184,1179,1179,400
1695276000,1188,1188,1188,1188,200
1695340800,1188,1188,1175,1175,1400
1695341400,1187,1187,1187,1187,100
1695343800,1179,1179,1179,1179,100
1695345000,1188,1188,1188,1188,200
1695346200,1187,1187,1187,1187,100
1695346800,1181,1181,1181,1181,100
1695348000,1181,1181,1181,1181,100
1695353400,1185,1185,1185,1185,100
1695354000,1189,1189,1188,1188,200
1695355200,1183,1183,1183,1183,100
1695355800,1186,1187,1186,1187,200
1695357000,1182,1182,1182,1182,100
1695360000,1183,1183,1182,1182,200
1695360600,1183,1183,1183,1183,100
1695361800,1183,1186,1177,1186,1200
1695362400,1177,1177,1177,1177,400
1695600000,1188,1188,1188,1188,900
1695600600,1188,1193,1188,1192,1700
1695601200,1190,1190,1190,1190,100
1695603000,1190,1200,1190,1190,5100
1695608400,1187,1187,1187,1187,100
1695612600,1187,1187,1187,1187,200
1695613200,1187,1187,1185,1185,400
1695614400,1182,1182,1182,1182,300
1695615000,1187,1187,1187,1187,100
1695617400,1185,1185,1185,1185,100
1695618600,1188,1188,1188,1188,200
1695619800,1188,1188,1188,1188,100
1695620400,1189,1189,1189,1189,200
1695621000,1190,1190,1190,1190,500
1695621600,1190,1190,1190,1190,200
1695686400,1182,1192,1182,1189,1900
1695687000,1195,1195,1186,1186,500
1695687600,1189,1189,1186,1186,200
1695688800,1186,1186,1182,1186,400
1695689400,1182,1182,1180,1180,700
1695692400,1181,1181,1180,1180,400
1695699000,1186,1186,1185,1185,200
1695699600,1185,1185,1185,1185,100
1695701400,1183,1183,1183,1183,100
1695703800,1186,1188,1186,1188,200
1695704400,1188,1188,1188,1188,200
1695705600,1185,1185,1185,1185,100
1695706200,1188,1188,1188,1188,100
1695772800,1188,1188,1185,1185,600
1695775200,1185,1185,1185,1185,200
1695775800,1183,1183,1182,1182,200
1695780000,1183,1183,1181,1181,400
1695785400,1181,1181,1181,1181,100
1695786600,1182,1182,1181,1181,300
1695787800,1184,1184,1184,1184,100
1695788400,1182,1182,1182,1182,100
1695789000,1181,1181,1180,1180,400
1695790200,1182,1182,1182,1182,100
1695792000,1182,1182,1182,1182,100
1695793800,1182,1182,1182,1182,100
1695859200,1184,1184,1162,1162,2700
1695859800,1163,1169,1163,1164,1000
1695860400,1163,1163,1150,1151,1100
1695861000,1153,1153,1153,1153,100
1695861600,1158,1158,1158,1158,100
1695862200,1165,1166,1165,1166,400
1695866400,1174,1174,1174,1174,100
1695868200,1167,1167,1167,1167,100
1695871800,1172,1172,1172,1172,200
1695873000,1172,1175,1172,1175,200
1695874200,1177,1177,1177,1177,100
1695874800,1179,1179,1171,1171,300
1695875400,1178,1178,1178,1178,100
1695876000,1177,1177,1177,1177,100
1695878400,1171,1171,1171,1171,100
1695880800,1175,1175,1175,1175,100
1695945600,1184,1184,1184,1184,500
1695946200,1175,1175,1175,1175,100
1695946800,1182,1182,1182,1182,100
1695947400,1179,1179,1179,1179,100
1695948000,1180,1180,1175,1175,800
1695949800,1170,1170,1170,1170,100
1695952200,1171,1171,1170,1170,500
1695959400,1175,1175,1175,1175,100
1695960000,1175,1175,1171,1171,200
1695962400,1173,1173,1173,1173,100
1695963000,1172,1172,1164,1164,1500
1695963600,1164,1165,1164,1165,200
1695965400,1165,1165,1165,1165,100
1695966600,1165,1174,1165,1174,200
1696204800,1175,1180,1175,1180,600
1696206000,1181,1187,1181,1181,400
1696207800,1179,1179,1179,1179,100
1696209000,1178,1178,1178,1178,100
1696217400,1178,1180,1178,1180,300
1696221000,1179,1179,1179,1179,100
1696225800,1178,1178,1178,1178,300
1696291200,1175,1175,1175,1175,400
1696291800,1174,1174,1174,1174,200
1696293000,1168,1172,1164,1172,500
1696293600,1169,1169,1169,1169,100
1696295400,1169,1169,1169,1169,100
1696296000,1165,1165,1162,1162,300
1696297800,1168,1168,1168,1168,100
1696299000,1166,1166,1162,1162,500
1696303800,1162,1162,1162,1162,100
1696304400,1165,1165,1165,1165,100
1696305000,1167,1167,1167,1167,100
1696308600,1166,1166,1163,1163,200
1696309200,1162,1162,1156,1159,1700
1696310400,1156,1156,1156,1156,100
1696311000,1156,1156,1156,1156,100
1696311600,1159,1167,1159,1167,300
1696312200,1168,1168,1168,1168,100
1696312800,1164,1164,1164,1164,100
1696377600,1163,1163,1155,1155,600
1696378800,1154,1154,1154,1154,100
1696379400,1159,1160,1159,1159,400
1696383000,1160,1160,1160,1160,100
1696383600,1160,1160,1160,1160,100
1696386600,1160,1160,1160,1160,100
1696390200,1159,1159,1158,1158,300
1696390800,1160,1160,1156,1156,300
1696392000,1155,1155,1145,1145,2200
1696396200,1157,1157,1157,1157,100
1696397400,1157,1157,1157,1157,100
1696398600,1155,1155,1155,1155,200
1696464000,1155,1155,1155,1155,400
1696464600,1165,1165,1158,1158,400
1696465800,1158,1159,1153,1159,400
1696469400,1160,1160,1160,1160,100
1696471800,1160,1160,1152,1152,200
1696476600,1159,1159,1159,1159,400
1696477800,1160,1160,1160,1160,100
1696478400,1152,1152,1151,1151,200
1696481400,1151,1151,1151,1151,200
1696482000,1151,1151,1151,1151,100
1696482600,1151,1151,1146,1146,900
1696483200,1146,1155,1146,1155,300
1696484400,1146,1147,1145,1145,400
1696485000,1145,1145,1145,1145,400
1696485600,1143,1143,1143,1143,400
1696550400,1147,1174,1147,1171,1000
1696551600,1159,1159,1159,1159,100
1696552200,1158,1158,1158,1158,100
1696553400,1160,1160,1160,1160,100
1696557000,1160,1160,1160,1160,100
1696566000,1161,1161,1161,1161,100
1696567200,1161,1161,1160,1160,300
1696567800,1165,1174,1161,1161,600
1696569000,1161,1161,1161,1161,100
1696896000,1161,1162,1161,1162,300
1696897800,1163,1163,1163,1163,100
1696899600,1163,1163,1163,1163,100
1696902000,1165,1165,1165,1165,100
1696903800,1162,1162,1162,1162,200
1696908600,1165,1165,1162,1162,200
1696915800,1167,1169,1167,1169,500
1696982400,1169,1170,1159,1163,2200
1696983000,1163,1163,1163,1163,100
1696986600,1164,1164,1163,1163,200
1696997400,1166,1166,1166,1166,200
1697001000,1164,1164,1164,1164,100
1697003400,1165,1167,1165,1167,400
1697069400,1162,1162,1162,1162,100
1697070000,1169,1169,1169,1169,100
1697082000,1169,1169,1169,1169,100
1697089800,1169,1169,1169,1169,100
1697090400,1161,1161,1161,1161,200
1697155200,1160,1160,1160,1160,300
1697155800,1161,1161,1161,1161,100
1697156400,1162,1162,1162,1162,100
1697160000,1167,1167,1167,1167,100
1697167800,1167,1167,1151,1151,2100
1697168400,1154,1154,1154,1154,100
1697170200,1151,1151,1150,1150,200
1697172000,1153,1160,1153,1160,200
1697173200,1160,1160,1160,1160,100
1697175600,1152,1152,1152,1152,100
1697176200,1150,1151,1150,1151,300
1697176800,1151,1151,1151,1151,100
1697414400,1160,1165,1160,1165,400
1697419200,1161,1161,1161,1161,100
1697422800,1161,1161,1161,1161,100
1697427600,1160,1160,1160,1160,100
1697429400,1160,1160,1160,1160,100
1697431800,1160,1160,1155,1155,200
1697435400,1155,1155,1155,1155,200
1697500800,1156,1156,1155,1155,200
1697501400,1153,1154,1150,1150,1400
1697502000,1152,1152,1151,1151,200
1697502600,1151,1151,1148,1149,600
1697503200,1148,1148,1147,1147,200
1697503800,1157,1157,1157,1157,100
1697505600,1153,1153,1153,1153,100
1697513400,1162,1162,1152,1152,300
1697514600,1153,1154,1151,1154,600
1697515200,1154,1154,1154,1154,100
1697518200,1154,1154,1150,1150,200
1697521800,1152,1152,1152,1152,100
1697587200,1152,1152,1132,1132,2700
1697587800,1133,1139,1132,1132,600
1697588400,1136,1136,1132,1132,500
1697589000,1139,1139,1139,1139,100
1697590800,1138,1138,1138,1138,100
1697593200,1135,1139,1135,1139,300
1697596200,1140,1140,1140,1140,100
1697599800,1140,1140,1140,1140,200
1697604600,1140,1140,1140,1140,100
1697606400,1140,1140,1140,1140,100
1697608200,1136,1137,1136,1136,400
1697608800,1136,1136,1136,1136,100
1697673600,1135,1135,1132,1135,500
1697674200,1132,1132,1132,1132,100
1697674800,1131,1131,1131,1131,100
1697675400,1130,1130,1129,1129,600
1697676600,1129,1129,1128,1128,200
1697678400,1126,1126,1126,1126,100
1697679600,1127,1127,1126,1126,200
1697682600,1126,1126,1126,1126,100
1697686200,1125,1125,1123,1123,900
1697686800,1122,1122,1113,1115,2100
1697687400,1115,1115,1115,1115,100
1697688000,1116,1116,1116,1116,100
1697688600,1115,1115,1114,1114,400
1697689200,1113,1113,1113,1113,200
1697691000,1112,1112,1112,1112,300
1697691600,1112,1112,1112,1112,100
1697692200,1111,1111,1110,1110,500
1697692800,1111,1111,1107,1107,700
1697693400,1108,1108,1108,1108,600
1697694000,1112,1112,1109,1109,200
1697694600,1109,1109,1108,1108,300
1697695200,1111,1111,1111,1111,400
1697760000,1101,1101,1090,1090,4700
1697760600,1088,1088,1081,1083,700
1697761200,1084,1084,1084,1084,100
1697762400,1090,1090,1090,1090,100
1697763000,1085,1092,1085,1092,200
1697765400,1090,1090,1085,1087,300
1697766000,1091,1091,1091,1091,200
1697769000,1091,1091,1091,1091,400
1697772600,1084,1084,1084,1084,900
1697773200,1084,1084,1083,1083,200
1697773800,1084,1084,1083,1083,500
1697774400,1083,1083,1083,1083,100
1697775000,1082,1082,1082,1082,100
1697775600,1082,1082,1082,1082,300
1697776200,1082,1082,1081,1081,400
1697776800,1081,1081,1080,1080,500
1697777400,1081,1081,1078,1078,1100
1697778000,1073,1074,1072,1074,400
1697778600,1072,1072,1070,1070,400
1697779200,1070,1072,1068,1069,900
1697779800,1071,1071,1071,1071,100
1697780400,1073,1073,1070,1070,200
1697781000,1073,1075,1073,1075,300
1697781600,1075,1075,1075,1075,300
1698019200,1075,1095,1075,1088,2600
1698020400,1089,1089,1089,1089,100
1698021000,1089,1089,1089,1089,100
1698021600,1088,1088,1088,1088,100
1698022200,1087,1087,1087,1087,100
1698022800,1086,1086,1086,1086,100
1698024000,1087,1087,1087,1087,100
1698025200,1092,1092,1092,1092,100
1698028200,1097,1097,1097,1097,200
1698031800,1088,1088,1088,1088,300
1698033000,1084,1085,1082,1082,800
1698033600,1085,1089,1085,1089,200
1698034200,1086,1086,1085,1085,200
1698035400,1085,1086,1085,1086,200
1698037200,1088,1088,1088,1088,200
1698037800,1089,1090,1088,1090,400
1698040200,1092,1099,1092,1092,800
1698105600,1103,1103,1103,1103,500
1698108000,1101,1101,1101,1101,100
1698109800,1100,1100,1096,1096,500
1698111600,1096,1096,1096,1096,200
1698113400,1099,1100,1096,1096,1000
1698114600,1104,1104,1104,1104,100
1698118200,1100,1100,1100,1100,100
1698118800,1099,1099,1099,1099,100
1698119400,1099,1099,1099,1099,100
1698121200,1108,1108,1108,1108,100
1698121800,1111,1111,1111,1111,100
1698122400,1111,1111,1107,1107,200
1698126600,1111,1111,1111,1111,100
1698127200,1111,1111,1111,1111,100
1698192000,1111,1111,1111,1111,300
1698195000,1110,1110,1110,1110,300
1698196800,1110,1111,1110,1110,400
1698199200,1117,1117,1117,1117,100
1698204600,1117,1117,1117,1117,100
1698205800,1110,1110,1109,1109,300
1698206400,1115,1115,1115,1115,100
1698209400,1116,1116,1116,1116,100
1698212400,1114,1114,1114,1114,100
1698213600,1112,1112,1112,1112,100
1698278400,1110,1110,1110,1110,100
1698279000,1106,1107,1106,1107,200
1698279600,1107,1107,1103,1103,300
1698280200,1103,1103,1103,1103,100
1698280800,1110,1110,1110,1110,100
1698282600,1104,1104,1104,1104,200
1698283200,1105,1105,1105,1105,100
1698283800,1104,1104,1104,1104,100
1698285600,1112,1112,1112,1112,100
1698291000,1112,1112,1106,1106,200
1698293400,1106,1106,1104,1104,500
1698295200,1107,1107,1107,1107,100
1698295800,1105,1105,1105,1105,100
1698297600,1105,1106,1103,1103,800
1698299400,1104,1104,1104,1104,100
1698364800,1103,1105,1103,1105,500
1698368400,1105,1105,1105,1105,100
1698369000,1106,1106,1103,1103,400
1698370800,1107,1107,1107,1107,100
1698373200,1103,1103,1102,1102,200
1698373800,1103,1103,1103,1103,100
1698377400,1102,1102,1102,1102,300
1698378000,1101,1102,1101,1101,300
1698380400,1101,1101,1093,1093,800
1698381000,1093,1093,1093,1093,100
1698381600,1098,1101,1098,1101,200
1698624000,1101,1101,1100,1100,700
1698626400,1099,1099,1096,1096,300
1698627000,1096,1096,1096,1096,200
1698627600,1096,1096,1095,1095,400
1698628200,1097,1097,1097,1097,100
1698636600,1099,1099,1093,1093,500
1698639000,1097,1097,1097,1097,100
1698639600,1098,1098,1098,1098,100
1698642000,1095,1095,1095,1095,100
1698643800,1094,1094,1094,1094,100
1698644400,1093,1093,1093,1093,100
1698645600,1093,1093,1093,1093,100
1698710400,1093,1093,1093,1093,200
1698713400,1095,1095,1095,1095,100
1698714000,1101,1101,1101,1101,100
1698719400,1101,1101,1101,1101,100
1698723600,1098,1098,1098,1098,100
1698726000,1100,1104,1100,1100,500
1698728400,1105,1105,1105,1105,100
1698729000,1107,1107,1107,1107,100
1698729600,1107,1107,1102,1102,200
1698796800,1104,1104,1104,1104,100
1698798000,1106,1106,1106,1106,100
1698801600,1106,1106,1106,1106,100
1698804600,1106,1106,1106,1106,200
1698809400,1106,1106,1105,1105,200
1698817800,1109,1115,1109,1115,900
1698883200,1115,1115,1115,1115,300
1698889800,1114,1116,1114,1116,500
1698891000,1116,1116,1116,1116,100
1698896400,1116,1116,1116,1116,400
1698897000,1125,1125,1125,1125,100
1698901800,1125,1125,1125,1125,100
1698903600,1134,1134,1134,1134,100
1698904200,1120,1120,1120,1120,100
1699228800,1135,1135,1132,1132,400
1699229400,1125,1129,1125,1129,300
1699231200,1129,1129,1129,1129,300
1699231800,1133,1133,1133,1133,100
1699235400,1127,1127,1127,1127,100
1699236600,1133,1133,1133,1133,200
1699241400,1134,1134,1134,1134,100
1699315200,1125,1133,1125,1133,800
1699318800,1132,1132,1132,1132,100
1699321800,1132,1132,1132,1132,100
1699327800,1129,1129,1129,1129,300
1699332000,1130,1130,1130,1130,200
1699333800,1129,1129,1129,1129,100
1699334400,1132,1132,1132,1132,100
1699336200,1131,1131,1131,1131,100
1699401600,1131,1131,1131,1131,200
1699402200,1133,1135,1133,1135,400
1699406400,1138,1138,1138,1138,100
1699407000,1135,1135,1112,1117,1200
1699410000,1134,1134,1134,1134,100
1699414200,1136,1136,1134,1134,200
1699417800,1133,1133,1133,1133,100
1699419600,1133,1133,1133,1133,100
1699488000,1120,1122,1120,1122,400
1699490400,1132,1132,1132,1132,100
1699494000,1123,1123,1122,1122,300
1699494600,1121,1121,1121,1121,100
1699500600,1121,1121,1121,1121,200
1699501200,1121,1121,1121,1121,100
1699501800,1131,1131,1121,1121,200
1699504800,1122,1133,1122,1133,200
1699506000,1123,1123,1123,1123,100
1699507800,1122,1122,1122,1122,300
1699509600,1120,1120,1120,1120,100
1699574400,1120,1120,1110,1110,1500
1699575000,1106,1106,1106,1106,100
1699576200,1108,1108,1108,1108,100
1699576800,1107,1107,1107,1107,100
1699577400,1106,1106,1106,1106,200
1699578600,1116,1116,1116,1116,100
1699588200,1119,1119,1119,1119,100
1699591200,1111,1111,1111,1111,100
1699591800,1111,1111,1111,1111,100
1699593600,1111,1111,1110,1110,200
1699594200,1110,1110,1110,1110,100
1699595400,1114,1114,1114,1114,100
1699596000,1108,1108,1108,1108,200
1699833600,1120,1120,1120,1120,500
1699834200,1120,1120,1120,1120,100
1699834800,1120,1120,1117,1117,300
1699835400,1117,1120,1117,1120,200
1699837200,1125,1125,1118,1118,200
1699840800,1118,1118,1111,1111,1100
1699846200,1111,1111,1111,1111,100
1699846800,1112,1112,1112,1112,300
1699847400,1110,1110,1110,1110,200
1699854000,1118,1118,1118,1118,100
1699854600,1120,1120,1120,1120,100
1699855200,1123,1123,1123,1123,200
1699920000,1123,1123,1123,1123,200
1699920600,1122,1122,1122,1122,100
1699921200,1122,1122,1122,1122,100
1699921800,1114,1114,1110,1110,800
1699922400,1109,1109,1107,1107,400
1699923000,1107,1107,1067,1069,5800
1699923600,1073,1079,1073,1079,200
1699924200,1075,1080,1070,1080,900
1699924800,1084,1093,1084,1093,400
1699925400,1099,1099,1097,1097,200
1699926600,1094,1094,1091,1091,400
1699927800,1092,1092,1092,1092,100
1699932600,1095,1098,1095,1098,400
1699934400,1101,1105,1101,1105,700
1699935000,1100,1100,1100,1100,100
1699938600,1102,1105,1102,1105,300
1699941000,1104,1104,1104,1104,200
1699941600,1099,1099,1099,1099,100
1700006400,1100,1100,1100,1100,5100
1700007000,1101,1101,1101,1101,100
1700007600,1101,1101,1101,1101,100
1700010000,1101,1101,1101,1101,100
1700015400,1106,1106,1106,1106,100
1700019000,1104,1104,1104,1104,100
1700021400,1103,1103,1100,1100,600
1700022600,1101,1101,1101,1101,100
1700024400,1099,1099,1099,1099,200
1700027400,1099,1099,1099,1099,100
1700028000,1099,1099,1099,1099,100
1700092800,1098,1098,1098,1098,100
1700093400,1099,1099,1099,1099,100
1700095200,1099,1099,1099,1099,200
1700096400,1099,1104,1099,1104,200
1700097000,1100,1100,1100,1100,100
1700097600,1100,1100,1100,1100,100
1700098800,1105,1105,1105,1105,100
1700101800,1104,1104,1104,1104,100
1700105400,1098,1098,1098,1098,300
1700106000,1098,1098,1098,1098,600
1700110800,1098,1098,1095,1095,500
1700111400,1094,1094,1094,1094,100
1700112600,1092,1092,1092,1092,100
1700113800,1092,1094,1091,1091,400
1700114400,1090,1090,1090,1090,100
1700179200,1074,1084,1074,1084,2700
1700180400,1074,1074,1074,1074,100
1700181000,1080,1080,1080,1080,200
1700184600,1082,1083,1082,1083,200
1700187000,1083,1083,1083,1083,100
1700188200,1087,1087,1087,1087,100
1700191800,1087,1087,1087,1087,400
1700192400,1088,1088,1088,1088,200
1700193600,1096,1098,1096,1098,400
1700197200,1092,1092,1092,1092,100
1700199000,1093,1093,1080,1080,1000
1700200200,1083,1090,1083,1090,400
1700438400,1090,1090,1090,1090,100
1700439000,1091,1091,1091,1091,100
1700439600,1091,1091,1090,1090,200
1700440200,1091,1092,1090,1092,400
1700451000,1090,1090,1086,1089,700
1700452800,1088,1088,1088,1088,100
1700457000,1089,1095,1089,1091,1500
1700457600,1095,1095,1095,1095,100
1700459400,1090,1090,1090,1090,100
1700460000,1090,1090,1090,1090,100
1700524800,1090,1090,1090,1090,100
1700527200,1091,1091,1091,1091,200
1700530800,1092,1092,1092,1092,300
1700532000,1095,1098,1094,1094,1600
1700533200,1099,1099,1099,1099,200
1700540400,1094,1094,1094,1094,100
1700611200,1094,1094,1094,1094,500
1700612400,1095,1095,1095,1095,100
1700614200,1095,1095,1095,1095,100
1700614800,1100,1102,1100,1102,400
1700615400,1105,1105,1105,1105,100
1700616000,1108,1108,1099,1099,300
1700617800,1095,1095,1090,1090,600
1700620200,1089,1089,1089,1089,100
1700623800,1089,1093,1089,1093,400
1700632200,1091,1091,1091,1091,100
1700632800,1095,1095,1095,1095,100
1700784000,1098,1103,1098,1103,200
1700785200,1098,1098,1098,1098,100
1700786400,1097,1097,1097,1097,100
1700787000,1097,1102,1097,1102,200
1700788800,1100,1100,1100,1100,100
1700789400,1099,1099,1088,1088,1200
1700790000,1088,1088,1080,1083,1000
1700793000,1087,1087,1087,1087,100
1700796600,1093,1093,1093,1093,100
1700798400,1094,1094,1091,1091,200
1700799000,1094,1095,1094,1095,500
1700803200,1097,1097,1097,1097,100
1700804400,1099,1102,1099,1102,200
1700805000,1102,1102,1102,1102,200
1701043200,1103,1107,1103,1107,300
1701043800,1107,1107,1107,1107,100
1701044400,1107,1107,1107,1107,100
1701045600,1107,1108,1102,1102,400
1701047400,1104,1108,1104,1108,200
1701048000,1110,1110,1110,1110,200
1701051000,1109,1115,1107,1107,1200
1701051600,1106,1106,1106,1106,100
1701056400,1106,1115,1106,1115,300
1701057000,1115,1115,1107,1107,2100
1701058800,1109,1109,1109,1109,100
1701061800,1115,1115,1115,1115,100
1701062400,1114,1115,1109,1109,300
1701063600,1115,1115,1115,1115,100
1701064200,1115,1115,1112,1112,200
1701129600,1112,1112,1112,1112,100
1701130800,1115,1119,1115,1119,300
1701133200,1120,1120,1120,1120,300
1701133800,1124,1124,1124,1124,100
1701136800,1118,1118,1118,1118,100
1701142200,1078,1078,1030,1058,345700
1701142800,1055,1056,1055,1055,400
1701143400,1065,1071,1065,1069,1000
1701144000,1069,1071,1069,1071,800
1701144600,1071,1071,1071,1071,300
1701145800,1071,1071,1071,1071,200
1701146400,1073,1075,1061,1064,2300
1701147000,1063,1070,1063,1070,600
1701147600,1070,1071,1069,1069,900
1701148200,1069,1069,1069,1069,100
1701148800,1072,1076,1072,1076,200
1701149400,1078,1082,1078,1082,600
1701150000,1076,1076,1071,1071,800
1701150600,1073,1074,1068,1068,1300
1701151200,1067,1067,1067,1067,1200
1701216000,1080,1088,1080,1084,1300
1701216600,1081,1083,1081,1083,200
1701217200,1081,1081,1080,1080,400
1701217800,1078,1083,1078,1079,900
1701218400,1080,1081,1080,1081,200
1701219000,1086,1086,1086,1086,100
1701221400,1084,1084,1084,1084,100
1701223800,1075,1076,1074,1074,300
1701228600,1083,1083,1083,1083,100
1701229800,1081,1081,1080,1080,200
1701231000,1081,1081,1081,1081,100
1701231600,1082,1082,1082,1082,100
1701234000,1081,1081,1081,1081,100
1701234600,1083,1083,1083,1083,100
1701236400,1083,1087,1083,1087,500
1701237600,1085,1085,1085,1085,100
1701302400,1090,1090,1086,1089,600
1701303000,1090,1094,1090,1094,200
1701303600,1097,1098,1097,1098,200
1701304200,1098,1098,1098,1098,200
1701304800,1091,1091,1091,1091,100
1701305400,1090,1090,1090,1090,200
1701306000,1087,1087,1085,1085,300
1701307200,1081,1081,1065,1065,1100
1701307800,1072,1072,1072,1072,100
1701308400,1075,1081,1075,1076,300
1701311400,1084,1084,1084,1084,100
1701315000,1084,1085,1079,1085,800
1701318600,1086,1086,1086,1086,100
1701319200,1087,1087,1087,1087,100
1701319800,1089,1089,1089,1089,100
1701321000,1087,1087,1087,1087,100
1701324000,1082,1082,1082,1082,100
1701388800,1082,1082,1081,1082,400
1701390600,1083,1083,1083,1083,100
1701397200,1083,1083,1083,1083,100
1701402600,1083,1083,1083,1083,100
1701406800,1087,1090,1087,1090,500
1701648000,1095,1095,1090,1090,300
1701648600,1090,1095,1088,1093,400
1701650400,1092,1092,1092,1092,100
1701651000,1088,1088,1085,1085,1000
1701652200,1086,1086,1086,1086,100
1701652800,1092,1092,1092,1092,100
1701653400,1087,1087,1085,1085,600
1701654600,1092,1092,1087,1087,200
1701655800,1093,1093,1093,1093,100
1701660600,1096,1096,1093,1093,300
1701661800,1094,1094,1094,1094,100
1701663000,1095,1095,1095,1095,100
1701664200,1095,1096,1095,1096,300
1701664800,1092,1093,1088,1093,600
1701669600,1086,1086,1086,1086,300
1701734400,1082,1088,1082,1088,500
1701736200,1093,1094,1088,1088,300
1701738600,1088,1088,1085,1085,200
1701741600,1090,1090,1090,1090,100
1701742200,1092,1092,1092,1092,100
1701742800,1093,1093,1086,1086,300
1701747000,1086,1089,1086,1089,400
1701749400,1088,1088,1088,1088,100
1701750000,1089,1093,1089,1093,200
1701750600,1095,1095,1095,1095,100
1701756000,1095,1095,1095,1095,100
1701820800,1093,1098,1091,1092,500
1701825000,1093,1093,1093,1093,200
1701828000,1092,1092,1092,1092,100
1701828600,1090,1090,1090,1090,200
1701833400,1090,1090,1090,1090,200
1701834000,1090,1090,1090,1090,100
1701837000,1096,1112,1091,1109,2700
1701837600,1110,1117,1105,1105,700
1701838800,1111,1114,1111,1113,300
1701839400,1110,1110,1110,1110,100
1701840000,1104,1104,1104,1104,100
1701840600,1103,1103,1103,1103,200
1701841200,1104,1104,1104,1104,100
1701841800,1100,1100,1100,1100,200
1701842400,1100,1100,1100,1100,100
1701907200,1100,1100,1100,1100,200
1701909600,1099,1099,1098,1098,300
1701910200,1098,1098,1098,1098,300
1701912600,1100,1100,1100,1100,100
1701913200,1104,1105,1090,1091,1400
1701916200,1091,1091,1091,1091,100
1701919800,1090,1090,1090,1090,700
1701924600,1093,1093,1090,1090,700
1701926400,1090,1095,1090,1095,400
1701927600,1097,1097,1097,1097,100
1701928800,1097,1097,1097,1097,300
1701993600,1086,1096,1085,1096,2100
1701995400,1088,1088,1084,1084,800
1701996000,1082,1090,1082,1090,200
1701997800,1092,1092,1082,1082,900
1702002000,1084,1084,1083,1083,200
1702006200,1083,1093,1083,1093,300
1702008600,1091,1091,1091,1091,200
1702009800,1092,1092,1092,1092,100
1702010400,1087,1087,1087,1087,200
1702014000,1091,1091,1091,1091,100
1702014600,1085,1085,1085,1085,200
1702015200,1085,1085,1085,1085,100
1702252800,1098,1098,1096,1096,300
1702253400,1086,1086,1084,1085,700
1702254000,1085,1085,1085,1085,100
1702255800,1089,1089,1089,1089,100
1702257000,1089,1089,1089,1089,100
1702257600,1087,1087,1087,1087,100
1702258800,1085,1085,1081,1081,1100
1702259400,1082,1082,1082,1082,100
1702260600,1085,1085,1082,1082,300
1702265400,1081,1081,1081,1081,300
1702266000,1081,1083,1081,1083,400
1702266600,1083,1083,1083,1083,100
1702267800,1082,1082,1082,1082,100
1702270200,1084,1084,1083,1083,200
1702271400,1086,1086,1086,1086,300
1702272000,1090,1091,1090,1091,200
1702273800,1084,1084,1083,1083,200
1702274400,1082,1082,1082,1082,200
1702339200,1080,1081,1076,1081,3100
1702340400,1082,1082,1081,1081,400
1702342800,1081,1081,1081,1081,100
1702343400,1080,1080,1079,1079,400
1702344600,1081,1081,1081,1081,100
1702345200,1082,1083,1082,1083,200
1702346400,1080,1080,1080,1080,100
1702348200,1083,1083,1083,1083,100
1702351800,1079,1079,1079,1079,200
1702352400,1080,1080,1080,1080,100
1702353600,1080,1080,1080,1080,100
1702357800,1083,1083,1081,1083,300
1702359600,1080,1080,1080,1080,100
1702360200,1079,1079,1079,1079,100
1702360800,1078,1078,1078,1078,100
1702425600,1076,1083,1076,1083,1500
1702426200,1083,1088,1083,1088,300
1702429200,1080,1080,1080,1080,100
1702429800,1082,1082,1076,1082,1400
1702431600,1084,1087,1083,1083,500
1702432200,1086,1086,1084,1084,300
1702432800,1087,1087,1087,1087,100
1702438200,1088,1088,1087,1088,300
1702439400,1088,1090,1085,1090,1400
1702440000,1085,1085,1084,1084,200
1702441800,1088,1094,1088,1094,500
1702443600,1094,1094,1094,1094,200
1702444200,1094,1094,1094,1094,100
1702446000,1091,1091,1091,1091,200
1702446600,1093,1093,1093,1093,100
1702447200,1092,1092,1092,1092,100
1702512000,1092,1095,1092,1095,300
1702512600,1095,1095,1095,1095,100
1702513800,1095,1095,1095,1095,100
1702514400,1094,1094,1094,1094,100
1702515000,1094,1094,1090,1090,900
1702515600,1088,1088,1085,1085,600
1702516200,1081,1081,1081,1081,300
1702518600,1081,1081,1081,1081,100
1702519200,1085,1085,1085,1085,100
1702520400,1089,1089,1089,1089,100
1702524600,1089,1089,1089,1089,100
1702525200,1092,1092,1092,1092,100
1702526400,1089,1089,1089,1089,100
1702528200,1096,1100,1090,1090,900
1702528800,1087,1087,1087,1087,100
1702530600,1093,1093,1089,1089,200
1702532400,1086,1086,1083,1083,300
1702533000,1082,1083,1081,1081,400
1702533600,1081,1081,1081,1081,200
1702598400,1076,1078,1076,1078,1500
1702599000,1080,1081,1080,1081,200
1702601400,1082,1082,1081,1081,200
1702602000,1081,1081,1081,1081,100
1702605600,1081,1081,1081,1081,100
1702607400,1082,1082,1082,1082,100
1702611000,1080,1081,1080,1081,200
1702613400,1084,1084,1084,1084,100
1702617600,1082,1084,1081,1084,500
1702618800,1080,1080,1080,1080,100
1702620000,1079,1079,1079,1079,100
1702857600,1090,1090,1084,1090,1700
1702858800,1090,1092,1087,1092,700
1702859400,1087,1090,1080,1090,800
1702860000,1091,1091,1091,1091,100
1702861200,1089,1089,1089,1089,100
1702862400,1088,1088,1088,1088,100
1702864200,1089,1092,1089,1092,400
1702866000,1091,1091,1091,1091,100
1702870200,1092,1093,1092,1093,400
1702870800,1093,1093,1093,1093,200
1702871400,1093,1094,1093,1094,600
1702872000,1096,1100,1096,1100,600
1702872600,1100,1120,1100,1112,1100
1702873200,1108,1110,1099,1110,900
1702874400,1094,1094,1094,1094,100
1702875000,1094,1104,1094,1104,200
1702876800,1104,1104,1104,1104,100
1702878000,1106,1106,1106,1106,100
1702878600,1104,1106,1104,1106,500
1702879200,1106,1106,1106,1106,400
1702944000,1099,1099,1099,1099,700
1702944600,1098,1098,1095,1095,500
1702946400,1095,1095,1095,1095,100
1702947600,1091,1091,1091,1091,100
1702948800,1091,1091,1091,1091,100
1702949400,1090,1100,1090,1100,300
1702951200,1090,1090,1090,1090,300
1702951800,1090,1090,1089,1089,200
1702956600,1091,1092,1088,1088,800
1702957800,1088,1088,1087,1087,300
1702959000,1088,1088,1088,1088,200
1702961400,1089,1089,1089,1089,300
1702965000,1086,1086,1086,1086,100
1702965600,1085,1085,1085,1085,200
1703030400,1080,1083,1080,1083,2800
1703031000,1094,1094,1089,1089,200
1703031600,1089,1089,1082,1082,300
1703032200,1082,1082,1082,1082,300
1703035200,1088,1088,1088,1088,100
1703037000,1088,1088,1088,1088,100
1703038800,1087,1087,1085,1085,200
1703043600,1084,1084,1083,1083,400
1703044200,1085,1085,1085,1085,100
1703044800,1085,1085,1085,1085,100
1703045400,1085,1085,1085,1085,200
1703048400,1083,1083,1082,1082,200
1703049600,1082,1082,1082,1082,100
1703050200,1081,1081,1081,1081,100
1703051400,1082,1084,1082,1084,300
1703052000,1085,1085,1085,1085,100
1703116800,1085,1085,1085,1085,200
1703117400,1084,1084,1080,1080,1000
1703118000,1080,1080,1080,1080,300
1703121000,1081,1081,1081,1081,200
1703122800,1082,1082,1082,1082,300
1703125200,1081,1081,1081,1081,200
1703129400,1081,1081,1081,1081,100
1703130000,1080,1080,1078,1078,1800
1703133000,1078,1078,1078,1078,200
1703133600,1077,1077,1077,1077,500
1703134200,1077,1078,1075,1078,1500
1703134800,1079,1079,1079,1079,200
1703135400,1079,1079,1079,1079,100
1703136600,1081,1081,1080,1080,200
1703137200,1080,1080,1080,1080,100
1703137800,1079,1079,1077,1077,200
1703138400,1077,1077,1077,1077,100
1703203200,1066,1070,1061,1061,5300
1703203800,1061,1062,1061,1062,300
1703205000,1065,1069,1065,1069,200
1703205600,1070,1070,1070,1070,100
1703206200,1071,1071,1071,1071,100
1703208000,1072,1072,1072,1072,200
1703211000,1071,1071,1070,1070,300
1703212200,1071,1071,1071,1071,100
1703215800,1068,1068,1068,1068,200
1703216400,1070,1070,1069,1069,300
1703217000,1069,1069,1068,1068,300
1703217600,1067,1067,1066,1066,500
1703218200,1071,1071,1071,1071,100
1703218800,1067,1067,1065,1065,200
1703219400,1066,1066,1064,1064,500
1703220000,1064,1064,1060,1060,2300
1703220600,1058,1058,1058,1058,100
1703221200,1059,1059,1055,1055,600
1703221800,1061,1061,1061,1061,200
1703223600,1061,1061,1061,1061,200
1703224200,1057,1057,1055,1055,300
1703224800,1055,1055,1055,1055,400
1703462400,1063,1065,1060,1060,1900
1703463000,1059,1061,1058,1061,1100
1703463600,1058,1060,1057,1057,500
1703464800,1059,1060,1058,1058,300
1703465400,1059,1059,1059,1059,100
1703466000,1058,1059,1058,1059,200
1703467200,1059,1065,1059,1059,1100
1703467800,1059,1059,1058,1058,300
1703468400,1058,1058,1057,1058,500
1703470200,1058,1058,1057,1057,500
1703471400,1057,1057,1057,1057,300
1703475000,1057,1062,1057,1062,200
1703476200,1063,1065,1060,1065,700
1703476800,1068,1068,1065,1065,200
1703478600,1063,1063,1063,1063,100
1703479800,1063,1063,1063,1063,300
1703481000,1062,1065,1062,1065,200
1703481600,1062,1062,1062,1062,100
1703482200,1061,1061,1056,1056,600
1703482800,1058,1058,1057,1057,200
1703483400,1059,1068,1059,1068,300
1703484000,1068,1068,1068,1068,100
1703548800,1062,1062,1061,1061,700
1703549400,1068,1069,1061,1069,400
1703550600,1062,1062,1062,1062,100
1703551200,1062,1062,1062,1062,100
1703553000,1063,1063,1063,1063,100
1703555400,1062,1062,1061,1061,200
1703556600,1063,1063,1063,1063,100
1703557200,1062,1063,1062,1063,200
1703557800,1063,1063,1063,1063,100
1703561400,1061,1061,1061,1061,300
1703562000,1064,1064,1064,1064,100
1703563200,1065,1065,1062,1064,500
1703564400,1065,1065,1062,1062,600
1703567400,1063,1063,1063,1063,100
1703568600,1060,1060,1060,1060,100
1703569200,1064,1064,1064,1064,100
1703569800,1068,1068,1068,1068,100
1703570400,1067,1067,1067,1067,100
1703635200,1067,1067,1067,1067,1500
1703635800,1066,1067,1066,1067,400
1703637000,1068,1068,1068,1068,100
1703637600,1068,1068,1068,1068,100
1703638200,1069,1069,1069,1069,100
1703638800,1070,1070,1070,1070,400
1703640000,1074,1079,1074,1079,2100
1703641200,1080,1082,1080,1082,400
1703643000,1075,1075,1075,1075,100
1703648400,1072,1080,1070,1071,1900
1703649000,1081,1081,1081,1081,100
1703653200,1074,1074,1073,1073,200
1703655000,1079,1084,1079,1084,3000
1703655600,1075,1075,1069,1069,800
1703656200,1079,1079,1073,1073,300
1703656800,1084,1084,1084,1084,100
1703721600,1084,1084,1084,1084,300
1703722800,1086,1087,1086,1087,300
1703724600,1091,1091,1091,1091,100
1703725200,1093,1100,1093,1100,800
1703726400,1100,1100,1096,1096,300
1703728200,1095,1095,1095,1095,100
1703734200,1093,1093,1093,1093,100
1703734800,1095,1095,1095,1095,300
1703735400,1099,1099,1099,1099,100
1703736000,1101,1101,1095,1095,200
1703742000,1100,1104,1100,1104,300
1703742600,1108,1109,1101,1101,800
1703743200,1102,1102,1102,1102,200
1703808000,1100,1100,1100,1100,400
1703808600,1101,1101,1101,1101,100
1703809200,1109,1125,1109,1120,700
1703809800,1120,1127,1120,1127,1200
1703810400,1124,1124,1122,1122,200
1703811000,1125,1129,1125,1129,300
1703811600,1133,1139,1133,1138,800
1703812200,1130,1133,1130,1133,300
1703812800,1134,1134,1125,1125,500
1703813400,1122,1133,1122,1123,2000
1703814000,1124,1124,1124,1124,100
1703815200,1130,1130,1130,1130,200
1703815800,1130,1130,1126,1126,200
1703820600,1125,1125,1125,1125,500
1703821200,1125,1125,1125,1125,200
1703821800,1135,1135,1135,1135,100
1703823000,1129,1129,1129,1129,200
1703823600,1128,1128,1128,1128,100
1703824200,1128,1128,1128,1128,200
1703825400,1124,1124,1124,1124,100
1703826000,1129,1135,1129,1135,1000
1703827200,1131,1131,1127,1127,700
1703828400,1132,1137,1132,1137,1100
1703829600,1139,1139,1139,1139,400
1704326400,1142,1152,1142,1152,2200
1704327000,1155,1161,1155,1160,2900
1704327600,1160,1161,1143,1143,1600
1704328200,1145,1145,1142,1142,700
1704329400,1147,1147,1142,1142,1200
1704330000,1142,1142,1138,1139,1000
1704330600,1140,1140,1140,1140,100
1704332400,1142,1142,1136,1137,1000
1704333000,1138,1140,1138,1140,200
1704333600,1147,1147,1139,1139,200
1704334800,1148,1148,1145,1148,400
1704339000,1150,1150,1147,1147,200
1704339600,1145,1145,1142,1142,200
1704340200,1146,1146,1146,1146,100
1704340800,1149,1150,1140,1140,1000
1704341400,1139,1143,1139,1143,400
1704342000,1144,1145,1144,1145,200
1704342600,1140,1146,1140,1146,200
1704343800,1143,1143,1140,1140,500
1704345000,1140,1140,1140,1140,100
1704345600,1140,1140,1137,1137,300
1704346800,1137,1137,1137,1137,100
1704412800,1142,1143,1142,1143,400
1704413400,1143,1143,1143,1143,100
1704414000,1141,1141,1141,1141,100
1704416400,1143,1158,1143,1145,4600
1704417000,1148,1148,1148,1148,100
1704418200,1152,1154,1146,1146,300
1704418800,1143,1153,1140,1140,2100
1704421800,1148,1148,1148,1148,100
1704425400,1135,1137,1135,1137,600
1704426000,1138,1138,1138,1138,100
1704426600,1140,1150,1137,1150,900
1704427200,1141,1141,1141,1141,100
1704427800,1140,1140,1140,1140,100
1704429000,1146,1146,1146,1146,100
1704430200,1138,1144,1138,1144,200
1704430800,1146,1146,1142,1142,200
1704432000,1148,1148,1148,1148,200
1704433200,1149,1150,1149,1150,300
1704433800,1150,1150,1147,1147,200
1704758400,1160,1168,1160,1160,1500
1704759000,1162,1163,1157,1157,600
1704759600,1163,1163,1161,1161,300
1704760200,1160,1160,1157,1159,300
1704761400,1155,1155,1147,1150,2100
1704762000,1150,1150,1150,1150,100
1704763200,1146,1146,1146,1146,100
1704764400,1150,1150,1150,1150,200
1704766200,1151,1151,1151,1151,100
1704766800,1155,1160,1152,1152,1100
1704767400,1160,1160,1160,1160,100
1704771000,1160,1160,1160,1160,400
1704771600,1158,1160,1158,1160,300
1704772200,1155,1159,1155,1155,400
1704772800,1155,1155,1146,1146,1800
1704774000,1147,1147,1147,1147,100
1704775200,1149,1150,1149,1150,300
1704775800,1147,1147,1147,1147,100
1704776400,1149,1151,1149,1151,400
1704778200,1149,1149,1147,1147,300
1704779400,1151,1152,1145,1145,1200
1704780000,1152,1152,1152,1152,100
1704844800,1146,1146,1143,1143,600
1704845400,1140,1140,1140,1140,500
1704846000,1140,1140,1140,1140,200
1704846600,1140,1140,1140,1140,300
1704847200,1143,1143,1143,1143,100
1704848400,1145,1145,1145,1145,300
1704849000,1144,1144,1144,1144,100
1704849600,1146,1155,1146,1148,1000
1704850200,1150,1150,1149,1149,300
1704852000,1149,1149,1149,1149,100
1704852600,1146,1146,1146,1146,200
1704853200,1145,1145,1145,1145,100
1704857400,1142,1142,1142,1142,100
1704858000,1142,1142,1140,1140,1100
1704858600,1141,1141,1140,1140,300
1704860400,1144,1144,1143,1143,300
1704861000,1142,1142,1140,1140,800
1704861600,1145,1146,1145,1146,200
1704862800,1141,1141,1139,1139,400
1704863400,1139,1139,1137,1137,300
1704864000,1136,1141,1136,1141,200
1704865200,1140,1140,1140,1140,100
1704865800,1136,1136,1136,1136,400
1704866400,1141,1141,1141,1141,100
1704931200,1151,1151,1140,1140,2300
1704931800,1143,1143,1143,1143,100
1704932400,1141,1141,1141,1141,200
1704933000,1139,1140,1138,1140,300
1704934200,1141,1141,1138,1138,600
1704937200,1140,1140,1140,1140,200
1704938400,1141,1141,1140,1140,300
1704939600,1142,1146,1140,1140,600
1704943800,1146,1146,1139,1139,500
1704945000,1140,1140,1140,1140,100
1704945600,1140,1140,1140,1140,100
1704946200,1143,1150,1140,1144,3000
1704948000,1144,1144,1143,1143,200
1704948600,1142,1142,1140,1140,200
1704949200,1140,1140,1140,1140,100
1704950400,1140,1140,1140,1140,100
1704951000,1141,1144,1141,1141,800
1704951600,1139,1139,1139,1139,200
1705017600,1140,1141,1139,1139,2800
1705018200,1137,1137,1130,1130,2300
1705018800,1129,1129,1129,1129,100
1705019400,1129,1129,1124,1124,800
1705020000,1123,1123,1120,1120,500
1705021200,1135,1135,1135,1135,100
1705022400,1131,1132,1131,1131,600
1705023000,1122,1122,1122,1122,100
1705023600,1121,1121,1121,1121,100
1705024200,1121,1121,1121,1121,100
1705024800,1121,1121,1120,1120,300
1705025400,1120,1120,1120,1120,100
1705026000,1121,1121,1121,1121,100
1705026600,1121,1121,1121,1121,100
1705030200,1123,1123,1120,1120,700
1705031400,1120,1120,1120,1120,100
1705032600,1120,1120,1120,1120,200
1705035000,1121,1121,1115,1115,1000
1705035600,1115,1115,1115,1115,100
1705036200,1115,1115,1113,1113,800
1705036800,1115,1115,1115,1115,100
1705037400,1123,1123,1123,1123,100
1705038000,1117,1122,1117,1122,500
1705276800,1143,1143,1143,1143,700
1705277400,1128,1128,1120,1120,3100
1705278600,1121,1121,1120,1120,400
1705281600,1122,1129,1122,1129,200
1705282800,1123,1123,1120,1120,2400
1705284000,1119,1119,1119,1119,200
1705289400,1119,1119,1119,1119,100
1705290600,1120,1120,1120,1120,100
1705291800,1119,1124,1119,1122,400
1705292400,1121,1121,1119,1119,300
1705293000,1125,1125,1125,1125,100
1705294200,1121,1121,1120,1120,200
1705294800,1120,1120,1120,1120,200
1705296000,1119,1119,1119,1119,100
1705297800,1120,1125,1120,1125,300
1705363200,1137,1137,1130,1130,600
1705365000,1127,1127,1125,1125,300
1705366800,1127,1127,1127,1127,100
1705368600,1130,1130,1120,1121,1100
1705371000,1120,1120,1120,1120,100
1705375800,1123,1123,1123,1123,100
1705380000,1122,1122,1119,1119,700
1705381200,1121,1121,1120,1120,200
1705383000,1120,1120,1120,1120,100
1705383600,1126,1126,1120,1120,600
1705384200,1125,1125,1125,1125,100
1705449600,1134,1134,1125,1125,600
1705450200,1122,1122,1120,1120,400
1705452000,1121,1121,1120,1120,500
1705453800,1125,1125,1120,1120,400
1705454400,1119,1119,1119,1119,100
1705456800,1120,1124,1120,1124,200
1705457400,1124,1124,1124,1124,100
1705458000,1120,1120,1120,1120,200
1705462200,1120,1120,1120,1120,200
1705464600,1122,1122,1122,1122,200
1705465200,1121,1121,1120,1120,200
1705465800,1119,1119,1119,1119,400
1705469400,1121,1121,1119,1119,300
1705536600,1120,1120,1119,1119,700
1705538400,1119,1119,1119,1119,200
1705539000,1120,1120,1120,1120,100
1705539600,1118,1118,1118,1118,100
1705542000,1118,1118,1118,1118,200
1705543200,1118,1118,1118,1118,200
1705548600,1120,1120,1117,1117,200
1705549200,1119,1119,1119,1119,100
1705551000,1116,1116,1116,1116,300
1705552200,1118,1118,1118,1118,100
1705553400,1118,1118,1118,1118,100
1705554600,1119,1119,1119,1119,200
1705622400,1120,1120,1120,1120,500
1705624200,1116,1116,1113,1113,1300
1705625400,1112,1112,1110,1110,1300
1705628400,1111,1111,1111,1111,300
1705629000,1111,1112,1111,1112,200
1705629600,1112,1112,1110,1110,500
1705635600,1113,1113,1113,1113,100
1705636200,1113,1113,1113,1113,100
1705638000,1113,1113,1113,1113,100
1705638600,1115,1115,1115,1115,200
1705640400,1111,1115,1111,1115,500
1705641600,1119,1119,1119,1119,100
1705642800,1115,1115,1115,1115,100
1705643400,1117,1119,1114,1114,400
1705881600,1120,1120,1115,1115,900
1705883400,1115,1115,1114,1114,400
1705884000,1114,1117,1114,1117,200
1705884600,1115,1115,1115,1115,100
1705885200,1114,1114,1114,1114,100
1705885800,1113,1113,1113,1113,100
1705887000,1113,1114,1113,1114,400
1705890000,1114,1117,1114,1117,200
1705894200,1117,1118,1115,1115,500
1705895400,1119,1119,1119,1119,100
1705898400,1119,1119,1119,1119,100
1705899600,1115,1115,1115,1115,200
1705900200,1116,1116,1116,1116,100
1705901400,1114,1114,1114,1114,100
1705968000,1121,1121,1121,1121,900
1705970400,1117,1117,1117,1117,100
1705971600,1117,1117,1117,1117,100
1705973400,1115,1116,1115,1116,300
1705981200,1116,1116,1116,1116,100
1705981800,1119,1119,1119,1119,100
1705982400,1116,1116,1116,1116,100
1705989600,1116,1116,1116,1116,100
1706054400,1120,1126,1120,1120,3900
1706055000,1120,1120,1119,1119,500
1706055600,1120,1120,1116,1117,2700
1706056800,1117,1117,1117,1117,100
1706058600,1116,1116,1114,1114,600
1706059800,1115,1115,1114,1114,600
1706060400,1119,1119,1119,1119,100
1706062200,1114,1114,1114,1114,400
1706067000,1119,1119,1119,1119,300
1706068200,1113,1113,1112,1113,800
1706072400,1116,1116,1116,1116,100
1706073600,1116,1116,1115,1115,200
1706074200,1117,1117,1117,1117,100
1706074800,1116,1116,1116,1116,100
1706075400,1117,1118,1117,1118,200
1706140800,1120,1120,1120,1120,200
1706141400,1118,1118,1118,1118,100
1706142600,1115,1115,1115,1115,100
1706145000,1115,1115,1112,1112,1000
1706146800,1115,1115,1115,1115,100
1706147400,1119,1119,1119,1119,100
1706153400,1113,1113,1113,1113,200
1706154600,1114,1116,1110,1110,3300
1706155200,1111,1111,1109,1109,200
1706155800,1111,1111,1109,1109,400
1706160000,1111,1111,1111,1111,100
1706161200,1111,1111,1109,1109,800
1706161800,1109,1111,1109,1111,500
1706162400,1110,1110,1110,1110,100
1706227200,1108,1108,1108,1108,200
1706227800,1105,1107,1104,1104,700
1706229000,1104,1104,1103,1103,300
1706230200,1103,1103,1103,1103,100
1706232600,1103,1103,1103,1103,100
1706233800,1104,1104,1104,1104,100
1706235600,1107,1107,1107,1107,100
1706239800,1108,1108,1105,1105,300
1706241600,1109,1109,1109,1109,100
1706242200,1105,1105,1105,1105,100
1706244000,1105,1105,1105,1105,200
1706244600,1109,1110,1105,1105,300
1706246400,1105,1105,1105,1105,100
1706247600,1104,1104,1104,1104,200
1706248800,1110,1110,1110,1110,100
1706486400,1120,1121,1119,1121,2000
1706487000,1118,1118,1118,1118,300
1706487600,1115,1115,1115,1115,100
1706488200,1115,1115,1115,1115,100
1706488800,1116,1117,1111,1111,600
1706490000,1111,1111,1111,1111,200
1706491200,1113,1115,1113,1115,200
1706491800,1116,1116,1111,1115,1300
1706493600,1111,1111,1110,1110,600
1706494200,1112,1113,1112,1113,200
1706494800,1113,1113,1113,1113,100
1706499000,1110,1114,1110,1114,1100
1706499600,1114,1114,1114,1114,200
1706503200,1118,1118,1118,1118,100
1706503800,1116,1119,1115,1119,300
1706505000,1119,1119,1113,1113,500
1706505600,1118,1118,1113,1113,200
1706506800,1119,1119,1119,1119,100
1706507400,1114,1114,1114,1114,100
1706508000,1114,1114,1114,1114,200
1706572800,1114,1114,1110,1110,1200
1706573400,1110,1110,1110,1110,100
1706574000,1110,1110,1106,1106,1000
1706574600,1106,1106,1100,1103,2100
1706575200,1103,1104,1103,1104,300
1706577600,1104,1104,1104,1104,100
1706578800,1104,1105,1102,1102,500
1706580600,1103,1103,1103,1103,100
1706585400,1103,1103,1103,1103,200
1706586000,1104,1104,1104,1104,100
1706586600,1105,1105,1105,1105,100
1706587200,1108,1109,1108,1109,200
1706590200,1108,1109,1102,1102,1000
1706591400,1105,1106,1105,1106,200
1706592000,1102,1102,1102,1102,100
1706592600,1105,1105,1105,1105,300
1706593200,1105,1105,1105,1105,100
1706593800,1103,1103,1094,1094,4900
1706594400,1094,1094,1094,1094,100
1706659200,1094,1094,1089,1089,2500
1706659800,1089,1089,1086,1086,700
1706660400,1086,1086,1081,1081,700
1706661000,1082,1084,1081,1081,1100
1706661600,1080,1080,1076,1076,1900
1706662200,1076,1076,1072,1072,800
1706662800,1072,1078,1070,1078,700
1706663400,1075,1075,1074,1074,200
1706664000,1073,1073,1073,1073,100
1706664600,1073,1073,1073,1073,200
1706665800,1074,1074,1073,1073,500
1706666400,1075,1076,1075,1076,200
1706667000,1077,1077,1077,1077,100
1706668200,1080,1080,1080,1080,300
1706671800,1078,1078,1078,1078,400
1706674200,1079,1079,1079,1079,100
1706676600,1079,1079,1079,1079,100
1706677800,1079,1079,1079,1079,100
1706679000,1081,1081,1075,1075,1200
1706679600,1082,1082,1082,1082,100
1706680200,1085,1085,1085,1085,200
1706680800,1088,1088,1088,1088,300
1706745600,1088,1088,1080,1080,600
1706746200,1081,1081,1081,1081,100
1706749200,1081,1081,1081,1081,100
1706751600,1084,1084,1084,1084,200
1706752200,1082,1082,1082,1082,100
1706758200,1085,1085,1085,1085,100
1706759400,1084,1084,1084,1084,100
1706761200,1084,1084,1084,1084,100
1706761800,1085,1085,1085,1085,100
1706763000,1085,1088,1085,1088,500
1706764800,1084,1084,1082,1082,400
1706766600,1082,1082,1082,1082,100
1706832000,1082,1082,1082,1082,700
1706833800,1083,1083,1083,1083,100
1706834400,1082,1084,1082,1084,200
1706835000,1088,1089,1088,1089,200
1706837400,1089,1089,1089,1089,200
1706839200,1086,1087,1086,1087,300
1706839800,1089,1089,1089,1089,100
1706844600,1089,1089,1089,1089,100
1706845200,1090,1093,1090,1093,400
1706845800,1092,1092,1092,1092,100
1706849400,1093,1093,1093,1093,200
1706851800,1094,1094,1094,1094,100
1706853000,1096,1096,1096,1096,100
1707091200,1102,1106,1098,1105,1400
1707091800,1107,1107,1107,1107,100
1707092400,1107,1107,1107,1107,100
1707093000,1101,1101,1101,1101,100
1707095400,1100,1104,1100,1104,200
1707097800,1100,1100,1100,1100,100
1707099000,1101,1103,1100,1103,300
1707099600,1101,1102,1100,1102,600
1707100200,1103,1103,1103,1103,100
1707103800,1104,1105,1104,1105,300
1707105000,1100,1100,1100,1100,100
1707109200,1101,1101,1101,1101,100
1707109800,1102,1103,1102,1103,200
1707110400,1101,1101,1100,1100,700
1707111600,1100,1100,1100,1100,100
1707177600,1105,1105,1105,1105,600
1707178200,1101,1103,1100,1103,500
1707179400,1103,1103,1103,1103,100
1707181200,1102,1102,1101,1101,300
1707181800,1100,1100,1100,1100,100
1707183600,1100,1100,1100,1100,100
1707185400,1101,1103,1100,1103,500
1707190200,1103,1103,1103,1103,100
1707190800,1100,1103,1100,1103,300
1707191400,1101,1101,1101,1101,100
1707193200,1100,1100,1100,1100,100
1707193800,1101,1101,1101,1101,100
1707195000,1103,1103,1103,1103,100
1707195600,1100,1100,1100,1100,100
1707196800,1101,1101,1101,1101,100
1707197400,1100,1100,1100,1100,100
1707198600,1100,1102,1099,1102,500
1707199200,1102,1102,1102,1102,100
1707264000,1102,1102,1100,1100,600
1707265200,1098,1098,1097,1097,300
1707265800,1096,1096,1090,1090,2300
1707267600,1090,1090,1090,1090,100
1707268200,1090,1090,1090,1090,100
1707270000,1091,1091,1091,1091,100
1707270600,1090,1090,1088,1088,300
1707271800,1092,1092,1092,1092,100
1707272400,1093,1093,1093,1093,100
1707276600,1096,1096,1096,1096,100
1707277200,1093,1093,1093,1093,100
1707279000,1094,1094,1094,1094,100
1707280200,1091,1091,1089,1089,300
1707283800,1091,1091,1091,1091,100
1707285600,1091,1091,1091,1091,100
1707350400,1088,1089,1088,1089,1400
1707351000,1090,1090,1090,1090,100
1707351600,1087,1091,1087,1091,300
1707352200,1091,1091,1085,1085,600
1707352800,1089,1089,1089,1089,100
1707353400,1089,1089,1089,1089,100
1707354000,1090,1090,1085,1085,300
1707355200,1085,1085,1085,1085,200
1707355800,1085,1085,1085,1085,100
1707356400,1084,1084,1084,1084,300
1707357000,1083,1083,1083,1083,100
1707357600,1083,1090,1083,1083,500
1707363000,1084,1091,1084,1091,400
1707363600,1090,1090,1081,1081,1300
1707364200,1084,1084,1084,1084,100
1707364800,1084,1084,1084,1084,100
1707366000,1083,1083,1083,1083,100
1707367200,1083,1083,1083,1083,300
1707368400,1083,1083,1083,1083,100
1707369600,1084,1088,1084,1088,200
1707370200,1089,1089,1089,1089,100
1707371400,1088,1088,1087,1087,200
1707372000,1086,1086,1086,1086,100
1707436800,1094,1094,1094,1094,600
1707438000,1088,1088,1086,1086,300
1707438600,1091,1091,1091,1091,100
1707439200,1090,1090,1090,1090,100
1707439800,1090,1090,1090,1090,100
1707442800,1090,1092,1090,1092,300
1707449400,1091,1091,1088,1088,200
1707450600,1090,1090,1090,1090,200
1707451800,1090,1090,1090,1090,100
1707453000,1090,1090,1090,1090,100
1707453600,1088,1088,1088,1088,200
1707455400,1090,1090,1090,1090,100
1707457200,1091,1091,1091,1091,100
1707457800,1091,1091,1091,1091,100
1707458400,1085,1085,1085,1085,400
1707782400,1085,1093,1085,1093,1100
1707783000,1093,1093,1093,1093,100
1707783600,1094,1094,1094,1094,300
1707784200,1093,1097,1093,1097,500
1707785400,1098,1098,1098,1098,100
1707786000,1098,1098,1098,1098,100
1707787200,1097,1097,1097,1097,100
1707789000,1099,1114,1099,1114,1300
1707790200,1110,1110,1110,1110,200
1707795000,1100,1100,1100,1100,200
1707795600,1109,1110,1093,1093,1500
1707796200,1105,1105,1105,1105,100
1707797400,1108,1108,1108,1108,100
1707798000,1105,1105,1105,1105,100
1707799200,1097,1097,1097,1097,100
1707802200,1098,1104,1094,1104,700
1707803400,1106,1106,1106,1106,200
1707868800,1107,1107,1107,1107,700
1707870000,1106,1106,1105,1105,300
1707871200,1097,1097,1097,1097,100
1707873000,1095,1095,1095,1095,100
1707873600,1094,1094,1094,1094,100
1707874200,1096,1096,1096,1096,100
1707875400,1096,1096,1096,1096,100
1707876000,1093,1097,1093,1097,300
1707881400,1100,1100,1098,1098,300
1707882000,1097,1097,1094,1094,200
1707882600,1098,1098,1098,1098,100
1707885600,1098,1098,1098,1098,100
1707888600,1100,1100,1100,1100,100
1707889200,1100,1100,1100,1100,100
1707955200,1091,1091,1091,1091,1500
1707955800,1093,1094,1093,1094,200
1707956400,1090,1090,1090,1090,100
1707957000,1095,1096,1091,1091,300
1707958800,1091,1091,1091,1091,200
1707961200,1091,1091,1090,1090,400
1707961800,1090,1090,1090,1090,100
1707967800,1090,1090,1090,1090,100
1707970200,1090,1090,1090,1090,100
1707970800,1089,1089,1087,1087,400
1707972600,1087,1087,1087,1087,100
1707975000,1095,1100,1095,1100,400
1707975600,1100,1100,1099,1099,200
1707976200,1100,1109,1096,1109,500
1708041600,1110,1110,1091,1092,1300
1708042200,1095,1095,1085,1085,1500
1708042800,1085,1085,1085,1085,100
1708043400,1093,1093,1093,1093,100
1708044000,1087,1092,1087,1092,200
1708044600,1087,1092,1087,1092,200
1708045200,1099,1100,1099,1100,200
1708045800,1100,1100,1100,1100,100
1708049400,1099,1099,1099,1099,100
1708054200,1099,1099,1095,1095,200
1708054800,1100,1100,1100,1100,100
1708055400,1107,1107,1107,1107,100
1708056000,1107,1107,1107,1107,100
1708057200,1107,1107,1107,1107,100
1708058400,1107,1107,1107,1107,100
1708060200,1107,1107,1107,1107,100
1708060800,1107,1107,1107,1107,100
1708061400,1097,1108,1097,1108,200
1708062000,1109,1109,1109,1109,200
1708062600,1107,1107,1107,1107,200
1708063200,1098,1098,1098,1098,100
1708300800,1111,1111,1099,1099,1600
1708301400,1099,1099,1099,1099,100
1708302600,1099,1099,1098,1098,300
1708308000,1098,1098,1098,1098,100
1708314000,1100,1102,1100,1102,200
1708314600,1099,1099,1099,1099,100
1708315200,1103,1103,1100,1100,200
1708315800,1098,1098,1098,1098,200
1708317000,1100,1100,1100,1100,100
1708319400,1100,1100,1100,1100,700
1708321800,1103,1103,1103,1103,100
1708387200,1113,1113,1113,1113,500
1708388400,1105,1113,1105,1113,200
1708389000,1106,1106,1106,1106,100
1708389600,1106,1106,1106,1106,100
1708391400,1105,1105,1103,1103,500
1708399800,1103,1103,1103,1103,100
1708404000,1103,1105,1103,1105,200
1708407600,1103,1103,1099,1099,800
1708408200,1098,1098,1097,1097,200
1708473600,1104,1104,1089,1089,2100
1708474200,1091,1091,1089,1089,500
1708475400,1090,1090,1088,1088,600
1708477800,1097,1097,1097,1097,100
1708479000,1091,1091,1090,1090,1000
1708479600,1092,1092,1092,1092,100
1708482000,1092,1096,1087,1096,1600
1708487400,1096,1096,1096,1096,100
1708488000,1096,1096,1096,1096,100
1708488600,1092,1092,1092,1092,100
1708494600,1093,1093,1092,1092,200
1708560000,1088,1090,1088,1088,2300
1708561800,1088,1088,1088,1088,200
1708563000,1089,1089,1089,1089,100
1708563600,1088,1088,1088,1088,100
1708564200,1095,1095,1095,1095,100
1708564800,1093,1093,1093,1093,100
1708572600,1094,1094,1084,1084,1400
1708573200,1088,1092,1088,1092,300
1708573800,1090,1090,1090,1090,100
1708575600,1085,1085,1085,1085,100
1708576800,1090,1090,1090,1090,100
1708579200,1086,1092,1086,1092,1000
1708579800,1086,1092,1085,1092,1200
1708581000,1085,1085,1085,1085,100
1708905600,1088,1088,1088,1088,200
1708906200,1090,1099,1086,1086,1100
1708906800,1090,1090,1080,1080,3700
1708907400,1085,1085,1081,1082,300
1708908000,1083,1083,1080,1080,1400
1708909200,1081,1081,1080,1080,300
1708909800,1083,1083,1083,1083,100
1708910400,1085,1085,1085,1085,100
1708911600,1085,1085,1085,1085,100
1708912200,1088,1088,1088,1088,100
1708912800,1088,1088,1088,1088,100
1708918200,1088,1088,1087,1087,500
1708920000,1085,1085,1085,1085,100
1708920600,1085,1085,1080,1080,1000
1708921200,1081,1081,1080,1080,200
1708921800,1083,1083,1083,1083,100
1708922400,1084,1084,1084,1084,100
1708924800,1090,1090,1084,1084,200
1708926600,1089,1089,1089,1089,100
1708927200,1090,1090,1090,1090,100
1708992000,1090,1090,1085,1085,900
1708992600,1083,1083,1083,1083,100
1708994400,1082,1082,1082,1082,100
1708996200,1082,1082,1080,1080,2000
1708998000,1084,1088,1082,1082,300
1708999800,1082,1082,1082,1082,100
1709000400,1083,1083,1083,1083,100
1709004600,1086,1086,1086,1086,100
1709006400,1086,1086,1083,1083,200
1709007000,1085,1085,1085,1085,100
1709007600,1087,1087,1087,1087,100
1709008200,1083,1083,1083,1083,100
1709010000,1083,1083,1080,1080,1600
1709010600,1081,1081,1081,1081,100
1709011200,1082,1083,1075,1075,2800
1709012400,1078,1081,1078,1081,300
1709013000,1081,1082,1078,1082,400
1709013600,1081,1081,1081,1081,500
1709078400,1091,1091,1091,1091,1400
1709079000,1090,1090,1090,1090,100
1709079600,1090,1090,1090,1090,300
1709080800,1090,1091,1090,1091,200
1709081400,1090,1090,1090,1090,200
1709082000,1090,1090,1090,1090,200
1709082600,1090,1090,1090,1090,100
1709083200,1090,1090,1089,1089,200
1709085000,1090,1090,1090,1090,100
1709086200,1088,1088,1088,1088,100
1709091000,1090,1090,1088,1088,500
1709092200,1088,1088,1088,1088,100
1709094000,1090,1090,1090,1090,400
1709094600,1090,1091,1090,1091,2200
1709095200,1095,1095,1095,1095,300
1709097000,1090,1090,1089,1089,200
1709097600,1088,1088,1087,1087,500
1709098200,1093,1093,1093,1093,300
1709099400,1090,1092,1090,1092,200
1709100000,1087,1087,1087,1087,500
1709164800,1087,1088,1087,1087,2000
1709165400,1093,1093,1090,1090,200
1709166000,1087,1087,1087,1087,100
1709166600,1087,1087,1087,1087,300
1709167200,1088,1088,1085,1085,700
1709167800,1084,1085,1080,1080,2100
1709168400,1085,1085,1085,1085,100
1709170200,1085,1085,1085,1085,100
1709170800,1082,1082,1082,1082,100
1709177400,1087,1087,1084,1084,400
1709180400,1086,1086,1086,1086,100
1709181000,1084,1084,1084,1084,300
1709183400,1083,1083,1080,1080,900
1709184000,1081,1085,1080,1085,700
1709184600,1083,1083,1083,1083,100
1709185200,1086,1086,1086,1086,100
1709185800,1081,1083,1081,1083,200
1709251200,1099,1099,1083,1083,2900
1709251800,1082,1085,1079,1085,1200
1709252400,1085,1085,1085,1085,100
1709253000,1083,1083,1081,1081,200
1709253600,1080,1080,1079,1079,300
1709254800,1085,1085,1085,1085,100
1709256000,1082,1082,1082,1082,100
1709256600,1082,1085,1081,1081,1100
1709259000,1085,1085,1085,1085,200
1709259600,1084,1084,1077,1077,2700
1709263800,1082,1082,1082,1082,200
1709264400,1082,1083,1081,1081,300
1709266200,1082,1082,1082,1082,100
1709267400,1082,1082,1078,1078,2600
1709269200,1079,1079,1079,1079,100
1709270400,1079,1079,1076,1076,2400
1709271600,1076,1076,1075,1075,900
1709272200,1076,1077,1076,1076,500
1709272800,1074,1074,1074,1074,200
1709510400,1087,1088,1080,1088,1700
1709511000,1087,1087,1087,1087,100
1709511600,1088,1088,1077,1077,2000
1709512200,1080,1080,1069,1069,8600
1709512800,1081,1081,1081,1081,100
1709513400,1079,1079,1079,1079,100
1709514000,1080,1080,1080,1080,100
1709514600,1080,1081,1080,1081,200
1709515200,1082,1082,1082,1082,200
1709515800,1077,1077,1077,1077,100
1709517000,1080,1080,1080,1080,100
1709517600,1083,1083,1083,1083,100
1709523000,1077,1077,1075,1075,300
1709523600,1077,1077,1077,1077,100
1709526000,1080,1080,1080,1080,100
1709526600,1081,1084,1081,1084,700
1709527200,1087,1138,1077,1090,21400
1709527800,1090,1098,1089,1098,400
1709528400,1085,1088,1085,1086,800
1709529000,1086,1086,1085,1085,400
1709529600,1092,1097,1092,1097,1700
1709530200,1086,1090,1076,1078,1400
1709530800,1085,1085,1085,1085,300
1709531400,1082,1089,1080,1089,600
1709596800,1087,1087,1081,1081,1300
1709598600,1081,1081,1081,1081,100
1709599200,1086,1086,1086,1086,100
1709599800,1085,1085,1085,1085,100
1709600400,1087,1087,1087,1087,200
1709601600,1085,1085,1085,1085,100
1709603400,1085,1087,1085,1087,1700
1709604000,1090,1090,1090,1090,200
1709604600,1089,1089,1089,1089,100
1709605200,1087,1087,1087,1087,100
1709609400,1093,1093,1082,1085,1000
1709610000,1085,1085,1085,1085,200
1709610600,1085,1085,1085,1085,100
1709613600,1089,1089,1089,1089,100
1709615400,1085,1089,1083,1088,1300
1709616000,1089,1089,1089,1089,100
1709617800,1083,1083,1079,1079,1700
1709618400,1083,1083,1083,1083,100
1709683200,1084,1084,1078,1078,800
1709685000,1081,1081,1081,1081,200
1709685600,1082,1082,1082,1082,100
1709688600,1083,1085,1083,1085,300
1709690400,1085,1085,1085,1085,100
1709691000,1081,1089,1081,1085,1100
1709695800,1082,1082,1082,1082,300
1709696400,1083,1083,1083,1083,200
1709699400,1083,1083,1083,1083,100
1709700000,1083,1083,1083,1083,200
1709701200,1084,1084,1084,1084,400
1709703000,1085,1085,1085,1085,100
1709703600,1083,1083,1083,1083,100
1709704200,1082,1082,1081,1081,600
1709704800,1081,1081,1081,1081,100
1709769600,1086,1086,1084,1085,1000
1709770800,1086,1086,1085,1085,200
1709771400,1085,1085,1082,1082,500
1709772000,1082,1082,1082,1082,100
1709773800,1083,1083,1083,1083,100
1709776200,1083,1083,1082,1082,300
1709778000,1082,1083,1082,1083,200
1709782200,1083,1083,1083,1083,100
1709782800,1083,1083,1083,1083,200
1709785200,1085,1086,1085,1086,400
1709787000,1085,1085,1080,1080,2500
1709788200,1080,1080,1077,1077,2000
1709790000,1081,1081,1075,1075,1600
1709790600,1075,1082,1075,1082,400
1709856000,1084,1084,1082,1082,900
1709857200,1083,1083,1080,1080,600
1709858400,1084,1085,1084,1085,200
1709859000,1084,1084,1084,1084,100
1709862600,1081,1081,1080,1080,200
1709863200,1083,1083,1083,1083,100
1709863800,1081,1081,1081,1081,400
1709864400,1081,1081,1081,1081,100
1709868600,1082,1082,1082,1082,100
1709869200,1082,1082,1073,1077,3200
1709871000,1078,1078,1078,1078,100
1709871600,1079,1081,1079,1081,200
1709874600,1081,1081,1079,1081,300
1709875200,1082,1082,1082,1082,100
1709875800,1081,1081,1081,1081,100
1709876400,1080,1080,1080,1080,100
1709877000,1078,1078,1078,1078,100
1709877600,1078,1078,1078,1078,100
1710115200,1080,1085,1078,1085,2700
1710115800,1083,1083,1083,1083,100
1710117000,1083,1083,1083,1083,100
1710117600,1083,1083,1076,1077,2100
1710118800,1076,1077,1076,1077,200
1710119400,1077,1077,1069,1069,4000
1710120000,1072,1078,1060,1078,2700
1710120600,1078,1078,1060,1060,1200
1710121800,1062,1062,1062,1062,200
1710122400,1061,1061,1060,1061,400
1710123000,1060,1060,1050,1059,3300
1710123600,1052,1057,1046,1055,800
1710127800,1054,1054,1053,1053,600
1710128400,1052,1052,1052,1052,200
1710129000,1052,1052,1046,1046,2800
1710130200,1046,1046,1019,1026,4300
1710130800,1037,1040,1036,1036,600
1710132000,1042,1042,1042,1042,100
1710133200,1040,1048,1040,1045,700
1710133800,1047,1053,1047,1053,300
1710134400,1032,1052,1032,1052,300
1710135000,1038,1051,1037,1037,800
1710135600,1049,1049,1036,1049,400
1710136200,1050,1050,1046,1046,600
1710136800,1052,1052,1052,1052,600
1710201600,1052,1057,1052,1056,1700
1710202200,1052,1052,1052,1052,300
1710202800,1051,1051,1050,1051,700
1710203400,1048,1048,1046,1046,200
1710204600,1049,1051,1046,1051,500
1710205200,1052,1052,1050,1050,200
1710206400,1053,1053,1053,1053,100
1710207000,1050,1050,1048,1048,200
1710209400,1046,1046,1046,1046,100
1710210000,1046,1046,1040,1040,2700
1710210600,1040,1040,1040,1040,100
1710214200,1043,1043,1043,1043,400
1710215400,1044,1044,1042,1042,600
1710216000,1041,1045,1041,1045,300
1710216600,1042,1042,1041,1041,300
1710217200,1043,1043,1043,1043,100
1710217800,1045,1045,1043,1043,200
1710219600,1045,1046,1045,1046,200
1710220800,1047,1047,1047,1047,100
1710222600,1047,1053,1046,1053,800
1710223200,1053,1053,1053,1053,500
1710288000,1054,1054,1053,1053,1300
1710288600,1053,1053,1053,1053,100
1710289200,1053,1053,1040,1047,3200
1710289800,1043,1043,1036,1037,2300
1710291000,1036,1036,1028,1030,4100
1710291600,1030,1036,1030,1036,400
1710292200,1037,1037,1037,1037,100
1710292800,1037,1037,1037,1037,100
1710293400,1035,1037,1033,1037,400
1710294000,1037,1037,1037,1037,100
1710295200,1038,1040,1036,1036,300
1710297000,1041,1041,1041,1041,100
1710301200,1041,1041,1037,1037,300
1710303000,1037,1037,1036,1036,300
1710304200,1039,1039,1037,1037,300
1710304800,1038,1038,1035,1035,500
1710306600,1038,1040,1038,1040,300
1710307200,1037,1037,1021,1029,4500
1710308400,1032,1047,1031,1041,2900
1710309000,1033,1050,1033,1050,1100
1710309600,1050,1050,1050,1050,200
1710374400,1045,1045,1031,1031,1700
1710375000,1032,1046,1032,1046,800
1710375600,1046,1046,1045,1045,300
1710376200,1042,1042,1042,1042,100
1710376800,1044,1044,1044,1044,100
1710378000,1038,1042,1038,1042,400
1710378600,1043,1043,1043,1043,100
1710379800,1043,1043,1043,1043,100
1710380400,1045,1045,1045,1045,100
1710382800,1045,1045,1045,1045,100
1710387000,1046,1049,1046,1049,400
1710387600,1050,1050,1048,1048,200
1710388200,1050,1052,1050,1052,700
1710388800,1049,1052,1049,1052,200
1710389400,1050,1050,1050,1050,100
1710390600,1045,1045,1045,1045,100
1710391800,1050,1050,1050,1050,100
1710392400,1050,1050,1050,1050,200
1710393000,1050,1052,1050,1052,300
1710393600,1051,1051,1051,1051,100
1710394800,1052,1052,1052,1052,100
1710395400,1052,1053,1052,1053,200
1710396000,1052,1052,1052,1052,100
1710460800,1053,1067,1053,1062,2200
1710461400,1062,1062,1062,1062,100
1710462000,1062,1063,1062,1063,300
1710462600,1063,1063,1059,1059,400
1710463800,1061,1063,1061,1063,500
1710464400,1063,1063,1053,1053,700
1710465600,1052,1052,1040,1050,2600
1710466800,1050,1050,1050,1050,100
1710468600,1060,1060,1060,1060,200
1710473400,1051,1053,1051,1053,1300
1710474000,1051,1051,1051,1051,100
1710475800,1050,1050,1045,1049,1000
1710477600,1057,1057,1050,1050,200
1710478200,1050,1055,1050,1055,300
1710479400,1054,1054,1050,1050,400
1710480000,1051,1051,1051,1051,100
1710480600,1049,1058,1046,1058,1100
1710481200,1058,1059,1058,1059,300
1710481800,1053,1055,1052,1055,400
1710482400,1057,1057,1057,1057,900
1710720000,1074,1074,1061,1061,1200
1710720600,1065,1069,1061,1069,1000
1710721200,1069,1069,1063,1063,400
1710721800,1064,1064,1042,1042,5600
1710722400,1050,1054,1050,1054,200
1710723000,1050,1050,1050,1050,100
1710724800,1050,1050,1045,1045,2000
1710725400,1051,1053,1043,1043,900
1710726600,1046,1046,1044,1046,400
1710727200,1053,1054,1053,1054,200
1710728400,1054,1057,1054,1057,200
1710732600,1058,1059,1051,1051,500
1710733800,1052,1060,1052,1060,200
1710734400,1053,1053,1053,1053,100
1710735000,1059,1059,1059,1059,100
1710736800,1059,1060,1058,1060,700
1710737400,1063,1063,1063,1063,100
1710738000,1063,1063,1063,1063,100
1710738600,1062,1062,1057,1057,300
1710739800,1057,1057,1055,1057,500
1710740400,1054,1054,1054,1054,200
1710741000,1063,1063,1063,1063,100
1710741600,1063,1063,1063,1063,100
1710806400,1063,1065,1063,1065,1100
1710807000,1062,1062,1062,1062,100
1710807600,1068,1069,1068,1068,400
1710808200,1067,1072,1067,1072,1200
1710808800,1071,1071,1071,1071,100
1710809400,1073,1073,1073,1073,100
1710810600,1068,1068,1063,1063,500
1710811200,1063,1063,1063,1063,100
1710812400,1063,1063,1060,1060,600
1710814800,1060,1060,1060,1060,100
1710819000,1058,1065,1058,1063,1100
1710820200,1065,1065,1065,1065,100
1710820800,1069,1069,1069,1069,100
1710821400,1069,1069,1069,1069,200
1710822000,1070,1070,1070,1070,400
1710822600,1065,1065,1065,1065,100
1710823200,1070,1070,1070,1070,100
1710823800,1070,1070,1070,1070,200
1710824400,1071,1071,1071,1071,200
1710825600,1063,1071,1063,1071,200
1710826200,1068,1068,1063,1063,200
1710826800,1070,1070,1070,1070,100
1710827400,1071,1071,1071,1071,300
1710828000,1072,1072,1072,1072,100
1710979200,1082,1089,1080,1089,3900
1710979800,1090,1091,1086,1086,1100
1710980400,1084,1084,1084,1084,100
1710981000,1087,1089,1081,1082,600
1710981600,1082,1082,1081,1081,700
1710982200,1082,1082,1082,1082,200
1710982800,1081,1081,1081,1081,100
1710983400,1082,1084,1082,1084,2600
1710984600,1084,1085,1080,1085,600
1710985200,1085,1085,1085,1085,100
1710986400,1083,1083,1081,1081,200
1710987600,1081,1081,1061,1069,5800
1710988200,1071,1071,1071,1071,100
1710991800,1072,1083,1072,1083,600
1710992400,1083,1083,1083,1083,200
1710993600,1075,1075,1075,1075,100
1710994200,1073,1074,1073,1074,200
1710994800,1081,1081,1081,1081,100
1710996600,1072,1072,1072,1072,100
1710997200,1080,1080,1080,1080,100
1710997800,1080,1081,1080,1081,200
1710998400,1080,1080,1080,1080,100
1710999000,1080,1083,1080,1083,1300
1710999600,1082,1085,1082,1085,600
1711000200,1083,1095,1082,1092,6000
1711000800,1095,1095,1095,1095,2000
1711065600,1096,1097,1086,1087,3000
1711066200,1088,1088,1084,1084,400
1711066800,1085,1085,1083,1084,400
1711067400,1084,1084,1070,1070,2800
1711068000,1075,1077,1075,1077,400
1711068600,1073,1073,1072,1072,400
1711069200,1072,1072,1069,1070,1000
1711069800,1070,1072,1070,1072,600
1711070400,1068,1068,1063,1065,1400
1711071000,1065,1065,1060,1060,2200
1711072200,1060,1064,1060,1060,900
1711072800,1064,1064,1064,1064,200
1711073400,1065,1065,1065,1065,100
1711074000,1064,1068,1064,1068,300
1711074600,1065,1065,1065,1065,100
1711078200,1070,1070,1070,1070,600
1711078800,1070,1070,1066,1068,800
1711079400,1068,1068,1068,1068,100
1711080000,1069,1069,1068,1068,800
1711080600,1069,1070,1068,1068,300
1711081800,1070,1070,1070,1070,300
1711082400,1066,1066,1062,1062,1200
1711083000,1065,1065,1065,1065,100
1711083600,1069,1069,1069,1069,200
1711084200,1070,1070,1065,1070,300
1711084800,1070,1070,1065,1070,300
1711085400,1069,1069,1066,1066,500
1711086000,1069,1069,1066,1066,400
1711086600,1070,1070,1066,1067,700
1711087200,1068,1068,1068,1068,200
1711324800,1069,1069,1059,1059,9300
1711325400,1065,1067,1065,1065,400
1711326000,1067,1067,1064,1064,500
1711326600,1067,1067,1067,1067,100
1711327200,1066,1066,1060,1063,1100
1711327800,1065,1065,1065,1065,200
1711328400,1063,1064,1063,1064,300
1711329000,1064,1064,1064,1064,200
1711329600,1064,1064,1062,1062,700
1711330800,1061,1062,1055,1056,3000
1711331400,1056,1056,1056,1056,200
1711332000,1057,1058,1057,1058,200
1711332600,1058,1059,1058,1058,300
1711333200,1059,1059,1058,1058,400
1711333800,1059,1059,1059,1059,100
1711337400,1059,1059,1058,1058,900
1711338600,1060,1063,1060,1063,400
1711339200,1063,1063,1054,1054,3000
1711339800,1054,1054,1054,1054,300
1711340400,1055,1055,1055,1055,200
1711341000,1054,1057,1054,1057,500
1711341600,1057,1058,1057,1058,300
1711342200,1058,1058,1057,1057,200
1711342800,1056,1056,1056,1056,200
1711343400,1056,1056,1052,1054,1300
1711344000,1055,1055,1055,1055,200
1711344600,1057,1057,1053,1053,600
1711345200,1053,1053,1053,1053,200
1711345800,1054,1061,1053,1061,700
1711346400,1061,1061,1061,1061,300
1711411200,1064,1064,1055,1055,3100
1711411800,1058,1059,1050,1050,3200
1711412400,1051,1055,1050,1054,400
1711413000,1054,1055,1048,1048,2900
1711413600,1048,1049,1045,1045,1200
1711414200,1050,1050,1046,1046,300
1711414800,1045,1050,1045,1050,500
1711415400,1050,1050,1050,1050,300
1711416000,1050,1051,1050,1051,400
1711416600,1051,1051,1051,1051,100
1711417200,1050,1050,1050,1050,300
1711417800,1050,1051,1050,1051,200
1711418400,1050,1050,1046,1046,1200
1711419000,1048,1050,1048,1050,300
1711419600,1050,1051,1041,1041,2400
1711420200,1044,1044,1044,1044,100
1711423800,1045,1049,1042,1049,1300
1711424400,1049,1049,1046,1046,200
1711425000,1048,1049,1048,1048,500
1711425600,1047,1047,1047,1047,500
1711426200,1048,1049,1046,1048,800
1711426800,1049,1049,1047,1047,300
1711427400,1046,1046,1046,1046,200
1711428000,1046,1046,1045,1045,1100
1711428600,1044,1044,1036,1036,4400
1711429200,1038,1038,1035,1035,700
1711429800,1038,1038,1029,1029,2600
1711430400,1030,1032,1030,1032,500
1711431000,1032,1035,1031,1035,900
1711431600,1036,1037,1033,1036,600
1711432200,1036,1038,1033,1038,1100
1711432800,1039,1039,1039,1039,400
1711497600,1049,1049,1032,1045,7100
1711498200,1044,1047,1037,1046,1700
1711498800,1046,1049,1046,1049,600
1711499400,1050,1057,1050,1055,2900
1711500000,1056,1056,1049,1055,300
1711500600,1057,1057,1057,1057,100
1711501200,1051,1055,1051,1055,300
1711502400,1055,1056,1051,1051,800
1711503000,1051,1052,1051,1052,200
1711503600,1051,1051,1051,1051,100
1711504200,1052,1055,1052,1054,500
1711504800,1056,1057,1052,1052,300
1711505400,1057,1057,1057,1057,100
1711506000,1055,1055,1052,1055,400
1711506600,1056,1056,1056,1056,300
1711510200,1056,1056,1041,1044,6000
1711510800,1045,1048,1045,1048,1200
1711511400,1049,1049,1043,1043,1000
1711512000,1044,1047,1044,1046,1000
1711512600,1046,1046,1044,1044,400
1711513200,1045,1049,1045,1049,900
1711513800,1047,1049,1045,1048,1100
1711514400,1048,1049,1047,1047,400
1711515000,1047,1047,1040,1045,3000
1711515600,1045,1045,1042,1042,200
1711516200,1042,1048,1042,1048,1000
1711516800,1046,1049,1042,1049,700
1711517400,1045,1045,1045,1045,100
1711518000,1045,1048,1045,1048,1100
1711518600,1047,1048,1037,1037,3900
1711519200,1037,1037,1037,1037,2600
1711584600,902,904,899,899,34100
1711585200,897,900,881,887,13300
1711585800,886,894,881,893,6200
1711586400,893,902,893,899,3500
1711587000,900,903,899,900,2500
1711587600,902,904,902,902,1800
1711588200,902,907,902,905,2200
1711588800,905,906,904,904,800
1711589400,904,905,904,904,500
1711590000,904,906,903,905,1300
1711590600,906,906,904,904,800
1711591200,904,906,902,904,600
1711591800,904,904,901,903,700
1711592400,902,902,902,902,800
1711593000,902,902,902,902,1800
1711596600,905,911,904,911,9300
1711597200,914,929,912,926,5600
1711597800,923,923,909,910,1800
1711598400,909,909,907,908,800
1711599000,908,908,907,908,400
1711599600,908,908,907,908,1000
1711600200,908,908,908,908,500
1711600800,908,929,908,927,6300
1711601400,925,935,920,920,4500
1711602000,920,936,917,932,4100
1711602600,932,940,930,930,4000
1711603200,939,939,934,934,500
1711603800,935,936,930,930,1500
1711604400,933,960,933,954,4800
1711605000,949,991,949,988,13800
1711605600,990,990,990,990,5800
1711670400,979,979,948,968,8600
1711671000,960,960,932,940,5400
1711671600,947,956,943,947,1700
1711672200,945,945,944,944,300
1711672800,950,950,950,950,200
1711673400,945,945,945,945,100
1711674000,946,948,946,948,300
1711674600,948,948,944,944,1800
1711675200,944,944,941,941,700
1711675800,941,953,941,942,1300
1711676400,946,946,942,942,200
1711677000,947,955,944,948,1300
1711678800,947,948,947,948,500
1711679400,946,946,946,946,200
1711683000,945,945,943,943,800
1711683600,942,942,941,942,500
1711684200,942,942,941,942,600
1711684800,942,942,942,942,100
1711685400,942,942,941,941,200
1711686000,941,941,941,941,100
1711686600,942,989,942,970,8800
1711687200,966,986,966,975,1300
1711687800,975,976,975,976,300
1711688400,973,973,973,973,200
1711689000,970,970,970,970,400
1711689600,973,974,971,971,400
1711691400,972,981,968,968,2000
1711692000,968,968,968,968,400
1711929600,967,967,953,953,1100
1711930200,951,967,945,945,1600
1711930800,951,951,951,951,200
1711931400,948,948,948,948,200
1711932000,948,948,946,946,200
1711933200,946,958,945,945,600
1711933800,945,945,945,945,100
1711935600,946,946,946,946,100
1711936200,946,946,946,946,100
1711937400,946,948,946,948,200
1711942200,945,945,942,942,900
1711942800,942,943,942,943,200
1711943400,943,943,943,943,100
1711945800,945,945,941,941,1200
1711947000,943,943,943,943,100
1711948200,946,948,946,948,300
1711948800,948,950,945,945,500
1711950000,948,960,943,960,1100
1711950600,957,971,952,971,2300
1711951200,946,946,946,946,200
1712016000,946,946,946,946,800
1712016600,947,948,946,948,300
1712017200,945,945,945,945,100
1712017800,943,943,940,940,1000
1712018400,940,940,938,938,400
1712019000,937,942,933,941,1600
1712019600,941,941,941,941,100
1712020200,941,941,941,941,200
1712020800,941,941,941,941,200
1712021400,941,942,941,941,500
1712022600,941,941,941,941,200
1712023200,941,941,941,941,100
1712023800,942,942,942,942,100
1712024400,943,945,942,942,500
1712025000,942,942,942,942,200
1712028600,945,945,945,945,500
1712029200,941,941,941,941,100
1712029800,942,942,933,933,1900
1712030400,932,932,932,932,200
1712031000,931,931,930,930,400
1712031600,931,932,931,932,200
1712032200,932,932,932,932,100
1712035200,936,944,934,934,1800
1712035800,942,950,942,950,1500
1712036400,955,972,953,972,4600
1712037000,972,979,972,973,2100
1712037600,979,979,979,979,1100
1712102400,964,964,951,951,2100
1712103000,951,952,951,952,300
1712103600,952,952,951,951,200
1712106600,954,954,954,954,100
1712107200,951,951,951,951,300
1712108400,951,951,950,950,400
1712109000,950,951,950,951,300
1712109600,950,950,948,948,1200
1712110200,946,946,946,946,100
1712111400,953,953,953,953,200
1712115000,952,952,940,940,800
1712115600,949,950,949,950,600
1712116200,946,950,946,950,700
1712117400,950,950,950,950,500
1712118000,950,950,950,950,100
1712118600,948,950,944,946,700
1712119200,946,946,946,946,100
1712121000,946,949,944,949,700
1712121600,945,948,943,947,800
1712122200,947,960,947,955,2500
1712122800,950,954,950,953,300
1712123400,954,954,950,950,700
1712124000,951,951,951,951,1100
1712188800,946,946,945,945,500
1712189400,949,949,949,949,100
1712190000,943,947,943,947,200
1712190600,947,948,947,948,400
1712191200,947,947,943,943,200
1712192400,943,943,943,943,300
1712193000,941,941,941,941,100
1712194800,940,940,940,940,100
1712195400,940,940,940,940,100
1712196000,940,946,940,946,200
1712197200,946,946,946,946,100
1712197800,946,946,946,946,100
1712201400,947,947,947,947,100
1712205000,947,947,947,947,200
1712206200,948,948,948,948,200
1712206800,946,946,946,946,100
1712207400,949,951,949,951,800
1712208000,951,951,949,949,700
1712208600,949,953,949,953,700
1712209200,952,952,952,952,200
1712209800,950,959,949,949,800
1712210400,956,956,956,956,200
1712275200,952,952,946,946,600
1712275800,944,944,944,944,100
1712277000,941,941,940,940,500
1712277600,941,941,941,941,100
1712279400,942,947,942,943,300
1712280600,943,943,943,943,100
1712281800,947,947,947,947,200
1712284200,944,944,944,944,100
1712287800,944,944,944,944,200
1712288400,944,944,943,943,500
1712289000,942,942,942,942,100
1712293800,942,945,942,945,300
1712294400,942,942,942,942,100
1712295000,942,942,942,942,100
1712295600,946,946,940,940,1100
1712296200,945,959,942,957,1700
1712296800,953,953,953,953,500
1712534400,944,944,944,944,500
1712535000,943,943,941,941,300
1712535600,941,941,940,940,800
1712536200,940,940,940,940,100
1712536800,940,940,939,939,300
1712537400,938,938,938,938,200
1712538000,937,937,937,937,100
1712539800,940,940,940,940,100
1712541000,937,939,937,939,200
1712547000,937,941,934,941,1400
1712547600,943,944,940,940,300
1712548200,945,950,945,949,800
1712549400,946,946,946,946,300
1712550000,946,946,940,940,300
1712553000,949,953,942,953,2400
1712553600,950,950,950,950,100
1712554200,949,949,949,949,200
1712554800,950,953,950,953,700
1712555400,949,953,948,948,300
1712620800,945,950,945,950,300
1712622600,944,944,944,944,100
1712623200,945,945,944,944,200
1712623800,944,944,944,944,100
1712625600,944,944,944,944,300
1712626800,944,944,944,944,100
1712634000,944,944,944,944,100
1712634600,950,950,950,950,400
1712635200,950,950,950,950,200
1712636400,948,948,948,948,100
1712641200,950,965,950,963,2700
1712641800,962,962,960,961,500
1712642400,959,959,959,959,200
1712707200,959,959,959,959,300
1712707800,958,958,958,958,100
1712709000,953,953,953,953,100
1712709600,953,953,952,952,300
1712713200,951,951,950,950,200
1712713800,950,950,948,948,400
1712715000,947,947,947,947,100
1712715600,948,948,948,948,100
1712719800,950,950,950,950,100
1712720400,950,951,950,951,400
1712723400,950,952,950,952,200
1712725200,952,952,950,950,200
1712727000,957,957,957,957,100
1712727600,950,950,950,950,100
1712728200,957,957,955,955,300
1712728800,957,957,957,957,400
1712793600,957,957,957,957,200
1712794200,957,957,957,957,100
1712794800,956,956,956,956,100
1712796000,947,947,947,947,100
1712796600,946,946,946,946,100
1712799600,944,944,944,944,200
1712801400,944,944,944,944,100
1712806200,944,944,944,944,100
1712808000,945,945,945,945,100
1712812800,950,955,950,955,200
1712813400,953,953,953,953,100
1712814000,954,954,954,954,100
1712880000,954,954,950,950,600
1712880600,948,948,948,948,100
1712882400,951,951,951,951,100
1712884800,948,948,948,948,100
1712886000,947,950,947,950,200
1712886600,946,946,945,945,300
1712893200,950,950,949,949,400
1712893800,949,949,948,948,300
1712895000,948,948,948,948,100
1712899800,948,948,948,948,100
1712900400,949,950,949,950,300
1712901600,950,950,950,950,400
1713139200,948,948,945,945,700
1713140400,944,944,944,944,1000
1713141600,944,944,944,944,200
1713142200,945,945,945,945,100
1713142800,944,944,944,944,100
1713144000,943,943,943,943,100
1713144600,943,943,943,943,100
1713145800,941,941,941,941,200
1713148200,941,941,941,941,100
1713151800,947,947,947,947,100
1713152400,940,940,940,940,100
1713154200,941,941,941,941,100
1713155400,941,941,941,941,100
1713156600,942,942,942,942,100
1713157200,947,947,947,947,100
1713160200,946,950,946,950,700
1713225600,948,948,948,948,100
1713226200,945,945,945,945,100
1713226800,945,945,945,945,100
1713228000,945,945,945,945,100
1713229200,948,950,948,950,200
1713229800,950,953,950,953,600
1713230400,954,958,954,958,700
1713231000,958,958,958,958,300
1713231600,960,964,960,964,600
1713232200,964,965,963,965,300
1713233400,965,965,965,965,200
1713234000,965,965,959,959,1300
1713238200,958,960,957,960,2400
1713238800,961,961,958,958,900
1713239400,958,958,958,958,500
1713240000,957,958,957,958,2000
1713240600,958,958,958,958,100
1713241200,956,956,956,956,100
1713241800,956,956,955,955,1200
1713243000,955,955,955,955,100
1713244200,956,956,955,955,200
1713244800,954,954,954,954,100
1713246000,950,950,950,950,200
1713246600,950,950,950,950,400
1713312000,965,965,965,965,800
1713312600,963,963,963,963,100
1713313200,960,960,960,960,200
1713314400,960,961,960,961,200
1713315000,963,963,963,963,300
1713318600,964,964,964,964,100
1713319200,964,964,964,964,200
1713319800,961,961,961,961,100
1713324600,961,961,961,961,100
1713327000,961,961,961,961,100
1713328200,955,955,955,955,100
1713329400,956,958,955,955,300
1713333000,959,959,956,956,300
1713398400,955,955,955,955,500
1713399000,954,954,954,954,100
1713399600,955,959,955,959,400
1713404400,952,952,951,951,500
1713406800,951,951,951,951,100
1713411000,951,951,951,951,200
1713413400,951,951,951,951,100
1713417000,951,951,951,951,200
1713417600,957,957,957,957,100
1713484800,957,957,957,957,100
1713486000,951,951,951,951,100
1713487800,957,957,957,957,100
1713488400,951,951,949,949,600
1713489000,945,957,945,957,200
1713490800,945,945,945,945,400
1713492000,945,945,945,945,100
1713493200,945,945,944,944,400
1713497400,944,944,944,944,100
1713498000,944,944,944,944,100
1713498600,944,944,944,944,100
1713499200,951,951,951,951,100
1713504000,950,950,950,950,500
1713504600,944,950,944,950,300
1713506400,950,950,950,950,400
1713744000,951,952,950,950,400
1713744600,950,950,950,950,200
1713745200,952,952,950,950,200
1713746400,950,950,950,950,100
1713747600,946,946,946,946,100
1713750000,946,946,945,945,200
1713756600,946,946,946,946,200
1713757800,945,945,945,945,100
1713758400,945,945,945,945,500
1713763200,943,943,943,943,100
1713764400,950,950,950,950,100
1713765600,950,950,950,950,300
1713830400,943,943,943,943,300
1713835800,944,944,943,943,300
1713837600,944,944,944,944,100
1713843000,950,950,950,950,200
1713849600,945,945,945,945,100
1713850200,945,945,945,945,100
1713850800,949,950,949,950,200
1713851400,950,950,950,950,100
1713852000,949,949,949,949,200
1713916800,949,949,949,949,100
1713920400,946,946,943,943,400
1713921000,943,943,943,943,300
1713925800,944,944,944,944,200
1713929400,944,944,944,944,300
1713930000,943,943,943,943,200
1713932400,946,946,946,946,100
1713933000,945,950,944,944,400
1713936600,944,944,944,944,100
1713937200,943,950,943,950,500
1713938400,948,948,948,948,300
1714003200,945,945,945,945,100
1714006200,945,948,943,943,400
1714008600,942,942,940,940,900
1714009800,949,949,949,949,100
1714011000,950,950,950,950,100
1714015800,947,947,947,947,100
1714017600,942,942,940,940,800
1714018200,940,940,940,940,200
1714019400,939,939,930,930,2600
1714020000,930,935,930,935,300
1714020600,938,948,938,948,1100
1714021200,946,946,945,945,600
1714023000,940,940,940,940,100
1714023600,947,947,947,947,100
1714024200,934,946,934,946,400
1714024800,946,946,946,946,400
1714089600,938,938,936,937,900
1714090800,937,937,937,937,100
1714091400,935,935,935,935,200
1714092000,939,939,939,939,100
1714093800,939,939,939,939,100
1714096200,939,939,939,939,100
1714098600,936,936,936,936,200
1714102200,936,936,936,936,400
1714104600,935,935,935,935,100
1714105800,937,944,937,944,500
1714108800,936,944,936,944,300
1714109400,944,947,944,947,700
1714110000,947,948,947,948,300
1714111200,950,950,950,950,300
1714435200,941,941,940,940,700
1714436400,942,942,942,942,100
1714437600,942,942,942,942,100
1714438800,945,945,945,945,100
1714439400,945,945,945,945,100
1714441200,944,944,944,944,100
1714442400,943,943,940,940,500
1714443600,940,940,940,940,100
1714444200,940,940,940,940,100
1714447800,941,941,941,941,400
1714448400,943,943,943,943,100
1714449600,943,943,943,943,100
1714451400,940,940,940,940,100
1714452000,942,942,942,942,100
1714453800,940,940,939,940,3900
1714454400,938,938,936,936,400
1714455000,932,932,932,932,100
1714455600,939,941,939,941,500
1714456200,941,942,941,942,200
1714456800,942,942,942,942,200
1714521600,933,933,933,933,300
1714523400,935,935,935,935,100
1714526400,944,944,944,944,100
1714530600,938,938,938,938,200
1714534200,943,943,943,943,200
1714537800,936,936,932,932,800
1714538400,932,942,932,942,500
1714540200,940,941,940,941,400
1714540800,942,943,942,943,200
1714542000,943,944,943,944,200
1714543200,945,945,945,945,300
1714608000,930,930,930,930,500
1714609200,937,937,937,937,100
1714611000,935,935,935,935,100
1714613400,935,935,935,935,100
1714614600,933,937,933,937,200
1714615800,937,937,937,937,100
1714620600,935,935,934,934,200
1714621200,935,935,935,935,200
1714621800,933,933,933,933,100
1714622400,933,933,932,932,200
1714623000,935,935,932,932,1000
1714623600,932,932,931,931,800
1714624200,930,943,928,943,3400
1714624800,944,944,944,944,100
1714627200,938,938,938,938,100
1714627800,938,945,938,945,1300
1714628400,944,949,944,947,600
1714629000,946,946,946,946,200
1714629600,947,947,947,947,700
1715040000,948,948,939,939,300
1715041200,941,941,941,941,100
1715043000,946,946,946,946,100
1715052600,946,946,945,945,300
1715053200,947,947,947,947,100
1715126400,945,945,945,945,100
1715127600,937,937,936,936,300
1715130000,947,947,947,947,100
1715212800,962,1097,962,1097,58800
1715218800,1097,1097,1045,1054,99000
1715219400,1050,1068,1006,1010,40200
1715220000,1010,1020,998,998,8900
1715220600,995,1025,970,1020,16600
1715221200,1020,1020,1000,1003,1800
1715225400,996,997,987,987,3300
1715226000,987,987,980,982,2200
1715226600,982,994,982,990,3500
1715227200,989,989,970,970,6500
1715227800,971,979,971,979,900
1715228400,978,978,975,975,300
1715229000,973,974,973,974,400
1715230200,974,974,972,972,800
1715230800,975,985,975,980,1600
1715231400,974,975,972,972,300
1715232000,973,973,971,971,700
1715232600,977,984,977,980,1100
1715233200,976,979,976,979,400
1715233800,979,1005,979,1005,6600
1715234400,985,985,985,985,900
1715299200,977,985,977,985,4500
1715299800,978,985,971,971,700
1715300400,971,985,971,985,300
1715301600,975,975,975,975,100
1715302200,972,972,960,961,3000
1715302800,958,960,956,956,600
1715303400,959,973,959,973,1000
1715305200,960,966,960,966,200
1715306400,972,972,972,972,100
1715307600,972,995,972,995,1500
1715308200,995,995,995,995,200
1715311800,993,993,993,993,500
1715312400,992,992,990,990,200
1715313000,982,982,982,982,100
1715314200,988,998,988,998,1200
1715314800,1000,1013,1000,1013,2800
1715315400,1008,1008,1008,1008,500
1715316000,1001,1001,1001,1001,500
1715316600,1001,1009,1000,1009,600
1715317200,1009,1020,1009,1020,1200
1715317800,1020,1020,1001,1001,800
1715318400,1019,1025,1019,1025,700
1715319000,1024,1050,1024,1038,11000
1715319600,1048,1050,1038,1038,900
1715320200,1045,1050,1043,1045,1100
1715320800,1050,1050,1050,1050,1800
1715558400,990,1011,990,1010,7000
1715559000,1010,1019,1010,1016,300
1715559600,1018,1018,1014,1014,400
1715560200,1014,1014,1009,1009,800
1715560800,1008,1008,1005,1005,300
1715561400,1000,1000,1000,1000,200
1715562000,997,997,997,997,100
1715562600,1000,1000,1000,1000,300
1715563200,999,999,999,999,100
1715565000,997,997,997,997,100
1715567400,998,998,998,998,400
1715571000,1033,1044,1003,1008,6900
1715571600,1003,1003,999,999,500
1715572200,1001,1001,999,1000,1300
1715573400,1002,1002,1002,1002,100
1715574600,1001,1001,1001,1001,200
1715575200,1002,1002,1002,1002,100
1715575800,1000,1000,998,998,800
1715576400,997,997,997,997,100
1715577000,996,996,996,996,100
1715578200,997,997,995,995,400
1715578800,998,1000,998,999,700
1715579400,998,998,990,990,1200
1715580000,984,984,984,984,500
1715644800,992,998,990,998,2500
1715645400,998,1005,998,1005,800
1715646000,1003,1008,1003,1008,400
1715646600,1009,1010,1008,1008,600
1715647200,1018,1018,1004,1004,400
1715649000,1003,1003,1003,1003,200
1715649600,1000,1000,990,990,600
1715650200,990,1003,990,1003,400
1715652000,998,998,998,998,100
1715652600,998,998,998,998,100
1715657400,998,998,991,991,300
1715658000,991,991,991,991,100
1715662800,990,990,990,990,1100
1715664000,990,990,990,990,100
1715664600,997,998,997,998,300
1715665800,1007,1008,1001,1001,300
1715666400,1008,1008,1008,1008,100
1715731200,988,988,982,982,1700
1715733600,984,984,984,984,100
1715734200,983,983,983,983,100
1715735400,983,983,983,983,100
1715739000,982,982,980,980,1200
1715743800,971,971,971,971,100
1715744400,980,980,980,980,100
1715745600,975,975,975,975,100
1715748000,976,979,976,979,200
1715751600,979,979,979,979,100
1715752200,980,980,975,975,300
1715752800,972,972,972,972,400
1715817600,970,970,970,970,300
1715819400,970,970,970,970,400
1715820000,965,965,965,965,500
1715820600,970,970,970,970,100
1715830800,964,964,964,964,100
1715835600,965,965,965,965,100
1715838600,966,969,966,969,300
1715905200,965,965,965,965,100
1715906400,964,964,964,964,100
1715910000,965,968,965,968,400
1715910600,968,969,968,969,200
1715916600,969,969,969,969,100
1715917200,964,970,964,970,600
1715920200,969,970,969,970,300
1715920800,969,969,967,967,200
1715921400,969,969,969,969,100
1715922000,967,967,967,967,100
1715923800,969,975,969,975,700
1715924400,977,983,977,983,400
1715925000,982,982,982,982,100
1715925600,977,977,977,977,100
1716163200,977,977,977,977,600
1716166200,967,967,967,967,100
1716166800,964,964,964,964,100
1716167400,973,973,973,973,100
1716168000,974,974,974,974,100
1716175800,972,972,972,972,100
1716178800,967,971,967,971,300
1716180000,966,972,966,971,600
1716181200,973,973,966,966,200
1716183000,974,974,974,974,100
1716183600,974,974,974,974,100
1716184800,970,970,970,970,300
1716249600,970,970,970,970,100
1716251400,963,970,963,970,500
1716252000,970,970,970,970,100
1716255600,971,971,971,971,100
1716256200,971,971,971,971,100
1716262200,975,980,975,980,400
1716264000,970,970,970,970,200
1716268800,978,978,978,978,100
1716270000,979,979,979,979,100
1716336000,969,969,967,967,700
1716336600,969,969,969,969,100
1716339000,969,969,969,969,1300
1716341400,969,969,968,968,300
1716344400,968,968,968,968,100
1716348600,970,970,970,970,100
1716349200,969,969,969,969,100
1716353400,979,979,979,979,100
1716357000,974,974,974,974,100
1716357600,974,974,974,974,100
1716422400,978,978,978,978,300
1716423000,970,970,960,960,3000
1716426000,960,960,960,960,200
1716431400,960,960,960,960,100
1716435000,960,960,960,960,100
1716436200,967,969,967,969,200
1716439800,969,969,969,969,100
1716441600,969,969,969,969,100
1716443400,964,969,963,969,900
1716444000,963,963,963,963,200
1716508800,965,965,960,960,200
1716509400,962,962,960,960,200
1716510600,961,961,961,961,100
1716511800,961,961,961,961,100
1716513000,960,960,960,960,100
1716513600,960,960,960,960,100
1716514200,959,967,959,967,200
1716515400,960,960,960,960,100
1716521400,970,970,959,959,200
1716522600,959,959,959,959,200
1716523200,967,970,967,970,200
1716530400,965,965,965,965,100
1716768000,961,961,961,961,400
1716774000,961,961,960,960,500
1716774600,968,968,960,968,300
1716780600,960,960,959,959,600
1716782400,964,964,964,964,100
1716784800,961,963,961,963,300
1716788400,958,963,958,963,400
1716789000,965,967,957,967,800
1716854400,967,967,967,967,100
1716855000,959,959,940,940,2500
1716855600,955,959,955,959,200
1716856800,950,950,950,950,100
1716857400,950,950,950,950,100
1716859800,952,952,952,952,100
1716861600,952,952,952,952,900
1716863400,952,952,952,952,100
1716867000,951,951,950,950,400
1716869400,950,950,950,950,200
1716872400,951,954,951,954,1100
1716873000,954,954,954,954,100
1716874200,955,955,950,950,200
1716940800,950,950,950,950,100
1716942000,952,952,952,952,100
1716946800,952,952,952,952,100
1716953400,952,952,952,952,100
1716954600,952,952,952,952,100
1716955200,952,952,951,951,300
1716955800,952,952,952,952,100
1716960000,951,951,950,950,200
1716961800,950,952,950,950,400
1717027200,950,950,945,945,900
1717028400,943,943,943,943,100
1717029600,942,942,942,942,100
1717030800,942,942,942,942,400
1717035600,943,943,942,942,200
1717039800,942,1000,942,1000,9300
1717040400,998,1030,993,1018,4000
1717041000,1017,1024,1015,1023,1500
1717041600,1013,1013,998,998,400
1717042200,1011,1022,1001,1004,3100
1717042800,1004,1009,1004,1009,200
1717043400,1009,1036,1009,1031,4400
1717044000,1013,1013,1013,1013,300
1717044600,1010,1010,1010,1010,200
1717045200,1003,1003,1003,1003,100
1717045800,1003,1011,1003,1011,600
1717046400,1001,1001,1000,1000,200
1717047000,1000,1050,1000,1049,7100
1717047600,1035,1050,1035,1049,1000
1717048200,1035,1050,1022,1050,7500
1717048800,1050,1050,1050,1050,500
1717113600,1031,1031,1002,1002,500
1717114200,1022,1022,1022,1022,100
1717114800,1004,1004,1004,1004,100
1717115400,1034,1034,1024,1024,200
1717116000,1027,1027,1027,1027,200
1717117800,1021,1021,1021,1021,400
1717119000,1014,1014,1013,1013,200
1717119600,1021,1021,1021,1021,100
1717120800,1020,1020,1020,1020,100
1717122000,1020,1020,1020,1020,100
1717126800,1006,1006,1006,1006,200
1717127400,1006,1006,1006,1006,100
1717128000,1006,1006,1006,1006,100
1717128600,1016,1016,1015,1015,200
1717131000,1016,1022,1016,1022,400
1717132200,1021,1021,1021,1021,100
1717132800,1024,1024,1020,1020,200
1717134600,1025,1029,1021,1029,900
1717372800,1045,1045,1023,1023,2500
1717373400,1024,1026,1024,1026,400
1717374000,1025,1025,1024,1024,700
1717374600,1023,1023,1023,1023,200
1717380000,1022,1022,1022,1022,200
1717385400,1022,1025,1022,1025,200
1717386000,1025,1025,1025,1025,200
1717387800,1022,1022,1022,1022,100
1717388400,1021,1021,1021,1021,100
1717392000,1021,1021,1021,1021,100
1717392600,1020,1020,1020,1020,100
1717393800,1020,1031,1008,1012,1600
1717394400,1029,1029,1029,1029,200
1717459200,1028,1028,1009,1009,200
1717460400,1025,1025,1025,1025,100
1717461000,1026,1026,1026,1026,100
1717465800,1026,1031,1026,1031,600
1717467600,1037,1037,1037,1037,100
1717474200,1022,1022,1022,1022,100
1717474800,1023,1030,1022,1022,600
1717477800,1022,1022,1021,1021,200
1717479600,1020,1020,1020,1020,100
1717545600,1011,1011,1011,1011,400
1717548600,1023,1023,1022,1022,200
1717549200,1012,1012,1003,1003,1700
1717558200,1000,1014,1000,1014,300
1717562400,1013,1013,1013,1013,100
1717563600,1012,1012,1012,1012,100
1717564200,1005,1005,1005,1005,100
1717565400,1013,1021,1013,1021,300
1717632000,1020,1020,1020,1020,100
1717632600,1005,1005,1001,1001,300
1717634400,1018,1020,1018,1020,200
1717635000,1020,1020,1020,1020,200
1717644600,1015,1015,1015,1015,100
1717646400,1005,1005,1005,1005,100
1717650600,1009,1014,1009,1014,300
1717651200,1014,1014,1014,1014,100
1717653600,1010,1010,1010,1010,100
1717718400,1010,1010,1010,1010,100
1717721400,1010,1014,1010,1014,200
1717731000,1007,1007,1007,1007,100
1717734600,1001,1003,983,1003,1000
1717736400,1002,1013,1002,1013,200
1717738200,1013,1013,1013,1013,200
1717738800,1013,1013,1013,1013,100
1717739400,1015,1015,1015,1015,100
1717977600,1015,1015,1009,1009,200
1717980600,1014,1014,1014,1014,100
1717981200,1003,1003,1003,1003,100
1717983000,1015,1015,1015,1015,300
1717996200,1004,1004,1004,1004,100
1717996800,1014,1014,1014,1014,200
1717999200,1003,1003,1003,1003,100
1718064000,1007,1007,1007,1007,100
1718068200,1007,1008,1007,1008,200
1718150400,1009,1009,1009,1009,100
1718151000,1009,1009,1009,1009,100
1718152200,1010,1010,1010,1010,100
1718163600,1010,1010,1010,1010,100
1718164800,1005,1005,1005,1005,100
1718166600,1000,1000,1000,1000,200
1718167800,1010,1010,1010,1010,100
1718168400,1000,1006,991,1006,700
1718171400,1007,1007,1007,1007,100
1718172000,1007,1007,1007,1007,100
1718236800,1007,1007,1007,1007,1200
1718238000,1007,1007,1007,1007,100
1718323200,1001,1001,1001,1001,200
1718325600,999,999,997,997,300
1718326200,997,997,997,997,100
1718329200,997,997,996,996,200
1718329800,996,997,996,997,200
1718330400,997,997,997,997,100
1718331600,995,995,995,995,100
1718335800,995,1005,995,1005,300
1718582400,1002,1002,1002,1002,100
1718583600,1000,1000,1000,1000,400
1718584800,999,999,999,999,100
1718587800,994,994,994,994,100
1718588400,994,994,994,994,100
1718589600,994,994,994,994,100
1718590800,993,993,991,991,300
1718595000,991,991,990,990,800
1718596200,990,990,990,990,100
1718598600,988,988,987,987,200
1718599800,986,986,986,986,200
1718600400,983,983,980,980,200
1718601000,980,981,980,981,200
1718602800,979,979,979,979,100
1718603400,979,979,978,978,200
1718668800,978,978,978,978,200
1718670000,972,972,967,967,600
1718670600,967,983,962,983,2200
1718671200,971,971,971,971,400
1718671800,971,973,970,970,300
1718673000,985,985,985,985,100
1718676600,980,980,980,980,100
1718682000,972,972,972,972,100
1718684400,970,970,970,970,100
1718689200,968,980,968,980,300
1718690400,980,980,980,980,100
1718755200,972,973,972,973,400
1718756400,970,970,970,970,100
1718760000,970,970,970,970,100
1718763600,967,967,967,967,100
1718767800,970,971,968,968,300
1718768400,967,967,967,967,500
1718769000,967,967,967,967,100
1718769600,967,967,967,967,200
1718770200,977,977,977,977,100
1718771400,979,979,979,979,100
1718772600,967,967,967,967,100
1718773200,967,968,967,968,200
1718775000,968,976,968,976,300
1718776200,976,976,976,976,100
1718776800,978,978,978,978,100
1718841600,969,969,968,968,600
1718844000,968,968,967,967,200
1718845800,966,966,966,966,100
1718861400,976,976,976,976,100
1718862000,974,974,974,974,100
1718928000,967,967,967,967,200
1718928600,967,967,967,967,100
1718929800,967,967,967,967,100
1718930400,966,966,966,966,400
1718931000,968,968,966,966,200
1718931600,974,974,974,974,100
1718940600,964,964,963,963,200
1718941200,962,962,962,962,100
1718941800,965,965,965,965,100
1718943000,965,965,965,965,100
1718943600,965,965,965,965,100
1718944200,965,965,965,965,100
1718947200,965,965,965,965,100
1719187200,970,970,970,970,300
1719188400,970,970,970,970,100
1719189600,966,966,966,966,100
1719190200,965,965,965,965,100
1719192600,961,961,961,961,200
1719193800,961,961,961,961,300
1719194400,960,960,960,960,500
1719199800,967,967,960,960,200
1719200400,960,960,960,960,500
1719201000,960,960,960,960,200
1719201600,960,960,959,959,400
1719202800,958,958,958,958,100
1719204600,959,959,958,958,400
1719273600,960,960,960,960,400
1719274200,968,968,968,968,100
1719276000,958,958,958,958,200
1719281400,960,960,960,960,100
1719286200,962,962,962,962,100
1719288600,962,962,962,962,100
1719289800,960,960,960,960,100
1719291000,958,958,950,950,2500
1719292800,952,952,952,952,100
1719294000,952,953,940,940,2600
1719295200,949,949,949,949,100
1719360000,946,946,946,946,200
1719360600,950,950,950,950,100
1719361200,958,963,948,953,800
1719361800,947,947,940,940,1300
1719362400,940,940,930,931,1900
1719363000,932,932,932,932,100
1719364200,932,932,932,932,100
1719364800,932,932,932,932,200
1719366600,934,934,927,927,2500
1719367200,925,925,905,919,1300
1719368400,926,936,923,936,700
1719369000,931,931,931,931,100
1719372600,935,942,931,942,1300
1719373800,943,943,937,937,200
1719374400,943,943,943,943,100
1719376800,934,934,934,934,100
1719377400,931,943,931,943,300
1719379200,932,932,932,932,100
1719379800,942,942,942,942,100
1719380400,942,952,942,952,1100
1719381000,944,944,944,944,100
1719381600,944,944,944,944,300
1719446400,970,970,970,970,1900
1719447000,970,970,970,970,100
1719448200,962,962,961,961,400
1719448800,961,961,960,960,200
1719451800,958,958,958,958,100
1719452400,958,958,958,958,100
1719453000,958,958,958,958,100
1719453600,958,958,958,958,100
1719459000,958,967,958,967,400
1719461400,967,967,967,967,100
1719462000,967,967,967,967,200
1719463200,968,968,968,968,200
1719466800,963,963,963,963,200
1719467400,963,963,963,963,100
1719468000,968,968,968,968,100
1719532800,968,970,968,970,1300
1719533400,979,979,979,979,100
1719534000,980,986,980,986,400
1719535200,986,986,986,986,100
1719537000,981,981,981,981,100
1719545400,981,983,981,983,300
1719546000,975,975,975,975,200
1719546600,975,975,975,975,200
1719550200,983,983,983,983,100
1719550800,983,983,983,983,100
1719552600,974,974,974,974,100
1719553800,983,985,983,985,600
1719792000,971,971,971,971,1400
1719792600,973,982,973,982,400
1719793800,974,974,974,974,100
1719794400,972,972,972,972,100
1719795600,972,972,972,972,100
1719798000,972,972,972,972,100
1719799200,977,977,977,977,100
1719807000,978,978,978,978,100
1719808800,974,974,974,974,100
1719810600,982,982,982,982,100
1719811200,980,980,980,980,100
1719813600,974,974,974,974,400
1719878400,978,980,978,980,500
1719880200,975,975,975,975,100
1719885000,973,973,973,973,100
1719893400,973,973,973,973,300
1719894000,973,973,973,973,100
1719894600,973,973,972,972,300
1719895200,971,971,971,971,200
1719895800,970,970,970,970,300
1719897000,971,971,969,969,200
1719898200,968,968,968,968,100
1719899400,974,974,974,974,100
1719964800,967,973,967,973,1300
1719965400,969,969,969,969,100
1719967800,973,973,973,973,100
1719968400,970,970,970,970,100
1719970200,973,973,973,973,100
1719977400,972,972,972,972,100
1719979200,966,966,966,966,100
1719981000,966,966,965,965,200
1719981600,962,962,962,962,200
1719982800,961,961,961,961,200
1719983400,960,960,960,960,200
1719984600,961,961,961,961,100
1719986400,961,961,961,961,200
1720051200,964,964,964,964,100
1720051800,965,965,964,964,500
1720052400,961,961,960,960,600
1720053600,957,957,957,957,200
1720058400,960,960,960,960,100
1720063800,962,962,962,962,100
1720066200,963,963,963,963,100
1720068600,964,964,964,964,100
1720069200,964,964,964,964,100
1720070400,959,960,959,960,200
1720137600,960,969,960,969,200
1720140600,970,970,960,960,200
1720158600,969,969,965,965,200
1720159200,965,965,965,965,100
1720396800,976,976,976,976,300
1720398600,979,979,979,979,100
1720399200,979,979,979,979,100
1720400400,978,978,973,978,300
1720401600,978,979,978,979,400
1720409400,979,979,979,979,1100
1720411800,973,973,973,973,100
1720412400,975,975,975,975,100
1720413000,979,979,979,979,100
1720414800,973,973,970,970,1700
1720416600,971,971,970,970,300
1720483200,971,975,971,975,300
1720483800,975,978,975,978,600
1720484400,979,979,979,979,100
1720485600,979,979,979,979,100
1720491000,972,972,972,972,200
1720498800,975,975,975,975,100
1720499400,976,976,972,972,200
1720504200,972,972,972,972,200
1720569600,972,972,970,970,300
1720570200,964,964,964,964,100
1720571400,965,965,965,965,200
1720572000,964,964,964,964,100
1720577400,970,972,970,972,400
1720582800,972,972,972,972,100
1720586400,966,966,966,966,100
1720587600,966,966,965,965,500
1720588200,964,964,962,962,700
1720588800,962,962,962,962,100
1720589400,961,961,961,961,200
1720591200,968,968,968,968,100
1720656000,965,965,964,964,600
1720656600,971,971,971,971,200
1720658400,963,963,963,963,100
1720662000,962,962,962,962,200
1720663200,971,971,971,971,100
1720664400,963,963,963,963,200
1720668600,968,968,968,968,100
1720672800,968,968,963,963,400
1720742400,967,967,967,967,100
1720743000,968,969,968,969,200
1720743600,966,966,966,966,100
1720746600,969,969,969,969,100
1720749000,969,969,969,969,100
1720750200,967,967,967,967,100
1720755000,967,967,967,967,100
1720756800,969,969,969,969,100
1720758000,968,968,968,968,100
1720761000,970,972,970,972,300
1720762200,974,979,974,979,400
1720762800,978,978,978,978,300
1720763400,978,982,978,981,800
1721088600,1085,1131,1026,1051,67500
1721089200,1053,1053,1020,1028,8700
1721089800,1030,1038,1006,1030,5300
1721090400,1030,1037,1020,1037,2600
1721091000,1037,1038,1034,1038,1300
1721091600,1039,1046,1020,1037,3100
1721092200,1036,1036,1021,1021,600
1721092800,1024,1024,1013,1013,2900
1721093400,1012,1015,1012,1015,200
1721094000,1013,1033,1012,1017,1200
1721094600,1015,1015,1011,1011,400
1721095200,1012,1026,1012,1026,1400
1721095800,1013,1038,1013,1038,1500
1721096400,1022,1036,1022,1025,400
1721100600,1022,1035,1020,1035,1300
1721101200,1024,1030,1021,1030,1200
1721101800,1027,1027,1021,1021,1200
1721103000,1028,1028,1028,1028,100
1721104200,1023,1023,1023,1023,100
1721104800,1032,1035,1032,1035,900
1721105400,1036,1043,1026,1035,2400
1721106000,1027,1028,1027,1028,200
1721106600,1042,1042,1032,1032,200
1721107200,1035,1038,1035,1036,400
1721107800,1039,1049,1039,1049,2700
1721108400,1050,1051,1036,1036,6800
1721109000,1036,1036,1031,1031,1500
1721109600,1031,1031,1031,1031,100
1721174400,1006,1029,990,999,5400
1721175000,999,1000,991,991,2200
1721175600,992,999,991,991,1900
1721176200,991,992,991,992,300
1721176800,996,999,992,999,600
1721177400,1000,1000,996,1000,600
1721178000,1001,1003,1001,1003,200
1721178600,1010,1014,1000,1014,2000
1721179200,1013,1019,1013,1019,600
1721179800,1018,1023,1018,1023,1400
1721181000,1018,1020,1018,1020,400
1721181600,1019,1019,1019,1019,100
1721182800,1017,1019,1017,1019,500
1721187000,1011,1011,1011,1011,100
1721189400,1011,1011,1011,1011,100
1721190600,1015,1015,1015,1015,200
1721191200,1020,1020,1020,1020,300
1721192400,1020,1030,1020,1030,1200
1721193000,1030,1032,1030,1032,400
1721195400,1031,1031,1031,1031,200
1721196000,1031,1031,1031,1031,700
1721260800,992,995,992,993,3300
1721261400,997,997,997,997,200
1721262600,999,999,996,996,200
1721263200,1001,1001,1001,1001,100
1721263800,1000,1000,997,1000,300
1721266200,1001,1001,1001,1001,100
1721266800,1004,1005,1004,1005,400
1721268000,998,1005,996,1005,700
1721269200,1005,1005,997,997,400
1721273400,997,997,997,997,100
1721276400,1001,1004,1001,1004,200
1721277000,999,999,999,999,100
1721277600,999,999,998,998,300
1721278200,998,998,997,997,700
1721279400,997,997,997,997,100
1721280000,996,997,996,997,500
1721280600,997,997,997,997,100
1721281200,997,997,997,997,200
1721281800,997,999,997,999,300
1721347200,1008,1008,1008,1008,300
1721348400,1008,1008,1008,1008,100
1721349600,1007,1007,1007,1007,200
1721350800,1000,1000,1000,1000,100
1721352000,1007,1007,1007,1007,100
1721359800,1006,1006,1000,1000,200
1721360400,999,999,997,997,300
1721361000,1004,1004,1004,1004,100
1721362800,1000,1000,1000,1000,100
1721363400,1000,1000,1000,1000,100
1721364000,1000,1005,1000,1005,200
1721366400,995,995,990,990,900
1721367000,1001,1001,1001,1001,100
1721606400,1001,1001,991,991,900
1721608200,991,991,991,991,100
1721610000,991,991,991,991,200
1721611200,992,992,991,991,300
1721611800,991,991,991,991,100
1721619000,991,991,991,991,300
1721620800,991,991,990,990,1200
1721621400,990,990,983,983,800
1721622000,981,981,981,981,100
1721622600,980,980,980,980,100
1721628000,980,980,980,980,500
1721692800,980,984,980,984,600
1721693400,981,981,965,965,3300
1721694000,969,969,969,969,200
1721695200,969,969,960,960,1800
1721695800,962,962,962,962,100
1721696400,962,962,961,961,300
1721697000,969,969,969,969,100
1721697600,971,971,971,971,100
1721698200,962,962,962,962,300
1721700600,965,965,965,965,100
1721705400,965,969,965,969,200
1721706000,965,965,965,965,100
1721706600,964,964,964,964,100
1721709600,964,964,964,964,200
1721711400,964,964,958,958,3400
1721712600,960,962,960,961,300
1721713200,963,965,963,965,600
1721713800,965,969,965,969,500
1721779200,969,969,969,969,300
1721780400,969,970,968,970,400
1721781000,967,967,967,967,100
1721781600,966,967,966,967,200
1721782200,968,968,968,968,200
1721792400,968,968,968,968,100
1721795400,967,967,967,967,100
1721796000,965,965,963,963,300
1721797200,962,962,950,950,4900
1721797800,950,959,950,959,600
1721798400,955,955,955,955,100
1721799000,953,953,950,950,300
1721799600,951,954,950,954,700
1721800200,950,950,950,950,100
1721800800,955,955,955,955,100
1721865600,950,950,948,948,1500
1721866200,947,947,944,944,1000
1721866800,944,944,944,944,100
1721867400,947,947,947,947,100
1721868000,948,948,948,948,100
1721868600,949,953,949,953,300
1721869200,950,950,950,950,100
1721869800,947,947,944,944,500
1721870400,943,943,943,943,100
1721878200,943,943,943,943,600
1721880000,949,953,949,953,600
1721880600,953,953,953,953,100
1721882400,953,953,948,948,300
1721884800,954,954,954,954,100
1721885400,952,952,952,952,100
1721886600,954,955,954,955,300
1721887200,955,955,955,955,300
1721952000,955,955,955,955,100
1721952600,947,948,947,948,300
1721953200,950,950,950,950,100
1721953800,947,947,947,947,400
1721954400,945,947,945,947,600
1721955600,949,949,949,949,100
1721957400,951,951,951,951,100
1721964600,950,954,950,954,600
1721965200,953,953,953,953,100
1721965800,955,955,955,955,100
1721970000,956,969,956,969,300
1721971800,955,962,940,940,6800
1721972400,947,967,947,952,1300
1721973000,947,954,940,953,2900
1721973600,954,954,954,954,600
1722211200,950,950,928,930,6600
1722211800,934,935,920,923,4100
1722212400,925,934,923,928,900
1722213000,930,930,930,930,100
1722213600,935,938,935,938,700
1722214200,934,941,922,941,2600
1722215400,940,940,940,940,600
1722216600,928,933,920,920,5100
1722217200,924,924,920,920,400
1722218400,924,925,924,925,200
1722219600,937,937,919,919,2000
1722220200,919,919,919,919,200
1722223800,920,922,920,921,600
1722224400,923,923,921,921,300
1722225000,921,923,921,923,300
1722225600,924,924,917,917,4000
1722227400,921,922,921,922,200
1722228000,921,921,921,921,200
1722229200,920,921,912,921,2900
1722229800,922,937,922,937,1400
1722230400,935,935,935,935,100
1722231000,930,944,930,944,2200
1722231600,945,950,945,945,1300
1722232200,940,942,930,940,900
1722232800,943,943,943,943,400
1722297600,949,950,949,950,400
1722298800,943,943,943,943,200
1722300000,936,936,936,936,100
1722305400,935,943,920,943,4900
1722306000,928,931,922,926,2300
1722310200,924,935,923,935,600
1722310800,938,938,938,938,100
1722312600,933,933,919,922,2600
1722313800,920,920,920,920,200
1722314400,921,921,921,921,100
1722315000,923,931,923,924,500
1722316200,933,933,933,933,100
1722316800,932,932,932,932,200
1722317400,932,939,930,930,800
1722318000,934,934,934,934,100
1722319200,932,932,932,932,300
1722384000,932,932,930,930,600
1722384600,926,926,926,926,100
1722385200,925,925,919,919,800
1722385800,918,918,918,918,200
1722386400,919,919,918,918,200
1722387000,918,919,918,919,200
1722387600,918,918,918,918,100
1722388800,919,919,919,919,100
1722389400,919,919,918,918,600
1722390000,917,917,917,917,1200
1722390600,918,919,918,919,200
1722391200,918,919,918,919,300
1722391800,923,923,923,923,100
1722396600,922,922,922,922,200
1722397200,920,920,918,918,400
1722398400,919,919,919,919,100
1722399600,918,922,917,922,1400
1722400200,922,923,922,923,200
1722402000,924,926,924,926,400
1722402600,922,926,920,926,700
1722403800,921,930,921,930,800
1722405600,930,930,930,930,400
1722470400,929,929,929,929,500
1722476400,922,922,921,921,300
1722479400,922,922,922,922,100
1722483000,922,927,921,921,700
1722483600,920,920,915,915,800
1722484200,917,920,917,920,300
1722485400,920,920,920,920,100
1722486600,920,920,920,920,100
1722487800,916,916,916,916,100
1722489000,918,918,918,918,100
1722489600,919,928,919,928,1200
1722490200,928,935,920,929,2500
1722490800,929,929,929,929,100
1722491400,933,933,933,933,100
1722492000,935,935,935,935,500
1722556800,927,935,922,922,1300
1722557400,922,922,922,922,300
1722558000,920,920,910,910,1600
1722558600,925,925,910,925,800
1722559200,912,912,912,912,100
1722560400,910,912,908,912,1000
1722561000,912,921,912,921,200
1722561600,921,921,907,907,400
1722562200,910,910,906,906,200
1722562800,905,911,905,911,600
1722569400,903,903,903,903,900
1722570000,904,905,903,905,600
1722570600,902,909,902,909,200
1722571800,907,907,907,907,100
1722573600,909,925,909,925,700
1722574200,925,935,925,935,1500
1722574800,934,935,934,935,300
1722575400,922,922,922,922,300
1722576000,920,934,920,933,800
1722576600,918,935,918,935,1500
1722577200,935,935,921,934,500
1722577800,930,935,920,935,1500
1722578400,905,905,905,905,400
1722816000,903,903,902,902,1100
1722816600,903,903,903,903,600
1722817200,903,903,903,903,400
1722818400,902,902,902,902,100
1722819600,902,902,901,901,500
1722820200,900,903,897,897,1800
1722821400,896,919,896,919,1000
1722822000,906,906,906,906,300
1722822600,906,906,906,906,100
1722828600,906,910,906,910,200
1722829200,906,906,905,905,500
1722829800,901,901,900,900,500
1722830400,900,900,900,900,100
1722831000,909,909,909,909,100
1722831600,900,912,900,912,600
1722832200,916,916,916,916,200
1722833400,916,916,900,900,600
1722834000,915,918,915,916,300
1722834600,913,913,913,913,200
1722835200,901,913,901,913,600
1722835800,912,912,910,910,600
1722836400,900,915,900,915,900
1722837000,900,915,900,900,500
1722837600,911,911,911,911,500
1722902400,910,910,910,910,300
1722903000,905,905,880,893,2100
1722903600,911,911,911,911,100
1722904800,900,900,893,897,700
1722905400,898,900,898,899,1100
1722906000,900,910,900,900,500
1722906600,900,900,900,900,100
1722907200,911,911,911,911,100
1722908400,900,900,900,900,100
1722911400,901,901,901,901,100
1722915000,901,901,890,890,1300
1722915600,900,912,900,912,400
1722916800,910,910,910,910,200
1722919200,901,901,901,901,100
1722919800,900,913,900,913,400
1722921600,898,913,898,913,400
1722988800,900,900,896,896,500
1722991800,911,913,910,910,400
1722996000,918,918,918,918,100
1722997200,919,919,919,919,200
1723001400,904,907,904,907,600
1723004400,903,908,903,908,200
1723005000,908,908,908,908,200
1723006200,908,908,908,908,200
1723008000,909,909,909,909,100
1723075200,909,909,909,909,300
1723078200,911,911,911,911,100
1723088400,921,921,921,921,100
1723089600,920,922,920,922,300
1723093800,921,921,921,921,100
1723094400,921,921,921,921,100
1723095600,915,915,915,915,100
1723161600,912,912,912,912,300
1723162200,913,913,910,911,300
1723162800,910,910,910,910,100
1723163400,909,909,898,900,2100
1723164000,900,900,900,900,200
1723164600,904,904,904,904,100
1723166400,905,905,899,899,500
1723167600,906,906,906,906,100
1723168200,900,900,900,900,100
1723170000,901,901,901,901,100
1723174200,907,907,907,907,200
1723176600,910,910,910,910,100
1723177200,902,902,902,902,100
1723178400,900,900,900,900,100
1723180200,903,910,903,910,200
1723182600,910,910,910,910,100
1723507200,908,908,908,908,500
1723507800,910,913,910,913,300
1723508400,916,916,916,916,100
1723509000,916,916,916,916,100
1723510200,907,907,907,907,100
1723510800,908,908,908,908,100
1723512600,907,907,907,907,100
1723513200,906,906,906,906,100
1723515000,906,907,906,907,200
1723516200,907,907,907,907,100
1723519800,906,906,906,906,100
1723521000,905,905,905,905,100
1723522200,907,907,907,907,100
1723524000,908,908,908,908,200
1723527000,907,907,906,906,200
1723528200,907,908,907,908,300
1723528800,906,906,906,906,100
1723593600,920,920,920,920,700
1723594800,910,910,910,910,100
1723595400,910,910,910,910,100
1723598400,910,915,910,915,200
1723599600,915,915,915,915,100
1723600800,916,916,916,916,100
1723608600,911,911,911,911,200
1723611000,911,911,890,890,2600
1723614000,902,912,900,900,500
1723614600,909,912,909,912,200
1723615200,908,908,908,908,100
1723680000,908,908,901,901,300
1723680600,907,907,907,907,100
1723681200,908,908,908,908,100
1723681800,910,910,910,910,300
1723684200,902,902,888,888,2000
1723684800,900,909,900,904,400
1723686000,900,900,900,900,100
1723686600,900,900,900,900,100
1723692600,906,906,906,906,100
1723693200,905,905,905,905,100
1723694400,905,905,905,905,100
1723698000,900,910,898,910,1200
1723699200,896,906,896,896,400
1723699800,896,904,896,904,400
1723700400,900,907,900,907,200
1723701000,900,900,896,896,400
1723701600,896,896,896,896,100
1723766400,899,912,899,909,8400
1723767600,909,909,909,909,100
1723768800,901,909,901,909,200
1723769400,903,903,903,903,100
1723770600,903,903,900,900,600
1723771200,897,897,890,890,1500
1723771800,891,891,891,891,100
1723772400,893,893,890,890,1400
1723773000,890,890,890,890,300
1723773600,891,891,889,889,700
1723774200,889,890,889,890,200
1723774800,890,890,889,889,200
1723775400,890,890,890,890,100
1723779000,890,891,890,890,700
1723779600,892,892,892,892,100
1723780200,893,893,888,888,2000
1723780800,890,890,890,890,200
1723781400,890,891,890,891,300
1723782000,891,892,891,892,200
1723782600,892,892,892,892,100
1723783200,895,895,895,895,100
1723785000,891,891,887,890,1700
1723786200,891,891,891,891,100
1723786800,892,892,890,891,400
1723787400,890,890,889,889,300
1723788000,889,889,889,889,100
1724025600,890,892,890,892,900
1724026200,893,893,893,893,100
1724029200,891,891,890,890,1000
1724031000,889,889,888,888,500
1724032800,888,888,888,888,100
1724033400,890,890,889,889,300
1724038200,890,891,890,891,300
1724039400,892,892,892,892,100
1724040000,894,894,894,894,100
1724043600,890,894,890,894,300
1724112000,890,897,890,897,700
1724113800,891,897,891,897,200
1724114400,898,898,898,898,100
1724115600,898,898,898,898,400
1724116200,899,899,899,899,400
1724124600,894,894,894,894,100
1724125800,892,892,892,892,100
1724126400,891,891,891,891,100
1724131200,892,898,892,898,300
1724198400,898,898,895,895,300
1724199000,894,894,894,894,200
1724200800,894,897,894,897,200
1724201400,900,900,900,900,100
1724203200,900,900,900,900,200
1724203800,900,901,900,901,400
1724214000,900,902,900,902,200
1724214600,903,903,903,903,100
1724284800,905,905,905,905,100
1724288400,904,909,903,903,300
1724293200,903,903,902,902,300
1724297400,901,901,901,901,400
1724298600,908,908,908,908,100
1724302800,909,909,909,909,100
1724304600,909,909,909,909,100
1724305200,910,910,910,910,200
1724305800,908,908,908,908,100
1724371200,901,901,901,901,700
1724374200,908,908,908,908,100
1724386800,905,905,905,905,100
1724391600,908,908,908,908,100
1724392200,908,908,908,908,100
1724630400,908,908,908,908,300
1724632200,913,913,913,913,100
1724633400,908,908,908,908,100
1724635200,913,913,913,913,100
1724643600,912,912,912,912,100
1724716800,916,916,913,913,300
1724718000,912,912,912,912,100
1724719200,912,912,912,912,100
1724721000,910,910,910,910,100
1724722200,914,914,914,914,100
1724732400,905,905,905,905,100
1724733000,906,906,906,906,100
1724737800,906,906,905,905,200
1724803200,905,905,905,905,200
1724803800,905,905,905,905,100
1724804400,909,909,909,909,100
1724806800,908,908,908,908,100
1724811000,905,905,905,905,100
1724815800,905,905,904,904,300
1724820600,905,905,905,905,300
1724890800,905,905,904,904,300
1724891400,904,904,904,904,100
1724893200,904,904,904,904,100
1724896200,903,903,903,903,100
1724898000,903,903,903,903,100
1724902200,903,903,903,903,100
1724908200,907,907,907,907,100
1724976000,907,907,907,907,100
1724976600,907,907,899,900,2600
1724977800,901,902,901,902,200
1724979000,904,904,901,901,200
1724979600,900,900,899,899,1400
1724988600,900,900,900,900,100
1724989200,902,902,902,902,100
1724990400,902,902,902,902,100
1724994000,900,900,898,898,1500
1724994600,902,902,902,902,100
1724997000,900,900,900,900,100
1724997600,898,898,898,898,300
1725235200,901,901,901,901,200
1725236400,902,902,901,901,200
1725247800,901,905,901,905,200
1725250200,900,900,900,900,500
1725251400,900,900,900,900,100
1725253200,899,899,899,899,100
1725321600,900,900,900,900,100
1725322200,900,900,898,898,400
1725324000,898,898,898,898,100
1725325800,899,899,898,898,400
1725326400,898,898,898,898,100
1725327000,899,899,890,890,2600
1725327600,893,893,893,893,100
1725328800,894,894,894,894,100
1725330000,893,893,893,893,200
1725334200,893,900,893,900,900
1725338400,900,900,900,900,100
1725340200,899,899,899,899,100
1725340800,902,902,902,902,100
1725341400,897,897,897,897,200
1725342000,897,897,897,897,100
1725408000,887,891,887,891,1300
1725409800,891,891,891,891,200
1725411600,889,889,886,886,900
1725414600,888,888,888,888,100
1725415200,888,888,888,888,100
1725416400,893,893,893,893,100
1725420600,893,893,893,893,100
1725421800,890,890,890,890,400
1725424200,889,889,889,889,100
1725424800,890,890,890,890,100
1725426000,889,889,889,889,700
1725426600,888,889,888,889,200
1725427200,887,887,887,887,100
1725427800,889,889,885,885,200
1725428400,885,885,880,880,1700
1725429600,880,880,880,880,100
1725494400,878,888,878,888,1300
1725495000,889,889,889,889,100
1725495600,887,887,887,887,100
1725496200,888,888,887,887,200
1725496800,887,887,887,887,100
1725498600,886,886,885,885,200
1725500400,885,885,885,885,100
1725503400,884,884,884,884,100
1725507000,884,884,884,884,400
1725508800,887,887,887,887,100
1725510600,885,885,885,885,100
1725511200,885,885,885,885,100
1725512400,889,889,883,883,300
1725513600,883,883,883,883,100
1725514800,883,883,883,883,100
1725516000,883,883,883,883,100
1725580800,883,898,883,898,600
1725582600,890,890,890,890,100
1725585000,893,893,893,893,100
1725588600,893,893,893,893,100
1725593400,879,880,870,872,3600
1725595200,872,878,872,878,300
1725595800,876,876,876,876,100
1725597000,874,875,873,875,400
1725597600,876,876,876,876,100
1725598200,878,879,878,878,300
1725598800,878,882,878,878,600
1725599400,875,875,870,870,1400
1725600000,868,868,868,868,200
1725600600,869,869,869,869,300
1725601200,873,883,873,883,500
1725602400,877,877,877,877,1000
1725840000,870,870,864,865,1600
1725840600,865,867,861,867,800
1725841200,861,861,861,861,100
1725841800,861,861,860,861,800
1725842400,862,862,862,862,100
1725843000,860,860,860,860,200
1725843600,860,860,860,860,100
1725844800,859,859,859,859,100
1725845400,860,860,860,860,200
1725846000,860,860,860,860,300
1725847800,863,863,863,863,100
1725848400,863,863,863,863,100
1725849000,863,863,863,863,500
1725852600,863,863,859,860,1700
1725853200,861,861,861,861,200
1725853800,862,862,862,862,200
1725854400,863,863,863,863,100
1725855000,863,863,861,861,300
1725855600,862,862,862,862,100
1725856200,862,862,862,862,100
1725856800,862,862,862,862,100
1725858600,862,862,862,862,100
1725859200,864,870,864,870,700
1725859800,874,875,865,865,400
1725860400,874,875,865,865,300
1725861000,870,870,870,870,100
1725861600,870,870,870,870,100
1725926400,875,875,871,871,200
1725930000,879,879,879,879,100
1725934200,876,876,876,876,100
1725939000,875,875,875,875,300
1725943200,876,876,876,876,100
1725945000,877,877,877,877,100
1725946200,877,878,877,878,200
1726012800,872,872,872,872,300
1726014600,880,880,880,880,100
1726018800,871,871,871,871,100
1726025400,879,879,872,872,400
1726026600,871,871,870,870,400
1726029600,867,867,866,866,200
1726030200,870,879,870,879,300
1726032600,870,870,870,870,100
1726099200,879,879,876,876,400
1726104000,878,878,878,878,100
1726107600,877,877,877,877,100
1726111800,873,873,873,873,100
1726115400,876,876,872,874,300
1726185600,872,872,872,872,200
1726186200,876,876,876,876,200
1726187400,873,873,873,873,100
1726188600,873,873,870,870,600
1726189200,870,870,865,865,1000
1726190400,866,866,866,866,100
1726191600,864,864,863,863,300
1726192800,863,863,860,860,1500
1726193400,861,861,859,859,400
1726194000,858,858,858,858,200
1726194600,858,858,858,858,200
1726198200,861,861,861,861,300
1726198800,864,865,864,865,400
1726200600,860,860,860,860,100
1726201800,863,863,860,860,200
1726202400,860,860,859,859,600
1726203000,858,865,850,865,2700
1726206000,863,863,863,863,100
1726206600,861,863,861,863,300
1726207200,863,863,863,863,100
1726531200,866,866,863,863,600
1726531800,867,873,867,873,400
1726533000,872,872,872,872,100
1726536600,870,870,870,870,100
1726540200,867,867,867,867,100
1726543800,862,862,862,862,200
1726544400,861,861,860,860,300
1726545600,859,859,858,858,1200
1726546200,858,858,858,858,3900
1726547400,860,860,860,860,1100
1726548000,861,861,861,861,100
1726550400,861,861,861,861,100
1726551600,863,863,863,863,100
1726552200,863,863,863,863,100
1726617600,867,867,867,867,300
1726618200,863,863,863,863,200
1726618800,863,863,850,850,2500
1726619400,850,852,850,851,600
1726620000,850,850,850,850,600
1726620600,849,849,822,837,1700
1726621200,839,854,839,854,500
1726622400,845,845,838,838,200
1726623000,838,838,838,838,100
1726623600,837,837,829,829,1000
1726624200,830,830,830,830,100
1726624800,829,829,828,828,300
1726625400,827,827,827,827,100
1726626000,826,830,826,830,300
1726626600,835,835,835,835,300
1726630200,844,844,839,839,800
1726630800,839,839,835,835,200
1726631400,835,835,835,835,200
1726632600,835,835,832,832,300
1726635000,834,834,830,830,700
1726637400,830,830,830,830,200
1726638600,830,830,828,830,1100
1726639200,830,830,830,830,600
1726704000,833,836,832,836,900
1726704600,833,833,833,833,400
1726705200,832,832,832,832,100
1726705800,833,833,833,833,100
1726706400,848,853,848,853,400
1726708800,847,847,847,847,100
1726709400,847,847,847,847,100
1726716600,846,846,840,840,600
1726717200,840,840,840,840,200
1726717800,844,844,844,844,100
1726719000,838,838,838,838,100
1726722600,837,837,836,836,200
1726723200,838,840,838,840,200
1726723800,843,843,843,843,100
1726724400,843,847,843,847,400
1726725000,844,845,837,837,300
1726725600,839,839,839,839,100
1726790400,840,840,840,840,100
1726791000,852,852,852,852,200
1726791600,853,853,853,853,200
1726794000,843,843,843,843,100
1726795800,850,850,850,850,100
1726797000,850,850,850,850,100
1726798800,851,851,851,851,200
1726803000,843,843,843,843,200
1726803600,843,843,843,843,100
1726804800,850,850,850,850,300
1726805400,851,851,851,851,100
1726811400,851,851,851,851,200
1726812000,849,849,849,849,200
1727136000,849,852,849,852,700
1727136600,854,856,854,856,500
1727137200,852,855,852,855,200
1727137800,855,858,855,855,600
1727138400,857,857,857,857,100
1727139000,858,858,858,858,200
1727140200,858,861,858,861,700
1727142600,859,859,859,859,100
1727148600,860,860,860,860,100
1727149200,851,859,851,851,600
1727150400,859,859,859,859,100
1727152800,858,858,858,858,100
1727154600,851,851,851,851,100
1727155200,859,859,859,859,200
1727156400,859,859,859,859,100
1727157000,859,859,859,859,100
1727157600,860,860,860,860,500
1727222400,869,870,869,870,1800
1727223000,870,870,870,870,100
1727223600,870,871,863,863,300
1727224200,863,863,863,863,100
1727226000,870,870,870,870,100
1727228400,869,869,869,869,100
1727230800,861,861,861,861,100
1727235000,861,861,860,860,300
1727237400,862,862,862,862,400
1727239200,863,863,863,863,100
1727243400,862,862,862,862,100
1727244000,868,868,868,868,400
1727308800,857,857,857,857,700
1727309400,870,870,870,870,100
1727310600,870,870,870,870,300
1727322000,870,870,870,870,100
1727328000,869,870,869,870,200
1727330400,870,870,870,870,600
1727395200,825,825,825,825,8100
1727395800,839,839,832,835,600
1727396400,833,835,830,830,1100
1727397000,833,833,830,832,900
1727397600,830,833,830,832,1400
1727398200,834,840,834,840,500
1727398800,835,846,835,846,200
1727399400,849,849,845,845,200
1727400000,845,845,845,845,200
1727401200,841,841,838,838,300
1727403000,840,840,840,840,100
1727404200,840,840,840,840,300
1727407800,846,847,846,847,300
1727408400,847,847,847,847,200
1727409600,848,849,848,849,200
1727412000,850,851,850,851,200
1727412600,853,853,853,853,100
1727413200,853,853,853,853,100
1727413800,854,854,854,854,100
1727415000,855,855,855,855,200
1727416200,855,855,855,855,100
1727416800,854,854,854,854,200
1727654400,839,839,839,839,700
1727655000,839,840,839,840,300
1727655600,840,842,840,842,300
1727656200,840,840,840,840,200
1727658000,839,839,838,838,200
1727658600,837,837,837,837,100
1727660400,838,838,836,836,800
1727661000,837,837,837,837,200
1727661600,836,836,836,836,200
1727662200,843,843,843,843,100
1727662800,844,844,836,836,200
1727663400,836,836,836,836,200
1727667000,844,844,834,834,200
1727668200,838,838,838,838,100
1727668800,846,846,846,846,100
1727673000,838,838,838,838,300
1727674200,839,839,838,838,200
1727674800,846,846,845,845,200
1727676000,841,841,841,841,100
1727740800,842,842,842,842,400
1727741400,847,847,847,847,200
1727742000,848,848,848,848,100
1727742600,849,849,849,849,200
1727743800,849,849,849,849,200
1727745000,854,854,854,854,100
1727746200,855,856,855,855,300
1727753400,855,855,855,855,100
1727760000,855,855,855,855,200
1727761800,854,854,854,854,100
1727827200,854,857,854,857,600
1727827800,858,858,858,858,100
1727828400,860,860,860,860,300
1727829000,860,867,860,867,200
1727830200,866,866,859,859,200
1727830800,858,858,850,850,700
1727833200,863,863,863,863,100
1727833800,849,849,849,849,100
1727841000,864,864,864,864,100
1727844600,864,864,859,859,300
1727845800,851,851,849,849,300
1727846400,849,849,847,847,500
1727847000,847,847,847,847,200
1727847600,846,846,843,843,500
1727848200,843,847,840,847,500
1727913600,852,852,852,852,400
1727915400,850,850,850,850,100
1727917200,841,841,840,840,200
1727917800,841,841,840,840,500
1727920200,839,843,839,843,300
1727920800,844,850,844,850,1100
1727921400,838,838,838,838,200
1727922000,838,838,838,838,200
1727926200,838,838,837,838,1200
1727926800,838,838,838,838,300
1727927400,838,838,838,838,100
1727928000,837,837,836,837,400
1727928600,837,837,837,837,200
1727929200,837,838,837,838,200
1727931600,838,838,838,838,200
1727932200,837,837,837,837,100
1727932800,838,838,838,838,100
1727934600,838,838,838,838,600
1727935200,838,838,838,838,400
1728000000,849,849,837,847,800
1728003000,838,838,837,837,400
1728012600,842,844,842,844,300
1728015000,844,844,844,844,100
1728016200,844,844,844,844,100
1728016800,838,838,838,838,100
1728019200,837,837,837,837,400
1728019800,840,840,840,840,200
1728020400,839,839,839,839,100
1728021600,840,840,840,840,100
1728259200,840,840,828,828,4600
1728259800,827,827,820,825,3600
1728260400,826,826,826,826,100
1728261000,827,829,824,824,700
1728261600,829,829,823,829,300
1728263400,826,826,820,820,1800
1728264000,820,822,820,820,1300
1728264600,826,827,824,824,300
1728265200,829,829,829,829,200
1728266400,829,829,824,824,200
1728267600,821,821,820,820,700
1728268200,820,820,820,820,200
1728271800,820,820,820,820,200
1728272400,822,822,820,820,400
1728273600,821,821,818,818,2300
1728274200,818,818,817,818,500
1728274800,817,817,817,817,100
1728275400,821,822,821,821,600
1728276000,821,821,821,821,100
1728277200,821,822,821,821,600
1728277800,821,822,821,821,400
1728278400,823,823,823,823,200
1728279600,822,822,822,822,100
1728280200,824,825,824,825,400
1728280800,825,825,825,825,100
1728345600,825,825,825,825,400
1728346200,825,825,821,821,2200
1728346800,826,826,826,826,100
1728347400,829,829,821,821,1100
1728348000,822,822,820,820,900
1728348600,820,820,819,819,200
1728349200,820,820,820,820,100
1728351000,821,821,821,821,100
1728354000,820,820,820,820,100
1728354600,819,819,819,819,200
1728358200,821,821,818,820,1000
1728358800,820,820,820,820,200
1728360000,820,820,818,818,600
1728360600,817,817,817,817,100
1728361200,819,819,819,819,100
1728361800,817,817,816,816,1000
1728362400,815,817,815,817,600
1728363000,818,818,817,818,800
1728363600,816,817,814,817,1000
1728364200,817,826,817,826,2200
1728364800,826,829,826,829,600
1728365400,829,829,822,828,900
1728366000,828,828,828,828,100
1728366600,822,830,821,830,700
1728367200,830,830,830,830,600
1728432000,785,790,777,781,35400
1728432600,780,790,778,785,7700
1728433200,786,792,777,777,6400
1728433800,780,785,780,785,600
1728434400,782,789,782,786,1600
1728435000,786,788,783,783,800
1728435600,786,804,786,804,7200
1728436200,797,805,795,805,6700
1728436800,797,803,797,802,1100
1728437400,802,802,800,800,400
1728438000,800,800,800,800,100
1728438600,796,796,796,796,100
1728439200,793,800,792,799,1200
1728439800,797,804,794,795,1800
1728440400,799,804,799,804,400
1728441000,798,798,798,798,300
1728444600,798,805,798,805,3600
1728445200,804,804,804,804,100
1728446400,802,804,800,804,500
1728447600,803,803,803,803,100
1728448200,802,802,799,799,200
1728448800,798,805,796,805,500
1728449400,804,804,796,796,300
1728450000,803,804,803,804,300
1728450600,802,802,802,802,100
1728451200,800,814,800,813,5200
1728451800,813,847,813,847,7300
1728452400,840,840,840,840,400
1728453000,835,843,832,833,1500
1728453600,833,833,833,833,200
1728518400,820,820,805,805,1600
1728519000,808,819,802,819,2700
1728519600,816,816,816,816,100
1728520200,806,806,802,802,500
1728520800,802,802,800,800,1400
1728521400,802,805,802,805,1100
1728522000,802,802,802,802,100
1728522600,801,801,801,801,300
1728523200,800,800,797,797,1200
1728523800,800,805,800,805,1000
1728524400,804,804,804,804,100
1728525000,804,804,804,804,100
1728525600,803,803,801,801,600
1728526200,803,803,798,798,300
1728526800,803,803,803,803,100
1728527400,803,803,803,803,100
1728531000,803,817,798,808,2400
1728531600,816,816,798,805,2700
1728532200,816,816,816,816,100
1728534600,810,831,806,831,1800
1728535200,830,831,830,831,400
1728536400,831,831,831,831,100
1728538800,818,832,818,832,1200
1728539400,830,830,817,830,900
1728540000,825,825,825,825,200
1728604800,840,843,835,843,2700
1728605400,844,844,844,844,100
1728606000,843,844,836,843,1500
1728606600,843,863,843,863,2200
1728607800,858,858,858,858,200
1728608400,850,863,850,863,500
1728609000,862,863,860,862,600
1728610200,847,847,847,847,100
1728610800,855,855,855,855,200
1728612600,847,847,847,847,100
1728617400,847,847,846,847,700
1728618600,844,844,844,844,100
1728620400,840,841,836,841,700
1728625200,834,834,833,833,300
1728625800,841,842,840,841,700
1728950400,856,857,856,857,700
1728951000,855,855,855,855,100
1728951600,857,857,857,857,100
1728952200,847,847,847,847,300
1728952800,847,847,847,847,100
1728955800,855,857,855,857,300
1728956400,855,855,855,855,100
1728957000,855,855,855,855,100
1728963000,842,843,842,843,500
1728964200,853,853,853,853,200
1728966600,845,845,845,845,100
1728967200,841,841,838,838,300
1728967800,836,858,830,858,1400
1728968400,855,855,855,855,100
1728970200,851,851,851,851,100
1728972000,852,852,852,852,200
1729036800,852,853,852,853,500
1729037400,849,849,849,849,100
1729038600,845,845,845,845,100
1729039800,845,845,845,845,100
1729044600,845,845,845,845,100
1729049400,844,845,844,845,200
1729050600,845,845,845,845,100
1729052400,842,854,842,850,900
1729058400,850,850,850,850,200
1729124400,853,853,853,853,200
1729125000,846,846,846,846,100
1729128600,850,850,850,850,100
1729137600,850,851,849,851,300
1729139400,848,848,848,848,200
1729140000,850,853,850,853,300
1729140600,853,854,840,854,1000
1729141200,855,855,852,852,300
1729144800,849,849,849,849,200
1729209600,855,855,851,851,300
1729211400,850,855,849,855,400
1729213200,850,856,850,856,200
1729213800,856,856,856,856,100
1729217400,855,855,855,855,200
1729218600,855,855,855,855,100
1729222200,853,853,853,853,100
1729222800,855,855,855,855,100
1729225800,854,855,854,855,300
1729231200,852,852,852,852,100
1729468800,855,855,851,851,200
1729469400,851,851,848,848,400
1729470600,848,848,848,848,100
1729472400,845,853,845,853,900
1729481400,853,853,853,853,100
1729482600,854,861,854,861,800
1729489800,853,853,853,853,100
1729555200,861,861,861,861,200
1729557600,861,861,861,861,200
1729558200,861,861,853,853,200
1729561200,861,862,861,862,200
1729567800,855,855,855,855,200
1729570200,855,855,855,855,200
1729576800,855,855,855,855,300
1729641600,858,858,858,858,200
1729644000,853,853,849,849,400
1729647000,851,855,851,855,200
1729654200,852,852,852,852,100
1729655400,850,855,850,855,800
1729657200,855,855,855,855,100
1729659000,853,853,853,853,100
1729663200,856,856,856,856,100
1729730400,850,850,850,850,300
1729733400,851,851,851,851,100
1729740600,850,850,850,850,100
1729743600,848,850,848,850,200
1729746000,850,851,848,848,600
1729746600,853,855,853,855,200
1729749600,851,851,851,851,200
1729814400,850,850,850,850,200
1729816200,850,850,849,849,200
1729820400,849,849,847,847,1100
1729821000,846,846,846,846,100
1729821600,849,851,849,851,500
1729827000,850,850,850,850,200
1729830000,850,850,850,850,100
1729830600,850,850,847,847,1000
1729832400,852,853,850,850,800
1729834800,848,848,847,847,200
1729835400,847,847,847,847,100
1729836000,846,846,846,846,100
1730073600,841,852,841,843,1300
1730076000,843,843,843,843,100
1730080200,843,843,843,843,100
1730082000,849,849,849,849,100
1730086200,849,849,849,849,100
1730088000,849,849,849,849,100
1730089200,853,853,853,853,100
1730089800,853,853,853,853,100
1730091600,845,845,845,845,100
1730092800,853,853,853,853,100
1730094600,850,850,850,850,100
1730095200,855,855,855,855,600
1730160000,855,855,855,855,800
1730163000,850,850,850,850,100
1730163600,855,855,850,850,300
1730173200,857,857,857,857,400
1730178600,853,853,853,853,100
1730180400,860,860,853,853,200
1730246400,852,853,852,853,500
1730247600,858,858,858,858,100
1730249400,851,858,851,858,200
1730259000,856,856,856,856,100
1730263200,857,857,857,857,100
1730265600,855,855,855,855,100
1730268000,852,852,852,852,200
1730332800,851,851,851,851,200
1730335800,851,851,849,849,200
1730336400,852,852,852,852,100
1730337000,852,852,852,852,100
1730339400,853,853,853,853,100
1730347800,852,852,848,848,1400
1730349000,845,850,845,850,800
1730350200,848,848,848,848,300
1730350800,851,852,850,852,300
1730353800,853,853,853,853,200
1730354400,850,850,850,850,100
1730419200,858,858,858,858,200
1730421000,849,849,849,849,100
1730422800,856,856,856,856,100
1730423400,855,855,853,853,200
1730424000,852,855,852,855,200
1730431800,849,849,849,849,100
1730434200,852,852,852,852,100
1730435400,850,850,850,850,100
1730439000,852,859,852,859,1300
1730440200,858,858,858,858,200
1730440800,859,859,859,859,300
1730764800,859,859,859,859,300
1730766000,851,851,840,840,1200
1730766600,838,846,828,846,2300
1730767200,846,846,846,846,100
1730767800,845,845,844,844,500
1730781600,844,854,837,854,1400
1730782800,844,857,844,857,800
1730784600,850,850,850,850,100
1730787000,855,858,855,858,300
1730787600,852,852,852,852,300
1730851200,849,849,849,849,200
1730853000,847,847,840,845,600
1730854800,845,845,845,845,200
1730857800,845,845,845,845,400
1730858400,846,846,846,846,100
1730866200,844,844,844,844,300
1730869200,849,859,849,855,1100
1730872200,854,854,854,854,200
1730873400,855,855,855,855,100
1730874000,855,857,855,857,400
1730937600,860,866,860,866,1600
1730938200,870,875,870,872,2400
1730941200,865,865,862,862,300
1730941800,872,880,872,880,1500
1730942400,879,879,879,879,100
1730943000,879,879,879,879,200
1730943600,879,879,878,878,200
1730944200,877,877,877,877,100
1730944800,876,876,876,876,300
1730945400,876,880,876,880,900
1730950200,880,880,880,880,300
1730951400,881,890,881,889,1600
1730953800,889,889,889,889,500
1730958600,886,886,884,884,600
1730959800,884,886,884,886,500
1730960400,886,888,886,888,600
1730961000,902,902,902,902,2100
1731024000,872,902,872,902,9900
1731024600,882,900,882,900,1600
1731025200,900,900,900,900,200
1731025800,900,900,900,900,100
1731026400,899,905,899,905,1300
1731027000,903,903,903,903,100
1731027600,896,896,896,896,100
1731028200,896,896,895,895,400
1731028800,889,889,888,888,500
1731030000,888,888,881,881,300
1731031800,874,874,857,868,1200
1731032400,867,896,867,896,1500
1731033000,885,885,885,885,100
1731036600,885,885,885,885,200
1731037200,887,887,887,887,300
1731043800,887,898,885,898,300
1731046800,890,890,890,890,100
1731047400,897,897,897,897,300
1731283200,877,877,877,877,500
1731286200,885,885,885,885,100
1731286800,877,877,877,877,100
1731297000,877,877,876,876,200
1731297600,875,875,875,875,100
1731298200,877,877,877,877,100
1731298800,876,876,876,876,200
1731299400,876,876,876,876,300
1731302400,876,876,876,876,100
1731305400,885,885,885,885,100
1731369600,885,885,862,864,1300
1731370200,866,866,866,866,100
1731372000,884,884,884,884,100
1731372600,884,884,884,884,100
1731374400,872,872,872,872,100
1731375600,872,872,872,872,200
1731382200,871,871,871,871,100
1731387000,867,867,867,867,100
1731391800,877,877,877,877,100
1731456000,870,870,860,860,1800
1731459600,862,862,860,860,300
1731462000,857,857,857,857,100
1731469800,857,857,857,857,100
1731474000,858,858,858,858,100
1731542400,858,858,845,845,1800
1731543600,849,849,849,849,100
1731547200,850,850,850,850,100
1731549000,853,853,851,851,200
1731549600,850,850,850,850,100
1731550200,855,855,855,855,100
1731555000,858,858,858,858,100
1731559200,857,857,857,857,100
1731564000,857,857,856,856,300
1731565200,860,860,860,860,100
1731565800,885,885,885,885,500
1731628800,887,889,859,859,1900
1731630000,865,865,865,865,100
1731633000,861,861,860,860,200
1731633600,856,859,856,859,300
1731634200,860,860,860,860,100
1731636000,854,854,854,854,100
1731636600,867,867,867,867,100
1731637200,867,882,867,882,600
1731642000,865,865,865,865,100
1731642600,879,879,865,865,300
1731645000,860,860,860,860,100
1731646200,855,859,855,859,200
1731647400,857,857,857,857,100
1731648600,859,870,859,870,600
1731649200,870,877,870,877,300
1731649800,877,880,877,880,400
1731651000,880,880,880,880,100
1731652200,884,884,884,884,20800
1731888000,839,840,839,840,13700
1731888600,838,839,838,839,600
1731889200,842,846,842,845,2800
1731889800,841,841,837,837,1400
1731890400,837,837,835,835,600
1731891000,839,839,835,835,400
1731891600,836,836,836,836,100
1731892200,836,836,834,834,1100
1731892800,835,836,835,836,400
1731893400,835,836,835,836,300
1731894000,838,840,838,840,300
1731894600,840,840,840,840,200
1731895800,837,837,836,836,200
1731896400,839,839,839,839,100
1731900600,839,839,839,839,100
1731901200,839,839,839,839,100
1731904200,839,839,839,839,100
1731904800,836,836,835,836,400
1731906000,837,837,837,837,300
1731906600,835,835,835,835,100
1731907200,834,834,834,834,100
1731908400,834,835,834,835,300
1731909000,835,835,834,834,200
1731910200,833,833,828,828,1200
1731910800,834,834,834,834,300
1731911400,821,821,821,821,800
1731974400,827,827,815,817,1400
1731975000,818,818,818,818,200
1731976800,820,822,820,822,400
1731978600,824,824,824,824,100
1731979800,821,821,821,821,100
1731981000,824,824,824,824,100
1731982800,828,830,828,830,500
1731987600,831,831,831,831,300
1731988800,834,834,834,834,100
1731991200,827,827,827,827,100
1731991800,826,826,826,826,300
1731994200,825,825,820,820,600
1731996600,828,828,828,828,100
1732060800,827,827,827,827,300
1732061400,827,828,827,828,200
1732062600,822,822,822,822,100
1732063800,824,824,824,824,100
1732066200,827,827,827,827,100
1732074000,828,828,828,828,100
1732078800,829,837,829,837,800
1732079400,837,837,836,836,400
1732080000,835,835,835,835,100
1732081800,834,844,834,844,1200
1732082400,829,843,829,843,200
1732084200,843,843,843,843,400
1732147200,843,845,843,845,1000
1732149000,846,846,846,846,200
1732150200,849,849,849,849,100
1732150800,846,846,846,846,100
1732154400,846,846,846,846,100
1732159800,852,852,852,852,100
1732160400,845,845,841,841,600
1732165800,853,868,853,867,400
1732167000,849,849,849,849,100
1732167600,847,847,847,847,100
1732168800,860,860,860,860,400
1732170600,846,846,846,846,100
1732233600,816,819,810,819,16200
1732234200,813,815,808,815,1100
1732234800,815,826,815,826,1900
1732235400,820,820,819,819,200
1732236000,819,823,819,823,200
1732236600,816,819,816,819,200
1732237200,821,856,821,844,4400
1732239000,846,846,846,846,100
1732240200,843,843,843,843,200
1732240800,843,843,843,843,1000
1732246200,843,843,843,843,300
1732246800,843,845,843,845,500
1732248000,851,851,836,836,200
1732249200,851,865,851,865,900
1732253400,860,860,858,860,1200
1732254000,859,859,859,859,100
1732254600,857,857,845,845,200
1732255200,856,863,856,860,700
1732256400,850,861,850,859,700
1732257000,859,859,859,859,500
1732492800,858,858,843,843,1400
1732495800,852,852,849,849,400
1732497000,850,850,848,848,200
1732497600,848,848,843,843,800
1732498200,844,844,844,844,100
1732501200,843,843,843,843,100
1732505400,843,843,842,842,500
1732507800,850,850,849,849,500
1732509000,844,844,844,844,100
1732509600,849,857,849,857,500
1732510200,857,865,857,865,900
1732512600,863,863,863,863,100
1732515000,863,864,838,838,500
1732579200,853,853,823,823,800
1732582200,832,847,832,847,500
1732585200,847,847,847,847,200
1732591800,838,838,838,838,100
1732594800,846,846,846,846,200
1732596600,832,832,832,832,100
1732598400,843,844,843,844,200
1732599600,844,844,844,844,200
1732602000,844,844,842,842,300
1732602600,846,846,846,846,600
1732665600,839,852,839,847,2300
1732667400,847,847,847,847,300
1732668600,847,847,847,847,100
1732669800,836,836,826,830,600
1732671000,830,830,830,830,100
1732674000,844,844,837,837,400
1732678200,831,831,831,831,100
1732679400,841,846,841,846,500
1732680600,845,845,845,845,100
1732686600,835,835,830,830,3100
1732687200,843,843,830,843,300
1732687800,841,841,827,841,600
1732688400,829,829,829,829,100
1732689000,843,843,843,843,500
1732752000,841,841,840,840,200
1732753200,839,839,839,839,100
1732753800,840,840,840,840,100
1732758000,840,840,840,840,100
1732764600,840,840,840,840,100
1732766400,840,840,840,840,100
1732768200,840,841,840,841,200
1732770000,839,840,839,840,300
1732773600,840,841,840,841,200
1732774800,843,843,843,843,300
1732775400,850,850,850,850,200
1732838400,821,835,821,826,8400
1732839000,826,826,825,825,700
1732839600,828,828,828,828,100
1732840200,830,830,828,829,600
1732841400,830,830,830,830,600
1732843200,830,830,830,830,100
1732843800,832,832,832,832,100
1732845000,830,830,830,830,200
1732846200,827,827,827,827,100
1732847400,827,827,827,827,100
1732851000,832,832,832,832,300
1732852200,827,827,827,827,100
1732854000,830,834,830,834,300
1732854600,828,828,828,828,200
1732857000,834,834,834,834,100
1732858200,834,841,834,841,600
1732858800,834,834,834,834,200
1732859400,839,839,834,834,300
1732860000,837,846,837,846,1900
1732860600,846,846,846,846,100
1732861800,846,846,846,846,400
1733097600,846,846,844,844,900
1733098200,840,840,829,829,1000
1733098800,834,834,834,834,100
1733099400,841,842,841,842,500
1733100000,842,843,842,843,200
1733100600,834,842,834,842,200
1733101800,842,842,842,842,100
1733102400,842,842,842,842,100
1733110200,838,843,838,843,200
1733111400,843,843,843,843,100
1733118600,837,837,837,837,100
1733119200,836,840,836,840,200
1733121000,835,835,835,835,100
1733184000,836,838,833,833,600
1733185800,833,833,833,833,100
1733187600,838,838,838,838,100
1733191200,839,839,839,839,200
1733196600,839,839,832,832,300
1733197200,832,832,832,832,100
1733202600,832,832,832,832,200
1733206200,838,838,838,838,100
1733207400,835,835,835,835,300
1733270400,835,835,825,828,2200
1733272200,829,829,829,829,100
1733273400,835,835,835,835,200
1733278200,830,830,830,830,100
1733278800,829,829,828,828,400
1733283000,833,833,833,833,100
1733284800,833,833,833,833,100
1733285400,833,840,833,840,700
1733287800,838,838,838,838,100
1733288400,838,838,838,838,100
1733290200,839,841,838,841,1600
1733290800,836,836,835,835,300
1733291400,833,850,831,844,2400
1733292000,849,849,839,849,1400
1733292600,850,850,838,849,400
1733293800,845,845,845,845,100
1733356800,845,845,840,840,200
1733358000,843,860,843,846,1700
1733358600,845,846,845,846,300
1733362800,845,845,845,845,100
1733365200,845,852,845,852,400
1733365800,852,852,852,852,100
1733369400,852,854,852,854,200
1733370000,852,859,850,855,1000
1733370600,855,855,855,855,100
1733373000,852,852,851,851,200
1733374200,853,857,853,857,200
1733377200,856,861,856,861,1800
1733377800,858,858,858,858,200
1733378400,862,868,862,868,600
1733380200,858,858,858,858,100
1733443200,863,864,863,864,500
1733444400,859,859,859,859,100
1733445600,858,869,840,869,1800
1733446200,854,857,854,857,200
1733446800,869,869,869,869,300
1733447400,867,867,867,867,100
1733448000,870,880,870,880,600
1733448600,880,880,880,880,100
1733451600,876,876,876,876,300
1733452200,876,876,876,876,100
1733455800,876,877,876,877,400
1733456400,873,873,870,870,600
1733457600,878,879,878,879,300
1733458800,875,875,875,875,100
1733463600,873,873,873,873,100
1733464800,879,879,879,879,200
1733465400,878,878,878,878,100
1733466600,878,878,878,878,200
1733702400,881,890,878,890,900
1733703600,883,883,883,883,100
1733704200,883,886,883,886,200
1733705400,883,885,883,885,200
1733706600,890,890,890,890,100
1733707800,890,890,890,890,1100
1733709600,891,891,891,891,100
1733710200,891,895,891,895,800
1733710800,895,899,890,890,400
1733715000,890,890,890,890,200
1733715600,890,890,890,890,100
1733716800,890,890,890,890,100
1733718000,885,897,885,897,1000
1733718600,897,897,897,897,100
1733721000,900,900,900,900,100
1733722800,900,900,900,900,800
1733723400,902,902,899,899,300
1733724000,899,899,899,899,100
1733724600,899,899,899,899,200
1733725800,899,899,899,899,400
1733788800,901,901,872,895,3100
1733789400,900,900,900,900,200
1733790000,896,901,892,901,1200
1733791200,901,901,901,901,100
1733793600,891,891,891,891,100
1733794800,891,891,891,891,400
1733795400,888,888,888,888,200
1733797200,889,889,889,889,100
1733797800,895,895,895,895,400
1733801400,895,897,895,897,200
1733802000,898,898,898,898,100
1733803800,888,888,888,888,200
1733805000,888,890,887,890,1400
1733805600,891,891,891,891,400
1733808000,888,888,888,888,100
1733809200,888,888,888,888,200
1733810400,895,895,893,893,500
1733811000,890,890,890,890,300
1733812200,888,888,888,888,300
1733875200,881,881,878,878,700
1733875800,893,893,893,893,100
1733876400,881,881,881,881,100
1733877000,877,877,877,877,100
1733881200,888,888,888,888,100
1733883600,888,888,888,888,100
1733888400,885,885,885,885,200
1733890800,884,884,884,884,100
1733891400,881,881,881,881,100
1733892000,880,880,871,871,1200
1733892600,881,895,881,895,1500
1733898600,895,895,895,895,300
1733961600,899,899,876,876,1300
1733962800,885,894,875,894,1300
1733963400,881,890,881,890,400
1733964000,885,885,885,885,100
1733966400,892,892,892,892,100
1733967600,899,899,899,899,100
1733968200,899,899,899,899,200
1733970000,899,899,899,899,100
1733974200,899,899,899,899,200
1733974800,897,897,897,897,100
1733977800,895,895,895,895,100
1733978400,887,887,880,880,900
1733979000,887,894,887,894,200
1733981400,890,890,890,890,100
1733982600,892,892,892,892,100
1733985000,883,883,883,883,300
1734048000,886,886,871,871,1300
1734049200,879,883,879,883,1200
1734049800,887,887,887,887,300
1734052200,887,887,887,887,100
1734052800,886,899,886,899,800
1734055200,892,892,892,892,100
1734060600,892,892,892,892,100
1734062400,892,892,891,891,400
1734064200,891,891,891,891,200
1734065400,895,895,895,895,200
1734066600,892,892,892,892,100
1734068400,892,892,892,892,100
1734071400,892,892,892,892,500
1734307200,900,900,900,900,1000
1734308400,897,897,893,893,600
1734312000,893,893,893,893,100
1734312600,891,891,890,890,600
1734313200,897,897,897,897,200
1734313800,888,888,888,888,100
1734322800,888,888,888,888,200
1734324600,892,900,892,900,300
1734326400,894,894,894,894,100
1734329400,894,899,894,899,500
1734330600,899,899,899,899,100
1734393600,899,899,897,897,500
1734398400,897,897,897,897,100
1734406200,892,892,891,891,300
1734407400,897,897,897,897,200
1734409200,897,897,892,892,200
1734410400,897,898,897,898,400
1734411000,896,896,896,896,200
1734415200,898,898,898,898,100
1734415800,896,896,895,895,200
1734480000,895,895,889,889,1100
1734480600,888,888,888,888,100
1734483600,890,899,890,899,2000
1734486600,898,898,898,898,100
1734492600,897,901,897,901,1300
1734493200,902,917,902,917,1300
1734493800,918,984,918,969,4300
1734495000,920,950,920,950,300
1734495600,966,966,966,966,1100
1734496200,951,951,951,951,100
1734496800,936,936,930,930,400
1734498000,934,944,934,944,1000
1734501600,939,942,929,942,600
1734502200,927,927,926,926,200
1734502800,937,937,937,937,100
1734503400,930,930,930,930,1000
1734566400,931,935,921,935,1900
1734567000,932,932,932,932,100
1734567600,926,926,926,926,100
1734568200,916,916,904,904,1000
1734569400,911,911,911,911,100
1734574200,921,921,921,921,100
1734579600,920,920,920,920,100
1734586800,916,916,916,916,100
1734589800,909,909,909,909,200
1734652800,906,915,906,915,400
1734655200,910,910,910,910,100
1734657000,912,912,912,912,100
1734658800,911,911,903,903,1000
1734660600,904,904,904,904,100
1734665400,905,905,905,905,200
1734666000,905,905,905,905,200
1734667800,909,912,909,910,500
1734668400,909,909,909,909,100
1734670800,913,913,913,913,100
1734674400,910,916,910,916,300
1734676200,910,910,910,910,100
1734912000,910,911,910,910,1200
1734912600,911,911,911,911,200
1734913200,911,911,911,911,100
1734913800,910,912,910,912,1000
1734915000,910,910,910,910,100
1734918600,908,908,908,908,200
1734924600,900,907,898,907,2000
1734930000,907,907,907,907,100
1734931200,899,899,899,899,100
1734931800,906,909,906,909,500
1734932400,906,906,906,906,100
1734935400,906,906,906,906,200
1734998400,893,893,893,893,14200
1735000800,893,893,893,893,100
1735001400,892,892,892,892,100
1735002000,891,891,890,890,200
1735005600,888,888,888,888,100
1735011600,888,888,886,886,200
1735012800,887,887,887,887,100
1735014000,887,899,887,899,900
1735015200,899,899,899,899,100
1735020000,899,899,889,889,200
1735020600,899,899,889,889,200
1735021800,889,889,889,889,200
1735084800,885,888,881,881,1600
1735085400,880,880,875,875,1000
1735086000,873,873,870,870,200
1735086600,870,870,870,870,100
1735087800,870,870,870,870,200
1735089000,871,871,871,871,100
1735089600,875,875,872,872,300
1735090200,876,876,876,876,100
1735093800,876,876,876,876,100
1735097400,876,876,876,876,300
1735098000,876,876,876,876,1200
1735098600,870,870,870,870,300
1735099200,870,882,870,882,800
1735101000,885,887,885,887,300
1735101600,880,880,880,880,300
1735102800,868,868,854,854,900
1735103400,859,859,859,859,100
1735104000,859,859,859,859,100
1735105200,863,863,863,863,100
1735105800,865,865,865,865,100
1735106400,878,888,878,888,500
1735108200,887,887,887,887,100
1735171200,872,887,872,880,2200
1735171800,869,869,862,862,1600
1735172400,871,871,871,871,200
1735173000,871,871,871,871,100
1735173600,864,864,864,864,100
1735174200,868,868,868,868,100
1735174800,865,872,865,872,300
1735175400,865,865,865,865,100
1735176000,865,865,858,865,1200
1735176600,860,870,860,870,300
1735177200,863,863,863,863,100
1735177800,861,861,852,852,1000
1735178400,854,854,854,854,100
1735179000,858,858,858,858,100
1735179600,860,860,860,860,100
1735183800,852,860,852,860,1300
1735185600,855,855,850,850,1000
1735186200,850,850,850,850,200
1735186800,850,850,830,832,2100
1735187400,836,866,836,866,900
1735188000,856,856,856,856,300
1735189800,848,854,848,854,500
1735190400,853,853,853,853,200
1735191000,847,851,847,851,200
1735191600,851,851,851,851,300
1735192200,850,850,850,850,100
1735192800,850,870,850,870,2100
1735193400,870,870,868,868,700
1735194000,869,870,869,870,200
1735194600,870,870,870,870,300
1735257600,870,875,870,875,300
1735258200,875,882,875,882,400
1735258800,871,871,871,871,100
1735259400,870,870,815,815,8100
1735260000,817,825,808,824,4700
1735260600,825,830,824,829,1800
1735261200,830,830,830,830,300
1735261800,834,841,834,841,300
1735262400,841,850,841,849,1100
1735263000,850,850,850,850,200
1735263600,850,850,850,850,100
1735270200,846,846,846,846,300
1735270800,852,852,852,852,100
1735271400,846,846,845,845,300
1735273200,853,853,853,853,100
1735273800,853,854,848,848,300
1735274400,855,855,855,855,100
1735275000,854,854,854,854,200
1735275600,854,854,854,854,200
1735277400,854,856,854,856,300
1735279200,856,856,856,856,100
1735279800,858,874,858,874,1200
1735280400,859,859,858,858,500
1735281000,873,873,873,873,500
1735516800,877,877,873,873,1500
1735517400,873,873,873,873,100
1735518600,874,874,874,874,200
1735519200,864,864,823,823,5200
1735519800,830,842,823,842,2900
1735520400,843,846,824,835,3600
1735521000,827,836,821,836,2500
1735521600,828,828,822,822,1000
1735522200,825,825,824,824,200
1735523400,833,834,833,834,300
1735524000,837,860,837,860,2400
1735524600,850,869,849,861,2700
1735525200,861,861,858,858,400
1735529400,860,860,860,860,300
1735530600,860,860,860,860,200
1735531200,856,856,856,856,100
1735532400,860,860,857,857,200
1735533000,856,856,855,855,200
1735537800,855,856,855,856,300
1735538400,860,864,860,864,500
1735539000,867,874,861,861,1200
1735539600,873,873,865,865,200
1736121600,880,884,879,879,1100
1736122200,878,878,865,865,1700
1736122800,866,866,866,866,200
1736125200,878,878,878,878,300
1736125800,878,878,878,878,100
1736126400,870,874,860,874,2100
1736127000,861,861,843,850,2300
1736127600,852,859,852,859,300
1736128200,862,862,862,862,100
1736128800,870,870,870,870,100
1736129400,870,873,870,873,300
1736134200,858,858,830,840,7500
1736134800,845,846,843,844,1300
1736135400,844,844,825,829,5200
1736136000,832,834,832,834,400
1736136600,834,836,834,836,300
1736137200,838,847,838,840,1700
1736137800,839,839,838,838,200
1736138400,840,840,840,840,100
1736139600,845,845,845,845,100
1736140800,846,846,844,844,400
1736141400,840,840,840,840,100
1736142600,848,858,848,853,1300
1736143200,853,853,853,853,100
1736143800,852,855,844,844,1200
1736144400,853,854,843,843,600
1736145000,841,841,841,841,400
1736208000,856,856,852,852,1000
1736208600,865,865,865,865,100
1736209200,850,851,845,845,1800
1736209800,843,843,840,840,1100
1736210400,839,839,839,839,200
1736211000,840,840,838,839,400
1736211600,840,840,834,834,600
1736212200,838,842,838,842,300
1736212800,840,840,831,833,2100
1736213400,831,831,831,831,100
1736215200,837,838,837,838,200
1736215800,839,839,839,839,100
1736220600,839,842,839,842,400
1736221200,843,843,843,843,100
1736223000,841,841,841,841,100
1736224200,841,841,841,841,100
1736224800,844,844,844,844,100
1736227800,841,841,841,841,100
1736229600,845,845,845,845,100
1736294400,845,845,835,835,1500
1736295000,832,832,830,830,2100
1736296200,838,838,838,838,100
1736296800,840,840,830,830,1100
1736298000,841,841,841,841,400
1736298600,840,840,840,840,200
1736302200,842,843,842,843,200
1736302800,844,844,844,844,100
1736307000,852,852,852,852,200
1736308200,850,850,850,850,100
1736308800,850,853,850,853,200
1736311200,844,844,844,844,100
1736313000,844,844,843,843,200
1736316000,843,847,837,847,1100
1736316600,847,847,847,847,100
1736317200,836,836,832,832,1100
1736317800,840,840,840,840,200
1736380800,843,843,840,840,1600
1736381400,840,840,830,840,1200
1736383800,839,839,839,839,100
1736384400,839,840,839,840,200
1736385600,843,843,842,842,500
1736386200,844,844,844,844,100
1736386800,844,844,844,844,100
1736388000,845,845,845,845,200
1736389800,842,842,842,842,100
1736393400,844,844,844,844,200
1736394000,844,845,844,844,600
1736394600,845,845,845,845,100
1736395200,845,845,845,845,100
1736395800,845,850,845,850,1300
1736396400,851,854,851,851,1000
1736397000,850,850,850,850,100
1736397600,859,859,859,859,200
1736398200,856,856,856,856,100
1736398800,859,859,859,859,100
1736400600,853,853,853,853,200
1736401200,853,853,853,853,400
1736401800,851,852,851,852,200
1736402400,850,850,850,850,3500
1736403000,850,850,850,850,100
1736403600,850,850,850,850,300
1736467200,854,885,841,870,6300
1736467800,859,870,846,865,3600
1736468400,866,870,855,866,1400
1736469000,866,866,856,856,700
1736469600,870,878,870,878,800
1736470200,878,879,855,864,3600
1736470800,873,873,872,872,300
1736471400,877,877,857,873,1400
1736472000,877,883,877,883,1300
1736472600,884,923,884,923,6800
1736473200,930,942,901,901,2900
1736473800,903,917,883,883,2900
1736474400,909,909,898,898,800
1736475000,898,898,885,888,900
1736475600,887,901,870,888,2700
1736476200,886,886,886,886,100
1736479800,884,891,869,869,7500
1736480400,879,889,879,889,2900
1736481000,889,893,889,893,1100
1736481600,893,893,886,892,1300
1736482200,892,893,886,893,500
1736482800,892,892,885,885,800
1736483400,885,886,885,886,300
1736484000,886,886,885,886,500
1736484600,886,886,884,885,500
1736485200,880,885,880,885,400
1736485800,885,885,885,885,400
1736486400,882,882,882,882,200
1736487000,881,885,880,885,500
1736487600,884,885,884,885,300
1736488200,883,883,882,882,300
1736489400,882,882,882,882,100
1736490000,883,884,882,884,600
1736490600,885,885,885,885,500
1736812800,940,940,930,939,3700
1736813400,924,924,890,890,3900
1736814000,899,899,892,892,1100
1736815200,893,893,893,893,100
1736815800,897,898,897,898,600
1736816400,898,900,896,896,500
1736817000,897,897,897,897,200
1736818200,897,897,892,892,1000
1736819400,895,897,895,897,200
1736820000,897,897,897,897,200
1736821200,892,892,890,890,700
1736825400,890,890,890,890,300
1736826000,889,889,889,889,100
1736826600,888,888,888,888,500
1736827200,887,887,886,886,300
1736828400,887,888,885,885,1500
1736829000,887,887,887,887,100
1736830200,887,887,887,887,100
1736830800,886,886,878,878,2200
1736833200,880,880,880,880,100
1736834400,880,880,878,878,400
1736835000,880,884,880,884,300
1736836200,887,887,887,887,1500
1736899200,895,896,895,896,400
1736899800,889,889,881,881,1500
1736901000,892,892,882,882,400
1736902200,884,884,884,884,100
1736903400,884,884,881,881,1000
1736904000,882,882,882,882,100
1736906400,882,882,882,882,100
1736907600,882,882,882,882,200
1736911800,884,884,884,884,200
1736912400,884,884,881,881,800
1736914200,881,882,881,882,200
1736914800,882,882,882,882,100
1736916000,882,882,882,882,100
1736916600,882,882,882,882,100
1736919600,882,882,882,882,100
1736920200,881,881,877,879,1200
1736920800,881,881,881,881,100
1736922600,885,885,885,885,400
1736985600,884,884,884,884,500
1736986200,884,884,884,884,100
1736987400,883,883,883,883,100
1736988000,877,877,875,875,1100
1736988600,874,874,874,874,200
1736989200,873,873,866,866,1000
1736989800,865,865,862,862,200
1736990400,868,868,868,868,100
1736991600,870,870,870,870,100
1736992200,871,871,870,870,200
1736992800,871,871,871,871,100
1736994000,871,871,871,871,100
1736994600,870,870,870,870,100
1736998200,869,869,869,869,200
1736999400,867,867,865,865,300
1737000600,869,869,869,869,200
1737001800,869,869,869,869,300
1737003000,869,871,869,871,400
1737003600,875,875,875,875,100
1737004800,875,875,875,875,100
1737005400,870,870,870,870,400
1737007200,874,874,874,874,100
1737009000,877,877,877,877,500
1737072000,877,877,875,875,200
1737072600,870,870,870,870,100
1737073800,870,870,870,870,100
1737075000,876,876,876,876,200
1737075600,875,875,875,875,100
1737080400,876,876,876,876,100
1737084600,876,876,868,868,400
1737088200,868,868,854,868,3000
1737091200,868,868,868,868,300
1737091800,868,868,868,868,100
1737092400,868,868,868,868,100
1737094200,874,874,874,874,200
1737095400,873,873,873,873,200
1737331200,880,880,873,873,500
1737332400,874,878,874,878,300
1737334200,878,878,878,878,100
1737338400,878,879,878,879,300
1737339600,879,879,879,879,100
1737343800,879,879,879,879,100
1737345000,879,879,879,879,300
1737345600,879,879,879,879,200
1737346200,879,879,879,879,100
1737346800,879,879,879,879,100
1737350400,880,880,879,879,500
1737351000,880,880,880,880,300
1737352200,880,880,880,880,100
1737354600,878,878,878,878,400
1737417600,879,879,879,879,600
1737418200,880,880,879,879,200
1737419400,880,880,880,880,200
1737420000,880,880,880,880,200
1737420600,880,880,880,880,100
1737424200,880,880,880,880,700
1737424800,880,880,880,880,600
1737425400,880,880,880,880,300
1737426000,880,880,880,880,200
1737426600,880,880,880,880,600
1737430200,880,880,880,880,400
1737430800,880,880,880,880,300
1737431400,880,880,880,880,900
1737432000,882,889,882,889,400
1737433200,889,889,889,889,100
1737441000,888,888,888,888,200
1737504000,888,889,888,889,700
1737504600,888,888,880,888,1100
1737510600,882,888,882,888,200
1737511200,889,889,889,889,100
1737516600,889,889,888,888,200
1737517200,885,885,885,885,100
1737523200,886,886,886,886,100
1737524400,888,888,888,888,100
1737525600,888,888,888,888,100
1737527400,890,890,890,890,900
1737590400,890,890,880,880,1300
1737591600,888,888,881,881,400
1737592800,881,881,881,881,100
1737593400,885,887,885,887,200
1737594600,888,888,888,888,100
1737595200,889,895,889,894,500
1737595800,896,896,896,896,200
1737596400,897,897,897,897,100
1737597000,898,898,898,898,100
1737598200,898,898,897,898,900
1737598800,898,898,898,898,200
1737603000,898,898,890,890,300
1737603600,890,890,890,890,200
1737604200,889,889,889,889,100
1737606600,888,888,888,888,100
1737610200,890,893,890,893,200
1737610800,894,894,894,894,100
1737613200,893,899,893,899,800
1737613800,887,887,887,887,300
1737676800,887,895,880,895,1600
1737678000,890,890,890,890,100
1737678600,884,884,884,884,100
1737682200,891,891,891,891,100
1737682800,892,893,892,893,200
1737683400,893,893,893,893,200
1737684000,894,897,894,897,300
1737689400,896,896,890,890,600
1737691200,890,890,890,890,100
1737694200,890,890,890,890,100
1737696000,890,890,890,890,200
1737697800,890,890,890,890,100
1737699000,890,890,890,890,100
1737700200,883,883,883,883,500
1737936000,898,898,885,885,1400
1737937200,888,895,884,893,400
1737938400,894,894,894,894,100
1737940200,886,886,886,886,200
1737940800,885,885,885,885,200
1737943200,890,890,890,890,100
1737948600,890,890,890,890,200
1737949200,890,890,890,890,200
1737949800,890,890,890,890,200
1737951600,890,890,890,890,200
1737954000,890,890,890,890,300
1737954600,891,891,891,891,100
1737957600,891,891,881,881,1100
1737959400,890,890,890,890,700
1738022400,896,896,883,883,1300
1738023000,884,884,884,884,100
1738024200,886,886,886,886,500
1738026600,886,886,886,886,300
1738027800,887,887,887,887,100
1738030800,887,887,887,887,400
1738035000,892,892,892,892,100
1738036200,892,892,892,892,200
1738037400,898,898,898,898,100
1738039200,893,893,893,893,100
1738039800,893,893,893,893,100
1738041600,896,896,896,896,200
1738043400,894,894,893,893,300
1738045200,892,892,892,892,100
1738045800,887,887,887,887,500
1738108800,890,890,890,890,100
1738109400,890,890,887,887,400
1738110000,884,884,880,880,1000
1738113000,885,885,880,880,2000
1738113600,887,888,887,888,200
1738116600,890,890,890,890,100
1738117200,889,889,889,889,100
1738121400,889,889,889,889,100
1738123200,889,889,889,889,100
1738125000,885,885,885,885,100
1738126800,885,885,885,885,200
1738128000,882,882,882,882,100
1738131000,883,883,883,883,100
1738132200,881,881,881,881,800
1738195200,881,881,881,881,200
1738195800,886,886,886,886,100
1738196400,882,882,882,882,100
1738197600,882,882,882,882,100
1738200600,883,883,883,883,100
1738202400,885,885,885,885,100
1738203000,885,885,885,885,300
1738203600,883,883,883,883,100
1738207800,883,883,883,883,100
1738212600,883,883,883,883,100
1738215600,888,888,888,888,100
1738216800,890,891,890,891,200
1738218600,882,882,882,882,300
1738281600,889,889,889,889,400
1738282200,889,889,889,889,100
1738284600,887,887,887,887,100
1738285800,886,886,886,886,100
1738288800,890,890,890,890,200
1738289400,888,888,888,888,100
1738294200,888,888,888,888,100
1738299000,888,888,880,880,1100
1738302000,881,881,880,880,1000
1738303200,882,887,882,887,200
1738304400,883,883,883,883,300
1738540800,884,887,883,883,1500
1738541400,885,885,885,885,200
1738542000,883,883,883,883,100
1738543200,883,883,883,883,100
1738544400,884,884,884,884,100
1738545600,885,886,885,886,900
1738546200,884,884,884,884,100
1738548000,886,887,886,887,400
1738553400,886,886,886,886,300
1738554600,885,886,885,886,400
1738555200,887,887,887,887,100
1738555800,885,885,880,880,2300
1738562400,883,883,883,883,100
1738563000,881,881,881,881,100
1738564200,880,880,880,880,200
1738627200,882,882,882,882,300
1738628400,886,886,886,886,100
1738629600,886,886,886,886,100
1738631400,888,888,888,888,200
1738632000,885,885,885,885,100
1738635600,885,885,885,885,800
1738639800,885,885,885,885,500
1738640400,885,885,885,885,100
1738641600,886,886,886,886,100
1738642800,888,916,888,916,2500
1738643400,900,900,900,900,900
1738645200,889,889,889,889,600
1738647600,899,899,899,899,200
1738648200,897,897,897,897,200
1738650600,896,896,896,896,400
1738713600,896,896,896,896,300
1738714800,891,891,888,889,800
1738715400,889,889,889,889,100
1738716600,890,890,890,890,100
1738719600,894,894,894,894,100
1738721400,894,894,894,894,100
1738726200,895,895,895,895,300
1738727400,893,893,893,893,100
1738728600,896,896,896,896,100
1738729200,896,896,896,896,100
1738732200,895,895,892,892,400
1738733400,892,892,892,892,100
1738735200,894,894,894,894,100
1738737000,894,894,894,894,100
1738800000,895,895,894,894,500
1738801200,894,894,894,894,100
1738801800,890,890,890,890,100
1738803000,891,891,891,891,100
1738804200,891,891,891,891,100
1738805400,890,892,890,892,200
1738812600,892,892,890,890,600
1738813200,888,888,888,888,100
1738816800,888,888,886,886,1100
1738821000,886,890,886,890,300
1738822200,888,888,888,888,100
1738823400,890,890,890,890,600
1738886400,892,892,892,892,200
1738887600,889,889,889,889,200
1738888200,891,891,891,891,100
1738888800,888,888,888,888,100
1738889400,891,891,891,891,100
1738892400,892,892,892,892,300
1738893000,893,893,893,893,100
1738894200,893,893,893,893,100
1738899000,893,893,890,890,400
1738899600,889,889,889,889,400
1738900200,891,891,891,891,100
1738900800,893,893,893,893,100
1738901400,893,893,893,893,100
1738903200,891,891,891,891,100
1738905600,893,893,893,893,100
1738909800,893,893,893,893,100
1739145600,913,913,895,895,1200
1739146200,895,907,893,893,1200
1739146800,903,904,903,904,600
1739147400,900,900,894,894,300
1739149200,895,895,894,894,1000
1739149800,896,896,896,896,100
1739152200,895,903,895,903,500
1739153400,903,903,903,903,100
1739154000,903,903,903,903,200
1739158200,904,904,903,903,500
1739159400,901,901,901,901,100
1739161200,901,901,901,901,100
1739163600,903,903,903,903,100
1739164800,900,900,893,895,1800
1739166000,897,897,897,897,100
1739168400,897,897,897,897,100
1739169000,895,895,895,895,400
1739318400,909,909,907,907,1400
1739319000,906,906,906,906,200
1739319600,905,905,900,900,800
1739320200,901,901,901,901,100
1739320800,902,906,901,906,400
1739322000,906,907,906,907,300
1739322600,910,910,910,910,100
1739323800,909,909,908,908,200
1739325000,910,910,908,908,200
1739331000,909,909,901,901,1600
1739332800,903,908,902,908,300
1739333400,909,909,909,909,100
1739334000,909,909,909,909,100
1739334600,909,909,909,909,200
1739335800,909,909,909,909,100
1739336400,909,909,909,909,100
1739338800,909,909,909,909,100
1739340000,907,907,907,907,100
1739340600,905,905,905,905,100
1739341200,907,907,907,907,100
1739341800,907,907,907,907,300
1739404800,907,914,907,914,2000
1739405400,916,916,916,916,200
1739406000,913,913,913,913,100
1739406600,916,916,916,916,200
1739407200,916,916,916,916,200
1739407800,917,917,917,917,500
1739408400,918,918,918,918,500
1739409000,919,919,919,919,100
1739410200,918,920,918,920,300
1739410800,920,920,920,920,100
1739411400,922,927,922,927,200
1739412600,927,928,927,928,300
1739413200,925,925,925,925,100
1739417400,926,926,925,925,300
1739418000,925,925,925,925,100
1739420400,925,927,925,927,400
1739421000,925,925,925,925,100
1739422200,923,923,923,923,200
1739423400,924,924,924,924,100
1739424000,924,924,924,924,100
1739426400,925,925,925,925,100
1739427000,923,923,923,923,100
1739428200,920,920,920,920,600
1739491200,924,924,920,920,1600
1739491800,915,915,910,914,1100
1739493000,915,915,915,915,100
1739493600,922,922,922,922,100
1739494200,922,922,922,922,500
1739495400,920,920,920,920,100
1739496000,922,922,922,922,100
1739496600,916,916,916,916,100
1739498400,921,921,921,921,100
1739499000,923,923,923,923,100
1739500200,923,923,923,923,100
1739503800,924,924,923,924,400
1739504400,924,924,924,924,500
1739505000,924,924,924,924,100
1739505600,924,924,924,924,100
1739506200,924,924,924,924,100
1739506800,921,921,916,916,400
1739508000,916,916,913,913,1000
1739509200,913,913,906,906,800
1739509800,905,905,905,905,100
1739510400,912,912,912,912,100
1739511000,913,914,913,914,300
1739511600,914,923,914,923,400
1739513400,919,919,919,919,100
1739514600,920,920,920,920,100
1739750400,920,921,916,920,2300
1739751000,919,919,916,916,300
1739752200,920,920,920,920,100
1739754000,917,917,916,916,300
1739754600,916,916,909,909,1700
1739755200,915,917,908,917,500
1739755800,911,911,911,911,100
1739756400,916,916,916,916,100
1739758200,915,915,915,915,100
1739758800,915,915,915,915,200
1739763000,914,914,906,906,800
1739764200,909,914,909,910,300
1739764800,909,909,908,908,500
1739766000,909,909,909,909,100
1739766600,910,910,910,910,400
1739768400,910,910,903,903,1200
1739769000,902,910,901,908,700
1739769600,910,910,910,910,100
1739773800,910,910,910,910,700
1739836800,917,917,917,917,100
1739838600,917,917,915,915,200
1739840400,915,915,915,915,100
1739841000,915,915,915,915,200
1739841600,915,915,915,915,100
1739842800,910,910,910,910,100
1739843400,915,915,915,915,100
1739849400,912,912,912,912,200
1739850600,913,913,913,913,300
1739851800,912,912,912,912,100
1739852400,914,914,914,914,100
1739853600,914,914,914,914,100
1739854800,914,914,911,911,1000
1739856000,910,910,907,907,600
1739856600,913,914,913,914,200
1739857200,915,915,915,915,100
1739860200,908,908,908,908,400
1739923200,906,906,904,904,900
1739926800,908,908,908,908,100
1739929800,909,909,909,909,200
1739935800,910,910,910,910,300
1739937600,910,910,910,910,100
1739938800,911,911,911,911,100
1739939400,911,911,911,911,200
1739940000,914,914,914,914,100
1739941800,913,913,913,913,100
1739944200,914,915,914,915,200
1739946600,913,913,913,913,300
1740009600,915,918,913,913,800
1740010200,919,919,919,919,100
1740011400,917,917,917,917,100
1740013200,914,914,913,913,400
1740013800,914,914,914,914,100
1740015000,914,914,914,914,100
1740016800,913,913,913,913,200
1740018000,913,913,913,913,100
1740022200,910,915,910,910,800
1740023400,909,909,900,900,4000
1740025800,901,901,900,901,600
1740026400,901,901,901,901,100
1740028200,901,901,900,900,400
1740028800,900,900,900,900,100
1740029400,900,900,900,900,200
1740030600,900,901,900,901,400
1740031200,901,901,901,901,200
1740031800,900,902,899,902,1400
1740033000,898,898,898,898,200
1740096000,898,898,898,898,1000
1740096600,900,900,899,899,400
1740097200,902,904,902,904,300
1740098400,904,904,904,904,200
1740100200,903,903,903,903,100
1740100800,905,905,905,905,100
1740101400,907,907,907,907,100
1740102000,906,906,906,906,100
1740104400,906,906,906,906,200
1740108600,908,908,908,908,100
1740109800,907,908,907,908,200
1740111600,906,906,906,906,200
1740112200,905,905,905,905,200
1740114600,903,903,903,903,100
1740117600,903,903,903,903,100
1740118800,904,905,904,905,300
1740119400,905,905,905,905,100
1740441600,903,903,902,902,1400
1740442200,901,901,901,901,100
1740442800,900,900,900,900,800
1740443400,901,902,901,902,200
1740444000,902,902,900,900,1000
1740446400,902,902,902,902,100
1740448200,902,902,902,902,100
1740448800,905,905,905,905,200
1740449400,905,905,905,905,200
1740456000,905,905,905,905,100
1740462600,910,910,910,910,100
1740463200,906,906,905,905,400
1740463800,905,905,904,904,200
1740465000,901,901,901,901,300
1740528000,910,910,910,910,200
1740528600,910,910,905,905,200
1740529200,905,905,900,900,1100
1740529800,900,900,900,900,200
1740530400,903,903,899,899,200
1740531000,898,898,898,898,400
1740532800,898,900,898,900,200
1740535200,900,900,899,899,400
1740540600,900,900,900,900,200
1740541200,899,899,890,890,2100
1740541800,890,890,890,890,600
1740542400,895,895,890,890,200
1740547200,896,896,896,896,100
1740547800,896,896,896,896,200
1740549600,896,896,896,896,100
1740550200,897,897,897,897,100
1740551400,897,897,897,897,200
1740614400,900,908,900,907,800
1740615000,907,907,907,907,100
1740615600,907,909,907,909,300
1740616200,909,909,909,909,200
1740616800,909,910,909,910,500
1740618000,918,919,918,919,200
1740618600,919,920,919,920,200
1740619200,916,916,915,915,300
1740619800,916,916,915,915,200
1740620400,915,915,915,915,200
1740621600,915,915,915,915,100
1740622200,915,915,915,915,100
1740627000,912,912,912,912,200
1740627600,913,913,913,913,100
1740629400,911,911,911,911,100
1740630000,913,913,913,913,100
1740631800,914,914,914,914,100
1740633000,914,914,914,914,200
1740633600,914,914,910,910,200
1740634200,911,911,911,911,100
1740635400,910,910,910,910,300
1740636600,910,910,910,910,200
1740637800,905,905,905,905,400
1740700800,908,908,899,899,3000
1740702000,901,902,901,902,200
1740702600,908,908,908,908,300
1740703200,909,909,909,909,100
1740703800,909,913,909,913,500
1740704400,919,919,919,919,100
1740705000,919,919,919,919,100
1740706200,918,918,918,918,100
1740708000,910,910,910,910,200
1740708600,908,908,908,908,200
1740709200,910,910,910,910,100
1740713400,910,910,910,910,100
1740714600,908,908,907,907,300
1740715800,910,911,910,911,200
1740718200,911,911,911,911,200
1740718800,908,908,908,908,300
1740721200,910,910,910,910,100
1740721800,911,911,911,911,700
1740722400,911,911,906,906,500
1740724200,906,906,906,906,200
1740960000,921,921,920,920,1600
1740960600,914,914,914,914,100
1740961800,913,913,913,913,100
1740962400,914,914,914,914,100
1740963600,914,914,912,912,200
1740964800,912,912,912,912,200
1740965400,913,913,910,910,300
1740966000,914,914,914,914,100
1740967200,914,914,914,914,100
1740968400,910,910,910,910,100
1740972600,911,911,911,911,200
1740973200,911,914,911,914,200
1740973800,911,911,911,911,600
1740975000,914,914,914,914,100
1740975600,910,910,910,910,700
1740976200,914,914,914,914,100
1740978600,914,914,914,914,100
1740979200,914,914,914,914,100
1740979800,914,914,914,914,100
1740982200,914,914,914,914,100
1740983400,918,918,918,918,1300
1741046400,918,918,917,917,1200
1741047000,917,917,916,916,200
1741047600,918,918,916,916,200
1741048200,911,915,911,915,600
1741048800,912,912,912,912,100
1741049400,918,918,918,918,200
1741050000,918,918,918,918,100
1741050600,918,918,918,918,100
1741051200,913,913,913,913,100
1741054800,917,917,917,917,100
1741055400,918,918,918,918,100
1741059000,916,918,916,918,200
1741059600,918,918,918,918,200
1741060200,919,919,919,919,100
1741061400,920,920,920,920,100
1741062000,919,919,918,918,200
1741062600,918,918,918,918,300
1741063800,918,918,918,918,100
1741065000,917,917,912,912,900
1741065600,918,918,918,918,100
1741066200,912,912,912,912,100
1741066800,912,912,912,912,500
1741069800,917,917,917,917,200
1741132800,917,917,917,917,500
1741133400,917,917,917,917,200
1741134600,916,916,910,910,3100
1741135200,910,910,910,910,100
1741135800,912,912,910,910,300
1741136400,909,915,909,915,700
1741137600,912,912,908,908,700
1741138200,908,908,908,908,100
1741138800,910,910,910,910,100
1741139400,909,909,908,908,300
1741140600,908,908,908,908,100
1741141200,909,909,909,909,100
1741145400,909,910,908,908,400
1741146600,910,910,910,910,100
1741149600,910,910,910,910,200
1741150200,909,909,909,909,100
1741154400,909,909,909,909,200
1741155000,910,910,901,901,2400
1741156200,906,906,906,906,200
1741219200,916,916,910,910,700
1741219800,908,908,907,908,400
1741220400,910,910,910,910,100
1741222200,910,910,910,910,200
1741223400,909,909,909,909,100
1741224000,910,910,910,910,100
1741224600,910,910,910,910,100
1741225200,910,910,910,910,200
1741225800,909,909,909,909,400
1741226400,909,909,909,909,100
1741227600,910,910,910,910,100
1741231800,911,911,911,911,200
1741232400,910,910,910,910,100
1741233000,910,910,907,907,400
1741235400,910,910,910,910,100
1741237800,910,910,907,907,600
1741238400,908,908,908,908,100
1741239000,910,910,910,910,100
1741239600,911,911,911,911,100
1741240200,911,911,910,910,200
1741240800,911,911,911,911,100
1741241400,908,908,906,906,900
1741305600,906,908,906,908,200
1741306200,914,914,914,914,200
1741306800,915,915,909,909,300
1741308600,910,910,908,908,300
1741309200,914,915,914,915,200
1741310400,908,908,908,908,100
1741311000,909,909,909,909,100
1741312200,908,908,905,905,2200
1741313400,910,910,910,910,100
1741318200,910,911,910,911,300
1741318800,910,910,906,906,600
1741319400,906,906,906,906,200
1741321200,907,907,907,907,100
1741321800,907,907,905,905,1000
1741323600,904,904,904,904,100
1741324200,904,904,900,900,3700
1741325400,904,904,904,904,100
1741326000,904,904,904,904,100
1741327200,904,904,904,904,200
1741327800,904,904,904,904,100
1741329000,903,903,903,903,400
1741564800,914,914,910,910,1300
1741565400,910,910,910,910,200
1741566000,911,911,910,910,200
1741566600,910,910,907,907,600
1741567200,906,906,904,904,800
1741567800,904,911,904,911,200
1741569000,911,911,911,911,200
1741571400,911,911,911,911,300
1741577400,911,911,910,911,400
1741578000,911,911,911,911,1200
1741578600,910,910,910,910,400
1741581000,911,911,911,911,100
1741582200,910,910,909,909,300
1741583400,912,912,912,912,100
1741585200,912,912,912,912,100
1741587000,909,912,909,912,200
1741588200,912,912,912,912,100
1741651200,912,914,910,914,1300
1741651800,913,913,913,913,200
1741652400,913,913,913,913,100
1741653000,910,910,910,910,100
1741653600,913,913,913,913,100
1741654200,906,906,905,905,600
1741654800,904,904,904,904,100
1741656600,912,912,912,912,100
1741657800,910,910,900,905,3900
1741658400,906,906,906,906,100
1741663800,910,912,909,912,500
1741666200,910,910,910,910,100
1741666800,907,907,903,903,800
1741668000,910,910,910,910,100
1741669200,905,905,900,900,2300
1741669800,901,904,901,904,200
1741671000,905,909,905,909,200
1741671600,906,906,904,904,200
1741674600,904,904,904,904,200
1741737600,910,910,909,909,700
1741738200,908,909,908,909,300
1741740600,909,909,909,909,300
1741741200,908,908,908,908,100
1741741800,907,907,907,907,100
1741744200,908,909,908,909,300
1741744800,908,908,908,908,100
1741746000,907,907,907,907,300
1741750200,907,907,906,906,400
1741752000,906,906,900,900,2800
1741753200,902,902,902,902,100
1741756200,904,904,904,904,200
1741761000,906,906,906,906,200
1741824000,910,910,906,906,1100
1741824600,906,907,906,906,400
1741825800,908,909,908,909,200
1741826400,909,909,909,909,100
1741827000,909,909,909,909,100
1741829400,908,908,908,908,100
1741831200,909,909,909,909,200
1741836600,908,910,908,910,300
1741837200,911,911,911,911,200
1741838400,910,910,910,910,300
1741842000,910,910,910,910,100
1741845000,910,910,909,909,400
1741847400,909,909,909,909,400
1741910400,910,911,910,911,1300
1741911000,911,913,911,913,600
1741912800,913,913,913,913,100
1741914000,912,912,912,912,100
1741914600,912,912,912,912,100
1741915200,912,912,912,912,100
1741915800,912,912,912,912,100
1741917600,914,914,914,914,100
1741918200,913,913,913,913,100
1741919400,914,914,914,914,100
1741923000,914,915,914,915,700
1741924200,914,914,914,914,100
1741924800,915,916,915,916,600
1741926600,917,917,917,917,200
1741927200,916,916,916,916,100
1741927800,918,918,918,918,100
1741928400,918,918,918,918,300
1741930200,919,919,919,919,100
1741931400,919,919,907,907,3500
1741933800,908,908,908,908,300
1742169600,923,924,918,920,3300
1742170200,915,915,906,907,4000
1742172000,915,918,915,918,200
1742172600,916,918,916,918,200
1742173200,918,918,918,918,100
1742176200,917,917,917,917,100
1742177400,917,917,917,917,100
1742178000,917,917,910,910,1100
1742182200,910,910,910,910,400
1742182800,913,913,913,913,100
1742183400,912,912,912,912,100
1742185800,912,914,912,914,400
1742187000,914,914,914,914,200
1742187600,912,912,909,909,800
1742191800,910,910,908,908,2000
1742193000,908,908,908,908,200
1742256000,915,916,915,916,700
1742256600,916,916,916,916,100
1742257200,915,915,915,915,100
1742257800,915,915,908,908,800
1742259000,908,908,908,908,100
1742260200,912,912,912,912,100
1742261400,913,913,913,913,200
1742263200,913,913,913,913,100
1742263800,915,915,915,915,100
1742264400,915,915,915,915,100
1742268600,915,915,913,913,500
1742269800,912,915,911,911,300
1742271000,911,911,911,911,100
1742272200,911,911,911,911,100
1742274600,912,912,912,912,100
1742275800,913,913,913,913,100
1742276400,914,914,914,914,100
1742277600,914,914,914,914,100
1742278200,914,914,914,914,100
1742279400,914,914,914,914,400
1742342400,919,919,914,914,1400
1742343600,918,918,915,915,300
1742344800,918,919,914,914,1100
1742345400,916,916,913,915,300
1742346000,915,915,915,915,100
1742346600,915,915,915,915,100
1742347200,916,916,916,916,100
1742348400,916,916,916,916,100
1742349000,918,918,916,918,500
1742349600,918,918,918,918,100
1742350200,918,918,918,918,300
1742350800,919,919,918,919,800
1742355000,919,920,919,920,700
1742355600,918,918,917,917,300
1742356200,919,919,919,919,100
1742358600,918,918,918,918,100
1742360400,918,918,918,918,200
1742361000,918,919,918,919,800
1742362800,918,918,918,918,100
1742363400,920,920,920,920,100
1742364000,918,918,918,918,200
1742364600,916,919,916,919,200
1742365200,920,920,920,920,100
1742365800,920,920,920,920,200
1742515200,924,924,920,924,2200
1742515800,920,922,920,922,700
1742516400,920,922,920,922,300
1742518200,922,922,920,920,200
1742518800,921,921,921,921,100
1742519400,920,920,920,920,100
1742520000,921,921,921,921,200
1742520600,921,921,920,920,1000
1742521200,922,922,922,922,100
1742521800,920,920,920,920,200
1742523000,921,921,921,921,100
1742523600,922,922,922,922,100
1742527800,922,922,921,921,600
1742528400,921,921,921,921,100
1742529000,921,921,921,921,100
1742529600,920,920,920,920,100
1742530200,920,920,920,920,200
1742530800,920,920,920,920,600
1742531400,920,920,920,920,100
1742532000,921,921,921,921,100
1742532600,921,921,921,921,100
1742533800,921,921,921,921,100
1742535000,921,921,921,921,100
1742535600,921,921,921,921,100
1742536200,920,920,920,920,100
1742537400,920,920,920,920,100
1742538600,922,922,922,922,400
1742774400,922,922,919,922,7200
1742775000,922,922,921,921,400
1742775600,921,921,921,921,300
1742776200,922,922,921,921,200
1742777400,920,920,920,920,100
1742778000,920,920,920,920,500
1742779200,922,922,921,921,400
1742779800,922,922,922,922,200
1742781000,921,922,921,922,200
1742781600,922,922,922,922,100
1742782200,922,922,921,921,300
1742787000,923,923,922,922,200
1742787600,922,922,922,922,100
1742788800,922,922,921,921,300
1742790000,921,921,921,921,100
1742790600,922,922,922,922,100
1742791200,922,922,922,922,300
1742791800,922,922,922,922,100
1742792400,922,922,922,922,100
1742793000,922,922,922,922,100
1742793600,921,921,920,920,500
1742795400,921,921,921,921,100
1742796600,921,921,919,919,1700
1742797200,921,921,921,921,100
1742797800,922,922,922,922,500
1742860800,924,924,921,921,2100
1742861400,922,922,920,920,1000
1742862000,919,919,919,919,500
1742862600,919,919,918,918,200
1742863200,920,920,920,920,100
1742863800,919,919,919,919,300
1742864400,918,920,918,920,300
1742865000,920,920,919,919,500
1742865600,919,919,919,919,100
1742866200,920,920,920,920,100
1742866800,920,920,919,919,300
1742867400,919,919,918,919,500
1742868000,918,920,918,920,300
1742868600,919,919,919,919,100
1742869200,918,918,918,918,100
1742873400,920,920,919,919,500
1742874000,919,919,919,919,100
1742875200,919,919,919,919,100
1742876400,920,920,919,919,400
1742877000,919,919,919,919,100
1742877600,919,919,919,919,100
1742878200,919,920,919,920,200
1742878800,920,920,920,920,100
1742879400,920,921,920,921,500
1742880000,919,919,919,919,200
1742881800,920,920,920,920,600
1742882400,920,921,919,919,400
1742883000,921,921,919,919,200
1742884200,922,922,922,922,1300
1742947200,923,923,920,921,2400
1742947800,922,922,921,921,300
1742949000,923,923,920,920,1000
1742950200,922,922,922,922,100
1742950800,922,922,922,922,500
1742951400,922,922,922,922,100
1742952600,922,922,922,922,100
1742953800,922,922,922,922,100
1742954400,921,921,921,921,200
1742955000,921,921,921,921,100
1742955600,921,921,921,921,300
1742956200,922,922,922,922,100
1742959800,920,920,920,920,3700
1742960400,921,921,921,921,300
1742961000,921,921,920,920,300
1742961600,922,922,922,922,200
1742962200,922,922,921,921,200
1742962800,921,922,921,922,300
1742963400,922,922,922,922,200
1742964000,922,922,922,922,300
1742964600,922,922,920,920,1400
1742965200,919,921,918,920,2200
1742965800,920,920,920,920,200
1742966400,920,922,920,922,200
1742967600,922,922,920,920,200
1742968200,921,921,921,921,200
1742968800,922,922,922,922,100
1742969400,922,922,922,922,200
1742970000,923,923,922,922,600
1742970600,923,923,923,923,500
1743033600,922,922,920,920,6100
1743034200,919,920,918,918,700
1743034800,918,918,918,918,500
1743035400,919,919,917,918,800
1743036600,919,919,919,919,300
1743037200,919,919,919,919,600
1743037800,918,918,918,918,400
1743038400,918,919,918,919,400
1743039000,919,919,919,919,100
1743039600,918,918,918,918,200
1743040200,918,918,917,917,900
1743040800,918,918,918,918,100
1743041400,918,918,917,918,400
1743042000,918,918,917,918,700
1743042600,918,918,918,918,100
1743046200,918,918,918,918,1400
1743046800,918,918,918,918,200
1743047400,918,918,916,916,1900
1743048000,918,918,918,918,100
1743049200,916,917,916,917,600
1743049800,918,918,915,915,800
1743051000,916,916,916,916,100
1743051600,916,918,916,918,500
1743052200,917,918,917,917,500
1743052800,917,917,917,917,700
1743053400,917,918,916,918,400
1743054000,916,917,916,917,200
1743054600,917,918,917,918,500
1743055200,918,918,918,918,300
1743055800,919,919,919,919,300
1743056400,919,920,919,920,1700
1743057000,920,920,920,920,2400
1743120600,815,845,806,845,31200
1743121200,834,839,810,820,4700
1743121800,819,829,814,816,2600
1743122400,815,828,814,828,1300
1743123000,824,824,820,820,500
1743123600,821,822,817,817,800
1743124200,817,819,815,819,1500
1743124800,817,818,815,818,900
1743125400,818,818,817,817,500
1743126000,817,819,817,819,600
1743126600,819,820,819,820,200
1743127200,820,820,818,818,500
1743127800,819,820,818,818,500
1743128400,820,820,819,819,300
1743129000,817,817,817,817,100
1743132600,818,818,817,818,1600
1743133200,819,820,818,820,700
1743133800,825,828,825,828,400
1743134400,827,829,818,829,2700
1743135000,827,827,827,827,200
1743135600,828,828,828,828,100
1743136200,827,827,827,827,100
1743136800,827,827,827,827,100
1743137400,825,825,825,825,200
1743138000,823,826,823,826,200
1743138600,821,825,820,820,1000
1743139200,820,821,820,821,300
1743139800,820,820,818,818,600
1743140400,819,819,819,819,100
1743141000,818,818,817,817,800
1743141600,817,825,817,825,800
1743142200,825,834,825,832,1600
1743143400,824,824,824,824,2000
1743379200,820,820,815,815,3200
1743379800,815,815,813,813,500
1743380400,813,813,810,810,400
1743381000,812,812,810,810,700
1743381600,810,810,806,806,300
1743382800,806,806,806,806,200
1743383400,808,808,807,807,300
1743384000,810,810,810,810,100
1743384600,807,807,806,806,200
1743385200,807,807,806,806,300
1743385800,807,807,807,807,100
1743386400,808,808,808,808,100
1743388200,807,807,807,807,100
1743391800,806,806,806,806,600
1743393000,806,806,806,806,100
1743394200,809,809,809,809,100
1743396000,808,808,807,807,400
1743396600,807,807,806,806,300
1743398400,806,806,806,806,200
1743399000,806,807,806,806,500
1743399600,806,806,805,805,1400
1743400200,806,808,806,808,400
1743400800,808,808,805,805,200
1743401400,805,806,805,805,300
1743402600,802,802,802,802,2000
1743465600,804,804,800,800,3700
1743466200,793,793,784,784,1300
1743466800,784,791,784,791,300
1743467400,784,787,784,787,600
1743468000,790,790,790,790,100
1743468600,786,786,785,785,200
1743469200,785,788,785,788,200
1743470400,790,790,789,789,200
1743471000,799,799,799,799,100
1743471600,796,796,796,796,300
1743472800,795,795,795,795,100
1743473400,791,791,791,791,100
1743474000,791,791,790,790,300
1743474600,790,790,790,790,200
1743478200,788,788,786,786,900
1743478800,785,785,783,783,700
1743479400,783,784,782,784,300
1743481200,783,784,782,784,400
1743481800,782,782,782,782,200
1743482400,782,782,780,780,1100
1743483000,780,780,780,780,200
1743484800,780,781,780,781,200
1743485400,781,790,781,790,500
1743487200,789,798,781,798,1400
1743487800,788,796,788,792,800
1743488400,795,810,795,809,2600
1743489000,804,804,804,804,2500
1743552000,799,799,792,792,1100
1743553800,792,792,792,792,200
1743555000,792,792,792,792,100
1743555600,794,795,794,795,200
1743557400,795,795,795,795,100
1743558600,795,795,795,795,200
1743560400,794,794,794,794,100
1743565800,659,669,654,660,277000
1743566400,660,670,654,654,121000
1743570000,654,677,654,659,90800
1743570600,658,740,654,704,122400
1743571200,715,765,701,740,64600
1743571800,740,741,729,740,21200
1743572400,740,740,729,729,9800
1743573000,730,739,730,738,2100
1743573600,740,753,730,753,6500
1743574200,753,797,753,780,9800
1743574800,771,779,759,779,2100
1743575400,779,779,779,779,8500
1743638400,729,729,729,729,7000
1743639000,732,749,729,731,4600
1743639600,731,735,731,735,300
1743640800,732,746,732,746,500
1743642000,746,746,740,740,200
1743642600,740,740,740,740,200
1743643800,741,741,740,740,200
1743644400,740,742,740,742,200
1743645000,738,743,737,737,400
1743645600,743,743,737,743,300
1743646200,737,737,737,737,100
1743646800,742,742,737,737,800
1743647400,733,733,733,733,300
1743651000,733,736,733,734,1400
1743651600,734,734,733,733,700
1743652200,732,735,732,735,4600
1743653400,731,731,731,731,400
1743654000,730,730,730,730,300
1743654600,730,735,730,735,2800
1743655200,731,731,731,731,100
1743655800,731,731,731,731,100
1743656400,730,730,730,730,100
1743657000,731,731,731,731,100
1743657600,731,731,731,731,100
1743658200,731,731,730,730,300
1743658800,730,735,730,735,200
1743660000,735,740,735,740,2600
1743660600,740,740,740,740,400
1743661200,740,740,739,739,1400
1743661800,731,731,731,731,1500
1743724800,724,724,717,717,2800
1743725400,712,712,703,703,800
1743726000,703,703,702,702,400
1743726600,702,702,700,700,600
1743727200,702,702,699,699,900
1743727800,699,704,699,704,400
1743728400,700,700,700,700,100
1743729000,699,699,698,698,200
1743729600,693,693,690,690,200
1743730200,689,710,687,710,1800
1743730800,705,706,705,706,300
1743732000,705,705,705,705,200
1743732600,706,706,706,706,300
1743733200,708,730,708,730,2000
1743737400,715,715,715,715,400
1743738000,711,711,711,711,100
1743738600,705,705,704,704,500
1743739200,700,700,691,700,700
1743739800,691,691,691,691,100
1743740400,691,691,691,691,300
1743741600,692,692,690,690,200
1743742200,690,690,690,690,100
1743742800,690,694,689,689,500
1743743400,693,700,693,700,500
1743744000,698,698,694,694,200
1743744600,700,700,700,700,100
1743745800,692,699,689,699,500
1743747000,698,750,698,750,4800
1743748200,747,747,747,747,4200
1743984000,734,734,702,732,2300
1743984600,717,747,717,741,2200
1743985200,716,725,710,710,600
1743985800,708,723,708,723,200
1743986400,714,714,710,710,400
1743987000,722,722,711,711,1100
1743987600,710,719,710,711,400
1743988200,710,717,710,717,300
1743988800,718,721,718,721,300
1743989400,717,717,715,715,200
1743991200,718,719,718,719,200
1743996600,708,708,707,707,1000
1743997200,719,719,719,719,100
1743998400,716,720,716,720,1000
1743999600,719,719,719,719,100
1744000200,720,720,715,715,500
1744001400,715,715,708,709,1200
1744002000,709,709,709,709,100
1744003200,718,721,718,721,300
1744005000,719,720,718,718,400
1744005600,713,716,713,716,300
1744006200,719,722,719,722,800
1744006800,710,710,710,710,100
1744007400,702,702,702,702,2000
1744070400,702,708,678,678,49700
1744071000,677,679,664,665,2600
1744071600,665,668,665,668,1500
1744072200,669,675,669,673,1900
1744072800,674,681,670,670,5400
1744073400,672,672,670,670,500
1744074000,670,672,670,672,400
1744074600,672,672,672,672,100
1744075200,672,673,672,672,600
1744075800,673,673,670,670,1400
1744076400,675,675,675,675,100
1744077000,670,671,670,671,400
1744077600,671,671,671,671,100
1744078200,673,673,673,673,100
1744078800,673,673,673,673,100
1744079400,673,673,673,673,900
1744083000,672,672,668,668,3100
1744084200,669,669,668,668,300
1744084800,668,668,668,668,200
1744085400,668,668,668,668,100
1744086000,668,673,668,673,1800
1744088400,671,671,671,671,100
1744089000,673,673,673,673,400
1744089600,672,672,671,671,200
1744090200,671,671,671,671,100
1744090800,671,671,671,671,200
1744092000,672,674,672,674,600
1744092600,673,674,671,674,300
1744093200,675,675,670,670,200
1744093800,670,670,670,670,1800
1744156800,676,677,671,671,3500
1744158600,671,671,667,667,18400
1744159200,667,667,667,667,100
1744159800,668,668,667,667,200
1744161600,668,668,666,666,3400
1744162200,664,664,664,664,100
1744162800,663,663,660,663,500
1744164000,662,662,662,662,200
1744164600,664,664,664,664,100
1744165800,664,664,664,664,200
1744169400,664,664,650,650,4200
1744170600,652,652,652,652,100
1744171200,660,660,660,660,100
1744171800,660,660,660,660,100
1744172400,661,667,661,667,1800
1744173000,668,668,668,668,200
1744174800,668,671,668,671,800
1744176600,670,670,669,669,200
1744177200,669,669,669,669,200
1744177800,668,668,667,667,700
1744178400,670,672,670,672,1200
1744179000,671,672,671,672,200
1744180200,667,667,667,667,1900
1744243800,722,722,715,715,6800
1744244400,711,711,710,710,300
1744245000,706,706,701,701,1400
1744245600,700,700,697,697,400
1744246200,689,689,687,687,800
1744246800,689,692,689,692,600
1744247400,702,702,700,700,200
1744248000,696,696,696,696,200
1744248600,694,694,692,692,1100
1744251000,693,693,692,692,900
1744255800,698,698,698,698,300
1744257000,697,697,696,696,300
1744257600,694,694,690,690,1400
1744258200,689,689,687,687,200
1744258800,684,686,683,683,500
1744261200,683,683,683,683,100
1744262400,683,683,680,680,1500
1744263000,680,680,680,680,100
1744263600,684,684,684,684,100
1744264200,684,684,684,684,100
1744264800,682,682,678,678,200
1744265400,679,685,679,685,300
1744266600,685,685,685,685,400
1744329600,683,683,680,680,900
1744330200,678,680,676,680,500
1744330800,676,676,676,676,100
1744331400,677,677,677,677,100
1744332600,678,681,678,681,300
1744333200,683,683,683,683,200
1744333800,685,685,685,685,100
1744334400,681,681,681,681,100
1744335000,680,680,680,680,100
1744335600,680,680,680,680,100
1744342800,683,683,683,683,200
1744343400,681,681,681,681,100
1744345800,685,687,685,687,300
1744347000,687,687,687,687,100
1744349400,683,683,683,683,100
1744350000,690,690,690,690,400
1744350600,690,690,683,683,400
1744351200,691,691,691,691,200
1744352400,694,695,694,695,300
1744353000,682,682,682,682,200
1744588800,686,687,686,687,700
1744589400,687,698,687,698,1400
1744590000,697,697,697,697,100
1744590600,696,696,696,696,400
1744593600,692,692,688,688,1100
1744594200,687,687,687,687,400
1744594800,688,691,688,691,200
1744596000,687,687,687,687,100
1744601400,691,692,691,692,500
1744602600,688,688,686,686,1100
1744603200,689,689,689,689,100
1744604400,688,690,688,690,300
1744605000,686,690,686,690,200
1744606200,685,685,682,682,1600
1744607400,683,683,683,683,100
1744608600,684,685,683,685,400
1744609200,683,684,683,684,200
1744610400,684,684,676,676,1900
1744611000,678,678,678,678,300
1744612200,676,676,676,676,600
1744675200,676,680,676,680,1100
1744675800,680,680,678,678,200
1744677000,679,679,675,675,1300
1744677600,675,675,674,674,400
1744678200,674,674,674,674,200
1744678800,674,674,674,674,100
1744679400,674,678,674,678,300
1744680000,674,674,672,672,700
1744680600,673,673,673,673,100
1744681200,673,673,673,673,100
1744681800,674,674,674,674,100
1744682400,673,673,672,672,300
1744687800,671,671,671,671,700
1744689600,672,672,672,672,200
1744690800,671,671,671,671,100
1744691400,673,673,673,673,300
1744692600,674,674,674,674,300
1744693200,672,672,672,672,100
1744693800,671,671,671,671,400
1744695000,670,670,669,669,800
1744695600,669,669,669,669,200
1744696200,670,670,670,670,200
1744696800,673,673,673,673,400
1744697400,676,683,676,683,1100
1744698600,671,671,671,671,500
1744761600,671,680,671,680,500
1744762800,673,673,673,673,200
1744765200,673,673,673,673,600
1744765800,674,674,674,674,100
1744767000,672,672,672,672,100
1744768200,671,671,671,671,100
1744768800,670,674,670,670,600
1744769400,670,670,670,670,100
1744770600,670,670,670,670,300
1744774200,670,670,670,670,300
1744776000,670,670,668,668,2200
1744776600,666,666,666,666,100
1744777800,667,667,667,667,100
1744779000,669,669,669,669,100
1744779600,670,671,670,671,300
1744780200,669,669,669,669,100
1744781400,670,672,669,672,400
1744782000,670,672,669,672,400
1744783200,672,675,672,675,300
1744783800,675,675,675,675,200
1744784400,677,677,675,675,300
1744785000,673,673,673,673,1100
1744848000,672,672,672,672,600
1744848600,673,674,673,674,200
1744851600,672,676,671,671,500
1744852200,671,671,671,671,100
1744855200,672,672,672,672,100
1744860600,677,677,677,677,200
1744863000,677,678,677,678,300
1744866000,675,675,675,675,100
1744868400,677,679,677,679,400
1744869600,678,679,678,679,500
1744870200,678,678,678,678,200
1744870800,680,682,679,682,700
1744871400,679,679,679,679,500
1744934400,680,682,680,682,600
1744935000,682,682,682,682,100
1744935600,682,682,682,682,100
1744936200,682,683,682,683,300
1744937400,686,686,686,686,100
1744938000,685,685,685,685,100
1744938600,685,685,685,685,600
1744939200,686,686,686,686,200
1744940400,685,685,685,685,400
1744947000,685,685,685,685,100
1744948200,684,684,684,684,100
1744950600,684,684,684,684,200
1744951200,685,686,685,686,700
1744951800,684,684,683,683,3000
1744953600,685,685,685,685,100
1744954200,688,689,688,689,200
1744954800,685,685,685,685,100
1744955400,685,686,685,685,900
1744956000,686,686,686,686,200
1744956600,689,689,689,689,200
1744957800,688,688,688,688,200
1745193600,687,687,685,685,800
1745195400,687,687,687,687,100
1745196600,686,686,686,686,100
1745198400,686,686,686,686,100
1745199000,686,686,686,686,100
1745202600,686,686,686,686,200
1745206200,686,686,686,686,200
1745206800,686,686,686,686,100
1745207400,688,688,688,688,100
1745209800,687,687,687,687,100
1745211000,687,687,687,687,200
1745212200,686,686,686,686,100
1745215200,688,688,688,688,100
1745217000,686,686,686,686,1200
1745280000,680,680,680,680,1600
1745281200,687,687,687,687,100
1745282400,686,686,686,686,100
1745284200,688,688,688,688,100
1745286000,686,686,685,685,200
1745288400,686,687,686,687,200
1745289000,687,687,687,687,100
1745292600,687,687,687,687,200
1745295000,686,686,686,686,100
1745296800,687,687,686,686,200
1745298600,688,688,688,688,400
1745300400,686,686,685,685,1900
1745301000,685,685,681,681,500
1745302200,685,685,685,685,100
1745303400,689,689,689,689,600
1745366400,684,684,684,684,1100
1745367000,687,690,687,690,1200
1745367600,690,690,690,690,100
1745368800,689,689,685,685,700
1745370600,687,687,687,687,100
1745374200,687,687,687,687,100
1745379000,687,687,687,687,100
1745380200,687,687,687,687,100
1745380800,688,688,688,688,100
1745383200,688,688,688,688,100
1745386200,688,688,688,688,100
1745386800,688,688,688,688,200
1745387400,687,687,686,686,600
1745388000,686,687,686,687,200
1745388600,686,686,686,686,100
1745389800,685,685,685,685,800
1745452800,680,680,679,679,2900
1745453400,679,679,670,670,3300
1745454000,670,679,670,679,500
1745455200,676,676,676,676,100
1745456400,673,673,673,673,100
1745458200,676,676,672,672,200
1745460600,671,671,671,671,100
1745461800,670,670,670,670,500
1745465400,670,670,670,670,1100
1745466600,670,670,669,669,400
1745467800,669,669,669,669,600
1745469000,668,670,668,670,300
1745469600,671,671,670,670,300
1745470200,674,674,674,674,200
1745470800,674,674,674,674,100
1745471400,677,678,677,678,200
1745472600,669,669,669,669,100
1745473800,670,670,670,670,200
1745474400,670,675,670,675,3100
1745475000,676,676,675,675,2100
1745476200,669,669,669,669,1400
1745539200,667,669,667,669,2500
1745539800,667,669,667,669,200
1745540400,667,667,667,667,900
1745541000,667,668,667,668,300
1745541600,668,668,668,668,100
1745542200,668,668,668,668,300
1745542800,669,671,669,669,700
1745544600,670,689,670,676,7400
1745545200,672,688,672,687,3100
1745545800,683,687,677,687,2100
1745546400,688,688,688,688,100
1745547000,688,705,688,705,2800
1745547600,702,703,702,703,700
1745548200,688,688,688,688,100
1745551800,688,702,686,689,2100
1745554200,688,690,688,690,1100
1745555400,690,690,690,690,100
1745556000,690,690,690,690,500
1745557200,690,690,690,690,200
1745559600,688,688,688,688,200
1745560800,689,690,689,690,300
1745562600,694,694,694,694,1500
1745798400,698,706,698,703,4000
1745800200,700,748,700,737,33600
1745800800,735,736,692,713,20400
1745801400,702,702,672,676,26900
1745802000,678,678,677,678,900
1745802600,678,678,678,678,100
1745803200,680,680,677,677,300
1745803800,681,682,681,682,200
1745804400,682,682,681,681,1800
1745805000,681,681,674,674,6800
1745806800,674,674,670,670,1300
1745807400,671,671,671,671,1000
1745811000,671,676,670,676,3700
1745811600,676,676,676,676,100
1745813400,671,671,671,671,100
1745814000,671,671,671,671,200
1745816400,675,675,669,669,1700
1745817600,670,671,670,671,4100
1745818800,670,670,670,670,400
1745819400,670,671,669,671,1200
1745820600,671,677,671,677,600
1745821800,678,678,678,678,4600
1745971200,679,679,673,673,6300
1745971800,671,671,669,669,600
1745972400,669,669,668,668,900
1745973000,667,667,664,664,2800
1745973600,663,666,663,664,700
1745974200,665,665,665,665,100
1745974800,667,668,667,668,700
1745975400,666,666,665,666,1300
1745976000,665,665,664,664,800
1745977200,663,664,663,664,800
1745977800,663,663,662,663,1400
1745978400,663,663,663,663,100
1745979000,664,664,664,664,100
1745980200,664,664,664,664,300
1745983800,661,663,661,662,3600
1745984400,662,662,661,662,700
1745985000,662,662,662,662,200
1745985600,662,662,662,662,500
1745986200,662,662,661,661,200
1745986800,662,663,662,663,700
1745987400,664,672,664,672,1700
1745989200,666,666,666,666,100
1745989800,666,666,666,666,100
1745990400,666,666,666,666,200
1745991000,665,666,665,666,300
1745991600,665,665,665,665,100
1745992200,666,666,666,666,100
1745992800,665,665,665,665,100
1745993400,664,664,663,663,300
1745994000,663,663,663,663,400
1745994600,661,661,661,661,1500
1746057600,689,689,677,678,10500
1746058200,677,677,667,667,3300
1746058800,667,667,655,655,9600
1746059400,655,657,655,657,300
1746060000,656,656,655,655,1000
1746060600,654,654,654,654,100
1746061200,651,651,651,651,100
1746061800,652,652,652,652,100
1746062400,654,654,654,654,900
1746063000,654,654,654,654,100
1746063600,655,655,654,654,200
1746064200,657,657,657,657,100
1746064800,658,658,658,658,100
1746065400,658,658,656,656,500
1746066600,656,656,656,656,400
1746070200,660,660,659,659,800
1746072600,660,660,660,660,200
1746074400,658,658,655,655,1100
1746075000,655,655,655,655,200
1746075600,656,660,656,660,400
1746078000,660,666,660,664,1400
1746078600,659,666,659,666,200
1746079200,665,665,658,658,200
1746079800,664,664,664,664,100
1746080400,664,664,664,664,200
1746081000,664,664,664,664,1000
1746144000,666,666,656,656,1500
1746144600,657,657,649,649,4500
1746145200,649,652,648,651,700
1746145800,651,655,651,655,400
1746146400,651,651,643,643,3600
1746147000,643,643,642,642,800
1746147600,643,644,643,644,300
1746148200,645,649,645,649,2300
1746149400,646,646,646,646,200
1746150000,647,647,643,643,4200
1746150600,643,643,643,643,200
1746151200,643,645,643,645,200
1746151800,645,645,645,645,700
1746152400,645,645,645,645,100
1746153000,646,646,646,646,600
1746156600,646,647,646,647,900
1746158400,648,648,648,648,100
1746159000,649,650,649,650,200
1746160200,650,655,650,655,500
1746160800,655,655,655,655,100
1746162600,655,660,655,660,800
1746165000,655,655,654,654,200
1746165600,660,660,660,660,100
1746166200,658,665,658,665,1400
1746166800,665,665,665,665,100
1746167400,666,666,666,666,1200
1746576000,666,666,661,661,2000
1746576600,664,664,652,652,800
1746577200,654,654,654,654,100
1746577800,654,654,654,654,100
1746578400,653,653,653,653,300
1746579000,653,653,651,651,900
1746579600,651,651,651,651,800
1746580800,651,651,650,650,1500
1746581400,650,651,650,650,300
1746582000,650,650,650,650,200
1746582600,650,650,649,649,200
1746583200,651,651,651,651,100
1746584400,651,651,651,651,200
1746585000,651,651,651,651,100
1746588600,650,650,649,649,1000
1746589200,649,649,649,649,100
1746589800,650,650,650,650,600
1746590400,650,650,650,650,400
1746591000,650,650,650,650,100
1746591600,650,650,650,650,100
1746592800,650,650,650,650,200
1746593400,652,657,652,657,600
1746594000,651,664,651,664,800
1746595800,654,654,654,654,200
1746596400,653,653,651,651,1100
1746597000,650,656,650,656,700
1746597600,651,659,649,659,2300
1746598200,657,659,657,657,500
1746598800,656,656,656,656,100
1746599400,659,659,659,659,1800
1746662400,659,659,650,650,600
1746663000,651,651,651,651,100
1746663600,650,650,650,650,100
1746664200,650,650,650,650,100
1746664800,651,651,650,650,300
1746665400,649,649,649,649,300
1746667800,650,650,650,650,400
1746670800,650,650,650,650,200
1746671400,650,650,650,650,100
1746675000,650,650,650,650,400
1746675600,650,650,650,650,200
1746677400,650,650,650,650,100
1746678000,650,650,650,650,100
1746678600,650,651,650,651,500
1746679200,650,650,650,650,300
1746679800,650,651,650,651,200
1746681600,649,649,649,649,100
1746682200,650,650,649,649,200
1746683400,649,657,649,657,1800
1746684000,654,654,654,654,100
1746684600,654,663,654,663,1000
1746685200,653,663,653,663,200
1746685800,658,658,658,658,200
1746748800,659,659,651,652,1500
1746749400,651,652,651,652,600
1746750000,652,652,650,650,600
1746751200,650,650,650,650,400
1746751800,650,650,650,650,200
1746752400,650,650,650,650,100
1746753000,649,649,649,649,500
1746753600,650,650,650,650,100
1746754200,650,650,650,650,300
1746754800,649,649,649,649,200
1746755400,650,651,650,651,200
1746757200,651,651,651,651,200
1746757800,651,651,651,651,200
1746761400,651,651,650,650,1700
1746762000,650,650,650,650,200
1746763200,651,651,651,651,100
1746763800,651,651,651,651,100
1746764400,653,653,653,653,100
1746765000,653,657,653,657,400
1746769200,655,655,653,653,200
1746770400,652,652,651,651,500
1746771000,656,660,656,660,400
1746772200,660,660,660,660,400
1747008000,660,660,660,660,900
1747009200,656,656,656,656,100
1747009800,659,659,659,659,100
1747012200,660,660,658,658,1000
1747014000,657,657,657,657,200
1747016400,657,657,657,657,100
1747020600,658,658,658,658,100
1747022400,658,658,657,657,200
1747023000,658,659,658,658,400
1747024200,657,657,657,657,100
1747025400,657,657,657,657,200
1747026000,657,657,656,656,300
1747028400,657,657,657,657,100
1747029000,656,656,656,656,100
1747029600,656,656,656,656,100
1747030200,657,660,657,660,400
1747030800,656,656,656,656,200
1747031400,657,657,657,657,600
1747094400,661,661,661,661,200
1747095600,660,660,658,658,300
1747096200,658,658,658,658,100
1747097400,657,657,657,657,300
1747098000,656,656,656,656,200
1747099200,656,658,656,658,600
1747099800,657,657,657,657,100
1747101600,655,655,655,655,300
1747102800,657,657,657,657,100
1747107000,655,655,655,655,1200
1747107600,655,655,654,654,900
1747108800,655,655,654,654,200
1747111200,654,654,654,654,100
1747114800,654,654,654,654,100
1747115400,653,653,651,651,500
1747116000,651,651,651,651,200
1747116600,651,651,651,651,100
1747117200,651,651,651,651,200
1747117800,652,652,652,652,400
1747180800,654,655,654,654,600
1747182000,653,653,652,653,600
1747185000,650,650,650,650,400
1747185600,651,651,650,650,300
1747187400,650,650,650,650,100
1747189200,652,652,652,652,400
1747193400,653,661,652,660,3000
1747194000,658,661,658,661,2800
1747194600,661,662,661,662,900
1747195200,657,657,657,657,300
1747195800,657,657,657,657,100
1747196400,657,677,657,677,9800
1747197000,655,660,655,659,2700
1747197600,660,660,660,660,100
1747198800,656,656,656,656,800
1747199400,656,676,647,659,52400
1747200600,658,659,657,657,1900
1747201200,659,660,658,659,10600
1747201800,659,660,659,660,700
1747202400,662,662,662,662,200
1747203000,663,668,663,668,900
1747203600,663,683,663,683,3700
1747204200,692,692,692,692,3200
1747267200,692,692,680,680,6800
1747267800,672,672,671,671,2600
1747269000,675,675,675,675,100
1747269600,673,673,673,673,500
1747270800,673,673,673,673,300
1747271400,675,677,673,673,500
1747272000,678,678,678,678,400
1747272600,676,676,676,676,300
1747273200,678,678,678,678,100
1747273800,679,685,679,685,1900
1747276200,679,679,679,679,100
1747279800,677,677,677,677,200
1747280400,677,677,676,676,700
1747281000,680,685,680,685,300
1747282800,681,681,681,681,200
1747283400,680,685,678,685,800
1747285200,685,688,685,688,600
1747285800,679,680,679,679,2200
1747286400,680,689,673,675,4500
1747287000,675,680,675,680,600
1747288800,673,679,673,679,600
1747290600,672,672,672,672,800
1747353600,689,689,680,689,3100
1747354200,688,688,688,688,100
1747355400,687,687,687,687,500
1747357200,687,687,687,687,200
1747359000,686,686,686,686,100
1747360200,686,686,686,686,100
1747360800,687,687,687,687,200
1747361400,688,690,688,689,1000
1747362000,687,688,687,688,300
1747366200,688,688,688,688,400
1747366800,688,688,688,688,400
1747367400,688,688,688,688,100
1747371600,689,689,689,689,100
1747372200,683,688,683,688,400
1747374000,685,688,685,688,300
1747374600,688,689,688,689,700
1747375200,689,689,689,689,100
1747375800,683,683,683,683,100
1747376400,683,683,683,683,500
1747377000,688,688,688,688,500
1747612800,690,690,688,688,700
1747614600,685,685,680,680,700
1747615200,680,680,679,679,400
1747615800,678,678,678,678,400
1747617000,678,679,678,679,300
1747617600,679,686,679,686,400
1747625400,685,685,685,685,100
1747626000,685,685,685,685,100
1747629600,682,682,682,682,100
1747630200,681,684,681,682,300
1747632600,684,684,684,684,100
1747633800,684,684,684,684,4000
1747634400,687,687,687,687,100
1747635000,687,687,687,687,100
1747635600,680,680,680,680,200
1747636200,678,678,678,678,200
1747699200,680,680,680,680,100
1747699800,681,681,680,680,200
1747700400,680,680,679,679,300
1747704000,680,680,680,680,2500
1747705200,681,682,681,682,200
1747706400,682,682,682,682,100
1747711800,683,683,683,683,200
1747712400,683,683,683,683,100
1747713000,683,683,683,683,100
1747714800,682,682,682,682,400
1747716600,682,682,682,682,100
1747717200,682,683,682,683,200
1747717800,683,684,683,684,200
1747720200,684,689,684,689,1400
1747721400,689,689,689,689,100
1747722000,684,684,684,684,100
1747722600,678,678,678,678,700
1747785600,680,680,680,680,300
1747787400,681,681,681,681,200
1747789200,682,682,682,682,100
1747798800,683,683,683,683,200
1747799400,684,684,684,684,100
1747800000,683,683,683,683,1600
1747803600,683,683,683,683,100
1747806600,684,684,684,684,100
1747807200,684,684,683,683,200
1747807800,684,684,684,684,100
1747808400,684,684,684,684,100
1747809000,681,681,681,681,600
1747872000,689,689,689,689,5100
1747873200,686,689,682,689,1100
1747873800,688,688,688,688,100
1747875000,686,686,686,686,200
1747875600,686,686,686,686,100
1747876200,687,687,687,687,100
1747877400,686,686,686,686,800
1747878600,687,688,687,688,4700
1747879200,688,688,688,688,200
1747879800,689,690,689,690,900
1747880400,690,694,690,694,1800
1747884600,689,691,688,691,11400
1747887000,686,688,686,688,400
1747888800,688,689,688,689,400
1747889400,692,692,692,692,100
1747890000,692,692,690,690,300
1747890600,690,690,690,690,400
1747891200,690,690,690,690,200
1747893000,690,690,685,685,1600
1747894200,686,686,682,682,900
1747895400,698,698,698,698,3700
1747958400,698,698,698,698,900
1747959600,689,689,686,686,900
1747963800,687,687,687,687,100
1747964400,695,695,695,695,100
1747965000,689,689,689,689,100
1747971000,689,689,689,689,200
1747975800,690,690,690,690,200
1747977000,690,690,690,690,300
1747977600,691,691,691,691,1100
1747978800,691,691,691,691,300
1747979400,693,693,693,693,100
1747980000,693,693,693,693,600
1747981200,693,693,692,692,200
1747981800,692,692,692,692,200
1748217600,695,695,693,693,1100
1748218800,693,693,692,692,200
1748220000,691,691,691,691,100
1748222400,692,692,692,692,100
1748223000,693,699,693,698,3100
1748223600,695,695,695,695,100
1748230200,693,693,692,692,200
1748232600,694,694,694,694,100
1748234400,694,694,694,694,100
1748236200,695,695,695,695,100
1748239200,695,695,695,695,100
1748241000,699,699,699,699,500
1748304000,699,699,699,699,100
1748304600,699,700,699,700,1700
1748305200,701,703,701,703,400
1748307000,703,703,703,703,100
1748307600,701,701,701,701,100
1748308200,701,701,701,701,100
1748310000,700,700,699,699,1900
1748310600,699,699,699,699,5400
1748317200,699,699,699,699,200
1748322600,702,702,702,702,100
1748324400,700,700,700,700,100
1748325600,699,700,699,700,200
1748327400,700,700,700,700,100
1748390400,700,702,700,702,900
1748391000,703,707,703,706,500
1748392800,707,707,707,707,100
1748394600,707,708,707,708,200
1748395200,710,715,710,715,1900
1748395800,715,721,715,721,2800
1748396400,721,730,721,730,1700
1748397000,730,730,730,730,1000
1748397600,729,729,729,729,200
1748398200,729,729,729,729,700
1748398800,729,729,729,729,100
1748403000,729,731,729,729,11400
1748403600,721,733,721,733,1800
1748404800,731,731,730,730,800
1748406600,728,728,716,716,200
1748407200,728,728,728,728,200
1748407800,727,732,727,732,1600
1748408400,730,730,730,730,700
1748409000,729,729,729,729,100
1748409600,728,728,727,727,200
1748410800,724,724,724,724,200
1748412000,727,728,727,728,500
1748412600,729,729,729,729,400
1748413200,730,735,730,735,800
1748413800,736,736,736,736,1200
1748476800,736,736,732,732,500
1748477400,728,728,728,728,100
1748481000,729,730,721,721,900
1748482800,722,722,722,722,100
1748485200,722,723,713,723,2500
1748489400,715,718,705,705,3800
1748490000,710,712,710,712,500
1748490600,712,712,712,712,100
1748491200,713,713,707,707,600
1748491800,710,710,710,710,300
1748493000,710,710,710,710,500
1748493600,710,710,710,710,100
1748494800,710,710,710,710,600
1748497800,708,710,708,710,600
1748498400,709,709,709,709,100
1748499000,712,712,710,710,500
1748499600,710,710,709,709,400
1748500200,722,722,722,722,100
1748563200,722,722,722,722,900
1748568000,711,711,711,711,100
1748569200,711,711,711,711,100
1748569800,716,716,716,716,300
1748570400,716,716,716,716,300
1748575800,716,716,716,716,100
1748578800,714,714,714,714,100
1748582400,716,716,716,716,100
1748584200,717,717,717,717,100
1748584800,718,718,718,718,200
1748586000,716,716,715,715,200
1748586600,715,715,715,715,500
1748822400,712,712,711,711,500
1748823000,712,712,712,712,200
1748823600,712,712,712,712,100
1748824200,710,712,710,712,200
1748827800,710,710,710,710,200
1748828400,709,709,709,709,100
1748831400,707,707,707,707,100
1748836200,703,703,703,703,200
1748836800,700,700,700,700,100
1748837400,700,700,700,700,300
1748838000,700,700,700,700,100
1748838600,699,700,699,700,800
1748839200,700,700,700,700,300
1748841000,699,700,699,700,400
1748845200,696,696,696,696,100
1748845800,702,702,702,702,700
1748908800,702,702,702,702,700
1748909400,702,702,702,702,200
1748916000,707,708,707,708,500
1748921400,702,702,702,702,900
1748929800,707,707,707,707,300
1748930400,706,706,706,706,100
1748931600,704,704,701,701,400
1748932200,699,699,699,699,500
1748995200,696,696,695,695,300
1748995800,696,696,696,696,200
1748996400,697,697,697,697,100
1748998800,697,697,697,697,100
1749001800,696,696,696,696,100
1749003000,699,700,699,700,300
1749007800,698,699,696,699,700
1749012000,700,704,700,704,800
1749015000,701,701,701,701,100
1749016200,701,701,701,701,100
1749016800,703,703,703,703,100
1749018600,705,705,705,705,500
1749081600,705,705,705,705,3000
1749085200,704,704,704,704,100
1749085800,704,704,704,704,100
1749087000,703,703,703,703,100
1749087600,703,703,703,703,100
1749096600,701,701,701,701,100
1749097200,701,701,701,701,400
1749102000,701,701,701,701,100
1749103200,703,703,703,703,100
1749104400,701,706,701,706,400
1749168000,705,705,705,705,200
1749168600,700,700,700,700,100
1749172200,701,701,699,699,3800
1749180600,699,699,699,699,100
1749182400,698,698,698,698,100
1749187200,698,699,698,699,300
1749189000,700,700,700,700,600
1749190200,698,701,698,701,400
1749190800,699,699,699,699,300
1749191400,695,695,695,695,700
1749427200,695,695,695,695,600
1749430200,696,696,696,696,100
1749430800,696,696,696,696,100
1749432600,696,698,696,698,300
1749441600,696,696,696,696,100
1749442200,695,695,695,695,300
1749448800,697,698,697,698,500
1749449400,696,696,696,696,100
1749450600,695,695,695,695,100
1749513600,696,697,696,697,500
1749517800,697,697,697,697,100
1749526200,697,697,697,697,200
1749526800,699,700,699,700,800
1749529800,705,705,705,705,100
1749530400,705,705,705,705,100
1749531600,704,705,704,705,400
1749532200,706,706,706,706,400
1749534000,706,706,706,706,200
1749600000,706,706,705,705,300
1749603000,706,706,706,706,100
1749604800,706,706,706,706,300
1749605400,707,707,707,707,300
1749607800,708,708,708,708,100
1749608400,706,706,706,706,100
1749612600,710,715,710,715,700
1749616800,714,715,714,715,500
1749618000,715,715,710,710,200
1749620400,715,715,715,715,100
1749621000,708,708,708,708,100
1749623400,718,718,718,718,100
1749686400,718,718,718,718,200
1749692400,720,720,720,720,100
1749699600,718,718,718,718,200
1749707400,720,720,720,720,100
1749709800,728,728,728,728,1000
1749772800,728,728,728,728,400
1749774000,729,729,729,729,200
1749775200,724,724,724,724,100
1749777000,720,720,720,720,100
1749785400,720,720,715,720,300
1749786000,710,710,710,710,100
1749795000,712,712,711,711,900
1749796200,716,716,716,716,200
1750032000,716,716,716,716,200
1750032600,716,716,716,716,300
1750033200,715,715,715,715,100
1750034400,716,716,716,716,100
1750035600,719,719,719,719,100
1750036200,720,720,720,720,100
1750038000,719,719,719,719,100
1750047000,723,723,719,719,300
1750048200,719,719,719,719,100
1750049400,720,720,720,720,100
1750050600,724,724,724,724,100
1750052400,725,725,725,725,400
1750055400,725,725,725,725,100
1750118400,725,725,725,725,500
1750119000,721,721,721,721,100
1750122000,726,726,726,726,400
1750123800,720,720,720,720,300
1750131000,720,720,720,720,100
1750132800,720,720,720,720,200
1750139400,720,720,720,720,100
1750140600,723,726,723,726,900
1750204800,727,727,725,725,1100
1750206000,722,722,722,722,100
1750211400,723,723,723,723,100
1750218000,727,727,727,727,1000
1750222200,726,726,726,726,100
1750222800,727,728,727,728,400
1750224000,725,725,725,725,100
1750225200,724,724,724,724,100
1750227000,722,722,722,722,100
1750227600,724,724,724,724,100
1750228200,724,724,724,724,200
1750291200,725,730,725,730,1200
1750292400,729,729,729,729,100
1750294200,730,730,730,730,100
1750296600,730,733,730,733,1100
1750298400,731,731,731,731,100
1750303800,733,733,733,733,300
1750309800,733,733,733,733,100
1750310400,733,733,733,733,100
1750314600,733,733,733,733,500
1750377600,733,733,733,733,13100
1750379400,733,733,733,733,200
1750380600,731,731,726,726,500
1750384200,732,732,732,732,100
1750385400,732,732,732,732,100
1750390200,733,733,733,733,600
1750390800,734,737,734,737,1500
1750391400,737,737,737,737,100
1750392600,737,737,737,737,200
1750393200,737,737,737,737,100
1750393800,737,737,737,737,400
1750394400,738,738,738,738,900
1750397400,739,740,739,740,1000
1750399200,742,743,742,743,400
1750399800,745,745,745,745,200
1750401000,745,745,745,745,200
1750636800,748,748,730,730,1700
1750637400,744,744,739,739,200
1750640400,738,738,738,738,100
1750641600,739,739,738,738,200
1750650000,737,737,737,737,100
1750657800,737,737,737,737,100
1750723200,737,737,737,737,300
1750727400,738,738,738,738,500
1750729200,738,738,738,738,3900
1750735800,744,744,744,744,100
1750736400,744,744,738,738,200
1750744200,744,755,744,755,2600
1750746600,742,742,742,742,100
1750809600,752,752,752,752,500
1750811400,750,750,750,750,100
1750812000,750,750,750,750,100
1750815600,750,750,750,750,100
1750816800,751,751,751,751,100
1750822200,750,750,750,750,200
1750822800,752,752,752,752,100
1750824600,752,752,751,752,600
1750825200,752,752,752,752,100
1750827000,752,753,752,753,200
1750827600,751,751,751,751,100
1750828200,751,751,751,751,300
1750829400,753,754,751,751,600
1750830000,751,755,751,755,1700
1750831200,755,755,755,755,1000
1750832400,754,754,754,754,200
1750833000,753,753,753,753,500
1750896000,753,753,753,753,400
1750897200,753,755,753,755,300
1750898400,750,750,750,750,100
1750899000,750,750,750,750,100
1750900200,755,755,755,755,100
1750902000,755,755,755,755,100
1750908600,756,756,756,756,100
1750909200,757,757,757,757,100
1750911000,757,760,757,760,2400
1750913400,760,760,760,760,100
1750914000,760,760,760,760,100
1750914600,755,755,755,755,100
1750982400,797,797,785,785,4400
1750983000,770,770,770,770,300
1750984200,769,770,769,770,500
1750984800,771,771,771,771,100
1750985400,770,771,770,771,1100
1750987800,771,771,771,771,100
1750988400,776,790,771,790,2000
1750989000,784,784,784,784,100
1750990200,784,792,784,790,1800
1750990800,791,791,791,791,200
1750995000,791,799,791,799,5600
1750995600,798,798,797,797,400
1750996800,791,800,791,800,2000
1750997400,799,799,798,798,300
1750998000,792,793,780,780,1100
1750998600,786,786,786,786,100
1750999200,786,786,784,784,400
1750999800,784,784,784,784,200
1751000400,782,782,781,781,600
1751002800,780,780,780,780,200
1751003400,781,786,781,786,400
1751005200,786,789,786,789,300
1751005800,786,786,786,786,1500
1751241600,801,808,795,795,4500
1751242200,795,798,795,798,600
1751242800,799,799,799,799,300
1751243400,799,799,798,798,500
1751244000,797,797,796,796,300
1751244600,797,797,797,797,100
1751246400,797,797,797,797,100
1751247000,799,799,799,799,300
1751247600,799,800,799,800,400
1751248200,799,800,799,799,600
1751248800,800,808,800,808,1100
1751249400,801,801,797,797,900
1751250600,798,798,798,798,200
1751254200,806,806,806,806,100
1751254800,805,805,805,805,300
1751255400,805,805,803,803,300
1751256000,803,803,803,803,100
1751256600,805,805,805,805,300
1751257800,807,808,807,808,300
1751258400,809,810,809,810,1000
1751259000,810,813,810,813,300
1751260200,811,815,811,815,1100
1751260800,814,814,810,810,200
1751262000,810,811,810,811,400
1751264400,816,816,816,816,100
1751265000,811,811,811,811,400
1751328000,819,824,819,824,800
1751328600,825,829,824,828,1000
1751329200,828,829,828,828,400
1751329800,828,840,828,840,22700
1751330400,840,845,840,845,200
1751331000,845,846,845,845,800
1751331600,846,846,846,846,500
1751332200,846,846,841,841,300
1751333400,835,835,835,835,100
1751334000,835,835,835,835,300
1751334600,835,835,835,835,100
1751335800,835,845,835,838,1300
1751336400,845,857,845,857,6200
1751340600,859,871,855,856,3500
1751341800,857,857,857,857,100
1751342400,855,855,854,854,600
1751343000,858,858,858,858,200
1751344200,854,855,853,855,500
1751345400,851,851,851,851,100
1751346600,851,854,851,854,700
1751347800,860,860,860,860,100
1751348400,860,863,860,863,600
1751349000,863,863,863,863,100
1751349600,860,860,860,860,200
1751350800,860,860,860,860,300
1751351400,862,862,862,862,100
1751414400,860,881,847,847,6100
1751415000,847,847,820,820,4200
1751415600,829,829,824,824,1000
1751416200,829,829,829,829,200
1751416800,830,830,830,830,200
1751417400,834,848,834,848,600
1751418000,848,850,837,849,900
1751418600,850,860,850,860,1500
1751419200,860,860,860,860,400
1751419800,855,865,855,865,700
1751420400,864,865,864,865,400
1751421000,866,866,866,866,100
1751421600,866,866,866,866,100
1751422800,851,851,851,851,100
1751427000,851,855,850,850,1100
1751427600,850,858,850,858,300
1751428200,856,858,856,858,300
1751428800,858,862,847,850,400
1751429400,850,850,850,850,100
1751430000,850,850,847,848,900
1751430600,850,850,850,850,200
1751431200,854,854,854,854,100
1751431800,854,854,854,854,100
1751432400,854,854,854,854,200
1751433000,855,855,855,855,100
1751434200,857,857,857,857,100
1751435400,860,860,860,860,100
1751436000,860,860,860,860,100
1751437200,860,860,858,860,300
1751437800,869,869,869,869,1100
1751500800,880,880,871,872,2600
1751501400,873,875,873,873,500
1751502000,874,874,874,874,100
1751502600,879,880,873,873,400
1751503800,880,880,880,880,600
1751504400,875,882,875,882,1200
1751505000,883,883,882,882,200
1751505600,875,875,869,869,2300
1751506200,870,870,870,870,1100
1751506800,875,878,875,878,2100
1751507400,878,878,878,878,100
1751508000,878,878,878,878,300
1751508600,875,876,875,876,300
1751513400,882,882,880,880,900
1751514600,880,880,877,877,1400
1751515200,880,881,880,881,600
1751516400,881,882,881,882,200
1751517000,882,882,881,881,300
1751518200,883,885,883,885,200
1751518800,885,893,885,893,1500
1751519400,892,892,890,890,300
1751520000,898,898,898,898,100
1751520600,898,898,893,893,400
1751521200,898,898,897,897,200
1751521800,894,899,894,899,800
1751522400,899,899,899,899,700
1751523000,899,899,899,899,100
1751524200,900,900,900,900,600
1751587800,990,990,910,911,44700
1751588400,917,920,903,906,9500
1751589000,904,904,879,895,9800
1751589600,895,895,881,888,2300
1751590200,889,901,889,901,3000
1751590800,893,893,887,887,800
1751591400,887,887,880,881,1900
1751592000,884,888,884,888,500
1751592600,889,890,885,890,1500
1751593200,890,890,890,890,100
1751593800,893,901,893,900,2200
1751594400,894,894,894,894,100
1751595000,894,894,892,892,900
1751595600,891,891,890,890,600
1751596200,895,895,895,895,300
1751599800,894,895,886,895,1800
1751601000,890,890,888,888,300
1751601600,888,896,888,896,200
1751602200,888,896,885,896,800
1751602800,886,886,885,885,300
1751603400,895,896,895,896,200
1751604000,890,890,890,890,100
1751605200,889,890,887,890,500
1751606400,895,896,895,896,300
1751607000,892,892,892,892,200
1751607600,896,897,895,895,300
1751608200,895,896,895,896,300
1751608800,898,910,898,910,1700
1751609400,911,917,911,917,1700
1751610000,917,922,913,922,1400
1751610600,936,936,936,936,7500
1751846400,915,920,884,910,56200
1751847000,895,907,895,903,1900
1751847600,903,910,902,910,1200
1751848200,910,915,910,915,500
1751848800,915,915,913,913,300
1751849400,909,909,903,903,1500
1751850600,907,917,907,917,800
1751851200,910,910,910,910,300
1751853600,912,912,902,910,1200
1751854200,905,905,905,905,100
1751854800,905,905,905,905,100
1751859000,905,913,898,900,3500
1751860800,906,906,906,906,100
1751863200,909,910,907,910,400
1751864400,911,911,911,911,100
1751865000,910,911,910,910,400
1751866800,910,912,910,912,600
1751867400,912,912,912,912,200
1751868000,912,913,912,913,1600
1751868600,915,915,915,915,400
1751869200,913,913,911,911,200
1751869800,915,915,915,915,1100
1751932800,920,920,917,917,58700
1751933400,917,917,917,917,100
1751934000,908,908,906,907,600
1751934600,907,907,898,898,2500
1751935200,898,900,898,898,500
1751935800,896,896,895,895,500
1751936400,896,907,896,896,900
1751938200,900,900,898,898,800
1751938800,898,898,898,898,100
1751941200,898,898,898,898,300
1751945400,898,898,898,898,300
1751946000,898,898,897,897,400
1751946600,896,896,895,895,400
1751947200,898,898,898,898,100
1751947800,899,900,899,900,300
1751949000,898,898,896,896,300
1751949600,895,895,895,895,200
1751950200,896,896,894,894,600
1751952000,895,895,894,894,300
1751952600,899,899,899,899,100
1751953200,896,896,896,896,100
1751955600,895,895,894,894,300
1751956200,893,893,893,893,31100
1752019200,892,892,882,882,1500
1752019800,881,881,873,873,1800
1752020400,873,873,863,863,2800
1752021000,863,869,863,869,300
1752021600,870,874,870,874,500
1752022200,874,874,874,874,100
1752022800,870,871,870,871,400
1752024000,865,865,865,865,100
1752024600,865,875,865,873,800
1752025200,875,876,875,876,200
1752025800,876,876,873,873,200
1752026400,872,874,872,874,400
1752027000,873,873,873,873,100
1752031800,873,879,873,879,900
1752032400,874,877,872,877,1000
1752034200,876,877,876,877,600
1752034800,878,878,878,878,200
1752036600,880,883,880,883,500
1752038400,883,891,883,891,300
1752039000,881,881,877,877,500
1752041400,888,891,888,891,700
1752042000,890,893,878,878,600
1752042600,898,898,898,898,1100
1752105600,883,883,880,880,500
1752106200,880,880,880,880,800
1752106800,880,880,880,880,500
1752107400,880,880,880,880,100
1752108000,880,880,880,880,100
1752108600,880,880,880,880,100
1752110400,878,878,877,877,500
1752111000,879,879,879,879,200
1752114000,880,881,880,881,200
1752118200,879,879,879,879,200
1752118800,879,879,879,879,100
1752120000,878,878,876,876,400
1752121200,878,882,878,882,200
1752123000,882,882,882,882,100
1752124800,880,880,880,880,100
1752125400,882,882,882,882,200
1752126600,883,883,883,883,200
1752127200,893,896,893,896,400
1752129000,896,896,896,896,600
1752192000,900,900,896,896,1700
1752194400,895,898,895,898,700
1752195000,899,900,899,900,300
1752196800,900,900,900,900,100
1752198600,899,899,899,899,200
1752204600,897,897,895,895,300
1752205800,894,894,894,894,100
1752207000,898,898,898,898,200
1752208200,899,899,899,899,400
1752210600,899,903,899,903,2700
1752211800,904,905,904,905,400
1752212400,906,906,906,906,100
1752213000,907,908,906,906,1000
1752215400,910,910,910,910,1000
1752451200,910,910,909,909,700
1752451800,902,902,902,902,100
1752452400,910,910,910,910,200
1752456600,910,911,910,911,700
1752457800,915,915,915,915,100
1752458400,915,916,915,916,300
1752459000,920,920,920,920,100
1752459600,919,919,919,919,100
1752463800,919,919,919,919,200
1752464400,919,919,918,918,200
1752465000,918,919,918,919,200
1752466200,919,919,918,918,1400
1752467400,915,918,915,918,200
1752469800,917,918,910,910,400
1752470400,918,918,918,918,100
1752471000,917,917,917,917,100
1752472200,919,919,919,919,300
1752473400,911,911,911,911,100
1752474600,920,920,920,920,200
1752537600,912,920,912,920,1300
1752538200,911,911,911,911,100
1752540600,912,912,912,912,100
1752545400,915,915,915,915,100
1752546000,911,911,911,911,100
1752550200,912,912,912,912,300
1752550800,913,913,913,913,100
1752552000,913,913,913,913,100
1752553800,911,911,911,911,100
1752555600,913,913,913,913,100
1752557400,914,914,914,914,200
1752558600,914,916,914,916,300
1752559200,918,919,918,919,500
1752560400,912,912,912,912,200
1752561000,916,916,916,916,100
1752624000,904,904,904,904,1500
1752624600,902,902,901,901,200
1752625800,903,903,903,903,100
1752627000,904,904,904,904,100
1752632400,904,904,904,904,100
1752636600,904,908,904,908,200
1752639000,909,909,909,909,100
1752641400,910,910,910,910,100
1752643800,910,910,910,910,100
1752644400,910,910,910,910,100
1752646800,906,906,905,905,200
1752647400,905,905,905,905,900
1752710400,920,920,905,905,600
1752711000,902,902,902,902,100
1752711600,902,902,902,902,200
1752712800,902,905,902,905,300
1752714600,905,905,905,905,100
1752715800,903,903,903,903,300
1752718800,904,904,904,904,100
1752724800,905,905,904,905,500
1752726600,904,904,904,904,100
1752727200,904,904,904,904,300
1752730200,905,906,905,906,200
1752731400,909,909,909,909,100
1752733800,918,918,918,918,200
1752796800,920,920,906,906,900
1752797400,907,917,907,917,200
1752810600,911,911,911,911,100
1752811200,911,912,911,912,200
1752811800,913,914,913,914,300
1752812400,914,914,914,914,100
1752813000,914,914,914,914,100
1752814800,912,912,912,912,100
1752816600,913,913,913,913,200
1752820200,910,910,910,910,400
1753142400,910,910,906,906,1400
1753143000,905,905,904,904,500
1753143600,903,903,903,903,100
1753144200,905,911,905,911,400
1753148400,911,911,911,911,100
1753150200,911,911,911,911,100
1753155000,909,909,907,907,400
1753157400,908,908,907,907,300
1753158000,908,909,908,909,200
1753159800,909,909,906,906,300
1753161600,905,905,905,905,300
1753162800,906,910,905,905,700
1753164000,904,904,904,904,100
1753165200,905,905,903,905,400
1753165800,903,903,903,903,300
1753228800,905,905,905,905,200
1753230000,903,903,900,900,1200
1753230600,900,900,900,900,100
1753231200,900,900,900,900,200
1753231800,900,900,900,900,300
1753234200,900,904,898,904,1200
1753241400,901,902,901,902,300
1753244400,900,900,900,900,100
1753245600,899,899,898,898,700
1753246200,898,898,898,898,100
1753247400,901,901,901,901,200
1753248600,900,900,900,900,100
1753249200,901,901,901,901,100
1753249800,900,900,900,900,100
1753252200,903,903,903,903,700
1753315200,904,904,904,904,300
1753319400,902,902,902,902,300
1753321200,902,902,902,902,200
1753322400,901,901,901,901,100
1753323000,900,900,898,898,600
1753323600,898,898,898,898,100
1753327800,898,902,898,902,200
1753328400,902,902,902,902,100
1753329000,898,898,898,898,300
1753330200,898,898,898,898,100
1753332600,900,900,900,900,100
1753335600,899,899,898,898,400
1753336800,898,899,897,899,400
1753338600,899,899,899,899,100
1753401600,903,903,903,903,100
1753402200,901,901,900,900,200
1753403400,899,899,899,899,100
1753406400,901,901,901,901,100
1753414800,901,901,901,901,100
1753416600,901,901,901,901,100
1753417200,901,901,900,900,400
1753419000,900,900,900,900,400
1753423200,901,901,901,901,600
1753425000,900,900,900,900,500
1753660800,906,906,906,906,900
1753661400,905,910,905,905,1200
1753662000,905,905,905,905,200
1753663800,905,905,905,905,100
1753664400,910,912,910,912,500
1753665600,912,912,912,912,100
1753666200,913,913,913,913,100
1753666800,911,915,911,915,400
1753667400,915,915,915,915,100
1753673400,915,915,915,915,2400
1753674000,914,914,914,914,100
1753675200,913,913,913,913,100
1753675800,914,914,914,914,300
1753676400,913,913,913,913,100
1753677600,915,915,915,915,100
1753680000,915,915,912,912,300
1753680600,913,913,913,913,100
1753681800,913,913,913,913,100
1753682400,913,913,913,913,100
1753684200,915,915,915,915,400
1753747200,909,909,909,909,500
1753748400,909,916,909,916,600
1753751400,910,910,910,910,100
1753767000,912,913,912,913,200
1753768800,913,913,913,913,100
1753769400,914,915,914,915,200
1753770000,914,914,914,914,100
1753770600,911,911,911,911,200
1753833600,911,912,911,911,400
1753834200,915,915,915,915,100
1753836000,914,915,914,915,300
1753838400,916,916,916,916,100
1753839000,916,920,914,920,400
1753839600,920,920,919,919,200
1753840200,920,920,920,920,200
1753846200,916,916,916,916,100
1753852200,915,915,915,915,200
1753853400,916,916,916,916,100
1753857000,914,914,914,914,200
1753920000,913,913,913,913,300
1753920600,913,913,913,913,100
1753923000,913,913,913,913,100
1753927200,913,913,913,913,200
1753927800,914,915,914,915,300
1753936200,915,915,915,915,100
1753939800,915,915,914,914,200
1753940400,912,912,912,912,300
1753942200,911,913,911,913,300
1753943400,912,912,912,912,400
1754006400,912,912,912,912,300
1754008800,915,915,915,915,400
1754010600,913,913,913,913,100
1754011200,918,918,918,918,200
1754011800,918,918,918,918,100
1754014200,919,925,919,925,1900
1754014800,925,925,925,925,100
1754019000,925,925,925,925,600
1754020200,926,926,926,926,100
1754021400,927,927,925,926,400
1754022000,926,926,925,925,400
1754025600,925,925,925,925,200
1754028600,924,924,924,924,100
1754029200,924,924,924,924,100
1754029800,919,919,919,919,700
1754265600,911,922,911,922,800
1754266800,911,911,905,905,1000
1754268600,914,914,914,914,100
1754269200,909,923,909,923,1100
1754272800,919,919,919,919,100
1754274000,918,918,917,917,200
1754278800,917,917,917,917,100
1754282400,918,918,918,918,100
1754283000,916,916,916,916,100
1754283600,916,916,916,916,100
1754286000,916,916,916,916,100
1754287200,917,919,917,919,200
1754289000,913,913,913,913,900
1754352000,911,911,911,911,400
1754353200,913,913,913,913,100
1754353800,916,923,916,923,200
1754355600,922,922,922,922,100
1754356200,916,916,916,916,100
1754361000,920,920,920,920,100
1754364600,920,920,920,920,100
1754365200,916,919,912,919,1100
1754370000,912,912,912,912,100
1754374200,919,919,919,919,100
1754375400,919,919,919,919,400
1754438400,921,921,919,919,200
1754445000,917,917,916,916,200
1754452800,916,916,916,916,100
1754455200,917,917,910,910,1200
1754458800,917,917,917,917,100
1754459400,917,917,917,917,100
1754460000,916,916,916,916,500
1754460600,917,917,917,917,200
1754461800,916,916,916,916,400
1754524800,916,916,916,916,200
1754525400,914,914,914,914,100
1754526000,913,913,913,913,100
1754527200,917,917,917,917,100
1754532000,917,917,917,917,100
1754532600,913,913,913,913,100
1754537400,913,913,913,913,100
1754538000,913,913,913,913,100
1754543400,919,919,913,913,300
1754544000,920,920,920,920,100
1754545200,919,919,919,919,100
1754546400,920,920,920,920,200
1754547000,920,920,920,920,100
1754548200,922,922,922,922,200
1754611200,921,921,921,921,100
1754612400,919,919,913,913,1400
1754613600,912,914,910,914,1100
1754614200,909,910,909,910,400
1754614800,909,918,909,918,200
1754616600,909,909,909,909,100
1754617200,911,911,909,909,300
1754618400,909,909,909,909,100
1754619000,909,909,908,908,400
1754619600,911,911,911,911,100
1754623800,910,910,910,910,100
1754625600,910,910,910,910,200
1754627400,909,909,909,909,200
1754629200,910,910,910,910,300
1754631600,911,911,909,909,900
1754632200,908,908,908,908,200
1754632800,908,911,908,911,200
1754633400,906,906,906,906,200
1754634600,906,906,906,906,300
1754956800,919,919,912,912,600
1754958600,913,915,913,914,500
1754959200,914,914,911,911,200
1754959800,913,913,910,910,200
1754969400,914,914,914,914,100
1754974200,911,911,911,911,100
1754974800,911,913,911,913,300
1754975400,913,913,913,913,100
1754976000,911,912,911,912,200
1754977200,913,913,913,913,100
1754978400,913,913,913,913,100
1754979600,913,913,913,913,100
1754980200,910,910,910,910,500
1755043200,919,919,919,919,400
1755043800,919,919,919,919,200
1755045000,912,912,912,912,100
1755045600,919,919,919,919,100
1755046800,917,917,917,917,100
1755050400,916,916,916,916,100
1755055800,916,916,916,916,100
1755057000,913,913,913,913,100
1755062400,914,914,914,914,100
1755064800,914,915,914,915,300
1755065400,915,916,915,916,300
1755066000,914,914,914,914,200
1755066600,913,913,913,913,200
1755129600,913,913,913,913,100
1755130200,913,913,913,913,100
1755132600,914,914,914,914,100
1755135000,918,918,918,918,100
1755137400,918,918,918,918,100
1755138000,918,918,918,918,100
1755142200,919,919,914,914,300
1755142800,914,914,914,914,100
1755145800,915,915,915,915,100
1755149400,915,915,915,915,200
1755151200,919,921,919,921,500
1755153000,913,913,913,913,100
1755216000,913,913,909,909,1100
1755216600,914,914,914,914,100
1755217800,912,912,912,912,100
1755219000,912,912,909,909,700
1755220200,909,909,909,909,100
1755221400,912,912,912,912,200
1755224400,910,911,910,911,300
1755228600,913,913,913,913,200
1755229200,913,913,913,913,300
1755229800,913,913,913,913,100
1755231600,914,914,913,913,400
1755232200,913,913,913,913,200
1755234600,912,912,912,912,100
1755235800,914,914,914,914,100
1755237000,912,912,912,912,100
1755237600,913,913,913,913,100
1755238800,914,914,914,914,200
1755239400,914,914,914,914,200
1755475200,915,915,909,909,1600
1755478800,911,916,911,916,200
1755480000,911,911,911,911,100
1755487800,912,912,912,912,100
1755490200,912,914,912,912,400
1755490800,912,912,912,912,100
1755491400,911,915,911,915,200
1755495000,914,914,914,914,100
1755496800,915,915,915,915,200
1755498000,915,915,915,915,500
1755498600,917,917,917,917,700
1755561600,917,917,917,917,300
1755569400,916,916,916,916,100
1755574200,917,917,917,917,200
1755576000,917,917,917,917,100
1755578400,916,916,916,916,100
1755580200,917,917,917,917,100
1755581400,915,915,915,915,100
1755583800,916,916,916,916,100
1755585000,917,917,917,917,200
1755648000,917,917,917,917,100
1755648600,917,917,917,917,100
1755655200,915,915,915,915,100
1755660600,915,915,915,915,200
1755663000,916,916,916,916,100
1755664800,917,917,917,917,100
1755665400,915,917,915,917,200
1755667800,916,916,916,916,100
1755671400,915,915,915,915,200
1755734400,915,915,915,915,200
1755735000,916,916,916,916,200
1755736200,917,917,917,917,100
1755738600,916,916,916,916,100
1755740400,916,916,916,916,100
1755742800,916,916,916,916,100
1755747000,917,917,917,917,200
1755750000,918,918,918,918,100
1755751800,918,918,918,918,100
1755753000,916,916,916,916,100
1755756600,919,919,919,919,200
1755757800,921,921,921,921,700
1755820800,921,921,921,921,500
1755823200,922,922,922,922,100
1755823800,922,922,917,917,400
1755826200,920,920,920,920,100
1755833400,920,920,920,920,100
1755834000,918,918,918,918,100
1755840000,919,919,915,915,1100
1755844200,919,919,919,919,100
1756080000,919,919,919,919,400
1756080600,920,920,920,920,100
1756081800,920,920,920,920,100
1756084200,919,919,917,917,300
1756087800,918,918,915,915,1000
1756092600,918,919,916,916,400
1756093200,918,918,918,918,100
1756095600,915,915,915,915,200
1756096800,915,915,914,914,200
1756097400,914,914,914,914,200
1756099200,914,914,914,914,300
1756101600,916,916,916,916,100
1756103400,914,914,914,914,400
1756166400,918,918,918,918,500
1756168200,914,914,914,914,100
1756168800,918,918,913,913,1200
1756169400,913,913,913,913,100
1756170000,912,912,910,910,600
1756171200,909,909,907,907,900
1756172400,909,910,909,910,600
1756179000,915,915,905,905,2300
1756181400,914,914,914,914,100
1756185600,907,907,906,906,200
1756186200,905,905,901,905,800
1756186800,905,905,905,905,100
1756189800,904,904,904,904,300
1756252800,905,906,905,906,200
1756253400,905,905,905,905,200
1756256400,905,905,905,905,100
1756257000,904,904,904,904,100
1756261200,906,906,906,906,100
1756265400,907,907,907,907,100
1756267200,909,910,909,910,400
1756267800,910,910,910,910,100
1756270800,910,910,910,910,100
1756271400,910,910,910,910,300
1756273200,912,912,912,912,100
1756273800,912,914,912,914,300
1756275000,913,913,913,913,200
1756275600,913,913,913,913,100
1756276200,916,916,916,916,300
1756339200,916,916,912,912,300
1756339800,916,916,916,916,400
1756340400,917,917,917,917,500
1756341600,917,917,913,914,500
1756342800,912,912,910,910,900
1756344000,913,913,913,913,100
1756344600,914,914,914,914,100
1756345200,914,914,910,910,1400
1756346400,910,910,910,910,100
1756348200,909,909,909,909,100
1756351800,910,910,910,910,500
1756352400,910,910,910,910,200
1756353000,910,913,910,913,200
1756353600,913,913,913,913,100
1756354200,913,913,913,913,100
1756356000,913,913,913,913,200
1756358400,912,912,910,910,500
1756359600,911,911,911,911,100
1756360200,910,910,910,910,100
1756362000,912,913,912,913,200
1756362600,914,914,914,914,600
1756425600,915,915,913,913,1000
1756426800,913,913,910,910,500
1756428000,910,910,909,909,600
1756428600,909,909,909,909,100
1756429800,910,910,910,910,100
1756432800,910,914,910,914,400
1756433400,914,914,914,914,100
1756438200,916,916,916,916,300
1756440000,916,916,916,916,100
1756441200,915,915,915,915,100
1756443000,911,911,911,911,100
1756444800,911,913,911,913,400
1756446600,913,913,913,913,200
1756447800,911,913,911,913,200
1756448400,915,915,915,915,100
1756449000,915,915,915,915,100
1756684800,915,916,915,916,700
1756686600,916,916,916,916,100
1756697400,914,916,914,916,1300
1756700400,917,917,917,917,200
1756701600,917,918,917,918,200
1756702200,916,916,911,911,3000
1756708200,919,919,919,919,800
1756771200,919,919,919,919,300
1756773600,917,917,917,917,400
1756774200,916,919,915,919,400
1756775400,913,919,912,912,400
1756776000,918,920,918,920,300
1756776600,920,920,920,920,100
1756777800,919,919,919,919,100
1756783800,919,919,919,919,100
1756785000,919,919,919,919,100
1756787400,920,920,920,920,400
1756788000,920,920,920,920,100
1756791000,920,920,920,920,200
1756794000,920,920,919,919,400
1756794600,920,920,920,920,400
1756857600,921,923,921,923,1700
1756859400,924,925,923,925,500
1756860000,924,928,924,928,900
1756860600,929,930,929,930,200
1756861200,930,931,930,931,600
1756862400,931,931,931,931,100
1756863000,931,931,929,929,300
1756864800,930,930,930,930,100
1756866000,932,934,932,934,200
1756871400,928,928,925,925,700
1756873200,926,926,926,926,100
1756873800,925,925,925,925,100
1756874400,923,923,918,918,800
1756875000,921,921,921,921,100
1756875600,920,920,920,920,100
1756876200,919,919,919,919,100
1756876800,915,915,915,915,400
1756878000,915,915,915,915,100
1756879800,916,916,915,915,500
1756881000,914,914,914,914,300
1756944000,935,935,932,932,1300
1756944600,931,931,931,931,100
1756945200,930,930,930,930,300
1756945800,923,923,923,923,400
1756947000,926,926,926,926,100
1756947600,930,930,930,930,100
1756948800,927,927,927,927,200
1756952400,925,925,925,925,200
1756956600,925,925,925,925,100
1756957200,926,926,926,926,200
1756957800,927,927,927,927,100
1756959600,925,925,925,925,100
1756965000,924,924,924,924,100
1756967400,929,929,929,929,200
1757030400,930,932,930,932,700
1757031000,933,933,933,933,200
1757032200,933,933,933,933,100
1757032800,933,933,933,933,200
1757034000,929,929,929,929,100
1757034600,932,933,932,933,200
1757035800,932,932,932,932,100
1757037000,933,934,933,934,200
1757038200,933,933,933,933,100
1757043000,934,934,934,934,100
1757047200,934,934,934,934,100
1757052000,933,933,933,933,100
1757052600,933,933,933,933,100
1757053800,935,935,935,935,300
1757289600,922,935,922,924,2800
1757291400,926,926,924,924,400
1757293800,926,926,926,926,100
1757295000,930,930,930,930,100
1757295600,927,927,925,925,300
1757296800,925,926,925,926,200
1757297400,933,933,933,933,100
1757302200,930,930,930,930,200
1757302800,930,930,930,930,100
1757304600,933,933,933,933,200
1757305800,934,934,934,934,100
1757307600,934,934,934,934,200
1757308800,934,934,934,934,200
1757309400,934,934,934,934,300
1757310000,931,934,931,934,200
1757312400,934,934,934,934,300
1757313000,930,930,930,930,400
1757376000,928,930,928,930,600
1757376600,930,931,930,931,200
1757377200,929,929,925,925,800
1757377800,925,925,925,925,500
1757378400,925,925,925,925,300
1757379000,927,927,927,927,100
1757379600,927,927,927,927,100
1757383800,928,928,927,927,300
1757390400,927,927,927,927,100
1757394000,927,927,927,927,100
1757395800,927,927,927,927,100
1757396400,927,927,927,927,200
1757398800,927,928,927,928,500
1757399400,926,926,926,926,200
1757462400,928,928,928,928,300
1757463600,929,929,929,929,100
1757464200,929,930,929,930,300
1757465400,930,930,930,930,100
1757468400,929,929,929,929,100
1757475000,928,928,928,928,100
1757476200,930,931,930,931,700
1757478000,930,930,930,930,100
1757482200,931,931,931,931,100
1757484600,930,935,930,935,600
1757485800,935,935,935,935,900
1757548800,944,944,940,940,1400
1757549400,940,940,940,940,100
1757551200,940,940,940,940,100
1757551800,936,936,936,936,100
1757553600,936,936,936,936,200
1757554800,937,937,937,937,100
1757557200,935,937,935,937,200
1757561400,937,937,937,937,100
1757563200,937,937,937,937,100
1757564400,937,937,937,937,100
1757565600,937,937,935,935,200
1757566800,939,939,939,939,100
1757569800,939,939,939,939,100
1757570400,940,940,940,940,100
1757571000,940,940,940,940,100
1757571600,940,940,940,940,100
1757572200,939,939,939,939,200
1757635200,939,939,939,939,400
1757635800,939,939,939,939,100
1757636400,942,942,940,940,200
1757637000,940,940,940,940,100
1757639400,938,938,935,935,400
1757643000,936,936,936,936,100
1757643600,939,939,939,939,100
1757644200,941,941,941,941,100
1757647800,937,937,937,937,200
1757651400,937,937,937,937,100
1757652600,937,937,937,937,500
1757657400,940,946,940,946,1100
1757658000,948,948,948,948,600
1757658600,949,949,949,949,300
1757980800,945,949,945,949,2100
1757982000,948,948,940,940,300
1757982600,940,940,934,934,2000
1757986800,940,940,936,936,2000
1757988000,945,945,945,945,100
1757988600,945,945,945,945,100
1757989200,947,947,943,943,1900
1757989800,943,943,943,943,100
1757993400,947,947,947,947,200
1757994000,942,942,942,942,100
1757995200,949,949,942,942,1100
1757996400,950,950,950,950,200
1757997600,946,946,945,945,500
1757998800,946,946,946,946,100
1757999400,946,946,946,946,100
1758000000,945,946,945,946,200
1758000600,946,946,946,946,200
1758003000,945,945,944,944,1000
1758004200,949,949,949,949,1300
1758067200,948,948,940,940,500
1758067800,948,949,948,949,300
1758068400,940,940,940,940,200
1758072000,940,940,940,940,1000
1758073200,940,940,940,940,100
1758073800,949,949,949,949,100
1758074400,949,949,949,949,100
1758079800,940,941,939,939,800
1758081000,941,941,936,936,2000
1758081600,935,935,935,935,100
1758083400,940,940,940,940,100
1758084000,935,935,935,935,1000
1758085800,934,934,934,934,100
1758086400,933,933,932,932,400
1758088800,938,938,933,933,200
1758089400,935,938,935,938,200
1758090600,935,935,935,935,100
1758153600,935,935,935,935,200
1758154200,936,936,936,936,100
1758156600,936,936,936,936,100
1758159000,935,935,935,935,200
1758159600,934,935,933,935,500
1758166200,936,936,936,936,100
1758168000,937,937,937,937,200
1758171000,937,937,937,937,100
1758171600,940,940,940,940,100
1758172200,938,938,938,938,200
1758177000,936,936,936,936,400
1758240000,934,934,934,934,800
1758240600,934,934,934,934,100
1758241200,935,939,935,939,200
1758243000,939,939,934,934,200
1758243600,934,934,934,934,100
1758245400,939,939,939,939,100
1758246000,936,936,936,936,100
1758246600,936,936,936,936,100
1758247200,940,940,940,940,100
1758247800,940,940,940,940,100
1758252600,942,942,942,942,500
1758253800,936,936,936,936,100
1758261000,940,940,940,940,100
1758261600,939,939,937,937,1400
1758262200,936,936,936,936,200
1758262800,937,937,936,936,200
1758263400,935,935,935,935,400
1758499200,935,935,935,935,900
1758499800,938,940,938,940,400
1758500400,940,940,940,940,300
1758501600,941,941,941,941,100
1758502200,940,940,940,940,200
1758503400,937,937,936,936,500
1758504000,939,939,939,939,100
1758504600,939,939,939,939,100
1758505200,940,940,940,940,100
1758507000,940,940,940,940,600
1758507600,940,940,940,940,200
1758511800,940,940,940,940,100
1758513600,941,941,941,941,100
1758514200,940,940,938,938,300
1758514800,944,944,941,941,300
1758515400,943,944,943,944,200
1758516000,945,945,941,941,300
1758516600,939,939,939,939,100
1758518400,944,944,944,944,100
1758520200,940,941,940,941,300
1758522000,940,940,940,940,200
1758522600,940,940,940,940,400
1758672000,948,949,941,949,2000
1758672600,942,949,940,940,900
1758673200,940,948,940,947,800
1758673800,947,947,947,947,100
1758674400,947,947,947,947,200
1758675000,947,947,947,947,100
1758676800,948,948,948,948,100
1758677400,940,940,938,938,700
1758678000,948,948,948,948,100
1758678600,948,948,938,938,300
1758679800,939,939,939,939,100
1758680400,939,939,939,939,100
1758684600,940,940,939,939,300
1758685200,940,940,940,940,100
1758686400,941,941,939,939,300
1758687000,941,941,939,939,300
1758690000,939,939,909,918,8200
1758690600,919,919,919,919,100
1758692400,922,929,922,929,200
1758693000,929,929,929,929,100
1758693600,921,921,921,921,100
1758694200,921,923,921,923,200
1758694800,920,920,920,920,1300
1758695400,937,937,937,937,300
1758758400,945,945,930,930,1700
1758759000,929,932,929,932,300
1758759600,937,937,937,937,100
1758761400,931,931,931,931,100
1758762600,935,935,935,935,100
1758763800,936,936,936,936,100
1758764400,936,936,933,933,200
1758765600,933,933,933,933,200
1758766200,935,935,935,935,100
1758771000,934,935,934,935,200
1758771600,933,934,933,934,400
1758772200,934,934,933,933,300
1758774000,933,933,933,933,100
1758774600,933,933,931,931,700
1758775200,932,932,932,932,100
1758778200,931,932,931,932,300
1758780000,932,932,932,932,200
1758780600,932,932,932,932,300
1758781800,939,939,939,939,700
1758844800,943,943,931,931,2800
1758845400,934,934,930,930,1200
1758846000,930,930,930,930,100
1758846600,930,934,930,934,300
1758847200,934,934,934,934,400
1758847800,934,934,934,934,100
1758848400,935,935,931,931,400
1758849000,934,935,934,935,200
1758849600,935,935,931,931,300
1758850800,935,935,935,935,100
1758851400,935,937,935,937,200
1758852000,936,936,936,936,100
1758852600,930,930,930,930,300
1758853200,929,932,929,932,200
1758853800,934,934,934,934,200
1758857400,934,934,932,932,800
1758858600,934,935,932,932,600
1758859200,932,933,932,933,200
1758859800,933,933,931,932,400
1758860400,932,932,930,930,300
1758861000,930,930,930,930,400
1758861600,930,930,930,930,100
1758862800,930,931,930,931,300
1758864000,931,931,927,928,1000
1758864600,929,929,929,929,200
1758865200,928,929,928,929,200
1758865800,929,929,928,928,600
1758866400,928,929,926,929,400
1758867000,930,935,930,935,500
1758867600,935,935,935,935,200
1758868200,937,937,937,937,900
1759104000,880,880,875,875,8900
1759104600,873,909,873,894,3600
1759105200,890,908,890,890,2300
1759105800,890,904,889,890,1200
1759106400,904,904,890,890,500
1759107000,891,891,891,891,200
1759107600,890,899,888,899,1600
1759108200,891,891,888,889,1200
1759108800,887,895,886,886,400
1759109400,887,887,886,886,200
1759110000,888,888,888,888,200
1759110600,889,889,889,889,100
1759111200,890,897,889,889,800
1759111800,889,889,889,889,200
1759112400,889,889,889,889,100
1759116600,889,890,889,890,700
1759117200,890,895,890,895,200
1759117800,891,891,887,887,800
1759118400,887,890,887,890,500
1759119000,890,890,890,890,100
1759119600,895,895,889,889,300
1759121400,888,890,888,890,200
1759123800,888,888,884,884,1800
1759124400,890,890,888,888,200
1759125000,890,895,884,895,700
1759126200,886,901,886,901,1500
1759126800,886,901,886,901,300
1759127400,900,900,900,900,1000
1759190400,886,886,884,884,1200
1759191000,884,884,876,881,1800
1759191600,874,874,850,858,1400
1759192200,868,868,868,868,100
1759192800,854,873,854,873,1000
1759194600,859,860,859,860,200
1759195200,872,872,872,872,400
1759197000,865,876,861,876,400
1759199400,869,869,869,869,100
1759203000,869,875,869,870,1300
1759204800,868,868,868,868,500
1759206000,865,865,865,865,100
1759206600,865,875,862,862,1300
1759207800,875,875,875,875,100
1759208400,875,875,875,875,2500
1759209600,874,875,874,875,700
1759210800,875,875,870,870,200
1759211400,863,863,863,863,100
1759213200,875,875,875,875,100
1759213800,882,882,882,882,400
1759276800,869,871,864,864,1800
1759277400,865,865,865,865,100
1759278000,861,874,859,869,1600
1759278600,870,870,870,870,100
1759279800,876,876,875,875,1100
1759281000,864,864,862,862,600
1759281600,865,865,865,865,100
1759283400,865,865,865,865,100
1759284000,869,870,869,870,400
1759289400,866,866,863,863,600
1759290000,864,864,864,864,200
1759291800,867,867,867,867,100
1759293600,865,865,865,865,100
1759294200,868,868,868,868,100
1759294800,868,868,868,868,400
1759295400,869,869,869,869,100
1759296000,868,868,868,868,500
1759297200,867,867,866,866,200
1759298400,862,862,862,862,100
1759299600,861,861,861,861,100
1759300200,863,863,863,863,500
1759363200,864,870,863,870,1200
1759363800,870,870,870,870,200
1759365600,870,870,870,870,100
1759366800,870,870,870,870,200
1759367400,869,869,869,869,100
1759368000,868,868,868,868,400
1759371600,865,865,865,865,100
1759375800,863,863,863,863,300
1759376400,862,862,862,862,100
1759377000,866,866,861,861,200
1759378800,861,861,861,861,100
1759381200,862,862,862,862,100
1759382400,862,862,862,862,100
1759383000,861,861,861,861,100
1759386600,861,861,861,861,500
1759449600,861,877,861,877,500
1759452000,876,876,876,876,100
1759453200,877,880,877,880,900
1759458000,878,878,878,878,100
1759462200,869,869,869,869,400
1759465200,869,869,867,867,200
1759468200,866,866,866,866,100
1759470600,867,867,867,867,100
1759471800,866,866,866,866,100
1759472400,865,865,863,863,600
1759473000,863,863,863,863,100
1759708800,864,865,864,865,600
1759709400,865,887,864,887,1200
1759710000,872,872,872,872,200
1759711200,865,865,865,865,300
1759712400,861,861,860,860,500
1759713000,869,869,869,869,100
1759714800,867,867,862,862,300
1759715400,861,861,861,861,100
1759716600,864,864,864,864,100
1759721400,864,865,864,865,200
1759722600,870,870,870,870,100
1759723800,865,865,865,865,100
1759725000,864,864,864,864,200
1759727400,864,865,864,865,200
1759729200,866,866,866,866,100
1759729800,870,870,870,870,400
1759732200,870,870,870,870,300
1759795200,862,862,861,861,200
1759796400,863,863,863,863,100
1759798800,864,864,864,864,100
1759800600,864,864,863,863,200
1759801800,865,865,865,865,100
1759811400,863,863,863,863,100
1759815600,868,868,868,868,100
1759817400,863,863,863,863,100
1759818600,863,863,863,863,200
1759881600,852,862,852,862,1200
1759882800,860,860,859,859,200
1759884000,862,863,862,863,400
1759886400,863,863,863,863,100
1759888800,863,863,863,863,200
1759894200,861,861,861,861,100
1759894800,861,861,860,860,600
1759896600,857,857,857,857,100
1759901400,860,860,860,860,100
1759903800,860,860,857,857,300
1759904400,857,857,857,857,100
1759905000,857,857,857,857,100
1759968000,852,852,852,852,300
1759968600,856,856,852,852,300
1759970400,855,855,855,855,200
1759972200,856,856,855,855,200
1759975800,854,854,854,854,100
1759976400,853,853,853,853,100
1759980600,853,853,852,852,500
1759981200,851,854,851,854,200
1759982400,851,851,851,851,100
1759984800,852,852,852,852,100
1759988400,852,852,852,852,100
1759989600,852,852,852,852,100
1759991400,851,851,851,851,500
1760054400,851,851,847,847,1700
1760055000,843,843,839,839,300
1760055600,839,843,839,843,200
1760056200,839,839,839,839,100
1760056800,838,838,838,838,100
1760057400,838,838,838,838,100
1760059200,839,839,839,839,100
1760067000,840,843,839,840,700
1760070600,839,839,838,838,500
1760073000,838,838,838,838,500
1760077200,838,838,838,838,300
1760400000,835,835,832,832,1100
1760400600,830,830,830,830,200
1760412600,838,838,838,838,200
1760415600,836,836,836,836,100
1760416200,835,835,835,835,100
1760418600,834,834,834,834,100
1760421600,834,834,834,834,100
1760423400,834,834,834,834,100
1760486400,830,832,830,832,200
1760487600,835,835,835,835,100
1760488800,831,831,830,830,200
1760499000,834,835,834,835,600
1760501400,834,834,834,834,100
1760503200,831,831,831,831,100
1760505000,831,831,831,831,100
1760506200,833,833,830,830,200
1760509800,830,830,830,830,300
1760572800,830,840,829,840,700
1760575800,836,836,836,836,200
1760578800,831,831,831,831,100
1760580600,830,830,830,830,100
1760585400,830,830,830,830,200
1760586000,834,834,830,830,200
1760592600,829,829,828,828,200
1760593200,828,828,828,828,100
1760596200,827,827,827,827,400
1760659200,826,827,825,825,700
1760660400,823,823,823,823,100
1760663400,825,825,825,825,100
1760668200,827,827,827,827,100
1760671800,833,833,833,833,300
1760676600,827,827,827,827,100
1760677800,825,825,822,822,300
1760681400,820,820,820,820,100
1760682600,820,820,820,820,100
1760918400,820,820,820,820,400
1760919600,816,819,816,817,500
1760924400,817,817,817,817,100
1760925600,817,817,816,816,200
1760927400,816,816,816,816,200
1760931000,816,818,816,818,500
1760931600,819,819,817,817,200
1760932200,816,816,816,816,200
1760933400,817,817,817,817,100
1760935200,819,819,819,819,100
1760937600,819,819,819,819,100
1760941800,819,819,819,819,200
1761004800,816,824,815,824,500
1761006000,822,822,822,822,100
1761007200,820,822,820,822,200
1761012000,822,822,822,822,100
1761017400,822,824,822,824,300
1761018000,822,822,822,822,100
1761019200,824,824,824,824,100
1761021000,822,822,822,822,100
1761023400,819,819,819,819,100
1761025800,823,823,823,823,100
1761026400,823,823,823,823,100
1761091200,823,823,823,823,300
1761093000,823,824,823,824,300
1761094800,823,823,823,823,100
1761095400,824,824,824,824,100
1761096000,824,824,824,824,100
1761099000,824,824,824,824,100
1761103800,824,824,818,818,2100
1761105000,820,826,820,826,500
1761105600,830,831,830,831,300
1761106200,834,834,834,834,200
1761108600,835,840,834,840,500
1761109200,848,850,848,850,300
1761114600,850,850,850,850,400
1761178800,835,835,835,835,200
1761179400,837,837,836,836,300
1761182400,850,850,850,850,100
1761190200,850,850,850,850,100
1761193200,850,850,850,850,100
1761196800,850,850,850,850,100
1761198000,850,850,850,850,100
1761201000,840,840,840,840,200
1761264000,840,840,840,840,100
1761276600,840,840,840,840,100
1761278400,839,839,839,839,100
1761279000,842,842,842,842,100
1761523200,848,848,848,848,200
1761525000,850,850,850,850,100
1761525600,852,852,852,852,1100
1761526200,850,850,850,850,100
1761527400,850,850,850,850,200
1761531600,850,850,850,850,300
1761537000,850,850,850,850,100
1761540600,850,850,850,850,100
1761541800,849,849,849,849,200
1761543600,850,850,850,850,100
1761544800,850,850,850,850,200
1761546600,850,850,850,850,100
1761609600,850,850,848,848,600
1761612000,848,848,847,847,300
1761613200,844,844,844,844,100
1761613800,844,844,844,844,100
1761622200,842,842,842,842,500
1761629400,844,844,844,844,100
1761631800,846,846,846,846,100
1761633000,838,838,838,838,500
1761696000,845,845,845,845,100
1761700200,845,845,840,840,300
1761702600,836,836,836,836,100
1761709800,832,832,831,831,300
1761711600,832,832,832,832,200
1761712800,843,843,843,843,100
1761714600,843,843,843,843,100
1761715200,841,841,841,841,100
1761717600,835,835,835,835,100
1761719400,831,831,831,831,300
1761782400,846,846,846,846,100
1761787200,840,840,840,840,100
1761789000,831,831,831,831,100
1761800400,831,831,831,831,100
1761868800,831,831,831,831,300
1761873600,831,831,831,831,100
1761874200,831,831,831,831,100
1761888600,832,834,830,830,900
1761889200,837,837,837,837,100
1761890400,829,829,829,829,100
1761891600,830,830,830,830,100
1761892200,829,829,829,829,100
1762214400,828,828,828,828,500
1762215000,826,826,826,826,100
1762218000,830,830,830,830,100
1762219800,828,828,828,828,100
1762227000,828,828,828,828,200
1762234200,828,828,828,828,200
1762234800,833,841,833,841,600
1762236600,846,846,846,846,100
1762237200,840,840,840,840,200
1762300800,840,840,840,840,300
1762302000,830,830,830,830,100
1762313400,830,830,830,830,100
1762315800,840,840,840,840,100
1762324200,850,850,850,850,300
1762387200,839,839,839,839,100
1762393800,842,842,842,842,100
1762405200,841,841,841,841,200
1762407600,842,842,842,842,100
1762408200,842,842,842,842,100
1762409400,841,847,840,847,400
1762473600,832,832,832,832,600
1762474200,833,833,833,833,100
1762482000,834,834,834,834,100
1762486200,834,834,834,834,100100
1762491600,836,836,836,836,100
1762492200,835,835,835,835,100
1762494000,833,833,833,833,100
1762494600,832,836,832,836,1100
1762496400,839,840,839,840,300
1762497000,838,838,838,838,300
1762732800,838,838,838,838,100300
1762735800,839,839,839,839,100
1762737000,839,839,839,839,100
1762741200,839,839,839,839,100
1762751400,844,844,843,843,200
1762756200,843,843,843,843,200
1762819200,844,844,838,838,101300
1762824000,844,844,844,844,100
1762825200,845,845,845,845,100
1762825800,844,844,844,844,300
1762832400,841,842,841,842,500
1762833600,843,843,843,843,100
1762834800,844,844,844,844,100
1762836000,844,845,844,845,200
1762837200,843,843,843,843,200
1762842600,843,843,843,843,400
1762905600,844,845,844,845,300
1762906200,850,850,850,850,100
1762908600,844,844,844,844,100
1762909800,845,848,845,848,200
1762912200,847,847,847,847,100
1762912800,847,847,847,847,300
1762914600,847,847,847,847,100
1762918800,845,845,845,845,100
1762922400,848,848,848,848,100
1762923600,848,852,848,852,800
1762925400,853,856,853,856,200
1762926600,861,862,859,862,600
1762928400,860,860,858,858,700
1762929000,862,862,862,862,500
1762992000,852,852,852,852,400
1762993800,847,847,847,847,100
1762996800,851,851,849,849,300
1762997400,848,848,848,848,100
1763004600,850,850,850,850,40300
1763007000,855,856,855,856,400
1763007600,858,858,858,858,300
1763011200,857,857,857,857,100
1763015400,857,857,857,857,200
1763078400,815,815,815,815,5500
1763079600,823,823,823,823,100
1763080200,831,831,823,830,300
1763080800,823,823,823,823,200
1763081400,828,828,828,828,100
1763082000,828,828,827,827,200
1763083200,826,832,826,832,400
1763091000,823,823,823,823,300
1763091600,823,823,823,823,100
1763097000,830,830,830,830,600
1763097600,830,830,830,830,100
1763098200,835,835,835,835,100
1763098800,838,838,838,838,100
1763099400,839,855,839,855,500
1763100000,846,858,845,858,600
1763101800,858,858,858,858,200
1763337600,843,843,843,843,600
1763341200,842,842,840,840,400
1763342400,839,839,839,839,100
1763344800,836,836,836,836,100
1763350200,837,837,837,837,100
1763351400,837,837,837,837,100
1763352600,836,836,836,836,100
1763357400,836,836,836,836,100
1763358000,842,842,842,842,100
1763361000,832,832,832,832,400
1763424000,841,841,841,841,300
1763425200,840,840,838,838,200
1763425800,841,841,838,838,300
1763426400,833,833,831,831,400
1763428200,831,831,831,831,100
1763430600,830,830,830,830,100
1763431800,829,829,829,829,100
1763436600,826,826,826,826,300
1763442000,829,830,829,830,500
1763442600,830,834,830,834,200
1763443200,827,827,827,827,100
1763443800,829,829,826,826,900
1763446200,824,824,824,824,100
1763446800,824,824,824,824,100
1763447400,822,822,822,822,200
1763510400,822,822,821,821,300
1763511000,820,820,818,818,700
1763511600,815,815,815,815,200
1763512200,816,816,816,816,100
1763513400,818,818,818,818,100
1763514000,820,820,820,820,100
1763514600,819,819,819,819,200
1763515800,819,819,814,814,600
1763517600,814,815,814,815,300
1763523000,815,815,815,815,200
1763523600,812,812,812,812,200
1763526000,813,813,813,813,100
1763526600,813,813,812,812,200
1763527200,812,812,812,812,100
1763529000,813,813,813,813,100
1763529600,813,815,813,815,900
1763533800,815,815,815,815,200
1763596800,815,815,815,815,300
1763604000,815,815,812,812,1400
1763609400,812,812,812,812,300
1763611800,813,813,813,813,100
1763614800,813,813,813,813,100
1763617800,813,813,813,813,300
1763620200,815,815,815,815,300
1763683800,811,811,811,811,100
1763685600,817,817,817,817,200
1763686800,819,819,819,819,100
1763689200,817,817,817,817,100
1763690400,812,818,812,818,200
1763699400,816,816,815,815,200
1763701800,814,814,814,814,100
1763703000,815,815,813,813,400
1763703600,813,813,810,810,800
1763704200,810,810,808,808,300
1763704800,812,812,812,812,100
1763705400,812,813,812,813,200
1763706000,816,818,816,818,200
1763706600,812,812,812,812,100
1764028800,815,815,815,815,400
1764033000,818,818,818,818,100
1764033600,818,818,818,818,100
1764037800,815,815,815,815,100
1764048600,813,813,813,813,100
1764052200,814,814,814,814,300
1764115200,815,815,815,815,600
1764115800,814,814,814,814,100
1764116400,814,814,814,814,100
1764117000,813,813,813,813,100
1764121200,815,815,815,815,700
1764121800,817,817,817,817,200
1764127800,818,818,818,818,300
1764128400,818,818,818,818,100
1764129600,819,819,819,819,200
1764132600,820,820,820,820,200
1764133200,820,820,819,819,200
1764135600,819,819,819,819,200
1764136800,819,819,819,819,400
1764138600,815,815,815,815,200
1764202800,815,815,815,815,100
1764216000,815,815,815,815,100
1764218400,815,815,815,815,100
1764219000,819,819,819,819,100
1764222000,820,821,820,821,200
1764223200,822,822,822,822,100
1764225000,816,816,816,816,200
1764288000,816,816,816,816,100
1764291600,817,817,817,817,100
1764294000,817,817,817,817,100
1764303600,816,816,816,816,100
1764307200,817,817,817,817,100
1764310200,817,820,817,820,200
1764310800,821,821,821,821,100
1764311400,821,821,821,821,100
1764547200,821,821,821,821,300
1764550800,819,819,819,819,200
1764553800,819,819,819,819,100
1764559800,820,820,820,820,100
1764562800,819,819,819,819,100
1764569400,820,820,820,820,100
1764570600,820,820,820,820,200
1764633600,828,841,828,839,2700
1764636000,831,831,831,831,300
1764637200,830,830,827,827,600
1764640200,832,832,832,832,100
1764646200,831,831,831,831,100
1764654000,831,831,831,831,100
1764655800,830,830,820,820,1400
1764656400,820,820,820,820,100
1764657000,818,818,818,818,800
1764720000,818,818,818,818,100
1764729000,818,818,818,818,100
1764732600,824,824,824,824,100
1764733800,826,826,826,826,100
1764735000,824,824,820,820,200
1764736200,821,821,821,821,100
1764739800,820,820,820,820,200
1764740400,818,818,818,818,100
1764741600,818,818,818,818,100
1764806400,818,822,818,822,600
1764813000,826,826,826,826,100
1764813600,826,826,826,826,100
1764822600,825,825,824,824,200
1764827400,824,824,824,824,100
1764828600,822,822,820,820,200
1764829800,818,818,818,818,200
1764892800,830,859,830,859,2900
1764893400,860,860,850,850,800
1764894000,842,842,840,841,1300
1764894600,841,850,841,849,1000
1764896400,845,845,843,843,200
1764898200,843,843,843,843,100
1764906600,842,842,842,842,100
1764907200,842,842,842,842,400
1764908400,836,836,833,833,700
1764909000,833,833,833,833,100
1764912000,833,833,833,833,200
1764913800,833,833,833,833,100
1765152000,833,833,833,833,100
1765154400,835,835,835,835,100
1765155600,835,835,820,820,1000
1765156800,835,835,835,835,100
1765157400,836,871,836,871,4800
1765158600,858,858,858,858,100
1765159200,857,858,857,858,200
1765159800,858,858,857,858,300
1765164600,858,858,858,858,53100
1765171200,853,853,852,852,200
1765175400,822,822,822,822,100
1765238400,826,826,826,826,100
1765239600,826,826,826,826,100
1765242600,827,827,827,827,200
1765251600,826,826,826,826,500
1765252200,833,833,833,833,400
1765252800,833,833,833,833,100
1765253400,833,833,833,833,100
1765255800,834,834,834,834,100
1765258200,833,833,833,833,100
1765259400,844,844,844,844,100
1765324800,838,838,838,838,200
1765330800,836,836,836,836,100
1765342800,836,836,836,836,100
1765344600,836,836,836,836,100
1765345200,836,836,836,836,100
1765346400,836,836,836,836,100
1765347000,837,837,837,837,100
1765347600,837,845,837,845,200
1765348200,836,836,836,836,100
1765411200,836,836,836,836,500
1765411800,836,836,835,835,300
1765413600,836,836,836,836,100
1765414800,835,835,835,835,100
1765423800,835,836,835,836,200
1765431000,831,831,831,831,100
1765431600,831,831,831,831,100
1765434000,830,830,830,830,100
1765434600,828,828,828,828,200
1765497600,821,821,821,821,700
1765498800,821,821,820,820,300
1765499400,819,819,819,819,300
1765501200,820,821,820,821,200
1765503600,822,822,822,822,100
1765510200,821,822,821,822,200
1765510800,823,823,823,823,100
1765513800,823,823,823,823,100
1765516800,824,824,824,824,100
1765521000,820,820,820,820,300
1765756800,830,830,830,830,400
1765757400,826,826,826,826,100
1765760400,820,820,820,820,100
1765761000,820,820,820,820,100
1765761600,820,820,820,820,100
1765764600,820,820,820,820,100
1765765200,820,820,820,820,100
1765765800,825,825,825,825,100
1765769400,825,825,825,825,200
1765770600,821,821,821,821,100
1765771800,820,820,820,820,400
1765772400,819,819,819,819,200
1765773000,818,818,818,818,100
1765773600,824,824,824,824,100
1765780200,824,824,824,824,200
1765843200,825,825,825,825,13100
1765843800,825,825,825,825,200
1765844400,825,830,825,830,400
1765850400,838,838,838,838,100
1765855800,830,830,830,830,100
1765856400,829,829,829,829,100
1765863000,829,829,829,829,100
1765863600,828,828,828,828,100
1765866600,828,828,828,828,100
1765932600,829,829,829,829,100
1765933200,827,827,827,827,100
1765947600,830,830,830,830,200
1765953000,827,827,827,827,100
1766016000,820,820,820,820,1200
1766017200,820,820,820,820,100
1766020200,825,825,825,825,100
1766020800,825,825,825,825,100
1766022000,826,826,826,826,100
1766023200,827,827,827,827,300
1766030400,830,830,830,830,100
1766032800,830,830,830,830,100
1766037600,830,830,830,830,100
1766039400,829,829,829,829,100
1766102400,825,825,825,825,600
1766103600,828,829,828,829,200
1766104800,829,830,829,830,300
1766106600,834,834,834,834,100
1766109000,831,831,831,831,100
1766110800,833,833,833,833,100
1766115000,833,833,833,833,100
1766116200,833,833,833,833,100
1766120400,834,834,834,834,200
1766125800,831,831,831,831,200
1766361600,834,834,834,834,700
1766362800,834,835,834,835,300
1766363400,837,837,837,837,100
1766368800,836,836,836,836,100
1766374200,834,834,834,834,100
1766376000,832,832,826,826,700
1766376600,835,835,835,835,100
1766377200,830,830,830,830,100
1766379600,834,834,834,834,100
1766380200,834,834,834,834,100
1766383200,834,834,834,834,100
1766384400,834,834,830,830,400
1766385000,830,830,830,830,100
1766448000,825,826,825,826,200
1766448600,830,830,830,830,100
1766452800,828,828,828,828,100
1766460600,828,828,828,828,200
1766464200,827,827,827,827,100
1766469000,828,828,828,828,100
1766469600,828,828,828,828,100
1766471400,828,828,828,828,500
1766534400,828,828,828,828,1000
1766535000,826,826,826,826,400
1766538600,825,825,825,825,100
1766539800,825,825,825,825,100
1766540400,825,825,825,825,400
1766547000,826,826,826,826,300
1766548800,826,826,826,826,800
1766553000,826,826,826,826,100
1766554800,825,825,825,825,200
1766556000,825,825,825,825,200
1766557800,825,825,825,825,300
1766620800,823,827,823,827,700
1766622000,827,827,821,821,700
1766623200,822,822,817,817,1800
1766623800,816,816,805,814,1500
1766625600,813,813,813,813,100
1766626200,811,811,811,811,100
1766626800,811,811,809,809,600
1766627400,810,810,806,806,700
1766629800,807,807,807,807,200
1766633400,810,811,808,808,700
1766634000,807,807,807,807,400
1766635200,807,807,807,807,200
1766635800,807,807,807,807,300
1766636400,807,807,806,807,900
1766638800,813,813,813,813,100
1766639400,813,813,813,813,100
1766640000,812,812,812,812,100
1766641200,811,812,811,812,200
1766641800,811,811,811,811,200
1766642400,810,810,808,808,500
1766643600,807,808,807,808,300
1766644200,813,813,813,813,1000
1766707200,811,811,811,811,700
1766708400,812,812,812,812,100
1766709000,814,814,814,814,200
1766709600,812,812,812,812,100
1766710200,812,812,812,812,200
1766716200,812,812,812,812,100
1766719800,812,812,812,812,500
1766720400,812,812,812,812,100
1766721000,812,812,812,812,200
1766725200,811,811,811,811,400
1766725800,811,811,811,811,100
1766726400,811,811,811,811,300
1766728200,811,811,810,810,300
1766730000,811,811,811,811,100
1766730600,810,810,810,810,300
1766966400,817,817,817,817,600
1766967600,817,817,817,817,100
1766970000,817,817,817,817,200
1766970600,817,817,817,817,200
1766971200,819,819,819,819,100
1766973000,815,815,813,813,300
1766974800,813,813,813,813,100
1766979000,818,818,818,818,100
1766979600,819,819,819,819,100
1766983200,819,819,819,819,100
1766986200,820,820,820,820,200
1766989800,820,820,820,820,100
1767052800,810,811,810,811,2100
1767053400,811,811,811,811,200
1767054600,814,820,814,820,500
1767055200,820,822,820,822,700
1767055800,825,825,825,825,300
1767056400,829,829,829,829,100
1767059400,827,829,825,829,600
1767060000,827,827,827,827,100
1767060600,830,830,830,830,100
1767065400,830,830,830,830,100
1767067800,830,830,830,830,100
1767068400,827,834,827,834,200
1767074400,834,834,834,834,400
1767075000,834,840,834,840,300
1767571200,848,848,841,841,1100
1767573600,845,845,845,845,100
1767574200,843,849,843,849,200
1767574800,849,849,849,849,100
1767575400,849,849,849,849,100
1767576000,849,849,849,849,100
1767577200,849,849,849,849,100
1767577800,846,846,845,845,200
1767583800,849,849,849,849,100
1767584400,849,849,849,849,200
1767586200,846,846,846,846,100
1767587400,849,849,849,849,100
1767590400,849,849,849,849,100
1767592200,850,850,850,850,300
1767594600,854,854,854,854,600
1767657600,860,860,860,860,1000
1767658200,860,860,860,860,100
1767658800,860,860,860,860,300
1767661800,860,860,860,860,100
1767664800,858,858,858,858,100
1767672000,854,854,854,854,600
1767673800,852,852,852,852,200
1767676200,854,857,854,857,400
1767679800,858,858,858,858,100
1767680400,858,858,858,858,100
1767681000,860,860,860,860,300
1767744000,860,860,860,860,400
1767745800,861,862,861,862,300
1767749400,862,862,862,862,100
1767750000,862,863,860,863,300
1767751800,863,863,863,863,100
1767756600,860,860,860,860,100
1767757200,863,863,863,863,100
1767762000,863,863,863,863,200
1767763200,864,864,864,864,200
1767765600,865,866,865,866,200
1767767400,866,866,866,866,300
1767830400,866,867,866,867,400
1767831000,867,867,867,867,100
1767835200,866,866,865,865,300
1767843000,864,864,864,864,100
1767843600,864,864,864,864,100
1767844800,864,864,864,864,100
1767845400,863,863,863,863,100
1767846000,860,860,860,860,100
1767850800,861,861,861,861,100
1767916800,860,860,860,860,1000
1767919200,865,865,865,865,100
1767919800,867,867,866,866,200
1767920400,860,860,860,860,400
1767922200,859,859,859,859,100
1767929400,859,859,859,859,100
1767930000,859,859,857,857,400
1767931200,861,861,861,861,100
1767931800,865,865,865,865,100
1767933000,864,864,864,864,100
1767935400,863,863,863,863,100
1767937800,863,863,863,863,300
1767940200,861,861,861,861,300
1768262400,869,870,869,870,1200
1768263000,868,868,868,868,100
1768264800,863,863,863,863,100
1768265400,863,863,863,863,100
1768266000,864,864,864,864,100
1768266600,864,864,863,863,200
1768277400,864,864,864,864,200
1768281000,864,864,864,864,100
1768283400,864,864,864,864,100
1768285800,862,862,862,862,200
1768348800,866,866,866,866,400
1768349400,866,866,866,866,200
1768351800,866,866,865,865,300
1768353600,865,865,862,862,400
1768364400,862,862,862,862,100
1768371000,863,863,863,863,100
1768371600,866,866,866,866,200
1768372200,862,862,862,862,300
1768435200,868,868,867,867,700
1768436400,863,863,863,863,100
1768441800,863,863,862,862,500
1768447800,865,865,865,865,200
1768448400,866,866,866,866,100
1768453800,865,865,863,863,200
1768456200,863,863,863,863,100
1768458600,863,863,863,863,100
1768521600,865,865,865,865,200
1768523400,865,865,865,865,100
1768527000,865,865,865,865,200
1768528200,864,864,864,864,100
1768530600,863,863,863,863,100
1768534200,862,862,862,862,100
1768543800,863,863,863,863,100
1768544400,865,865,865,865,100
1768545000,865,865,865,865,200
1768780800,866,866,866,866,500
1768781400,866,866,866,866,100
1768782000,866,866,865,865,300
1768784400,866,866,863,863,400
1768788600,865,865,865,865,100
1768793400,865,865,865,865,100
1768795800,865,865,865,865,100
1768800000,866,866,866,866,100
1768803000,866,866,866,866,300
1768804200,866,866,866,866,200
1768867200,866,866,866,866,200
1768868400,866,866,864,864,400
1768869600,864,864,864,864,100
1768871400,864,864,864,864,100
1768873800,864,864,864,864,100
1768881000,866,866,866,866,100
1768881600,867,867,867,867,100
1768882800,866,866,866,866,100
1768888200,865,865,865,865,100
1768889400,865,865,865,865,100
1768890000,868,868,868,868,100
1768890600,865,865,865,865,100
1768953600,865,865,865,865,100
1768954200,865,865,865,865,400
1768955400,866,866,866,866,100
1768956600,866,868,866,868,500
1768968000,865,865,865,865,300
1768972800,865,865,865,865,100
1768973400,864,864,863,863,400
1768975800,866,866,866,866,100
1768976400,867,867,867,867,100
1768977000,863,863,863,863,300
1769040000,865,865,860,860,1500
1769043000,861,861,861,861,100
1769043600,862,862,862,862,100
1769046600,860,860,860,860,100
1769052600,860,860,860,860,400
1769053800,860,860,860,860,100
1769059800,861,861,861,861,100
1769060400,862,862,862,862,100
1769062800,863,863,863,863,100
1769063400,862,862,862,862,200
1769126400,869,869,869,869,700
1769129400,860,860,860,860,100
1769131200,867,867,867,867,100
1769145600,867,867,867,867,100
1769146800,866,866,866,866,100
1769149800,867,867,867,867,200
1769385600,867,867,867,867,600
1769386200,866,866,865,865,300
1769390400,865,865,865,865,100
1769391000,864,864,864,864,100
1769391600,863,864,863,864,200
1769402400,865,865,865,865,100
1769403000,865,865,865,865,400
1769409000,865,865,865,865,300
1769472000,865,865,865,865,100
1769472600,867,867,867,867,100
1769473800,866,866,866,866,100
1769474400,867,867,865,865,400
1769478000,865,865,865,865,200
1769479200,868,868,868,868,100
1769484600,869,869,869,869,100
1769485200,869,869,869,869,200
1769485800,869,869,865,865,400
1769488800,869,869,869,869,100
1769489400,870,870,870,870,100
1769490000,870,870,870,870,100
1769490600,870,870,870,870,200
1769495400,866,866,866,866,200
1769558400,866,866,865,865,200
1769559000,865,865,865,865,100
1769563800,863,863,862,862,200
1769564400,864,864,864,864,100
1769571000,864,864,864,864,100
1769576400,865,865,865,865,100
1769578200,865,865,865,865,100
1769578800,865,865,865,865,100
1769581800,867,867,867,867,200
1769644800,871,871,871,871,400
1769653200,867,867,867,867,100
1769658600,870,870,870,870,100
1769659200,868,868,868,868,100
1769663400,867,867,867,867,100
1769668200,870,870,870,870,200
1769731200,870,870,870,870,200
1769731800,870,870,870,870,200
1769737800,870,870,870,870,100
1769739000,867,867,867,867,100
1769743800,870,870,870,870,100
1769746200,866,866,866,866,100
1769749800,866,866,866,866,100
1769753400,870,870,870,870,100
1769754000,871,871,871,871,100
1769990400,871,871,871,871,400
1769991000,870,870,866,866,300
1769991600,866,866,866,866,100
1770003000,868,871,868,871,200
1770003600,868,868,865,865,600
1770005400,866,866,866,866,100
1770013800,866,866,866,866,600
1770076800,871,871,871,871,200
1770078600,866,866,865,865,300
1770079200,865,865,865,865,100
1770084000,865,865,865,865,100
1770089400,865,865,865,865,100
1770094800,871,871,871,871,100
1770163200,873,873,867,867,1100
1770166200,868,868,868,868,100
1770166800,873,873,873,873,100
1770181800,866,866,866,866,400
1770183600,872,872,872,872,100
1770250200,872,873,872,873,400
1770252600,870,870,870,870,100
1770253800,873,873,872,872,200
1770262200,868,868,868,868,100
1770273000,868,868,868,868,100
1770336000,868,868,868,868,300
1770337200,869,869,869,869,100
1770339000,870,870,870,870,100
1770348600,873,873,873,873,200
1770349200,873,873,873,873,100
1770352200,873,873,873,873,100
1770352800,871,871,870,870,200
1770357000,873,873,873,873,100
1770357600,870,870,869,869,300
1770359400,869,869,869,869,100
1770595200,878,878,878,878,700
1770595800,878,878,878,878,100
1770596400,878,878,872,872,200
1770597000,872,872,872,872,100
1770600000,871,872,871,871,500
1770600600,870,870,870,870,100
1770601800,874,874,874,874,100
1770607800,874,874,874,874,200
1770609000,874,874,874,874,100
1770610200,874,874,874,874,100
1770613800,874,874,874,874,100
1770616200,874,874,874,874,300
1770618600,874,874,874,874,200
1770681600,872,872,872,872,300
1770684600,874,874,874,874,100
1770688200,874,874,874,874,100
1770689400,872,872,872,872,100
1770694200,872,872,872,872,100
1770697200,872,872,872,872,200
1770697800,872,872,872,872,300
1770702600,870,870,870,870,400
1770703200,872,872,872,872,100
1770705000,869,869,869,869,300
1770854400,870,874,870,874,600
1770855600,872,872,872,872,100
1770859200,871,871,871,871,100
1770867000,870,870,870,870,300
1770867600,870,870,870,870,100
1770870000,871,871,871,871,100
1770870600,871,874,871,874,500
1770871200,869,869,869,869,200
1770874800,870,870,870,870,100
1770877800,869,869,869,869,400
1770940800,875,875,875,875,400
1770945000,875,875,875,875,100
1770947400,875,875,875,875,100
1770948000,875,875,875,875,100
1770953400,871,871,870,870,200
1770964200,870,870,870,870,200
1771200000,870,870,870,870,200
1771201200,871,871,871,871,100
1771201800,874,874,874,874,100
1771203600,874,874,874,874,100
1771204800,871,871,870,870,500
1771205400,871,871,871,871,100
1771207800,871,871,871,871,100
1771212600,873,873,873,873,100
1771213800,873,873,873,873,100
1771214400,874,875,874,875,300
1771215000,871,871,870,870,400
1771218000,870,870,870,870,100
1771221600,870,870,870,870,100
1771286400,869,869,869,869,300
1771287600,869,869,869,869,100
1771291200,869,869,869,869,100
1771291800,871,871,871,871,100
1771292400,871,871,871,871,100
1771293000,871,871,871,871,100
1771294200,872,872,872,872,100
1771299600,868,868,868,868,100
1771302000,872,872,872,872,100
1771304400,870,870,868,868,300
1771309800,868,868,868,868,100
1771372800,868,868,868,868,100
1771374600,869,869,869,869,100
1771378200,870,870,870,870,100
1771386600,870,871,869,869,300
1771391400,869,869,869,869,100
1771395000,870,870,870,870,100
1771396200,871,871,871,871,300
1771459200,860,861,860,860,2700
1771462800,861,861,861,861,200
1771463400,861,861,861,861,100
1771464000,861,861,861,861,100
1771466400,861,861,861,861,100
1771467000,860,860,860,860,100
1771467600,861,861,861,861,100
1771468200,861,861,861,861,100
1771471800,861,861,860,860,1200
1771472400,860,860,860,860,100
1771473600,860,860,860,860,200
1771476600,860,860,860,860,100
1771477200,860,860,859,859,700
1771479000,861,861,861,861,400
1771479600,861,861,858,858,200
1771480200,861,863,859,863,400
1771545600,858,858,856,856,900
1771546800,861,861,861,861,100
1771547400,856,856,856,856,100
1771549800,856,856,856,856,100
1771558200,859,859,859,859,100
1771559400,860,860,860,860,100
1771561800,860,860,860,860,100
1771569000,859,859,859,859,200
1771891200,859,859,859,859,400
1771893600,859,859,859,859,300
1771894800,859,859,858,858,500
1771897200,858,858,856,856,500
1771899600,858,858,858,858,100
1771905000,857,857,857,857,100
1771912800,857,857,857,857,100
1771914600,858,858,858,858,100
1771977600,862,862,859,859,400
1771990200,862,862,862,862,200
1771992000,860,861,860,861,200
1771993800,861,861,861,861,100
1771999200,860,860,860,860,100
1772064000,860,862,860,862,300
1772065200,863,863,863,863,100
1772067600,867,869,867,869,300
1772068200,869,870,869,870,200
1772068800,870,870,870,870,100
1772071800,870,870,870,870,100
1772076600,870,870,870,870,400
1772077200,871,873,871,873,600
1772077800,873,873,873,873,100
1772082000,872,872,872,872,100
1772082600,873,873,873,873,100
1772083200,870,870,870,870,100
1772083800,873,873,873,873,100
1772087400,874,874,874,874,400
1772150400,874,874,874,874,700
1772151000,875,875,875,875,100
1772151600,875,876,875,876,1200
1772152200,876,876,876,876,100
1772152800,877,877,876,876,300
1772154000,877,877,876,876,300
1772156400,876,876,875,875,200
1772157000,876,876,876,876,100
1772157600,877,877,877,877,300
1772158800,877,877,877,877,100
1772164200,877,877,877,877,100
1772164800,878,879,878,878,400
1772166000,880,880,880,880,200
1772166600,880,880,880,880,100
1772168400,880,880,880,880,300
1772169000,880,880,880,880,100
1772170200,880,880,880,880,100
1772170800,880,884,879,879,500
1772171400,878,878,877,877,200
1772172600,877,877,877,877,100
1772173800,883,883,883,883,100
1772409600,883,883,883,883,600
1772410200,883,883,880,880,300
1772410800,883,884,883,884,200
1772413800,885,885,885,885,200
1772415000,886,887,882,882,300
1772416200,887,887,880,880,300
1772422200,884,888,884,888,300
1772424000,885,888,884,888,300
1772425200,888,888,888,888,100
1772427000,888,888,888,888,100
1772427600,889,889,889,889,400
1772428800,890,890,890,890,100
1772430000,888,888,882,882,500
1772431200,883,883,882,882,300
1772431800,885,885,885,885,100
1772433000,885,885,885,885,200
1772496000,890,890,890,890,400
1772496600,890,890,890,890,200
1772501400,887,887,887,887,100
1772503200,889,889,887,887,200
1772503800,886,886,886,886,100
1772508600,885,885,880,880,300
1772509800,888,888,888,888,100
1772510400,881,881,881,881,100
1772513400,881,881,881,881,100
1772517000,881,881,881,881,200
1772517600,880,880,880,880,100
1772519400,881,881,881,881,100
1772582400,875,875,874,874,900
1772583600,874,874,873,873,200
1772586000,872,872,871,872,300
1772586600,872,872,872,872,100
1772587200,872,872,872,872,100
1772589000,871,871,871,871,100
1772590800,870,870,870,870,300
1772591400,871,871,871,871,100
1772595000,870,870,870,870,100
1772595600,870,870,870,870,100
1772596800,870,870,870,870,200
1772597400,871,871,871,871,200
1772598600,871,871,871,871,100
1772601000,873,873,873,873,100
1772604600,870,871,870,870,400
1772605200,873,873,873,873,100
1772605800,869,869,869,869,200
1772668800,884,884,875,875,900
1772674200,875,875,875,875,100
1772675400,876,876,876,876,100
1772681400,876,876,876,876,200
1772684400,876,876,875,875,300
1772688000,873,873,873,873,100
1772689800,873,873,873,873,100
1772691600,877,877,877,877,100
1772692200,882,882,882,882,300
1772755200,882,882,882,882,100
1772759400,882,882,882,882,100
1772761200,881,881,881,881,100
1772767800,881,881,881,881,100
1772768400,885,885,885,885,100
1772769600,885,885,885,885,200
1772771400,885,885,885,885,100
1772772600,883,883,883,883,100
1772773800,881,881,881,881,100
1772778600,882,882,882,882,100
1773014400,882,883,882,883,1000
1773015600,883,883,883,883,100
1773016200,882,882,882,882,200
1773016800,882,882,880,880,300
1773018000,880,880,880,880,100
1773018600,880,880,880,880,300
1773019200,879,879,879,879,100
1773019800,878,878,878,878,100
1773027000,881,881,881,881,200
1773027600,880,882,880,882,200
1773028200,881,881,881,881,100
1773030600,882,882,879,879,200
1773034200,884,884,884,884,100
1773034800,881,881,878,878,500
1773036000,884,884,884,884,100
1773037800,878,878,878,878,300
1773100800,880,880,880,880,400
1773103200,880,880,880,880,100
1773104400,880,880,880,880,1400
1773105600,883,883,883,883,100
1773106800,883,883,883,883,100
1773108600,882,882,852,852,3800
1773109200,860,860,860,860,100
1773113400,866,871,866,871,400
1773114600,874,874,874,874,100
1773120000,874,874,874,874,300
1773120600,881,881,881,881,100
1773121800,879,880,879,880,300
1773124200,880,880,880,880,400
1773187200,880,881,880,881,1000
1773187800,881,881,881,881,100
1773188400,880,880,880,880,100
1773190800,878,878,878,878,100
1773193800,878,878,878,878,100
1773196200,880,880,880,880,100
1773199800,880,880,880,880,100
1773201600,879,879,879,879,100
1773202800,879,879,879,879,100
1773207600,880,880,880,880,200
1773210600,878,878,878,878,200
1773273600,885,888,883,883,1400
1773274800,883,883,883,883,100
1773276000,881,881,881,881,100
1773277200,887,887,881,881,300
1773282000,884,884,884,884,100
1773286800,882,882,882,882,100
1773287400,884,884,884,884,100
1773292200,884,884,884,884,100
1773292800,884,884,884,884,100
1773293400,884,884,884,884,100
1773295200,883,883,883,883,100
1773296400,886,886,886,886,100
1773297000,886,886,886,886,100
1773360000,883,883,883,883,200
1773360600,882,882,882,882,100
1773362400,882,882,881,881,200
1773368400,883,883,883,883,100
1773369000,883,883,883,883,100
1773372600,883,883,883,883,100
1773374400,883,883,883,883,100
1773375000,882,882,882,882,100
1773375600,882,882,882,882,100
1773378000,881,881,881,881,100
1773379800,882,882,882,882,100
1773381000,883,883,882,882,200
1773383400,883,883,883,883,500
1773619200,883,883,883,883,1000
1773619800,884,884,884,884,200
1773621000,884,884,884,884,200
1773625200,884,884,884,884,300
1773626400,883,883,882,882,300
1773631800,882,884,882,882,800
1773635400,883,883,883,883,200
1773636600,883,883,883,883,100
1773637800,882,882,882,882,400
1773639000,883,883,883,883,100
1773640200,883,884,883,884,200
1773641400,884,884,884,884,100
1773642600,883,883,883,883,100
1773705600,884,885,884,885,1000
1773708600,885,885,885,885,200
1773710400,885,885,885,885,600
1773711000,886,886,886,886,200
1773711600,885,885,885,885,100
1773712800,887,887,887,887,100
1773718200,887,887,887,887,300
1773720000,887,887,887,887,100
1773724800,886,886,886,886,100
1773726000,887,887,887,887,200
1773727800,887,887,887,887,200
1773729000,888,888,888,888,700
1773792000,889,889,887,887,500
1773792600,888,888,888,888,200
1773793800,889,889,889,889,100
1773794400,889,889,889,889,100
1773798000,889,889,889,889,100
1773799800,889,889,889,889,200
1773801000,889,889,889,889,100
1773805200,889,889,888,888,200
1773805800,889,889,889,889,100
1773808200,889,889,889,889,300
1773811800,890,890,889,889,200
1773814200,889,889,889,889,100
1773815400,890,890,890,890,600
1773878400,890,890,890,890,400
1773879000,890,890,890,890,100
1773879600,890,890,890,890,100
1773880800,889,889,889,889,100
1773881400,889,889,889,889,100
1773883800,889,889,889,889,100
1773885000,889,889,889,889,100
1773886200,890,890,890,890,100
1773891000,890,890,890,890,200
1773892200,888,890,888,890,200
1773892800,888,888,888,888,100
1773893400,888,888,888,888,200
1773895800,890,890,890,890,100
1773898800,889,889,889,889,100
1773900600,888,888,888,888,100
1773901800,890,890,890,890,400
1774224000,890,890,888,888,41700
1774225200,888,890,887,888,600
1774225800,886,886,880,880,2500
1774226400,881,881,879,881,800
1774227000,881,881,880,880,200
1774227600,877,880,877,880,200
1774228200,881,881,881,881,100
1774229400,880,880,880,880,100
1774236600,880,888,880,888,300
1774237200,886,886,886,886,100
1774239000,886,887,886,887,300
1774239600,887,887,887,887,100
1774240800,887,887,884,884,200
1774241400,887,887,887,887,100
1774242000,885,885,885,885,200
1774242600,888,888,884,884,700
1774247400,888,888,888,888,100
1774310400,889,889,887,887,1200
1774311600,888,888,888,888,100
1774312200,889,889,887,887,200
1774314600,887,887,886,886,300
1774315200,887,887,887,887,100
1774315800,885,887,885,887,300
1774316400,887,887,887,887,100
1774317000,887,887,887,887,200
1774323000,887,887,887,887,200
1774323600,888,888,888,888,100
1774327200,888,888,886,886,700
1774329000,887,887,887,887,100
1774329600,887,887,887,887,100
1774333800,888,888,888,888,300
1774396800,885,885,881,881,2700
1774398000,882,882,882,882,100
1774400400,885,885,883,883,300
1774402800,886,886,886,886,100
1774404000,886,886,886,886,100
1774404600,887,888,887,888,200
1774405800,888,888,888,888,100
1774409400,888,889,884,884,700
1774411800,886,890,885,885,500
1774413000,885,886,885,886,500
1774413600,884,884,884,884,100
1774414200,886,886,886,886,200
1774415400,889,889,886,886,300
1774416600,887,888,886,888,300
1774417200,888,888,885,888,600
1774418400,889,889,889,889,100
1774420200,889,889,889,889,300
1774483200,889,889,883,883,1500
1774485000,884,884,884,884,100
1774486200,883,883,883,883,500
1774488000,883,883,883,883,100
1774489200,882,882,882,882,200
1774489800,882,882,882,882,100
1774492200,885,885,885,885,100
1774495800,885,887,885,887,400
1774499400,886,886,886,886,100
1774500000,886,886,886,886,200
1774500600,886,886,886,886,200
1774501200,885,885,885,885,200
1774501800,884,884,884,884,100
1774502400,884,884,883,883,200
1774504200,883,883,883,883,100
1774506600,883,883,883,883,600
1774569600,885,886,883,883,2100
1774572000,885,885,885,885,100
1774572600,884,884,884,884,100
1774574400,884,885,883,885,700
1774575000,885,885,885,885,100
1774576200,885,885,885,885,100
1774576800,884,884,883,883,200
1774577400,885,885,885,885,100
1774578000,884,885,884,884,300
1774578600,884,884,884,884,300
1774582200,883,884,882,882,1900
1774582800,881,884,881,884,200
1774583400,884,884,884,884,100
1774584000,883,883,883,883,200
1774584600,883,883,883,883,100
1774585200,883,885,881,885,500
1774585800,885,885,885,885,200
1774586400,884,884,884,884,200
1774587000,884,884,884,884,200
1774587600,884,884,884,884,200
1774588200,884,884,884,884,300
1774588800,884,885,884,884,600
1774589400,885,885,883,885,400
1774590000,886,886,886,886,400
1774590600,884,886,884,884,400
1774591200,886,886,886,886,300
1774591800,886,886,886,886,300
1774592400,886,886,885,885,200
1774593000,888,888,888,888,800
1774828800,828,828,828,828,9900
1774829400,820,828,814,814,600
1774830000,814,814,813,813,500
1774830600,812,820,812,820,700
1774831200,815,816,815,816,200
1774831800,822,822,815,815,300
1774832400,815,815,815,815,500
1774833000,815,815,815,815,200
1774834200,814,825,814,825,1000
1774834800,815,815,815,815,100
1774835400,815,815,815,815,100
1774836000,814,814,814,814,100
1774837200,814,814,814,814,300
1774837800,813,813,813,813,400
1774841400,813,815,813,815,700
1774842000,813,815,813,815,300
1774842600,814,815,814,815,200
1774843200,814,814,814,814,100
1774844400,814,814,814,814,100
1774845000,813,813,813,813,100
1774846200,816,816,816,816,200
1774846800,817,819,817,819,400
1774847400,815,815,815,815,300
1774848000,817,817,817,817,200
1774849800,820,820,817,817,200
1774850400,815,815,815,815,100
1774852200,819,819,819,819,400
1774915200,813,813,812,812,700
1774915800,812,812,812,812,200
1774917000,817,817,817,817,100
1774917600,818,819,818,819,400
1774918200,813,813,812,812,200
1774918800,812,820,812,813,300
1774919400,815,815,815,815,100
1774921800,815,815,815,815,100
1774927800,813,813,813,813,200
1774930800,813,813,812,812,300
1774931400,812,812,812,812,100
1774932000,812,813,812,813,500
1774932600,812,812,812,812,100
1774936800,813,813,813,813,300
1774937400,812,813,812,813,400
1774938000,813,813,813,813,100
1774938600,814,814,814,814,200
1775001600,813,813,813,813,300
1775002200,813,813,813,813,200
1775002800,812,812,812,812,100
1775003400,812,812,812,812,100
1775004000,812,813,812,813,300
1775005200,814,814,814,814,100
1775005800,813,813,812,812,300
1775007000,814,814,814,814,200
1775008200,814,814,813,813,300
1775009400,813,813,813,813,100
1775010600,813,813,813,813,100
1775014200,813,814,813,814,200
1775014800,814,815,814,815,600
1775016000,813,813,813,813,100
1775018400,813,813,813,813,300
1775020200,812,842,812,842,4600
1775020800,840,840,840,840,200
1775023200,839,839,839,839,100
1775088000,839,845,839,845,300
1775088600,830,830,829,829,200
1775089200,830,830,830,830,100
1775090400,832,832,832,832,100
1775091000,831,831,831,831,200
1775092200,830,830,829,829,200
1775092800,830,830,830,830,100
1775094000,829,829,829,829,100
1775095200,833,833,833,833,100
1775095800,830,830,830,830,100
1775100600,830,830,830,830,100
1775101200,829,829,829,829,100
1775106000,829,829,829,829,100
1775108400,830,830,830,830,100
1775109600,832,833,832,833,300
1775111400,829,829,829,829,300
1775174400,814,819,814,819,2000
1775176200,822,822,820,820,300
1775177400,824,824,824,824,100
1775179200,828,828,828,828,100
1775180400,829,829,829,829,100
1775187000,825,825,825,825,100
1775187600,823,823,823,823,100
1775189400,827,827,827,827,200
1775190000,827,829,827,829,600
1775190600,830,830,830,830,300
1775191800,822,822,822,822,100
1775193000,829,830,829,830,200
1775194200,824,833,824,833,300
1775197200,829,850,829,850,2300
1775197800,844,844,844,844,700
1775433600,829,829,829,829,1000
1775434200,833,833,833,833,100
1775436000,832,833,832,833,200
1775439000,833,833,833,833,400
1775446200,829,829,829,829,200
1775447400,828,828,828,828,100
1775448000,828,828,826,826,500
1775448600,826,826,826,826,100
1775449200,826,826,826,826,100
1775451000,825,830,825,830,200
1775451600,827,827,827,827,100
1775452800,827,827,827,827,100
1775457000,826,826,826,826,200
1775520000,826,826,826,826,200
1775520600,834,834,834,834,100
1775521200,826,834,826,834,200
1775533200,826,826,825,825,500
1775533800,824,824,824,824,100
1775534400,821,821,821,821,100
1775537400,820,820,820,820,100
1775539200,820,822,820,822,400
1775539800,831,831,831,831,500
1775540400,823,830,820,830,900
1775606400,831,831,831,831,200
1775609400,831,831,831,831,500
1775610000,831,831,831,831,100
1775611200,831,831,831,831,100
1775611800,834,834,834,834,100
1775614200,836,839,836,839,300
1775619000,839,839,839,839,100
1775619600,839,839,839,839,400
1775622600,834,834,834,834,100
1775623200,840,840,832,832,200
1775627400,825,825,825,825,100
1775628000,833,833,833,833,200
1775629800,840,840,840,840,400
1775693400,834,834,834,834,200
1775694600,833,833,833,833,100
1775695200,833,833,833,833,100
1775695800,832,838,832,838,900
1775698800,831,831,831,831,100
1775701200,834,834,834,834,400
1775705400,832,832,832,832,100
1775707200,833,833,833,833,100
1775708400,836,836,836,836,100
1775710800,837,837,837,837,100
1775712600,833,833,833,833,100
1775713800,837,837,835,835,200
1775716200,835,835,835,835,200
1775779200,837,837,837,837,200
1775782200,837,844,837,844,800
1775785800,844,844,844,844,100
1775787000,849,849,849,849,200
1775787600,849,849,849,849,100
1775791800,850,850,844,844,300
1775793000,844,844,844,844,100
1775794800,848,848,848,848,100
1775798400,844,844,844,844,100
1775799000,844,844,844,844,100
1775801400,843,843,843,843,100
1776038400,823,846,823,846,1800
1776039000,843,843,843,843,200
1776040800,843,845,843,845,300
1776041400,850,850,850,850,100
1776042000,850,850,850,850,100
1776042600,851,851,851,851,100
1776055200,841,841,841,841,100
1776060600,841,841,837,837,300
1776124800,848,848,848,848,200
1776139200,839,839,839,839,600
1776146400,837,837,837,837,100
1776148200,843,843,843,843,300
1776211200,833,833,833,833,500
1776213000,834,834,834,834,100
1776214800,835,835,835,835,100
1776219000,835,835,835,835,100
1776223800,831,831,831,831,200
1776225000,831,831,831,831,100
1776228000,833,833,833,833,100
1776232800,831,831,831,831,200
1776234600,827,827,827,827,400
1776300600,825,825,825,825,100
1776305400,827,827,827,827,100
1776310200,827,827,826,826,200
1776311400,829,829,825,825,200
1776319200,826,826,826,826,100
1776321000,824,824,824,824,200
1776384000,823,838,823,838,400
1776396600,827,827,827,827,100
1776406800,826,826,826,826,100
1776407400,826,826,826,826,100
1776643200,823,823,823,823,400
1776645000,823,823,823,823,100
1776648600,823,823,823,823,100
1776655800,824,824,822,822,500
1776657000,822,822,821,821,200
1776660600,821,821,821,821,100
1776664200,821,821,821,821,100
1776729600,820,820,820,820,200
1776734400,820,820,820,820,500
1776742200,818,818,818,818,200
1776745800,817,817,817,817,100
1776750000,817,817,817,817,100
1776816000,817,817,817,817,100
1776819600,817,817,817,817,200
1776820200,816,817,816,817,200
1776820800,818,818,818,818,100
1776832200,818,818,818,818,100
1776834000,815,815,815,815,100
1776839400,815,815,815,815,100
1776902400,815,815,815,815,300
1776904800,815,815,815,815,100
1776905400,815,815,815,815,100
1776906000,821,821,820,820,200
1776915000,820,820,819,819,300
1776916200,821,821,821,821,200
1776916800,824,824,824,824,100
1776919200,821,821,821,821,100
1776925800,824,824,824,824,300
1776988800,824,824,824,824,200
1776989400,820,820,820,820,100
1776990600,824,824,824,824,100
1777001400,819,819,819,819,100
1777002000,820,820,820,820,4000
1777002600,819,819,819,819,200
1777003800,817,817,817,817,100
1777005600,816,816,815,816,6800
1777006200,813,813,813,813,200
1777006800,812,812,811,811,300
1777009200,812,812,810,810,600
1777009800,810,810,809,809,1300
1777011000,814,820,814,820,600
1777011600,820,820,820,820,200
1777248000,818,818,818,818,100
1777248600,821,822,821,822,300
1777249800,823,823,817,817,200
1777252200,820,820,820,820,100
1777254600,815,815,815,815,100
1777265400,813,813,813,813,100
1777270200,822,830,822,830,1600
1777271400,835,835,835,835,300
1777334400,820,820,820,820,200
1777335000,820,820,820,820,100
1777335600,816,816,816,816,100
1777336200,816,816,810,810,1000
1777336800,812,812,812,812,100
1777340400,821,821,821,821,100
1777347000,821,821,821,821,100
1777348800,820,820,820,820,100
1777349400,819,819,818,818,200
1777351800,812,812,812,812,100
1777353600,812,812,812,812,100
1777354800,812,812,812,812,100
1777356000,823,833,823,833,500
1777357800,828,828,828,828,100
1777507200,830,830,813,813,800
1777507800,812,812,812,812,300
1777509000,812,812,812,812,300
1777510800,820,825,820,823,300
1777512000,812,812,812,812,100
1777513800,822,822,822,822,100
1777514400,812,812,812,812,100
1777521600,821,821,821,821,100
1777522200,818,818,818,818,100
1777523400,818,818,818,818,100
1777527000,813,813,813,813,100
1777527600,819,823,819,823,300
1777530600,825,825,825,825,200
1777593600,814,820,814,820,1100
1777594200,819,820,819,820,4300
1777595400,813,813,813,813,100
1777596600,812,812,812,812,100
1777597200,816,816,816,816,100
1777606200,813,813,813,813,100
1777607400,817,817,817,817,200
1777609800,816,816,816,816,100
1777615200,813,813,813,813,100
1777617000,822,822,822,822,400
1778112000,816,816,816,816,300
1778112600,821,821,821,821,100
1778113200,821,821,821,821,100
1778115000,821,821,821,821,100
1778119200,815,815,815,815,100
1778124600,819,819,819,819,100
1778126400,814,814,814,814,100
1778127000,811,819,811,819,300
1778127600,813,819,813,819,200
1778131800,810,810,810,810,300
1778135400,810,810,810,810,200
1778198400,810,815,810,815,400
1778200200,813,813,813,813,200
1778203200,815,817,815,817,1000
1778203800,816,817,816,817,300
1778205600,817,818,817,818,500
1778213400,811,811,811,811,100
1778217000,811,811,811,811,100
1778218800,818,820,815,815,1000
1778220000,820,820,820,820,100
1778221800,819,819,819,819,100
1778457600,819,819,819,819,200
1778459400,812,812,812,812,100
1778461200,813,813,813,813,100
1778461800,813,815,812,815,300
1778470200,812,812,810,810,700
1778471400,811,814,811,814,200
1778472000,815,819,815,819,300
1778479800,817,817,817,817,100
1778480400,819,819,819,819,200
1778481000,812,812,812,812,400
1778544000,811,814,811,814,400
1778545200,810,810,810,810,100
1778545800,814,815,814,815,600
1778556600,813,813,813,813,100
1778566200,817,817,816,816,200
1778567400,811,811,811,811,100
1778630400,810,812,810,812,400
1778634600,813,813,813,813,100
1778638800,812,812,812,812,100
1778644200,811,811,811,811,100
1778647200,811,811,811,811,100
1778650800,812,812,812,812,100
1778651400,812,812,812,812,100
1778652600,812,812,812,812,100
1778653800,813,813,813,813,100
1778716800,810,810,810,810,200
1778729400,810,810,810,810,100
1778731200,810,810,810,810,100
1778731800,810,810,810,810,100
1778732400,810,810,810,810,200
1778737800,809,809,809,809,100
1778738400,810,810,810,810,200
1778740200,809,809,809,809,500
1778803200,811,811,811,811,200
1778803800,812,815,812,814,600
1778804400,818,818,818,818,100
1778807400,812,812,812,812,100
1778808000,812,814,810,810,300
1778810400,809,813,809,813,300
1778816400,810,810,810,810,100
1778817000,809,809,809,809,100
1778817600,809,809,809,809,100
1778821800,810,810,810,810,200
1778822400,810,810,810,810,100
1778826600,808,808,808,808,500
1779062400,800,803,800,803,2700
1779063000,801,801,801,801,100
1779066600,802,802,802,802,100
1779067200,802,802,802,802,100
1779067800,802,802,802,802,100
1779071400,802,802,802,802,200
1779075000,802,803,802,803,300
1779077400,802,802,802,802,100
1779079200,802,802,801,801,200
1779079800,802,805,802,805,800
1779080400,805,805,805,805,200
1779081000,805,805,805,805,100
1779081600,806,818,806,818,300
1779082200,805,805,805,805,400
1779082800,804,804,804,804,100
1779083400,804,804,804,804,100
1779085800,804,804,804,804,200
1779148800,802,802,800,800,600
1779150000,800,800,800,800,100
1779150600,800,800,800,800,300
1779151200,800,800,800,800,100
1779151800,800,800,800,800,100
1779152400,801,801,800,800,200
1779157200,800,800,800,800,100
1779157800,800,800,800,800,100
1779161400,800,800,800,800,400
1779162000,803,803,800,800,200
1779162600,802,802,802,802,100
1779167400,800,800,800,800,300
1779168600,800,800,800,800,100
1779172200,799,799,799,799,300
1779235200,859,860,859,860,8000
1779235800,863,863,831,831,3500
1779236400,831,831,824,824,800
1779237600,826,826,825,825,200
1779238200,824,824,824,824,100
1779238800,822,822,820,820,300
1779239400,820,820,798,803,3800
1779240000,803,806,800,806,400
1779240600,798,798,780,783,1600
1779241200,784,784,784,784,200
1779243000,796,810,796,810,1000
1779243600,814,814,814,814,100
1779244200,814,814,814,814,100
1779247800,814,814,814,814,100
1779248400,814,819,814,819,600
1779251400,811,811,810,810,200
1779252000,810,810,810,810,100
1779252600,821,821,821,821,100
1779253800,811,811,811,811,100
1779255000,814,814,814,814,100
1779256200,817,817,815,815,200
1779256800,818,818,816,818,500
1779257400,814,814,814,814,500
1779258600,821,821,821,821,2200
1779321600,836,836,821,821,1700
1779322200,821,821,821,821,200
1779322800,812,812,812,812,200
1779323400,820,820,820,820,400
1779324000,820,820,820,820,100
1779327600,820,820,820,820,200
1779328800,817,817,817,817,100
1779338400,817,817,817,817,100
1779339000,817,817,817,817,100
1779340800,822,822,822,822,200
1779343200,817,817,817,817,100
1779343800,816,816,815,815,300
1779344400,813,813,813,813,200
1779345000,813,813,813,813,700
1779408000,811,811,811,811,500
1779408600,811,811,811,811,100
1779409200,812,812,812,812,500
1779409800,814,815,814,815,800
1779411600,815,825,812,812,2100
1779412200,812,812,810,810,600
1779415200,806,806,803,803,800
1779416400,803,803,803,803,100
1779420600,803,803,803,803,100
1779422400,817,817,817,817,100
1779423000,815,815,815,815,100
1779431400,812,812,812,812,100
1779667200,805,806,805,806,300
1779667800,804,804,804,804,100
1779670200,805,805,805,805,300
1779671400,804,804,804,804,100
1779672000,803,803,793,793,900
1779672600,800,800,792,800,300
1779673800,801,810,801,810,400
1779674400,800,800,800,800,100
1779675000,800,800,795,795,1300
1779675600,795,795,795,795,1000
1779679800,810,810,805,805,1300
1779688200,801,801,801,801,100
1779689400,809,813,809,813,700
1779690000,802,803,802,803,300
1779690600,803,803,803,803,100
1779753600,803,803,803,803,200
1779754200,803,803,802,802,200
1779758400,801,801,800,800,300
1779760800,800,800,800,800,200
1779761400,800,800,800,800,200
1779762600,798,798,798,798,200
1779766200,798,803,798,803,200
1779767400,800,800,800,800,100
1779769800,800,800,800,800,100
1779771000,800,800,797,797,200
1779773400,800,800,800,800,100
1779774600,800,810,800,810,300
1779840000,808,808,808,808,100
1779840600,797,797,797,797,200
1779841800,797,798,797,798,200
1779844200,797,797,797,797,100
1779846600,796,796,796,796,100
1779847800,796,796,796,796,100
1779849000,796,796,796,796,100
1779852600,795,795,794,794,500
1779859200,798,805,798,805,600
1779859800,805,805,805,805,100
1779860400,807,807,807,807,100
1779861600,807,807,807,807,100
1779863400,806,806,806,806,100
1779926400,796,796,796,796,200
1779939600,797,800,797,800,200
1779943800,797,797,797,797,200
1779947400,804,804,804,804,200
1779949800,797,797,797,797,400
1780012800,795,797,795,797,500
1780013400,800,800,800,800,400
1780018200,801,801,801,801,100
1780021800,800,800,800,800,200
1780025400,797,797,797,797,100
1780030200,802,802,802,802,100
1780030800,800,800,800,800,100
1780031400,797,797,797,797,100
1780034400,797,797,797,797,100
1780036200,800,800,800,800,200
1780272000,793,793,793,793,500
1780272600,794,794,784,784,1000
1780273200,792,796,792,796,800
1780274400,796,796,796,796,100
1780279800,800,800,800,800,100
1780280400,796,796,796,796,100
1780284600,795,795,795,795,100
1780291800,796,802,796,802,200
1780294200,802,802,802,802,100
1780295400,802,802,802,802,200
1780358400,792,792,792,792,200
1780359000,792,792,786,786,600
1780360800,787,787,787,787,100
1780361400,788,795,788,795,300
1780362000,789,789,789,789,100
1780363200,790,790,790,790,100
1780363800,795,800,795,800,400
1780366800,790,790,790,790,100
1780371000,790,790,786,786,600
1780371600,792,792,786,786,300
1780372200,785,785,782,782,1000
1780372800,792,797,792,797,300
1780377000,784,784,784,784,100
1780378200,793,793,793,793,200
1780381800,793,793,793,793,200
1780444800,788,788,788,788,400
1780445400,788,788,788,788,100
1780446000,785,785,785,785,100
1780447800,784,784,784,784,100
1780448400,784,784,784,784,100
1780449000,785,785,785,785,100
1780450200,784,784,784,784,100
1780450800,784,784,784,784,100
1780451400,788,800,788,800,500
1780459200,799,799,799,799,100
1780460400,789,789,789,789,100
1780464600,798,800,796,796,900
1780466400,800,802,800,802,500
1780468200,791,791,791,791,300
1780531200,799,799,799,799,1000
1780532400,800,800,800,800,100
1780536600,799,799,799,799,200
1780537200,800,801,800,801,600
1780543800,801,801,800,800,200
1780549800,799,800,798,798,400
1780619400,794,794,794,794,200
1780621200,794,794,794,794,100
1780621800,794,794,794,794,100
1780630200,794,794,794,794,500
1780632600,794,794,794,794,100
1780641000,800,800,800,800,100
1780876800,800,800,795,800,900
1780881600,800,800,800,800,100
1780885200,795,795,795,795,100
1780889400,794,794,794,794,100
1780899600,795,795,795,795,100
1780900200,795,795,795,795,200
1780963200,791,791,791,791,200
1780965000,798,798,798,798,100
1780968000,798,798,798,798,100
1780969200,798,798,798,798,100
1780969800,792,792,792,792,100
1780970400,798,798,798,798,100
1780984800,800,800,800,800,400
1780986600,795,795,795,795,100
1781049600,795,795,795,795,100
1781050200,796,799,796,799,200
1781058000,799,799,799,799,100
1781062200,792,792,792,792,100
1781066400,791,791,791,791,100
1781071200,798,799,798,799,300
1781072400,800,800,800,800,100
1781073000,800,800,800,800,300
1781142000,799,799,799,799,100
1781155200,794,794,794,794,100
1781159400,799,799,799,799,100
1781222400,800,800,800,800,100
1781224800,794,794,794,794,100
1781225400,794,794,793,793,500
1781231400,794,794,794,794,100
1781235600,794,794,794,794,100
1781245800,800,800,800,800,500
1781481600,792,792,792,792,1200
1781482200,793,793,792,792,400
1781484000,792,792,792,792,300
1781490600,793,793,793,793,100
1781494200,793,793,793,793,100
1781501400,793,793,793,793,100
1781502600,793,793,793,793,200
1781503200,792,792,792,792,100
1781503800,792,792,792,792,200
1781505000,791,791,791,791,200
1781568000,791,799,791,799,400
1781572200,792,792,792,792,100
1781573400,792,792,792,792,100
1781581200,792,792,792,792,100
1781584800,792,792,792,792,100
1781586000,791,791,791,791,100
1781587800,795,798,795,798,400
1781591400,791,791,791,791,400
1781654400,791,793,791,793,400
1781658000,793,793,793,793,100
1781667000,798,798,798,798,200
1781673000,793,793,793,793,200
1781674200,798,800,798,800,1000
1781675400,798,798,798,798,100
1781740800,790,800,788,788,3100
1781742000,799,800,799,800,500
1781742600,790,793,790,790,600
1781743200,790,790,790,790,100
1781745000,790,790,790,790,200
1781745600,790,790,790,790,200
1781748600,790,790,790,790,100
1781753400,790,790,790,790,100
1781754600,791,795,791,795,400
1781758200,791,791,791,791,400
1781761800,790,790,790,790,400
1781762400,789,789,789,789,100
1781763600,789,795,789,795,200
1781764200,791,791,791,791,400
1781827200,790,790,790,790,300
1781829600,790,790,790,790,100
1781830200,794,795,789,789,400
1781830800,787,787,786,786,300
1781832600,787,787,787,787,100
1781833200,788,788,788,788,100
1781836200,788,788,788,788,100
1781841600,788,788,788,788,100
1781842200,792,797,792,797,800
1781844000,789,789,789,789,100
1781847600,789,789,789,789,100
1781849400,795,800,790,800,1700
1781850600,790,790,790,790,100
1782086400,797,797,797,797,200
1782089400,797,797,797,797,100
1782091800,795,795,795,795,100
1782099000,795,795,795,795,100
1782106800,792,792,790,790,800
1782107400,790,790,790,790,100
1782109800,785,785,785,785,600
1782172800,785,787,785,785,1000
1782173400,794,797,794,797,500
1782174600,785,785,785,785,300
1782176400,789,801,786,786,2100
1782177000,786,786,784,784,1000
1782177600,784,784,782,782,200
1782178200,783,783,783,783,100
1782178800,783,790,782,782,400
1782179400,782,782,782,782,100
1782180000,795,795,782,782,300
1782180600,782,782,782,782,100
1782181800,785,785,785,785,100
1782185400,785,785,785,785,200
1782186000,785,785,785,785,200
1782187200,788,793,788,793,300
1782196200,785,785,785,785,300
1782259200,783,783,783,783,100
1782259800,784,784,784,784,100
1782262200,789,794,789,794,700
1782263400,790,790,790,790,100
1782271800,788,788,788,788,100
1782273600,788,793,788,793,400
1782277200,790,790,790,790,100
1782278400,784,784,784,784,100
1782279000,790,790,790,790,100
1782280800,790,798,790,798,300
1782282000,796,796,796,796,100
1782282600,797,797,797,797,100
1782345600,791,791,791,791,400
1782346200,791,791,791,791,100
1782347400,790,790,790,790,100
1782348000,790,790,790,790,100
1782354000,789,789,789,789,100
1782358800,791,791,790,790,200
1782359400,790,790,790,790,100
1782364200,788,788,788,788,100
1782366000,788,788,788,788,100
1782367200,789,789,788,788,200
1782432000,783,798,783,798,800
1782435000,783,783,783,783,300
1782436200,784,784,784,784,100
1782437400,784,784,783,783,500
1782438600,784,784,784,784,400
1782439800,785,785,784,784,200
1782444600,782,782,782,782,700
1782445200,785,796,782,782,600
1782445800,797,797,782,782,200
1782446400,782,782,780,780,1200
1782448800,780,780,780,780,2300
1782449400,781,783,779,779,1400
1782450000,786,786,786,786,100
1782450600,780,780,780,780,100
1782451200,780,787,777,787,400
1782451800,784,784,784,784,100
1782453000,784,784,784,784,100
1782454200,780,780,772,772,800
1782454800,772,772,772,772,400
1782691200,779,779,779,779,200
1782691800,775,775,775,775,100
1782692400,775,775,773,773,300
1782693000,773,773,772,772,400
1782693600,772,772,772,772,100
1782694200,772,772,772,772,100
1782694800,780,780,780,780,200
1782700200,775,775,775,775,100
1782703800,775,775,775,775,200
1782706800,773,773,771,773,600
1782709800,775,778,775,778,1400
1782713400,778,778,770,770,1000
1782714000,777,777,777,777,100
1782714600,780,780,780,780,800
1782777600,779,779,779,779,400
1782778800,777,777,777,777,200
1782781200,778,778,778,778,200
1782785400,778,779,778,779,400
1782786000,780,781,780,781,400
1782786600,781,781,781,781,100
1782790200,781,783,781,783,600
1782790800,783,793,783,793,300
1782796200,781,781,779,779,400
1782796800,779,779,778,778,500
1782797400,777,777,777,777,300
1782798000,776,776,775,775,500
1782798600,778,779,778,779,500
1782801000,778,778,778,778,400
1782864000,788,788,788,788,300
1782865200,782,782,782,782,100
1782865800,782,782,782,782,100
1782866400,777,777,777,777,100
1782870000,787,787,787,787,100
1782871200,786,786,786,786,100
1782878400,786,786,786,786,100
1782879600,785,785,785,785,100
1782883200,786,786,786,786,100
1782885000,785,786,785,786,200
1782885600,783,783,777,777,700
1782886800,788,788,788,788,100
1782887400,790,790,790,790,500
1782950400,780,780,780,780,600
1782951600,780,780,777,778,600
1782952800,780,780,775,779,1400
1782953400,778,778,778,778,400
1782954000,778,778,778,778,100
1782954600,776,776,776,776,100
1782956400,776,778,776,778,300
1782958200,780,780,780,780,300
1782963000,783,783,783,783,100
1782963600,782,782,780,780,500
1782965400,777,777,775,775,1000
1782970200,777,777,775,775,800
1782970800,779,779,779,779,200
1782972000,779,779,771,779,2300
1782972600,776,779,776,779,200
1782973200,774,780,769,780,800
1782973800,769,769,769,769,300
1783036800,770,772,770,771,800
1783037400,777,778,777,777,400
1783041000,776,776,776,776,100
1783041600,776,777,776,777,300
1783049400,776,776,776,776,200
1783050000,778,778,778,778,100
1783050600,776,776,776,776,100
1783051800,779,781,779,781,200
1783055400,781,781,781,781,100
1783059000,781,781,781,781,100
1783060200,777,777,777,777,300
1783296000,780,782,780,782,1000
1783297200,783,783,783,783,100
1783297800,783,783,783,783,100
1783299000,783,783,783,783,100
1783299600,784,784,784,784,100
1783302000,789,789,789,789,200
1783302600,789,789,789,789,500
1783303200,790,790,790,790,100
1783303800,791,791,791,791,700
1783304400,791,795,791,795,700
1783308600,795,795,795,795,100
1783309200,795,795,795,795,300
1783309800,795,795,795,795,200
1783311600,795,795,787,787,200
1783312200,796,796,796,796,200
1783314000,796,796,796,796,100
1783314600,796,797,796,797,400
1783315800,797,797,797,797,100
1783316400,797,797,797,797,100
1783317000,798,798,798,798,300
1783317600,797,800,797,800,700
1783318200,800,800,800,800,600
1783319400,798,798,798,798,100
1783382400,828,830,814,814,9900
1783383000,813,825,810,825,3200
1783383600,810,823,810,811,1000
1783384200,811,811,800,800,1300
1783384800,801,801,801,801,200
1783385400,801,801,798,798,1800
1783386000,798,798,798,798,400
1783387200,797,797,796,797,300
1783387800,805,807,805,807,300
1783388400,807,807,807,807,200
1783389000,807,807,804,804,300
1783391400,808,808,808,808,200
1783395000,807,807,805,805,300
1783395600,798,798,798,798,100
1783396800,805,805,805,805,100
1783398600,803,803,803,803,100
1783400400,803,804,803,804,200
1783401600,805,805,805,805,100
1783402800,805,806,805,806,300
1783403400,807,812,807,812,800
1783404600,815,823,815,823,1500
1783405200,823,825,822,825,800
1783405800,830,830,830,830,3400
1783468800,817,817,817,817,1100
1783471800,808,808,808,808,100
1783477200,807,807,807,807,200
1783477800,802,802,802,802,800
1783481400,803,803,803,803,200
1783482600,802,802,801,802,600
1783483200,811,811,811,811,100
1783485000,802,802,802,802,700
1783486800,802,802,802,802,100
1783488000,804,804,804,804,100
1783488600,803,803,803,803,100
1783489800,807,807,807,807,100
1783490400,810,810,810,810,200
1783492200,815,815,815,815,1000
1783555200,806,806,806,806,500
1783555800,805,810,805,810,800
1783556400,810,810,810,810,500
1783557000,810,810,810,810,100
1783562400,810,810,810,810,100
1783563000,815,815,815,815,100
1783563600,806,806,806,806,100
1783567800,814,814,814,814,100
1783570200,805,805,805,805,100
1783576800,812,812,812,812,100
1783577400,812,812,812,812,100
1783578600,805,805,805,805,400
1783641600,805,805,805,805,100
1783644000,810,810,810,810,100
1783648800,801,801,801,801,200
1783654200,800,800,800,800,100
1783658400,799,799,798,798,500
1783660200,808,808,808,808,100
1783661400,808,808,808,808,100
1783662600,808,808,808,808,100
1783663200,808,808,808,808,100
1783665000,808,808,808,808,100
1783900800,805,820,805,820,1300
1783901400,819,819,807,807,700
1783905600,807,807,807,807,100
1783908600,805,805,805,805,200
1783913400,805,805,805,805,100
1783914600,805,805,805,805,100
1783918200,805,805,805,805,100
1783921200,803,803,803,803,100
1783923000,805,805,805,805,100
1783924200,805,805,805,805,100
1783987200,810,810,810,810,300
1783995600,805,805,805,805,100
1783999800,808,808,808,808,100
1784002200,804,804,800,800,900
1784004600,808,808,808,808,100
1784006400,805,805,805,805,100
1784007600,801,801,800,800,200
1784008200,807,807,807,807,100
1784010000,801,801,801,801,200
1784010600,801,801,801,801,200
1784073600,800,800,800,800,200
1784074200,801,801,800,800,200
1784074800,807,807,807,807,100
1784076600,800,800,796,796,800
1784079000,804,804,804,804,100
1784082000,804,804,804,804,100
1784086200,804,806,804,806,300
1784094000,807,807,807,807,100
1784097000,805,805,805,805,100
1784160000,808,808,808,808,200
1784161200,805,805,805,805,100
1784163600,804,804,804,804,100
1784167200,805,805,805,805,400
1784172600,806,806,806,806,100
1784173800,808,808,808,808,200
1784179200,808,808,808,808,100
1784179800,807,807,807,807,100
1784183400,805,805,805,805,200
1784246400,808,808,808,808,200
1784248200,806,806,806,806,100
1784248800,806,806,806,806,200
1784252400,806,806,806,806,100
1784254800,804,804,801,801,500
1784259000,805,805,805,805,200
1784260200,802,802,800,800,600
1784260800,799,799,799,799,100
1784261400,799,799,797,797,600
1784262600,797,797,797,797,100
1784264400,797,797,796,796,400
1784266200,806,806,806,806,200
1784267400,806,806,806,806,100
1784269800,797,797,797,797,300
1784592000,809,809,809,809,800
1784592600,802,802,800,800,500
1784594400,800,800,800,800,100
1784595000,800,800,800,800,200
1784599200,801,801,801,801,100
1784604600,802,802,801,801,300
1784610000,802,802,802,802,100
1784611200,801,801,801,801,100
1784613000,801,801,801,801,200
1784615400,800,800,800,800,200
1784678400,810,815,810,810,2500
1784679000,810,819,810,819,1900
1784679600,806,806,801,801,800
1784680800,802,802,801,801,500
1784682600,800,800,800,800,400
1784685600,799,799,799,799,100
1784693400,800,800,800,800,100
1784694600,799,799,799,799,100
1784699400,805,805,805,805,100
1784701200,800,800,800,800,100
1784701800,799,799,799,799,500
1784764800,799,799,799,799,100
1784766600,801,801,801,801,100
1784767800,800,800,800,800,100
1784772000,800,800,800,800,100
1784777400,799,799,799,799,200
1784779200,800,800,800,800,100
1784780400,799,799,799,799,100
1784784000,798,798,798,798,100
1784784600,800,800,800,800,100
1784851200,801,801,801,801,200
1784851800,800,800,800,800,100
1784857800,799,799,799,799,100
1784870400,799,799,799,799,100
1784873400,801,801,800,800,200
1784874000,801,801,801,801,100
1784874600,800,800,800,800,100
1785110400,805,805,805,805,300
1785117600,802,803,802,803,300
1785118200,803,803,799,799,200
1785123000,799,799,799,799,100
1785123600,799,799,799,799,100
1785124200,805,805,805,805,200
1785133200,800,800,800,800,100
1785133800,800,800,800,800,200
1785196800,800,800,800,800,100
1785198000,800,800,795,795,1400
1785198600,795,795,795,795,100
1785199200,792,799,785,799,1500
1785199800,780,786,780,785,1700
1785201600,786,786,779,779,1500
1785202800,785,785,785,785,100
1785203400,785,785,785,785,100
1785204600,785,785,777,777,1000
1785209400,777,777,775,775,1500
1785210000,784,790,784,790,500
1785210600,789,789,778,778,200
1785211200,788,789,788,789,200
1785211800,789,789,789,789,100
1785214200,788,788,788,788,100
1785216000,785,785,775,775,1400
1785217200,785,785,785,785,100
1785218400,784,784,779,779,200
1785219000,780,785,779,785,700
1785219600,779,779,779,779,100
1785220200,778,778,778,778,600
1785283200,785,785,780,780,600
1785283800,780,780,780,780,100
1785284400,787,787,787,787,300
1785287400,785,785,785,785,300
1785288000,787,787,787,787,100
1785289200,782,782,782,782,100
1785289800,782,782,782,782,100
1785292200,780,780,780,780,300
1785295800,780,786,780,786,200
1785297600,786,786,786,786,100
1785300600,786,786,786,786,100
1785301200,779,780,779,780,300
1785301800,786,786,786,786,100
1785303000,783,786,783,786,200
1785303600,786,787,786,787,200
1785304200,788,788,788,788,100
1785306000,786,786,786,786,100
1785306600,783,783,783,783,600
1785369600,783,783,783,783,100
1785372600,783,783,783,783,100
1785374400,790,790,790,790,100
1785375000,790,790,790,790,100
1785375600,790,790,790,790,100
1785382200,790,790,784,784,300
1785382800,784,784,784,784,100
1785387000,789,789,789,789,100
1785390000,788,788,788,788,100
1785391800,790,790,785,785,200
1785392400,785,785,777,777,1200
1785393000,778,778,778,778,200
1785456000,793,793,778,778,600
1785456600,780,780,780,780,100
1785459600,780,780,780,780,200
1785460800,788,788,788,788,100
1785461400,788,788,788,788,100
1785464400,788,788,788,788,100
1785468600,779,779,779,779,600
1785470400,779,779,779,779,100
1785471600,778,789,778,789,200
1785479400,779,779,779,779,200
1785715200,779,779,779,779,200
1785715800,780,780,780,780,100
1785717600,781,781,780,780,400
1785719400,780,780,780,780,100
1785720600,780,780,780,780,100
1785723000,782,783,782,783,200
1785727800,784,784,784,784,100
1785728400,784,784,784,784,100
1785732000,790,791,790,791,300
1785734400,791,791,791,791,100
1785736200,792,792,792,792,100
1785737400,793,793,793,793,200
1785738000,788,792,788,792,300
1785738600,791,791,791,791,100
1785801600,792,792,791,791,300
1785808200,791,791,791,791,100
1785814200,794,794,794,794,100
1785814800,794,794,794,794,100
1785816000,794,795,794,795,200
1785817200,791,791,790,790,200
1785818400,794,794,794,794,100
1785820200,790,790,790,790,100
1785822600,790,790,790,790,100
1785825000,787,787,787,787,300
1785888000,787,787,787,787,300
1785889800,787,787,787,787,100
1785891600,793,793,793,793,100
1785900600,788,788,788,788,100
1785903600,788,788,788,788,100
1785906000,788,788,785,785,400
1785907800,788,788,788,788,100
1785908400,788,788,788,788,100
1785910800,793,793,793,793,200
1785974400,790,791,790,791,700
1785978000,792,792,792,792,100
1785988200,792,792,791,791,200
1785993000,791,791,790,790,300
1785994200,793,799,793,799,2400
1785994800,798,800,798,800,600
1785996000,791,791,791,791,100
1785996600,790,790,790,790,100
1785997800,798,798,798,798,500
1786060800,798,798,792,792,300
1786065600,792,792,792,792,200
1786066800,798,798,798,798,100
1786068600,797,797,797,797,200
1786074000,797,797,797,797,100
1786080600,798,798,798,798,200
1786082400,792,797,792,797,400
1786084200,792,792,792,792,300
1786320000,799,799,799,799,200
1786320600,798,799,798,799,600
1786327800,795,795,795,795,100
1786332600,795,795,795,795,100
1786336800,795,795,795,795,100
1786338600,793,793,793,793,300
1786339200,793,793,793,793,100
1786341000,794,796,794,796,200
1786341600,792,792,792,792,100
1786342800,797,797,797,797,200
1786343400,792,792,792,792,200
1786492800,792,792,792,792,600
1786498800,799,799,799,799,100
1786505400,799,799,799,799,100
1786506000,799,799,799,799,100
1786507200,796,796,793,793,200
1786509600,792,792,792,792,100
1786515000,793,793,793,793,100
1786515600,798,798,798,798,100
1786516200,792,792,792,792,400
1786579200,798,798,798,798,500
1786581600,798,798,798,798,100
1786583400,796,796,796,796,100
1786585200,795,798,795,798,200
1786587600,798,798,798,798,100
1786591800,798,798,798,798,200
1786592400,798,798,798,798,100
1786597800,794,794,793,793,500
1786599000,797,797,797,797,100
1786602600,791,791,791,791,400
1786665600,790,790,790,790,400
1786666200,790,790,790,790,100
1786668000,791,791,791,791,100
1786671600,789,790,789,790,200
1786672200,791,791,791,791,300
1786679400,791,791,791,791,100
1786681800,798,798,798,798,100
1786683000,800,800,800,800,100
1786684200,800,800,800,800,100
1786684800,800,800,800,800,100
1786689000,790,790,790,790,500
1786924800,792,795,792,795,600
1786929000,794,794,794,794,100
1786930200,795,798,794,794,500
1786930800,798,798,798,798,100
1786933200,793,793,793,793,100
1786937400,793,793,793,793,100
1786941600,794,794,794,794,100
1786945200,797,797,797,797,200
1786945800,794,794,794,794,100
1786947000,798,798,798,798,100
1786948200,792,792,792,792,500
1787011200,792,792,792,792,500
1787012400,792,792,792,792,100
1787017200,795,795,795,795,200
1787017800,794,794,794,794,200
1787018400,794,794,794,794,100
1787026200,794,794,794,794,100
1787026800,794,794,794,794,100
1787029200,799,799,799,799,100
1787033400,794,794,794,794,100
1787034000,794,794,794,794,200
1787034600,792,792,792,792,500
1787097600,801,801,801,801,100
1787099400,792,792,791,791,400
1787100000,791,791,788,791,2600
1787101200,787,787,785,785,1200
1787101800,785,785,782,782,900
1787103000,789,789,789,789,100
1787103600,789,789,789,789,100
1787104200,784,784,780,780,1500
1787104800,780,780,775,775,1400
1787105400,783,783,783,783,100
1787110200,783,783,777,777,200
1787112000,777,777,770,770,3200
1787112600,772,772,772,772,300
1787113200,772,772,770,770,1300
1787113800,770,771,770,771,200
1787115000,771,772,771,772,200
1787115600,772,772,771,771,200
1787116200,771,771,771,771,100
1787116800,771,778,771,778,1000
1787118000,779,779,776,776,300
1787118600,780,780,780,780,100
1787119200,782,795,782,795,3500
1787119800,795,799,795,799,1200
1787120400,790,790,770,772,2600
1787121000,771,771,771,771,500
1787184000,779,779,779,779,400
1787185200,794,794,794,794,100
1787187000,788,788,780,780,200
1787188200,781,781,778,779,1100
1787188800,780,780,778,778,1300
1787190600,775,775,775,775,200
1787191200,775,775,775,775,100
1787192400,775,775,770,770,1100
1787196600,779,781,777,781,1700
1787199000,780,780,780,780,100
1787201400,780,780,780,780,100
1787203200,780,780,780,780,100
1787203800,780,780,780,780,100
1787204400,775,775,770,770,1000
1787205000,770,770,770,770,100
1787205600,770,770,770,770,100
1787206200,771,771,769,769,1600
1787207400,769,769,769,769,300
1787270400,770,774,770,774,700
1787274600,774,778,767,778,7000
1787275200,779,779,779,779,100
1787277000,772,772,772,772,100
1787278200,772,772,772,772,100
1787278800,772,772,772,772,100
1787283000,777,777,770,777,1200
1787283600,777,780,777,780,1400
1787284800,772,772,770,770,1100
1787286000,772,772,770,770,2300
1787287800,776,777,776,777,200
1787288400,777,777,770,770,1700
1787289600,775,775,769,769,1100
1787292600,774,776,774,776,500
1787293200,774,774,760,762,4700
1787293800,764,764,764,764,400