8/18/2026 10:15,439.2,439.8,439,439.6
8/18/2026 10:05,438.6,440,437.8,439.4
8/18/2026 9:55,439.4,439.6,437.6,438.4
8/18/2026 9:45,442.2,442.4,438.8,439.4
8/18/2026 9:35,444.2,445.2,442.2,442.2
8/18/2026 9:25,444.2,446.2,443,444.2
8/18/2026 9:15,444.2,444.2,444.2,444.2
8/17/2026 16:05,446.4,446.4,446.4,446.4
8/17/2026 15:55,448,448.2,447.4,447.4
8/17/2026 15:45,448,448,447.8,448
8/17/2026 15:35,448.4,448.4,447.8,448
8/17/2026 15:25,448.4,448.6,448.2,448.4
8/17/2026 15:15,448.4,448.6,448.2,448.6
8/17/2026 15:05,448.2,448.4,448,448.4
8/17/2026 14:55,448.6,448.8,448,448.4
8/17/2026 14:45,448.4,448.6,448.2,448.6
8/17/2026 14:35,447.8,448.4,447.6,448.4
8/17/2026 14:25,448,448.4,447.6,447.6
8/17/2026 14:15,448.6,449,448,448.2
8/17/2026 14:05,449,449,448.4,448.4
8/17/2026 13:55,448.6,449.4,448.4,448.8
8/17/2026 13:45,450,450.4,448.4,448.8
8/17/2026 13:35,449,450,449,449.8
8/17/2026 13:25,448.4,449,448.2,449
8/17/2026 13:15,448,449.2,447.8,448.6
8/17/2026 13:05,446.8,448,446.8,447.8
8/17/2026 12:55,446.6,447.2,445.8,447
8/17/2026 11:55,446.6,446.8,446.4,446.6
8/17/2026 11:45,446.8,447.2,446.4,446.8
8/17/2026 11:35,446.8,446.8,446.2,446.8
8/17/2026 11:25,447,447.2,446.4,446.6
8/17/2026 11:15,447.2,447.4,447,447
8/17/2026 11:05,446.8,447.2,446.4,447.2
8/17/2026 10:55,447,447.8,446,446.8
8/17/2026 10:45,446.4,447.8,446,447
8/17/2026 10:35,446.4,446.6,445.6,446.4
8/17/2026 10:25,446.2,448,446,446.4
8/17/2026 10:15,445,446.2,444.4,446.2
8/17/2026 10:05,445.2,445.8,444.6,445
8/17/2026 9:55,443.6,445.4,443,445.2
8/17/2026 9:45,446.4,446.4,442.6,443.6
8/17/2026 9:35,444.2,447.8,443.8,446.4
8/17/2026 9:25,445,448.4,444.2,444.2
8/17/2026 9:15,444.8,444.8,444.8,444.8
8/14/2026 16:05,440,440,440,440
8/14/2026 15:55,441,441,440.2,441
8/14/2026 15:45,440.8,441.4,440.8,440.8
8/14/2026 15:35,439.4,440.8,439.2,440.8
8/14/2026 15:25,438.8,439.6,438.6,439.4
8/14/2026 15:15,439.2,439.2,438.8,439
8/14/2026 15:05,439.2,439.4,438.8,439.2
8/14/2026 14:55,439.6,440,439.2,439.2
8/14/2026 14:45,439.8,440.4,439.6,439.8
8/14/2026 14:35,439.8,440,439.6,439.8
8/14/2026 14:25,439.8,440.4,439.2,439.8
8/14/2026 14:15,440.4,440.4,439.8,440
8/14/2026 14:05,441,441.2,439.6,440.4
8/14/2026 13:55,440.8,442.2,440.6,441
8/14/2026 13:45,440.4,440.8,438.8,440.6
8/14/2026 13:35,440.2,441,440.2,440.4
8/14/2026 13:25,441,441.8,440.2,440.2
8/14/2026 13:15,441.4,441.8,440.6,441
8/14/2026 13:05,441.4,442,440.8,441.4
8/14/2026 12:55,443.4,443.6,441.4,441.4
8/14/2026 11:55,443.4,443.6,443.2,443.4
8/14/2026 11:45,443,443.6,442.8,443.6
8/14/2026 11:35,443.2,443.6,442.8,443.2
8/14/2026 11:25,441.8,444,441.8,443.2
8/14/2026 11:15,444.2,444.2,441.8,442
8/14/2026 11:05,443.2,444.8,443.2,444.2
8/14/2026 10:55,444,444.2,442.8,443.2
8/14/2026 10:45,444.6,444.8,443.2,444.2
8/14/2026 10:35,443.6,445,443.2,444.4
8/14/2026 10:25,441.6,443.8,441.4,443.8
8/14/2026 10:15,443.6,443.6,441.4,441.6
8/14/2026 10:05,442.8,444,442.6,443.4
8/14/2026 9:55,444.2,445,442,443
8/14/2026 9:45,442.4,444.6,441.6,444.2
8/14/2026 9:35,440.2,443.8,439.6,442.4
8/14/2026 9:25,436,440.8,436,440.2
8/14/2026 9:15,436,436,436,436
8/13/2026 16:05,441,441,441,441
8/13/2026 15:55,441,441.6,440.8,441.6
8/13/2026 15:45,441,441.2,440.4,441
8/13/2026 15:35,442,442.6,441,441
8/13/2026 15:25,441.4,442.4,441.4,442
8/13/2026 15:15,440.2,441.6,439.6,441.6
8/13/2026 15:05,440.6,440.8,440.2,440.2
8/13/2026 14:55,441.4,441.8,440.6,440.8
8/13/2026 14:45,440.8,441.6,440.6,441.6
8/13/2026 14:35,441.8,442,440.6,440.8
8/13/2026 14:25,442,442.2,441.4,441.8
8/13/2026 14:15,442.4,442.6,441.2,442
8/13/2026 14:05,442.2,443,441.8,442.4
8/13/2026 13:55,443.2,443.4,441,442.2
8/13/2026 13:45,443,443.4,442.6,443.4
8/13/2026 13:35,443.6,444.4,442.8,443
8/13/2026 13:25,444.2,444.2,443.4,443.6
8/13/2026 13:15,444.6,444.8,443.8,444
8/13/2026 13:05,444,445,444,444.6
8/13/2026 12:55,444.2,444.6,443.8,444.2
8/13/2026 11:55,444.2,444.4,444,444
8/13/2026 11:45,445,445.4,444,444.2
8/13/2026 11:35,443.8,445,443.6,445
8/13/2026 11:25,444.6,445,443.4,443.8
8/13/2026 11:15,445.6,445.8,444.2,444.6
8/13/2026 11:05,446.6,447,445.4,445.4
8/13/2026 10:55,447,447.2,446,446.8
8/13/2026 10:45,448,448.6,447,447.2
8/13/2026 10:35,446.6,448.2,446,448
8/13/2026 10:25,446.8,447.2,445.2,446.6
8/13/2026 10:15,447.6,447.6,446.4,446.8
8/13/2026 10:05,447.2,448.6,447,447.4
8/13/2026 9:55,450,450.4,446.4,447.2
8/13/2026 9:45,450.4,450.6,448.2,450
8/13/2026 9:35,450.4,452.2,449,450.6
8/13/2026 9:25,446.6,450.6,444,450.4
8/13/2026 9:15,446.4,446.4,446.4,446.4
8/12/2026 16:05,461.6,461.6,461.6,461.6
8/12/2026 15:55,459.2,460,459.2,459.8
8/12/2026 15:45,459.8,459.8,459,459.4
8/12/2026 15:35,459,460.4,459,459.8
8/12/2026 15:25,459.2,459.4,458.8,459.2
8/12/2026 15:15,458.8,459.6,458.4,459.2
8/12/2026 15:05,459.2,459.2,458,458.8
8/12/2026 14:55,459.6,460.2,458.8,459
8/12/2026 14:45,459.6,460.8,459.4,459.8
8/12/2026 14:35,459.4,460.2,459,459.6
8/12/2026 14:25,459.4,459.8,459,459.2
8/12/2026 14:15,459.4,460,459.2,459.6
8/12/2026 14:05,460.2,460.2,458.8,459.4
8/12/2026 13:55,460.2,462,459.8,460.4
8/12/2026 13:45,459,460.4,458.8,460.2
8/12/2026 13:35,458.8,459.4,458.2,458.8
8/12/2026 13:25,459.2,460.6,458,459
8/12/2026 13:15,458.8,459.4,458.6,459.2
8/12/2026 13:05,457,459.6,456.8,458.6
8/12/2026 12:55,457,457.8,456.2,457
8/12/2026 11:55,456.4,457,456.4,457
8/12/2026 11:45,456.4,456.8,456.2,456.4
8/12/2026 11:35,456.8,457,456.4,456.4
8/12/2026 11:25,457,457.4,456.6,456.6
8/12/2026 11:15,457,457.4,456.6,457.2
8/12/2026 11:05,456.4,457.6,456.2,457.2
8/12/2026 10:55,457.4,457.8,456.4,456.4
8/12/2026 10:45,458.6,458.8,457.2,457.4
8/12/2026 10:35,459.6,459.6,457.2,458.4
8/12/2026 10:25,460.2,460.2,458.6,459.4
8/12/2026 10:15,459.4,460.8,458.4,460
8/12/2026 10:05,462,462.4,459.4,459.6
8/12/2026 9:55,461.2,463,461.2,462.2
8/12/2026 9:45,459.6,463.4,459.2,461.2
8/12/2026 9:35,460.4,462,459.2,459.6
8/12/2026 9:25,464.8,467.2,460.2,460.4
8/12/2026 9:15,464.6,464.6,464.6,464.6
8/11/2026 16:05,470.8,470.8,470.8,470.8
8/11/2026 15:55,470.4,470.6,470,470.4
8/11/2026 15:45,470.8,471.4,470.2,470.4
8/11/2026 15:35,471,471.4,470.6,471
8/11/2026 15:25,471.2,471.6,470.6,471
8/11/2026 15:15,470.8,471.4,470.6,471.2
8/11/2026 15:05,471.8,472,470.8,471
8/11/2026 14:55,471.2,471.8,470.2,471.8
8/11/2026 14:45,470.6,471.4,470,471.2
8/11/2026 14:35,469.8,470.8,469.8,470.8
8/11/2026 14:25,470.4,470.6,469.8,469.8
8/11/2026 14:15,470.6,470.6,469.8,470.2
8/11/2026 14:05,470.6,470.8,470.2,470.4
8/11/2026 13:55,470,470.8,469.8,470.4
8/11/2026 13:45,470.4,470.6,469.8,470
8/11/2026 13:35,470.2,471,470,470.6
8/11/2026 13:25,470.8,471,470,470.2
8/11/2026 13:15,471.4,471.6,470.4,471
8/11/2026 13:05,471.6,472.6,471.2,471.4
8/11/2026 12:55,470.8,473,470.8,471.8
8/11/2026 11:55,470.8,471,470.6,471
8/11/2026 11:45,469.6,471,469.6,470.8
8/11/2026 11:35,470.4,470.6,469.6,469.8
8/11/2026 11:25,470.8,471.2,470.4,470.4
8/11/2026 11:15,470.8,470.8,470.2,470.8
8/11/2026 11:05,471.4,471.6,469.6,470.8
8/11/2026 10:55,473.8,473.8,470.6,471.4
8/11/2026 10:45,473.6,474,473.2,473.8
8/11/2026 10:35,473.6,474.4,473.2,473.4
8/11/2026 10:25,476.6,476.6,473.6,473.6
8/11/2026 10:15,475.6,477.2,474.6,476.8
8/11/2026 10:05,473.4,476,473.4,475.6
8/11/2026 9:55,476.2,476.8,473.4,473.4
8/11/2026 9:45,480.6,481.6,476,476.2
8/11/2026 9:35,480,483.8,478.6,480.6
8/11/2026 9:25,481,481.2,478.2,480
8/11/2026 9:15,481.2,481.2,481.2,481.2
8/10/2026 16:05,481.4,481.4,481.4,481.4
8/10/2026 15:55,482,483,482,482.8
8/10/2026 15:45,483,483,482,482
8/10/2026 15:35,482.6,483,482.2,482.8
8/10/2026 15:25,483,483,481.8,482.4
8/10/2026 15:15,481,483,481,482.8
8/10/2026 15:05,481.2,481.4,480.6,481
8/10/2026 14:55,479.6,481.4,479.4,481.4
8/10/2026 14:45,478.6,479.6,478.6,479.6
8/10/2026 14:35,478.2,479.2,478,478.8
8/10/2026 14:25,479.4,479.4,478.2,478.2
8/10/2026 14:15,479.2,479.4,478.6,479.2
8/10/2026 14:05,479,480,478.8,479
8/10/2026 13:55,478.4,479.6,478.2,479.2
8/10/2026 13:45,476.6,478.6,476.6,478.4
8/10/2026 13:35,477,477.4,476.6,476.8
8/10/2026 13:25,477.4,477.6,476.4,477
8/10/2026 13:15,477.6,478,477,477.6
8/10/2026 13:05,477.4,478.6,477.2,477.6
8/10/2026 12:55,478.4,478.6,477.2,477.4
8/10/2026 11:55,478,478.6,477.8,478.4
8/10/2026 11:45,477.4,478.2,477.2,478
8/10/2026 11:35,477.8,478,477.2,477.4
8/10/2026 11:25,477,478,476.6,477.8
8/10/2026 11:15,477.8,478.4,476.8,476.8
8/10/2026 11:05,478.6,478.6,477,478
8/10/2026 10:55,479.2,479.2,477.8,478.6
8/10/2026 10:45,479.2,481.2,479,479
8/10/2026 10:35,479.4,479.6,478.4,479
8/10/2026 10:25,479,479.6,478.2,479.4
8/10/2026 10:15,480.8,481.4,478.8,479
8/10/2026 10:05,482,483.6,480.6,481
8/10/2026 9:55,480.4,482.8,480.4,482
8/10/2026 9:45,482.8,483,477.4,480.4
8/10/2026 9:35,477.2,483.2,476.6,483
8/10/2026 9:25,479,483,476.4,477.2
8/10/2026 9:15,479,479,479,479
8/7/2026 16:05,478.8,478.8,478.8,478.8
8/7/2026 15:55,478.8,479.4,478.4,479.4
8/7/2026 15:45,478.4,479.2,478,478.8
8/7/2026 15:35,478.6,479.2,478.4,478.4
8/7/2026 15:25,478.6,478.8,478.2,478.4
8/7/2026 15:15,477.4,479.2,477.4,478.4
8/7/2026 15:05,478,478,477.2,477.6
8/7/2026 14:55,477.4,478,476.8,477.8
8/7/2026 14:45,477.4,477.8,477,477.6
8/7/2026 14:35,476.8,477.2,476.2,477.2
8/7/2026 14:25,476.6,477.6,476.2,476.8
8/7/2026 14:15,476.4,476.8,476.2,476.4
8/7/2026 14:05,476,477,475.8,476.6
8/7/2026 13:55,476,477,475.8,476
8/7/2026 13:45,476.2,477,475.8,476.2
8/7/2026 13:35,476.2,476.6,475.6,476.2
8/7/2026 13:25,477.4,477.6,476,476.2
8/7/2026 13:15,477.2,477.8,476.8,477.4
8/7/2026 13:05,477.8,477.8,476,477.2
8/7/2026 12:55,478.6,478.6,476.8,477.6
8/7/2026 11:55,477.8,478.8,477.6,478.6
8/7/2026 11:45,477.6,478.4,476.6,477.6
8/7/2026 11:35,477.6,478.2,477.4,477.6
8/7/2026 11:25,477.8,478.6,477,477.6
8/7/2026 11:15,478.2,478.8,477.2,477.8
8/7/2026 11:05,479.4,479.6,477.8,478.2
8/7/2026 10:55,479.8,480.6,478.6,479.4
8/7/2026 10:45,476.6,480.4,476.4,479.6
8/7/2026 10:35,477.2,478.4,476,476.8
8/7/2026 10:25,476,478,476,477
8/7/2026 10:15,478.2,478.2,475.4,476
8/7/2026 10:05,477.6,479,477,478
8/7/2026 9:55,477.8,479.6,476.4,477.8
8/7/2026 9:45,479.6,481,477.8,478
8/7/2026 9:35,481.2,483.2,479.4,479.4
8/7/2026 9:25,479.2,483,478.4,481
8/7/2026 9:15,479,479,479,479
8/6/2026 16:05,479.2,479.2,479.2,479.2
8/6/2026 15:55,479.8,480.4,479.2,480.4
8/6/2026 15:45,480.4,480.4,479.8,480
8/6/2026 15:35,480.4,480.6,480,480.2
8/6/2026 15:25,480.4,481,480.2,480.4
8/6/2026 15:15,480.8,481,480.2,480.4
8/6/2026 15:05,481,481.8,480.8,481
8/6/2026 14:55,481.8,482,481,481
8/6/2026 14:45,481.4,482,481.2,481.8
8/6/2026 14:35,481.6,481.6,480.4,481.4
8/6/2026 14:25,481.2,481.8,480.2,481.4
8/6/2026 14:15,480.8,481.6,480.8,481.2
8/6/2026 14:05,481.4,482,480.8,481
8/6/2026 13:55,481.6,481.8,481.2,481.4
8/6/2026 13:45,481.6,482.6,481.4,481.8
8/6/2026 13:35,480.2,482,479.2,481.6
8/6/2026 13:25,480.2,481.6,479.6,480.2
8/6/2026 13:15,481,481.4,480,480.2
8/6/2026 13:05,482,482.4,481,481
8/6/2026 12:55,483.2,483.4,481.6,482
8/6/2026 11:55,483.6,483.8,483.2,483.2
8/6/2026 11:45,483.8,484.2,483.4,483.6
8/6/2026 11:35,482.2,484.6,482.2,483.8
8/6/2026 11:25,483,483.2,481.4,482.2
8/6/2026 11:15,482,483.4,481.8,483
8/6/2026 11:05,483.2,483.2,482,482.2
8/6/2026 10:55,484,484.8,482.4,483
8/6/2026 10:45,485,485.6,483.4,484
8/6/2026 10:35,484.4,485.4,483.8,484.8
8/6/2026 10:25,483.6,484.4,481.6,484.4
8/6/2026 10:15,480.8,484.2,480,483.6
8/6/2026 10:05,479.8,481.8,479.4,480.8
8/6/2026 9:55,481.8,482.4,479,479.6
8/6/2026 9:45,483.8,485,481.4,481.8
8/6/2026 9:35,488.4,488.6,483,483.8
8/6/2026 9:25,490.4,490.4,484.2,488.4
8/6/2026 9:15,491,491,491,491
8/5/2026 16:05,492.2,492.2,492.2,492.2
8/5/2026 15:55,491.6,492,491.4,491.6
8/5/2026 15:45,491.4,492.2,491.4,491.6
8/5/2026 15:35,492.2,492.4,491.4,491.4
8/5/2026 15:25,491.8,492.4,491.2,492.2
8/5/2026 15:15,491.6,492.6,491.4,492
8/5/2026 15:05,491.6,492.2,491,491.4
8/5/2026 14:55,491.8,492.6,491.4,491.8
8/5/2026 14:45,492.2,492.2,491,492
8/5/2026 14:35,491.4,492.6,491.2,492
8/5/2026 14:25,491.2,492,491,491.4
8/5/2026 14:15,490,491.8,490,491
8/5/2026 14:05,490.6,491,488.4,490
8/5/2026 13:55,489.8,491.4,488,490.4
8/5/2026 13:45,490,490.4,488.2,489.8
8/5/2026 13:35,489.4,490.4,489,490
8/5/2026 13:25,491.4,491.8,488.8,489.4
8/5/2026 13:15,492.2,494.8,491.2,491.4
8/5/2026 13:05,492,492.8,490.8,492.2
8/5/2026 12:55,494,494,490,492
8/5/2026 11:55,494,494.4,493.6,493.8
8/5/2026 11:45,494.6,495.4,494,494
8/5/2026 11:35,493.8,494.8,493.4,494.8
8/5/2026 11:25,494.4,494.8,493.4,493.8
8/5/2026 11:15,494.8,495.4,494,494.6
8/5/2026 11:05,495.2,496.8,494.4,494.8
8/5/2026 10:55,496.8,497,495,495.2
8/5/2026 10:45,496.2,497.8,496.2,496.8
8/5/2026 10:35,494.8,497.4,493.2,496.2
8/5/2026 10:25,492.4,495,492.2,494.8
8/5/2026 10:15,493.4,495,491.2,492.4
8/5/2026 10:05,487,496,486.8,493.8
8/5/2026 9:55,487.4,487.6,485,486.8
8/5/2026 9:45,482.8,487.4,482.2,487
8/5/2026 9:35,486.6,487,482.6,482.6
8/5/2026 9:25,492.4,492.4,486,486.8
8/5/2026 9:15,493.4,493.4,493.4,493.4
8/4/2026 16:05,487.6,487.6,487.6,487.6
8/4/2026 15:55,486,486.6,485.8,486
8/4/2026 15:45,485.8,486,485.6,486
8/4/2026 15:35,485.8,486.4,485.6,486
8/4/2026 15:25,486,486.8,485.4,486
8/4/2026 15:15,485.8,486.4,485.6,486
8/4/2026 15:05,486,486.2,485.6,486
8/4/2026 14:55,485.4,486.8,485.2,485.8
8/4/2026 14:45,484.8,485.8,484.4,485.4
8/4/2026 14:35,484.6,485.6,484.4,484.6
8/4/2026 14:25,484.6,486,484,484.8
8/4/2026 14:15,483.6,485.2,483.6,484.8
8/4/2026 14:05,484.4,484.8,483.4,483.8
8/4/2026 13:55,484.6,485,482.8,484.4
8/4/2026 13:45,481.8,485,481.2,484.6
8/4/2026 13:35,482,483.2,480.8,481.6
8/4/2026 13:25,484.6,484.8,482,482.2
8/4/2026 13:15,485.4,485.4,484,484.8
8/4/2026 13:05,484,486,483.6,485.4
8/4/2026 12:55,487.4,487.4,483.8,484
8/4/2026 11:55,486.8,488,486.8,487.4
8/4/2026 11:45,487.2,487.4,486.6,486.8
8/4/2026 11:35,487.6,488,486.8,487.2
8/4/2026 11:25,488.6,489.2,487.4,487.8
8/4/2026 11:15,489.8,490.2,488,488.6
8/4/2026 11:05,486,490,485.8,489.8
8/4/2026 10:55,486,487,485.6,486
8/4/2026 10:45,487.6,487.6,485.8,486.2
8/4/2026 10:35,486.8,487.6,485.4,487.6
8/4/2026 10:25,486.8,487.4,485.8,486.8
8/4/2026 10:15,486.4,487.6,485.6,486.6
8/4/2026 10:05,485.6,486.4,484.6,486.4
8/4/2026 9:55,486.6,487.6,483.6,485.6
8/4/2026 9:45,487.2,487.8,484.2,486.4
8/4/2026 9:35,491.8,491.8,486.4,487
8/4/2026 9:25,490.8,494.8,489,491.8
8/4/2026 9:15,491,491,491,491
8/3/2026 16:05,490.4,490.4,490.4,490.4
8/3/2026 15:55,489.4,490.6,489.2,490.4
8/3/2026 15:45,489.4,489.6,489.2,489.4
8/3/2026 15:35,490,490,489.4,489.6
8/3/2026 15:25,489.6,490.4,489.4,489.8
8/3/2026 15:15,490,490.2,488,489.6
8/3/2026 15:05,490,490.8,489.8,489.8
8/3/2026 14:55,488.8,490,488.4,490
8/3/2026 14:45,487.8,489,487.6,488.8
8/3/2026 14:35,488.4,488.6,487.4,487.8
8/3/2026 14:25,488.4,488.6,487.6,488.4
8/3/2026 14:15,487.4,488.4,486.6,488.4
8/3/2026 14:05,487.4,488.2,487.2,487.2
8/3/2026 13:55,488.6,488.8,487.2,487.6
8/3/2026 13:45,488,489.2,487.8,488.6
8/3/2026 13:35,488.4,488.8,487,487.8
8/3/2026 13:25,488.6,489.8,488.2,488.2
8/3/2026 13:15,489.8,490.2,488.4,488.6
8/3/2026 13:05,489.8,490.6,489,489.8
8/3/2026 12:55,489.4,491,489,489.6
8/3/2026 11:55,489.4,489.6,489.2,489.4
8/3/2026 11:45,488.8,489.4,488.4,489.2
8/3/2026 11:35,489,489.2,487.2,488.6
8/3/2026 11:25,489.4,489.8,489,489.2
8/3/2026 11:15,488.6,489.6,487.8,489.4
8/3/2026 11:05,487.6,489,485.8,488.4
8/3/2026 10:55,487.6,489.2,487.4,487.6
8/3/2026 10:45,485.6,487.6,485,487.6
8/3/2026 10:35,485.6,487.4,485.4,485.4
8/3/2026 10:25,486.4,486.6,484.4,485.6
8/3/2026 10:15,486,487.6,484.4,486.4
8/3/2026 10:05,487.8,489,486,486
8/3/2026 9:55,487,489.2,486,487.8
8/3/2026 9:45,488.2,489.8,486.8,487
8/3/2026 9:35,485.4,490,485,488.4
8/3/2026 9:25,481.8,488.8,480.6,485.4
8/3/2026 9:15,482,482,482,482
7/31/2026 16:05,475.2,475.2,475.2,475.2
7/31/2026 15:55,475.4,475.6,475,475.2
7/31/2026 15:45,474.4,475.4,473.8,475.2
7/31/2026 15:35,475,475.2,474.2,474.4
7/31/2026 15:25,474.2,475.4,474.2,475.2
7/31/2026 15:15,474.4,474.6,473.6,474.2
7/31/2026 15:05,474,474.4,473.6,474.2
7/31/2026 14:55,474.2,474.2,473,473.8
7/31/2026 14:45,473.8,474.2,473.2,474.2
7/31/2026 14:35,473,474.2,472.6,473.8
7/31/2026 14:25,474,474,472.6,473
7/31/2026 14:15,474,474.4,473.2,473.8
7/31/2026 14:05,473.6,474,473,474
7/31/2026 13:55,473.4,473.8,473,473.6
7/31/2026 13:45,473.4,474,472.8,473.4
7/31/2026 13:35,473.6,474,472.8,473.6
7/31/2026 13:25,473.8,474.2,473.2,473.6
7/31/2026 13:15,473.4,474.4,472,473.8
7/31/2026 13:05,474,474.2,472.6,473.4
7/31/2026 12:55,475.2,475.8,473.4,473.8
7/31/2026 11:55,475.2,475.8,475,475.2
7/31/2026 11:45,473.6,475.8,473.4,475.2
7/31/2026 11:35,473.2,473.8,472.4,473.6
7/31/2026 11:25,472.8,474.4,472.4,473.2
7/31/2026 11:15,473.2,475.4,472.4,472.8
7/31/2026 11:05,478.2,478.4,473,473.4
7/31/2026 10:55,477.4,479.8,477.4,478.2
7/31/2026 10:45,475.8,478.4,475.8,477.4
7/31/2026 10:35,476.4,476.8,474,476
7/31/2026 10:25,470.2,476.6,470,476.4
7/31/2026 10:15,469,473,467.4,470.2
7/31/2026 10:05,465,470,465,469
7/31/2026 9:55,464.4,465.6,462,465
7/31/2026 9:45,465.2,466.2,463,464.4
7/31/2026 9:35,467.8,468.8,463.4,465.2
7/31/2026 9:25,470,470.4,464.4,467.8
7/31/2026 9:15,470,470,470,470
7/30/2026 16:05,471.8,471.8,471.8,471.8
7/30/2026 15:55,472,472,471.2,472
7/30/2026 15:45,472,472.2,471.2,472
7/30/2026 15:35,471.4,472.4,471,472.2
7/30/2026 15:25,472.6,472.6,471,471.4
7/30/2026 15:15,473.4,473.6,472,472.8
7/30/2026 15:05,474,474.2,473,473.6
7/30/2026 14:55,473.8,474.4,472.2,474.4
7/30/2026 14:45,474.2,474.6,473.6,474
7/30/2026 14:35,473.8,474.8,473.6,474.4
7/30/2026 14:25,474.2,474.8,472.8,473.6
7/30/2026 14:15,472.8,474.6,472,474.2
7/30/2026 14:05,474.8,475,472,472.8
7/30/2026 13:55,471.4,475,470.8,474.8
7/30/2026 13:45,470,471.4,469.4,471.2
7/30/2026 13:35,470,470.8,468.2,470.2
7/30/2026 13:25,468,470.4,467.4,470.2
7/30/2026 13:15,469.6,469.8,467.6,468.2
7/30/2026 13:05,467.8,469.6,467.2,469.6
7/30/2026 12:55,469.8,470,467,467.6
7/30/2026 11:55,470.4,470.8,469.6,470
7/30/2026 11:45,471,471,469.6,470.6
7/30/2026 11:35,470.2,471.4,469.2,471
7/30/2026 11:25,467,470.6,466,470.2
7/30/2026 11:15,466.8,467.6,466,467
7/30/2026 11:05,470,470,465.8,467
7/30/2026 10:55,466.6,470,465,470
7/30/2026 10:45,466,467,464.6,466.8
7/30/2026 10:35,466.8,466.8,464.8,466.4
7/30/2026 10:25,468.2,468.8,466.2,466.6
7/30/2026 10:15,464.8,470,464.6,468.2
7/30/2026 10:05,467,469.6,463.6,465
7/30/2026 9:55,465.4,467,462.8,467
7/30/2026 9:45,465.4,466,462.8,465
7/30/2026 9:35,470.8,471,464.4,465.4
7/30/2026 9:25,466.4,474.4,466,471.2
7/30/2026 9:15,466.4,466.4,466.4,466.4
7/29/2026 16:05,466.4,466.4,466.4,466.4
7/29/2026 15:55,466.4,467,466.4,467
7/29/2026 15:45,467.2,467.4,466.2,466.4
7/29/2026 15:35,466.2,467.4,466,467.4
7/29/2026 15:25,467.2,468,466.2,466.2
7/29/2026 15:15,466.4,467.4,466.4,467.2
7/29/2026 15:05,466.6,467,465.8,466.4
7/29/2026 14:55,466.4,467,466.2,466.8
7/29/2026 14:45,466,466.6,465.8,466.6
7/29/2026 14:35,466,466.2,465,465.8
7/29/2026 14:25,465,466.4,465,466
7/29/2026 14:15,466.2,466.6,465,465
7/29/2026 14:05,464.2,466.4,464,466.2
7/29/2026 13:55,462.8,464.4,461.4,464.2
7/29/2026 13:45,460.8,463,460.8,462.8
7/29/2026 13:35,461.6,462,460,460.8
7/29/2026 13:25,461.8,462,460.2,461.6
7/29/2026 13:15,461,463,459.2,462
7/29/2026 13:05,466.6,466.6,460.8,460.8
7/29/2026 12:55,465.2,467.2,464.4,466.4
7/29/2026 11:55,465.8,465.8,465,465.2
7/29/2026 11:45,463.8,467.2,463.6,465.6
7/29/2026 11:35,464.6,464.8,463,463.6
7/29/2026 11:25,466,467.2,463.8,464.8
7/29/2026 11:15,467.4,469.4,465.6,466
7/29/2026 11:05,465.6,467.4,465.4,467.2
7/29/2026 10:55,463.8,465.8,463.2,465.4
7/29/2026 10:45,463.8,464.4,461.8,463.8
7/29/2026 10:35,463.2,465.6,462.8,463.8
7/29/2026 10:25,464.2,464.6,460.4,463.4
7/29/2026 10:15,458.2,464.6,458,464.2
7/29/2026 10:05,457.2,458.8,455.6,458.2
7/29/2026 9:55,454.4,457.4,454,457
7/29/2026 9:45,455,455,453.6,454.4
7/29/2026 9:35,453.8,455.8,453.8,455
7/29/2026 9:25,452.8,454.2,450,454
7/29/2026 9:15,453,453,453,453
7/28/2026 16:05,447.2,447.2,447.2,447.2
7/28/2026 15:55,447.6,447.8,447.2,447.4
7/28/2026 15:45,447.6,448.4,447,447.6
7/28/2026 15:35,447.8,448.2,447.2,447.8
7/28/2026 15:25,447.8,448.2,447.4,447.8
7/28/2026 15:15,446.8,447.8,446.4,447.6
7/28/2026 15:05,447,447.2,445.8,447
7/28/2026 14:55,446.8,447.6,446.6,447
7/28/2026 14:45,445.6,447.4,445.4,446.8
7/28/2026 14:35,445,445.6,444.6,445.4
7/28/2026 14:25,445.4,446.4,445,445
7/28/2026 14:15,446.6,446.8,445.2,445.4
7/28/2026 14:05,445.6,446.6,445,446.6
7/28/2026 13:55,445,446.2,444.4,445.4
7/28/2026 13:45,444.6,446,444.2,445
7/28/2026 13:35,443.8,445.2,443.8,444.8
7/28/2026 13:25,445,445,443.8,443.8
7/28/2026 13:15,445.6,446.6,444.2,445
7/28/2026 13:05,445.4,446.2,444.8,445.6
7/28/2026 12:55,443.8,445.6,442.8,445.6
7/28/2026 11:55,443.6,443.8,443,443.8
7/28/2026 11:45,443.8,444,443.4,443.4
7/28/2026 11:35,444.6,445.4,443.8,443.8
7/28/2026 11:25,446.2,447.2,444,444.4
7/28/2026 11:15,442.6,446.8,442.2,446
7/28/2026 11:05,442.6,443.2,441.6,442.4
7/28/2026 10:55,444.4,445.4,442,442.4
7/28/2026 10:45,446.4,446.8,444.4,444.4
7/28/2026 10:35,447.4,448.4,446.2,446.6
7/28/2026 10:25,450.6,450.8,447.2,447.4
7/28/2026 10:15,450.6,451.6,450.2,450.6
7/28/2026 10:05,450,452,449.2,450.4
7/28/2026 9:55,450.2,451,449.2,450
7/28/2026 9:45,448.6,450.6,447.4,450.2
7/28/2026 9:35,447,449.8,447,448.6
7/28/2026 9:25,447.8,449.2,444.8,447.2
7/28/2026 9:15,447.8,447.8,447.8,447.8
7/27/2026 16:05,443,443,443,443
7/27/2026 15:55,443.8,444.4,443.6,444
7/27/2026 15:45,442.8,443.8,442.4,443.8
7/27/2026 15:35,443.2,443.2,442.4,442.8
7/27/2026 15:25,444,444,442.4,443
7/27/2026 15:15,443.6,444.2,443.6,444
7/27/2026 15:05,444.8,444.8,443,443.8
7/27/2026 14:55,444,445,443.8,444.8
7/27/2026 14:45,443.8,444.2,443.6,444
7/27/2026 14:35,443.6,444,443.4,443.8
7/27/2026 14:25,443.2,443.8,443.2,443.6
7/27/2026 14:15,443.4,443.8,443,443.2
7/27/2026 14:05,442.2,443.4,442.2,443.4
7/27/2026 13:55,442.4,442.6,442,442.4
7/27/2026 13:45,441.2,442.4,441.2,442.4
7/27/2026 13:35,441,441.6,440.4,441.2
7/27/2026 13:25,441.6,442,440.4,440.8
7/27/2026 13:15,442.4,443.2,441.6,441.6
7/27/2026 13:05,442.4,443.2,441.8,442.2
7/27/2026 12:55,443.4,444,441.8,442.6
7/27/2026 11:55,443.2,443.6,443,443.6
7/27/2026 11:45,443.4,443.4,442.6,443
7/27/2026 11:35,444.8,444.8,443.2,443.4
7/27/2026 11:25,444.2,445.2,443.2,444.6
7/27/2026 11:15,443,444.8,442.6,444.4
7/27/2026 11:05,443,443.6,442.4,443.2
7/27/2026 10:55,441.2,443,440.8,443
7/27/2026 10:45,442.4,442.6,440,441.2
7/27/2026 10:35,442.2,443,441.2,442.4
7/27/2026 10:25,445,446.4,441.4,442.2
7/27/2026 10:15,440.6,445.2,440.6,445.2
7/27/2026 10:05,439.2,440.8,438.4,440.8
7/27/2026 9:55,438.8,439.8,438.2,439.2
7/27/2026 9:45,437.8,438.8,436.4,438.6
7/27/2026 9:35,438.4,440,436.4,437.8
7/27/2026 9:25,438.2,440.2,435.4,438.6
7/27/2026 9:15,438.8,438.8,438.8,438.8
7/24/2026 16:05,434.6,434.6,434.6,434.6
7/24/2026 15:55,434.6,435,434.4,434.8
7/24/2026 15:45,434.2,434.8,434,434.6
7/24/2026 15:35,434.8,435,434,434.4
7/24/2026 15:25,434.6,435.6,434.6,434.8
7/24/2026 15:15,435,435.4,434.4,434.6
7/24/2026 15:05,434.4,435.2,434.2,435
7/24/2026 14:55,433.6,434.6,433.4,434.4
7/24/2026 14:45,433.4,433.6,433.2,433.6
7/24/2026 14:35,433.8,434,433.4,433.4
7/24/2026 14:25,434.2,434.8,433.8,434
7/24/2026 14:15,434,434.8,434,434.2
7/24/2026 14:05,433.2,434.2,433.2,434.2
7/24/2026 13:55,433.2,433.4,433,433.2
7/24/2026 13:45,433.6,433.8,433,433.2
7/24/2026 13:35,434.4,434.6,433.4,433.6
7/24/2026 13:25,435,435.4,434.2,434.4
7/24/2026 13:15,433.8,435.2,433.2,434.8
7/24/2026 13:05,433.2,434.8,433,433.8
7/24/2026 12:55,433.2,434.8,433,433.4
7/24/2026 11:55,432.8,433.2,432.8,433.2
7/24/2026 11:45,433.2,433.4,432.6,432.8
7/24/2026 11:35,433.4,433.4,432.6,433.2
7/24/2026 11:25,432.4,433.4,432.2,433.2
7/24/2026 11:15,432.6,433,432.2,432.2
7/24/2026 11:05,432.4,433,432.2,432.6
7/24/2026 10:55,433.2,433.6,432,432.4
7/24/2026 10:45,433,433.2,432.4,433.2
7/24/2026 10:35,433.8,433.8,433,433.2
7/24/2026 10:25,434.8,435,433.2,433.6
7/24/2026 10:15,435.6,436.4,434.4,434.8
7/24/2026 10:05,433.4,436.4,432.6,435.4
7/24/2026 9:55,435,435,433.2,433.4
7/24/2026 9:45,435.6,436.6,434.6,434.6
7/24/2026 9:35,435.2,436.2,433.6,435.4
7/24/2026 9:25,438,438.8,434.4,435
7/24/2026 9:15,438.2,438.2,438.2,438.2
7/23/2026 16:05,445.2,445.2,445.2,445.2
7/23/2026 15:55,443.4,444.8,443.4,443.4
7/23/2026 15:45,442.4,443.6,442,443.2
7/23/2026 15:35,441.8,443,441.8,442.4
7/23/2026 15:25,443.8,444,441.8,442
7/23/2026 15:15,444,444.8,443.4,443.8
7/23/2026 15:05,444.4,445,443.4,444
7/23/2026 14:55,445.2,445.4,443.8,444.2
7/23/2026 14:45,445.4,445.8,445,445.2
7/23/2026 14:35,446.6,446.6,445.2,445.4
7/23/2026 14:25,447,447.2,446.2,446.4
7/23/2026 14:15,446,447.2,445.8,447
7/23/2026 14:05,446.8,447,446,446
7/23/2026 13:55,446.8,447.4,446,446.8
7/23/2026 13:45,447.2,447.2,446.2,446.8
7/23/2026 13:35,447.4,448.8,447,447
7/23/2026 13:25,448.4,448.4,447.2,447.6
7/23/2026 13:15,449.4,449.4,448.2,448.4
7/23/2026 13:05,449.4,450,448.6,449.4
7/23/2026 12:55,449.6,449.8,447.6,449.4
7/23/2026 11:55,449.8,450,449.4,449.4
7/23/2026 11:45,449.6,450.8,449.6,449.8
7/23/2026 11:35,449.6,449.8,449.2,449.8
7/23/2026 11:25,448.4,449.8,448.2,449.8
7/23/2026 11:15,447.2,448.6,447.2,448.4
7/23/2026 11:05,447.2,447.6,446.8,447.2
7/23/2026 10:55,449,449,447,447.2
7/23/2026 10:45,448.6,449.2,447.6,448.8
7/23/2026 10:35,449,449.4,447.6,448.6
7/23/2026 10:25,447,449.4,445.4,449
7/23/2026 10:15,446.6,447.8,446,447.2
7/23/2026 10:05,446.4,447.6,445,446.6
7/23/2026 9:55,448.6,449.4,446,446.4
7/23/2026 9:45,447.4,449.8,447.4,448.8
7/23/2026 9:35,443.8,447.4,443.4,447.4
7/23/2026 9:25,440.2,444.6,439,443.8
7/23/2026 9:15,440,440,440,440
7/22/2026 16:05,440.6,440.6,440.6,440.6
7/22/2026 15:55,442,442,440.8,441.4
7/22/2026 15:45,442.8,443,441.6,441.8
7/22/2026 15:35,441.8,443,441.4,442.8
7/22/2026 15:25,443.2,443.4,441.4,441.6
7/22/2026 15:15,444,444,443,443.2
7/22/2026 15:05,443,444,442.8,444
7/22/2026 14:55,443,443.8,442.6,443
7/22/2026 14:45,441.4,443,441,442.8
7/22/2026 14:35,442,442.4,440.6,441.6
7/22/2026 14:25,443.6,444,441.2,441.6
7/22/2026 14:15,444,444.4,443,443.6
7/22/2026 14:05,444.4,444.6,443.8,443.8
7/22/2026 13:55,445.4,445.6,444.4,444.4
7/22/2026 13:45,444.4,446.8,444,445.2
7/22/2026 13:35,444.2,444.6,444,444.2
7/22/2026 13:25,444.4,445,443.8,444.2
7/22/2026 13:15,444.6,444.8,444,444.4
7/22/2026 13:05,445,445,444,444.8
7/22/2026 12:55,446.8,447.4,444,445
7/22/2026 11:55,446.8,447.2,446.4,446.8
7/22/2026 11:45,447,447.2,446,446.8
7/22/2026 11:35,448.4,449,446.8,446.8
7/22/2026 11:25,450.6,451.2,448.2,448.4
7/22/2026 11:15,449.8,451.6,448.6,450.6
7/22/2026 11:05,449.2,450,448,450
7/22/2026 10:55,450.6,452.2,448.6,449
7/22/2026 10:45,450.4,453,449.8,450.6
7/22/2026 10:35,447.8,450.6,446.6,450.4
7/22/2026 10:25,450.8,451,447.4,447.6
7/22/2026 10:15,451.8,452,450,450.6
7/22/2026 10:05,453,454.4,451.8,451.8
7/22/2026 9:55,454,455.2,452.6,453
7/22/2026 9:45,455.2,457.2,453.4,454
7/22/2026 9:35,458.2,458.2,453.2,455.2
7/22/2026 9:25,467.8,468,454.6,458
7/22/2026 9:15,468,468,468,468
7/21/2026 16:05,474,474,474,474
7/21/2026 15:55,474.6,476,474.2,476
7/21/2026 15:45,476,476,474.2,474.6
7/21/2026 15:35,475,476,475,476
7/21/2026 15:25,475.8,476,475,475.2
7/21/2026 15:15,476.6,476.8,475.8,475.8
7/21/2026 15:05,477.2,477.4,476,476.4
7/21/2026 14:55,476.4,478.4,476,477.4
7/21/2026 14:45,476.8,476.8,475.6,476.4
7/21/2026 14:35,476.6,477,475.6,476.6
7/21/2026 14:25,474.6,476.6,474.4,476.6
7/21/2026 14:15,474.6,474.8,474,474.4
7/21/2026 14:05,474.4,475,473.8,474.6
7/21/2026 13:55,475,475.4,473.4,474.2
7/21/2026 13:45,474.4,475.6,474,475
7/21/2026 13:35,475.6,476,474.2,474.2
7/21/2026 13:25,475.6,476.6,475,475.6
7/21/2026 13:15,474.8,475.8,474.4,475.6
7/21/2026 13:05,475.2,475.4,474,474.6
7/21/2026 12:55,476.4,477.2,475,475.2
7/21/2026 11:55,476.2,476.4,475.8,476.4
7/21/2026 11:45,475.4,477,474.4,476.2
7/21/2026 11:35,475.2,476.8,475,475.4
7/21/2026 11:25,474.6,475.8,473.6,475.2
7/21/2026 11:15,474.4,475.2,473,474.6
7/21/2026 11:05,473.4,475,473.2,474.4
7/21/2026 10:55,474.2,475.8,473.2,473.6
7/21/2026 10:45,477.2,478.6,474.4,474.4
7/21/2026 10:35,476.6,477.4,475.8,477.2
7/21/2026 10:25,477.6,478.8,476.4,476.6
7/21/2026 10:15,476.6,477.4,475.8,477.4
7/21/2026 10:05,477.6,479.6,476.4,476.4
7/21/2026 9:55,472.8,477.6,472.8,477.6
7/21/2026 9:45,475.8,478.2,472.8,473
7/21/2026 9:35,479.6,479.8,475.6,475.6
7/21/2026 9:25,478,482.6,474.8,479.8
7/21/2026 9:15,478.2,478.2,478.2,478.2
7/20/2026 16:05,477.8,477.8,477.8,477.8
7/20/2026 15:55,476.8,477.8,476.6,477.6
7/20/2026 15:45,477.8,477.8,476.8,476.8
7/20/2026 15:35,478.4,478.6,477.2,477.8
7/20/2026 15:25,477.6,478.4,477.6,478.4
7/20/2026 15:15,477.4,478.4,477,477.8
7/20/2026 15:05,478.6,478.8,477,477.4
7/20/2026 14:55,479,479.2,478.4,478.6
7/20/2026 14:45,478.8,479.2,478.2,479.2
7/20/2026 14:35,476.2,478.8,476,478.6
7/20/2026 14:25,476.4,477,475.8,476.2
7/20/2026 14:15,475.4,477,475.4,476.4
7/20/2026 14:05,476.6,477.4,475,475.4
7/20/2026 13:55,474.2,476.6,473.4,476.4
7/20/2026 13:45,475,475.8,473.6,474
7/20/2026 13:35,476.2,478.2,474.8,474.8
7/20/2026 13:25,478.2,478.6,476,476.2
7/20/2026 13:15,478.4,479.2,477.4,478.2
7/20/2026 13:05,481.2,481.2,478,478.4
7/20/2026 12:55,478.2,481.2,476.6,481
7/20/2026 11:55,478.2,478.4,477.6,478
7/20/2026 11:45,479,479.4,477.8,478.2
7/20/2026 11:35,479.8,480,479,479.2
7/20/2026 11:25,481.2,481.2,479,479.8
7/20/2026 11:15,477.4,481.8,477.2,481.2
7/20/2026 11:05,474.8,477.8,474,477.4
7/20/2026 10:55,474.8,475,472.8,474.6
7/20/2026 10:45,473.6,475.4,473.4,474.6
7/20/2026 10:35,472.2,475,472,474
7/20/2026 10:25,473,473.2,470.6,472.4
7/20/2026 10:15,476.6,477.6,472.8,473
7/20/2026 10:05,477,478,475.8,476.6
7/20/2026 9:55,473,478,472.6,477.2
7/20/2026 9:45,473.8,475.6,473,473
7/20/2026 9:35,475.6,476.8,473.2,473.6
7/20/2026 9:25,465.6,475.8,465.6,475.8
7/20/2026 9:15,465.6,465.6,465.6,465.6
7/17/2026 16:05,461.6,461.6,461.6,461.6
7/17/2026 15:55,460.8,460.8,460.2,460.2
7/17/2026 15:45,461.6,461.6,460,460.8
7/17/2026 15:35,460.8,461.6,460,461.4
7/17/2026 15:25,460.8,461,460.2,460.8
7/17/2026 15:15,462.4,462.8,460.8,461
7/17/2026 15:05,462.2,463,461.8,462.4
7/17/2026 14:55,461.8,463,461.2,462
7/17/2026 14:45,462,463.2,461.4,462
7/17/2026 14:35,464.6,465.6,461.8,462
7/17/2026 14:25,463.6,464.6,462.4,464.6
7/17/2026 14:15,461.4,464,461.2,463.6
7/17/2026 14:05,461.2,462.8,461,461.6
7/17/2026 13:55,460.6,462.6,460.6,461.4
7/17/2026 13:45,459,462,458.8,460.6
7/17/2026 13:35,459.2,460.4,458.8,459
7/17/2026 13:25,458.2,460.8,458,459.2
7/17/2026 13:15,459.4,459.8,458,458.2
7/17/2026 13:05,461.8,462.2,458,459.8
7/17/2026 12:55,465.2,465.8,459.2,461.6
7/17/2026 11:55,465.2,465.6,465,465.2
7/17/2026 11:45,465.8,465.8,465.2,465.2
7/17/2026 11:35,466.2,466.2,465.4,465.6
7/17/2026 11:25,465.4,466.4,465.2,466
7/17/2026 11:15,466.6,467.6,465.2,465.4
7/17/2026 11:05,468.6,469.4,466.6,466.8
7/17/2026 10:55,465.4,469,465,468.8
7/17/2026 10:45,466.6,467,465.2,465.6
7/17/2026 10:35,468.4,468.6,466.2,466.6
7/17/2026 10:25,469.6,470,466,468.4
7/17/2026 10:15,471.4,472.6,469.4,469.6
7/17/2026 10:05,472.4,472.8,470,471.2
7/17/2026 9:55,469.4,473.2,469.4,472
7/17/2026 9:45,475.6,476.2,467.6,469.6
7/17/2026 9:35,479.4,480.2,475.4,475.8
7/17/2026 9:25,488.4,488.4,478.6,479.4
7/17/2026 9:15,488.8,488.8,488.8,488.8
7/16/2026 16:05,484,484,484,484
7/16/2026 15:55,484,484.2,483.4,483.8
7/16/2026 15:45,483.2,484,482.6,484
7/16/2026 15:35,483,483.8,482.6,483.2
7/16/2026 15:25,484.8,484.8,483,483.2
7/16/2026 15:15,484,484.8,483.8,484.8
7/16/2026 15:05,485,485.2,483.2,484
7/16/2026 14:55,483.4,485,483.2,484.8
7/16/2026 14:45,484.6,485.2,483.2,483.6
7/16/2026 14:35,482.2,484.8,480.6,484.8
7/16/2026 14:25,483.8,484,481.8,482.2
7/16/2026 14:15,484.4,484.6,482.8,483.8
7/16/2026 14:05,485,485.6,483.4,484.4
7/16/2026 13:55,487.4,487.6,484.8,485
7/16/2026 13:45,489.4,489.4,487.4,487.4
7/16/2026 13:35,488.6,489.4,488,489.4
7/16/2026 13:25,488.4,489.6,488.2,488.8
7/16/2026 13:15,489.6,490.6,488.2,488.6
7/16/2026 13:05,488.6,489.6,487.6,489.6
7/16/2026 12:55,489,489.4,487.2,488.8
7/16/2026 11:55,489.6,490,488.8,489
7/16/2026 11:45,488,489.8,487,489.6
7/16/2026 11:35,489.4,490,488,488.2
7/16/2026 11:25,489.8,490.6,488.6,489.2
7/16/2026 11:15,487.2,494.8,487,490.2
7/16/2026 11:05,486,487.2,485,487.2
7/16/2026 10:55,484,486,483.8,486
7/16/2026 10:45,483.6,485,483,484
7/16/2026 10:35,484.8,485,483.4,483.8
7/16/2026 10:25,482,484.8,482,484.6
7/16/2026 10:15,482.4,482.8,479.2,482
7/16/2026 10:05,483,483.4,481,482.4
7/16/2026 9:55,484.6,485.2,481.8,483
7/16/2026 9:45,484.4,487.4,484,484.8
7/16/2026 9:35,483,486.8,483,484.4
7/16/2026 9:25,478,484.8,477.4,483.2
7/16/2026 9:15,478,478,478,478
7/15/2026 16:05,474,474,474,474
7/15/2026 15:55,474,474.2,473.6,473.8
7/15/2026 15:45,472.6,474.6,472.4,474
7/15/2026 15:35,472.8,473,472,472.6
7/15/2026 15:25,472.4,472.8,472,472.6
7/15/2026 15:15,473,473.2,471.6,472.4
7/15/2026 15:05,473.8,474,472,472.8
7/15/2026 14:55,474.4,475,473.6,474
7/15/2026 14:45,473.8,474.6,473.6,474.6
7/15/2026 14:35,474.4,475,473,474
7/15/2026 14:25,473.6,476.4,473.6,474.2
7/15/2026 14:15,474.2,474.8,473,473.6
7/15/2026 14:05,473.4,474.4,472.4,474.4
7/15/2026 13:55,473,473.8,472.8,473.4
7/15/2026 13:45,473,473.2,472.4,473
7/15/2026 13:35,472.6,473.2,471.6,472.8
7/15/2026 13:25,471,473,470.2,472.6
7/15/2026 13:15,470.6,473,470.2,471
7/15/2026 13:05,472.8,473.4,470,470.6
7/15/2026 12:55,471.6,473.6,471.4,473
7/15/2026 11:55,472.2,472.4,471.6,471.6
7/15/2026 11:45,473.4,473.6,472,472.4
7/15/2026 11:35,471.8,474.4,471.6,473.6
7/15/2026 11:25,473,473.4,471.4,472
7/15/2026 11:15,472.6,473.8,471.8,473
7/15/2026 11:05,470.8,474.4,470.4,472.8
7/15/2026 10:55,471.4,471.6,469.4,470.8
7/15/2026 10:45,471.6,472.4,469.8,471.6
7/15/2026 10:35,468,471.8,466.6,471.6
7/15/2026 10:25,466,469,465.4,468.2
7/15/2026 10:15,468,468.2,466,466
7/15/2026 10:05,474,474.2,467.8,468
7/15/2026 9:55,469.8,475.8,469,474
7/15/2026 9:45,464,469.8,461.6,469.6
7/15/2026 9:35,458,464.8,457.4,464.2
7/15/2026 9:25,467.6,467.6,455.4,458.2
7/15/2026 9:15,467.6,467.6,467.6,467.6
7/14/2026 16:05,456.2,456.2,456.2,456.2
7/14/2026 15:55,456.6,456.8,456,456.4
7/14/2026 15:45,456.2,456.8,455.8,456.6
7/14/2026 15:35,457.6,457.6,456.2,456.2
7/14/2026 15:25,456.2,457.6,456.2,457.6
7/14/2026 15:15,456.8,457,455.2,456.2
7/14/2026 15:05,458,458.8,456.6,456.6
7/14/2026 14:55,456.8,458,456.4,458
7/14/2026 14:45,458.2,458.4,456.6,457
7/14/2026 14:35,458.4,459,457.2,458.2
7/14/2026 14:25,458.4,459.2,457.2,458.4
7/14/2026 14:15,456.8,458.8,456.6,458.6
7/14/2026 14:05,457.2,457.6,455.6,456.8
7/14/2026 13:55,455.2,457.2,455,457.2
7/14/2026 13:45,454,455.4,453.6,455.4
7/14/2026 13:35,455,455,453.8,454
7/14/2026 13:25,453.8,456.4,453.6,455
7/14/2026 13:15,455.4,455.4,453.2,453.8
7/14/2026 13:05,452.4,456,451.4,455.4
7/14/2026 12:55,450.8,457,450.8,452.4
7/14/2026 11:55,449.8,450.8,449.8,450.8
7/14/2026 11:45,449.2,450,448.6,450
7/14/2026 11:35,447.6,449.6,447.4,449.2
7/14/2026 11:25,448.6,449.6,447.4,447.6
7/14/2026 11:15,449,449.4,448.4,448.6
7/14/2026 11:05,449.6,450.4,448.4,449
7/14/2026 10:55,451.2,451.4,449.2,449.6
7/14/2026 10:45,452.4,452.6,449.4,451.4
7/14/2026 10:35,453.2,453.8,452.4,452.4
7/14/2026 10:25,454.4,454.8,451.6,453.2
7/14/2026 10:15,454,455,453,454.2
7/14/2026 10:05,450.6,455,450.6,454.2
7/14/2026 9:55,451,451.6,449.4,450.6
7/14/2026 9:45,448.4,452.6,448.2,451
7/14/2026 9:35,450.8,452,448.2,448.4
7/14/2026 9:25,457.4,457.4,450.8,450.8
7/14/2026 9:15,457.6,457.6,457.6,457.6
7/13/2026 16:05,457.6,457.6,457.6,457.6
7/13/2026 15:55,458.2,458.4,457.2,458.2
7/13/2026 15:45,458.2,458.2,457.6,458.2
7/13/2026 15:35,457.8,458.4,457.2,458
7/13/2026 15:25,458.6,459.2,457.6,457.8
7/13/2026 15:15,459,459.2,458.2,458.2
7/13/2026 15:05,459,460.2,458.6,458.8
7/13/2026 14:55,457.6,459.4,457.4,459.2
7/13/2026 14:45,458.6,459.4,457.4,457.6
7/13/2026 14:35,457.8,459,457.4,458.6
7/13/2026 14:25,456.8,458,456.2,458
7/13/2026 14:15,457,457.6,456.6,456.8
7/13/2026 14:05,458.2,458.4,457,457
7/13/2026 13:55,459.6,460,458.2,458.4
7/13/2026 13:45,459.6,461,459,459.6
7/13/2026 13:35,459.4,461.6,459.4,459.6
7/13/2026 13:25,458.2,460,457,459.6
7/13/2026 13:15,461,461.8,458,458
7/13/2026 13:05,460.2,461.8,459.8,460.8
7/13/2026 12:55,459.6,460.6,458.2,459.8
7/13/2026 11:55,459.4,460,459,459.6
7/13/2026 11:45,460.2,460.8,459.2,459.4
7/13/2026 11:35,460.4,461,459.6,460.2
7/13/2026 11:25,461.2,461.6,459.6,460.4
7/13/2026 11:15,461.4,462.2,460.2,461.4
7/13/2026 11:05,462.4,463,461.2,461.2
7/13/2026 10:55,463.4,464.2,462,462.6
7/13/2026 10:45,463.6,464.4,462.2,463.2
7/13/2026 10:35,467.4,467.4,463.6,463.6
7/13/2026 10:25,468.4,470.2,464.2,467.4
7/13/2026 10:15,470.6,470.6,466.6,468.2
7/13/2026 10:05,470.8,473.8,469.6,470.2
7/13/2026 9:55,470.6,473.2,468.4,470.6
7/13/2026 9:45,467.8,471.6,466.2,470.8
7/13/2026 9:35,465.6,468.4,463.2,467.6
7/13/2026 9:25,463,467.8,459.4,465.6
7/13/2026 9:15,463.2,463.2,463.2,463.2
7/10/2026 16:05,460.2,460.2,460.2,460.2
7/10/2026 15:55,459.6,460.4,459,459
7/10/2026 15:45,460.2,460.4,458.8,459.6
7/10/2026 15:35,460.2,461,460,460.4
7/10/2026 15:25,460.8,461.2,460,460.2
7/10/2026 15:15,461.2,461.4,460.2,460.6
7/10/2026 15:05,462,462,461,461.4
7/10/2026 14:55,461.6,463,461.4,461.8
7/10/2026 14:45,460.8,462,460.6,461.6
7/10/2026 14:35,461.2,461.8,460.4,460.6
7/10/2026 14:25,460.2,461.2,460.2,461.2
7/10/2026 14:15,460.4,461.2,460,460.4
7/10/2026 14:05,459.6,461.6,459.6,460.6
7/10/2026 13:55,460.6,461.4,459.4,459.6
7/10/2026 13:45,460.8,461.2,458.8,460.4
7/10/2026 13:35,459.8,462.4,459.8,460.8
7/10/2026 13:25,460.4,460.6,459,459.8
7/10/2026 13:15,464,464,460.2,460.4
7/10/2026 13:05,464.4,466,463.6,464
7/10/2026 12:55,467.2,467.6,463.2,464.2
7/10/2026 11:55,466.8,467.6,466.8,467.2
7/10/2026 11:45,467.6,468,466.6,466.8
7/10/2026 11:35,469.2,469.4,467.6,467.8
7/10/2026 11:25,469,470.6,468.2,469.4
7/10/2026 11:15,469.2,471,468,469
7/10/2026 11:05,467.6,469.4,467.4,469
7/10/2026 10:55,469.8,470.2,465.2,467.6
7/10/2026 10:45,465.8,471.8,465.8,469.8
7/10/2026 10:35,466.2,467.6,465.2,466
7/10/2026 10:25,468.4,469.2,465,466.4
7/10/2026 10:15,469.6,469.6,466.4,468.4
7/10/2026 10:05,466,469.8,465,469.6
7/10/2026 9:55,471.2,472.8,464.6,466.2
7/10/2026 9:45,463.2,471.4,463,471.4
7/10/2026 9:35,465.4,466.4,461.6,463.2
7/10/2026 9:25,472.8,473.6,465.2,465.4
7/10/2026 9:15,472.8,472.8,472.8,472.8
7/9/2026 16:05,469.6,469.6,469.6,469.6
7/9/2026 15:55,469.6,470.2,469.4,469.4
7/9/2026 15:45,469.6,470.6,469.4,469.6
7/9/2026 15:35,470,470.2,469.2,469.8
7/9/2026 15:25,470.4,470.4,469.4,470
7/9/2026 15:15,470.4,471,469.8,470.2
7/9/2026 15:05,469.4,470.8,468.6,470.2
7/9/2026 14:55,470.6,470.8,468.4,469.4
7/9/2026 14:45,470.8,470.8,470,470.6
7/9/2026 14:35,470.2,471.4,469.6,470.8
7/9/2026 14:25,470,470.8,469.2,470.4
7/9/2026 14:15,468.4,470,467.4,470
7/9/2026 14:05,469.6,471,468.2,468.4
7/9/2026 13:55,470.6,471.2,468.6,469.6
7/9/2026 13:45,469.4,472.8,469,470.6
7/9/2026 13:35,468.4,469.4,468.4,469.2
7/9/2026 13:25,469.4,470.8,467.2,468.4
7/9/2026 13:15,474.2,475,468.6,469.4
7/9/2026 13:05,473.6,475.2,472,474
7/9/2026 12:55,473.4,475,472.2,473.4
7/9/2026 11:55,473.8,474.2,472.6,473
7/9/2026 11:45,473.8,474.4,473.4,474
7/9/2026 11:35,474,474.4,473.4,473.6
7/9/2026 11:25,475.4,475.4,473.4,473.8
7/9/2026 11:15,474.8,476.2,474.4,475.4
7/9/2026 11:05,474.8,476.6,474.6,474.8
7/9/2026 10:55,478.8,478.8,474.8,474.8
7/9/2026 10:45,477.6,479.2,476,478.6
7/9/2026 10:35,480.2,480.8,477.2,477.6
7/9/2026 10:25,484.2,484.4,479.4,480
7/9/2026 10:15,484.4,485,482.4,484.2
7/9/2026 10:05,480.8,484.6,479.8,484.6
7/9/2026 9:55,471.8,483,471.6,480.8
7/9/2026 9:45,473.2,474.8,471.6,471.6
7/9/2026 9:35,480.6,485,472.6,473.2
7/9/2026 9:25,478.8,480.6,474.2,480.6
7/9/2026 9:15,479,479,479,479
7/8/2026 16:05,478.8,478.8,478.8,478.8
7/8/2026 15:55,478.6,479,478,478.4
7/8/2026 15:45,479,479,477.8,478.6
7/8/2026 15:35,478.4,479.4,477.6,478.8
7/8/2026 15:25,476.6,478.4,476.4,478.2
7/8/2026 15:15,474.8,477.4,473.4,476.6
7/8/2026 15:05,474.8,475.8,474.2,475
7/8/2026 14:55,476.8,477,474.4,474.8
7/8/2026 14:45,479.6,480.2,476.4,477
7/8/2026 14:35,481.4,481.6,479.4,479.6
7/8/2026 14:25,482.4,482.8,480.8,481.4
7/8/2026 14:15,479,482.6,479,482.4
7/8/2026 14:05,477,479.2,476.2,479.2
7/8/2026 13:55,479,479.4,476.8,476.8
7/8/2026 13:45,478.8,479,476,478.8
7/8/2026 13:35,476.4,479.6,476.4,478.8
7/8/2026 13:25,478.4,478.4,475.2,476.4
7/8/2026 13:15,476,479.8,475,478.4
7/8/2026 13:05,475.6,477.2,474.4,476
7/8/2026 12:55,475.6,475.6,472.2,475.6
7/8/2026 11:55,476.2,476.4,475.4,475.4
7/8/2026 11:45,477.8,478.4,476,476.2
7/8/2026 11:35,479,479.8,477.4,478
7/8/2026 11:25,475.8,480,475.6,479
7/8/2026 11:15,475.6,476.8,474.6,475.8
7/8/2026 11:05,476,477,474.4,475.6
7/8/2026 10:55,474.6,478,473,476.2
7/8/2026 10:45,474.4,475,472,474.4
7/8/2026 10:35,474.4,476,473.6,474.4
7/8/2026 10:25,477.8,478.8,474.4,474.4
7/8/2026 9:35,472.4,473,471.6,472.4
7/8/2026 9:25,461.2,472.6,460.6,472.2
7/8/2026 9:15,461.2,461.2,461.2,461.2
7/7/2026 16:05,461.2,461.2,461.2,461.2
7/7/2026 15:55,461.8,462.4,461.6,462.2
7/7/2026 15:45,461,462,460.6,461.8
7/7/2026 15:35,460,461,459.4,461
7/7/2026 15:25,460.2,460.6,459.6,460
7/7/2026 15:15,460.2,460.8,459.6,460.2
7/7/2026 15:05,460.4,460.8,459.8,460.4
7/7/2026 14:55,461.6,462,460.4,460.4
7/7/2026 14:45,460.8,461.8,460.2,461.6
7/7/2026 14:35,461.6,462.4,460.6,461
7/7/2026 14:25,461.4,462.6,461.4,461.4
7/7/2026 14:15,459.6,462.4,459,461.6
7/7/2026 14:05,461.4,461.4,459.4,459.6
7/7/2026 13:55,463.2,463.4,460.2,461.4
7/7/2026 13:45,463.8,464.2,462.4,463.4
7/7/2026 13:35,465.6,466.4,463.6,463.6
7/7/2026 13:25,463.2,465.6,463,465.6
7/7/2026 13:15,463.2,464.6,463,463.4
7/7/2026 13:05,464.4,465,463.2,463.2
7/7/2026 12:55,464.8,465.2,463.2,464.6
7/7/2026 11:55,464.2,465.2,464,464.8
7/7/2026 11:45,465.2,465.4,463.2,464.4
7/7/2026 11:35,466.4,467.4,464.6,465.2
7/7/2026 11:25,467.4,468.2,465.8,466.6
7/7/2026 11:15,468.6,469.6,466.2,467.4
7/7/2026 11:05,469.4,471.2,468,468.8
7/7/2026 10:55,469.4,470,467.6,469.2
7/7/2026 10:45,469.8,470.2,467,469.4
7/7/2026 10:35,473,474.6,469,469.8
7/7/2026 10:25,476.6,477.2,472.2,473
7/7/2026 10:15,477,479.8,474.6,476.8
7/7/2026 10:05,475,477.8,474.8,477.2
7/7/2026 9:55,474.2,475.6,469.4,475
7/7/2026 9:45,469.4,475,468.4,474.2
7/7/2026 9:35,468.6,469.6,466.2,469.4
7/7/2026 9:25,458.8,471,457,468.6
7/7/2026 9:15,459,459,459,459
7/6/2026 16:05,452,452,452,452
7/6/2026 15:55,451,452,450.6,450.8
7/6/2026 15:45,451.2,451.2,449.8,451.2
7/6/2026 15:35,450.8,451.8,450.6,451.2
7/6/2026 15:25,449,451.2,448.6,450.8
7/6/2026 15:15,447.4,449.4,447.4,449
7/6/2026 15:05,446.6,447.8,445.4,447.6
7/6/2026 14:55,447,448,446,446.4
7/6/2026 14:45,447.4,448.4,445.8,446.8
7/6/2026 14:35,448.2,448.4,446.2,447.4
7/6/2026 14:25,447.4,448.4,446.6,448.2
7/6/2026 14:15,446,447.4,445.2,447.2
7/6/2026 14:05,443.4,446,442,446
7/6/2026 13:55,444.8,445,441.2,443.4
7/6/2026 13:45,446.2,446.6,444.4,444.8
7/6/2026 13:35,447.4,448.2,446,446.2
7/6/2026 13:25,448.2,449,446.4,447.4
7/6/2026 13:15,448,449,446,448.2
7/6/2026 13:05,446.8,449,446.6,447.8
7/6/2026 12:55,447.6,447.8,444.2,446.8
7/6/2026 11:55,446.2,447.4,446,447.4
7/6/2026 11:45,446.8,447.4,446.2,446.2
7/6/2026 11:35,448.6,448.8,446.8,447
7/6/2026 11:25,446,448.6,445.6,448.6
7/6/2026 11:15,447.4,448.6,445.6,446
7/6/2026 11:05,448.6,452,447.2,447.4
7/6/2026 10:55,449.8,453.4,448.4,448.4
7/6/2026 10:45,449.4,450.2,446.2,449.8
7/6/2026 10:35,445.4,451.4,445.2,449
7/6/2026 10:25,451.2,451.8,444.4,445
7/6/2026 10:15,448.4,451.8,446.8,451.2
7/6/2026 10:05,440.8,448.6,440.4,448.2
7/6/2026 9:55,437,441.2,436.8,441
7/6/2026 9:45,434.6,438.2,433.6,437
7/6/2026 9:35,430.8,440,426.8,434.6
7/6/2026 9:25,432.8,433,425.4,430.8
7/6/2026 9:15,432.8,432.8,432.8,432.8
7/3/2026 16:05,431.2,431.2,431.2,431.2
7/3/2026 15:55,432.2,432.8,431.4,431.8
7/3/2026 15:45,432.4,432.4,431.4,432.2
7/3/2026 15:35,433,433.2,432.2,432.4
7/3/2026 15:25,433,433.8,432.2,433
7/3/2026 15:15,431.8,433.2,431.6,433.2
7/3/2026 15:05,433.4,433.6,431.8,432
7/3/2026 14:55,434.2,434.4,433.2,433.4
7/3/2026 14:45,435,435,433.6,434.2
7/3/2026 14:35,435,435.8,434.4,435
7/3/2026 14:25,435.8,437.2,434.8,434.8
7/3/2026 14:15,436,436.6,434.8,435.6
7/3/2026 14:05,435.6,436.2,435,436
7/3/2026 13:55,434.4,435.6,434,435.6
7/3/2026 13:45,434.2,434.6,433.4,434.4
7/3/2026 13:35,432.8,434.2,432.8,434
7/3/2026 13:25,432.2,433.6,431.2,432.8
7/3/2026 13:15,433,435,432.2,432.4
7/3/2026 13:05,433.6,434.4,432.8,433
7/3/2026 12:55,437.2,437.4,433.2,433.8
7/3/2026 11:55,437.4,437.6,437,437.2
7/3/2026 11:45,437.4,437.6,437,437.4
7/3/2026 11:35,438.6,438.6,437,437.2
7/3/2026 11:25,437.2,439.2,436.8,438.6
7/3/2026 11:15,437.2,438.2,436.6,437.2
7/3/2026 11:05,437,438.4,436,437.2
7/3/2026 10:55,436.2,437.6,435.2,437.2
7/3/2026 10:45,436.6,437.2,435.4,436.2
7/3/2026 10:35,437.6,437.6,436.4,436.6
7/3/2026 10:25,437.4,438,436,437.4
7/3/2026 10:15,439.2,439.8,437,437.4
7/3/2026 10:05,442.2,443.4,438.8,439
7/3/2026 9:55,444,445.8,441.6,442.2
7/3/2026 9:45,441.8,444.4,440,444
7/3/2026 9:35,438.6,443,435.8,441.8
7/3/2026 9:25,433.2,439,432.4,438.6
7/3/2026 9:15,433,433,433,433
7/2/2026 16:05,430.2,430.2,430.2,430.2
7/2/2026 15:55,430,430.8,429.4,430.2
7/2/2026 15:45,432,432,430,430
7/2/2026 15:35,430.2,432.4,430.2,432
7/2/2026 15:25,430.6,432.2,430.2,430.2
7/2/2026 15:15,431,431.2,430.2,430.4
7/2/2026 15:05,431.4,431.6,430.4,431
7/2/2026 14:55,432.8,433,431.4,431.4
7/2/2026 14:45,434.4,434.4,432,432.8
7/2/2026 14:35,435.4,435.4,434.2,434.2
7/2/2026 14:25,434.2,435.6,434.2,435.4
7/2/2026 14:15,434.6,435,433.4,434.4
7/2/2026 14:05,435.4,435.4,434.4,434.8
7/2/2026 13:55,435.2,436,435,435.2
7/2/2026 13:45,436.2,436.4,435,435
7/2/2026 13:35,435,437.2,434,436
7/2/2026 13:25,436.4,436.6,434,434.8
7/2/2026 13:15,438.4,438.8,436.4,436.6
7/2/2026 13:05,438.8,440.6,438.4,438.6
7/2/2026 12:55,438.4,439.8,437.6,438.6
7/2/2026 11:55,438.6,439,438.2,438.4
7/2/2026 11:45,439.2,439.4,438,438.8
7/2/2026 11:35,439,439.4,438,439.2
7/2/2026 11:25,436.6,439,436.2,438.8
7/2/2026 11:15,436.6,438.4,436,436.4
7/2/2026 11:05,437.6,439.6,436,436.6
7/2/2026 10:55,438.6,438.8,436.6,437.6
7/2/2026 10:45,438.2,439.2,438,438.6
7/2/2026 10:35,440.6,440.8,438,438.2
7/2/2026 10:25,439.8,443.6,439.8,440.6
7/2/2026 10:15,441.6,441.8,439.2,440
7/2/2026 10:05,441.6,443.4,440.8,441.4
7/2/2026 9:55,443.8,446.4,440.6,441.4
7/2/2026 9:45,443,445.6,441.6,443.6
7/2/2026 9:35,445.4,446.2,441.6,443
7/2/2026 9:25,442.6,447,438.4,445.2
7/2/2026 9:15,442.6,442.6,442.6,442.6
6/30/2026 16:05,429.8,429.8,429.8,429.8
6/30/2026 15:55,431.4,433.6,431.2,433.2
6/30/2026 15:45,433,433.2,431.2,431.4
6/30/2026 15:35,432.8,433.4,432.4,432.8
6/30/2026 15:25,431.8,433.8,431.6,432.6
6/30/2026 15:15,434,434.4,430.6,431.6
6/30/2026 15:05,430.6,435.6,430.4,434
6/30/2026 14:55,429.8,430.4,429,430.4
6/30/2026 14:45,429.6,429.8,428,429.8
6/30/2026 14:35,431.2,431.4,429.4,429.6
6/30/2026 14:25,431.6,432.4,430.4,431.2
6/30/2026 14:15,432.4,434,431,431.6
6/30/2026 14:05,434,434.8,431.6,432.6
6/30/2026 13:55,427.8,434,427.4,433.8
6/30/2026 13:45,424.6,429.6,424.6,427.8
6/30/2026 13:35,422.2,426,421.8,424.6
6/30/2026 13:25,421.8,422.2,420.8,422.2
6/30/2026 13:15,421,421.8,420.2,421.8
6/30/2026 13:05,420,422.2,419.8,421
6/30/2026 12:55,420.6,421.4,419.4,419.8
6/30/2026 11:55,420.4,420.6,419.8,420.6
6/30/2026 11:45,419.4,420.4,419.2,420.4
6/30/2026 11:35,419.6,420,419.4,419.4
6/30/2026 11:25,421,421.2,419.4,419.6
6/30/2026 11:15,420.8,423,420.6,421
6/30/2026 11:05,422.6,423.6,420.4,420.6
6/30/2026 10:55,421.8,422.6,421.2,422.6
6/30/2026 10:45,420.4,421.8,420.2,421.8
6/30/2026 10:35,421,421.8,420.2,420.6
6/30/2026 10:25,420.6,422.4,418.4,421
6/30/2026 10:15,423,423.2,420.4,420.6
6/30/2026 10:05,422.6,423.4,421,423.2
6/30/2026 9:55,422.6,424,421,422.6
6/30/2026 9:45,422.2,422.8,421.2,422.6
6/30/2026 9:35,425,425.6,422.2,422.4
6/30/2026 9:25,421,430,420,425
6/30/2026 9:15,421.2,421.2,421.2,421.2
6/29/2026 16:05,420.2,420.2,420.2,420.2
6/29/2026 15:55,421,421.8,420.6,421.4
6/29/2026 15:45,421.6,421.6,420.2,421
6/29/2026 15:35,422.2,422.8,421.2,421.6
6/29/2026 15:25,422.8,423,421,422.2
6/29/2026 15:15,422.4,423.2,421.8,423
6/29/2026 15:05,422.4,422.6,421.2,422.4
6/29/2026 14:55,423.4,423.4,422,422.4
6/29/2026 14:45,421.8,423.6,421.8,423.2
6/29/2026 14:35,421.8,422.2,421.2,421.8
6/29/2026 14:25,421.4,422.2,421,421.8
6/29/2026 14:15,421.4,422.4,421.2,421.6
6/29/2026 14:05,420.6,421.8,420.2,421.4
6/29/2026 13:55,421.2,421.4,420.4,420.6
6/29/2026 13:45,422.8,423.2,421,421.2
6/29/2026 13:35,424.6,424.6,422.6,422.8
6/29/2026 13:25,423.2,424.6,423,424.4
6/29/2026 13:15,424,425,423.2,423.4
6/29/2026 13:05,426.4,426.6,423.8,424
6/29/2026 12:55,428.2,428.8,424.6,426.2
6/29/2026 11:55,427.8,428.6,427.2,428.2
6/29/2026 11:45,430.6,430.8,427.6,427.8
6/29/2026 11:35,429,432,428.4,430.6
6/29/2026 11:25,426.8,429.6,426.2,429.2
6/29/2026 11:15,424.4,427,424,427
6/29/2026 11:05,423.4,424.6,422.4,424.6
6/29/2026 10:55,423.8,424.6,422.4,423.4
6/29/2026 10:45,420.8,423.8,420.6,423.8
6/29/2026 10:35,421.6,421.6,419.6,420.8
6/29/2026 10:25,422,423.6,421,421.6
6/29/2026 10:15,416.2,422.8,416,422.2
6/29/2026 10:05,417,419.2,416,416.4
6/29/2026 9:55,416.6,417.6,415.8,416.8
6/29/2026 9:45,418.4,418.4,415,416.6
6/29/2026 9:35,419.8,420.8,416.4,418.4
6/29/2026 9:25,416.8,421,416,419.6
6/29/2026 9:15,417,417,417,417
6/26/2026 16:05,411.8,411.8,411.8,411.8
6/26/2026 15:55,412.8,413.2,412.2,413.2
6/26/2026 15:45,412.4,412.8,411.6,412.8
6/26/2026 15:35,412.6,412.8,412.2,412.6
6/26/2026 15:25,413,413.4,412.4,412.8
6/26/2026 15:15,414.4,414.6,412.8,413.2
6/26/2026 15:05,413.2,414.6,412.4,414.6
6/26/2026 14:55,412.8,413.8,412.4,413.2
6/26/2026 14:45,413.8,413.8,412.2,412.8
6/26/2026 14:35,412.4,414,412.4,413.6
6/26/2026 14:25,413.4,414,412.4,412.4
6/26/2026 14:15,414,415,413,413.6
6/26/2026 14:05,414.4,414.6,413.2,414
6/26/2026 13:55,415.8,416,414.4,414.4
6/26/2026 13:45,415,416,414.4,415.8
6/26/2026 13:35,415.8,416.2,414.4,415
6/26/2026 13:25,416.6,417,415.2,415.8
6/26/2026 13:15,416.6,418.4,416,416.6
6/26/2026 13:05,415.2,416.8,414.8,416.8
6/26/2026 12:55,413.6,415.2,411.8,415.2
6/26/2026 11:55,413,413.8,412.8,413.8
6/26/2026 11:45,412,413.2,411.4,413
6/26/2026 11:35,411.6,412,411.4,411.8
6/26/2026 11:25,412.2,412.6,411.4,411.8
6/26/2026 11:15,412.2,412.4,411.6,412.4
6/26/2026 11:05,412.2,413.2,412,412.2
6/26/2026 10:55,411.6,413,411.4,412.2
6/26/2026 10:45,411.8,412.4,411,411.8
6/26/2026 10:35,413.2,414.4,411,411.8
6/26/2026 10:25,412.8,413.2,412.6,413.2
6/26/2026 10:15,414.2,414.4,412.6,412.6
6/26/2026 10:05,415,415,413,414
6/26/2026 9:55,417.2,417.4,414,414.8
6/26/2026 9:45,413.2,417.8,412.8,417.2
6/26/2026 9:35,414.6,415.6,412,413.4
6/26/2026 9:25,418.2,421.2,413.8,414.4
6/26/2026 9:15,418,418,418,418
6/25/2026 16:05,421.4,421.4,421.4,421.4
6/25/2026 15:55,423,423,422.4,422.6
6/25/2026 15:45,421.4,423.2,421,422.8
6/25/2026 15:35,421,421.8,420.8,421.4
6/25/2026 15:25,421.2,421.4,420.2,421.2
6/25/2026 15:15,421,421.8,420.8,421.2
6/25/2026 15:05,420.8,421.8,420.8,420.8
6/25/2026 14:55,420.8,421.6,420.4,421
6/25/2026 14:45,422,422.8,420.6,420.8
6/25/2026 14:35,422,422.8,421.2,422
6/25/2026 14:25,422.2,423,421.8,422
6/25/2026 14:15,421.2,422.8,421.2,422
6/25/2026 14:05,423.6,424,421.2,421.6
6/25/2026 13:55,422.4,423.8,422.4,423.4
6/25/2026 13:45,424.4,424.4,422.2,422.4
6/25/2026 13:35,423.8,424.4,422.4,424.4
6/25/2026 13:25,423.6,425.2,423.6,424
6/25/2026 13:15,424.2,425.2,423.4,423.8
6/25/2026 13:05,425.8,425.8,423.8,424.2
6/25/2026 12:55,423.4,426.6,421,425.8
6/25/2026 11:55,423.4,423.8,423.4,423.4
6/25/2026 11:45,422,423.8,421.6,423.6
6/25/2026 11:35,424,424.2,422,422.2
6/25/2026 11:25,425.8,426.8,422.6,423.8
6/25/2026 11:15,423.4,426.8,423.2,425.8
6/25/2026 11:05,423.2,425,422.6,423.4
6/25/2026 10:55,421.2,423.4,420.6,423.2
6/25/2026 10:45,418.6,422,418.6,421.2
6/25/2026 10:35,418.6,419.2,418.2,418.6
6/25/2026 10:25,418.8,419.6,418,418.6
6/25/2026 10:15,418.8,419.8,418,418.6
6/25/2026 10:05,421,421.4,418.6,418.8
6/25/2026 9:55,421.8,422.8,420.8,421
6/25/2026 9:45,419.6,422,419,421.8
6/25/2026 9:35,422.6,423,419.4,419.4
6/25/2026 9:25,428.6,428.6,422.8,422.8
6/25/2026 9:15,428.6,428.6,428.6,428.6
6/24/2026 16:05,428.8,428.8,428.8,428.8
6/24/2026 15:55,431,431,428.6,429.4
6/24/2026 15:45,430.6,431.4,430,430.8
6/24/2026 15:35,430.2,431.6,429.6,430.6
6/24/2026 15:25,429.6,430.6,429.2,430.4
6/24/2026 15:15,429,429.6,427.8,429.6
6/24/2026 15:05,428,429,427.6,429
6/24/2026 14:55,428.2,429.2,427.6,428
6/24/2026 14:45,429.6,430,428.2,428.4
6/24/2026 14:35,430.2,430.8,429.2,429.6
6/24/2026 14:25,429.6,431,429,430.2
6/24/2026 14:15,429.6,431,428.2,429.6
6/24/2026 14:05,430,430.6,428.2,429.6
6/24/2026 13:55,433.2,433.2,429.2,430
6/24/2026 13:45,434.2,434.6,430.2,433.2
6/24/2026 13:35,434,439.8,433.6,434.4
6/24/2026 13:25,428.8,434.4,428.2,433.8
6/24/2026 13:15,420,429.2,419.8,428.8
6/24/2026 13:05,418.8,420.4,418.6,419.8
6/24/2026 12:55,419,420,418,418.8
6/24/2026 11:55,418.2,419,418,419
6/24/2026 11:45,419,419,417.6,418.2
6/24/2026 11:35,418.4,419.6,418.4,419
6/24/2026 11:25,417.2,418.8,417,418.4
6/24/2026 11:15,417.4,418.4,416.6,417.2
6/24/2026 11:05,420,420.4,417.4,417.4
6/24/2026 10:55,417.8,421.6,417.6,419.8
6/24/2026 10:45,419.8,420.8,417.6,417.8
6/24/2026 10:35,416.4,419.8,416,419.6
6/24/2026 10:25,415.8,417,415.4,416.2
6/24/2026 10:15,416.4,417.6,415.8,416
6/24/2026 10:05,416.8,418.4,416,416.4
6/24/2026 9:55,417.6,417.8,415.6,416.6
6/24/2026 9:45,419.2,420.6,417.6,417.8
6/24/2026 9:35,418.6,420.6,417,419
6/24/2026 9:25,414.4,418.8,412.6,418.6
6/24/2026 9:15,414,414,414,414
6/23/2026 16:05,414.8,414.8,414.8,414.8
6/23/2026 15:55,415.4,415.6,414.8,415.2
6/23/2026 15:45,415.4,415.8,414.6,415.4
6/23/2026 15:35,416.2,416.2,415,415.2
6/23/2026 15:25,416.4,417.2,416,416
6/23/2026 15:15,416.4,416.6,415.6,416.6
6/23/2026 15:05,417,417.2,416,416.4
6/23/2026 14:55,415.4,417,415.4,417
6/23/2026 14:45,414.4,416,414.4,415.4
6/23/2026 14:35,416,416.2,414,414.6
6/23/2026 14:25,416.2,416.4,415.2,416.2
6/23/2026 14:15,417.2,417.4,416,416
6/23/2026 14:05,418.8,419,416.2,417
6/23/2026 13:55,417.8,419,417.4,418.8
6/23/2026 13:45,419.4,419.6,417.4,417.6
6/23/2026 13:35,417.8,419.6,417.6,419.6
6/23/2026 13:25,418,418,416.8,417.8
6/23/2026 13:15,418.4,419.4,417.2,418
6/23/2026 13:05,417.2,418.6,417,418.4
6/23/2026 12:55,417.6,417.6,415.6,417.2
6/23/2026 11:55,417.6,418,417.2,417.2
6/23/2026 11:45,417,417.8,416.6,417.8
6/23/2026 11:35,415.8,417.2,415.4,417.2
6/23/2026 11:25,416.6,416.8,413.6,415.8
6/23/2026 11:15,417.4,417.8,416.2,416.6
6/23/2026 11:05,418.4,419,416.8,417.4
6/23/2026 10:55,420.4,420.8,416,418.2
6/23/2026 10:45,423.6,423.8,420.2,420.6
6/23/2026 10:35,425.4,425.8,423.4,423.8
6/23/2026 10:25,424.6,426,424.4,425.2
6/23/2026 10:15,425.8,427.2,423.6,424.6
6/23/2026 10:05,427.2,427.4,425.6,425.8
6/23/2026 9:55,427.8,428.8,427,427.2
6/23/2026 9:45,429.4,431.4,427.6,427.6
6/23/2026 9:35,424.4,429.8,424,429.4
6/23/2026 9:25,430,432.4,424.2,424.4
6/23/2026 9:15,430,430,430,430
6/22/2026 16:05,433,433,433,433
6/22/2026 15:55,433.8,434.2,433.4,433.6
6/22/2026 15:45,434.4,434.6,433.8,433.8
6/22/2026 15:35,434,434.6,433.6,434.4
6/22/2026 15:25,434.6,435,434,434
6/22/2026 15:15,434.2,435,433.8,434.4
6/22/2026 15:05,434,434.4,433.6,434.2
6/22/2026 14:55,433.8,435.4,433.6,433.8
6/22/2026 14:45,433.6,434.6,433,433.8
6/22/2026 14:35,433.8,434,433,433.6
6/22/2026 14:25,434.6,435,433.2,433.6
6/22/2026 14:15,432,434.6,432,434.4
6/22/2026 14:05,431.8,432.4,430.8,432.2
6/22/2026 13:55,430.2,432,429.6,431.8
6/22/2026 13:45,430.2,431.2,429.6,430
6/22/2026 13:35,432,432.6,429.6,430.2
6/22/2026 13:25,432.4,433.4,431.4,432
6/22/2026 13:15,431.4,433,431.2,432.6
6/22/2026 13:05,430.6,431.6,428.4,431.4
6/22/2026 12:55,433,433.4,430.6,430.6
6/22/2026 11:55,433.8,433.8,432.8,433
6/22/2026 11:45,434.6,434.6,432.8,433.6
6/22/2026 11:35,435.2,435.8,434.4,434.6
6/22/2026 11:25,436,436.6,435,435
6/22/2026 11:15,436.4,437,435.8,436
6/22/2026 11:05,436.4,437,435.2,436.6
6/22/2026 10:55,436,437,435.2,436.4
6/22/2026 10:45,433.8,436.8,432.6,436
6/22/2026 10:35,433.2,434.4,432.8,434
6/22/2026 10:25,433.8,434,432.2,433.2
6/22/2026 10:15,433.8,436.2,433.4,434
6/22/2026 10:05,433.4,436.4,433.2,433.8
6/22/2026 9:55,435.2,435.4,433.4,433.4
6/22/2026 9:45,431.2,438,431,435.2
6/22/2026 9:35,432.8,435,431,431.2
6/22/2026 9:25,438.8,439,431,433
6/22/2026 9:15,439,439,439,439
6/18/2026 16:05,440.2,440.2,440.2,440.2
6/18/2026 15:55,437.4,438.6,437.4,438.4
6/18/2026 15:45,436.4,437.8,436.4,437.4
6/18/2026 15:35,436,437,436,436.4
6/18/2026 15:25,437,437,436,436.2
6/18/2026 15:15,436.6,437,436,436.8
6/18/2026 15:05,437.2,437.2,436.2,436.6
6/18/2026 14:55,436.8,437.6,436.8,437
6/18/2026 14:45,437,437.4,436.4,437
6/18/2026 14:35,436.4,437.2,436,437
6/18/2026 14:25,437.2,437.6,436.4,436.6
6/18/2026 14:15,438.2,438.2,437.2,437.2
6/18/2026 14:05,438.2,438.4,437.6,438.2
6/18/2026 13:55,436.8,438.4,436.4,438.2
6/18/2026 13:45,437,437.2,435.6,436.8
6/18/2026 13:35,437.4,437.8,436.8,436.8
6/18/2026 13:25,437.8,437.8,437,437.6
6/18/2026 13:15,437.6,438.2,437.2,437.6
6/18/2026 13:05,438.2,438.8,437.4,437.6
6/18/2026 12:55,439,439.6,438,438
6/18/2026 11:55,439.6,439.8,438.6,438.8
6/18/2026 11:45,438.4,439.8,438.2,439.8
6/18/2026 11:35,438.4,438.8,437.4,438.4
6/18/2026 11:25,439.2,439.4,438,438.2
6/18/2026 11:15,437.4,439.8,437.2,439
6/18/2026 11:05,437.6,438,437,437.4
6/18/2026 10:55,439,439.2,437.6,437.6
6/18/2026 10:45,438.2,439.8,437.4,439
6/18/2026 10:35,437,438.4,436.2,438
6/18/2026 10:25,437.4,437.6,436.6,437.2
6/18/2026 10:15,438.6,438.6,437.2,437.4
6/18/2026 10:05,441.6,442,438.4,438.6
6/18/2026 9:55,440.6,442.2,440,441.6
6/18/2026 9:45,443.8,446.2,440.4,440.6
6/18/2026 9:35,439.8,444.2,437.4,443.8
6/18/2026 9:25,440,441.8,439,439.6
6/18/2026 9:15,440,440,440,440
6/17/2026 16:05,445.4,445.4,445.4,445.4
6/17/2026 15:55,445.8,446.6,445.6,446.4
6/17/2026 15:45,445.4,446.8,445.4,445.8
6/17/2026 15:35,445.8,446.4,445.4,445.4
6/17/2026 15:25,446,446.2,445.6,446
6/17/2026 15:15,446.6,447,445.8,446.2
6/17/2026 15:05,445.8,447,445.6,446.6
6/17/2026 14:55,445.8,446.4,445.6,445.6
6/17/2026 14:45,446.2,447,445.6,445.8
6/17/2026 14:35,447.2,447.2,446.2,446.2
6/17/2026 14:25,447.4,447.4,446.4,447.2
6/17/2026 14:15,447.2,447.4,446.8,447.2
6/17/2026 14:05,447,448.6,446.8,447.2
6/17/2026 13:55,446.6,447.8,446.2,446.8
6/17/2026 13:45,447,447.8,446,446.6
6/17/2026 13:35,448.4,448.8,446.4,447.2
6/17/2026 13:25,449.2,449.4,448.4,448.4
6/17/2026 13:15,450.2,450.2,449,449.2
6/17/2026 13:05,449.8,450.6,448.6,450.4
6/17/2026 12:55,452,452.8,449.8,449.8
6/17/2026 11:55,452,452.4,451.4,452
6/17/2026 11:45,453.6,453.8,452,452
6/17/2026 11:35,452.2,454,451.4,453.6
6/17/2026 11:25,450.8,452.6,450.8,452
6/17/2026 11:15,449.4,452.4,449,451
6/17/2026 11:05,446.8,449.4,446.8,449.4
6/17/2026 10:55,446.2,447.4,445.6,447
6/17/2026 10:45,448,448.2,446,446.2
6/17/2026 10:35,448,448.4,447.2,448
6/17/2026 10:25,448.8,449.8,448,448
6/17/2026 10:15,447.6,449.2,447.6,448.6
6/17/2026 10:05,448.8,449.8,447.4,447.6
6/17/2026 9:55,448.2,449.2,448,449
6/17/2026 9:45,448.6,449,447.4,448.2
6/17/2026 9:35,449.4,450.4,448.2,448.6
6/17/2026 9:25,446.4,449.8,445.6,449.4
6/17/2026 9:15,445.6,445.6,445.6,445.6
6/16/2026 16:05,447.4,447.4,447.4,447.4
6/16/2026 15:55,446.8,447.4,446.8,447.4
6/16/2026 15:45,446.8,447.6,446.4,447
6/16/2026 15:35,446.6,446.8,446.6,446.8
6/16/2026 15:25,447,447.2,446.6,446.6
6/16/2026 15:15,447.2,448.6,447,447.2
6/16/2026 15:05,447,448,447,447.2
6/16/2026 14:55,447.4,447.4,446.6,447.2
6/16/2026 14:45,447,447.4,446.4,447.2
6/16/2026 14:35,446.8,447.4,446.2,446.8
6/16/2026 14:25,448.6,449,446.2,446.8
6/16/2026 14:15,448.2,448.6,448,448.6
6/16/2026 14:05,448.6,449,448,448.4
6/16/2026 13:55,448.2,448.8,448,448.8
6/16/2026 13:45,448,448.4,447.4,448
6/16/2026 13:35,447.2,448.6,447,447.8
6/16/2026 13:25,447,448,446.4,447.2
6/16/2026 13:15,448.4,448.4,446.8,447
6/16/2026 13:05,448.6,449.2,448.2,448.4
6/16/2026 12:55,447.8,449.6,446.6,448.6
6/16/2026 11:55,448.2,448.2,447.2,447.8
6/16/2026 11:45,447.2,448.4,447.2,448.2
6/16/2026 11:35,446.8,448.2,446.6,447.2
6/16/2026 11:25,446.2,447.2,446,446.8
6/16/2026 11:15,447.6,447.8,446,446.4
6/16/2026 11:05,447.6,447.8,446.2,447.6
6/16/2026 10:55,447.8,448.8,446.8,447.6
6/16/2026 10:45,448.2,448.2,446.2,447.6
6/16/2026 10:35,447.8,448.6,447.4,448.4
6/16/2026 10:25,448.2,448.2,445.4,447.8
6/16/2026 10:15,450.6,451.2,447,448
6/16/2026 10:05,452.2,452.8,450.4,450.6
6/16/2026 9:55,454.4,455,452.2,452.2
6/16/2026 9:45,452.8,457.4,452.8,454.4
6/16/2026 9:35,455,455.4,451.8,453
6/16/2026 9:25,462,462.4,455,455
6/16/2026 9:15,462.6,462.6,462.6,462.6
6/15/2026 16:05,459.6,459.6,459.6,459.6
6/15/2026 15:55,460,461,460,460.8
6/15/2026 15:45,460.6,461.2,460,460.2
6/15/2026 15:35,461.6,462,460.6,460.8
6/15/2026 15:25,462,462.6,461.4,461.8
6/15/2026 15:15,461.2,462.6,461.2,461.8
6/15/2026 15:05,460.8,461.6,460.8,461.4
6/15/2026 14:55,460.8,461,460,461
6/15/2026 14:45,460,460.8,460,460.8
6/15/2026 14:35,460.6,460.8,460,460.2
6/15/2026 14:25,460.4,460.8,460.4,460.8
6/15/2026 14:15,460.2,461,460,460.4
6/15/2026 14:05,461,461.6,460,460
6/15/2026 13:55,460,461.6,459.8,461
6/15/2026 13:45,460.6,460.8,459.8,460
6/15/2026 13:35,461,461.2,460.4,460.6
6/15/2026 13:25,461.8,461.8,461,461.2
6/15/2026 13:15,460.4,462,460,461.6
6/15/2026 13:05,459.2,461.4,459,460.2
6/15/2026 12:55,460.6,461.6,459,459.2
6/15/2026 11:55,460.8,461,460.4,460.6
6/15/2026 11:45,460.6,461.2,460.2,460.6
6/15/2026 11:35,460.8,461,460.4,460.6
6/15/2026 11:25,461.4,462,460.6,460.8
6/15/2026 11:15,462.4,463,460.8,461.6
6/15/2026 11:05,460,462.4,459.4,462.4
6/15/2026 10:55,461,461.4,457.8,460
6/15/2026 10:45,461.6,463,460.8,461.2
6/15/2026 10:35,461.8,462,460.4,461.4
6/15/2026 10:25,463.2,464,461.8,461.8
6/15/2026 10:15,464.2,464.2,461.2,463.2
6/15/2026 10:05,465.6,465.8,462.4,464.2
6/15/2026 9:55,466.2,466.6,465,465.8
6/15/2026 9:45,468,468.2,465.4,466.2
6/15/2026 9:35,470,470.8,465.6,468.2
6/15/2026 9:25,475,476.8,466.2,469.6
6/15/2026 9:15,475,475,475,475
6/12/2026 16:05,463.6,463.6,463.6,463.6
6/12/2026 15:55,463,463.8,462.4,462.4
6/12/2026 15:45,462.8,463,462,462.8
6/12/2026 15:35,462,463.2,461.8,462.8
6/12/2026 15:25,462.8,463,461.8,462
6/12/2026 15:15,461.6,462.8,461.4,462.8
6/12/2026 15:05,461.8,462.2,461.2,461.6
6/12/2026 14:55,462.2,462.4,461.2,461.8
6/12/2026 14:45,461.4,462.6,461.2,462.2
6/12/2026 14:35,463,463,461.4,461.6
6/12/2026 14:25,461.6,463,461.4,462.8
6/12/2026 14:15,462.8,462.8,461.6,461.6
6/12/2026 14:05,462.6,463.2,461.6,462.8
6/12/2026 13:55,463.4,463.6,462.2,462.6
6/12/2026 13:45,464.8,465,462.8,463.4
6/12/2026 13:35,463.8,465,462.6,464.8
6/12/2026 13:25,464.4,465,463.6,464
6/12/2026 13:15,465,465.8,463.8,464.6
6/12/2026 13:05,465.8,466.4,464.6,465
6/12/2026 12:55,465.8,467,465.6,466
6/12/2026 11:55,465.6,466,465.2,465.8
6/12/2026 11:45,465.4,466.8,465.2,465.4
6/12/2026 11:35,464.2,465.6,463.6,465.6
6/12/2026 11:25,463.8,465.2,463.4,464.4
6/12/2026 11:15,463.8,464,463,463.6
6/12/2026 11:05,462.4,463.8,461.4,463.8
6/12/2026 10:55,462.8,464,462,462.2
6/12/2026 10:45,461.8,463.2,461.2,462.8
6/12/2026 10:35,462.6,463.6,461,461.6
6/12/2026 10:25,461.2,463.4,460.4,462.6
6/12/2026 10:15,462.2,463,460.8,461
6/12/2026 10:05,463.8,464.6,461.8,462
6/12/2026 9:55,465,465.2,463.2,463.8
6/12/2026 9:45,462,465.8,462,464.8
6/12/2026 9:35,463.4,463.4,459.4,462
6/12/2026 9:25,466,466.2,461,463.2
6/12/2026 9:15,466,466,466,466
6/11/2026 16:05,457.2,457.2,457.2,457.2
6/11/2026 15:55,455.6,456,455.2,455.8
6/11/2026 15:45,455.8,456.4,455,455.6
6/11/2026 15:35,455.4,455.8,455,455.8
6/11/2026 15:25,456.4,456.4,455,455.2
6/11/2026 15:15,457.8,458.8,456.6,456.6
6/11/2026 15:05,456.8,458,456.2,458
6/11/2026 14:55,458.4,459,456.8,456.8
6/11/2026 14:45,457.2,458.8,456.4,458.6
6/11/2026 14:35,456.2,457.2,455.8,457.2
6/11/2026 14:25,457.2,457.8,456.2,456.2
6/11/2026 14:15,459.6,459.6,456.2,457
6/11/2026 14:05,458.8,459.8,458.4,459.8
6/11/2026 13:55,459.8,460.8,458.8,458.8
6/11/2026 13:45,460.6,460.8,459.4,459.8
6/11/2026 13:35,460.8,461.8,459.6,460.6
6/11/2026 13:25,460,461,458.4,461
6/11/2026 13:15,459.8,460.8,459.2,459.8
6/11/2026 13:05,460.2,460.8,458.6,459.8
6/11/2026 12:55,458.6,462.2,458.4,460.2
6/11/2026 11:55,457.6,458.6,457.6,458.6
6/11/2026 11:45,459.6,459.6,457.2,457.6
6/11/2026 11:35,458.4,460,458.2,459.6
6/11/2026 11:25,456.4,459.2,456,458.6
6/11/2026 11:15,457.6,458.2,455.6,456.4
6/11/2026 11:05,460.6,460.8,456.8,457.6
6/11/2026 10:55,459.8,460.8,458.8,460.6
6/11/2026 10:45,460,461.6,459.2,460
6/11/2026 10:35,458.4,460.4,458.4,460.2
6/11/2026 10:25,461.4,462,458.2,458.4
6/11/2026 10:15,462.6,464.2,461.2,461.4
6/11/2026 10:05,466,466.2,462.4,462.6
6/11/2026 9:55,469.4,470.6,466,466.2
6/11/2026 9:45,473.6,473.8,468.4,469.4
6/11/2026 9:35,474,475.6,472,473.8
6/11/2026 9:25,469.8,474.2,465.4,474
6/11/2026 9:15,469.8,469.8,469.8,469.8
6/10/2026 16:05,465.6,465.6,465.6,465.6
6/10/2026 15:55,465,465.4,464.6,465.4
6/10/2026 15:45,465.4,465.6,465,465
6/10/2026 15:35,466,466,465.4,465.4
6/10/2026 15:25,466,466.4,465.2,466
6/10/2026 15:15,466,467,465,465.8
6/10/2026 15:05,465.8,466.6,465,466.2
6/10/2026 14:55,466.8,467.6,465.6,465.8
6/10/2026 14:45,467.8,468,466.4,466.6
6/10/2026 14:35,467.2,468.2,466.6,467.8
6/10/2026 14:25,466.8,468.6,466.8,467.2
6/10/2026 14:15,468.2,468.6,466.6,466.8
6/10/2026 14:05,469.4,470,468,468.4
6/10/2026 13:55,466,469.8,466,469.6
6/10/2026 13:45,466,466.8,464.2,466.2
6/10/2026 13:35,465,467,464.8,466
6/10/2026 13:25,464.4,465.6,463.4,465
6/10/2026 13:15,464.2,466,464,464.4
6/10/2026 13:05,465.2,465.6,463.2,464.2
6/10/2026 12:55,467.6,467.8,464,465
6/10/2026 11:55,467.2,467.8,467,467.8
6/10/2026 11:45,467.6,468.2,466,467.2
6/10/2026 11:35,467.4,468.2,466.2,467.6
6/10/2026 11:25,469.6,471,466.6,467.4
6/10/2026 11:15,463.6,469.6,463.6,469.6
6/10/2026 11:05,464,468,463.6,463.6
6/10/2026 10:55,460.4,466.8,460.4,464
6/10/2026 10:45,460,462.4,459.6,460.4
6/10/2026 10:35,458.6,459.8,457.8,459.8
6/10/2026 10:25,459.8,460.2,458.4,458.4
6/10/2026 10:15,460,461,458.6,459.8
6/10/2026 10:05,459.4,461,458.8,460.2
6/10/2026 9:55,459.4,461,458.8,459.4
6/10/2026 9:45,461.2,465.6,458.8,459.2
6/10/2026 9:35,458.6,463.4,457.6,461.2
6/10/2026 9:25,454.4,458.8,451.6,458.8
6/10/2026 9:15,454.8,454.8,454.8,454.8
6/9/2026 16:05,453.2,453.2,453.2,453.2
6/9/2026 15:55,455.2,455.6,454.2,455.2
6/9/2026 15:45,455.8,455.8,454.4,455.2
6/9/2026 15:35,455.6,455.8,455.2,455.8
6/9/2026 15:25,457.6,457.6,455.4,455.6
6/9/2026 15:15,458.2,458.6,457.4,457.4
6/9/2026 15:05,459,459.2,458,458
6/9/2026 14:55,458.8,459.6,458.6,459.2
6/9/2026 14:45,458.8,459.4,458.2,459
6/9/2026 14:35,459,459.2,458.2,458.8
6/9/2026 14:25,460,460.2,458.8,459
6/9/2026 14:15,459.2,460.2,459,460
6/9/2026 14:05,461,462.2,459,459.2
6/9/2026 13:55,459.2,461,458.2,461
6/9/2026 13:45,460.6,460.8,459,459
6/9/2026 13:35,460.8,461.6,460.2,460.8
6/9/2026 13:25,457.6,460.8,457.4,460.8
6/9/2026 13:15,459.2,459.4,457.2,457.4
6/9/2026 13:05,462,462.2,459.2,459.2
6/9/2026 12:55,461,462.8,460.8,462
6/9/2026 11:55,460.8,461,460.2,461
6/9/2026 11:45,461,461,459.6,460.6
6/9/2026 11:35,460.2,461,459.4,461
6/9/2026 11:25,459.4,460.6,459.2,460.2
6/9/2026 11:15,463.2,465,458.2,459.2
6/9/2026 11:05,461.2,464.6,461.2,463.2
6/9/2026 10:55,461,462.4,460.6,461.2
6/9/2026 10:45,463.2,464.4,460,461
6/9/2026 10:35,465.2,465.2,461.8,463.4
6/9/2026 10:25,464,468.4,463.6,465.2
6/9/2026 10:15,464.2,465.6,461.8,464
6/9/2026 10:05,465,467.6,464,464.4
6/9/2026 9:55,463.4,466,462.8,465
6/9/2026 9:45,460.8,463.4,456.8,463.2
6/9/2026 9:35,452.4,461.6,450.8,461.2
6/9/2026 9:25,443.6,453.2,443.2,452.2
6/9/2026 9:15,443.8,443.8,443.8,443.8
6/8/2026 16:05,446.4,446.4,446.4,446.4
6/8/2026 15:55,445.8,446.6,445.6,446.4
6/8/2026 15:45,445.8,446.2,445.2,445.6
6/8/2026 15:35,446.4,446.6,445.6,445.8
6/8/2026 15:25,446.8,447.6,446,446.2
6/8/2026 15:15,446.4,447.4,446,447
6/8/2026 15:05,445.8,447.2,445.6,446.6
6/8/2026 14:55,446.4,446.8,445.4,446
6/8/2026 14:45,447.4,447.6,445.8,446.6
6/8/2026 14:35,447.2,447.4,446.2,447.4
6/8/2026 14:25,447.8,448.2,447.2,447.2
6/8/2026 14:15,445.8,448,445.6,447.8
6/8/2026 14:05,445.8,447.2,445.4,445.6
6/8/2026 13:55,444,446,443.8,446
6/8/2026 13:45,444,444.8,443.2,444
6/8/2026 13:35,447,447,444,444
6/8/2026 13:25,448.6,449.4,446.8,446.8
6/8/2026 13:15,448.6,449,447.4,448.4
6/8/2026 13:05,448.8,449.8,447.8,448.4
6/8/2026 12:55,449.6,450,448.2,448.6
6/8/2026 11:55,450,450.6,449.6,449.6
6/8/2026 11:45,449.6,450,448.6,450
6/8/2026 11:35,449.6,450.6,449,449.6
6/8/2026 11:25,451,451.6,448.4,449.6
6/8/2026 11:15,452.2,452.6,450.2,451.2
6/8/2026 11:05,455.4,455.8,452.2,452.2
6/8/2026 10:55,454.4,455.4,453.2,455.4
6/8/2026 10:45,456.8,458,453.4,454.6
6/8/2026 10:35,457,458.2,454.8,456.8
6/8/2026 10:25,450,457.2,449.8,457
6/8/2026 10:15,450.6,450.6,448.4,450
6/8/2026 10:05,450.2,451,447.8,450.6
6/8/2026 9:55,447.8,450.6,446.8,450.2
6/8/2026 9:45,447.6,448.4,446.6,448
6/8/2026 9:35,448.6,448.8,444.8,447.6
6/8/2026 9:25,447.6,452,445.4,448.4
6/8/2026 9:15,447.8,447.8,447.8,447.8
6/5/2026 16:05,453.2,453.2,453.2,453.2
6/5/2026 15:55,455.2,456.8,455,456.6
6/5/2026 15:45,455,455.6,455,455
6/5/2026 15:35,455.4,456.4,455,455
6/5/2026 15:25,455.6,455.8,454.8,455.4
6/5/2026 15:15,457.2,457.4,455.2,455.8
6/5/2026 15:05,457.4,457.6,456.6,457.4
6/5/2026 14:55,457.8,458.8,457.6,457.6
6/5/2026 14:45,458.6,459.6,456.6,457.6
6/5/2026 14:35,456,459.6,455.4,458.8
6/5/2026 14:25,453,456,453,455.6
6/5/2026 14:15,452.8,453.6,452.2,453.2
6/5/2026 14:05,452.6,453.8,452.2,453
6/5/2026 13:55,454,454,452.4,452.6
6/5/2026 13:45,455.2,455.4,453.8,453.8
6/5/2026 13:35,455.6,456.4,455,455
6/5/2026 13:25,456.4,456.6,455.2,455.6
6/5/2026 13:15,456.6,457.4,456,456.4
6/5/2026 13:05,457,457.4,456.2,456.4
6/5/2026 12:55,458.8,459.2,456.4,456.8
6/5/2026 11:55,458.2,458.8,458.2,458.8
6/5/2026 11:45,459,459,457.8,458.4
6/5/2026 11:35,456.8,459.2,456.8,459
6/5/2026 11:25,458.2,459.2,456.8,456.8
6/5/2026 11:15,458.2,459,456.2,458
6/5/2026 11:05,459.6,459.6,458,458
6/5/2026 10:55,460,460.8,459.4,459.6
6/5/2026 10:45,458,461.4,458,460.2
6/5/2026 10:35,460.4,460.6,458,458
6/5/2026 10:25,460.2,461.4,460,460.4
6/5/2026 10:15,462.4,462.8,459.2,460.4
6/5/2026 10:05,461.6,462.4,459,462.4
6/5/2026 9:55,460.8,463,458.6,461.4
6/5/2026 9:45,460.4,463.2,460,460.6
6/5/2026 9:35,465.2,465.8,458.4,460.4
6/5/2026 9:25,461.4,466.2,461,465.2
6/5/2026 9:15,461.6,461.6,461.6,461.6
6/4/2026 16:05,459,459,459,459
6/4/2026 15:55,458.6,459.4,458.4,459
6/4/2026 15:45,458.2,458.8,458.2,458.6
6/4/2026 15:35,459.6,459.8,458.2,458.2
6/4/2026 15:25,459,459.6,458.2,459.4
6/4/2026 15:15,458.6,459.2,457.6,459.2
6/4/2026 15:05,457.8,458.6,457.8,458.4
6/4/2026 14:55,458.4,459.2,457.8,458
6/4/2026 14:45,457.8,458.6,457.6,458.4
6/4/2026 14:35,456.8,458.2,456.6,457.8
6/4/2026 14:25,456,457.2,456,456.6
6/4/2026 14:15,456.6,457,456,456
6/4/2026 14:05,457,457.2,456.2,456.4
6/4/2026 13:55,457.4,457.6,456,457
6/4/2026 13:45,458.8,458.8,457.4,457.6
6/4/2026 13:35,457,458.8,456.8,458.8
6/4/2026 13:25,458.4,458.4,455.8,457
6/4/2026 13:15,458,459.4,457,458.4
6/4/2026 13:05,458.6,460.4,457.6,458.2
6/4/2026 12:55,457.4,458.6,457.2,458.6
6/4/2026 11:55,457.2,457.4,457.2,457.4
6/4/2026 11:45,457.6,457.8,457,457.4
6/4/2026 11:35,456.4,457.8,456.2,457.6
6/4/2026 11:25,456.6,457.4,456,456.2
6/4/2026 11:15,455.6,456.8,455.6,456.6
6/4/2026 11:05,457.8,458,455.6,455.8
6/4/2026 10:55,457.4,458.8,457.4,458
6/4/2026 10:45,458.2,458.6,456.6,457.2
6/4/2026 10:35,456.2,459.6,456.2,458.2
6/4/2026 10:25,457.4,458.2,456.2,456.2
6/4/2026 10:15,455.4,458,454.8,457.4
6/4/2026 10:05,458.2,458.6,455.2,455.4
6/4/2026 9:55,457.2,459.2,457,458.2
6/4/2026 9:45,460,460.6,456.2,457
6/4/2026 9:35,464.6,464.8,460,460.2
6/4/2026 9:25,462.6,468.6,460.8,464.4
6/4/2026 9:15,462.6,462.6,462.6,462.6
6/3/2026 16:05,466.4,466.4,466.4,466.4
6/3/2026 15:55,466.6,466.8,466,466.4
6/3/2026 15:45,466.2,467,466,466.4
6/3/2026 15:35,466.4,466.8,465.8,466.2
6/3/2026 15:25,465.2,466.4,464.8,466.4
6/3/2026 15:15,465.2,465.6,464.2,465.4
6/3/2026 15:05,465,465.4,464.2,465.4
6/3/2026 14:55,465.6,466.2,464.8,465
6/3/2026 14:45,465.6,466.2,465.4,465.6
6/3/2026 14:35,467,467.2,464.6,465.4
6/3/2026 14:25,463.6,467,463.4,467
6/3/2026 14:15,464,464.2,463.4,463.4
6/3/2026 14:05,464.2,464.2,463,463.8
6/3/2026 13:55,463.2,464.4,463,464.2
6/3/2026 13:45,464.2,464.4,463,463
6/3/2026 13:35,466,467,464.2,464.2
6/3/2026 13:25,464.4,466.4,464.2,466
6/3/2026 13:15,465.8,467.2,464.4,464.4
6/3/2026 13:05,463.6,468.4,463.6,465.6
6/3/2026 12:55,462.8,463.6,462,463.6
6/3/2026 11:55,462.2,463.2,462.2,462.8
6/3/2026 11:45,462.2,463,461.8,462.2
6/3/2026 11:35,462.2,463,461.6,462.2
6/3/2026 11:25,463.2,464.8,461.8,462.2
6/3/2026 11:15,463.4,463.8,462,463
6/3/2026 11:05,463.2,463.6,462,463.4
6/3/2026 10:55,463,464.4,462.6,463.4
6/3/2026 10:45,464.2,465.2,463,463
6/3/2026 10:35,464,465.2,462.2,464.2
6/3/2026 10:25,464.8,466.6,464,464.2
6/3/2026 10:15,465.6,467,464.2,464.8
6/3/2026 10:05,472.2,473.6,465.6,465.6
6/3/2026 9:55,468.6,472.6,468,472.4
6/3/2026 9:45,471,472.4,468.6,468.6
6/3/2026 9:35,478.6,478.6,470.6,471
6/3/2026 9:25,483.8,483.8,474.6,478.6
6/3/2026 9:15,484,484,484,484
6/2/2026 16:05,481.6,481.6,481.6,481.6
6/2/2026 15:55,480.2,483.8,480.2,483.6
6/2/2026 15:45,480.4,481.2,479.8,480.2
6/2/2026 15:35,479.6,480.8,478.4,480.4
6/2/2026 15:25,478.8,479.8,478.2,479.6
6/2/2026 15:15,478.8,480.2,478.8,478.8
6/2/2026 15:05,479.8,480.6,478.6,478.8
6/2/2026 14:55,480.8,481.6,479.2,479.6
6/2/2026 14:45,482.8,484.8,479.6,480.8
6/2/2026 14:35,477.8,483.6,476.8,483
6/2/2026 14:25,477,479,476.8,478
6/2/2026 14:15,475.8,479.4,475.6,476.8
6/2/2026 14:05,473.6,476,473.6,475.6
6/2/2026 13:55,473.8,474,473,473.6
6/2/2026 13:45,473.6,474,471.6,474
6/2/2026 13:35,473.6,474.4,472.8,473.4
6/2/2026 13:25,473.2,475,472.8,473.6
6/2/2026 13:15,474.4,475,470.8,473.4
6/2/2026 13:05,473,475,472.2,474.4
6/2/2026 12:55,470,473.2,469.6,473
6/2/2026 11:55,468,470,467.8,469.8
6/2/2026 11:45,466.4,468.4,465.8,468
6/2/2026 11:35,464.8,466.4,464.2,466.4
6/2/2026 11:25,464.4,464.8,462.8,464.6
6/2/2026 11:15,463.6,466,462.8,464.4
6/2/2026 11:05,464.4,465.4,462.6,463.6
6/2/2026 10:55,467.6,470.4,464,464.2
6/2/2026 10:45,469.4,472.8,465.6,467.6
6/2/2026 10:35,466,471,465.6,469.6
6/2/2026 10:25,463.8,466.2,460.6,466
6/2/2026 10:15,458,464,457,463.6
6/2/2026 10:05,450.6,458.2,450,458.2
6/2/2026 9:55,446,450.8,445.6,450.8
6/2/2026 9:45,441.4,446,440.8,445.8
6/2/2026 9:35,441.2,443.4,440.4,441.2
6/2/2026 9:25,438.2,441.6,437.4,441
6/2/2026 9:15,438,438,438,438
6/1/2026 16:05,436,436,436,436
6/1/2026 15:55,437,437.8,437,437.2
6/1/2026 15:45,436.8,437.2,436.4,437
6/1/2026 15:35,437.6,438,436.6,436.8
6/1/2026 15:25,437.6,438.6,437.2,437.6
6/1/2026 15:15,437.2,438,437,437.6
6/1/2026 15:05,438.2,439.2,437,437.4
6/1/2026 14:55,437.6,439,437.4,438.2
6/1/2026 14:45,435.8,438,435.4,437.4
6/1/2026 14:35,435.8,437,435.4,435.6
6/1/2026 14:25,435,436.4,435,435.8
6/1/2026 14:15,436.6,436.8,435,435
6/1/2026 14:05,436.8,439,436.6,436.6
6/1/2026 13:55,438,438.8,436.8,436.8
6/1/2026 13:45,436.2,438.4,436,438.4
6/1/2026 13:35,436.2,437.2,435.6,436.2
6/1/2026 13:25,436.8,437,435.4,436.2
6/1/2026 13:15,438.4,438.4,437,437
6/1/2026 13:05,439.8,440.4,438,438.4
6/1/2026 12:55,438.2,440,437.2,439.6
6/1/2026 11:55,438.4,439.4,438.2,438.2
6/1/2026 11:45,439.2,439.2,437.6,438.6
6/1/2026 11:35,440.2,440.2,438.4,439.2
6/1/2026 11:25,438.4,442,438.2,440.2
6/1/2026 11:15,435,438.4,434.4,438.2
6/1/2026 11:05,434,436.2,434,435
6/1/2026 10:55,433,435.6,432.4,434.2
6/1/2026 10:45,434.8,435,432.6,433
6/1/2026 10:35,435.4,436.6,432.6,434.8
6/1/2026 10:25,435.2,436.2,434.4,435.2
6/1/2026 10:15,432.4,435.2,431.6,435.2
6/1/2026 10:05,431.8,433.8,431.4,432.6
6/1/2026 9:55,433.2,433.4,430,431.8
6/1/2026 9:45,435.8,436.4,432.2,433.2
6/1/2026 9:35,438.8,439.2,435.4,435.6
6/1/2026 9:25,432.4,439.2,431,438.8
6/1/2026 9:15,432.4,432.4,432.4,432.4
5/29/2026 16:05,427.2,427.2,427.2,427.2
5/29/2026 15:55,428.8,430.2,428.8,429.8
5/29/2026 15:45,428.4,429.2,428.2,428.8
5/29/2026 15:35,428.4,428.8,428.2,428.4
5/29/2026 15:25,428.4,428.8,428.2,428.4
5/29/2026 15:15,429.2,429.4,428.4,428.4
5/29/2026 15:05,429.6,429.8,428.4,429.2
5/29/2026 14:55,430,430.6,429.6,429.6
5/29/2026 14:45,429.4,430.2,428.8,430
5/29/2026 14:35,430.6,430.6,429.4,429.4
5/29/2026 14:25,429.6,431,429.6,430.4
5/29/2026 14:15,429,430.6,428.8,429.6
5/29/2026 14:05,429.6,430,428.2,429
5/29/2026 13:55,430,430.8,429.2,429.6
5/29/2026 13:45,431.8,432.6,429.6,430.2
5/29/2026 13:35,432.4,432.4,430.6,431.8
5/29/2026 13:25,432.6,432.8,430.8,432.4
5/29/2026 13:15,433.2,433.4,431.2,432.6
5/29/2026 13:05,435.4,435.6,432.6,433.4
5/29/2026 12:55,436.2,436.8,435,435.4
5/29/2026 11:55,438,438,435.8,436.2
5/29/2026 11:45,437.4,438.4,437,437.8
5/29/2026 11:35,435.2,438,434.8,437.6
5/29/2026 11:25,433.4,435.8,433,435.4
5/29/2026 11:15,429.8,436.4,429.2,433.4
5/29/2026 11:05,426.8,432.6,426.6,429.8
5/29/2026 10:55,425.4,427.2,424.8,426.6
5/29/2026 10:45,425.2,426.2,424.8,425.4
5/29/2026 10:35,425.6,425.8,424.2,425.2
5/29/2026 10:25,426,426.4,425,425.8
5/29/2026 10:15,427,427.2,424.6,426.2
5/29/2026 10:05,425.2,427.4,425,427.2
5/29/2026 9:55,424.6,425.2,423.6,425.2
5/29/2026 9:45,426.6,426.8,424.2,424.6
5/29/2026 9:35,427.6,429.2,426.6,426.8
5/29/2026 9:25,428.2,428.4,425.4,427.6
5/29/2026 9:15,428.2,428.2,428.2,428.2
5/28/2026 16:05,425,425,425,425
5/28/2026 15:55,423.8,424.6,423.8,424.4
5/28/2026 15:45,424.4,424.4,423.6,423.8
5/28/2026 15:35,423.4,425,423.4,424.2
5/28/2026 15:25,424.4,424.4,423.4,423.4
5/28/2026 15:15,424,424.4,423.6,424.2
5/28/2026 15:05,423.8,424.2,423.2,423.8
5/28/2026 14:55,424.2,424.8,423.8,423.8
5/28/2026 14:45,423.8,424.6,423.4,424
5/28/2026 14:35,424.2,424.8,423.8,423.8
5/28/2026 14:25,424.2,424.6,423.8,424
5/28/2026 14:15,423.8,425,423.6,424
5/28/2026 14:05,424.4,425.2,423.6,423.8
5/28/2026 13:55,424.2,425.8,424.2,424.4
5/28/2026 13:45,424,425.2,424,424.2
5/28/2026 13:35,424,424.8,423.4,424.2
5/28/2026 13:25,422.8,424.4,422.8,424
5/28/2026 13:15,421,423.2,420.6,422.6
5/28/2026 13:05,421.2,421.4,420.4,421
5/28/2026 12:55,421.6,421.8,420.4,421
5/28/2026 11:55,421.2,422,421,421.6
5/28/2026 11:45,421.6,422,421,421.2
5/28/2026 11:35,422.8,422.8,421.2,421.4
5/28/2026 11:25,422.6,423.2,422.4,422.8
5/28/2026 11:15,422.2,422.8,422,422.4
5/28/2026 11:05,422.2,422.6,421.6,422.4
5/28/2026 10:55,421.4,422.6,421.4,422.2
5/28/2026 10:45,422.2,422.8,421.4,421.6
5/28/2026 10:35,425,425,422,422.2
5/28/2026 10:25,424.2,425.4,423.8,425
5/28/2026 10:15,426,426.8,424,424
5/28/2026 10:05,423.8,426.6,423.6,426
5/28/2026 9:55,425.4,425.8,423.8,424
5/28/2026 9:45,428.2,428.4,424.4,425.4
5/28/2026 9:35,429.2,430.4,428,428.4
5/28/2026 9:25,431,432.8,429,429.4
5/28/2026 9:15,431,431,431,431
5/27/2026 16:05,434.4,434.4,434.4,434.4
5/27/2026 15:55,434,435,433.6,434.8
5/27/2026 15:45,434,434.2,433.6,434
5/27/2026 15:35,434.2,434.4,434,434
5/27/2026 15:25,434.8,435,434,434.2
5/27/2026 15:15,434.4,435,434.2,434.8
5/27/2026 15:05,434.8,435.2,434.4,434.4
5/27/2026 14:55,434.8,435.2,434.6,434.8
5/27/2026 14:45,435,435.4,434.8,435
5/27/2026 14:35,436.4,436.6,435,435
5/27/2026 14:25,436.6,437.2,435.6,436.4
5/27/2026 14:15,435,437,434.8,436.6
5/27/2026 14:05,434.6,435.6,434.6,435
5/27/2026 13:55,434.8,435,434.4,434.6
5/27/2026 13:45,435.2,435.6,434.2,434.6
5/27/2026 13:35,434.6,436,434.6,435.4
5/27/2026 13:25,434.8,435.4,434.6,434.6
5/27/2026 13:15,435.2,435.4,434.2,434.8
5/27/2026 13:05,435.4,435.8,435.2,435.2
5/27/2026 12:55,434.8,435.6,434.2,435.6
5/27/2026 11:55,434.6,434.8,434.2,434.6
5/27/2026 11:45,434.8,435.2,434.6,434.6
5/27/2026 11:35,434.8,435.6,434.6,434.8
5/27/2026 11:25,434.4,435,434.2,434.6
5/27/2026 11:15,434.4,434.8,433.8,434.6
5/27/2026 11:05,435.2,436,434,434
5/27/2026 10:55,435,435.4,434,435
5/27/2026 10:45,434.8,435.4,434.2,435.2
5/27/2026 10:35,435.2,435.4,434,434.8
5/27/2026 10:25,436.2,436.4,435.2,435.2
5/27/2026 10:15,438.2,438.8,435.8,436
5/27/2026 10:05,438.6,439.2,437.8,438.2
5/27/2026 9:55,437.2,439.4,437,438.4
5/27/2026 9:45,440.8,440.8,436.6,437.2
5/27/2026 9:35,439,442.6,439,440.8
5/27/2026 9:25,435.8,439.6,435,439
5/27/2026 9:15,435.8,435.8,435.8,435.8
5/26/2026 16:05,439,439,439,439
5/26/2026 15:55,439.4,440,439.4,440
5/26/2026 15:45,438.6,439.8,438.6,439.6
5/26/2026 15:35,438.4,438.8,438,438.6
5/26/2026 15:25,438.8,439,438.4,438.4
5/26/2026 15:15,438.6,439,438,439
5/26/2026 15:05,439.2,439.2,438.2,438.6
5/26/2026 14:55,438.4,439.6,438.4,439.4
5/26/2026 14:45,438.8,439.4,438.2,438.4
5/26/2026 14:35,438.6,439.6,438.6,438.8
5/26/2026 14:25,438.4,439.2,438.2,438.6
5/26/2026 14:15,439,439,437.8,438.4
5/26/2026 14:05,437.2,439,437.2,439
5/26/2026 13:55,436.8,437.6,436.4,437
5/26/2026 13:45,437.6,438,436.4,436.8
5/26/2026 13:35,438.8,439,437.6,437.6
5/26/2026 13:25,437.4,439,437,438.6
5/26/2026 13:15,438.4,439,437,437.6
5/26/2026 13:05,439.4,439.6,438.2,438.2
5/26/2026 12:55,440,440.2,438.6,439.4
5/26/2026 11:55,439.2,440.2,439.2,440
5/26/2026 11:45,438.8,439.6,438.4,439.2
5/26/2026 11:35,439,439.6,438.6,438.8
5/26/2026 11:25,438.4,439.4,437.8,439.2
5/26/2026 11:15,438.6,439.6,438.2,438.4
5/26/2026 11:05,437,439,437,438.6
5/26/2026 10:55,437.8,438.8,437,437
5/26/2026 10:45,437.4,438.4,437,438
5/26/2026 10:35,438,438.8,436.4,437.4
5/26/2026 10:25,439.8,440,437.4,438
5/26/2026 10:15,438,441,438,439.8
5/26/2026 10:05,436.4,439.2,436.2,438
5/26/2026 9:55,436.6,437,435.2,436.4
5/26/2026 9:45,433.6,436.6,432.2,436.6
5/26/2026 9:35,435.8,435.8,433.4,433.6
5/26/2026 9:25,438,439.6,432,435.8
5/26/2026 9:15,438,438,438,438
5/22/2026 16:05,441.4,441.4,441.4,441.4
5/22/2026 15:55,441.8,442.4,441,441
5/22/2026 15:45,441.8,442,441.4,441.8
5/22/2026 15:35,441.8,442,440.8,441.6
5/22/2026 15:25,442,442.8,441.8,441.8
5/22/2026 15:15,441,442.2,440.8,442.2
5/22/2026 15:05,441.2,441.8,440.6,441
5/22/2026 14:55,442,442,441,441.2
5/22/2026 14:45,442.8,443.4,441.4,441.8
5/22/2026 14:35,442.8,443.4,442.6,442.6
5/22/2026 14:25,442.2,443.4,442.2,442.6
5/22/2026 14:15,442.4,443,441.6,442.2
5/22/2026 14:05,442,442.8,442,442.4
5/22/2026 13:55,442.4,442.6,441,442
5/22/2026 13:45,442.4,442.8,442,442.4
5/22/2026 13:35,442.2,443,442.2,442.4
5/22/2026 13:25,442.2,443,441.6,442.4
5/22/2026 13:15,443,443.2,441.4,442.2
5/22/2026 13:05,443,443.6,442.4,443
5/22/2026 12:55,442.8,443.8,442.8,443.2
5/22/2026 11:55,443.2,443.4,442.6,442.8
5/22/2026 11:45,441.6,443.4,441.6,443.2
5/22/2026 11:35,442,443,441.6,441.8
5/22/2026 11:25,440.6,442.2,440.6,441.8
5/22/2026 11:15,441,441.2,439.8,440.6
5/22/2026 11:05,442,442,440.6,440.8
5/22/2026 10:55,441.8,442.6,441.6,442
5/22/2026 10:45,441.4,442.4,440.6,441.8
5/22/2026 10:35,440,442.2,439.8,441.4
5/22/2026 10:25,440.2,440.4,438.8,440.2
5/22/2026 10:15,442.6,442.8,440,440.2
5/22/2026 10:05,443,444.2,442,442.4
5/22/2026 9:55,442.4,443.8,442.4,443
5/22/2026 9:45,443.8,445,442.2,442.6
5/22/2026 9:35,442.8,444.8,442,443.8
5/22/2026 9:25,442.6,444,441,443
5/22/2026 9:15,442.2,442.2,442.2,442.2
5/21/2026 16:05,439,439,439,439
5/21/2026 15:55,439,439.8,439,439
5/21/2026 15:45,439.4,439.8,439,439
5/21/2026 15:35,439.4,439.4,438.8,439.2
5/21/2026 15:25,440.6,440.6,439.2,439.4
5/21/2026 15:15,439,440.6,438.4,440.4
5/21/2026 15:05,440,440.6,439,439.2
5/21/2026 14:55,440.4,441,439.8,440
5/21/2026 14:45,440.4,440.8,439.8,440.2
5/21/2026 14:35,440.2,440.8,439.4,440.2
5/21/2026 14:25,440.8,440.8,440.2,440.2
5/21/2026 14:15,441,441.6,440.2,440.8
5/21/2026 14:05,441,441.4,440.2,441
5/21/2026 13:55,441.2,442.2,440.6,441.2
5/21/2026 13:45,443,443,439.4,441.2
5/21/2026 13:35,443.4,444,442.4,442.8
5/21/2026 13:25,446.4,446.6,443.2,443.2
5/21/2026 13:15,446.2,447,446.2,446.4
5/21/2026 13:05,447,447.8,446.2,446.4
5/21/2026 12:55,447.4,448.6,446.8,447
5/21/2026 11:55,447,447.4,447,447.2
5/21/2026 11:45,447.4,448,447,447
5/21/2026 11:35,447.4,447.8,447,447.4
5/21/2026 11:25,448.6,448.8,447.4,447.6
5/21/2026 11:15,448,449.2,447.8,448.8
5/21/2026 11:05,448.2,448.4,447.2,448
5/21/2026 10:55,447.8,449,447.8,448.4
5/21/2026 10:45,448.8,449,447,447.8
5/21/2026 10:35,448.4,449.6,448,449
5/21/2026 10:25,450.2,450.6,448,448.2
5/21/2026 10:15,451.8,451.8,449.4,450.2
5/21/2026 10:05,452,454,451.6,451.8
5/21/2026 9:55,453.6,453.8,451.6,452.2
5/21/2026 9:45,456.8,457.6,453,453.6
5/21/2026 9:35,455.8,458,455.4,457
5/21/2026 9:25,459.8,459.8,454.6,455.8
5/21/2026 9:15,460,460,460,460
5/20/2026 16:05,455.2,455.2,455.2,455.2
5/20/2026 15:55,456,457,455.8,457
5/20/2026 15:45,456.6,456.6,456,456
5/20/2026 15:35,456.8,456.8,456.2,456.6
5/20/2026 15:25,457,457.4,456.4,456.8
5/20/2026 15:15,457.2,457.6,456.2,457
5/20/2026 15:05,456.6,457.8,456.4,457
5/20/2026 14:55,456.4,457,456,456.6
5/20/2026 14:45,454.4,456.4,454.4,456.2
5/20/2026 14:35,454.2,455.6,454.2,454.4
5/20/2026 14:25,454.6,455.4,454.2,454.2
5/20/2026 14:15,454.2,455.2,453.8,454.4
5/20/2026 14:05,454.2,454.4,453.8,454
5/20/2026 13:55,454,454.6,454,454.4
5/20/2026 13:45,454.4,454.4,453.6,454.2
5/20/2026 13:35,454.2,455.2,454.2,454.4
5/20/2026 13:25,455.2,455.2,454.2,454.2
5/20/2026 13:15,456.8,456.8,455,455
5/20/2026 13:05,457.6,457.8,456.6,456.6
5/20/2026 12:55,457.4,458.4,456.8,457.6
5/20/2026 11:55,458.2,458.6,457.2,457.4
5/20/2026 11:45,458.2,458.4,457.8,458
5/20/2026 11:35,457.6,458.6,457.6,458
5/20/2026 11:25,456.6,457.8,456.6,457.4
5/20/2026 11:15,456.8,457.2,456.8,456.8
5/20/2026 11:05,456.2,457.2,456.2,457
5/20/2026 10:55,456.2,456.8,456,456.4
5/20/2026 10:45,457.4,457.8,456.2,456.2
5/20/2026 10:35,457.4,458.4,457.2,457.4
5/20/2026 10:25,458.8,459.2,457.2,457.4
5/20/2026 10:15,458.2,459.4,458,458.8
5/20/2026 10:05,459,459.2,457.4,458.2
5/20/2026 9:55,460.4,460.8,458.8,459
5/20/2026 9:45,459.2,460.8,458.6,460.2
5/20/2026 9:35,459.2,459.8,458.2,459.2
5/20/2026 9:25,460,463.4,459,459
5/20/2026 9:15,460,460,460,460
5/19/2026 16:05,460,460,460,460
5/19/2026 15:55,461.6,462,461,461.4
5/19/2026 15:45,461.2,461.8,460.8,461.4
5/19/2026 15:35,460.4,461.4,460.4,461.2
5/19/2026 15:25,461.6,461.8,460.4,460.4
5/19/2026 15:15,462.2,462.6,461.2,461.4
5/19/2026 15:05,462.8,463,461.8,462.4
5/19/2026 14:55,462.6,463,461.8,463
5/19/2026 14:45,462.8,463,462,462.4
5/19/2026 14:35,462,463,461.6,462.8
5/19/2026 14:25,461.8,462.8,461.2,462
5/19/2026 14:15,460.6,462.2,460.2,461.8
5/19/2026 14:05,459.8,461.2,459.4,460.6
5/19/2026 13:55,460.4,460.8,459,459.8
5/19/2026 13:45,459,460.6,458.8,460.4
5/19/2026 13:35,458.6,460.2,458.4,459
5/19/2026 13:25,458.8,460,458.4,458.6
5/19/2026 13:15,459.6,460.2,458.4,458.8
5/19/2026 13:05,459.6,460.8,458.8,459.6
5/19/2026 12:55,461.4,461.4,459.2,459.6
5/19/2026 11:55,461.8,461.8,461.2,461.4
5/19/2026 11:45,461.6,462.6,461.4,461.6
5/19/2026 11:35,461.2,461.6,460.6,461.6
5/19/2026 11:25,461,462,460.4,461.2
5/19/2026 11:15,461.2,462.6,460.8,461
5/19/2026 11:05,462.2,462.4,460.4,461.2
5/19/2026 10:55,464,464.2,462,462.2
5/19/2026 10:45,466.8,466.8,464,464
5/19/2026 10:35,468.4,468.8,465.6,466.8
5/19/2026 10:25,464.4,468.6,464,468.6
5/19/2026 10:15,460.8,464.8,460.8,464.4
5/19/2026 10:05,461.4,462.8,460.4,461
5/19/2026 9:55,459.8,461.8,458.2,461.2
5/19/2026 9:45,457,460.4,456.6,460
5/19/2026 9:35,454,457,453.6,457
5/19/2026 9:25,449.4,454.2,448.6,454.2
5/19/2026 9:15,449.2,449.2,449.2,449.2
5/18/2026 16:05,449.2,449.2,449.2,449.2
5/18/2026 15:55,448.2,449.4,448.2,449.4
5/18/2026 15:45,448.2,449.4,448,448.2
5/18/2026 15:35,448.6,448.8,448,448.2
5/18/2026 15:25,447.4,449,447.2,448.8
5/18/2026 15:15,448.2,448.4,447,447.4
5/18/2026 15:05,448.2,448.6,447.6,448.4
5/18/2026 14:55,447.6,449.4,447.4,448
5/18/2026 14:45,447.4,448,447,447.6
5/18/2026 14:35,446.8,447.4,446.4,447.2
5/18/2026 14:25,447.4,447.4,445.8,446.8
5/18/2026 14:15,446.8,447.6,446.8,447.2
5/18/2026 14:05,447,447.6,446.6,447
5/18/2026 13:55,447.8,448,446.6,447
5/18/2026 13:45,448.4,449,447.8,448
5/18/2026 13:35,448.8,449.8,448.2,448.2
5/18/2026 13:25,448.8,449.2,448.4,448.8
5/18/2026 13:15,450.2,450.2,448.4,448.8
5/18/2026 13:05,450.4,451.6,450,450
5/18/2026 12:55,450,450.6,449.2,450.6
5/18/2026 11:55,449.8,450.6,449.4,450
5/18/2026 11:45,450.2,450.6,449.8,449.8
5/18/2026 11:35,448.8,450.4,448.6,450.4
5/18/2026 11:25,447.4,448.8,447.4,448.8
5/18/2026 11:15,448.6,448.8,446.8,447.6
5/18/2026 11:05,450.6,450.8,448.2,448.6
5/18/2026 10:55,450.8,451,450.2,450.6
5/18/2026 10:45,450.6,451.4,450.2,450.8
5/18/2026 10:35,451.2,451.8,450.2,450.6
5/18/2026 10:25,452,453,450.8,451.2
5/18/2026 10:15,451.4,452,450.6,452
5/18/2026 10:05,453.4,453.4,450.4,451.2
5/18/2026 9:55,453,455,452,453.4
5/18/2026 9:45,457.4,457.8,452.8,452.8
5/18/2026 9:35,450.8,457.8,450.4,457.4
5/18/2026 9:25,455,455.6,450.2,450.8
5/18/2026 9:15,455,455,455,455
5/15/2026 16:05,456.4,456.4,456.4,456.4
5/15/2026 15:55,455.6,456.4,455.4,456.4
5/15/2026 15:45,456.2,456.4,455.2,455.6
5/15/2026 15:35,455.6,456.4,455.4,456.2
5/15/2026 15:25,456.2,456.8,455.2,455.6
5/15/2026 15:15,457.2,457.4,456,456
5/15/2026 15:05,457.6,458.2,456.8,457.2
5/15/2026 14:55,456.4,457.8,456.2,457.8
5/15/2026 14:45,457.4,458,456.2,456.2
5/15/2026 14:35,454.4,457.4,454.4,457.4
5/15/2026 14:25,454.2,455,454.2,454.6
5/15/2026 14:15,456,456.8,454.2,454.2
5/15/2026 14:05,455.4,456.4,455.4,456
5/15/2026 13:55,456.2,457.6,455,455.6
5/15/2026 13:45,457,457.6,456.2,456.2
5/15/2026 13:35,458,458.6,457,457.2
5/15/2026 13:25,459.6,459.8,458,458.2
5/15/2026 13:15,459.4,460.2,459.2,459.8
5/15/2026 13:05,459.6,459.6,457.6,459.4
5/15/2026 12:55,459.8,460,457.6,459.6
5/15/2026 11:55,458,459.8,457.8,459.8
5/15/2026 11:45,458,458.6,457.2,457.8
5/15/2026 11:35,457.8,458.6,457.6,458
5/15/2026 11:25,457.4,459.4,457.4,458
5/15/2026 11:15,458.2,458.2,457,457.4
5/15/2026 11:05,457,458.8,457,458
5/15/2026 10:55,458.2,458.4,456.6,457
5/15/2026 10:45,458,459,457.2,458.2
5/15/2026 10:35,458.8,459.4,456.8,457.8
5/15/2026 10:25,459.6,460.8,458,459
5/15/2026 10:15,460.4,461.4,459,459.4
5/15/2026 10:05,460.8,462.2,460,460.2
5/15/2026 9:55,461.8,462.6,459.4,460.8
5/15/2026 9:45,459.2,462,458.2,462
5/15/2026 9:35,459.8,460.6,458.2,459.2
5/15/2026 9:25,458.8,460,456,459.6
5/15/2026 9:15,459,459,459,459
5/14/2026 16:05,454.9,454.9,454.9,454.9
5/14/2026 15:55,454.109,454.9,453.912,454.505
5/14/2026 15:45,454.109,454.505,453.714,454.109
5/14/2026 15:35,454.505,454.702,454.109,454.109
5/14/2026 15:25,455.493,455.493,454.109,454.505
5/14/2026 15:15,455.295,456.284,455.098,455.493
5/14/2026 15:05,455.691,456.284,455.098,455.295
5/14/2026 14:55,454.702,455.691,453.318,455.691
5/14/2026 14:45,455.691,455.888,454.702,454.702
5/14/2026 14:35,456.482,456.679,455.691,455.691
5/14/2026 14:25,456.482,456.877,456.086,456.679
5/14/2026 14:15,458.261,458.261,456.482,456.679
5/14/2026 14:05,457.668,458.656,457.272,458.261
5/14/2026 13:55,459.249,459.249,457.272,457.47
5/14/2026 13:45,457.272,459.645,457.272,459.447
5/14/2026 13:35,457.865,457.865,457.075,457.47
5/14/2026 13:25,458.854,459.249,457.668,457.865
5/14/2026 13:15,458.854,459.645,457.47,458.656
5/14/2026 13:05,457.272,459.645,457.075,459.052
5/14/2026 12:55,457.075,458.063,456.679,457.272
5/14/2026 11:55,456.877,457.272,456.086,456.877
5/14/2026 11:45,457.47,457.668,456.877,456.877
5/14/2026 11:35,457.865,459.052,457.075,457.47
5/14/2026 11:25,456.482,459.645,456.482,458.063
5/14/2026 11:15,458.656,458.854,456.086,456.679
5/14/2026 11:05,460.831,461.424,458.459,458.656
5/14/2026 10:55,462.412,463.203,460.633,460.633
5/14/2026 10:45,463.994,464.192,461.424,462.215
5/14/2026 10:35,465.576,465.971,462.808,463.796
5/14/2026 10:25,463.994,465.576,463.796,465.576
5/14/2026 10:15,464.785,465.18,462.808,463.994
5/14/2026 10:05,465.378,466.366,464.587,464.587
5/14/2026 9:55,468.146,468.146,464.587,465.378
5/14/2026 9:45,469.727,471.111,467.75,468.146
5/14/2026 9:35,471.309,472.1,469.134,469.925
5/14/2026 9:25,468.936,474.077,468.936,471.309
5/14/2026 9:15,468.739,468.739,468.739,468.739
5/13/2026 16:05,457.272,457.272,457.272,457.272
5/13/2026 15:55,457.272,458.459,457.075,458.459
5/13/2026 15:45,457.47,457.668,456.679,457.272
5/13/2026 15:35,456.877,457.865,456.877,457.668
5/13/2026 15:25,457.075,457.47,456.482,457.075
5/13/2026 15:15,456.482,457.272,456.086,456.877
5/13/2026 15:05,457.272,457.272,456.482,456.482
5/13/2026 14:55,457.865,458.459,456.877,457.075
5/13/2026 14:45,458.459,458.459,456.679,457.865
5/13/2026 14:35,457.865,459.052,457.272,458.656
5/13/2026 14:25,456.284,458.063,456.086,457.865
5/13/2026 14:15,456.086,456.679,455.691,456.086
5/13/2026 14:05,456.284,456.877,455.493,455.888
5/13/2026 13:55,456.877,457.272,456.086,456.284
5/13/2026 13:45,458.261,458.459,456.284,456.877
5/13/2026 13:35,458.854,459.842,458.261,458.459
5/13/2026 13:25,458.656,459.645,458.261,458.854
5/13/2026 13:15,459.249,459.249,457.865,458.656
5/13/2026 13:05,459.447,459.842,458.459,459.249
5/13/2026 12:55,458.063,460.435,458.063,459.447
5/13/2026 11:55,457.865,458.261,457.272,458.063
5/13/2026 11:45,457.47,458.261,457.272,457.865
5/13/2026 11:35,456.284,457.668,455.691,457.272
5/13/2026 11:25,454.702,456.284,454.505,456.284
5/13/2026 11:15,452.725,456.284,452.528,454.702
5/13/2026 11:05,452.528,453.318,452.33,452.528
5/13/2026 10:55,453.912,453.912,452.33,452.528
5/13/2026 10:45,453.714,454.307,453.516,453.912
5/13/2026 10:35,452.923,453.912,452.725,453.516
5/13/2026 10:25,452.33,453.121,452.132,452.923
5/13/2026 10:15,452.33,453.318,451.935,452.33
5/13/2026 10:05,453.318,453.516,451.737,452.132
5/13/2026 9:55,453.714,453.912,452.33,453.318
5/13/2026 9:45,453.516,455.098,453.318,453.714
5/13/2026 9:35,449.76,454.307,448.771,453.318
5/13/2026 9:25,451.737,451.935,449.365,449.958
5/13/2026 9:15,450.748,450.748,450.748,450.748
5/12/2026 16:05,451.935,451.935,451.935,451.935
5/12/2026 15:55,452.923,453.714,452.528,453.714
5/12/2026 15:45,452.528,453.318,451.935,453.121
5/12/2026 15:35,452.923,453.714,452.33,452.528
5/12/2026 15:25,453.121,453.714,452.528,453.121
5/12/2026 15:15,452.33,453.714,452.33,453.318
5/12/2026 15:05,453.318,453.318,452.132,452.33
5/12/2026 14:55,453.318,453.714,452.923,453.318
5/12/2026 14:45,453.516,453.516,452.528,453.318
5/12/2026 14:35,455.098,455.098,452.528,453.516
5/12/2026 14:25,455.098,455.098,454.9,455.098
5/12/2026 14:15,454.9,455.098,454.9,454.9
5/12/2026 14:05,454.9,455.098,454.9,454.9
5/12/2026 13:55,455.098,455.295,454.9,454.9
5/12/2026 13:45,455.098,455.493,454.9,455.098
5/12/2026 13:35,456.086,456.086,455.098,455.098
5/12/2026 13:25,456.086,456.284,455.888,455.888
5/12/2026 13:15,456.284,456.284,455.691,456.086
5/12/2026 13:05,456.086,456.284,455.691,456.086
5/12/2026 12:55,457.075,457.272,455.691,455.888
5/12/2026 11:55,457.272,457.668,457.075,457.075
5/12/2026 11:45,457.272,457.668,457.075,457.47
5/12/2026 11:35,457.668,457.865,457.272,457.47
5/12/2026 11:25,458.063,458.459,457.668,457.668
5/12/2026 11:15,457.865,458.656,457.865,458.063
5/12/2026 11:05,458.459,458.656,457.668,457.865
5/12/2026 10:55,459.447,459.645,458.459,458.459
5/12/2026 10:45,458.459,459.645,458.261,459.249
5/12/2026 10:35,458.063,458.656,457.668,458.261
5/12/2026 10:25,457.668,458.063,457.075,457.865
5/12/2026 10:15,458.063,458.261,457.075,457.668
5/12/2026 10:05,459.645,459.842,457.668,458.063
5/12/2026 9:55,461.819,462.017,459.447,459.645
5/12/2026 9:45,460.238,463.599,460.238,461.819
5/12/2026 9:35,460.831,461.029,459.052,460.238
5/12/2026 9:25,456.877,461.424,456.877,460.831
5/12/2026 9:15,456.679,456.679,456.679,456.679
5/11/2026 16:05,459.052,459.052,459.052,459.052
5/11/2026 15:55,459.645,459.842,459.447,459.645
5/11/2026 15:45,460.238,460.238,459.645,459.645
5/11/2026 15:35,460.04,460.435,459.842,460.04
5/11/2026 15:25,459.645,460.04,459.447,459.842
5/11/2026 15:15,459.645,460.04,459.447,459.447
5/11/2026 15:05,459.249,459.842,459.052,459.447
5/11/2026 14:55,459.447,459.842,459.052,459.249
5/11/2026 14:45,459.249,460.04,458.854,459.645
5/11/2026 14:35,459.052,459.249,458.854,459.249
5/11/2026 14:25,459.447,459.447,458.854,458.854
5/11/2026 14:15,459.645,460.238,459.249,459.249
5/11/2026 14:05,459.842,460.435,459.645,459.645
5/11/2026 13:55,458.854,459.842,458.656,459.842
5/11/2026 13:45,459.052,460.04,458.854,458.854
5/11/2026 13:35,459.645,459.842,458.656,459.052
5/11/2026 13:25,458.656,459.645,458.656,459.447
5/11/2026 13:15,460.04,460.435,458.459,458.854
5/11/2026 13:05,459.645,460.238,459.447,460.04
5/11/2026 12:55,459.447,460.04,459.249,459.842
5/11/2026 11:55,459.052,459.447,458.854,459.447
5/11/2026 11:45,459.645,459.842,458.854,459.052
5/11/2026 11:35,459.447,459.842,459.249,459.842
5/11/2026 11:25,459.842,460.633,459.447,459.447
5/11/2026 11:15,459.842,460.04,458.261,460.04
5/11/2026 11:05,460.435,460.831,459.842,460.04
5/11/2026 10:55,461.226,461.424,460.238,460.435
5/11/2026 10:45,460.04,461.226,459.842,461.226
5/11/2026 10:35,460.04,460.435,459.842,460.04
5/11/2026 10:25,461.226,461.226,459.842,459.842
5/11/2026 10:15,461.622,461.622,460.831,461.226
5/11/2026 10:05,461.819,462.017,460.831,461.424
5/11/2026 9:55,461.819,462.017,461.424,462.017
5/11/2026 9:45,462.017,462.61,461.226,461.819
5/11/2026 9:35,464.785,465.773,461.424,461.819
5/11/2026 9:25,460.633,465.576,460.238,465.18
5/11/2026 9:15,459.645,459.645,459.645,459.645
5/8/2026 16:05,465.971,465.971,465.971,465.971
5/8/2026 15:55,467.157,467.75,466.959,467.355
5/8/2026 15:45,468.146,468.343,467.157,467.355
5/8/2026 15:35,467.355,468.146,466.959,468.146
5/8/2026 15:25,466.959,467.553,466.762,467.355
5/8/2026 15:15,466.564,467.355,466.366,466.959
5/8/2026 15:05,467.355,467.75,466.564,466.762
5/8/2026 14:55,467.75,468.936,467.157,467.355
5/8/2026 14:45,466.169,468.343,465.576,467.75
5/8/2026 14:35,465.378,466.564,464.785,466.366
5/8/2026 14:25,464.785,465.378,464.587,465.18
5/8/2026 14:15,464.587,465.18,464.389,464.785
5/8/2026 14:05,464.785,465.18,464.389,464.587
5/8/2026 13:55,464.785,464.983,464.192,464.785
5/8/2026 13:45,464.785,464.983,464.192,464.785
5/8/2026 13:35,465.18,465.378,464.389,464.785
5/8/2026 13:25,464.983,465.971,464.389,465.18
5/8/2026 13:15,463.796,465.378,463.599,464.983
5/8/2026 13:05,463.796,464.192,463.599,463.994
5/8/2026 12:55,464.785,465.378,463.401,463.796
5/8/2026 11:55,464.587,464.785,464.587,464.587
5/8/2026 11:45,465.18,465.18,464.587,464.587
5/8/2026 11:35,465.576,465.576,464.389,465.18
5/8/2026 11:25,464.983,465.971,464.983,465.576
5/8/2026 11:15,464.983,465.378,464.192,465.18
5/8/2026 11:05,464.389,465.773,463.994,464.983
5/8/2026 10:55,464.983,464.983,464.192,464.192
5/8/2026 10:45,464.785,465.378,464.785,464.983
5/8/2026 10:35,465.773,466.169,464.785,464.983
5/8/2026 10:25,465.971,467.553,465.773,465.971
5/8/2026 10:15,466.169,466.564,465.18,466.169
5/8/2026 10:05,464.785,467.355,464.587,466.169
5/8/2026 9:55,463.401,464.983,463.203,464.785
5/8/2026 9:45,463.599,465.576,463.006,463.401
5/8/2026 9:35,464.983,465.378,463.203,463.401
5/8/2026 9:25,469.53,470.123,464.785,465.18
5/8/2026 9:15,469.53,469.53,469.53,469.53
5/7/2026 16:05,471.902,471.902,471.902,471.902
5/7/2026 15:55,472.495,473.286,472.495,473.088
5/7/2026 15:45,472.297,472.693,471.507,472.495
5/7/2026 15:35,471.704,472.495,471.309,472.495
5/7/2026 15:25,472.89,472.89,471.507,471.902
5/7/2026 15:15,474.274,474.274,472.693,472.693
5/7/2026 15:05,473.088,474.274,472.693,474.077
5/7/2026 14:55,474.077,474.472,472.693,472.89
5/7/2026 14:45,474.274,474.472,473.088,474.077
5/7/2026 14:35,473.879,474.472,473.681,474.274
5/7/2026 14:25,474.077,474.077,473.483,473.879
5/7/2026 14:15,472.495,474.077,472.297,474.077
5/7/2026 14:05,471.309,472.89,471.309,472.495
5/7/2026 13:55,471.507,471.902,471.309,471.309
5/7/2026 13:45,472.1,472.297,470.716,471.704
5/7/2026 13:35,472.89,473.088,472.1,472.1
5/7/2026 13:25,473.879,474.077,472.89,472.89
5/7/2026 13:15,472.495,474.472,472.297,473.879
5/7/2026 13:05,473.879,473.879,471.902,472.495
5/7/2026 12:55,473.879,474.274,472.89,474.077
5/7/2026 11:55,474.274,474.274,473.088,473.681
5/7/2026 11:45,473.088,474.274,472.693,474.274
5/7/2026 11:35,472.495,473.286,471.902,473.088
5/7/2026 11:25,472.89,475.46,472.495,472.495
5/7/2026 11:15,471.902,472.89,471.704,472.89
5/7/2026 11:05,471.111,471.902,470.32,471.704
5/7/2026 10:55,468.739,472.297,468.739,471.111
5/7/2026 10:45,468.146,468.936,468.146,468.936
5/7/2026 10:35,468.343,468.936,467.75,468.146
5/7/2026 10:25,467.553,468.936,466.959,468.146
5/7/2026 10:15,468.541,469.134,466.959,467.355
5/7/2026 10:05,468.343,468.739,467.75,468.541
5/7/2026 9:55,469.134,469.53,467.553,468.343
5/7/2026 9:45,468.541,469.332,468.343,469.134
5/7/2026 9:35,467.948,470.32,467.553,468.343
5/7/2026 9:25,466.959,469.134,466.762,467.948
5/7/2026 9:15,466.762,466.762,466.762,466.762
5/6/2026 16:05,457.668,457.668,457.668,457.668
5/6/2026 15:55,456.877,457.865,456.679,457.668
5/6/2026 15:45,456.679,457.075,456.482,456.877
5/6/2026 15:35,456.482,457.272,455.691,456.877
5/6/2026 15:25,455.888,456.877,455.691,456.284
5/6/2026 15:15,455.295,455.888,454.9,455.691
5/6/2026 15:05,456.679,456.877,455.295,455.493
5/6/2026 14:55,456.482,457.075,455.888,456.679
5/6/2026 14:45,457.47,457.47,456.086,456.482
5/6/2026 14:35,457.47,457.865,457.075,457.272
5/6/2026 14:25,457.865,458.063,457.272,457.47
5/6/2026 14:15,457.668,458.261,457.47,458.063
5/6/2026 14:05,457.47,458.063,457.272,457.668
5/6/2026 13:55,458.063,458.261,457.272,457.47
5/6/2026 13:45,457.668,459.842,457.272,458.063
5/6/2026 13:35,457.865,457.865,456.877,457.668
5/6/2026 13:25,459.052,459.052,457.668,457.668
5/6/2026 13:15,459.842,460.04,458.656,459.052
5/6/2026 13:05,460.04,460.633,459.645,459.842
5/6/2026 12:55,460.435,461.622,460.04,460.238
5/6/2026 11:55,460.435,460.633,460.238,460.435
5/6/2026 11:45,460.435,460.633,460.04,460.435
5/6/2026 11:35,461.029,461.424,460.238,460.435
5/6/2026 11:25,461.622,461.819,460.831,461.029
5/6/2026 11:15,461.622,464.389,461.424,461.622
5/6/2026 11:05,460.435,461.622,460.435,461.424
5/6/2026 10:55,460.435,461.226,460.435,460.633
5/6/2026 10:45,460.831,461.819,460.238,460.435
5/6/2026 10:35,461.622,462.017,460.435,460.831
5/6/2026 10:25,462.215,463.006,461.226,461.622
5/6/2026 10:15,461.819,463.203,461.226,462.017
5/6/2026 10:05,459.842,462.215,459.645,462.017
5/6/2026 9:55,461.622,462.215,459.645,459.842
5/6/2026 9:45,460.633,462.215,459.645,461.622
5/6/2026 9:35,459.645,461.424,458.656,460.633
5/6/2026 9:25,465.576,467.948,459.052,459.447
5/6/2026 9:15,465.18,465.18,465.18,465.18
5/5/2026 16:05,466.762,466.762,466.762,466.762
5/5/2026 15:55,465.773,466.564,465.773,466.564
5/5/2026 15:45,465.971,466.169,465.18,465.773
5/5/2026 15:35,465.971,466.959,465.971,465.971
5/5/2026 15:25,465.971,465.971,465.18,465.773
5/5/2026 15:15,465.971,466.366,465.773,465.971
5/5/2026 15:05,465.378,466.169,464.983,465.971
5/5/2026 14:55,465.378,465.378,464.587,465.378
5/5/2026 14:45,464.785,465.378,464.587,465.378
5/5/2026 14:35,464.389,465.18,463.994,464.785
5/5/2026 14:25,463.599,464.587,463.599,464.389
5/5/2026 14:15,463.796,463.994,463.599,463.796
5/5/2026 14:05,463.401,464.389,463.401,463.599
5/5/2026 13:55,463.203,463.796,463.203,463.599
5/5/2026 13:45,462.412,463.401,462.412,463.203
5/5/2026 13:35,462.61,463.006,462.017,462.412
5/5/2026 13:25,461.819,462.61,461.226,462.61
5/5/2026 13:15,462.215,462.215,461.226,462.017
5/5/2026 13:05,462.017,462.412,461.622,462.215
5/5/2026 12:55,462.412,463.006,461.622,462.017
5/5/2026 11:55,462.017,462.412,461.819,462.215
5/5/2026 11:45,462.017,462.61,462.017,462.215
5/5/2026 11:35,462.808,462.808,462.017,462.215
5/5/2026 11:25,463.006,463.006,461.622,462.808
5/5/2026 11:15,463.401,463.401,462.61,462.808
5/5/2026 11:05,462.61,463.796,462.412,463.401
5/5/2026 10:55,463.006,463.203,462.215,462.61
5/5/2026 10:45,464.192,464.389,462.808,462.808
5/5/2026 10:35,464.192,464.587,464.192,464.192
5/5/2026 10:25,465.18,465.378,463.796,464.192
5/5/2026 10:15,463.994,465.378,463.599,465.18
5/5/2026 10:05,463.401,464.983,463.401,463.796
5/5/2026 9:55,461.029,463.401,460.831,463.203
5/5/2026 9:45,461.226,462.215,460.831,460.831
5/5/2026 9:35,461.424,462.412,460.633,461.029
5/5/2026 9:25,463.401,464.192,460.238,461.622
5/5/2026 9:15,463.599,463.599,463.599,463.599
5/4/2026 16:05,467.553,467.553,467.553,467.553
5/4/2026 15:55,468.146,468.936,468.146,468.739
5/4/2026 15:45,468.146,468.343,467.948,468.146
5/4/2026 15:35,468.739,468.936,468.146,468.146
5/4/2026 15:25,468.146,469.134,467.948,468.739
5/4/2026 15:15,467.553,468.343,467.553,468.146
5/4/2026 15:05,467.948,468.146,467.355,467.553
5/4/2026 14:55,468.343,468.541,467.355,467.75
5/4/2026 14:45,467.948,468.541,467.553,468.541
5/4/2026 14:35,468.541,468.739,467.553,468.146
5/4/2026 14:25,469.134,469.53,468.541,468.739
5/4/2026 14:15,469.332,469.53,468.739,469.134
5/4/2026 14:05,469.332,469.53,468.936,469.53
5/4/2026 13:55,469.53,470.123,469.332,469.332
5/4/2026 13:45,469.134,469.727,468.541,469.332
5/4/2026 13:35,468.936,469.332,468.146,469.332
5/4/2026 13:25,468.739,469.53,468.146,468.739
5/4/2026 13:15,468.936,469.727,468.739,468.739
5/4/2026 13:05,469.134,470.716,468.739,468.739
5/4/2026 12:55,470.518,471.111,468.343,468.936
5/4/2026 11:55,470.518,470.913,469.925,470.32
5/4/2026 11:45,470.716,471.309,470.123,470.32
5/4/2026 11:35,470.123,470.913,469.53,470.518
5/4/2026 11:25,471.507,471.704,469.925,470.123
5/4/2026 11:15,471.507,471.704,470.913,471.507
5/4/2026 11:05,471.902,473.286,471.111,471.704
5/4/2026 10:55,470.123,472.1,469.134,472.1
5/4/2026 10:45,469.134,470.123,468.146,469.925
5/4/2026 10:35,468.739,470.32,467.75,469.332
5/4/2026 10:25,468.343,469.53,466.959,468.541
5/4/2026 10:15,470.32,470.518,468.343,468.343
5/4/2026 10:05,469.332,470.716,468.541,470.123
5/4/2026 9:55,468.343,469.727,466.959,469.332
5/4/2026 9:45,469.53,469.925,467.553,468.146
5/4/2026 9:35,465.576,469.727,465.18,469.53
5/4/2026 9:25,464.587,469.332,464.587,465.576
5/4/2026 9:15,464.389,464.389,464.389,464.389
4/30/2026 16:05,462.412,462.412,462.412,462.412
4/30/2026 15:55,463.599,463.796,463.401,463.796
4/30/2026 15:45,463.599,463.796,462.61,463.599
4/30/2026 15:35,463.994,464.192,463.401,463.599
4/30/2026 15:25,463.796,464.983,463.599,464.192
4/30/2026 15:15,463.599,464.192,462.61,463.796
4/30/2026 15:05,463.599,464.587,463.401,463.599
4/30/2026 14:55,463.401,464.785,463.401,463.796
4/30/2026 14:45,463.599,463.994,462.61,463.599
4/30/2026 14:35,464.587,464.785,462.412,463.401
4/30/2026 14:25,462.215,464.587,462.215,464.389
4/30/2026 14:15,463.203,463.401,462.215,462.412
4/30/2026 14:05,463.796,464.587,462.808,463.006
4/30/2026 13:55,464.587,464.983,463.203,463.599
4/30/2026 13:45,464.192,464.587,461.819,464.587
4/30/2026 13:35,462.215,464.389,461.819,464.192
4/30/2026 13:25,460.633,462.215,459.645,462.017
4/30/2026 13:15,461.622,461.622,460.435,460.633
4/30/2026 13:05,459.052,461.622,459.052,461.622
4/30/2026 12:55,459.249,459.645,458.854,459.052
4/30/2026 11:55,459.249,459.447,459.052,459.447
4/30/2026 11:45,459.447,459.842,459.249,459.447
4/30/2026 11:35,459.842,460.04,457.865,459.249
4/30/2026 11:25,460.435,460.633,459.645,459.645
4/30/2026 11:15,461.029,461.226,460.04,460.633
4/30/2026 11:05,460.633,462.61,460.435,461.226
4/30/2026 10:55,463.006,463.203,459.842,460.633
4/30/2026 10:45,463.006,463.203,462.808,463.006
4/30/2026 10:35,463.796,464.587,462.808,463.006
4/30/2026 10:25,463.796,464.192,462.61,463.796
4/30/2026 10:15,465.18,465.378,463.599,463.796
4/30/2026 10:05,464.587,465.773,464.587,465.378
4/30/2026 9:55,464.983,465.378,464.587,464.785
4/30/2026 9:45,465.971,466.169,464.785,464.983
4/30/2026 9:35,466.169,466.564,465.18,466.169
4/30/2026 9:25,468.541,469.332,465.971,466.169
4/30/2026 9:15,468.541,468.541,468.541,468.541
4/29/2026 16:05,473.681,473.681,473.681,473.681
4/29/2026 15:55,474.274,474.472,473.483,473.879
4/29/2026 15:45,474.867,474.867,473.681,474.472
4/29/2026 15:35,474.274,475.065,473.879,475.065
4/29/2026 15:25,472.495,474.274,472.495,474.274
4/29/2026 15:15,472.693,472.693,472.1,472.495
4/29/2026 15:05,472.495,472.89,471.902,472.693
4/29/2026 14:55,472.495,473.088,472.297,472.693
4/29/2026 14:45,472.89,473.286,472.297,472.693
4/29/2026 14:35,472.1,473.286,471.902,472.89
4/29/2026 14:25,472.1,472.1,471.507,472.1
4/29/2026 14:15,471.902,472.297,471.704,472.1
4/29/2026 14:05,471.902,472.1,471.704,471.902
4/29/2026 13:55,471.902,472.1,471.704,472.1
4/29/2026 13:45,472.495,472.495,471.704,471.902
4/29/2026 13:35,472.1,472.495,471.507,472.495
4/29/2026 13:25,471.309,472.297,471.111,472.1
4/29/2026 13:15,471.507,471.704,470.518,471.507
4/29/2026 13:05,472.495,472.495,470.913,471.309
4/29/2026 12:55,471.704,472.495,471.507,472.297
4/29/2026 11:55,471.111,471.704,471.111,471.704
4/29/2026 11:45,471.902,471.902,471.111,471.309
4/29/2026 11:35,472.89,472.89,471.507,471.902
4/29/2026 11:25,473.879,474.077,472.495,472.693
4/29/2026 11:15,474.472,474.472,473.088,473.879
4/29/2026 11:05,473.681,475.065,473.286,474.472
4/29/2026 10:55,472.1,473.681,471.507,473.483
4/29/2026 10:45,472.693,474.077,471.704,472.297
4/29/2026 10:35,471.111,473.286,470.913,472.495
4/29/2026 10:25,472.1,472.1,470.716,471.309
4/29/2026 10:15,472.495,473.088,471.704,472.1
4/29/2026 10:05,469.925,472.495,469.727,472.495
4/29/2026 9:55,472.297,472.297,469.332,469.727
4/29/2026 9:45,474.67,475.065,470.716,472.297
4/29/2026 9:35,472.1,475.065,470.32,474.67
4/29/2026 9:25,469.332,471.902,469.332,471.507
4/29/2026 9:15,469.134,469.134,469.134,469.134
4/28/2026 16:05,468.343,468.343,468.343,468.343
4/28/2026 15:55,468.146,468.541,467.75,468.541
4/28/2026 15:45,467.75,468.146,467.355,468.146
4/28/2026 15:35,467.948,467.948,467.553,467.553
4/28/2026 15:25,468.146,468.343,467.75,467.75
4/28/2026 15:15,469.332,469.53,468.146,468.146
4/28/2026 15:05,468.343,469.332,468.343,469.134
4/28/2026 14:55,468.739,469.134,468.146,468.343
4/28/2026 14:45,467.553,468.739,467.355,468.739
4/28/2026 14:35,467.157,467.553,466.564,467.355
4/28/2026 14:25,467.553,467.75,466.959,467.157
4/28/2026 14:15,467.948,468.146,467.553,467.75
4/28/2026 14:05,468.541,468.541,467.553,467.948
4/28/2026 13:55,469.134,469.53,468.146,468.541
4/28/2026 13:45,468.739,469.134,468.541,469.134
4/28/2026 13:35,469.332,469.332,468.343,468.936
4/28/2026 13:25,468.541,469.727,468.343,469.332
4/28/2026 13:15,468.739,469.332,468.343,468.541
4/28/2026 13:05,469.925,470.32,468.739,468.739
4/28/2026 12:55,470.913,471.507,469.727,470.123
4/28/2026 11:55,470.716,470.913,470.518,470.913
4/28/2026 11:45,470.518,470.913,470.518,470.518
4/28/2026 11:35,471.111,471.111,470.518,470.518
4/28/2026 11:25,471.704,472.1,470.913,470.913
4/28/2026 11:15,471.111,471.902,470.716,471.704
4/28/2026 11:05,470.716,471.507,470.518,471.111
4/28/2026 10:55,470.518,471.309,470.32,470.716
4/28/2026 10:45,470.913,471.309,470.518,470.518
4/28/2026 10:35,470.716,471.111,469.925,470.913
4/28/2026 10:25,471.704,472.495,470.716,470.716
4/28/2026 10:15,473.681,474.077,471.309,471.704
4/28/2026 10:05,472.693,474.472,472.1,473.483
4/28/2026 9:55,473.088,473.286,471.309,472.495
4/28/2026 9:45,473.879,474.867,470.913,472.89
4/28/2026 9:35,468.343,476.054,468.146,473.879
4/28/2026 9:25,470.32,470.716,466.959,468.146
4/28/2026 9:15,470.518,470.518,470.518,470.518
4/27/2026 16:05,473.088,473.088,473.088,473.088
4/27/2026 15:55,474.472,474.867,474.077,474.67
4/27/2026 15:45,474.274,474.472,473.681,474.274
4/27/2026 15:35,474.274,474.67,473.879,474.274
4/27/2026 15:25,474.67,474.67,474.077,474.472
4/27/2026 15:15,473.088,474.67,473.088,474.67
4/27/2026 15:05,474.274,474.472,473.088,473.286
4/27/2026 14:55,473.681,474.274,473.088,474.077
4/27/2026 14:45,473.483,473.879,473.286,473.681
4/27/2026 14:35,473.286,474.274,473.088,473.483
4/27/2026 14:25,473.088,473.681,472.693,473.286
4/27/2026 14:15,473.088,473.681,472.495,473.088
4/27/2026 14:05,474.67,474.867,472.495,472.89
4/27/2026 13:55,474.867,474.867,474.67,474.67
4/27/2026 13:45,474.67,474.867,474.67,474.67
4/27/2026 13:35,474.67,474.867,474.67,474.867
4/27/2026 13:25,474.867,474.867,474.67,474.67
4/27/2026 13:15,474.867,475.065,474.67,474.67
4/27/2026 13:05,475.065,475.263,474.867,474.867
4/27/2026 12:55,476.251,476.647,475.065,475.065
4/27/2026 11:55,475.658,476.251,475.658,476.251
4/27/2026 11:45,477.042,477.24,475.658,475.658
4/27/2026 11:35,476.251,477.635,476.251,477.24
4/27/2026 11:25,475.856,476.844,475.263,476.251
4/27/2026 11:15,474.867,476.251,474.67,476.054
4/27/2026 11:05,476.647,477.24,474.67,475.065
4/27/2026 10:55,480.007,480.007,476.449,476.647
4/27/2026 10:45,480.601,480.798,479.81,479.81
4/27/2026 10:35,480.601,480.996,480.205,480.601
4/27/2026 10:25,480.798,480.996,480.205,480.601
4/27/2026 10:15,480.205,480.996,479.81,480.798
4/27/2026 10:05,480.996,480.996,479.81,480.205
4/27/2026 9:55,483.171,483.368,480.601,481.194
4/27/2026 9:45,483.764,484.357,482.578,483.171
4/27/2026 9:35,483.764,485.148,483.368,483.764
4/27/2026 9:25,484.357,485.345,482.38,483.961
4/27/2026 9:15,484.357,484.357,484.357,484.357
4/24/2026 16:05,487.718,487.718,487.718,487.718
4/24/2026 15:55,487.915,489.102,487.915,489.102
4/24/2026 15:45,488.311,488.508,487.718,487.915
4/24/2026 15:35,488.311,488.508,488.113,488.311
4/24/2026 15:25,488.311,489.299,487.915,488.311
4/24/2026 15:15,487.52,489.102,487.52,488.508
4/24/2026 15:05,488.113,488.311,487.52,487.52
4/24/2026 14:55,487.52,488.311,487.322,488.113
4/24/2026 14:45,488.311,488.311,487.322,487.322
4/24/2026 14:35,488.311,488.706,487.322,488.311
4/24/2026 14:25,488.706,488.904,488.311,488.311
4/24/2026 14:15,489.102,489.102,488.113,488.904
4/24/2026 14:05,488.508,489.299,487.718,489.102
4/24/2026 13:55,488.508,488.904,487.915,488.311
4/24/2026 13:45,486.729,488.508,486.531,488.508
4/24/2026 13:35,486.334,486.927,486.136,486.729
4/24/2026 13:25,486.334,486.334,485.543,486.334
4/24/2026 13:15,486.729,486.927,485.148,486.334
4/24/2026 13:05,488.113,488.113,486.136,486.927
4/24/2026 12:55,487.52,489.299,487.52,488.113
4/24/2026 11:55,486.729,487.915,486.531,487.52
4/24/2026 11:45,485.345,486.927,484.752,486.531
4/24/2026 11:35,484.555,485.741,484.357,485.345
4/24/2026 11:25,485.543,486.136,484.357,484.555
4/24/2026 11:15,486.334,486.334,484.357,485.741
4/24/2026 11:05,485.148,487.52,485.148,486.334
4/24/2026 10:55,483.764,485.543,483.566,485.148
4/24/2026 10:45,484.159,484.159,483.368,483.566
4/24/2026 10:35,483.368,485.148,483.171,484.159
4/24/2026 10:25,482.578,483.368,482.38,483.368
4/24/2026 10:15,483.171,483.368,481.391,482.775
4/24/2026 10:05,481.787,483.566,481.589,482.973
4/24/2026 9:55,482.38,482.578,481.391,481.787
4/24/2026 9:45,483.368,483.368,482.38,482.578
4/24/2026 9:35,483.566,484.159,482.38,483.171
4/24/2026 9:25,481.589,485.741,481.391,483.368
4/24/2026 9:15,481.391,481.391,481.391,481.391
4/23/2026 16:05,489.497,489.497,489.497,489.497
4/23/2026 15:55,489.497,489.892,489.497,489.892
4/23/2026 15:45,489.695,489.695,489.497,489.497
4/23/2026 15:35,489.695,489.892,489.497,489.497
4/23/2026 15:25,489.695,490.09,489.497,489.695
4/23/2026 15:15,489.695,489.892,489.497,489.497
4/23/2026 15:05,489.892,490.09,489.695,489.695
4/23/2026 14:55,489.892,490.485,489.695,489.892
4/23/2026 14:45,489.892,490.09,489.695,489.892
4/23/2026 14:35,489.892,490.288,489.695,490.09
4/23/2026 14:25,490.485,490.683,489.695,490.09
4/23/2026 14:15,490.09,490.485,489.892,490.485
4/23/2026 14:05,491.078,491.078,490.09,490.288
4/23/2026 13:55,489.695,491.869,489.695,491.078
4/23/2026 13:45,489.695,490.09,489.497,489.892
4/23/2026 13:35,490.09,490.485,489.497,489.695
4/23/2026 13:25,489.695,490.288,489.497,490.288
4/23/2026 13:15,489.892,489.892,489.695,489.695
4/23/2026 13:05,489.695,490.09,489.497,489.695
4/23/2026 12:55,490.09,490.683,489.695,489.695
4/23/2026 11:55,490.09,490.288,489.695,489.892
4/23/2026 11:45,490.485,490.683,489.892,490.09
4/23/2026 11:35,490.683,490.683,490.485,490.485
4/23/2026 11:25,490.485,490.683,490.288,490.485
4/23/2026 11:15,490.683,490.881,490.288,490.485
4/23/2026 11:05,491.474,491.672,490.485,490.881
4/23/2026 10:55,491.869,492.265,491.276,491.672
4/23/2026 10:45,490.881,492.067,490.485,491.672
4/23/2026 10:35,491.276,491.474,490.288,490.881
4/23/2026 10:25,492.265,492.265,491.078,491.078
4/23/2026 10:15,492.462,494.044,492.067,492.265
4/23/2026 10:05,492.462,493.451,491.869,492.462
4/23/2026 9:55,490.09,493.451,490.09,492.462
4/23/2026 9:45,490.881,491.078,489.892,490.288
4/23/2026 9:35,491.474,492.265,490.288,490.683
4/23/2026 9:25,494.044,496.219,491.276,491.672
4/23/2026 9:15,494.242,494.242,494.242,494.242
4/22/2026 16:05,498.196,498.196,498.196,498.196
4/22/2026 15:55,498.196,499.678,498.196,498.69
4/22/2026 15:45,498.69,499.184,498.196,498.196
4/22/2026 15:35,499.184,499.678,498.69,499.184
4/22/2026 15:25,499.184,500.173,498.69,499.678
4/22/2026 15:15,499.184,500.173,498.69,499.184
4/22/2026 15:05,499.184,499.678,498.196,498.69
4/22/2026 14:55,499.184,500.173,498.69,499.678
4/22/2026 14:45,499.184,499.678,497.701,499.184
4/22/2026 14:35,499.184,499.184,498.196,498.69
4/22/2026 14:25,497.207,499.184,496.713,498.69
4/22/2026 14:15,496.713,497.701,496.713,497.207
4/22/2026 14:05,497.701,498.196,496.713,496.713
4/22/2026 13:55,497.207,498.196,497.207,498.196
4/22/2026 13:45,497.207,498.196,497.207,497.207
4/22/2026 13:35,498.69,498.69,497.207,497.701
4/22/2026 13:25,498.69,499.678,498.196,498.196
4/22/2026 13:15,498.196,499.678,497.701,498.69
4/22/2026 13:05,497.207,498.196,496.219,498.196
4/22/2026 12:55,500.173,500.667,497.207,497.207
4/22/2026 11:55,499.678,500.173,499.184,499.184
4/22/2026 11:45,499.678,500.667,499.678,499.678
4/22/2026 11:35,500.173,500.667,499.678,499.678
4/22/2026 11:25,499.678,500.667,499.184,499.678
4/22/2026 11:15,499.678,500.173,499.184,499.678
4/22/2026 11:05,500.667,501.161,499.678,499.678
4/22/2026 10:55,500.173,500.667,499.184,500.667
4/22/2026 10:45,499.678,500.667,499.184,499.678
4/22/2026 10:35,500.173,500.667,499.678,499.678
4/22/2026 10:25,500.173,501.161,499.678,500.173
4/22/2026 10:15,501.161,501.655,500.173,500.173
4/22/2026 10:05,501.161,502.644,501.161,501.161
4/22/2026 9:55,501.655,503.138,500.667,501.161
4/22/2026 9:45,502.644,502.644,500.173,501.655
4/22/2026 9:35,502.15,503.138,501.161,502.644
4/22/2026 9:25,507.092,508.575,502.15,502.15
4/22/2026 9:15,507.586,507.586,507.586,507.586
4/21/2026 16:05,513.023,513.023,513.023,513.023
4/21/2026 15:55,512.529,513.023,512.034,513.023
4/21/2026 15:45,511.54,513.023,511.54,512.529
4/21/2026 15:35,512.034,513.023,511.54,512.034
4/21/2026 15:25,512.529,513.023,511.54,512.034
4/21/2026 15:15,511.046,512.529,511.046,512.529
4/21/2026 15:05,511.54,512.034,511.046,511.54
4/21/2026 14:55,511.046,512.034,511.046,511.046
4/21/2026 14:45,511.54,511.54,510.552,511.54
4/21/2026 14:35,511.54,512.034,510.552,511.046
4/21/2026 14:25,511.54,512.034,511.046,511.54
4/21/2026 14:15,512.034,512.034,510.552,511.54
4/21/2026 14:05,511.54,512.034,511.046,512.034
4/21/2026 13:55,512.034,512.034,511.046,511.046
4/21/2026 13:45,512.034,513.517,511.046,511.54
4/21/2026 13:35,511.54,513.517,511.54,512.034
4/21/2026 13:25,513.023,514.011,511.54,511.54
4/21/2026 13:15,514.506,515,512.034,513.023
4/21/2026 13:05,512.529,514.506,512.034,514.506
4/21/2026 12:55,511.54,513.517,511.046,513.023
4/21/2026 11:55,511.54,511.54,511.046,511.54
4/21/2026 11:45,511.046,511.54,510.552,511.54
4/21/2026 11:35,511.046,511.54,510.057,511.046
4/21/2026 11:25,511.046,511.046,510.057,511.046
4/21/2026 11:15,510.552,511.046,510.057,510.552
4/21/2026 11:05,510.057,511.046,510.057,510.552
4/21/2026 10:55,513.517,513.517,509.563,510.057
4/21/2026 10:45,512.034,513.517,511.54,513.023
4/21/2026 10:35,511.54,513.023,511.046,512.034
4/21/2026 10:25,512.034,513.023,511.046,511.046
4/21/2026 10:15,513.517,513.517,511.54,511.54
4/21/2026 10:05,513.023,514.011,512.034,514.011
4/21/2026 9:55,514.506,514.506,512.034,513.023
4/21/2026 9:45,514.011,516.977,513.517,514.011
4/21/2026 9:35,518.459,519.448,512.529,514.011
4/21/2026 9:25,517.471,519.448,515,517.965
4/21/2026 9:15,516.977,516.977,516.977,516.977
4/20/2026 16:05,516.482,516.482,516.482,516.482
4/20/2026 15:55,515.988,516.482,515.494,515.988
4/20/2026 15:45,515.988,516.482,515.494,516.482
4/20/2026 15:35,516.482,516.977,515.494,515.988
4/20/2026 15:25,517.471,517.965,515.494,515.988
4/20/2026 15:15,517.965,517.965,516.977,516.977
4/20/2026 15:05,517.965,518.459,516.977,517.965
4/20/2026 14:55,518.459,518.459,516.482,516.977
4/20/2026 14:45,516.977,518.459,516.977,517.965
4/20/2026 14:35,516.977,517.965,516.977,516.977
4/20/2026 14:25,516.977,517.965,516.482,516.977
4/20/2026 14:15,517.471,517.471,516.482,516.482
4/20/2026 14:05,516.977,517.471,515.988,517.471
4/20/2026 13:55,517.471,518.954,515.988,516.977
4/20/2026 13:45,515.988,517.965,515.494,517.471
4/20/2026 13:35,518.459,518.954,515.494,515.494
4/20/2026 13:25,518.954,518.954,515.988,518.459
4/20/2026 13:15,518.954,519.942,517.471,518.954
4/20/2026 13:05,518.954,519.448,517.965,518.954
4/20/2026 12:55,517.965,519.942,517.471,519.448
4/20/2026 11:55,517.965,517.965,517.471,517.965
4/20/2026 11:45,517.965,518.954,517.471,517.965
4/20/2026 11:35,519.448,519.448,517.965,518.459
4/20/2026 11:25,518.459,519.448,518.459,518.954
4/20/2026 11:15,518.954,519.448,517.471,518.954
4/20/2026 11:05,517.965,519.942,517.471,518.954
4/20/2026 10:55,517.965,520.436,517.471,517.965
4/20/2026 10:45,515.988,517.965,515.494,517.965
4/20/2026 10:35,517.471,517.965,515.494,515.988
4/20/2026 10:25,513.023,517.965,512.529,517.471
4/20/2026 10:15,509.563,513.023,508.575,512.529
4/20/2026 10:05,508.08,511.54,508.08,509.563
4/20/2026 9:55,507.092,509.069,506.598,507.586
4/20/2026 9:45,506.598,508.08,505.609,507.092
4/20/2026 9:35,504.126,507.586,503.632,506.598
4/20/2026 9:25,503.632,504.621,498.69,504.126
4/20/2026 9:15,503.632,503.632,503.632,503.632
4/17/2026 16:05,504.621,504.621,504.621,504.621
4/17/2026 15:55,503.632,504.621,503.632,504.621
4/17/2026 15:45,503.138,504.126,503.138,504.126
4/17/2026 15:35,504.126,504.126,503.138,503.138
4/17/2026 15:25,503.138,504.126,503.138,504.126
4/17/2026 15:15,504.126,504.126,502.644,503.632
4/17/2026 15:05,502.644,503.632,502.644,503.632
4/17/2026 14:55,502.644,503.138,501.655,503.138
4/17/2026 14:45,503.138,503.632,502.15,502.15
4/17/2026 14:35,502.644,503.138,502.15,503.138
4/17/2026 14:25,503.138,503.138,502.15,502.644
4/17/2026 14:15,503.138,503.632,502.644,503.138
4/17/2026 14:05,504.126,505.115,503.138,503.138
4/17/2026 13:55,503.632,505.115,503.632,504.126
4/17/2026 13:45,502.644,503.632,502.15,503.138
4/17/2026 13:35,502.15,503.138,501.161,502.15
4/17/2026 13:25,502.15,502.644,501.161,502.15
4/17/2026 13:15,501.161,502.15,500.667,502.15
4/17/2026 13:05,501.161,501.655,500.667,501.161
4/17/2026 12:55,500.667,502.15,500.173,501.655
4/17/2026 11:55,501.161,501.161,500.173,500.173
4/17/2026 11:45,501.161,501.655,500.667,500.667
4/17/2026 11:35,501.655,502.15,500.667,501.161
4/17/2026 11:25,501.655,502.644,501.161,501.655
4/17/2026 11:15,500.667,502.15,500.667,502.15
4/17/2026 11:05,501.161,501.655,500.667,500.667
4/17/2026 10:55,502.15,502.644,501.161,501.161
4/17/2026 10:45,503.138,504.126,502.15,502.15
4/17/2026 10:35,504.126,504.126,503.138,503.138
4/17/2026 10:25,504.126,504.621,503.632,504.126
4/17/2026 10:15,503.632,504.621,502.644,504.126
4/17/2026 10:05,505.115,505.609,503.138,503.138
4/17/2026 9:55,506.103,506.598,504.621,505.115
4/17/2026 9:45,507.092,507.586,504.621,506.103
4/17/2026 9:35,507.586,509.563,506.598,506.598
4/17/2026 9:25,507.092,511.046,506.103,507.586
4/17/2026 9:15,506.103,506.103,506.103,506.103
4/16/2026 16:05,511.046,511.046,511.046,511.046
4/16/2026 15:55,509.069,510.057,509.069,509.563
4/16/2026 15:45,509.069,509.563,509.069,509.069
4/16/2026 15:35,509.069,509.563,508.575,509.563
4/16/2026 15:25,508.08,509.069,508.08,509.069
4/16/2026 15:15,508.08,508.575,507.092,508.575
4/16/2026 15:05,508.08,509.069,507.586,507.586
4/16/2026 14:55,508.575,509.069,507.586,508.08
4/16/2026 14:45,508.08,509.069,508.08,508.575
4/16/2026 14:35,508.08,508.575,507.092,508.575
4/16/2026 14:25,507.092,508.08,507.092,508.08
4/16/2026 14:15,507.092,507.586,506.598,507.092
4/16/2026 14:05,505.609,507.092,505.115,507.092
4/16/2026 13:55,506.103,506.598,505.609,506.103
4/16/2026 13:45,504.621,506.598,504.621,505.609
4/16/2026 13:35,505.609,506.103,504.621,504.621
4/16/2026 13:25,505.609,507.092,505.115,505.609
4/16/2026 13:15,505.115,506.598,504.621,505.609
4/16/2026 13:05,506.103,506.103,504.126,505.115
4/16/2026 12:55,507.586,508.08,506.103,506.103
4/16/2026 11:55,507.092,508.08,507.092,507.092
4/16/2026 11:45,507.092,507.586,506.598,507.586
4/16/2026 11:35,508.08,508.08,505.609,507.092
4/16/2026 11:25,505.609,508.08,505.609,508.08
4/16/2026 11:15,504.621,506.103,504.126,505.609
4/16/2026 11:05,503.632,505.609,503.632,504.621
4/16/2026 10:55,502.644,504.126,502.15,503.632
4/16/2026 10:45,502.644,503.138,501.655,502.644
4/16/2026 10:35,503.138,503.632,502.15,502.644
4/16/2026 10:25,500.173,503.632,500.173,503.138
4/16/2026 10:15,500.667,501.655,499.678,499.678
4/16/2026 10:05,502.15,502.644,500.173,500.667
4/16/2026 9:55,500.667,502.644,500.173,502.644
4/16/2026 9:45,502.644,503.632,500.667,501.161
4/16/2026 9:35,499.184,503.632,499.184,502.644
4/16/2026 9:25,501.161,502.644,498.196,499.184
4/16/2026 9:15,500.667,500.667,500.667,500.667
4/15/2026 16:05,493.253,493.253,493.253,493.253
4/15/2026 15:55,494.736,495.23,494.044,494.736
4/15/2026 15:45,494.242,495.23,494.242,494.736
4/15/2026 15:35,494.242,494.736,494.242,494.242
4/15/2026 15:25,494.736,495.724,494.242,494.242
4/15/2026 15:15,495.23,496.219,494.736,495.23
4/15/2026 15:05,493.846,496.219,493.649,495.724
4/15/2026 14:55,493.846,494.242,493.649,493.649
4/15/2026 14:45,492.858,494.736,492.66,494.044
4/15/2026 14:35,492.462,493.055,492.462,492.858
4/15/2026 14:25,493.055,493.253,492.462,492.66
4/15/2026 14:15,493.846,493.846,493.055,493.253
4/15/2026 14:05,493.846,494.242,492.858,494.044
4/15/2026 13:55,492.66,494.736,492.66,494.044
4/15/2026 13:45,493.055,493.055,492.462,492.858
4/15/2026 13:35,492.858,493.055,491.869,492.858
4/15/2026 13:25,492.265,492.858,491.474,492.858
4/15/2026 13:15,493.253,493.649,492.265,492.265
4/15/2026 13:05,494.242,495.23,492.66,493.253
4/15/2026 12:55,495.724,496.219,494.242,494.736
4/15/2026 11:55,495.23,495.724,495.23,495.23
4/15/2026 11:45,496.219,496.219,495.23,495.23
4/15/2026 11:35,496.219,496.219,495.23,495.724
4/15/2026 11:25,496.219,497.701,496.219,496.219
4/15/2026 11:15,497.207,497.207,496.219,496.219
4/15/2026 11:05,496.219,497.207,495.23,497.207
4/15/2026 10:55,496.219,497.701,495.724,496.219
4/15/2026 10:45,499.184,499.184,496.219,496.219
4/15/2026 10:35,498.196,499.184,496.713,499.184
4/15/2026 10:25,500.173,500.173,498.196,498.196
4/15/2026 10:15,502.644,502.644,499.678,500.173
4/15/2026 10:05,502.644,503.632,500.173,502.644
4/15/2026 9:55,501.655,504.126,501.655,502.644
4/15/2026 9:45,500.173,502.15,499.678,501.655
4/15/2026 9:35,497.207,500.173,496.713,499.678
4/15/2026 9:25,494.044,500.173,493.649,497.207
4/15/2026 9:15,494.242,494.242,494.242,494.242
4/14/2026 16:05,487.52,487.52,487.52,487.52
4/14/2026 15:55,487.322,488.311,487.322,487.915
4/14/2026 15:45,487.125,487.52,486.334,487.322
4/14/2026 15:35,487.125,487.718,486.729,487.125
4/14/2026 15:25,487.322,488.113,487.125,487.125
4/14/2026 15:15,487.322,488.311,486.927,487.52
4/14/2026 15:05,487.322,488.311,486.927,487.322
4/14/2026 14:55,485.543,487.52,485.148,487.322
4/14/2026 14:45,485.148,486.334,485.148,485.543
4/14/2026 14:35,484.357,485.148,484.159,484.95
4/14/2026 14:25,483.566,484.555,483.368,484.357
4/14/2026 14:15,483.368,483.961,482.775,483.566
4/14/2026 14:05,482.973,483.764,482.775,483.171
4/14/2026 13:55,481.589,483.368,481.589,482.973
4/14/2026 13:45,481.787,481.787,480.996,481.589
4/14/2026 13:35,481.391,482.38,481.194,481.589
4/14/2026 13:25,481.391,481.589,480.601,481.194
4/14/2026 13:15,482.775,482.775,481.194,481.194
4/14/2026 13:05,483.171,483.368,482.578,482.775
4/14/2026 12:55,483.368,483.961,483.171,483.171
4/14/2026 11:55,482.973,483.368,482.775,483.171
4/14/2026 11:45,483.368,483.566,482.973,482.973
4/14/2026 11:35,483.368,483.566,483.171,483.368
4/14/2026 11:25,483.764,484.159,483.368,483.566
4/14/2026 11:15,483.764,484.159,482.973,483.368
4/14/2026 11:05,483.764,484.752,483.566,483.961
4/14/2026 10:55,484.357,484.357,483.368,483.961
4/14/2026 10:45,484.159,484.752,482.973,484.357
4/14/2026 10:35,484.95,485.148,482.578,484.159
4/14/2026 10:25,487.718,487.915,484.357,484.752
4/14/2026 10:15,489.299,489.892,486.729,487.718
4/14/2026 10:05,488.113,489.892,488.113,489.299
4/14/2026 9:55,491.078,491.474,487.52,488.311
4/14/2026 9:45,490.09,491.276,489.695,491.276
4/14/2026 9:35,490.288,491.078,488.508,490.09
4/14/2026 9:25,491.672,491.672,488.508,490.09
4/14/2026 9:15,491.672,491.672,491.672,491.672
4/13/2026 16:05,484.357,484.357,484.357,484.357
4/13/2026 15:55,483.566,484.357,483.566,484.159
4/13/2026 15:45,483.764,483.961,483.566,483.764
4/13/2026 15:35,483.961,483.961,483.764,483.764
4/13/2026 15:25,483.764,483.961,483.566,483.961
4/13/2026 15:15,484.159,484.357,483.566,483.764
4/13/2026 15:05,483.171,484.357,483.171,484.159
4/13/2026 14:55,482.973,483.764,482.775,483.171
4/13/2026 14:45,483.171,483.566,482.578,482.775
4/13/2026 14:35,482.775,483.368,482.578,483.368
4/13/2026 14:25,483.368,483.566,482.775,482.775
4/13/2026 14:15,483.566,483.764,483.171,483.171
4/13/2026 14:05,483.961,484.159,483.368,483.368
4/13/2026 13:55,484.357,484.357,483.566,483.961
4/13/2026 13:45,484.357,484.555,483.961,484.159
4/13/2026 13:35,484.357,484.555,483.961,484.555
4/13/2026 13:25,484.95,484.95,483.961,484.357
4/13/2026 13:15,483.961,484.95,483.764,484.752
4/13/2026 13:05,484.357,484.752,483.764,483.961
4/13/2026 12:55,484.752,485.938,483.764,484.357
4/13/2026 11:55,484.357,484.95,484.357,484.752
4/13/2026 11:45,484.357,484.752,484.159,484.555
4/13/2026 11:35,483.764,484.752,483.764,484.555
4/13/2026 11:25,483.368,484.752,483.171,483.764
4/13/2026 11:15,482.973,483.566,482.182,483.171
4/13/2026 11:05,485.148,485.148,482.973,482.973
4/13/2026 10:55,485.741,486.334,484.95,485.148
4/13/2026 10:45,487.322,487.718,485.345,485.938
4/13/2026 10:35,486.927,488.311,486.729,487.52
4/13/2026 10:25,488.311,488.508,486.334,486.531
4/13/2026 10:15,488.311,488.904,488.113,488.311
4/13/2026 10:05,488.706,489.695,487.718,488.508
4/13/2026 9:55,487.52,489.299,487.52,488.706
4/13/2026 9:45,489.695,489.892,487.52,487.52
4/13/2026 9:35,492.067,492.265,489.299,489.497
4/13/2026 9:25,492.858,497.207,490.485,492.067
4/13/2026 9:15,492.66,492.66,492.66,492.66
4/10/2026 16:05,498.69,498.69,498.69,498.69
4/10/2026 15:55,496.713,497.701,496.219,497.207
4/10/2026 15:45,496.713,497.207,496.219,496.713
4/10/2026 15:35,496.713,497.207,496.219,497.207
4/10/2026 15:25,497.207,498.196,496.713,496.713
4/10/2026 15:15,497.207,498.196,496.713,497.207
4/10/2026 15:05,497.701,498.196,496.219,496.713
4/10/2026 14:55,495.724,497.701,495.23,497.207
4/10/2026 14:45,496.713,497.207,495.23,495.724
4/10/2026 14:35,496.713,497.207,496.219,496.713
4/10/2026 14:25,496.713,497.207,496.219,497.207
4/10/2026 14:15,497.701,498.196,496.219,496.219
4/10/2026 14:05,498.69,498.69,497.207,497.207
4/10/2026 13:55,498.196,499.184,497.207,498.69
4/10/2026 13:45,497.207,499.184,496.713,498.196
4/10/2026 13:35,496.713,499.184,496.219,497.207
4/10/2026 13:25,496.219,497.207,495.724,496.713
4/10/2026 13:15,498.69,498.69,495.724,496.219
4/10/2026 13:05,500.173,500.667,498.196,498.196
4/10/2026 12:55,499.184,501.655,498.196,499.678
4/10/2026 11:55,498.196,499.184,498.196,499.184
4/10/2026 11:45,499.678,499.678,498.196,498.69
4/10/2026 11:35,499.678,500.173,499.184,499.678
4/10/2026 11:25,500.173,500.173,498.69,499.184
4/10/2026 11:15,500.173,501.161,499.184,499.678
4/10/2026 11:05,499.184,500.173,498.69,500.173
4/10/2026 10:55,499.678,499.678,498.69,499.184
4/10/2026 10:45,499.678,500.173,499.184,499.678
4/10/2026 10:35,500.667,501.161,499.184,499.678
4/10/2026 10:25,501.161,502.15,499.678,500.667
4/10/2026 10:15,502.644,503.138,500.173,501.161
4/10/2026 10:05,502.644,503.632,501.655,502.15
4/10/2026 9:55,506.598,506.598,502.644,502.644
4/10/2026 9:45,507.092,507.586,504.621,506.103
4/10/2026 9:35,505.609,508.08,502.644,507.586
4/10/2026 9:25,502.644,506.103,502.15,506.103
4/10/2026 9:15,502.15,502.15,502.15,502.15
4/9/2026 16:05,502.644,502.644,502.644,502.644
4/9/2026 15:55,502.15,502.644,501.161,501.655
4/9/2026 15:45,502.15,502.15,500.667,502.15
4/9/2026 15:35,500.173,502.644,500.173,501.655
4/9/2026 15:25,501.655,501.655,500.173,500.173
4/9/2026 15:15,503.138,503.138,501.161,501.161
4/9/2026 15:05,503.632,504.621,502.644,502.644
4/9/2026 14:55,504.126,504.621,503.138,503.632
4/9/2026 14:45,505.115,505.609,503.632,503.632
4/9/2026 14:35,504.621,505.609,504.621,505.115
4/9/2026 14:25,504.621,505.609,504.621,505.115
4/9/2026 14:15,506.598,506.598,504.621,504.621
4/9/2026 14:05,506.103,506.598,505.115,506.598
4/9/2026 13:55,503.632,506.103,503.632,506.103
4/9/2026 13:45,506.103,506.598,503.138,504.126
4/9/2026 13:35,506.103,506.598,505.115,506.103
4/9/2026 13:25,505.115,506.598,504.621,506.103
4/9/2026 13:15,505.115,505.609,503.632,504.621
4/9/2026 13:05,506.598,507.092,504.621,505.115
4/9/2026 12:55,506.598,508.08,506.103,506.598
4/9/2026 11:55,507.586,507.586,506.103,506.598
4/9/2026 11:45,507.092,507.586,506.103,507.586
4/9/2026 11:35,506.598,507.586,506.103,507.092
4/9/2026 11:25,505.115,506.598,504.126,506.598
4/9/2026 11:15,506.103,506.598,504.126,504.621
4/9/2026 11:05,507.092,508.575,505.609,506.598
4/9/2026 10:55,506.103,507.586,505.115,507.092
4/9/2026 10:45,504.621,506.103,503.632,505.609
4/9/2026 10:35,503.632,504.621,503.138,504.621
4/9/2026 10:25,502.15,503.632,501.161,503.632
4/9/2026 10:15,501.655,503.138,500.667,502.15
4/9/2026 10:05,502.15,502.644,500.667,501.655
4/9/2026 9:55,503.138,503.138,500.667,501.655
4/9/2026 9:45,500.667,503.632,500.173,503.138
4/9/2026 9:35,500.173,502.644,499.184,500.667
4/9/2026 9:25,500.173,500.667,497.207,500.667
4/9/2026 9:15,500.667,500.667,500.667,500.667
4/8/2026 16:05,502.15,502.15,502.15,502.15
4/8/2026 15:55,503.138,503.632,502.644,503.632
4/8/2026 15:45,503.138,504.126,502.15,503.138
4/8/2026 15:35,501.655,503.632,501.161,503.632
4/8/2026 15:25,501.161,502.644,501.161,501.655
4/8/2026 15:15,501.161,502.15,500.667,501.655
4/8/2026 15:05,501.655,502.15,500.173,501.655
4/8/2026 14:55,502.15,502.644,501.161,501.655
4/8/2026 14:45,502.644,503.138,502.15,502.15
4/8/2026 14:35,502.644,502.644,501.655,502.644
4/8/2026 14:25,501.161,502.644,501.161,502.644
4/8/2026 14:15,500.667,501.655,500.667,501.655
4/8/2026 14:05,500.667,501.161,499.678,501.161
4/8/2026 13:55,500.667,501.655,500.173,500.667
4/8/2026 13:45,500.173,501.161,500.173,501.161
4/8/2026 13:35,500.667,500.667,500.173,500.667
4/8/2026 13:25,500.173,501.161,500.173,500.667
4/8/2026 13:15,499.184,501.161,499.184,500.667
4/8/2026 13:05,499.184,502.15,498.196,499.678
4/8/2026 12:55,499.184,499.678,497.701,499.184
4/8/2026 11:55,499.184,500.173,498.69,498.69
4/8/2026 11:45,498.69,500.173,498.196,499.678
4/8/2026 11:35,498.196,499.184,497.701,498.69
4/8/2026 11:25,496.713,498.196,496.219,498.196
4/8/2026 11:15,497.701,497.701,495.724,496.713
4/8/2026 11:05,497.207,497.701,496.713,497.701
4/8/2026 10:55,497.207,497.207,495.724,497.207
4/8/2026 10:45,497.701,498.196,496.713,497.207
4/8/2026 10:35,497.207,498.69,496.713,497.701
4/8/2026 10:25,496.219,498.69,495.724,497.207
4/8/2026 10:15,497.207,497.701,495.23,495.724
4/8/2026 10:05,500.173,500.173,497.207,497.701
4/8/2026 9:55,498.69,500.173,497.207,500.173
4/8/2026 9:45,499.678,500.667,498.196,498.69
4/8/2026 9:35,498.69,500.173,496.219,499.184
4/8/2026 9:25,498.196,501.161,497.207,499.184
4/8/2026 9:15,498.69,498.69,498.69,498.69
4/2/2026 16:05,483.566,483.566,483.566,483.566
4/2/2026 15:55,481.984,482.973,481.984,482.973
4/2/2026 15:45,481.194,482.38,480.996,481.984
4/2/2026 15:35,482.182,482.38,480.996,480.996
4/2/2026 15:25,482.38,483.368,481.787,482.182
4/2/2026 15:15,480.798,482.578,480.601,482.38
4/2/2026 15:05,480.798,481.589,480.601,480.996
4/2/2026 14:55,481.589,481.787,480.601,480.798
4/2/2026 14:45,481.194,481.787,480.996,481.787
4/2/2026 14:35,481.589,481.589,480.798,480.996
4/2/2026 14:25,481.984,482.38,481.391,481.391
4/2/2026 14:15,480.996,482.182,480.996,481.787
4/2/2026 14:05,481.194,481.787,480.996,481.194
4/2/2026 13:55,480.996,481.391,480.601,480.996
4/2/2026 13:45,481.787,481.787,480.798,481.194
4/2/2026 13:35,480.205,482.182,480.205,481.787
4/2/2026 13:25,480.601,482.775,480.205,480.403
4/2/2026 13:15,480.601,480.798,479.414,480.403
4/2/2026 13:05,482.578,482.775,480.403,480.601
4/2/2026 12:55,482.775,483.764,482.38,482.578
4/2/2026 11:55,482.973,483.171,482.775,482.775
4/2/2026 11:45,483.566,483.764,483.171,483.171
4/2/2026 11:35,483.566,483.566,482.973,483.566
4/2/2026 11:25,484.752,484.95,483.368,483.368
4/2/2026 11:15,484.159,484.95,484.159,484.95
4/2/2026 11:05,484.159,484.95,483.961,484.357
4/2/2026 10:55,484.752,485.345,483.961,483.961
4/2/2026 10:45,484.555,485.543,484.555,484.752
4/2/2026 10:35,484.555,485.345,484.357,484.555
4/2/2026 10:25,484.357,485.345,483.961,484.357
4/2/2026 10:15,484.752,485.543,484.159,484.357
4/2/2026 10:05,483.764,485.345,483.566,484.752
4/2/2026 9:55,484.357,485.543,483.764,483.961
4/2/2026 9:45,484.357,485.741,482.578,484.159
4/2/2026 9:35,485.741,487.718,483.764,484.159
4/2/2026 9:25,490.288,490.288,485.148,485.741
4/2/2026 9:15,490.288,490.288,490.288,490.288
4/1/2026 16:05,490.881,490.881,490.881,490.881
4/1/2026 15:55,489.497,490.683,489.299,490.288
4/1/2026 15:45,492.265,492.265,489.299,489.695
4/1/2026 15:35,491.672,493.055,491.474,492.265
4/1/2026 15:25,492.067,492.858,491.276,491.672
4/1/2026 15:15,491.078,492.067,491.078,491.869
4/1/2026 15:05,492.265,492.858,490.881,491.078
4/1/2026 14:55,493.055,493.055,491.869,492.265
4/1/2026 14:45,494.242,494.736,492.265,492.858
4/1/2026 14:35,493.846,494.736,493.055,494.736
4/1/2026 14:25,493.055,494.242,492.858,493.649
4/1/2026 14:15,492.067,493.055,491.474,493.055
4/1/2026 14:05,491.869,492.66,491.276,492.067
4/1/2026 13:55,493.055,493.253,490.881,492.067
4/1/2026 13:45,493.253,493.649,492.462,493.253
4/1/2026 13:35,493.649,493.846,492.462,493.253
4/1/2026 13:25,493.451,494.044,492.265,493.451
4/1/2026 13:15,491.474,494.044,491.276,493.451
4/1/2026 13:05,489.892,491.474,489.695,491.474
4/1/2026 12:55,490.683,491.276,489.497,489.892
4/1/2026 11:55,490.09,490.683,489.695,490.683
4/1/2026 11:45,490.683,490.683,489.695,489.892
4/1/2026 11:35,491.672,491.672,490.485,490.683
4/1/2026 11:25,491.276,491.869,490.881,491.474
4/1/2026 11:15,491.474,491.869,490.683,491.078
4/1/2026 11:05,490.288,491.474,489.892,491.276
4/1/2026 10:55,490.881,490.881,489.892,490.288
4/1/2026 10:45,487.52,491.276,487.52,490.683
4/1/2026 10:35,488.311,489.299,487.322,487.718
4/1/2026 10:25,489.695,489.695,488.311,488.508
4/1/2026 10:15,491.276,491.276,489.299,489.892
4/1/2026 10:05,490.881,491.276,490.09,491.276
4/1/2026 9:55,491.078,492.462,490.288,490.881
4/1/2026 9:45,493.253,493.846,491.078,491.078
4/1/2026 9:35,494.736,494.736,490.683,493.055
4/1/2026 9:25,498.196,498.196,494.242,494.736
4/1/2026 9:15,498.196,498.196,498.196,498.196
3/31/2026 16:05,478.426,478.426,478.426,478.426
3/31/2026 15:55,478.821,479.019,478.426,479.019
3/31/2026 15:45,479.019,479.217,478.426,478.624
3/31/2026 15:35,478.426,479.217,478.228,478.821
3/31/2026 15:25,479.217,479.612,478.031,478.426
3/31/2026 15:15,478.031,479.217,477.833,479.217
3/31/2026 15:05,480.601,480.601,477.833,477.833
3/31/2026 14:55,480.798,481.194,480.403,480.403
3/31/2026 14:45,481.194,481.589,480.403,480.798
3/31/2026 14:35,482.578,482.775,480.996,481.194
3/31/2026 14:25,483.171,484.555,482.578,482.578
3/31/2026 14:15,483.368,484.159,482.578,482.973
3/31/2026 14:05,483.368,485.938,482.578,483.566
3/31/2026 13:55,483.566,484.752,481.589,483.566
3/31/2026 13:45,478.031,486.334,477.833,483.566
3/31/2026 13:35,477.635,478.426,477.437,478.031
3/31/2026 13:25,476.251,477.635,476.054,477.635
3/31/2026 13:15,474.867,476.251,474.67,476.251
3/31/2026 13:05,476.251,476.251,474.472,474.867
3/31/2026 12:55,475.856,476.449,475.263,476.251
3/31/2026 11:55,475.658,475.856,475.263,475.658
3/31/2026 11:45,475.46,475.856,475.263,475.46
3/31/2026 11:35,476.449,476.647,475.46,475.46
3/31/2026 11:25,476.647,477.042,476.251,476.449
3/31/2026 11:15,476.647,476.844,475.856,476.647
3/31/2026 11:05,476.844,477.635,476.449,476.647
3/31/2026 10:55,477.24,477.24,476.449,476.647
3/31/2026 10:45,477.042,477.833,476.647,477.437
3/31/2026 10:35,476.844,477.833,476.449,477.437
3/31/2026 10:25,478.821,479.217,476.647,476.844
3/31/2026 10:15,478.031,479.414,477.833,479.019
3/31/2026 10:05,477.833,479.81,477.437,478.031
3/31/2026 9:55,479.019,479.414,477.437,477.833
3/31/2026 9:45,480.007,480.403,477.24,479.217
3/31/2026 9:35,480.205,481.984,478.624,480.205
3/31/2026 9:25,478.821,481.194,478.031,480.007
3/31/2026 9:15,478.821,478.821,478.821,478.821
3/30/2026 16:05,476.054,476.054,476.054,476.054
3/30/2026 15:55,476.647,477.042,476.449,476.647
3/30/2026 15:45,475.856,476.844,475.658,476.647
3/30/2026 15:35,475.263,476.251,475.263,476.054
3/30/2026 15:25,475.263,475.46,474.867,475.46
3/30/2026 15:15,475.856,475.856,474.867,475.263
3/30/2026 15:05,476.449,476.647,475.46,475.856
3/30/2026 14:55,476.844,477.24,476.054,476.647
3/30/2026 14:45,478.228,478.624,476.647,476.844
3/30/2026 14:35,478.228,478.624,477.437,478.426
3/30/2026 14:25,476.449,478.426,476.449,478.228
3/30/2026 14:15,475.46,476.844,475.065,476.647
3/30/2026 14:05,477.437,477.437,475.065,475.46
3/30/2026 13:55,475.46,477.24,475.263,477.24
3/30/2026 13:45,475.658,476.054,474.867,475.658
3/30/2026 13:35,476.844,476.844,475.263,475.658
3/30/2026 13:25,477.635,477.635,476.054,476.647
3/30/2026 13:15,477.437,478.821,477.042,477.635
3/30/2026 13:05,476.844,480.007,475.065,477.437
3/30/2026 12:55,476.844,477.24,475.658,477.042
3/30/2026 11:55,476.844,477.24,476.647,476.844
3/30/2026 11:45,477.24,477.833,476.844,477.042
3/30/2026 11:35,477.635,477.833,476.647,477.24
3/30/2026 11:25,477.635,477.635,476.449,477.635
3/30/2026 11:15,475.658,477.833,474.867,477.635
3/30/2026 11:05,475.658,476.844,475.263,475.658
3/30/2026 10:55,474.274,475.658,473.483,475.46
3/30/2026 10:45,473.483,475.263,473.286,474.077
3/30/2026 10:35,471.704,473.681,470.913,473.681
3/30/2026 10:25,472.495,472.89,470.716,471.704
3/30/2026 10:15,474.472,474.67,470.518,472.693
3/30/2026 10:05,475.658,475.658,474.472,474.67
3/30/2026 9:55,474.867,476.054,473.879,475.46
3/30/2026 9:45,476.449,476.449,474.472,474.867
3/30/2026 9:35,477.042,478.031,475.658,476.251
3/30/2026 9:25,479.414,480.205,475.658,476.844
3/30/2026 9:15,479.414,479.414,479.414,479.414
3/27/2026 16:05,487.718,487.718,487.718,487.718
3/27/2026 15:55,486.927,487.718,486.729,487.718
3/27/2026 15:45,487.322,487.52,486.334,486.729
3/27/2026 15:35,487.322,487.718,487.125,487.52
3/27/2026 15:25,487.915,487.915,486.729,487.322
3/27/2026 15:15,488.311,488.508,487.52,487.915
3/27/2026 15:05,488.508,488.706,487.718,488.508
3/27/2026 14:55,488.508,489.892,488.508,488.508
3/27/2026 14:45,489.299,489.299,488.311,488.706
3/27/2026 14:35,488.706,489.299,488.508,489.102
3/27/2026 14:25,490.09,490.288,488.508,488.706
3/27/2026 14:15,489.102,490.09,488.706,490.09
3/27/2026 14:05,489.299,489.497,488.113,489.102
3/27/2026 13:55,489.892,490.288,489.299,489.299
3/27/2026 13:45,491.672,491.869,489.892,490.09
3/27/2026 13:35,491.078,491.672,490.881,491.672
3/27/2026 13:25,491.276,491.672,490.485,491.078
3/27/2026 13:15,490.881,492.462,490.881,491.474
3/27/2026 13:05,489.695,491.474,489.695,490.881
3/27/2026 12:55,489.102,490.09,488.311,489.892
3/27/2026 11:55,488.706,489.299,488.508,489.299
3/27/2026 11:45,487.718,488.706,487.125,488.706
3/27/2026 11:35,486.729,487.915,486.729,487.52
3/27/2026 11:25,486.531,487.322,485.938,486.729
3/27/2026 11:15,486.334,486.927,485.938,486.729
3/27/2026 11:05,485.148,486.729,483.961,486.334
3/27/2026 10:55,485.741,485.938,484.357,485.148
3/27/2026 10:45,485.938,486.334,485.148,485.741
3/27/2026 10:35,487.322,488.508,485.741,485.741
3/27/2026 10:25,484.95,487.52,484.555,487.52
3/27/2026 10:15,486.531,487.52,484.357,484.95
3/27/2026 10:05,486.334,486.729,485.345,486.531
3/27/2026 9:55,483.368,486.927,482.973,486.334
3/27/2026 9:45,484.95,485.148,481.984,483.368
3/27/2026 9:35,486.729,486.729,484.357,484.752
3/27/2026 9:25,486.334,488.113,484.555,486.729
3/27/2026 9:15,485.543,485.543,485.543,485.543
3/26/2026 16:05,489.892,489.892,489.892,489.892
3/26/2026 15:55,489.695,490.09,489.299,490.09
3/26/2026 15:45,489.892,489.892,489.497,489.695
3/26/2026 15:35,490.288,490.683,489.497,489.892
3/26/2026 15:25,490.288,491.078,490.09,490.288
3/26/2026 15:15,491.276,491.474,490.09,490.288
3/26/2026 15:05,491.672,491.869,491.276,491.276
3/26/2026 14:55,492.462,492.66,491.672,491.672
3/26/2026 14:45,492.462,492.66,492.265,492.265
3/26/2026 14:35,493.055,493.253,492.265,492.462
3/26/2026 14:25,492.66,493.451,492.462,493.055
3/26/2026 14:15,492.462,493.055,492.265,492.66
3/26/2026 14:05,493.055,493.253,492.265,492.462
3/26/2026 13:55,492.66,493.253,492.265,493.253
3/26/2026 13:45,492.66,492.66,492.265,492.462
3/26/2026 13:35,492.858,493.649,492.462,492.462
3/26/2026 13:25,492.462,493.055,492.265,493.055
3/26/2026 13:15,493.451,493.451,492.462,492.462
3/26/2026 13:05,494.242,494.736,493.253,493.451
3/26/2026 12:55,495.23,495.23,494.242,494.242
3/26/2026 11:55,494.736,495.23,494.736,495.23
3/26/2026 11:45,495.23,495.724,494.736,495.23
3/26/2026 11:35,495.724,495.724,495.23,495.724
3/26/2026 11:25,495.23,495.724,494.736,495.724
3/26/2026 11:15,494.736,495.724,494.242,495.23
3/26/2026 11:05,494.736,495.23,494.242,495.23
3/26/2026 10:55,494.736,495.23,494.242,494.242
3/26/2026 10:45,495.724,495.724,494.242,494.736
3/26/2026 10:35,495.23,496.219,494.242,495.23
3/26/2026 10:25,495.23,496.219,494.736,495.724
3/26/2026 10:15,495.23,496.219,495.23,495.724
3/26/2026 10:05,497.701,498.196,495.23,495.23
3/26/2026 9:55,497.207,497.701,495.724,497.701
3/26/2026 9:45,497.701,499.184,496.713,496.713
3/26/2026 9:35,496.713,501.655,496.219,497.701
3/26/2026 9:25,495.23,498.69,495.23,496.713
3/26/2026 9:15,495.23,495.23,495.23,495.23
3/25/2026 16:05,499.678,499.678,499.678,499.678
3/25/2026 15:55,499.678,499.678,499.184,499.184
3/25/2026 15:45,498.196,499.678,497.701,499.678
3/25/2026 15:35,498.69,499.184,497.207,498.196
3/25/2026 15:25,497.207,498.69,497.207,498.69
3/25/2026 15:15,498.196,498.196,496.219,497.701
3/25/2026 15:05,498.196,498.69,497.207,497.701
3/25/2026 14:55,498.69,499.184,497.701,498.196
3/25/2026 14:45,497.207,499.678,496.713,498.69
3/25/2026 14:35,499.184,499.184,496.219,497.207
3/25/2026 14:25,497.701,499.184,496.219,499.184
3/25/2026 14:15,498.196,498.69,497.207,497.701
3/25/2026 14:05,500.173,501.161,497.207,498.196
3/25/2026 13:55,500.667,501.655,499.184,499.678
3/25/2026 13:45,506.103,506.103,500.173,500.667
3/25/2026 13:35,502.15,508.08,502.15,506.103
3/25/2026 13:25,499.184,504.126,499.184,502.644
3/25/2026 13:15,499.678,500.667,498.196,499.184
3/25/2026 13:05,498.196,499.678,498.196,499.678
3/25/2026 12:55,498.69,500.173,497.701,498.196
3/25/2026 11:55,499.678,499.678,498.196,498.196
3/25/2026 11:45,499.678,500.173,498.196,499.678
3/25/2026 11:35,497.207,499.678,497.207,499.184
3/25/2026 11:25,498.69,499.678,497.207,497.701
3/25/2026 11:15,500.667,500.667,498.196,498.196
3/25/2026 11:05,502.15,502.15,499.184,500.173
3/25/2026 10:55,505.115,506.103,501.161,502.15
3/25/2026 10:45,507.092,507.092,504.621,505.115
3/25/2026 10:35,508.08,508.08,505.609,507.092
3/25/2026 10:25,508.08,509.069,506.103,508.08
3/25/2026 10:15,511.046,512.034,508.08,508.575
3/25/2026 10:05,511.54,512.034,509.563,511.54
3/25/2026 9:55,514.011,514.506,511.54,512.034
3/25/2026 9:45,512.529,515.494,512.034,514.011
3/25/2026 9:35,511.54,513.517,510.057,512.529
3/25/2026 9:25,513.517,515.494,510.552,511.046
3/25/2026 9:15,513.023,513.023,513.023,513.023
3/24/2026 16:05,508.08,508.08,508.08,508.08
3/24/2026 15:55,509.069,510.552,508.575,510.057
3/24/2026 15:45,509.069,509.563,508.08,508.575
3/24/2026 15:35,508.575,510.552,508.575,509.563
3/24/2026 15:25,510.057,511.046,508.575,508.575
3/24/2026 15:15,511.54,512.034,509.563,510.552
3/24/2026 15:05,509.069,514.011,508.575,512.034
3/24/2026 14:55,507.586,510.552,507.092,509.069
3/24/2026 14:45,505.609,507.586,505.115,507.586
3/24/2026 14:35,505.115,505.609,504.621,505.609
3/24/2026 14:25,505.609,506.103,504.621,505.115
3/24/2026 14:15,502.15,505.609,502.15,505.609
3/24/2026 14:05,501.655,502.644,501.161,502.644
3/24/2026 13:55,500.667,501.655,499.678,501.161
3/24/2026 13:45,500.173,501.161,499.678,500.667
3/24/2026 13:35,498.69,500.667,498.69,499.678
3/24/2026 13:25,500.173,500.173,498.196,499.184
3/24/2026 13:15,499.678,501.161,499.184,500.173
3/24/2026 13:05,498.69,500.173,497.207,499.678
3/24/2026 12:55,501.161,502.15,498.196,498.196
3/24/2026 11:55,501.655,502.15,501.161,501.655
3/24/2026 11:45,500.667,501.655,500.173,501.161
3/24/2026 11:35,500.173,501.161,500.173,500.667
3/24/2026 11:25,501.161,501.655,499.678,500.667
3/24/2026 11:15,501.161,501.655,500.667,501.655
3/24/2026 11:05,499.678,501.161,499.184,501.161
3/24/2026 10:55,499.184,500.173,498.69,500.173
3/24/2026 10:45,501.161,501.655,498.69,499.184
3/24/2026 10:35,501.161,501.655,499.184,500.667
3/24/2026 10:25,500.173,502.15,499.678,501.161
3/24/2026 10:15,498.69,502.15,497.701,500.667
3/24/2026 10:05,497.207,501.161,496.219,498.196
3/24/2026 9:55,494.736,498.196,494.242,497.207
3/24/2026 9:45,496.219,497.207,494.242,494.736
3/24/2026 9:35,501.161,501.655,495.724,496.713
3/24/2026 9:25,501.655,503.632,498.69,501.655
3/24/2026 9:15,502.15,502.15,502.15,502.15
3/23/2026 16:05,492.66,492.66,492.66,492.66
3/23/2026 15:55,494.242,494.242,493.253,493.846
3/23/2026 15:45,494.736,494.736,493.649,494.242
3/23/2026 15:35,493.253,494.736,493.055,494.736
3/23/2026 15:25,492.66,493.649,491.672,493.253
3/23/2026 15:15,490.881,494.242,490.288,492.66
3/23/2026 15:05,489.497,491.276,489.497,490.881
3/23/2026 14:55,490.485,491.474,489.497,489.497
3/23/2026 14:45,491.672,491.869,489.695,490.288
3/23/2026 14:35,491.869,492.265,491.474,491.869
3/23/2026 14:25,492.265,493.253,491.474,491.672
3/23/2026 14:15,492.265,492.858,491.276,492.462
3/23/2026 14:05,492.462,492.66,491.869,492.067
3/23/2026 13:55,492.66,493.253,492.265,492.462
3/23/2026 13:45,493.253,493.253,492.265,492.66
3/23/2026 13:35,493.451,494.736,492.66,493.253
3/23/2026 13:25,494.044,494.736,492.462,493.451
3/23/2026 13:15,495.23,495.724,493.846,494.242
3/23/2026 13:05,494.242,495.724,494.044,495.23
3/23/2026 12:55,492.858,494.736,492.462,494.242
3/23/2026 11:55,492.66,493.253,492.462,492.858
3/23/2026 11:45,493.846,494.736,492.462,492.66
3/23/2026 11:35,493.451,494.242,492.66,494.044
3/23/2026 11:25,494.736,495.23,493.253,493.649
3/23/2026 11:15,494.736,495.23,494.242,494.242
3/23/2026 11:05,495.23,495.23,494.242,494.242
3/23/2026 10:55,495.23,495.724,494.242,494.736
3/23/2026 10:45,496.219,496.219,494.242,495.23
3/23/2026 10:35,495.724,496.219,494.242,495.724
3/23/2026 10:25,496.713,498.196,494.736,495.23
3/23/2026 10:15,498.69,499.678,495.724,496.713
3/23/2026 10:05,498.69,498.69,496.713,498.69
3/23/2026 9:55,498.69,499.678,495.23,498.69
3/23/2026 9:45,497.207,500.173,495.724,498.69
3/23/2026 9:35,494.736,499.678,494.242,497.207
3/23/2026 9:25,491.869,496.219,491.672,494.736
3/23/2026 9:15,492.067,492.067,492.067,492.067
3/20/2026 16:05,502.15,502.15,502.15,502.15
3/20/2026 15:55,504.621,505.609,504.126,504.621
3/20/2026 15:45,503.138,504.621,503.138,504.126
3/20/2026 15:35,504.126,504.621,503.138,503.138
3/20/2026 15:25,504.126,505.609,503.632,503.632
3/20/2026 15:15,503.632,504.621,503.138,504.126
3/20/2026 15:05,503.138,504.126,502.15,503.138
3/20/2026 14:55,503.632,504.621,502.15,502.644
3/20/2026 14:45,504.621,504.621,503.138,503.632
3/20/2026 14:35,504.126,504.621,503.138,504.126
3/20/2026 14:25,504.621,505.115,504.126,504.621
3/20/2026 14:15,505.609,505.609,504.126,505.115
3/20/2026 14:05,506.103,507.092,505.115,505.115
3/20/2026 13:55,506.103,506.598,505.609,506.103
3/20/2026 13:45,506.103,506.598,505.115,506.103
3/20/2026 13:35,506.103,506.598,505.609,506.103
3/20/2026 13:25,504.621,506.103,504.126,505.609
3/20/2026 13:15,505.115,506.103,504.126,504.621
3/20/2026 13:05,505.609,505.609,504.126,505.609
3/20/2026 12:55,504.621,506.103,504.126,505.609
3/20/2026 11:55,505.609,505.609,504.126,504.621
3/20/2026 11:45,505.115,506.103,505.115,505.609
3/20/2026 11:35,506.103,506.598,505.115,505.115
3/20/2026 11:25,508.08,508.575,505.609,505.609
3/20/2026 11:15,507.092,508.575,507.092,508.08
3/20/2026 11:05,505.609,507.586,505.609,507.092
3/20/2026 10:55,507.586,508.08,504.621,506.103
3/20/2026 10:45,508.08,509.069,507.092,508.08
3/20/2026 10:35,509.069,510.057,507.586,508.575
3/20/2026 10:25,507.586,508.575,506.103,508.575
3/20/2026 10:15,508.08,510.552,507.092,507.586
3/20/2026 10:05,507.586,509.069,507.092,507.586
3/20/2026 9:55,507.586,508.08,505.609,507.092
3/20/2026 9:45,511.046,511.54,507.092,507.586
3/20/2026 9:35,510.057,513.023,509.563,511.046
3/20/2026 9:25,499.678,512.034,499.184,509.563
3/20/2026 9:15,499.184,499.184,499.184,499.184
3/19/2026 16:05,507.092,507.092,507.092,507.092
3/19/2026 15:55,508.08,508.08,506.103,506.103
3/19/2026 15:45,506.598,508.08,506.598,507.586
3/19/2026 15:35,507.586,507.586,506.103,506.598
3/19/2026 15:25,508.575,508.575,507.092,507.586
3/19/2026 15:15,508.08,509.069,507.586,508.08
3/19/2026 15:05,509.069,510.057,507.586,507.586
3/19/2026 14:55,510.057,510.057,509.069,509.563
3/19/2026 14:45,509.563,510.057,509.069,509.563
3/19/2026 14:35,509.563,510.552,509.069,509.563
3/19/2026 14:25,509.563,510.057,509.069,509.069
3/19/2026 14:15,510.552,511.046,509.563,510.057
3/19/2026 14:05,511.046,511.046,510.057,510.057
3/19/2026 13:55,511.046,511.046,509.069,510.552
3/19/2026 13:45,510.057,511.046,509.069,510.552
3/19/2026 13:35,511.046,511.046,510.057,510.057
3/19/2026 13:25,511.046,512.034,510.057,510.552
3/19/2026 13:15,511.046,511.54,510.552,511.046
3/19/2026 13:05,510.057,511.046,509.563,510.552
3/19/2026 12:55,512.034,512.529,509.069,509.563
3/19/2026 11:55,512.034,512.529,511.046,512.034
3/19/2026 11:45,511.046,512.034,511.046,512.034
3/19/2026 11:35,512.034,512.529,511.046,511.54
3/19/2026 11:25,512.529,513.023,511.046,512.034
3/19/2026 11:15,513.023,513.517,512.034,513.023
3/19/2026 11:05,512.034,513.517,511.046,513.023
3/19/2026 10:55,513.023,513.517,510.552,512.034
3/19/2026 10:45,516.977,516.977,512.529,513.023
3/19/2026 10:35,515.494,517.471,514.506,516.977
3/19/2026 10:25,512.529,516.482,512.034,515
3/19/2026 10:15,512.529,513.023,511.046,512.529
3/19/2026 10:05,512.529,515.494,512.034,512.529
3/19/2026 9:55,512.529,514.506,510.552,512.529
3/19/2026 9:45,514.506,515,509.069,512.529
3/19/2026 9:35,516.977,518.459,514.011,514.011
3/19/2026 9:25,522.413,523.402,514.506,516.977
3/19/2026 9:15,521.919,521.919,521.919,521.919
3/18/2026 16:05,544.16,544.16,544.16,544.16
3/18/2026 15:55,544.654,545.643,544.16,545.643
3/18/2026 15:45,543.666,544.654,542.183,544.654
3/18/2026 15:35,540.206,543.666,540.206,543.666
3/18/2026 15:25,541.195,541.195,540.206,540.206
3/18/2026 15:15,541.195,541.689,540.206,540.7
3/18/2026 15:05,543.172,543.172,540.7,541.195
3/18/2026 14:55,542.183,544.16,541.689,542.677
3/18/2026 14:45,542.677,544.654,541.689,542.183
3/18/2026 14:35,541.689,542.677,540.7,542.677
3/18/2026 14:25,541.195,543.172,540.7,541.689
3/18/2026 14:15,540.206,541.195,539.218,541.195
3/18/2026 14:05,539.218,541.689,539.218,540.206
3/18/2026 13:55,541.195,541.689,538.723,539.218
3/18/2026 13:45,543.172,543.666,540.7,541.195
3/18/2026 13:35,543.172,545.148,542.677,543.666
3/18/2026 13:25,541.689,543.666,541.195,543.666
3/18/2026 13:15,540.7,543.666,539.712,541.689
3/18/2026 13:05,542.677,543.666,539.712,540.7
3/18/2026 12:55,539.218,544.16,538.723,542.183
3/18/2026 11:55,538.723,539.712,538.723,538.723
3/18/2026 11:45,539.712,540.206,538.723,538.723
3/18/2026 11:35,539.218,539.712,538.229,539.712
3/18/2026 11:25,538.723,539.712,538.723,539.218
3/18/2026 11:15,538.723,540.206,538.723,538.723
3/18/2026 11:05,538.229,539.712,537.735,538.723
3/18/2026 10:55,537.241,539.218,537.241,538.229
3/18/2026 10:45,538.229,539.712,537.241,537.735
3/18/2026 10:35,537.735,540.7,537.735,538.229
3/18/2026 10:25,540.7,540.7,537.735,537.735
3/18/2026 10:15,537.735,541.689,537.241,540.7
3/18/2026 10:05,537.735,540.206,537.241,538.229
3/18/2026 9:55,538.229,540.206,537.735,537.735
3/18/2026 9:45,541.689,542.183,537.735,538.229
3/18/2026 9:35,538.723,541.689,536.252,541.689
3/18/2026 9:25,540.7,544.16,537.735,538.723
3/18/2026 9:15,540.206,540.206,540.206,540.206
3/17/2026 16:05,543.666,543.666,543.666,543.666
3/17/2026 15:55,544.16,545.148,543.666,543.666
3/17/2026 15:45,545.148,545.643,543.666,543.666
3/17/2026 15:35,544.16,545.643,544.16,545.148
3/17/2026 15:25,544.16,545.643,543.666,544.16
3/17/2026 15:15,543.666,545.643,543.666,544.16
3/17/2026 15:05,544.654,545.148,543.666,543.666
3/17/2026 14:55,544.654,546.137,543.666,545.148
3/17/2026 14:45,543.666,544.654,543.172,544.654
3/17/2026 14:35,544.654,544.654,543.666,544.16
3/17/2026 14:25,544.16,545.148,542.677,544.654
3/17/2026 14:15,543.666,545.148,543.666,544.16
3/17/2026 14:05,545.148,546.631,543.666,543.666
3/17/2026 13:55,548.608,548.608,544.16,545.148
3/17/2026 13:45,550.091,550.585,547.62,548.608
3/17/2026 13:35,550.091,551.574,550.091,550.091
3/17/2026 13:25,552.068,552.068,550.091,550.091
3/17/2026 13:15,553.056,553.551,551.574,551.574
3/17/2026 13:05,553.056,555.033,551.574,552.562
3/17/2026 12:55,553.056,553.551,550.091,553.056
3/17/2026 11:55,552.068,552.562,551.574,552.068
3/17/2026 11:45,551.574,552.562,550.091,551.574
3/17/2026 11:35,551.574,552.068,550.091,551.574
3/17/2026 11:25,551.574,552.068,550.091,551.079
3/17/2026 11:15,552.068,553.056,551.079,551.079
3/17/2026 11:05,551.079,552.562,550.091,551.574
3/17/2026 10:55,552.068,553.551,550.585,550.585
3/17/2026 10:45,554.539,554.539,552.068,552.068
3/17/2026 10:35,552.068,555.033,550.585,554.539
3/17/2026 10:25,554.045,554.539,552.068,552.068
3/17/2026 10:15,555.033,555.528,553.551,554.045
3/17/2026 10:05,554.045,555.033,553.056,554.539
3/17/2026 9:55,557.01,557.01,552.562,554.045
3/17/2026 9:45,555.033,557.01,554.045,557.01
3/17/2026 9:35,557.999,558.987,552.068,554.539
3/17/2026 9:25,556.516,559.482,556.022,557.999
3/17/2026 9:15,556.516,556.516,556.516,556.516
3/16/2026 16:05,552.068,552.068,552.068,552.068
3/16/2026 15:55,552.562,553.551,552.068,553.056
3/16/2026 15:45,551.574,553.056,551.574,552.068
3/16/2026 15:35,551.574,552.068,550.585,552.068
3/16/2026 15:25,552.562,553.056,551.079,551.574
3/16/2026 15:15,554.045,554.045,552.068,552.562
3/16/2026 15:05,555.528,555.528,553.551,554.045
3/16/2026 14:55,555.033,555.528,554.539,555.528
3/16/2026 14:45,555.033,556.022,554.045,554.539
3/16/2026 14:35,555.033,556.022,554.539,555.033
3/16/2026 14:25,556.022,556.516,554.539,554.539
3/16/2026 14:15,557.01,557.505,555.528,555.528
3/16/2026 14:05,556.516,557.505,556.022,557.01
3/16/2026 13:55,555.528,556.516,555.033,556.516
3/16/2026 13:45,556.516,556.516,555.033,556.022
3/16/2026 13:35,553.551,557.01,553.551,556.516
3/16/2026 13:25,556.022,556.022,553.056,553.551
3/16/2026 13:15,558.493,558.987,555.528,555.528
3/16/2026 13:05,555.528,558.987,555.033,558.493
3/16/2026 12:55,556.022,557.505,555.033,555.528
3/16/2026 11:55,555.528,557.505,555.528,556.022
3/16/2026 11:45,554.045,556.516,553.551,556.022
3/16/2026 11:35,553.056,554.539,552.562,554.045
3/16/2026 11:25,551.574,553.551,550.585,553.056
3/16/2026 11:15,551.079,552.562,550.585,552.068
3/16/2026 11:05,551.574,552.562,550.091,551.079
3/16/2026 10:55,550.091,553.551,549.597,551.574
3/16/2026 10:45,548.608,550.585,546.631,550.091
3/16/2026 10:35,549.102,549.102,547.125,548.608
3/16/2026 10:25,548.114,550.585,547.125,548.608
3/16/2026 10:15,549.597,551.079,547.125,548.608
3/16/2026 10:05,547.62,549.597,545.643,549.597
3/16/2026 9:55,546.631,550.585,545.643,547.125
3/16/2026 9:45,542.677,551.079,542.677,546.631
3/16/2026 9:35,539.712,542.677,537.241,542.677
3/16/2026 9:25,544.654,547.125,538.723,539.712
3/16/2026 9:15,544.654,544.654,544.654,544.654
3/13/2026 16:05,541.195,541.195,541.195,541.195
3/13/2026 15:55,542.183,542.677,541.689,542.677
3/13/2026 15:45,541.689,542.183,541.195,542.183
3/13/2026 15:35,542.183,542.677,540.7,541.195
3/13/2026 15:25,541.195,542.183,540.206,542.183
3/13/2026 15:15,541.689,542.183,540.7,541.195
3/13/2026 15:05,542.183,542.183,540.7,542.183
3/13/2026 14:55,543.666,543.666,542.183,542.677
3/13/2026 14:45,542.183,543.666,542.183,543.666
3/13/2026 14:35,543.172,543.666,542.183,542.677
3/13/2026 14:25,543.666,543.666,542.183,543.666
3/13/2026 14:15,544.654,544.654,543.172,543.666
3/13/2026 14:05,543.172,544.654,542.677,544.654
3/13/2026 13:55,544.16,545.148,543.666,543.666
3/13/2026 13:45,546.137,546.631,544.16,544.654
3/13/2026 13:35,548.114,548.608,546.137,546.137
3/13/2026 13:25,545.148,548.114,544.654,548.114
3/13/2026 13:15,545.148,546.137,544.654,545.643
3/13/2026 13:05,545.643,546.631,543.666,545.148
3/13/2026 12:55,546.137,546.631,544.654,545.643
3/13/2026 11:55,545.148,546.137,544.654,546.137
3/13/2026 11:45,545.643,546.137,544.654,545.148
3/13/2026 11:35,545.148,546.631,544.654,545.643
3/13/2026 11:25,546.137,547.125,544.654,545.643
3/13/2026 11:15,546.631,547.125,545.148,546.137
3/13/2026 11:05,547.62,548.608,546.631,546.631
3/13/2026 10:55,549.102,549.597,547.62,547.62
3/13/2026 10:45,549.597,550.091,547.62,549.102
3/13/2026 10:35,549.597,550.091,547.62,549.597
3/13/2026 10:25,548.608,550.585,547.125,550.091
3/13/2026 10:15,547.62,552.068,547.125,549.102
3/13/2026 10:05,542.677,551.079,542.183,547.62
3/13/2026 9:55,538.229,542.183,536.746,542.183
3/13/2026 9:45,538.229,540.7,537.241,537.735
3/13/2026 9:35,545.148,545.148,537.735,537.735
3/13/2026 9:25,540.206,545.148,538.229,545.148
3/13/2026 9:15,540.206,540.206,540.206,540.206
3/12/2026 16:05,540.206,540.206,540.206,540.206
3/12/2026 15:55,541.689,542.677,541.195,542.677
3/12/2026 15:45,540.206,541.689,540.206,541.689
3/12/2026 15:35,540.206,540.7,539.712,540.206
3/12/2026 15:25,540.7,541.689,539.712,540.7
3/12/2026 15:15,539.712,541.195,539.712,541.195
3/12/2026 15:05,540.7,541.195,539.712,539.712
3/12/2026 14:55,539.712,541.689,539.218,540.7
3/12/2026 14:45,538.229,540.206,537.735,540.206
3/12/2026 14:35,538.229,539.712,537.735,537.735
3/12/2026 14:25,537.241,539.218,537.241,538.723
3/12/2026 14:15,537.735,537.735,535.264,537.735
3/12/2026 14:05,537.735,538.229,536.252,537.241
3/12/2026 13:55,537.735,539.218,537.241,538.229
3/12/2026 13:45,537.241,538.229,536.252,537.735
3/12/2026 13:35,537.735,538.229,536.252,537.241
3/12/2026 13:25,536.252,539.218,535.758,537.735
3/12/2026 13:15,538.723,538.723,535.264,535.758
3/12/2026 13:05,538.723,539.218,537.735,538.229
3/12/2026 12:55,539.218,540.206,537.735,538.723
3/12/2026 11:55,538.723,539.712,538.723,539.712
3/12/2026 11:45,537.735,539.712,537.735,539.218
3/12/2026 11:35,538.723,539.218,537.735,537.735
3/12/2026 11:25,539.218,539.712,538.229,538.723
3/12/2026 11:15,539.712,540.206,539.218,539.218
3/12/2026 11:05,540.206,540.7,539.218,539.712
3/12/2026 10:55,540.206,541.195,539.218,540.7
3/12/2026 10:45,538.229,540.7,537.241,539.712
3/12/2026 10:35,540.7,541.195,537.735,538.723
3/12/2026 10:25,542.183,543.666,540.7,540.7
3/12/2026 10:15,544.16,545.148,542.183,542.677
3/12/2026 10:05,544.654,545.643,543.666,544.16
3/12/2026 9:55,542.677,545.148,541.689,544.16
3/12/2026 9:45,548.608,549.597,542.677,543.172
3/12/2026 9:35,548.608,550.585,546.137,548.608
3/12/2026 9:25,544.654,549.102,541.195,548.608
3/12/2026 9:15,544.16,544.16,544.16,544.16
3/11/2026 16:05,545.643,545.643,545.643,545.643
3/11/2026 15:55,543.666,545.643,543.666,545.643
3/11/2026 15:45,543.172,544.16,541.689,544.16
3/11/2026 15:35,544.16,544.654,541.689,543.172
3/11/2026 15:25,545.643,546.137,544.16,544.16
3/11/2026 15:15,545.643,546.137,544.654,545.643
3/11/2026 15:05,545.643,546.137,544.16,544.654
3/11/2026 14:55,546.631,547.125,545.148,545.643
3/11/2026 14:45,549.102,549.102,546.631,547.125
3/11/2026 14:35,549.102,550.091,548.608,549.102
3/11/2026 14:25,548.608,549.597,547.125,549.102
3/11/2026 14:15,550.585,551.574,548.114,548.114
3/11/2026 14:05,546.137,550.585,545.643,550.585
3/11/2026 13:55,546.137,546.631,544.16,545.643
3/11/2026 13:45,547.125,548.608,545.148,545.643
3/11/2026 13:35,547.125,547.125,545.148,547.125
3/11/2026 13:25,544.16,547.62,543.666,547.125
3/11/2026 13:15,544.654,547.62,544.16,544.16
3/11/2026 13:05,548.608,548.608,544.654,544.654
3/11/2026 12:55,549.597,552.562,548.608,548.608
3/11/2026 11:55,552.562,553.056,549.597,549.597
3/11/2026 11:45,557.999,558.987,548.608,552.562
3/11/2026 11:35,557.505,558.493,557.01,557.999
3/11/2026 11:25,556.516,558.987,556.516,557.505
3/11/2026 11:15,556.516,559.482,556.516,556.516
3/11/2026 11:05,557.505,557.999,556.022,557.01
3/11/2026 10:55,559.482,559.976,557.505,557.505
3/11/2026 10:45,554.045,559.976,554.045,559.976
3/11/2026 10:35,556.022,557.01,554.045,554.045
3/11/2026 10:25,554.045,557.505,554.045,556.022
3/11/2026 10:15,558.493,558.987,554.045,554.045
3/11/2026 10:05,556.022,559.482,556.022,558.987
3/11/2026 9:55,557.999,558.493,553.551,556.022
3/11/2026 9:45,558.987,561.458,556.516,557.999
3/11/2026 9:35,564.424,564.918,558.493,558.493
3/11/2026 9:25,570.355,570.849,557.01,564.424
3/11/2026 9:15,571.343,571.343,571.343,571.343
3/10/2026 16:05,547.125,547.125,547.125,547.125
3/10/2026 15:55,545.643,546.631,545.643,546.631
3/10/2026 15:45,545.643,546.631,545.148,546.137
3/10/2026 15:35,545.643,546.137,544.654,545.643
3/10/2026 15:25,545.148,546.631,544.654,546.137
3/10/2026 15:15,544.16,546.137,544.16,545.148
3/10/2026 15:05,544.654,546.137,544.16,544.16
3/10/2026 14:55,544.16,546.631,544.16,545.148
3/10/2026 14:45,547.125,548.114,543.666,544.654
3/10/2026 14:35,547.62,549.597,546.631,547.62
3/10/2026 14:25,545.643,548.114,545.148,548.114
3/10/2026 14:15,546.631,547.62,544.16,545.148
3/10/2026 14:05,546.137,547.125,544.654,546.631
3/10/2026 13:55,543.172,546.631,542.677,546.137
3/10/2026 13:45,542.677,543.666,541.195,543.666
3/10/2026 13:35,542.677,544.654,542.183,542.677
3/10/2026 13:25,543.666,545.643,541.195,542.677
3/10/2026 13:15,544.16,545.643,542.677,544.16
3/10/2026 13:05,543.666,544.16,540.7,544.16
3/10/2026 12:55,539.218,543.666,538.723,543.666
3/10/2026 11:55,538.229,539.712,537.735,539.218
3/10/2026 11:45,540.206,541.195,537.241,538.723
3/10/2026 11:35,540.206,541.195,536.746,540.7
3/10/2026 11:25,538.723,541.689,536.746,540.7
3/10/2026 11:15,535.758,539.218,534.275,538.723
3/10/2026 11:05,530.321,536.252,530.321,535.758
3/10/2026 10:55,525.379,530.815,523.896,530.815
3/10/2026 10:45,523.896,525.379,522.908,525.379
3/10/2026 10:35,522.908,524.39,521.919,523.896
3/10/2026 10:25,526.367,526.367,521.919,522.413
3/10/2026 10:15,526.367,527.356,524.885,526.367
3/10/2026 10:05,523.402,527.356,522.908,526.862
3/10/2026 9:55,523.402,524.885,521.425,523.896
3/10/2026 9:45,524.885,526.367,522.908,523.402
3/10/2026 9:35,524.885,529.333,523.402,524.885
3/10/2026 9:25,519.448,527.356,518.954,524.885
3/10/2026 9:15,518.954,518.954,518.954,518.954
3/9/2026 16:05,510.057,510.057,510.057,510.057
3/9/2026 15:55,509.069,511.54,509.069,511.046
3/9/2026 15:45,510.552,510.552,508.575,509.069
3/9/2026 15:35,510.057,511.046,509.069,510.552
3/9/2026 15:25,509.069,511.046,508.575,510.057
3/9/2026 15:15,507.586,509.069,507.092,509.069
3/9/2026 15:05,506.598,507.586,505.609,507.092
3/9/2026 14:55,508.08,508.575,506.598,506.598
3/9/2026 14:45,508.575,509.069,507.586,507.586
3/9/2026 14:35,508.575,509.069,507.092,509.069
3/9/2026 14:25,509.069,510.057,508.575,508.575
3/9/2026 14:15,509.069,510.057,507.586,508.575
3/9/2026 14:05,509.069,510.552,508.08,509.069
3/9/2026 13:55,508.575,510.057,508.08,509.069
3/9/2026 13:45,507.586,509.069,506.103,508.08
3/9/2026 13:35,508.575,509.069,505.115,507.092
3/9/2026 13:25,506.598,509.069,505.609,508.575
3/9/2026 13:15,503.138,506.598,502.644,506.103
3/9/2026 13:05,504.126,504.621,502.644,503.632
3/9/2026 12:55,504.621,505.115,502.644,504.621
3/9/2026 11:55,505.609,505.609,504.621,504.621
3/9/2026 11:45,505.609,506.598,504.621,505.609
3/9/2026 11:35,506.598,507.092,505.115,505.609
3/9/2026 11:25,506.103,507.092,504.126,506.598
3/9/2026 11:15,504.126,506.598,504.126,506.598
3/9/2026 11:05,505.115,507.092,503.632,504.621
3/9/2026 10:55,504.621,506.598,504.126,505.115
3/9/2026 10:45,502.644,506.598,502.644,504.621
3/9/2026 10:35,499.678,503.632,499.184,502.644
3/9/2026 10:25,499.184,500.173,498.196,499.678
3/9/2026 10:15,501.161,501.161,499.184,499.678
3/9/2026 10:05,499.678,502.15,499.184,501.161
3/9/2026 9:55,501.161,501.655,499.184,499.184
3/9/2026 9:45,503.138,504.621,500.173,500.667
3/9/2026 9:35,501.655,503.138,499.184,503.138
3/9/2026 9:25,496.713,503.138,496.713,501.655
3/9/2026 9:15,496.713,496.713,496.713,496.713
3/6/2026 16:05,513.023,513.023,513.023,513.023
3/6/2026 15:55,512.034,513.517,511.54,513.023
3/6/2026 15:45,512.034,512.529,510.552,512.034
3/6/2026 15:35,510.057,512.034,510.057,511.54
3/6/2026 15:25,511.046,511.046,509.563,510.057
3/6/2026 15:15,512.034,512.034,510.057,511.046
3/6/2026 15:05,511.54,512.034,509.563,511.54
3/6/2026 14:55,513.023,513.023,511.54,511.54
3/6/2026 14:45,511.54,513.517,511.046,513.023
3/6/2026 14:35,512.529,513.023,511.046,511.54
3/6/2026 14:25,513.517,514.011,512.034,512.529
3/6/2026 14:15,513.517,514.506,512.529,513.517
3/6/2026 14:05,514.506,514.506,513.517,514.011
3/6/2026 13:55,514.011,515,513.517,514.506
3/6/2026 13:45,514.011,514.506,512.529,514.506
3/6/2026 13:35,514.011,515,512.529,514.011
3/6/2026 13:25,512.034,514.011,512.034,513.517
3/6/2026 13:15,512.529,514.011,512.034,512.529
3/6/2026 13:05,514.011,515,512.034,512.529
3/6/2026 12:55,515.988,515.988,513.517,514.011
3/6/2026 11:55,514.011,515.988,514.011,515.988
3/6/2026 11:45,514.506,515,514.011,514.011
3/6/2026 11:35,514.506,515.494,513.023,515
3/6/2026 11:25,514.011,515.494,513.023,514.011
3/6/2026 11:15,511.54,515,511.046,514.011
3/6/2026 11:05,511.046,512.034,510.057,512.034
3/6/2026 10:55,508.08,511.54,508.08,511.54
3/6/2026 10:45,508.575,509.563,507.586,508.08
3/6/2026 10:35,510.057,510.057,507.586,509.069
3/6/2026 10:25,510.057,511.046,508.575,510.552
3/6/2026 10:15,512.034,513.517,509.563,510.057
3/6/2026 10:05,509.069,513.023,508.575,512.034
3/6/2026 9:55,508.08,511.046,508.08,509.069
3/6/2026 9:45,504.126,509.069,503.138,508.575
3/6/2026 9:35,500.173,504.621,499.184,503.632
3/6/2026 9:25,498.69,500.667,496.219,500.173
3/6/2026 9:15,498.196,498.196,498.196,498.196
3/5/2026 16:05,496.219,496.219,496.219,496.219
3/5/2026 15:55,497.207,498.196,496.219,497.701
3/5/2026 15:45,498.196,498.196,496.713,497.207
3/5/2026 15:35,496.713,498.196,496.713,498.196
3/5/2026 15:25,497.207,498.196,496.219,497.207
3/5/2026 15:15,497.701,498.69,497.207,497.207
3/5/2026 15:05,498.196,498.69,497.207,497.701
3/5/2026 14:55,498.69,499.678,497.701,497.701
3/5/2026 14:45,496.713,498.69,496.219,498.196
3/5/2026 14:35,496.713,497.207,496.219,496.219
3/5/2026 14:25,497.701,498.196,496.713,496.713
3/5/2026 14:15,497.207,497.701,496.219,497.701
3/5/2026 14:05,497.207,497.701,495.724,497.207
3/5/2026 13:55,498.69,498.69,495.724,496.713
3/5/2026 13:45,500.173,501.161,498.196,498.69
3/5/2026 13:35,500.667,501.655,499.184,500.667
3/5/2026 13:25,501.161,501.161,499.184,501.161
3/5/2026 13:15,500.667,501.161,500.173,501.161
3/5/2026 13:05,501.655,502.15,500.173,500.667
3/5/2026 12:55,502.15,504.621,501.161,501.655
3/5/2026 11:55,503.138,503.138,502.15,502.644
3/5/2026 11:45,504.621,504.621,502.15,503.138
3/5/2026 11:35,503.632,504.621,502.15,504.621
3/5/2026 11:25,505.115,505.115,503.138,503.632
3/5/2026 11:15,505.609,506.103,504.126,505.115
3/5/2026 11:05,507.586,508.08,504.621,505.115
3/5/2026 10:55,506.598,508.08,505.609,507.586
3/5/2026 10:45,506.598,508.575,505.609,507.092
3/5/2026 10:35,506.103,507.092,505.609,506.598
3/5/2026 10:25,504.126,508.575,504.126,506.598
3/5/2026 10:15,505.115,507.586,504.126,504.621
3/5/2026 10:05,503.632,505.609,503.138,504.621
3/5/2026 9:55,504.126,504.126,501.655,503.632
3/5/2026 9:45,505.115,507.092,503.632,504.126
3/5/2026 9:35,506.598,508.08,504.126,505.115
3/5/2026 9:25,504.126,509.563,504.126,507.092
3/5/2026 9:15,503.632,503.632,503.632,503.632
3/4/2026 16:05,500.173,500.173,500.173,500.173
3/4/2026 15:55,500.173,501.655,500.173,501.161
3/4/2026 15:45,498.69,500.667,498.196,500.667
3/4/2026 15:35,498.196,499.678,497.701,499.184
3/4/2026 15:25,496.219,498.69,495.724,498.196
3/4/2026 15:15,496.713,497.701,494.736,495.724
3/4/2026 15:05,498.69,499.184,496.713,497.207
3/4/2026 14:55,498.69,499.184,498.196,498.69
3/4/2026 14:45,499.184,499.678,497.701,498.196
3/4/2026 14:35,499.184,500.173,498.69,499.678
3/4/2026 14:25,497.701,499.678,496.713,499.678
3/4/2026 14:15,498.196,499.184,496.713,497.207
3/4/2026 14:05,497.701,498.196,496.713,498.196
3/4/2026 13:55,500.173,500.667,497.207,497.701
3/4/2026 13:45,500.667,504.126,499.678,500.173
3/4/2026 13:35,494.736,502.15,494.736,500.667
3/4/2026 13:25,494.044,495.23,494.044,494.736
3/4/2026 13:15,495.23,496.713,493.649,494.044
3/4/2026 13:05,495.724,497.701,494.736,495.23
3/4/2026 12:55,496.713,499.184,495.23,495.724
3/4/2026 11:55,495.724,496.713,495.23,496.713
3/4/2026 11:45,494.736,497.207,494.044,495.724
3/4/2026 11:35,493.451,495.724,493.055,495.23
3/4/2026 11:25,495.724,496.713,493.451,493.451
3/4/2026 11:15,496.713,497.207,495.23,496.219
3/4/2026 11:05,497.207,498.69,495.724,496.219
3/4/2026 10:55,497.701,498.196,496.219,496.713
3/4/2026 10:45,498.69,500.667,497.207,497.701
3/4/2026 10:35,501.655,501.655,498.196,499.184
3/4/2026 10:25,503.138,504.621,501.161,501.655
3/4/2026 10:15,503.632,505.115,502.15,502.644
3/4/2026 10:05,502.644,505.115,501.655,503.632
3/4/2026 9:55,504.126,504.621,502.644,503.138
3/4/2026 9:45,506.598,509.069,502.644,504.126
3/4/2026 9:35,501.161,507.092,501.161,506.598
3/4/2026 9:25,500.173,503.632,497.701,501.161
3/4/2026 9:15,500.173,500.173,500.173,500.173
3/3/2026 16:05,504.621,504.621,504.621,504.621
3/3/2026 15:55,505.609,506.103,505.609,505.609
3/3/2026 15:45,505.115,506.103,505.115,505.609
3/3/2026 15:35,505.609,506.598,504.621,505.609
3/3/2026 15:25,506.103,506.598,504.621,505.609
3/3/2026 15:15,507.092,508.08,505.609,506.103
3/3/2026 15:05,507.586,509.069,507.092,507.586
3/3/2026 14:55,508.08,510.057,507.586,508.08
3/3/2026 14:45,508.575,508.575,507.092,507.586
3/3/2026 14:35,508.575,509.069,507.092,508.575
3/3/2026 14:25,507.092,509.563,506.598,508.575
3/3/2026 14:15,507.092,507.092,506.103,506.598
3/3/2026 14:05,507.586,508.08,506.103,506.598
3/3/2026 13:55,508.575,509.069,507.586,508.08
3/3/2026 13:45,508.575,510.057,507.586,509.069
3/3/2026 13:35,509.069,510.057,507.586,509.069
3/3/2026 13:25,511.046,511.54,509.069,509.563
3/3/2026 13:15,513.517,514.011,510.057,511.046
3/3/2026 13:05,512.034,514.506,511.046,513.517
3/3/2026 12:55,511.046,512.034,510.057,511.54
3/3/2026 11:55,510.552,512.034,510.552,511.54
3/3/2026 11:45,513.023,513.023,510.552,511.046
3/3/2026 11:35,512.034,513.517,511.54,512.529
3/3/2026 11:25,512.034,512.529,510.552,512.529
3/3/2026 11:15,515,515,511.046,512.529
3/3/2026 11:05,518.459,518.459,514.011,515
3/3/2026 10:55,516.977,519.448,516.482,518.459
3/3/2026 10:45,517.965,518.954,515.494,516.977
3/3/2026 10:35,516.977,519.448,515.988,517.965
3/3/2026 10:25,512.529,518.459,512.529,517.471
3/3/2026 10:15,512.034,513.023,509.563,513.023
3/3/2026 10:05,510.057,512.034,509.069,512.034
3/3/2026 9:55,508.575,511.046,507.586,509.563
3/3/2026 9:45,509.069,512.529,508.575,509.069
3/3/2026 9:35,511.54,513.023,508.575,508.575
3/3/2026 9:25,512.034,514.011,507.586,511.046
3/3/2026 9:15,512.034,512.034,512.034,512.034
3/2/2026 16:05,508.08,508.08,508.08,508.08
3/2/2026 15:55,507.092,507.092,506.103,507.092
3/2/2026 15:45,506.598,507.092,505.609,506.598
3/2/2026 15:35,505.609,506.598,505.115,506.103
3/2/2026 15:25,504.621,506.103,504.621,505.609
3/2/2026 15:15,504.621,505.115,504.126,504.621
3/2/2026 15:05,507.586,508.08,504.621,505.115
3/2/2026 14:55,508.08,508.575,507.092,508.08
3/2/2026 14:45,507.092,508.575,506.103,508.575
3/2/2026 14:35,509.069,509.069,507.092,507.586
3/2/2026 14:25,508.08,509.069,507.586,508.575
3/2/2026 14:15,508.575,509.563,508.08,508.575
3/2/2026 14:05,508.575,509.563,507.586,508.575
3/2/2026 13:55,512.034,512.034,508.575,508.575
3/2/2026 13:45,512.529,513.517,511.54,511.54
3/2/2026 13:35,511.046,513.517,510.552,512.034
3/2/2026 13:25,508.575,511.54,508.08,511.046
3/2/2026 13:15,508.08,510.057,507.586,509.069
3/2/2026 13:05,508.08,510.057,507.586,508.08
3/2/2026 12:55,510.057,510.552,508.08,508.575
3/2/2026 11:55,510.552,511.046,509.563,510.552
3/2/2026 11:45,510.552,512.529,510.057,510.057
3/2/2026 11:35,511.54,513.023,509.563,510.552
3/2/2026 11:25,508.575,514.011,507.586,512.034
3/2/2026 11:15,506.103,509.069,506.103,508.08
3/2/2026 11:05,505.115,507.092,504.621,506.103
3/2/2026 10:55,503.632,505.609,503.138,505.115
3/2/2026 10:45,505.609,505.609,503.632,503.632
3/2/2026 10:35,504.621,506.103,503.632,505.609
3/2/2026 10:25,503.632,505.609,502.644,504.126
3/2/2026 10:15,502.644,504.126,501.161,503.632
3/2/2026 10:05,503.632,504.126,501.655,502.644
3/2/2026 9:55,504.126,506.103,502.644,503.632
3/2/2026 9:45,507.586,508.08,504.126,504.126
3/2/2026 9:35,508.08,509.563,504.621,508.08
3/2/2026 9:25,505.609,509.069,504.126,507.586
3/2/2026 9:15,505.609,505.609,505.609,505.609
2/27/2026 16:05,512.034,512.034,512.034,512.034
2/27/2026 15:55,515.494,515.988,515,515.494
2/27/2026 15:45,515,515.988,515,515.494
2/27/2026 15:35,514.506,515.494,514.011,515
2/27/2026 15:25,515,515.494,514.011,514.506
2/27/2026 15:15,515,515.988,514.506,515
2/27/2026 15:05,517.471,517.965,515,515.494
2/27/2026 14:55,516.977,518.459,516.977,517.965
2/27/2026 14:45,516.977,517.965,516.977,516.977
2/27/2026 14:35,517.471,517.471,516.482,516.482
2/27/2026 14:25,517.471,518.459,516.977,516.977
2/27/2026 14:15,518.459,518.954,517.471,517.471
2/27/2026 14:05,517.471,518.954,517.471,518.459
2/27/2026 13:55,518.954,518.954,517.471,517.471
2/27/2026 13:45,518.954,519.448,517.471,518.459
2/27/2026 13:35,517.965,519.448,517.471,518.459
2/27/2026 13:25,517.965,518.954,517.471,517.471
2/27/2026 13:15,516.482,518.459,516.482,517.471
2/27/2026 13:05,516.977,517.965,515,516.482
2/27/2026 12:55,519.942,520.931,516.977,517.471
2/27/2026 11:55,520.931,521.425,519.942,520.436
2/27/2026 11:45,520.436,522.413,520.436,520.931
2/27/2026 11:35,521.919,521.919,519.942,520.931
2/27/2026 11:25,521.919,521.919,519.448,521.425
2/27/2026 11:15,523.402,524.39,520.436,521.919
2/27/2026 11:05,518.954,523.402,518.954,522.908
2/27/2026 10:55,515,519.942,514.506,519.448
2/27/2026 10:45,513.023,515.494,512.529,515.494
2/27/2026 10:35,512.034,513.517,511.046,513.023
2/27/2026 10:25,509.069,512.529,508.575,512.529
2/27/2026 10:15,510.552,512.034,508.575,509.069
2/27/2026 10:05,513.023,513.517,510.057,510.552
2/27/2026 9:55,513.517,515,511.54,513.023
2/27/2026 9:45,514.506,516.482,513.023,513.517
2/27/2026 9:35,510.057,515,509.563,514.506
2/27/2026 9:25,505.609,510.057,504.621,510.057
2/27/2026 9:15,504.621,504.621,504.621,504.621
2/26/2026 16:05,506.103,506.103,506.103,506.103
2/26/2026 15:55,506.598,507.092,506.103,506.598
2/26/2026 15:45,507.586,508.08,506.598,506.598
2/26/2026 15:35,507.092,508.08,507.092,507.586
2/26/2026 15:25,508.08,508.08,507.092,507.092
2/26/2026 15:15,508.08,508.08,507.092,507.586
2/26/2026 15:05,507.586,508.575,507.092,507.586
2/26/2026 14:55,508.575,509.563,507.586,507.586
2/26/2026 14:45,507.092,508.575,506.598,508.575
2/26/2026 14:35,507.092,507.586,506.598,507.092
2/26/2026 14:25,507.092,507.586,506.598,507.586
2/26/2026 14:15,507.586,507.586,506.103,507.092
2/26/2026 14:05,508.575,508.575,507.092,507.092
2/26/2026 13:55,508.08,508.575,507.586,508.575
2/26/2026 13:45,508.575,509.069,507.092,507.586
2/26/2026 13:35,509.069,509.563,508.08,508.575
2/26/2026 13:25,510.057,510.552,509.069,509.069
2/26/2026 13:15,511.046,511.046,510.057,510.057
2/26/2026 13:05,510.552,512.034,510.552,510.552
2/26/2026 12:55,513.023,513.517,510.552,510.552
2/26/2026 11:55,512.529,513.023,512.529,512.529
2/26/2026 11:45,512.529,513.023,512.529,512.529
2/26/2026 11:35,514.011,514.011,512.529,513.023
2/26/2026 11:25,512.529,514.011,512.529,513.517
2/26/2026 11:15,512.034,513.023,512.034,512.529
2/26/2026 11:05,512.529,512.529,512.034,512.034
2/26/2026 10:55,512.034,513.023,511.54,512.034
2/26/2026 10:45,513.023,513.517,512.034,512.034
2/26/2026 10:35,513.023,514.011,511.046,512.529
2/26/2026 10:25,512.034,513.517,511.54,513.023
2/26/2026 10:15,513.023,513.517,511.54,511.54
2/26/2026 10:05,513.517,514.011,512.034,512.529
2/26/2026 9:55,514.506,515.494,513.023,513.023
2/26/2026 9:45,518.459,518.954,514.506,514.506
2/26/2026 9:35,520.436,520.436,517.471,517.965
2/26/2026 9:25,521.919,523.402,519.942,519.942
2/26/2026 9:15,522.908,522.908,522.908,522.908
2/25/2026 16:05,516.482,516.482,516.482,516.482
2/25/2026 15:55,517.965,518.954,517.471,517.965
2/25/2026 15:45,517.965,518.459,516.977,517.965
2/25/2026 15:35,519.942,520.436,517.471,517.471
2/25/2026 15:25,519.942,520.436,519.448,519.942
2/25/2026 15:15,518.954,520.931,518.954,520.436
2/25/2026 15:05,519.448,520.436,518.954,518.954
2/25/2026 14:55,519.448,519.942,517.965,519.942
2/25/2026 14:45,517.965,519.448,517.471,519.448
2/25/2026 14:35,518.459,518.459,517.471,517.471
2/25/2026 14:25,517.471,518.459,516.977,518.459
2/25/2026 14:15,517.471,517.471,516.482,516.977
2/25/2026 14:05,516.977,517.471,515.988,516.977
2/25/2026 13:55,517.471,517.965,516.482,516.977
2/25/2026 13:45,517.965,518.459,516.977,517.965
2/25/2026 13:35,516.977,518.459,516.977,517.965
2/25/2026 13:25,517.965,518.954,516.977,517.471
2/25/2026 13:15,518.954,518.954,517.965,517.965
2/25/2026 13:05,520.436,520.436,518.459,518.459
2/25/2026 12:55,520.436,520.931,518.954,519.942
2/25/2026 11:55,519.448,520.436,519.448,520.436
2/25/2026 11:45,519.942,520.436,518.954,519.942
2/25/2026 11:35,521.425,521.425,518.954,519.942
2/25/2026 11:25,520.436,521.919,519.942,521.425
2/25/2026 11:15,520.931,521.919,520.436,520.436
2/25/2026 11:05,521.425,521.919,520.436,520.931
2/25/2026 10:55,519.942,522.908,518.459,520.931
2/25/2026 10:45,520.436,520.436,517.965,519.942
2/25/2026 10:35,518.459,520.436,516.977,520.436
2/25/2026 10:25,517.965,518.954,517.471,517.965
2/25/2026 10:15,517.965,518.954,516.977,517.471
2/25/2026 10:05,517.965,518.459,516.977,517.965
2/25/2026 9:55,518.954,519.448,517.471,517.965
2/25/2026 9:45,518.954,519.942,518.459,519.448
2/25/2026 9:35,519.448,521.425,517.471,518.459
2/25/2026 9:25,516.977,519.448,515.988,518.954
2/25/2026 9:15,516.482,516.482,516.482,516.482
2/24/2026 16:05,514.011,514.011,514.011,514.011
2/24/2026 15:55,516.977,517.471,515.494,515.988
2/24/2026 15:45,514.506,516.977,514.011,516.977
2/24/2026 15:35,514.506,515.988,514.011,514.506
2/24/2026 15:25,515,515.494,514.011,515
2/24/2026 15:15,515,515.494,514.011,515
2/24/2026 15:05,514.011,515.494,513.517,515
2/24/2026 14:55,514.011,515,513.023,514.011
2/24/2026 14:45,513.517,514.506,513.517,514.506
2/24/2026 14:35,513.023,514.011,513.023,514.011
2/24/2026 14:25,512.529,514.011,512.034,513.517
2/24/2026 14:15,512.529,513.023,511.046,513.023
2/24/2026 14:05,513.023,513.023,512.034,512.529
2/24/2026 13:55,512.529,513.023,512.034,513.023
2/24/2026 13:45,512.529,513.023,511.54,513.023
2/24/2026 13:35,510.552,512.529,510.552,512.529
2/24/2026 13:25,512.034,513.023,510.552,510.552
2/24/2026 13:15,513.517,513.517,510.057,512.034
2/24/2026 13:05,513.023,514.506,513.023,513.023
2/24/2026 12:55,514.011,514.011,513.023,513.023
2/24/2026 11:55,514.011,514.011,513.517,513.517
2/24/2026 11:45,514.011,514.506,513.517,513.517
2/24/2026 11:35,513.023,514.506,513.023,514.011
2/24/2026 11:25,513.517,514.011,513.023,513.517
2/24/2026 11:15,513.023,514.506,513.023,514.011
2/24/2026 11:05,514.011,515,513.023,513.517
2/24/2026 10:55,514.506,515.494,513.517,513.517
2/24/2026 10:45,515,515.494,514.011,514.011
2/24/2026 10:35,514.506,515,514.011,515
2/24/2026 10:25,516.482,516.977,514.011,514.506
2/24/2026 10:15,515,517.471,514.506,516.482
2/24/2026 10:05,514.011,517.471,514.011,515
2/24/2026 9:55,515.494,515.494,513.517,514.011
2/24/2026 9:45,516.977,517.965,514.506,515
2/24/2026 9:35,517.965,518.459,512.529,516.977
2/24/2026 9:25,527.85,528.344,517.471,517.965
2/24/2026 9:15,528.344,528.344,528.344,528.344
,,,,
,,,,
,,,,
