8/18/2026 10:05,85.5,85.75,85.35,85.55
8/18/2026 9:55,85.65,85.65,85.2,85.5
8/18/2026 9:45,86,86,85.4,85.6
8/18/2026 9:35,86.8,87.15,85.85,86
8/18/2026 9:25,86.9,87.5,86.2,86.75
8/18/2026 9:15,86.4,86.4,86.4,86.4
8/17/2026 16:05,87.65,87.65,87.65,87.65
8/17/2026 15:55,87.85,87.95,87.6,87.7
8/17/2026 15:45,87.8,87.95,87.75,87.85
8/17/2026 15:35,87.85,87.9,87.7,87.8
8/17/2026 15:25,87.9,87.95,87.85,87.85
8/17/2026 15:15,87.8,87.9,87.7,87.85
8/17/2026 15:05,87.65,87.95,87.65,87.85
8/17/2026 14:55,87.7,87.85,87.65,87.65
8/17/2026 14:45,87.85,88.1,87.7,87.75
8/17/2026 14:35,87.9,87.95,87.85,87.85
8/17/2026 14:25,87.85,88.05,87.85,87.9
8/17/2026 14:15,88,88.15,87.85,87.85
8/17/2026 14:05,88,88.1,87.9,88
8/17/2026 13:55,88.35,88.35,88,88
8/17/2026 13:45,88.6,88.6,88.3,88.35
8/17/2026 13:35,88.55,88.7,88.55,88.55
8/17/2026 13:25,88.35,88.55,88.3,88.55
8/17/2026 13:15,88.3,88.5,88.3,88.35
8/17/2026 13:05,88.3,88.45,88.15,88.35
8/17/2026 12:55,88.3,88.35,88.1,88.3
8/17/2026 11:55,88.15,88.3,88.1,88.3
8/17/2026 11:45,88.1,88.5,88.05,88.2
8/17/2026 11:35,87.75,88.1,87.7,88.05
8/17/2026 11:25,87.75,87.9,87.7,87.75
8/17/2026 11:15,87.95,87.95,87.7,87.75
8/17/2026 11:05,87.85,88.05,87.75,87.95
8/17/2026 10:55,88,88.05,87.85,87.85
8/17/2026 10:45,87.95,88.2,87.85,88
8/17/2026 10:35,88.1,88.2,87.9,87.95
8/17/2026 10:25,88.3,88.5,87.9,88.15
8/17/2026 10:15,88.35,88.55,88.05,88.3
8/17/2026 10:05,87.95,88.75,87.95,88.35
8/17/2026 9:55,88.4,88.4,87.95,87.95
8/17/2026 9:45,88,88.55,87.55,88.4
8/17/2026 9:35,87.45,88.35,87.35,88
8/17/2026 9:25,87.2,88.4,87.15,87.45
8/17/2026 9:15,87.2,87.2,87.2,87.2
8/14/2026 16:05,87.2,87.2,87.2,87.2
8/14/2026 15:55,87.3,87.35,87.1,87.2
8/14/2026 15:45,87.15,87.5,87.1,87.3
8/14/2026 15:35,87.05,87.2,87,87.1
8/14/2026 15:25,87.05,87.3,86.9,87.1
8/14/2026 15:15,87,87.3,86.95,87.05
8/14/2026 15:05,86.75,87.25,86.55,87
8/14/2026 14:55,86.5,86.95,86.5,86.75
8/14/2026 14:45,86.55,86.8,86.45,86.5
8/14/2026 14:35,86.75,86.8,86.3,86.5
8/14/2026 14:25,87,87.05,86.75,86.75
8/14/2026 14:15,87.15,87.2,86.9,87
8/14/2026 14:05,87.05,87.2,87,87.2
8/14/2026 13:55,86.9,87.1,86.9,87.05
8/14/2026 13:45,87.05,87.2,86.8,86.9
8/14/2026 13:35,86.55,87.15,86.55,87.05
8/14/2026 13:25,86.35,86.65,86.25,86.55
8/14/2026 13:15,86.05,86.45,86,86.35
8/14/2026 13:05,85.85,86.25,85.7,86
8/14/2026 12:55,86.2,86.4,85.7,85.8
8/14/2026 11:55,86.6,86.65,86.2,86.2
8/14/2026 11:45,86.1,86.8,86,86.6
8/14/2026 11:35,86.15,86.25,85.8,86.1
8/14/2026 11:25,86.4,86.45,86.1,86.15
8/14/2026 11:15,86.95,86.95,86.3,86.4
8/14/2026 11:05,87.05,87.3,86.85,86.95
8/14/2026 10:55,87.95,87.95,87.05,87.1
8/14/2026 10:45,88.1,88.15,87.85,87.95
8/14/2026 10:35,87.85,88.35,87.8,88.05
8/14/2026 10:25,88.45,88.45,87.65,87.8
8/14/2026 10:15,88.5,88.85,88.3,88.45
8/14/2026 10:05,88.75,88.85,88.35,88.5
8/14/2026 9:55,89.25,89.45,88.6,88.75
8/14/2026 9:45,88.3,89.3,87.9,89.25
8/14/2026 9:35,89,89.05,87.6,88.3
8/14/2026 9:25,90,90.15,88.85,88.95
8/14/2026 9:15,90,90,90,90
8/13/2026 16:05,91.25,91.25,91.25,91.25
8/13/2026 15:55,90.9,90.95,90.7,90.85
8/13/2026 15:45,91,91,90.8,90.9
8/13/2026 15:35,91.05,91.2,90.9,91
8/13/2026 15:25,90.95,91.2,90.85,91.05
8/13/2026 15:15,90.7,90.95,90.6,90.95
8/13/2026 15:05,90.8,90.8,90.6,90.75
8/13/2026 14:55,90.75,90.9,90.7,90.8
8/13/2026 14:45,90.8,90.85,90.7,90.7
8/13/2026 14:35,90.65,90.8,90.6,90.75
8/13/2026 14:25,90.85,91,90.6,90.6
8/13/2026 14:15,91.05,91.05,90.85,90.85
8/13/2026 14:05,90.95,91.15,90.95,91
8/13/2026 13:55,91.15,91.15,90.8,90.9
8/13/2026 13:45,91.2,91.3,91.1,91.1
8/13/2026 13:35,91.25,91.45,91.15,91.2
8/13/2026 13:25,91.45,91.55,91.25,91.25
8/13/2026 13:15,91.5,91.7,91.45,91.45
8/13/2026 13:05,91.55,91.55,91.25,91.5
8/13/2026 12:55,91.8,91.9,91.55,91.55
8/13/2026 11:55,91.8,91.85,91.75,91.8
8/13/2026 11:45,91.8,91.9,91.7,91.85
8/13/2026 11:35,91.75,91.85,91.6,91.85
8/13/2026 11:25,91.7,91.9,91.65,91.7
8/13/2026 11:15,91.6,91.75,91.55,91.7
8/13/2026 11:05,91.95,92,91.6,91.6
8/13/2026 10:55,92.15,92.2,91.75,91.95
8/13/2026 10:45,91.65,92.2,91.6,92.15
8/13/2026 10:35,91.5,91.8,91.3,91.7
8/13/2026 10:25,91.35,91.5,91,91.45
8/13/2026 10:15,91.5,91.6,91.35,91.35
8/13/2026 10:05,91.55,91.7,91.45,91.5
8/13/2026 9:55,91.65,92.2,91.5,91.55
8/13/2026 9:45,91.35,91.65,91.05,91.65
8/13/2026 9:35,91.45,92,91.1,91.35
8/13/2026 9:25,90.7,91.95,90.5,91.45
8/13/2026 9:15,90.6,90.6,90.6,90.6
8/12/2026 16:05,91.65,91.65,91.65,91.65
8/12/2026 15:55,91.5,91.55,91.45,91.5
8/12/2026 15:45,91.55,91.6,91.4,91.5
8/12/2026 15:35,91.55,91.6,91.55,91.55
8/12/2026 15:25,91.7,91.75,91.5,91.55
8/12/2026 15:15,91.6,91.75,91.55,91.65
8/12/2026 15:05,91.7,91.85,91.5,91.6
8/12/2026 14:55,91.9,91.95,91.7,91.7
8/12/2026 14:45,91.95,91.95,91.8,91.95
8/12/2026 14:35,91.8,92,91.75,91.9
8/12/2026 14:25,91.75,91.8,91.65,91.75
8/12/2026 14:15,91.75,91.85,91.65,91.75
8/12/2026 14:05,91.7,91.9,91.6,91.75
8/12/2026 13:55,91.85,91.9,91.65,91.75
8/12/2026 13:45,91.75,91.85,91.5,91.85
8/12/2026 13:35,91.35,91.75,91.35,91.75
8/12/2026 13:25,91.15,91.45,91.1,91.4
8/12/2026 13:15,91.25,91.3,91,91.15
8/12/2026 13:05,91.05,91.25,90.9,91.2
8/12/2026 12:55,91.25,91.35,90.95,91.05
8/12/2026 11:55,91.2,91.3,91.15,91.3
8/12/2026 11:45,91.35,91.4,91.15,91.2
8/12/2026 11:35,91.15,91.4,91.1,91.4
8/12/2026 11:25,91.3,91.4,91.15,91.2
8/12/2026 11:15,91.2,91.35,91.05,91.3
8/12/2026 11:05,90.85,91.4,90.8,91.2
8/12/2026 10:55,90.75,91.05,90.6,90.85
8/12/2026 10:45,90.8,91.1,90.55,90.75
8/12/2026 10:35,90.7,90.85,90.4,90.85
8/12/2026 10:25,90.2,90.7,90.1,90.7
8/12/2026 10:15,90.05,90.55,89.8,90.25
8/12/2026 10:05,90.75,90.8,90.05,90.1
8/12/2026 9:55,91.05,91.3,90.75,90.75
8/12/2026 9:45,90.55,91.35,90.5,91.05
8/12/2026 9:35,91.2,91.4,90.35,90.5
8/12/2026 9:25,92.3,92.3,91.15,91.15
8/12/2026 9:15,92.3,92.3,92.3,92.3
8/11/2026 16:05,93.05,93.05,93.05,93.05
8/11/2026 15:55,93.2,93.25,93.05,93.1
8/11/2026 15:45,93.15,93.35,93.05,93.2
8/11/2026 15:35,93.15,93.2,93,93.2
8/11/2026 15:25,93.15,93.25,93,93.2
8/11/2026 15:15,93.1,93.15,93,93.1
8/11/2026 15:05,93.3,93.3,93,93.15
8/11/2026 14:55,93.3,93.4,93.1,93.3
8/11/2026 14:45,93.1,93.35,93,93.25
8/11/2026 14:35,93,93.1,93,93.05
8/11/2026 14:25,93.2,93.25,93,93
8/11/2026 14:15,93.15,93.35,93.15,93.2
8/11/2026 14:05,93.15,93.35,93.1,93.2
8/11/2026 13:55,93.3,93.4,93.15,93.15
8/11/2026 13:45,93.4,93.45,93,93.3
8/11/2026 13:35,93.55,93.65,93.35,93.4
8/11/2026 13:25,93.45,93.65,93.4,93.55
8/11/2026 13:15,93.7,93.7,93.45,93.45
8/11/2026 13:05,93.75,93.8,93.6,93.7
8/11/2026 12:55,93.7,93.85,93.7,93.75
8/11/2026 11:55,93.75,93.75,93.65,93.75
8/11/2026 11:45,93.85,93.9,93.65,93.8
8/11/2026 11:35,93.9,94,93.8,93.85
8/11/2026 11:25,93.9,94,93.8,93.9
8/11/2026 11:15,93.85,94,93.8,93.9
8/11/2026 11:05,94,94.05,93.8,93.85
8/11/2026 10:55,94.05,94.15,93.75,93.95
8/11/2026 10:45,94.1,94.3,93.85,94
8/11/2026 10:35,94.8,95,94.1,94.1
8/11/2026 10:25,95.15,95.15,94.55,94.8
8/11/2026 10:15,94.85,95.25,94.8,95.15
8/11/2026 10:05,95.05,95.5,94.75,94.85
8/11/2026 9:55,95.25,95.55,94.6,95.05
8/11/2026 9:45,95.9,96.45,95.15,95.3
8/11/2026 9:35,95.15,96.2,95.05,95.9
8/11/2026 9:25,93.95,95.3,93.45,95.15
8/11/2026 9:15,94,94,94,94
8/10/2026 16:05,93.9,93.9,93.9,93.9
8/10/2026 15:55,93.8,93.85,93.75,93.85
8/10/2026 15:45,93.9,93.9,93.65,93.75
8/10/2026 15:35,93.75,93.9,93.75,93.85
8/10/2026 15:25,93.8,93.8,93.7,93.75
8/10/2026 15:15,93.6,93.85,93.5,93.75
8/10/2026 15:05,93.4,93.65,93.3,93.6
8/10/2026 14:55,93.4,93.55,93.35,93.35
8/10/2026 14:45,93.3,93.4,93.2,93.4
8/10/2026 14:35,93.35,93.4,93.2,93.3
8/10/2026 14:25,93.35,93.4,93.2,93.3
8/10/2026 14:15,93.2,93.4,93.15,93.35
8/10/2026 14:05,93.45,93.5,93.2,93.2
8/10/2026 13:55,93.5,93.75,93.35,93.4
8/10/2026 13:45,93.15,93.6,93.1,93.45
8/10/2026 13:35,93.15,93.4,93,93.2
8/10/2026 13:25,93.25,93.3,92.75,93.15
8/10/2026 13:15,93,93.45,92.8,93.3
8/10/2026 13:05,92.45,93.1,92.4,93.05
8/10/2026 12:55,92.75,92.95,92.25,92.45
8/10/2026 11:55,92.5,92.75,92.4,92.75
8/10/2026 11:45,92.3,92.45,92.3,92.45
8/10/2026 11:35,92.3,92.4,92.25,92.3
8/10/2026 11:25,92.3,92.45,92.05,92.3
8/10/2026 11:15,92.7,92.8,92.3,92.35
8/10/2026 11:05,92.75,92.75,92.5,92.7
8/10/2026 10:55,93.4,93.4,92.7,92.7
8/10/2026 10:45,92.75,93.6,92.75,93.45
8/10/2026 10:35,92.8,92.95,92.4,92.7
8/10/2026 10:25,92.65,92.95,92.3,92.8
8/10/2026 10:15,92.7,92.75,92.15,92.65
8/10/2026 10:05,93.55,93.55,92.6,92.6
8/10/2026 9:55,93.05,93.65,93.05,93.5
8/10/2026 9:45,93.9,93.9,92.25,93.05
8/10/2026 9:35,92.35,93.95,92.2,93.9
8/10/2026 9:25,92.1,92.6,90.7,92.35
8/10/2026 9:15,92.2,92.2,92.2,92.2
8/7/2026 16:05,92.2,92.2,92.2,92.2
8/7/2026 15:55,92.25,92.25,92.15,92.2
8/7/2026 15:45,92.15,92.25,92.05,92.2
8/7/2026 15:35,92.15,92.25,92.05,92.2
8/7/2026 15:25,92.1,92.25,92.05,92.1
8/7/2026 15:15,92.1,92.1,92,92.1
8/7/2026 15:05,92,92.1,91.95,92.05
8/7/2026 14:55,91.75,92,91.75,91.95
8/7/2026 14:45,91.75,91.85,91.75,91.75
8/7/2026 14:35,91.85,92,91.75,91.8
8/7/2026 14:25,91.9,91.9,91.75,91.9
8/7/2026 14:15,91.95,92.1,91.8,91.9
8/7/2026 14:05,91.55,91.95,91.5,91.9
8/7/2026 13:55,91.35,91.65,91.25,91.6
8/7/2026 13:45,91.7,91.7,91.35,91.35
8/7/2026 13:35,91.6,91.7,91.45,91.7
8/7/2026 13:25,92.05,92.05,91.55,91.55
8/7/2026 13:15,92.05,92.1,91.9,92
8/7/2026 13:05,92.15,92.2,91.9,92.1
8/7/2026 12:55,92.4,92.4,91.95,92.2
8/7/2026 11:55,92.4,92.45,92.4,92.45
8/7/2026 11:45,92.3,92.65,92.25,92.45
8/7/2026 11:35,92.6,93.2,92.25,92.3
8/7/2026 11:25,92.35,92.6,92.2,92.6
8/7/2026 11:15,91.6,92.3,91.5,92.3
8/7/2026 11:05,91.65,91.7,91.35,91.6
8/7/2026 10:55,91.55,91.75,91.3,91.7
8/7/2026 10:45,91.25,91.55,91.2,91.55
8/7/2026 10:35,91.15,91.5,91.15,91.2
8/7/2026 10:25,91.05,91.35,90.95,91.15
8/7/2026 10:15,91.3,91.35,90.85,91
8/7/2026 10:05,91.45,91.8,91.25,91.35
8/7/2026 9:55,91.55,91.75,91.3,91.45
8/7/2026 9:45,92.1,92.5,91.5,91.5
8/7/2026 9:35,91.45,92.2,91.25,92.1
8/7/2026 9:25,92.3,92.9,91.2,91.45
8/7/2026 9:15,92.25,92.25,92.25,92.25
8/6/2026 16:05,92.2,92.2,92.2,92.2
8/6/2026 15:55,91.8,92,91.7,91.95
8/6/2026 15:45,91.85,91.95,91.75,91.8
8/6/2026 15:35,91.9,91.95,91.85,91.85
8/6/2026 15:25,92,92.05,91.9,91.95
8/6/2026 15:15,92.05,92.1,91.95,92
8/6/2026 15:05,91.85,92.15,91.4,92.05
8/6/2026 14:55,92.1,92.1,91.85,91.85
8/6/2026 14:45,91.95,92.15,91.9,92.1
8/6/2026 14:35,92.05,92.1,91.9,91.95
8/6/2026 14:25,91.95,92.15,91.85,92.05
8/6/2026 14:15,91.9,92,91.8,91.95
8/6/2026 14:05,92.1,92.25,91.9,91.95
8/6/2026 13:55,92.2,92.2,92.05,92.1
8/6/2026 13:45,92.05,92.25,92,92.2
8/6/2026 13:35,91.8,92.15,91.8,92.1
8/6/2026 13:25,91.85,91.95,91.7,91.85
8/6/2026 13:15,92,92.05,91.75,91.8
8/6/2026 13:05,92.1,92.25,91.95,92.05
8/6/2026 12:55,92.35,92.4,91.9,92.15
8/6/2026 11:55,92.5,92.55,92.35,92.35
8/6/2026 11:45,92.35,92.65,92.3,92.55
8/6/2026 11:35,92.2,92.45,92.1,92.35
8/6/2026 11:25,92.2,92.3,92.05,92.25
8/6/2026 11:15,92.45,92.5,92.2,92.2
8/6/2026 11:05,92.7,92.75,92.45,92.45
8/6/2026 10:55,92.5,92.8,92.5,92.7
8/6/2026 10:45,92.85,92.95,92.5,92.5
8/6/2026 10:35,92.75,93.2,92.75,92.8
8/6/2026 10:25,92.5,92.8,92.5,92.8
8/6/2026 10:15,92.7,92.85,92.15,92.6
8/6/2026 10:05,92.6,92.9,92.1,92.75
8/6/2026 9:55,93,93.05,92.45,92.65
8/6/2026 9:45,93,93.9,92.9,93
8/6/2026 9:35,93.55,93.55,92.6,93.05
8/6/2026 9:25,92.95,93.9,92.1,93.6
8/6/2026 9:15,92.95,92.95,92.95,92.95
8/5/2026 16:05,93.05,93.05,93.05,93.05
8/5/2026 15:55,92.95,93.1,92.9,92.9
8/5/2026 15:45,92.9,93.05,92.85,93
8/5/2026 15:35,92.95,92.95,92.9,92.95
8/5/2026 15:25,93,93.05,92.9,92.9
8/5/2026 15:15,92.85,93,92.75,93
8/5/2026 15:05,92.95,93.05,92.8,92.9
8/5/2026 14:55,93,93.05,92.85,92.9
8/5/2026 14:45,92.75,93.05,92.7,92.95
8/5/2026 14:35,92.75,93,92.7,92.75
8/5/2026 14:25,92.6,92.75,92.55,92.75
8/5/2026 14:15,92.45,92.6,92.35,92.55
8/5/2026 14:05,92.4,92.5,92.2,92.4
8/5/2026 13:55,92.15,92.45,92.15,92.35
8/5/2026 13:45,92.45,92.5,92,92.15
8/5/2026 13:35,92,92.45,91.9,92.45
8/5/2026 13:25,92.2,92.25,91.75,92
8/5/2026 13:15,92.3,92.55,92.1,92.2
8/5/2026 13:05,92.05,92.45,91.65,92.3
8/5/2026 12:55,92.6,92.65,91.8,92.05
8/5/2026 11:55,92.8,92.85,92.6,92.6
8/5/2026 11:45,92.75,93,92.75,92.75
8/5/2026 11:35,92.6,92.85,92.6,92.75
8/5/2026 11:25,92.65,92.75,92.5,92.65
8/5/2026 11:15,92.7,92.75,92.55,92.65
8/5/2026 11:05,92.65,92.95,92.65,92.75
8/5/2026 10:55,93.35,93.4,92.65,92.7
8/5/2026 10:45,93.1,93.65,93.1,93.4
8/5/2026 10:35,92.45,93.2,92.35,93.15
8/5/2026 10:25,92.3,92.65,92.3,92.4
8/5/2026 10:15,92.85,93,92.25,92.3
8/5/2026 10:05,92.45,93.5,92.4,92.9
8/5/2026 9:55,92.9,92.95,92.2,92.45
8/5/2026 9:45,91.35,92.9,91.1,92.85
8/5/2026 9:35,92.6,92.6,91.3,91.35
8/5/2026 9:25,91.75,93.4,91.55,92.55
8/5/2026 9:15,91.65,91.65,91.65,91.65
8/4/2026 16:05,92.7,92.7,92.7,92.7
8/4/2026 15:55,92.3,92.55,92.3,92.45
8/4/2026 15:45,92.15,92.4,92.05,92.3
8/4/2026 15:35,92.2,92.5,92.1,92.15
8/4/2026 15:25,92.2,92.35,92.05,92.2
8/4/2026 15:15,92.4,92.55,92.05,92.2
8/4/2026 15:05,92.4,92.45,92.35,92.45
8/4/2026 14:55,92.3,92.45,92.15,92.45
8/4/2026 14:45,92.15,92.35,92.15,92.35
8/4/2026 14:35,92.05,92.25,92.05,92.2
8/4/2026 14:25,91.95,92.2,91.9,92.1
8/4/2026 14:15,91.55,92,91.45,91.95
8/4/2026 14:05,91.9,91.95,91.3,91.55
8/4/2026 13:55,92.05,92.35,91.55,91.95
8/4/2026 13:45,91.65,92.25,91.65,92.05
8/4/2026 13:35,92,92.2,91.65,91.65
8/4/2026 13:25,92.55,92.7,92,92
8/4/2026 13:15,92.75,92.75,92.5,92.5
8/4/2026 13:05,92.45,93,92.4,92.8
8/4/2026 12:55,92.85,93,92.4,92.4
8/4/2026 11:55,92.75,92.9,92.7,92.9
8/4/2026 11:45,92.65,92.85,92.65,92.8
8/4/2026 11:35,92.8,92.8,92.5,92.65
8/4/2026 11:25,92.7,92.9,92.6,92.8
8/4/2026 11:15,92.95,93.1,92.6,92.7
8/4/2026 11:05,92.4,92.95,92.35,92.95
8/4/2026 10:55,92.6,92.6,92.25,92.4
8/4/2026 10:45,92.5,92.6,92.2,92.6
8/4/2026 10:35,92.4,92.6,92.25,92.45
8/4/2026 10:25,92.5,92.65,92.1,92.4
8/4/2026 10:15,92.7,92.9,92.5,92.5
8/4/2026 10:05,92.7,92.75,91.65,92.7
8/4/2026 9:55,92.75,92.85,92.3,92.65
8/4/2026 9:45,92.7,92.8,92.05,92.7
8/4/2026 9:35,94.1,94.15,92.6,92.7
8/4/2026 9:25,92.8,94.7,92.35,94.15
8/4/2026 9:15,92.95,92.95,92.95,92.95
8/3/2026 16:05,93.45,93.45,93.45,93.45
8/3/2026 15:55,93.35,93.45,93.2,93.25
8/3/2026 15:45,93.25,93.4,93.1,93.3
8/3/2026 15:35,93.3,93.3,93.1,93.25
8/3/2026 15:25,93.15,93.4,93.1,93.3
8/3/2026 15:15,93.35,93.35,92.95,93.15
8/3/2026 15:05,93.45,93.5,93.3,93.35
8/3/2026 14:55,93.25,93.4,93,93.4
8/3/2026 14:45,93,93.3,92.95,93.25
8/3/2026 14:35,93.05,93.15,92.8,93
8/3/2026 14:25,93.2,93.25,92.95,93
8/3/2026 14:15,93,93.25,92.7,93.25
8/3/2026 14:05,92.8,93.05,92.8,93
8/3/2026 13:55,92.95,93,92.6,92.8
8/3/2026 13:45,93.05,93.05,92.8,92.9
8/3/2026 13:35,93.1,93.2,92.7,93.05
8/3/2026 13:25,93.25,93.35,92.95,93.05
8/3/2026 13:15,93.35,93.45,92.85,93.25
8/3/2026 13:05,93.35,93.7,93.35,93.35
8/3/2026 12:55,93.6,94,93.35,93.35
8/3/2026 11:55,93.7,93.8,93.55,93.6
8/3/2026 11:45,93.6,93.9,93.5,93.75
8/3/2026 11:35,94,94,93.45,93.55
8/3/2026 11:25,93.7,94,93.6,94
8/3/2026 11:15,93.8,93.85,93.55,93.6
8/3/2026 11:05,93.5,93.85,93.2,93.85
8/3/2026 10:55,93.3,94.15,93.25,93.55
8/3/2026 10:45,92.85,93.3,92.85,93.25
8/3/2026 10:35,92.85,93.1,92.7,92.9
8/3/2026 10:25,92.95,93.3,92.65,92.85
8/3/2026 10:15,92.9,93.3,92.85,92.95
8/3/2026 10:05,93.2,93.55,92.85,92.9
8/3/2026 9:55,92.8,93.2,92.3,93.2
8/3/2026 9:45,93.1,93.5,92.65,92.8
8/3/2026 9:35,92.25,93.3,92.1,93.15
8/3/2026 9:25,93.05,93.65,91.6,92.3
8/3/2026 9:15,93,93,93,93
7/31/2026 16:05,92.5,92.5,92.5,92.5
7/31/2026 15:55,92.1,92.3,92.1,92.3
7/31/2026 15:45,91.95,92.15,91.95,92.15
7/31/2026 15:35,91.85,92.1,91.85,91.95
7/31/2026 15:25,91.9,92.1,91.8,91.85
7/31/2026 15:15,92.15,92.25,91.85,91.95
7/31/2026 15:05,92.1,92.25,92,92.2
7/31/2026 14:55,92.25,92.4,92,92.1
7/31/2026 14:45,91.85,92.35,91.75,92.25
7/31/2026 14:35,91.6,91.95,91.55,91.8
7/31/2026 14:25,91.35,91.6,91.35,91.55
7/31/2026 14:15,91.5,91.55,91.25,91.4
7/31/2026 14:05,91.45,91.6,91.25,91.55
7/31/2026 13:55,91.5,91.6,91,91.4
7/31/2026 13:45,91.95,92,91.4,91.4
7/31/2026 13:35,92.25,92.25,91.9,92
7/31/2026 13:25,92.05,92.4,92,92.25
7/31/2026 13:15,92,92.2,91.85,92.1
7/31/2026 13:05,92.1,92.4,92,92.05
7/31/2026 12:55,92.25,92.55,91.9,92.1
7/31/2026 11:55,92.3,92.4,92.15,92.2
7/31/2026 11:45,92.4,92.5,92.3,92.3
7/31/2026 11:35,92.15,92.4,92.1,92.4
7/31/2026 11:25,92.1,92.6,92.1,92.2
7/31/2026 11:15,92.2,92.55,91.95,92.1
7/31/2026 11:05,93.15,93.15,92.2,92.25
7/31/2026 10:55,92.95,93.6,92.95,93.2
7/31/2026 10:45,92.65,93,92.5,92.95
7/31/2026 10:35,92.6,92.9,92.2,92.6
7/31/2026 10:25,91.7,92.65,91.6,92.6
7/31/2026 10:15,91.35,91.9,91.1,91.7
7/31/2026 10:05,91.2,91.95,91.1,91.35
7/31/2026 9:55,91.1,91.2,90.5,91.2
7/31/2026 9:45,90.55,91.1,90.45,91.1
7/31/2026 9:35,89.75,90.85,89.7,90.6
7/31/2026 9:25,90.05,90.85,88.7,89.7
7/31/2026 9:15,90,90,90,90
7/30/2026 16:05,92.65,92.65,92.65,92.65
7/30/2026 15:55,92.75,92.8,92.45,92.65
7/30/2026 15:45,92.7,92.8,92.4,92.75
7/30/2026 15:35,92.35,92.75,92.25,92.65
7/30/2026 15:25,92.5,92.55,92.25,92.4
7/30/2026 15:15,92.8,92.8,92.3,92.55
7/30/2026 15:05,93.1,93.15,92.75,92.8
7/30/2026 14:55,93.05,93.2,92.85,93.1
7/30/2026 14:45,93.1,93.2,92.9,93.1
7/30/2026 14:35,92.95,93.2,92.9,93.15
7/30/2026 14:25,93.2,93.3,92.9,92.95
7/30/2026 14:15,92.85,93.25,92.6,93.2
7/30/2026 14:05,93.35,93.45,92.8,92.85
7/30/2026 13:55,92.25,93.3,92,93.3
7/30/2026 13:45,92.55,92.65,92.1,92.2
7/30/2026 13:35,92.6,92.7,92.25,92.65
7/30/2026 13:25,92.25,92.7,92.1,92.6
7/30/2026 13:15,92.5,92.65,92.15,92.3
7/30/2026 13:05,91.9,92.5,91.9,92.5
7/30/2026 12:55,92.25,92.35,91.75,91.95
7/30/2026 11:55,92.15,92.35,92.05,92.35
7/30/2026 11:45,92.05,92.25,92,92.2
7/30/2026 11:35,92.15,92.4,92,92.1
7/30/2026 11:25,91.8,92.25,91.7,92.15
7/30/2026 11:15,92.1,92.1,91.65,91.8
7/30/2026 11:05,92.15,92.7,91.95,92.1
7/30/2026 10:55,92.45,92.55,91.9,92.2
7/30/2026 10:45,92.7,92.9,92.1,92.55
7/30/2026 10:35,92.8,92.8,92.3,92.8
7/30/2026 10:25,92.75,93.3,92.55,92.8
7/30/2026 10:15,92.4,93.1,92.15,92.75
7/30/2026 10:05,92.5,93.2,92.3,92.4
7/30/2026 9:55,91.75,92.55,91.05,92.55
7/30/2026 9:45,91.65,91.9,91.3,91.7
7/30/2026 9:35,91.95,92.3,91.4,91.7
7/30/2026 9:25,94.2,94.5,91.55,92
7/30/2026 9:15,94.2,94.2,94.2,94.2
7/29/2026 16:05,92.3,92.3,92.3,92.3
7/29/2026 15:55,92.05,92.2,91.95,92.05
7/29/2026 15:45,92.05,92.15,91.8,92
7/29/2026 15:35,92.05,92.15,91.9,92.1
7/29/2026 15:25,92.05,92.1,91.75,92
7/29/2026 15:15,92.1,92.15,91.95,92
7/29/2026 15:05,92.15,92.3,92.1,92.1
7/29/2026 14:55,92.15,92.35,92.15,92.15
7/29/2026 14:45,92.15,92.35,92.1,92.2
7/29/2026 14:35,92.15,92.55,92,92.15
7/29/2026 14:25,92.25,92.3,91.9,92.15
7/29/2026 14:15,92.65,92.85,92.25,92.25
7/29/2026 14:05,91.95,92.85,91.9,92.65
7/29/2026 13:55,92,92.05,91.6,91.9
7/29/2026 13:45,91.6,92.05,91.55,92
7/29/2026 13:35,91.85,92,91.6,91.65
7/29/2026 13:25,91.9,92.05,91.55,91.85
7/29/2026 13:15,91.65,92.05,91.3,91.85
7/29/2026 13:05,92.4,92.4,91.65,91.65
7/29/2026 12:55,92.55,92.8,92.3,92.4
7/29/2026 11:55,92.65,92.8,92.5,92.55
7/29/2026 11:45,92.55,92.9,92.55,92.7
7/29/2026 11:35,92.8,92.85,92.35,92.55
7/29/2026 11:25,93.35,93.65,92.75,92.85
7/29/2026 11:15,93.8,94,93.2,93.35
7/29/2026 11:05,93.55,93.9,93.45,93.8
7/29/2026 10:55,93.5,93.65,93,93.6
7/29/2026 10:45,93.1,93.5,92.7,93.5
7/29/2026 10:35,93.15,93.2,92.75,93.1
7/29/2026 10:25,92.85,93.15,92.55,93.15
7/29/2026 10:15,92.6,93.2,92.5,92.85
7/29/2026 10:05,92.4,92.9,92.2,92.65
7/29/2026 9:55,92.4,92.75,92.05,92.4
7/29/2026 9:45,92.25,92.45,91.9,92.4
7/29/2026 9:35,92.45,93,91.95,92.3
7/29/2026 9:25,91.45,92.55,90.9,92.45
7/29/2026 9:15,91.45,91.45,91.45,91.45
7/28/2026 16:05,90.3,90.3,90.3,90.3
7/28/2026 15:55,90.1,90.2,90.1,90.1
7/28/2026 15:45,90.25,90.3,90.05,90.1
7/28/2026 15:35,90.25,90.4,90.25,90.3
7/28/2026 15:25,90.5,90.6,90.25,90.25
7/28/2026 15:15,90.25,90.55,90.2,90.5
7/28/2026 15:05,90.15,90.35,90,90.25
7/28/2026 14:55,90.05,90.15,89.95,90.1
7/28/2026 14:45,89.8,90,89.7,90
7/28/2026 14:35,89.45,89.85,89.35,89.85
7/28/2026 14:25,89.95,89.95,89.35,89.35
7/28/2026 14:15,90,90,89.85,89.9
7/28/2026 14:05,89.85,90.1,89.6,89.95
7/28/2026 13:55,89.95,90,89.5,89.8
7/28/2026 13:45,90.35,90.35,89.9,89.95
7/28/2026 13:35,90.35,90.45,90.2,90.35
7/28/2026 13:25,90.75,90.75,90.15,90.35
7/28/2026 13:15,90.85,91.1,90.45,90.75
7/28/2026 13:05,90.9,91.2,90.75,90.8
7/28/2026 12:55,90.65,91,90.35,90.95
7/28/2026 11:55,90.55,90.8,90.4,90.7
7/28/2026 11:45,90.3,90.7,90.25,90.55
7/28/2026 11:35,90.45,90.5,90.3,90.35
7/28/2026 11:25,90.65,90.85,90.15,90.45
7/28/2026 11:15,90.25,91,90.25,90.65
7/28/2026 11:05,90.1,90.45,89.7,90.3
7/28/2026 10:55,90.7,90.85,89.75,90.15
7/28/2026 10:45,91,91.2,90.65,90.7
7/28/2026 10:35,91.25,91.5,90.9,91
7/28/2026 10:25,91.6,91.6,91.15,91.25
7/28/2026 10:15,91.95,92.15,91.45,91.6
7/28/2026 10:05,91.7,92.2,91.5,91.95
7/28/2026 9:55,91.25,91.85,91.2,91.7
7/28/2026 9:45,91.45,91.85,90.85,91.25
7/28/2026 9:35,90.9,91.6,90.55,91.45
7/28/2026 9:25,90.8,91.4,90.4,90.9
7/28/2026 9:15,90.8,90.8,90.8,90.8
7/27/2026 16:05,89.3,89.3,89.3,89.3
7/27/2026 15:55,89.55,89.6,89.35,89.35
7/27/2026 15:45,89.6,89.7,89.4,89.5
7/27/2026 15:35,89.5,89.65,89.4,89.6
7/27/2026 15:25,89.65,89.75,89.45,89.45
7/27/2026 15:15,89.9,89.9,89.55,89.65
7/27/2026 15:05,90.2,90.25,89.65,89.9
7/27/2026 14:55,90.4,90.4,90.2,90.25
7/27/2026 14:45,90.35,90.5,90.3,90.4
7/27/2026 14:35,90.35,90.5,90.25,90.35
7/27/2026 14:25,90.2,90.55,90.15,90.4
7/27/2026 14:15,90.1,90.25,90,90.15
7/27/2026 14:05,89.95,90.2,89.9,90.1
7/27/2026 13:55,90.15,90.15,89.8,89.95
7/27/2026 13:45,90,90.15,89.95,90.15
7/27/2026 13:35,90.05,90.2,89.9,90
7/27/2026 13:25,90.25,90.25,90,90.05
7/27/2026 13:15,90.25,90.5,90.2,90.25
7/27/2026 13:05,90.5,90.5,90.2,90.2
7/27/2026 12:55,90.5,90.6,90.15,90.5
7/27/2026 11:55,90.45,90.55,90.4,90.5
7/27/2026 11:45,90.55,90.55,90.3,90.45
7/27/2026 11:35,90.75,90.8,90.45,90.55
7/27/2026 11:25,90.9,91,90.65,90.8
7/27/2026 11:15,90.85,91,90.75,90.9
7/27/2026 11:05,90.95,91,90.45,90.85
7/27/2026 10:55,90.9,91.35,90.65,90.95
7/27/2026 10:45,90.25,90.85,90.2,90.85
7/27/2026 10:35,90.45,90.75,90.15,90.3
7/27/2026 10:25,90.5,91.95,89.8,90.45
7/27/2026 10:15,89.5,90.5,89.4,90.45
7/27/2026 10:05,89.3,89.6,89.15,89.45
7/27/2026 9:55,89.15,89.75,88.95,89.35
7/27/2026 9:45,89.55,89.8,88.55,89.15
7/27/2026 9:35,88.35,90.4,87.7,89.55
7/27/2026 9:25,87.25,89.15,86.75,88.35
7/27/2026 9:15,87.25,87.25,87.25,87.25
7/24/2026 16:05,86.7,86.7,86.7,86.7
7/24/2026 15:55,86.7,86.7,86.55,86.65
7/24/2026 15:45,86.7,86.75,86.45,86.7
7/24/2026 15:35,86.7,86.9,86.55,86.7
7/24/2026 15:25,86.55,86.7,86.5,86.7
7/24/2026 15:15,86.35,86.65,86.35,86.5
7/24/2026 15:05,86.1,86.4,86.1,86.4
7/24/2026 14:55,86.2,86.25,86.1,86.1
7/24/2026 14:45,86.05,86.25,85.95,86.15
7/24/2026 14:35,86.15,86.25,86,86.05
7/24/2026 14:25,86.15,86.2,86,86.15
7/24/2026 14:15,86,86.2,86,86.15
7/24/2026 14:05,86.05,86.1,85.85,85.95
7/24/2026 13:55,85.95,86.1,85.9,86.05
7/24/2026 13:45,86.1,86.2,85.95,85.95
7/24/2026 13:35,86.3,86.3,86.05,86.15
7/24/2026 13:25,86.3,86.35,86.15,86.3
7/24/2026 13:15,86.2,86.4,86.15,86.35
7/24/2026 13:05,86.2,86.4,86.1,86.15
7/24/2026 12:55,86.45,86.5,86.2,86.25
7/24/2026 11:55,86.4,86.5,86.4,86.45
7/24/2026 11:45,86.25,86.55,86.25,86.4
7/24/2026 11:35,86.2,86.3,86.1,86.3
7/24/2026 11:25,86.25,86.3,86,86.25
7/24/2026 11:15,86.2,86.3,86.15,86.25
7/24/2026 11:05,85.95,86.2,85.9,86.2
7/24/2026 10:55,85.7,86.1,85.7,85.9
7/24/2026 10:45,86.05,86.2,85.4,85.7
7/24/2026 10:35,86.75,86.75,85.95,86.05
7/24/2026 10:25,86.95,87.1,86.45,86.75
7/24/2026 10:15,86.85,87.1,86.35,86.9
7/24/2026 10:05,86.55,87.35,86.3,86.8
7/24/2026 9:55,86.55,86.8,86.1,86.55
7/24/2026 9:45,85.4,87.2,85.35,86.6
7/24/2026 9:35,85.55,85.65,85.05,85.4
7/24/2026 9:25,85.15,86.4,84.9,85.6
7/24/2026 9:15,85.15,85.15,85.15,85.15
7/23/2026 16:05,87.3,87.3,87.3,87.3
7/23/2026 15:55,87.25,87.3,87,87.1
7/23/2026 15:45,87.15,87.4,86.7,87.2
7/23/2026 15:35,87.55,87.7,87.05,87.15
7/23/2026 15:25,88.55,88.55,87.55,87.55
7/23/2026 15:15,88.35,88.55,88.25,88.5
7/23/2026 15:05,88.75,88.8,87.95,88.35
7/23/2026 14:55,88.25,88.8,88.15,88.75
7/23/2026 14:45,88.15,88.25,88.1,88.25
7/23/2026 14:35,88.15,88.15,88.05,88.15
7/23/2026 14:25,88.15,88.2,87.95,88.15
7/23/2026 14:15,88,88.2,87.95,88.1
7/23/2026 14:05,87.9,88,87.8,87.95
7/23/2026 13:55,87.85,87.95,87.65,87.9
7/23/2026 13:45,87.9,88,87.7,87.9
7/23/2026 13:35,87.8,88,87.75,87.9
7/23/2026 13:25,87.85,87.85,87.45,87.8
7/23/2026 13:15,88.25,88.3,87.8,87.85
7/23/2026 13:05,88.1,88.3,87.95,88.3
7/23/2026 12:55,87.85,88.1,87.55,88.05
7/23/2026 11:55,87.9,88,87.8,87.85
7/23/2026 11:45,88.15,88.2,87.75,87.85
7/23/2026 11:35,88.3,88.35,87.95,88.1
7/23/2026 11:25,87.95,88.35,87.85,88.3
7/23/2026 11:15,87.15,88.35,87.1,88
7/23/2026 11:05,87.3,87.35,87,87.2
7/23/2026 10:55,87.15,87.7,86.9,87.25
7/23/2026 10:45,86.85,87.3,86.55,87.2
7/23/2026 10:35,86.85,87.15,86.5,86.9
7/23/2026 10:25,85.8,86.8,85.6,86.8
7/23/2026 10:15,84.95,85.95,84.9,85.8
7/23/2026 10:05,84.8,85,84.3,85
7/23/2026 9:55,85.15,85.5,84.65,84.85
7/23/2026 9:45,84.7,85.35,84.3,85.1
7/23/2026 9:35,83.3,84.7,83.25,84.7
7/23/2026 9:25,83.8,83.9,82.6,83.3
7/23/2026 9:15,83.8,83.8,83.8,83.8
7/22/2026 16:05,83.65,83.65,83.65,83.65
7/22/2026 15:55,83.15,83.2,83.05,83.1
7/22/2026 15:45,83.2,83.25,83.05,83.15
7/22/2026 15:35,83.45,83.5,83.1,83.2
7/22/2026 15:25,83.5,83.65,83.35,83.4
7/22/2026 15:15,83.25,83.45,83.15,83.45
7/22/2026 15:05,83.2,83.3,83.05,83.25
7/22/2026 14:55,82.95,83.25,82.9,83.15
7/22/2026 14:45,82.6,82.95,82.5,82.9
7/22/2026 14:35,82.45,82.65,82.4,82.6
7/22/2026 14:25,82.55,82.55,82.4,82.45
7/22/2026 14:15,82.55,82.6,82.45,82.5
7/22/2026 14:05,82.75,82.75,82.5,82.5
7/22/2026 13:55,82.8,82.8,82.6,82.7
7/22/2026 13:45,82.6,82.95,82.55,82.75
7/22/2026 13:35,82.55,82.75,82.5,82.55
7/22/2026 13:25,82.75,82.85,82.4,82.55
7/22/2026 13:15,82.85,82.95,82.65,82.7
7/22/2026 13:05,82.8,82.95,82.5,82.8
7/22/2026 12:55,82.9,82.9,82.7,82.8
7/22/2026 11:55,82.7,82.9,82.7,82.9
7/22/2026 11:45,83,83,82.65,82.75
7/22/2026 11:35,83.45,83.45,83,83.05
7/22/2026 11:25,83.9,83.9,83.3,83.45
7/22/2026 11:15,83.2,83.9,83.1,83.9
7/22/2026 11:05,83.45,83.75,83.15,83.15
7/22/2026 10:55,83.3,83.65,83.2,83.5
7/22/2026 10:45,83.25,83.55,83,83.3
7/22/2026 10:35,83.4,83.45,82.85,83.2
7/22/2026 10:25,83.6,83.85,83.35,83.35
7/22/2026 10:15,83.5,83.8,83.1,83.65
7/22/2026 10:05,83.4,84.15,83.35,83.55
7/22/2026 9:55,83,83.45,82.9,83.4
7/22/2026 9:45,82.85,83.35,82.5,82.95
7/22/2026 9:35,82.15,82.95,81.85,82.9
7/22/2026 9:25,83.5,83.55,82.05,82.15
7/22/2026 9:15,83.5,83.5,83.5,83.5
7/21/2026 16:05,85.2,85.2,85.2,85.2
7/21/2026 15:55,85.1,85.15,85,85.1
7/21/2026 15:45,85.4,85.4,85,85.15
7/21/2026 15:35,85.35,85.5,85.3,85.35
7/21/2026 15:25,85.3,85.4,85.25,85.4
7/21/2026 15:15,85.4,85.45,85.25,85.3
7/21/2026 15:05,85.45,85.6,85.35,85.45
7/21/2026 14:55,85.35,85.55,85.15,85.5
7/21/2026 14:45,85.45,85.5,85.25,85.4
7/21/2026 14:35,85.15,85.5,85.15,85.45
7/21/2026 14:25,85.2,85.3,85.05,85.15
7/21/2026 14:15,85.2,85.2,85,85.15
7/21/2026 14:05,85.2,85.25,85,85.15
7/21/2026 13:55,85.35,85.4,85.15,85.2
7/21/2026 13:45,85.2,85.45,85.15,85.4
7/21/2026 13:35,85.15,85.3,84.95,85.2
7/21/2026 13:25,85.2,85.35,85.1,85.1
7/21/2026 13:15,84.9,85.2,84.9,85.15
7/21/2026 13:05,85.45,85.55,84.7,84.9
7/21/2026 12:55,85.8,86,85.4,85.45
7/21/2026 11:55,85.7,85.85,85.65,85.85
7/21/2026 11:45,85.6,85.95,85.45,85.7
7/21/2026 11:35,85.6,86,85.55,85.6
7/21/2026 11:25,85.45,85.65,85.15,85.6
7/21/2026 11:15,85.3,85.55,85.2,85.5
7/21/2026 11:05,84.75,85.45,84.75,85.3
7/21/2026 10:55,84.9,85.2,84.6,84.7
7/21/2026 10:45,85.7,85.85,84.9,84.9
7/21/2026 10:35,85.7,85.85,85.5,85.7
7/21/2026 10:25,85.9,86.3,85.65,85.7
7/21/2026 10:15,85.75,85.95,85.55,85.9
7/21/2026 10:05,86.25,86.7,85.7,85.8
7/21/2026 9:55,85.5,86.6,85.45,86.3
7/21/2026 9:45,85.5,86.25,85.45,85.5
7/21/2026 9:35,85.4,86.55,85.05,85.45
7/21/2026 9:25,84.8,86.45,84.5,85.35
7/21/2026 9:15,84.9,84.9,84.9,84.9
7/20/2026 16:05,86.3,86.3,86.3,86.3
7/20/2026 15:55,86.2,86.5,86.2,86.25
7/20/2026 15:45,86.3,86.35,86,86.2
7/20/2026 15:35,86.55,86.6,86.2,86.3
7/20/2026 15:25,86.4,86.6,86.35,86.6
7/20/2026 15:15,86.3,86.55,86.2,86.35
7/20/2026 15:05,86.55,86.6,86.3,86.35
7/20/2026 14:55,86.6,86.65,86.4,86.6
7/20/2026 14:45,86.6,86.75,86.4,86.6
7/20/2026 14:35,86.15,86.65,86.05,86.6
7/20/2026 14:25,86.05,86.4,86.05,86.1
7/20/2026 14:15,86.2,86.45,86.05,86.05
7/20/2026 14:05,86.55,86.75,86.1,86.25
7/20/2026 13:55,86.15,86.65,86,86.55
7/20/2026 13:45,86.05,86.5,86,86.2
7/20/2026 13:35,86.35,86.55,86,86
7/20/2026 13:25,86.95,87,86.3,86.35
7/20/2026 13:15,87.05,87.1,86.7,86.95
7/20/2026 13:05,87.1,87.35,86.8,87
7/20/2026 12:55,86.75,87.35,86.7,87.1
7/20/2026 11:55,86.7,86.8,86.45,86.8
7/20/2026 11:45,86.8,87,86.7,86.7
7/20/2026 11:35,87.25,87.25,86.8,86.8
7/20/2026 11:25,87.35,87.4,87.1,87.25
7/20/2026 11:15,87.35,87.65,87.25,87.35
7/20/2026 11:05,86.7,87.4,86.6,87.3
7/20/2026 10:55,86.75,86.8,86.1,86.7
7/20/2026 10:45,86.3,87.3,86.2,86.8
7/20/2026 10:35,86.3,86.8,86.2,86.3
7/20/2026 10:25,86.55,86.6,86.05,86.3
7/20/2026 10:15,87.3,87.45,86.55,86.55
7/20/2026 10:05,86.5,87.5,86.45,87.3
7/20/2026 9:55,86.5,86.85,86.35,86.45
7/20/2026 9:45,86.35,87.1,86.3,86.55
7/20/2026 9:35,85.45,86.65,85.2,86.35
7/20/2026 9:25,85.7,85.95,84.35,85.45
7/20/2026 9:15,85.7,85.7,85.7,85.7
7/17/2026 16:05,83.65,83.65,83.65,83.65
7/17/2026 15:55,83.25,83.45,83.2,83.45
7/17/2026 15:45,83.15,83.25,82.85,83.25
7/17/2026 15:35,83.2,83.3,83.05,83.1
7/17/2026 15:25,83.05,83.2,83,83.2
7/17/2026 15:15,83.45,83.45,82.95,83.05
7/17/2026 15:05,83.35,83.5,83.25,83.45
7/17/2026 14:55,83.25,83.5,83.25,83.35
7/17/2026 14:45,83.25,83.5,83.2,83.2
7/17/2026 14:35,83.65,83.85,83.25,83.25
7/17/2026 14:25,83.55,83.75,83.55,83.6
7/17/2026 14:15,83.25,83.6,83.2,83.55
7/17/2026 14:05,82.75,83.5,82.75,83.25
7/17/2026 13:55,82.4,83,82.35,82.75
7/17/2026 13:45,82.05,82.5,81.95,82.4
7/17/2026 13:35,82.05,82.1,81.85,82.05
7/17/2026 13:25,82.05,82.25,82,82.05
7/17/2026 13:15,82.4,82.4,82,82.05
7/17/2026 13:05,82.2,82.55,82,82.35
7/17/2026 12:55,81.95,82.25,81.6,82.2
7/17/2026 11:55,82.05,82.15,81.9,81.9
7/17/2026 11:45,82.25,82.3,82,82.05
7/17/2026 11:35,82.15,82.45,82,82.25
7/17/2026 11:25,81.95,82.25,81.8,82.1
7/17/2026 11:15,82.1,82.5,81.95,82
7/17/2026 11:05,82.7,82.95,82.05,82.1
7/17/2026 10:55,82.1,82.8,82,82.7
7/17/2026 10:45,82.45,82.75,82,82.15
7/17/2026 10:35,82.6,82.75,82.1,82.4
7/17/2026 10:25,82.8,83.05,82.3,82.55
7/17/2026 10:15,83.65,83.75,82.75,82.75
7/17/2026 10:05,84.1,84.25,83.4,83.65
7/17/2026 9:55,83.8,85.1,83.8,84.1
7/17/2026 9:45,85,85.05,83.4,83.9
7/17/2026 9:35,86.4,86.6,84.9,84.95
7/17/2026 9:25,87.2,87.75,86.3,86.4
7/17/2026 9:15,87.2,87.2,87.2,87.2
7/16/2026 16:05,87.2,87.2,87.2,87.2
7/16/2026 15:55,87.55,87.55,87.35,87.4
7/16/2026 15:45,87.4,87.55,87.2,87.55
7/16/2026 15:35,87.35,87.55,87.1,87.4
7/16/2026 15:25,87.4,87.45,87.1,87.35
7/16/2026 15:15,87.45,87.65,87.4,87.45
7/16/2026 15:05,87.75,87.8,87.4,87.45
7/16/2026 14:55,87.45,87.75,87.4,87.75
7/16/2026 14:45,87.15,87.45,87.1,87.45
7/16/2026 14:35,86.75,87.15,86.55,87.15
7/16/2026 14:25,87.4,87.4,86.7,86.75
7/16/2026 14:15,87.5,87.6,87.3,87.45
7/16/2026 14:05,87.6,87.95,87.45,87.5
7/16/2026 13:55,87.85,87.9,87.4,87.6
7/16/2026 13:45,88.65,88.7,87.85,87.85
7/16/2026 13:35,88.8,88.9,88.55,88.7
7/16/2026 13:25,88.2,88.95,88.2,88.85
7/16/2026 13:15,88.05,88.3,88,88.25
7/16/2026 13:05,86.9,88.4,86.9,88.05
7/16/2026 12:55,87.75,87.9,86.7,86.9
7/16/2026 11:55,87.85,87.9,87.75,87.8
7/16/2026 11:45,87.55,87.9,87.15,87.85
7/16/2026 11:35,87.75,87.95,87.55,87.55
7/16/2026 11:25,87.8,87.95,87.55,87.75
7/16/2026 11:15,87.8,88.05,87.75,87.75
7/16/2026 11:05,87.4,88.15,87.3,87.8
7/16/2026 10:55,87,87.4,86.95,87.4
7/16/2026 10:45,87.6,87.95,86.7,87
7/16/2026 10:35,87.25,87.8,87.05,87.5
7/16/2026 10:25,86.3,87.3,86.3,87.25
7/16/2026 10:15,86.35,86.5,86,86.3
7/16/2026 10:05,86.1,86.6,85.7,86.4
7/16/2026 9:55,86.65,86.7,85.7,86.05
7/16/2026 9:45,86.25,86.85,85.85,86.7
7/16/2026 9:35,85.95,86.95,85.9,86.25
7/16/2026 9:25,84.45,86.05,84.3,85.95
7/16/2026 9:15,84.45,84.45,84.45,84.45
7/15/2026 16:05,83.4,83.4,83.4,83.4
7/15/2026 15:55,83.3,83.5,83.2,83.5
7/15/2026 15:45,83.2,83.3,83.1,83.3
7/15/2026 15:35,83.1,83.35,82.95,83.25
7/15/2026 15:25,83.2,83.35,83,83.1
7/15/2026 15:15,83.3,83.5,83.2,83.2
7/15/2026 15:05,83.45,83.45,83.15,83.35
7/15/2026 14:55,83.4,83.5,83.25,83.45
7/15/2026 14:45,83.35,83.55,83.3,83.45
7/15/2026 14:35,83.45,83.5,83.3,83.35
7/15/2026 14:25,83.5,83.8,83.35,83.4
7/15/2026 14:15,83.2,83.65,83.15,83.5
7/15/2026 14:05,83.8,83.85,83.15,83.25
7/15/2026 13:55,84.3,84.35,83.65,83.85
7/15/2026 13:45,83.8,84.45,83.8,84.35
7/15/2026 13:35,83.95,84.25,83.7,83.85
7/15/2026 13:25,83,84,82.85,84
7/15/2026 13:15,83.4,83.5,82.9,83
7/15/2026 13:05,84,84.05,83,83.4
7/15/2026 12:55,82.8,84.2,82.6,84
7/15/2026 11:55,83,83.05,82.7,82.8
7/15/2026 11:45,83,83.1,82.8,83
7/15/2026 11:35,82.7,83.15,82.6,83.05
7/15/2026 11:25,82.9,83.15,82.4,82.8
7/15/2026 11:15,84.05,84.1,82.9,83
7/15/2026 11:05,83.05,84.35,82.75,84.1
7/15/2026 10:55,82.1,83.45,81.55,83.1
7/15/2026 10:45,80.9,82.45,80.55,82.15
7/15/2026 10:35,80.2,80.9,79.85,80.9
7/15/2026 10:25,79.05,80.25,79.05,80.2
7/15/2026 10:15,78.95,79.2,78.1,79.1
7/15/2026 10:05,79.15,79.5,78.85,78.85
7/15/2026 9:55,78.9,79.6,78.6,79.2
7/15/2026 9:45,78.25,79,77.9,78.9
7/15/2026 9:35,77.1,78.85,77,78.2
7/15/2026 9:25,79,79.5,77,77.1
7/15/2026 9:15,78.95,78.95,78.95,78.95
7/14/2026 16:05,79.2,79.2,79.2,79.2
7/14/2026 15:55,78.6,78.75,78.5,78.6
7/14/2026 15:45,78.45,78.65,78.2,78.6
7/14/2026 15:35,78.6,78.65,78.4,78.4
7/14/2026 15:25,78.6,78.7,78.5,78.6
7/14/2026 15:15,78.65,78.7,78.4,78.6
7/14/2026 15:05,78.9,79.05,78.65,78.65
7/14/2026 14:55,78.9,79,78.7,78.95
7/14/2026 14:45,79.3,79.3,78.8,78.85
7/14/2026 14:35,79.25,79.4,79.05,79.25
7/14/2026 14:25,79.25,79.45,79.1,79.25
7/14/2026 14:15,79,79.35,79,79.25
7/14/2026 14:05,79.2,79.25,78.9,79
7/14/2026 13:55,79,79.35,78.95,79.2
7/14/2026 13:45,78.9,79.2,78.75,78.95
7/14/2026 13:35,78.8,79.1,78.7,78.9
7/14/2026 13:25,78.5,78.9,78.4,78.8
7/14/2026 13:15,78.75,78.75,78.3,78.5
7/14/2026 13:05,78.05,78.85,77.95,78.7
7/14/2026 12:55,77.9,78.5,77.9,78.1
7/14/2026 11:55,77.9,78.05,77.85,77.95
7/14/2026 11:45,77.85,77.95,77.65,77.9
7/14/2026 11:35,77.9,78,77.7,77.85
7/14/2026 11:25,77.95,78.25,77.75,77.85
7/14/2026 11:15,78.05,78.05,77.65,77.95
7/14/2026 11:05,78.3,78.55,77.95,78.05
7/14/2026 10:55,78.65,78.65,78.2,78.3
7/14/2026 10:45,78.85,78.95,78,78.6
7/14/2026 10:35,79.5,79.8,78.75,78.85
7/14/2026 10:25,79.45,79.7,78.9,79.5
7/14/2026 10:15,79.45,79.9,79,79.5
7/14/2026 10:05,77.75,79.45,77.75,79.45
7/14/2026 9:55,77.35,77.8,77.05,77.75
7/14/2026 9:45,77.15,78.25,77.1,77.35
7/14/2026 9:35,76.8,77.7,76.65,77.15
7/14/2026 9:25,77.8,78.1,76.65,76.85
7/14/2026 9:15,77.9,77.9,77.9,77.9
7/13/2026 16:05,77.95,77.95,77.95,77.95
7/13/2026 15:55,77.9,78,77.7,77.7
7/13/2026 15:45,77.85,77.9,77.7,77.9
7/13/2026 15:35,77.6,77.9,77.55,77.85
7/13/2026 15:25,77.75,77.85,77.55,77.55
7/13/2026 15:15,77.7,77.8,77.55,77.7
7/13/2026 15:05,77.55,77.75,77.55,77.7
7/13/2026 14:55,77.15,77.6,77.1,77.6
7/13/2026 14:45,77.25,77.5,77.15,77.15
7/13/2026 14:35,77.2,77.35,77.1,77.2
7/13/2026 14:25,77.1,77.3,76.95,77.15
7/13/2026 14:15,76.95,77.2,76.9,77.1
7/13/2026 14:05,77.3,77.3,76.9,76.95
7/13/2026 13:55,77.5,77.65,77.25,77.3
7/13/2026 13:45,77.4,77.7,77.25,77.5
7/13/2026 13:35,77.45,77.85,77.3,77.3
7/13/2026 13:25,76.9,77.5,76.75,77.5
7/13/2026 13:15,77.5,77.55,76.8,76.9
7/13/2026 13:05,76.95,77.45,76.85,77.45
7/13/2026 12:55,77.05,77.15,76.8,76.95
7/13/2026 11:55,76.9,77.1,76.8,77.1
7/13/2026 11:45,77,77.15,76.8,76.95
7/13/2026 11:35,77.05,77.2,76.9,77.05
7/13/2026 11:25,77.05,77.15,76.9,77.05
7/13/2026 11:15,76.9,77.1,76.8,77.05
7/13/2026 11:05,76.9,77.2,76.75,76.9
7/13/2026 10:55,77.2,77.3,76.65,76.9
7/13/2026 10:45,77.5,77.75,77.1,77.25
7/13/2026 10:35,78.15,78.2,77.5,77.55
7/13/2026 10:25,78.1,78.35,77.7,78.15
7/13/2026 10:15,78.15,78.5,77.45,78.1
7/13/2026 10:05,78.15,78.65,77.95,78.15
7/13/2026 9:55,78.95,79.15,77.85,78.1
7/13/2026 9:45,78.7,79.5,78.35,78.95
7/13/2026 9:35,78.55,80,78.2,78.7
7/13/2026 9:25,78.15,79.5,78.1,78.55
7/13/2026 9:15,78.05,78.05,78.05,78.05
7/10/2026 16:05,78.7,78.7,78.7,78.7
7/10/2026 15:55,78.6,78.8,78.6,78.7
7/10/2026 15:45,78.8,78.8,78.45,78.6
7/10/2026 15:35,78.8,78.85,78.75,78.75
7/10/2026 15:25,79.1,79.25,78.7,78.8
7/10/2026 15:15,79.15,79.25,79,79.05
7/10/2026 15:05,78.95,79.25,78.8,79.2
7/10/2026 14:55,78.9,79,78.7,78.9
7/10/2026 14:45,78.95,79.15,78.8,78.95
7/10/2026 14:35,78.9,79.05,78.8,79
7/10/2026 14:25,78.85,78.95,78.8,78.9
7/10/2026 14:15,79,79.05,78.85,78.85
7/10/2026 14:05,78.9,79.05,78.85,79
7/10/2026 13:55,79.05,79.15,78.85,78.9
7/10/2026 13:45,79.25,79.25,79,79.05
7/10/2026 13:35,79.25,79.45,79.1,79.2
7/10/2026 13:25,79.3,79.3,78.95,79.25
7/10/2026 13:15,79.4,79.55,79.2,79.3
7/10/2026 13:05,79.4,79.7,79.35,79.4
7/10/2026 12:55,79.7,79.8,79.25,79.35
7/10/2026 11:55,79.6,79.85,79.55,79.7
7/10/2026 11:45,79.4,79.65,79.3,79.6
7/10/2026 11:35,79.5,79.55,79.35,79.4
7/10/2026 11:25,79.6,79.75,79.4,79.5
7/10/2026 11:15,79.3,79.7,79.3,79.6
7/10/2026 11:05,78.8,79.4,78.8,79.35
7/10/2026 10:55,79.1,79.15,78.4,78.75
7/10/2026 10:45,78.9,79.45,78.8,79.15
7/10/2026 10:35,78.55,79.05,78.55,78.85
7/10/2026 10:25,78.4,78.8,78.25,78.5
7/10/2026 10:15,78.8,78.8,78.35,78.4
7/10/2026 10:05,78.4,79.05,78.15,78.8
7/10/2026 9:55,77.9,78.4,77.75,78.35
7/10/2026 9:45,76.8,77.85,76.8,77.85
7/10/2026 9:35,76.75,77.6,76.55,76.8
7/10/2026 9:25,78.45,78.6,76.5,76.75
7/10/2026 9:15,78.5,78.5,78.5,78.5
7/9/2026 16:05,78.5,78.5,78.5,78.5
7/9/2026 15:55,78.55,78.65,78.45,78.5
7/9/2026 15:45,78.65,78.7,78.45,78.55
7/9/2026 15:35,78.6,78.85,78.5,78.7
7/9/2026 15:25,79,79.1,78.55,78.6
7/9/2026 15:15,78.75,79.05,78.65,79
7/9/2026 15:05,78.5,78.8,78.4,78.7
7/9/2026 14:55,78.4,78.7,78.25,78.55
7/9/2026 14:45,78.55,78.55,78.25,78.4
7/9/2026 14:35,78.5,78.7,78.45,78.55
7/9/2026 14:25,78.8,78.85,78.45,78.5
7/9/2026 14:15,78.6,78.85,78.45,78.8
7/9/2026 14:05,78.9,78.95,78.6,78.65
7/9/2026 13:55,78.9,79.05,78.75,78.9
7/9/2026 13:45,78.7,79.1,78.65,78.85
7/9/2026 13:35,78.55,78.7,78.4,78.65
7/9/2026 13:25,78.6,78.75,78.2,78.55
7/9/2026 13:15,79.1,79.15,78.25,78.55
7/9/2026 13:05,78.55,79.25,78.5,79.1
7/9/2026 12:55,78.85,79.1,78.55,78.6
7/9/2026 11:55,79,79.05,78.85,78.9
7/9/2026 11:45,79.1,79.25,78.95,79.05
7/9/2026 11:35,79.2,79.3,79.1,79.1
7/9/2026 11:25,79.3,79.4,79,79.2
7/9/2026 11:15,79.25,79.45,79,79.3
7/9/2026 11:05,79.65,79.75,79.25,79.3
7/9/2026 10:55,80.25,80.25,79.65,79.7
7/9/2026 10:45,80.2,80.45,80.05,80.3
7/9/2026 10:35,80.3,80.55,80.1,80.2
7/9/2026 10:25,80.95,81,80.35,80.35
7/9/2026 10:15,81.05,81.7,80.8,80.95
7/9/2026 10:05,80.8,81.2,80.55,81.05
7/9/2026 9:55,79.9,81.25,79.9,80.8
7/9/2026 9:45,79.8,80.15,79.4,79.95
7/9/2026 9:35,80.2,81.25,79.55,79.8
7/9/2026 9:25,80.5,80.75,79.2,80.2
7/9/2026 9:15,80.75,80.75,80.75,80.75
7/8/2026 16:05,80.9,80.9,80.9,80.9
7/8/2026 15:55,80.75,81,80.7,80.9
7/8/2026 15:45,80.75,80.8,80.6,80.75
7/8/2026 15:35,80.85,80.95,80.55,80.75
7/8/2026 15:25,80.7,80.9,80.6,80.8
7/8/2026 15:15,80.15,80.8,80.05,80.65
7/8/2026 15:05,80.05,80.2,79.9,80.2
7/8/2026 14:55,80.35,80.45,79.9,80.1
7/8/2026 14:45,80.6,80.65,80.25,80.35
7/8/2026 14:35,80.5,81,80.3,80.55
7/8/2026 14:25,80.95,81.05,80.5,80.55
7/8/2026 14:15,80.7,81.25,80.55,80.9
7/8/2026 14:05,80.2,80.95,80.15,80.7
7/8/2026 13:55,80.15,80.35,80.15,80.25
7/8/2026 13:45,79.95,80.2,79.7,80.2
7/8/2026 13:35,79.45,80.1,79.45,79.95
7/8/2026 13:25,79.55,79.7,79.35,79.45
7/8/2026 13:15,79.55,80,79.5,79.6
7/8/2026 13:05,79.65,79.75,79.35,79.5
7/8/2026 12:55,79.7,79.85,79.25,79.65
7/8/2026 11:55,80.05,80.1,79.7,79.7
7/8/2026 11:45,80.05,80.2,80,80.05
7/8/2026 11:35,80.8,80.95,79.95,80.1
7/8/2026 11:25,80.15,80.9,80,80.85
7/8/2026 11:15,79.7,80.2,79.3,80.15
7/8/2026 11:05,79.65,79.85,79.35,79.75
7/8/2026 10:55,79.4,79.8,79.15,79.6
7/8/2026 10:45,79.15,79.6,78.95,79.35
7/8/2026 10:35,79.35,79.55,79.15,79.2
7/8/2026 10:25,79.6,79.75,79.25,79.4
7/8/2026 10:15,79.45,79.8,79.35,79.6
7/8/2026 10:05,80.5,80.6,79.45,79.45
7/8/2026 9:55,79.35,81,79.3,80.5
7/8/2026 9:45,79.4,80.35,79.1,79.3
7/8/2026 9:35,79.75,80.1,78.9,79.4
7/8/2026 9:25,77.9,80.25,77.9,79.75
7/8/2026 9:15,77.85,77.85,77.85,77.85
7/7/2026 16:05,78.35,78.35,78.35,78.35
7/7/2026 15:55,78.45,78.6,78.45,78.5
7/7/2026 15:45,78.65,78.65,78.25,78.5
7/7/2026 15:35,78.35,78.7,78.35,78.65
7/7/2026 15:25,78.25,78.45,78.1,78.4
7/7/2026 15:15,78.25,78.45,78.1,78.3
7/7/2026 15:05,78.05,78.35,78,78.3
7/7/2026 14:55,78.3,78.5,78,78.1
7/7/2026 14:45,77.95,78.4,77.85,78.3
7/7/2026 14:35,78,78.25,77.95,78
7/7/2026 14:25,78.45,78.45,77.95,78.05
7/7/2026 14:15,77.65,78.5,77.45,78.45
7/7/2026 14:05,77.95,77.95,77.55,77.7
7/7/2026 13:55,78.1,78.25,77.55,77.95
7/7/2026 13:45,78,78.1,77.9,78.05
7/7/2026 13:35,78.3,78.35,78,78
7/7/2026 13:25,78.05,78.45,78,78.3
7/7/2026 13:15,78,78.35,77.95,78.1
7/7/2026 13:05,78.35,78.7,78,78
7/7/2026 12:55,78.15,78.35,77.9,78.35
7/7/2026 11:55,77.9,78.2,77.9,78.15
7/7/2026 11:45,78,78.05,77.8,77.9
7/7/2026 11:35,77.9,78.05,77.85,78
7/7/2026 11:25,77.95,78.25,77.9,77.9
7/7/2026 11:15,78.1,78.4,77.9,77.95
7/7/2026 11:05,77.95,78.35,77.7,78.05
7/7/2026 10:55,78.05,78.15,77.5,77.95
7/7/2026 10:45,78.3,79.15,78.05,78.05
7/7/2026 10:35,78.55,78.7,77.9,78.35
7/7/2026 10:25,79.9,79.9,78.55,78.6
7/7/2026 10:15,80.3,81.65,79.6,79.95
7/7/2026 10:05,79.3,80.45,78.65,80.3
7/7/2026 9:55,79.9,80.15,78.9,79.35
7/7/2026 9:45,79.7,81.55,79.25,79.95
7/7/2026 9:35,78.45,79.7,77.55,79.7
7/7/2026 9:25,75.5,78.55,75.1,78.5
7/7/2026 9:15,75.45,75.45,75.45,75.45
7/6/2026 16:05,74.95,74.95,74.95,74.95
7/6/2026 15:55,74.6,74.9,74.6,74.9
7/6/2026 15:45,74.75,74.9,74.35,74.6
7/6/2026 15:35,74.6,74.85,74.45,74.75
7/6/2026 15:25,74.3,74.7,74.25,74.6
7/6/2026 15:15,73.95,74.35,73.9,74.35
7/6/2026 15:05,73.5,74,73.4,73.95
7/6/2026 14:55,74,74,73.3,73.55
7/6/2026 14:45,73.9,74.1,73.85,74
7/6/2026 14:35,74,74,73.85,73.85
7/6/2026 14:25,73.95,74,73.75,73.95
7/6/2026 14:15,74,74.1,73.85,73.9
7/6/2026 14:05,73.85,74,73.75,74
7/6/2026 13:55,73.7,74,73.55,73.9
7/6/2026 13:45,73.65,73.85,73.55,73.7
7/6/2026 13:35,73.8,73.85,73.55,73.65
7/6/2026 13:25,73.95,74.1,73.55,73.8
7/6/2026 13:15,73.8,74,73.75,73.95
7/6/2026 13:05,73.6,73.8,73.5,73.8
7/6/2026 12:55,73.35,73.75,73,73.65
7/6/2026 11:55,73.2,73.35,73.2,73.35
7/6/2026 11:45,73.2,73.3,73.1,73.25
7/6/2026 11:35,73.35,73.5,73.2,73.2
7/6/2026 11:25,72.95,73.4,72.9,73.4
7/6/2026 11:15,73.45,73.5,72.95,72.95
7/6/2026 11:05,73.6,74,73.4,73.45
7/6/2026 10:55,73.35,74.15,73.35,73.55
7/6/2026 10:45,73.6,73.75,72.75,73.4
7/6/2026 10:35,73.1,73.7,72.7,73.6
7/6/2026 10:25,73.85,74,73,73.15
7/6/2026 10:15,73.35,73.9,73.1,73.85
7/6/2026 10:05,72.8,73.7,72.6,73.45
7/6/2026 9:55,71.4,72.85,71.35,72.8
7/6/2026 9:45,70.7,71.6,70.6,71.45
7/6/2026 9:35,71,71.35,70.2,70.7
7/6/2026 9:25,71.5,72.1,70.5,70.95
7/6/2026 9:15,71.5,71.5,71.5,71.5
7/3/2026 16:05,71.6,71.6,71.6,71.6
7/3/2026 15:55,71.6,71.7,71.45,71.6
7/3/2026 15:45,71.65,71.7,71.35,71.55
7/3/2026 15:35,71.8,71.85,71.6,71.7
7/3/2026 15:25,71.95,72.1,71.8,71.8
7/3/2026 15:15,71.95,72.05,71.8,71.95
7/3/2026 15:05,71.95,72.05,71.7,72
7/3/2026 14:55,71.95,72.1,71.85,71.95
7/3/2026 14:45,71.95,72.15,71.9,72
7/3/2026 14:35,72.1,72.15,71.9,71.95
7/3/2026 14:25,72.25,72.35,72.05,72.05
7/3/2026 14:15,72.4,72.5,72.2,72.2
7/3/2026 14:05,72.35,72.65,72.3,72.45
7/3/2026 13:55,72,72.35,71.9,72.3
7/3/2026 13:45,71.6,72.2,71.55,72
7/3/2026 13:35,71.3,71.65,71.3,71.6
7/3/2026 13:25,71.25,71.5,71.15,71.3
7/3/2026 13:15,71.3,71.9,71.05,71.3
7/3/2026 13:05,71,71.35,70.9,71.2
7/3/2026 12:55,71.4,71.6,70.65,70.95
7/3/2026 11:55,71.45,71.5,71.3,71.4
7/3/2026 11:45,71.35,71.55,71.3,71.45
7/3/2026 11:35,71.55,71.65,71.35,71.35
7/3/2026 11:25,71.5,71.75,71.4,71.6
7/3/2026 11:15,71.15,71.65,71.15,71.55
7/3/2026 11:05,70.75,71.25,70.65,71.2
7/3/2026 10:55,70.85,70.95,70.55,70.7
7/3/2026 10:45,70.6,71,70.4,70.85
7/3/2026 10:35,71.1,71.1,70.55,70.65
7/3/2026 10:25,71.3,71.45,71,71.1
7/3/2026 10:15,71.85,71.9,71.25,71.3
7/3/2026 10:05,71.55,71.95,71.4,71.9
7/3/2026 9:55,71.3,71.75,71.3,71.5
7/3/2026 9:45,71.75,71.75,70.9,71.35
7/3/2026 9:35,71.25,71.9,70.95,71.75
7/3/2026 9:25,71.2,71.65,70.6,71.3
7/3/2026 9:15,71.35,71.35,71.35,71.35
7/2/2026 16:05,70.85,70.85,70.85,70.85
7/2/2026 15:55,70.75,70.75,70.6,70.65
7/2/2026 15:45,71,71.1,70.75,70.75
7/2/2026 15:35,70.8,71.05,70.65,71.05
7/2/2026 15:25,70.75,70.9,70.65,70.8
7/2/2026 15:15,70.8,70.85,70.7,70.75
7/2/2026 15:05,70.85,70.95,70.7,70.75
7/2/2026 14:55,71.05,71.1,70.75,70.9
7/2/2026 14:45,71.25,71.3,70.9,71
7/2/2026 14:35,71.1,71.25,71.05,71.25
7/2/2026 14:25,71,71.15,70.9,71.1
7/2/2026 14:15,71,71.1,70.7,71
7/2/2026 14:05,70.8,71.15,70.75,71
7/2/2026 13:55,70.8,71.2,70.7,70.85
7/2/2026 13:45,70.6,70.85,70.45,70.8
7/2/2026 13:35,70.5,70.7,70.4,70.65
7/2/2026 13:25,70.6,70.65,70.3,70.55
7/2/2026 13:15,70.8,70.8,70.5,70.55
7/2/2026 13:05,71.05,71.25,70.75,70.75
7/2/2026 12:55,71.25,71.3,70.6,71.05
7/2/2026 11:55,71.45,71.5,71.25,71.3
7/2/2026 11:45,71.65,71.7,71.25,71.45
7/2/2026 11:35,71.15,71.6,70.95,71.6
7/2/2026 11:25,70.85,71.25,70.65,71.1
7/2/2026 11:15,71.2,71.35,70.8,70.9
7/2/2026 11:05,71.2,71.75,71.1,71.25
7/2/2026 10:55,71.55,71.55,71.15,71.25
7/2/2026 10:45,71.35,71.65,71.35,71.6
7/2/2026 10:35,71.5,72.15,71.35,71.35
7/2/2026 10:25,71.95,72.2,71.5,71.5
7/2/2026 10:15,72.5,72.75,71.8,71.9
7/2/2026 10:05,72.75,73.1,72.5,72.5
7/2/2026 9:55,72.8,73.4,72.4,72.7
7/2/2026 9:45,73.05,73.6,72.5,72.75
7/2/2026 9:35,72.1,73.65,71.95,73.05
7/2/2026 9:25,69.85,72.25,69.4,72.1
7/2/2026 9:15,69.85,69.85,69.85,69.85
6/30/2026 16:05,68.5,68.5,68.5,68.5
6/30/2026 15:55,68.8,69,68.8,68.9
6/30/2026 15:45,69.15,69.15,68.8,68.8
6/30/2026 15:35,69.05,69.3,69,69.15
6/30/2026 15:25,69.1,69.3,68.95,69
6/30/2026 15:15,69.1,69.15,68.85,69.15
6/30/2026 15:05,68.85,69.45,68.7,69.1
6/30/2026 14:55,68.85,68.9,68.5,68.8
6/30/2026 14:45,68.65,69.3,68.6,68.85
6/30/2026 14:35,68.7,68.9,68.6,68.65
6/30/2026 14:25,68.55,68.85,68.45,68.7
6/30/2026 14:15,68.7,68.8,68.4,68.6
6/30/2026 14:05,68.45,69.2,68.35,68.65
6/30/2026 13:55,68.15,68.45,68,68.4
6/30/2026 13:45,68,68.3,67.9,68.1
6/30/2026 13:35,67.8,68.2,67.65,68.05
6/30/2026 13:25,67.6,68.35,67.35,67.8
6/30/2026 13:15,67.5,67.6,67.3,67.6
6/30/2026 13:05,67.6,67.65,67.45,67.5
6/30/2026 12:55,67.95,68.05,67.5,67.6
6/30/2026 11:55,68.2,68.2,67.85,67.95
6/30/2026 11:45,67.95,68.2,67.95,68.2
6/30/2026 11:35,67.95,68.1,67.95,67.95
6/30/2026 11:25,68.25,68.3,67.95,67.95
6/30/2026 11:15,68.15,68.6,68.1,68.3
6/30/2026 11:05,68.45,68.5,68,68.1
6/30/2026 10:55,68.15,68.55,68,68.45
6/30/2026 10:45,68.15,68.3,68,68.15
6/30/2026 10:35,68.35,68.55,68.05,68.1
6/30/2026 10:25,68.5,68.55,68.2,68.35
6/30/2026 10:15,68.05,68.95,68,68.45
6/30/2026 10:05,67.8,68.2,67.7,68.1
6/30/2026 9:55,67.55,68.05,67.35,67.85
6/30/2026 9:45,67.7,67.9,67.35,67.55
6/30/2026 9:35,68.1,68.1,67.2,67.7
6/30/2026 9:25,68.5,68.8,67.35,68.1
6/30/2026 9:15,68.5,68.5,68.5,68.5
6/29/2026 16:05,67.65,67.65,67.65,67.65
6/29/2026 15:55,67.65,67.75,67.55,67.7
6/29/2026 15:45,67.9,67.95,67.55,67.65
6/29/2026 15:35,67.95,68.1,67.85,67.9
6/29/2026 15:25,68.5,68.5,67.9,67.95
6/29/2026 15:15,68.1,68.5,67.95,68.5
6/29/2026 15:05,68.05,68.2,67.9,68.1
6/29/2026 14:55,68.55,68.55,67.9,68.1
6/29/2026 14:45,68.5,68.7,68.45,68.5
6/29/2026 14:35,68.6,68.65,68.4,68.45
6/29/2026 14:25,68.6,68.65,68.45,68.6
6/29/2026 14:15,68.5,68.65,68.45,68.6
6/29/2026 14:05,68,68.5,67.9,68.5
6/29/2026 13:55,68.5,68.55,67.9,68.05
6/29/2026 13:45,68.85,68.9,68.4,68.55
6/29/2026 13:35,69,69.1,68.8,68.9
6/29/2026 13:25,68.8,69,68.6,69
6/29/2026 13:15,69,69.15,68.7,68.8
6/29/2026 13:05,69.4,69.45,68.95,69
6/29/2026 12:55,69,69.45,68.6,69.4
6/29/2026 11:55,69.05,69.1,69,69.05
6/29/2026 11:45,69.1,69.3,68.95,69.15
6/29/2026 11:35,69.1,69.3,68.9,69
6/29/2026 11:25,69,69.15,68.8,69.15
6/29/2026 11:15,68.65,69.05,68.55,69
6/29/2026 11:05,68.65,68.75,68.35,68.65
6/29/2026 10:55,69.05,69.1,68.35,68.7
6/29/2026 10:45,68.85,69.3,68.75,69
6/29/2026 10:35,68.7,68.85,68.05,68.8
6/29/2026 10:25,68.5,68.95,68.3,68.6
6/29/2026 10:15,67.75,69,67.45,68.4
6/29/2026 10:05,67.35,68.45,67.25,67.8
6/29/2026 9:55,66.9,67.4,66.4,67.35
6/29/2026 9:45,67.4,67.4,66.55,66.85
6/29/2026 9:35,67.75,68.2,66.8,67.4
6/29/2026 9:25,66.5,68.4,66.15,67.85
6/29/2026 9:15,66.5,66.5,66.5,66.5
6/26/2026 16:05,64.25,64.25,64.25,64.25
6/26/2026 15:55,64.1,64.35,64.05,64.1
6/26/2026 15:45,64.1,64.25,63.7,64.05
6/26/2026 15:35,64.85,64.85,64,64.15
6/26/2026 15:25,64.7,64.9,64.6,64.85
6/26/2026 15:15,65,65.3,64.7,64.75
6/26/2026 15:05,64.45,65.3,63.65,65.05
6/26/2026 14:55,67.9,67.95,64.3,64.4
6/26/2026 14:45,66.05,68.35,65.85,67.9
6/26/2026 14:35,65.7,66.05,65.65,66
6/26/2026 14:25,65.6,65.8,65.35,65.7
6/26/2026 14:15,65.7,66.2,65.55,65.6
6/26/2026 14:05,65.85,65.9,65.6,65.75
6/26/2026 13:55,66.05,66.1,65.8,65.85
6/26/2026 13:45,66.05,66.05,65.7,66
6/26/2026 13:35,66.3,66.5,66.05,66.05
6/26/2026 13:25,66.6,66.85,66.25,66.25
6/26/2026 13:15,66.7,66.95,66.45,66.55
6/26/2026 13:05,66.75,67.05,66.4,66.7
6/26/2026 12:55,65.8,66.9,65.4,66.75
6/26/2026 11:55,65.7,65.9,65.65,65.85
6/26/2026 11:45,65.2,65.7,65.2,65.7
6/26/2026 11:35,65.4,65.4,65.15,65.15
6/26/2026 11:25,65.4,65.75,65.25,65.4
6/26/2026 11:15,65.7,65.7,65.3,65.45
6/26/2026 11:05,65.65,65.9,65.65,65.7
6/26/2026 10:55,65.5,66.15,65.5,65.7
6/26/2026 10:45,65.9,65.95,65.5,65.5
6/26/2026 10:35,66.2,66.4,65.85,65.95
6/26/2026 10:25,66.2,66.35,65.9,66.2
6/26/2026 10:15,66.55,66.75,66.2,66.2
6/26/2026 10:05,67.25,67.25,66.25,66.5
6/26/2026 9:55,65.75,67.25,65.75,67.2
6/26/2026 9:45,64.45,66,64.3,65.8
6/26/2026 9:35,64.75,65.4,64.15,64.5
6/26/2026 9:25,65.75,65.8,64.6,64.8
6/26/2026 9:15,65.75,65.75,65.75,65.75
6/25/2026 16:05,66.1,66.1,66.1,66.1
6/25/2026 15:55,66,66.15,65.95,66.1
6/25/2026 15:45,65.95,66.1,65.85,66
6/25/2026 15:35,66.15,66.15,65.95,65.95
6/25/2026 15:25,66.1,66.15,65.85,66.15
6/25/2026 15:15,66,66.2,65.9,66.15
6/25/2026 15:05,66.1,66.15,65.95,66
6/25/2026 14:55,65.9,66.25,65.9,66.05
6/25/2026 14:45,66.2,66.4,65.9,65.95
6/25/2026 14:35,66.2,66.45,66.15,66.2
6/25/2026 14:25,66.15,66.25,65.95,66.15
6/25/2026 14:15,66.4,66.55,66.1,66.1
6/25/2026 14:05,66.6,66.75,66.35,66.4
6/25/2026 13:55,66.3,66.7,66.3,66.55
6/25/2026 13:45,66.25,66.45,66.05,66.35
6/25/2026 13:35,65.95,66.3,65.95,66.25
6/25/2026 13:25,66.1,66.1,65.9,65.95
6/25/2026 13:15,66.4,66.45,65.9,66.05
6/25/2026 13:05,66.8,66.8,66.3,66.4
6/25/2026 12:55,66.65,67.15,66.6,66.8
6/25/2026 11:55,66.5,66.65,66.45,66.65
6/25/2026 11:45,66,66.45,65.95,66.45
6/25/2026 11:35,66.35,66.4,65.9,66
6/25/2026 11:25,66.95,66.95,66.2,66.3
6/25/2026 11:15,67,67.35,66.9,66.95
6/25/2026 11:05,66.6,67.25,66.6,67.05
6/25/2026 10:55,66.5,67.2,66.4,66.65
6/25/2026 10:45,65.4,66.55,65.3,66.45
6/25/2026 10:35,64.9,65.45,64.8,65.45
6/25/2026 10:25,65,65.15,64.75,64.95
6/25/2026 10:15,65.1,65.25,65,65
6/25/2026 10:05,65.5,65.55,64.95,65.15
6/25/2026 9:55,65.4,65.95,65.3,65.55
6/25/2026 9:45,65.25,65.45,65.05,65.4
6/25/2026 9:35,66,66.15,65.2,65.25
6/25/2026 9:25,67.35,67.35,65.95,65.95
6/25/2026 9:15,67.35,67.35,67.35,67.35
6/24/2026 16:05,67.75,67.75,67.75,67.75
6/24/2026 15:55,67.55,67.65,67.2,67.2
6/24/2026 15:45,67.7,67.8,67.55,67.6
6/24/2026 15:35,67.9,67.95,67.45,67.75
6/24/2026 15:25,67.8,68,67.75,67.85
6/24/2026 15:15,67.9,67.95,67.7,67.8
6/24/2026 15:05,67.9,68,67.8,67.95
6/24/2026 14:55,68,68.15,67.85,67.85
6/24/2026 14:45,68,68.1,67.85,67.95
6/24/2026 14:35,68.1,68.3,68,68.05
6/24/2026 14:25,68.1,68.25,68,68.1
6/24/2026 14:15,68.25,68.3,68.1,68.1
6/24/2026 14:05,68.35,68.45,68.15,68.25
6/24/2026 13:55,68.65,68.65,68.3,68.35
6/24/2026 13:45,68.8,69,68.5,68.7
6/24/2026 13:35,69,69.75,68.8,68.85
6/24/2026 13:25,69.05,69.3,68.6,69.05
6/24/2026 13:15,67.95,69.15,67.95,69.05
6/24/2026 13:05,68,68.1,67.9,67.95
6/24/2026 12:55,68.6,68.75,68,68
6/24/2026 11:55,68.55,68.7,68.5,68.65
6/24/2026 11:45,68.65,68.9,68.5,68.55
6/24/2026 11:35,68.7,68.85,68.55,68.65
6/24/2026 11:25,68.2,68.8,68.2,68.7
6/24/2026 11:15,68.05,68.3,67.85,68.25
6/24/2026 11:05,68.3,68.4,68.05,68.05
6/24/2026 10:55,68.2,68.45,68.15,68.3
6/24/2026 10:45,68.35,68.4,67.8,68.2
6/24/2026 10:35,68.4,68.4,68.05,68.3
6/24/2026 10:25,67.85,68.4,67.8,68.4
6/24/2026 10:15,67.8,68.05,67.7,67.85
6/24/2026 10:05,67.75,68.15,67.55,67.8
6/24/2026 9:55,68.45,68.45,67.7,67.7
6/24/2026 9:45,68.95,69.05,68.4,68.45
6/24/2026 9:35,69,69.3,68.35,69
6/24/2026 9:25,69.5,70,68.85,69
6/24/2026 9:15,69.3,69.3,69.3,69.3
6/23/2026 16:05,69.6,69.6,69.6,69.6
6/23/2026 15:55,69.65,69.85,69.55,69.8
6/23/2026 15:45,69.8,69.9,69.5,69.7
6/23/2026 15:35,69.9,69.95,69.7,69.85
6/23/2026 15:25,70.05,70.1,69.8,69.9
6/23/2026 15:15,70.15,70.15,69.95,70.05
6/23/2026 15:05,69.8,70.15,69.7,70.1
6/23/2026 14:55,69.4,69.8,69.35,69.75
6/23/2026 14:45,69.45,69.6,69.35,69.35
6/23/2026 14:35,69.5,69.5,69.35,69.45
6/23/2026 14:25,69.35,69.55,69.25,69.5
6/23/2026 14:15,69.5,69.55,69.3,69.35
6/23/2026 14:05,69.5,69.55,69.35,69.5
6/23/2026 13:55,69.55,69.65,69.4,69.5
6/23/2026 13:45,69.85,69.85,69.55,69.6
6/23/2026 13:35,69.75,69.85,69.6,69.8
6/23/2026 13:25,69.45,69.7,69.45,69.7
6/23/2026 13:15,69.55,69.75,69.4,69.5
6/23/2026 13:05,69.65,69.8,69.4,69.5
6/23/2026 12:55,69.75,69.95,69.3,69.65
6/23/2026 11:55,69.5,69.8,69.5,69.8
6/23/2026 11:45,69.55,69.55,69.35,69.5
6/23/2026 11:35,69.4,69.5,69.3,69.5
6/23/2026 11:25,69.3,69.55,69.25,69.35
6/23/2026 11:15,69.4,69.45,69.2,69.25
6/23/2026 11:05,69.85,69.9,69.25,69.4
6/23/2026 10:55,70.2,70.2,69.8,69.85
6/23/2026 10:45,70.25,70.45,70.2,70.2
6/23/2026 10:35,70.75,70.8,70.25,70.25
6/23/2026 10:25,70.65,70.85,70.55,70.7
6/23/2026 10:15,71,71,70.5,70.6
6/23/2026 10:05,71.1,71.2,70.8,70.95
6/23/2026 9:55,71.2,71.55,70.9,71.1
6/23/2026 9:45,71.35,71.75,70.9,71.25
6/23/2026 9:35,70.75,71.9,70.7,71.35
6/23/2026 9:25,72.2,72.55,70.75,70.75
6/23/2026 9:15,72.7,72.7,72.7,72.7
6/22/2026 16:05,72,72,72,72
6/22/2026 15:55,72.35,72.35,72,72.15
6/22/2026 15:45,72.45,72.45,72.2,72.35
6/22/2026 15:35,72.1,72.45,72,72.45
6/22/2026 15:25,72.25,72.35,72.1,72.1
6/22/2026 15:15,72.2,72.45,72.1,72.2
6/22/2026 15:05,72.45,72.6,72.15,72.2
6/22/2026 14:55,72.2,73.2,72.15,72.45
6/22/2026 14:45,71.45,72.2,71.45,72.15
6/22/2026 14:35,72.1,72.1,71.45,71.5
6/22/2026 14:25,72.15,72.2,71.85,72.1
6/22/2026 14:15,71.6,72.25,71.5,72.2
6/22/2026 14:05,70.9,71.7,70.8,71.6
6/22/2026 13:55,70.75,71,70.75,70.85
6/22/2026 13:45,70.65,71,70.65,70.8
6/22/2026 13:35,70.75,71.1,70.6,70.6
6/22/2026 13:25,70.8,71.05,70.7,70.7
6/22/2026 13:15,70.4,70.9,70.35,70.85
6/22/2026 13:05,70.4,70.45,70.15,70.4
6/22/2026 12:55,70.75,70.85,70.35,70.4
6/22/2026 11:55,70.8,70.8,70.65,70.75
6/22/2026 11:45,70.8,70.8,70.7,70.75
6/22/2026 11:35,70.65,70.9,70.6,70.8
6/22/2026 11:25,70.9,70.9,70.65,70.65
6/22/2026 11:15,70.85,70.9,70.7,70.9
6/22/2026 11:05,70.55,70.95,70.5,70.85
6/22/2026 10:55,70.65,70.65,70.4,70.55
6/22/2026 10:45,70.4,70.7,70.15,70.6
6/22/2026 10:35,70.4,70.45,70.2,70.45
6/22/2026 10:25,70.4,70.4,70.1,70.4
6/22/2026 10:15,70.25,70.7,70.2,70.35
6/22/2026 10:05,69.7,70.35,69.6,70.25
6/22/2026 9:55,69.8,69.95,69.5,69.65
6/22/2026 9:45,69.85,70.3,69.75,69.8
6/22/2026 9:35,70.3,70.7,69.75,69.9
6/22/2026 9:25,72.2,72.2,70.15,70.3
6/22/2026 9:15,72.2,72.2,72.2,72.2
6/18/2026 16:05,71.8,71.8,71.8,71.8
6/18/2026 15:55,71.25,71.45,71.25,71.35
6/18/2026 15:45,71.45,71.5,71.3,71.3
6/18/2026 15:35,71.3,71.5,71.25,71.45
6/18/2026 15:25,71.5,71.5,71.25,71.35
6/18/2026 15:15,71.45,71.5,71.25,71.5
6/18/2026 15:05,71.4,71.5,71.2,71.45
6/18/2026 14:55,72.05,72.1,71.1,71.4
6/18/2026 14:45,72,72.15,71.9,72.05
6/18/2026 14:35,71.75,72,71.65,72
6/18/2026 14:25,71.95,72,71.7,71.7
6/18/2026 14:15,72.25,72.3,71.9,71.95
6/18/2026 14:05,72.3,72.35,71.8,72.3
6/18/2026 13:55,72.45,72.55,72.3,72.35
6/18/2026 13:45,72.75,72.75,72.35,72.45
6/18/2026 13:35,72.7,72.8,72.65,72.75
6/18/2026 13:25,72.65,72.85,72.6,72.65
6/18/2026 13:15,72.65,72.75,72.55,72.65
6/18/2026 13:05,72.6,72.8,72.6,72.65
6/18/2026 12:55,72.75,72.85,72.6,72.6
6/18/2026 11:55,72.9,72.9,72.7,72.8
6/18/2026 11:45,72.65,72.9,72.6,72.85
6/18/2026 11:35,72.65,72.75,72.5,72.65
6/18/2026 11:25,73,73,72.6,72.65
6/18/2026 11:15,72.85,73.15,72.85,73
6/18/2026 11:05,72.85,73,72.8,72.85
6/18/2026 10:55,72.85,72.95,72.7,72.85
6/18/2026 10:45,72.9,73.1,72.75,72.85
6/18/2026 10:35,73,73.05,72.6,72.85
6/18/2026 10:25,73.1,73.25,72.95,73.05
6/18/2026 10:15,73.65,73.65,73,73.1
6/18/2026 10:05,73.8,74.05,73.65,73.65
6/18/2026 9:55,74.25,74.25,73.5,73.8
6/18/2026 9:45,75,75.4,74.15,74.25
6/18/2026 9:35,75.65,76.2,74.8,74.95
6/18/2026 9:25,75.1,76.25,74.7,75.65
6/18/2026 9:15,75.1,75.1,75.1,75.1
6/17/2026 16:05,74.4,74.4,74.4,74.4
6/17/2026 15:55,74.2,74.3,74.1,74.3
6/17/2026 15:45,74.3,74.3,74.1,74.15
6/17/2026 15:35,74.3,74.3,74.15,74.3
6/17/2026 15:25,74.4,74.45,74.15,74.3
6/17/2026 15:15,74.4,74.45,74.2,74.4
6/17/2026 15:05,74.35,74.55,74.35,74.45
6/17/2026 14:55,74.45,74.65,74.35,74.35
6/17/2026 14:45,74.35,74.55,74.25,74.45
6/17/2026 14:35,74.45,74.45,74.2,74.35
6/17/2026 14:25,74.35,74.4,74.2,74.4
6/17/2026 14:15,74.3,74.4,74.25,74.3
6/17/2026 14:05,74.35,74.5,74.25,74.3
6/17/2026 13:55,74.3,74.5,74.25,74.4
6/17/2026 13:45,74.45,74.65,74.25,74.35
6/17/2026 13:35,74.5,74.55,74.3,74.45
6/17/2026 13:25,74.7,74.7,74.4,74.5
6/17/2026 13:15,74.75,74.8,74.65,74.65
6/17/2026 13:05,74.9,74.95,74.65,74.8
6/17/2026 12:55,75.1,75.25,74.85,74.85
6/17/2026 11:55,75.2,75.2,75.05,75.05
6/17/2026 11:45,75.3,75.35,75.15,75.2
6/17/2026 11:35,75,75.55,74.9,75.25
6/17/2026 11:25,74.55,75.05,74.55,75
6/17/2026 11:15,74.2,74.6,74.2,74.5
6/17/2026 11:05,73.85,74.25,73.8,74.2
6/17/2026 10:55,74.15,74.25,73.8,73.85
6/17/2026 10:45,74.55,74.7,74.1,74.2
6/17/2026 10:35,75,75,74.55,74.6
6/17/2026 10:25,75.2,75.25,74.85,75
6/17/2026 10:15,75.45,75.45,75.05,75.2
6/17/2026 10:05,75.7,75.85,75.35,75.55
6/17/2026 9:55,75.6,75.85,75.55,75.75
6/17/2026 9:45,75.8,75.95,75.55,75.6
6/17/2026 9:35,75.25,75.95,75.25,75.85
6/17/2026 9:25,75,75.35,74.9,75.2
6/17/2026 9:15,75,75,75,75
6/16/2026 16:05,75.3,75.3,75.3,75.3
6/16/2026 15:55,75.1,75.1,75,75.1
6/16/2026 15:45,75.1,75.15,75,75.15
6/16/2026 15:35,74.95,75.1,74.95,75.05
6/16/2026 15:25,75.05,75.15,74.95,75
6/16/2026 15:15,74.95,75.1,74.9,75.05
6/16/2026 15:05,74.95,75.05,74.85,74.9
6/16/2026 14:55,75,75.1,74.9,74.9
6/16/2026 14:45,75,75.1,74.9,75
6/16/2026 14:35,75.05,75.25,74.85,74.95
6/16/2026 14:25,75.2,75.35,74.95,75.05
6/16/2026 14:15,75.05,75.5,74.95,75.25
6/16/2026 14:05,75.1,75.1,74.85,75.05
6/16/2026 13:55,75.5,75.55,75.05,75.1
6/16/2026 13:45,75.45,75.55,75.35,75.55
6/16/2026 13:35,75.25,75.6,75.2,75.45
6/16/2026 13:25,75.45,75.45,75.2,75.25
6/16/2026 13:15,75.35,75.6,75.35,75.45
6/16/2026 13:05,75.55,75.7,75.35,75.35
6/16/2026 12:55,75.25,75.55,75.05,75.5
6/16/2026 11:55,75.25,75.25,75.05,75.25
6/16/2026 11:45,75.25,75.45,75.2,75.2
6/16/2026 11:35,75.1,75.5,75.1,75.3
6/16/2026 11:25,75.2,75.3,75.05,75.1
6/16/2026 11:15,75.35,75.35,75.2,75.2
6/16/2026 11:05,75.5,75.55,75.25,75.3
6/16/2026 10:55,75.35,75.65,75.35,75.55
6/16/2026 10:45,75.65,75.65,75.35,75.35
6/16/2026 10:35,75.5,75.7,75.45,75.65
6/16/2026 10:25,75.4,75.55,75.25,75.5
6/16/2026 10:15,75.65,75.8,75.35,75.4
6/16/2026 10:05,75.7,75.8,75.5,75.7
6/16/2026 9:55,76.05,76.2,75.65,75.7
6/16/2026 9:45,75.9,76.35,75.9,76.05
6/16/2026 9:35,75.85,76.15,75.8,75.95
6/16/2026 9:25,76.95,77.55,75.75,75.85
6/16/2026 9:15,76.95,76.95,76.95,76.95
6/15/2026 16:05,78.25,78.25,78.25,78.25
6/15/2026 15:55,78.35,78.45,78.3,78.3
6/15/2026 15:45,78.25,78.4,78.2,78.4
6/15/2026 15:35,78.25,78.35,78.1,78.2
6/15/2026 15:25,78.4,78.75,78.15,78.2
6/15/2026 15:15,78.15,78.5,78.15,78.35
6/15/2026 15:05,78.05,78.2,78,78.15
6/15/2026 14:55,78.1,78.15,77.85,78
6/15/2026 14:45,77.9,78.15,77.85,78.1
6/15/2026 14:35,77.95,78.05,77.9,77.95
6/15/2026 14:25,78.05,78.15,77.9,77.95
6/15/2026 14:15,77.95,78.15,77.85,78
6/15/2026 14:05,78.15,78.2,77.9,77.95
6/15/2026 13:55,77.8,78.2,77.75,78.2
6/15/2026 13:45,77.8,77.85,77.6,77.8
6/15/2026 13:35,77.65,77.95,77.6,77.85
6/15/2026 13:25,77.75,77.75,77.5,77.65
6/15/2026 13:15,77.2,77.8,77.2,77.75
6/15/2026 13:05,77.25,77.45,77.1,77.2
6/15/2026 12:55,77.25,77.5,77.2,77.25
6/15/2026 11:55,77.35,77.4,77.2,77.25
6/15/2026 11:45,77.55,77.6,77.35,77.35
6/15/2026 11:35,77.55,77.6,77.45,77.6
6/15/2026 11:25,77.6,77.75,77.4,77.6
6/15/2026 11:15,77.5,77.9,77.45,77.6
6/15/2026 11:05,77.4,77.5,77.2,77.5
6/15/2026 10:55,77.75,77.85,77.25,77.4
6/15/2026 10:45,78,78.1,77.75,77.75
6/15/2026 10:35,78.1,78.15,77.9,78
6/15/2026 10:25,78.45,78.55,78.1,78.1
6/15/2026 10:15,78.75,78.95,78.3,78.45
6/15/2026 10:05,78.9,78.95,78.4,78.8
6/15/2026 9:55,78.65,79,78.5,78.9
6/15/2026 9:45,79,79.2,78.5,78.65
6/15/2026 9:35,78.7,79.1,78.25,79
6/15/2026 9:25,79.5,79.65,77.4,78.7
6/15/2026 9:15,79.5,79.5,79.5,79.5
6/12/2026 16:05,77.9,77.9,77.9,77.9
6/12/2026 15:55,78,78.1,77.8,77.95
6/12/2026 15:45,77.9,78.15,77.8,77.95
6/12/2026 15:35,77.65,78,77.65,77.85
6/12/2026 15:25,77.85,78,77.6,77.7
6/12/2026 15:15,77.75,77.85,77.5,77.85
6/12/2026 15:05,77.6,77.95,77.4,77.75
6/12/2026 14:55,77.65,77.8,77.45,77.6
6/12/2026 14:45,77.5,77.7,77.45,77.7
6/12/2026 14:35,77.7,77.7,77.45,77.45
6/12/2026 14:25,77.6,77.7,77.45,77.7
6/12/2026 14:15,77.8,77.8,77.3,77.6
6/12/2026 14:05,77.4,77.8,77.35,77.75
6/12/2026 13:55,77.5,77.55,77.3,77.45
6/12/2026 13:45,77.8,77.8,77.35,77.5
6/12/2026 13:35,77.5,77.8,77.35,77.75
6/12/2026 13:25,77.65,77.8,77.35,77.5
6/12/2026 13:15,77.6,77.9,77.4,77.7
6/12/2026 13:05,77.95,77.95,77.2,77.55
6/12/2026 12:55,78.15,78.4,77.95,78
6/12/2026 11:55,78.1,78.25,78.05,78.1
6/12/2026 11:45,78.25,78.3,77.9,78.1
6/12/2026 11:35,77.85,78.3,77.8,78.25
6/12/2026 11:25,77.75,78,77.6,77.85
6/12/2026 11:15,77.8,77.9,77.5,77.75
6/12/2026 11:05,76.95,78.1,76.95,77.8
6/12/2026 10:55,77,77.15,76.85,76.95
6/12/2026 10:45,76.1,77,76,77
6/12/2026 10:35,76.65,76.75,75.7,76.1
6/12/2026 10:25,76.9,76.95,76.6,76.65
6/12/2026 10:15,77.45,77.45,76.9,76.95
6/12/2026 10:05,77.65,77.75,77.3,77.45
6/12/2026 9:55,77.65,77.8,77.45,77.65
6/12/2026 9:45,77.2,77.7,77.2,77.65
6/12/2026 9:35,77.6,77.85,77,77.2
6/12/2026 9:25,78.05,78.05,76.55,77.55
6/12/2026 9:15,78.1,78.1,78.1,78.1
6/11/2026 16:05,78.1,78.1,78.1,78.1
6/11/2026 15:55,77.75,77.85,77.7,77.8
6/11/2026 15:45,78,78.05,77.75,77.8
6/11/2026 15:35,78.15,78.2,77.95,78
6/11/2026 15:25,78.3,78.35,78,78.1
6/11/2026 15:15,78.15,78.35,78.1,78.3
6/11/2026 15:05,78.1,78.2,77.9,78.15
6/11/2026 14:55,78.5,78.5,78.1,78.1
6/11/2026 14:45,78.55,78.6,78.35,78.45
6/11/2026 14:35,78.45,78.55,78.35,78.45
6/11/2026 14:25,78.6,78.7,78.35,78.4
6/11/2026 14:15,78.65,78.75,78.5,78.6
6/11/2026 14:05,78.4,78.7,78.3,78.7
6/11/2026 13:55,78.35,78.55,78.3,78.4
6/11/2026 13:45,78.6,78.7,78.35,78.35
6/11/2026 13:35,78.55,78.75,78.5,78.6
6/11/2026 13:25,78.3,78.5,78,78.5
6/11/2026 13:15,78.75,78.9,78.2,78.3
6/11/2026 13:05,78.75,78.85,78.5,78.75
6/11/2026 12:55,78.95,79.25,78.65,78.75
6/11/2026 11:55,78.85,78.95,78.8,78.9
6/11/2026 11:45,78.9,79.05,78.65,78.85
6/11/2026 11:35,78.65,79.3,78.45,78.9
6/11/2026 11:25,77.8,78.7,77.65,78.6
6/11/2026 11:15,78,78.1,77.65,77.8
6/11/2026 11:05,78.4,78.4,77.95,78
6/11/2026 10:55,77.8,78.5,77.75,78.35
6/11/2026 10:45,77.5,77.85,77.45,77.8
6/11/2026 10:35,77.6,77.65,77.05,77.5
6/11/2026 10:25,77.6,77.9,77.55,77.6
6/11/2026 10:15,77.85,77.85,77.5,77.65
6/11/2026 10:05,78.65,78.65,77.8,77.9
6/11/2026 9:55,79,79.15,78.55,78.65
6/11/2026 9:45,79.6,79.7,78.75,79
6/11/2026 9:35,79.75,79.85,79,79.55
6/11/2026 9:25,78.95,80.1,78.7,79.75
6/11/2026 9:15,78.8,78.8,78.8,78.8
6/10/2026 16:05,79,79,79,79
6/10/2026 15:55,79.1,79.2,78.95,79.1
6/10/2026 15:45,79.05,79.2,78.9,79.1
6/10/2026 15:35,79.2,79.25,79,79.1
6/10/2026 15:25,79.3,79.45,79.05,79.2
6/10/2026 15:15,79.45,79.5,79.1,79.25
6/10/2026 15:05,79.1,79.45,79.05,79.4
6/10/2026 14:55,79.15,79.4,79.05,79.05
6/10/2026 14:45,79.2,79.3,79,79.15
6/10/2026 14:35,79,79.3,78.95,79.2
6/10/2026 14:25,78.9,79.15,78.85,79
6/10/2026 14:15,78.9,79.15,78.85,78.85
6/10/2026 14:05,78.95,79.4,78.9,78.9
6/10/2026 13:55,78.8,79.1,78.65,79
6/10/2026 13:45,78.7,78.75,78.45,78.75
6/10/2026 13:35,78.8,78.95,78.65,78.7
6/10/2026 13:25,78.55,78.9,78.45,78.8
6/10/2026 13:15,78.8,78.85,78.55,78.55
6/10/2026 13:05,78.7,78.95,78.7,78.8
6/10/2026 12:55,78.95,78.95,78.45,78.7
6/10/2026 11:55,78.9,79,78.85,79
6/10/2026 11:45,79,79.3,78.7,78.95
6/10/2026 11:35,79.3,79.3,78.75,79
6/10/2026 11:25,80.3,80.35,79.25,79.3
6/10/2026 11:15,79.8,80.4,79.75,80.35
6/10/2026 11:05,79.55,80.45,79.55,79.8
6/10/2026 10:55,78.3,79.75,78.25,79.55
6/10/2026 10:45,78,78.65,77.95,78.3
6/10/2026 10:35,77.55,78,77.35,77.95
6/10/2026 10:25,77.75,77.85,77.55,77.6
6/10/2026 10:15,77.8,78,77.6,77.75
6/10/2026 10:05,77.6,78.15,77.55,77.85
6/10/2026 9:55,76.8,77.9,76.75,77.6
6/10/2026 9:45,76.95,77.6,76.8,76.8
6/10/2026 9:35,77.2,77.55,76.55,76.95
6/10/2026 9:25,77.05,77.4,76.45,77.15
6/10/2026 9:15,77.1,77.1,77.1,77.1
6/9/2026 16:05,77.2,77.2,77.2,77.2
6/9/2026 15:55,77.1,77.25,77,77.2
6/9/2026 15:45,77.25,77.3,77.05,77.1
6/9/2026 15:35,77.4,77.45,77.15,77.25
6/9/2026 15:25,77.55,77.65,77.3,77.4
6/9/2026 15:15,77.75,77.8,77.55,77.55
6/9/2026 15:05,77.7,77.8,77.65,77.75
6/9/2026 14:55,77.7,77.95,77.7,77.75
6/9/2026 14:45,77.9,77.95,77.7,77.7
6/9/2026 14:35,78,78.1,77.9,77.95
6/9/2026 14:25,78.2,78.25,77.9,77.95
6/9/2026 14:15,78,78.25,77.85,78.25
6/9/2026 14:05,78.1,78.3,77.9,77.95
6/9/2026 13:55,77.9,78.15,77.7,78.1
6/9/2026 13:45,78,78.15,77.8,77.9
6/9/2026 13:35,77.85,78.2,77.8,78
6/9/2026 13:25,77.5,77.9,77.45,77.85
6/9/2026 13:15,77.35,77.55,77.25,77.55
6/9/2026 13:05,77.8,77.8,77.35,77.4
6/9/2026 12:55,77.45,77.9,77.45,77.75
6/9/2026 11:55,77.3,77.5,77.25,77.45
6/9/2026 11:45,77.2,77.3,77.1,77.3
6/9/2026 11:35,77.25,77.3,76.95,77.15
6/9/2026 11:25,77.15,77.4,77.1,77.25
6/9/2026 11:15,77.75,77.9,77,77.1
6/9/2026 11:05,77.55,77.95,77.5,77.75
6/9/2026 10:55,77.45,77.9,77.4,77.55
6/9/2026 10:45,77.15,77.6,77.15,77.45
6/9/2026 10:35,76.9,77.2,76.7,77.2
6/9/2026 10:25,76.85,77.25,76.7,76.9
6/9/2026 10:15,76.7,76.95,76.55,76.9
6/9/2026 10:05,76.85,77.2,76.7,76.7
6/9/2026 9:55,76.4,76.9,76.35,76.85
6/9/2026 9:45,76.35,76.55,76,76.45
6/9/2026 9:35,76.2,76.45,75.5,76.3
6/9/2026 9:25,76.2,76.65,75.7,76.1
6/9/2026 9:15,76.25,76.25,76.25,76.25
6/8/2026 16:05,76.25,76.25,76.25,76.25
6/8/2026 15:55,76,76.15,75.9,76.15
6/8/2026 15:45,76.15,76.25,76,76.05
6/8/2026 15:35,76.25,76.35,76.15,76.15
6/8/2026 15:25,76.35,76.5,76.25,76.25
6/8/2026 15:15,76.05,76.4,76,76.35
6/8/2026 15:05,75.8,76.15,75.75,76.05
6/8/2026 14:55,75.9,75.95,75.8,75.8
6/8/2026 14:45,75.85,75.9,75.7,75.9
6/8/2026 14:35,75.8,75.85,75.55,75.8
6/8/2026 14:25,75.75,76,75.7,75.85
6/8/2026 14:15,75.5,75.8,75.5,75.7
6/8/2026 14:05,75.4,75.65,75.25,75.55
6/8/2026 13:55,75.2,75.5,75.15,75.45
6/8/2026 13:45,75.25,75.35,75.1,75.2
6/8/2026 13:35,75.35,75.4,75.15,75.3
6/8/2026 13:25,75.8,75.9,75.35,75.35
6/8/2026 13:15,75.7,75.85,75.6,75.8
6/8/2026 13:05,75.8,76.05,75.5,75.7
6/8/2026 12:55,76.1,76.1,75.75,75.8
6/8/2026 11:55,76.05,76.1,76.05,76.1
6/8/2026 11:45,76,76.1,75.95,76.05
6/8/2026 11:35,76.1,76.2,75.85,76
6/8/2026 11:25,76.25,76.3,76,76.05
6/8/2026 11:15,76.6,76.7,76.1,76.25
6/8/2026 11:05,76.75,76.85,76.6,76.6
6/8/2026 10:55,76.85,76.85,76.55,76.65
6/8/2026 10:45,76.95,77,76.8,76.8
6/8/2026 10:35,76.8,77,76.6,76.9
6/8/2026 10:25,76.6,76.9,76.6,76.75
6/8/2026 10:15,77,77,76.55,76.6
6/8/2026 10:05,76.9,77,76.45,76.95
6/8/2026 9:55,76.25,76.95,76.1,76.9
6/8/2026 9:45,76.75,76.8,76.05,76.25
6/8/2026 9:35,76.85,77.3,76.7,76.8
6/8/2026 9:25,77.45,77.75,76.6,76.8
6/8/2026 9:15,77.3,77.3,77.3,77.3
6/5/2026 16:05,79.95,79.95,79.95,79.95
6/5/2026 15:55,79.4,79.5,79.35,79.5
6/5/2026 15:45,79.2,79.45,79,79.45
6/5/2026 15:35,79.25,79.35,79.15,79.2
6/5/2026 15:25,79.45,79.5,79.15,79.2
6/5/2026 15:15,79.55,79.55,79.3,79.5
6/5/2026 15:05,79.8,80,79.45,79.55
6/5/2026 14:55,80,80.3,79.8,79.85
6/5/2026 14:45,79.5,80,79.4,79.95
6/5/2026 14:35,78.95,79.55,78.95,79.5
6/5/2026 14:25,78.6,79,78.55,78.95
6/5/2026 14:15,78.9,78.9,78.6,78.65
6/5/2026 14:05,79.15,79.2,78.75,78.85
6/5/2026 13:55,79.05,79.25,78.9,79.2
6/5/2026 13:45,79.3,79.4,79,79
6/5/2026 13:35,79.1,79.35,79.05,79.3
6/5/2026 13:25,79.15,79.45,79.05,79.1
6/5/2026 13:15,79.3,79.45,79.15,79.15
6/5/2026 13:05,79.35,79.6,79.3,79.35
6/5/2026 12:55,78.85,79.75,78.85,79.35
6/5/2026 11:55,78.65,78.9,78.65,78.9
6/5/2026 11:45,78.75,78.85,78.65,78.65
6/5/2026 11:35,78.4,78.8,78.4,78.8
6/5/2026 11:25,78.55,78.7,78.3,78.45
6/5/2026 11:15,78.4,78.55,78.2,78.55
6/5/2026 11:05,78.35,78.55,78.2,78.35
6/5/2026 10:55,77.9,78.55,77.85,78.35
6/5/2026 10:45,77.85,78.25,77.8,77.95
6/5/2026 10:35,77.95,78.1,77.7,77.85
6/5/2026 10:25,77.85,78.15,77.85,77.9
6/5/2026 10:15,78.25,78.4,77.9,77.9
6/5/2026 10:05,78.95,79.15,78.05,78.25
6/5/2026 9:55,78.35,79.2,78.3,78.95
6/5/2026 9:45,78.8,78.95,78.3,78.35
6/5/2026 9:35,79.65,79.85,78.75,78.8
6/5/2026 9:25,79.05,79.95,78.6,79.6
6/5/2026 9:15,79,79,79,79
6/4/2026 16:05,78.6,78.6,78.6,78.6
6/4/2026 15:55,78.6,78.85,78.6,78.75
6/4/2026 15:45,78.75,78.9,78.6,78.6
6/4/2026 15:35,79,79,78.7,78.75
6/4/2026 15:25,79,79.05,78.85,79
6/4/2026 15:15,78.85,79.05,78.8,79
6/4/2026 15:05,78.7,79,78.65,78.85
6/4/2026 14:55,78.75,78.8,78.55,78.75
6/4/2026 14:45,78.65,78.85,78.65,78.75
6/4/2026 14:35,78.75,78.8,78.65,78.65
6/4/2026 14:25,78.6,78.75,78.5,78.75
6/4/2026 14:15,78.45,78.75,78.45,78.6
6/4/2026 14:05,78.4,78.5,78.15,78.5
6/4/2026 13:55,78.5,78.55,78.3,78.4
6/4/2026 13:45,78.65,78.65,78.35,78.5
6/4/2026 13:35,78.2,78.65,78.15,78.65
6/4/2026 13:25,78.25,78.35,78,78.15
6/4/2026 13:15,78.3,78.55,78.1,78.25
6/4/2026 13:05,78.5,78.65,78.2,78.3
6/4/2026 12:55,78.5,78.55,77.9,78.45
6/4/2026 11:55,78.4,78.6,78.4,78.55
6/4/2026 11:45,78.5,78.55,78.4,78.45
6/4/2026 11:35,78.15,78.55,78.1,78.5
6/4/2026 11:25,78.15,78.2,78.1,78.15
6/4/2026 11:15,78.1,78.2,78,78.15
6/4/2026 11:05,78.5,78.5,78.05,78.15
6/4/2026 10:55,78.4,78.55,78.35,78.5
6/4/2026 10:45,78.45,78.65,78.35,78.45
6/4/2026 10:35,78.35,78.7,78.25,78.45
6/4/2026 10:25,78.7,78.85,78.25,78.35
6/4/2026 10:15,78.7,78.95,78.25,78.7
6/4/2026 10:05,78.6,78.9,78.4,78.75
6/4/2026 9:55,78.05,78.7,78,78.65
6/4/2026 9:45,78.2,78.35,78.05,78.1
6/4/2026 9:35,78.8,79.1,78.05,78.25
6/4/2026 9:25,79.7,80,78.7,78.75
6/4/2026 9:15,79.7,79.7,79.7,79.7
6/3/2026 16:05,80.4,80.4,80.4,80.4
6/3/2026 15:55,80.4,80.55,80.3,80.5
6/3/2026 15:45,80.4,80.6,80.35,80.35
6/3/2026 15:35,80.35,80.5,80.3,80.45
6/3/2026 15:25,80.3,80.55,80.2,80.4
6/3/2026 15:15,80.25,80.35,80.1,80.3
6/3/2026 15:05,80.25,80.4,80.15,80.25
6/3/2026 14:55,80.4,80.65,80.25,80.3
6/3/2026 14:45,80.35,80.5,80.3,80.4
6/3/2026 14:35,80.45,80.5,80.25,80.4
6/3/2026 14:25,80,80.55,80,80.4
6/3/2026 14:15,80.1,80.15,79.9,80
6/3/2026 14:05,80.15,80.25,79.95,80.15
6/3/2026 13:55,80.1,80.3,80.05,80.2
6/3/2026 13:45,80.4,80.45,80.05,80.1
6/3/2026 13:35,80.4,80.65,80.35,80.4
6/3/2026 13:25,80.55,80.65,80.35,80.4
6/3/2026 13:15,80.55,80.9,80.45,80.55
6/3/2026 13:05,80.2,81.2,80.15,80.55
6/3/2026 12:55,80.3,80.3,79.75,80.25
6/3/2026 11:55,80.25,80.3,80.2,80.3
6/3/2026 11:45,80.25,80.35,80.2,80.25
6/3/2026 11:35,80.25,80.3,80.1,80.25
6/3/2026 11:25,80.2,80.25,80,80.25
6/3/2026 11:15,80.2,80.3,80.05,80.2
6/3/2026 11:05,80.2,80.45,80.05,80.2
6/3/2026 10:55,80,80.3,80,80.2
6/3/2026 10:45,80.1,80.4,79.65,80
6/3/2026 10:35,80.7,80.7,80.05,80.1
6/3/2026 10:25,80.5,80.75,80.25,80.7
6/3/2026 10:15,81,81,80.45,80.5
6/3/2026 10:05,81.4,81.65,80.65,81
6/3/2026 9:55,82,82.15,81.25,81.4
6/3/2026 9:45,83.35,83.5,81.75,82.05
6/3/2026 9:35,84.55,84.6,83.25,83.4
6/3/2026 9:25,85.7,85.75,84.55,84.6
6/3/2026 9:15,85.7,85.7,85.7,85.7
6/2/2026 16:05,85.5,85.5,85.5,85.5
6/2/2026 15:55,85.55,85.6,85.4,85.4
6/2/2026 15:45,85.7,85.75,85.4,85.55
6/2/2026 15:35,85.3,85.75,85.25,85.75
6/2/2026 15:25,85.15,85.7,85,85.3
6/2/2026 15:15,85.15,85.3,85.05,85.15
6/2/2026 15:05,85.3,85.35,85.1,85.15
6/2/2026 14:55,85,85.45,84.95,85.3
6/2/2026 14:45,84.9,85.05,84.85,85
6/2/2026 14:35,84.95,85.1,84.8,84.9
6/2/2026 14:25,84.75,85,84.7,84.95
6/2/2026 14:15,85.1,85.15,84.75,84.8
6/2/2026 14:05,84.8,85.15,84.55,85.1
6/2/2026 13:55,84.45,84.8,84.2,84.8
6/2/2026 13:45,84.9,84.9,84.4,84.5
6/2/2026 13:35,84.45,84.9,84.35,84.9
6/2/2026 13:25,84.75,84.9,84.05,84.45
6/2/2026 13:15,84.85,85.15,84.7,84.8
6/2/2026 13:05,84.35,85.15,84.15,84.9
6/2/2026 12:55,84.25,84.8,83.6,84.35
6/2/2026 11:55,84.15,84.3,84.15,84.3
6/2/2026 11:45,83.9,84.25,83.75,84.1
6/2/2026 11:35,83.7,83.9,83.55,83.9
6/2/2026 11:25,83.6,83.75,83.35,83.75
6/2/2026 11:15,83.8,83.85,83.45,83.6
6/2/2026 11:05,84.35,84.5,83.7,83.8
6/2/2026 10:55,84.5,84.6,84.15,84.4
6/2/2026 10:45,84.5,84.85,84.2,84.45
6/2/2026 10:35,84.8,85.15,84.3,84.5
6/2/2026 10:25,85,85.1,84.35,84.75
6/2/2026 10:15,84.65,85,84.45,85
6/2/2026 10:05,83.5,84.7,83.3,84.65
6/2/2026 9:55,82.4,83.5,82.25,83.5
6/2/2026 9:45,82.65,82.7,81.3,82.4
6/2/2026 9:35,82.1,82.75,81.7,82.7
6/2/2026 9:25,79.3,82.85,79,82.1
6/2/2026 9:15,79.3,79.3,79.3,79.3
6/1/2026 16:05,78.25,78.25,78.25,78.25
6/1/2026 15:55,78.1,78.7,78.05,78.65
6/1/2026 15:45,78.35,78.4,78.05,78.1
6/1/2026 15:35,78.45,78.55,78.25,78.4
6/1/2026 15:25,78.75,78.9,78.45,78.45
6/1/2026 15:15,78.7,78.95,78.65,78.75
6/1/2026 15:05,78.95,79.35,78.7,78.75
6/1/2026 14:55,78.6,79.25,78.55,78.95
6/1/2026 14:45,78.65,78.85,78.4,78.6
6/1/2026 14:35,78.7,79.2,78.65,78.65
6/1/2026 14:25,78.4,78.75,78.35,78.7
6/1/2026 14:15,77.9,78.5,77.9,78.4
6/1/2026 14:05,77.7,77.95,77.7,77.9
6/1/2026 13:55,77.65,77.95,77.65,77.75
6/1/2026 13:45,77.55,77.8,77.45,77.6
6/1/2026 13:35,77.6,77.6,77.35,77.55
6/1/2026 13:25,77.5,77.7,77.45,77.55
6/1/2026 13:15,77.95,78,77.55,77.55
6/1/2026 13:05,78.1,78.2,77.6,77.95
6/1/2026 12:55,78.1,78.5,77.95,78.1
6/1/2026 11:55,77.75,78.1,77.7,78.1
6/1/2026 11:45,78.05,78.15,77.6,77.7
6/1/2026 11:35,78.1,78.15,77.75,78.05
6/1/2026 11:25,77.2,78.25,77.2,78.15
6/1/2026 11:15,76.3,77.25,76.25,77.15
6/1/2026 11:05,76.75,77,76.25,76.35
6/1/2026 10:55,77.15,77.3,76.75,76.8
6/1/2026 10:45,76.85,77.25,76.7,77.15
6/1/2026 10:35,77,77.3,76.6,76.85
6/1/2026 10:25,76.35,77.35,76.3,77
6/1/2026 10:15,76,76.4,75.55,76.35
6/1/2026 10:05,75.7,76.35,75.7,76
6/1/2026 9:55,75.75,75.85,75.35,75.7
6/1/2026 9:45,76.1,76.6,75.5,75.8
6/1/2026 9:35,75.15,76.4,74.9,76.1
6/1/2026 9:25,75.2,75.8,74.4,75.1
6/1/2026 9:15,75.2,75.2,75.2,75.2
5/29/2026 16:05,73.45,73.45,73.45,73.45
5/29/2026 15:55,73.6,73.65,73.3,73.5
5/29/2026 15:45,73.6,73.8,73.5,73.6
5/29/2026 15:35,73.4,73.6,73.3,73.55
5/29/2026 15:25,73.5,73.6,73.4,73.45
5/29/2026 15:15,73.85,73.85,73.5,73.5
5/29/2026 15:05,74,74,73.75,73.8
5/29/2026 14:55,74.05,74.2,73.95,73.95
5/29/2026 14:45,74.1,74.15,74.05,74.05
5/29/2026 14:35,74.2,74.2,73.9,74.15
5/29/2026 14:25,74,74.2,73.9,74.2
5/29/2026 14:15,73.9,74.15,73.65,74.05
5/29/2026 14:05,73.85,74,73.8,73.9
5/29/2026 13:55,73.9,74.25,73.85,73.9
5/29/2026 13:45,74.35,74.45,73.8,73.95
5/29/2026 13:35,74.15,74.35,74.05,74.35
5/29/2026 13:25,74.1,74.6,74.05,74.2
5/29/2026 13:15,74.1,74.35,74,74.15
5/29/2026 13:05,74.55,74.55,74.05,74.15
5/29/2026 12:55,75.5,75.8,74.35,74.45
5/29/2026 11:55,75.9,76.1,75.5,75.5
5/29/2026 11:45,75.8,75.9,75.35,75.9
5/29/2026 11:35,74.55,75.8,74.55,75.8
5/29/2026 11:25,73.55,74.7,73.5,74.5
5/29/2026 11:15,72.95,73.9,72.85,73.5
5/29/2026 11:05,72.75,73.05,72.65,72.9
5/29/2026 10:55,72.85,72.9,72.6,72.75
5/29/2026 10:45,72.85,73.05,72.65,72.85
5/29/2026 10:35,72.9,73.1,72.8,72.85
5/29/2026 10:25,72.9,72.95,72.7,72.9
5/29/2026 10:15,73.05,73.15,72.75,72.95
5/29/2026 10:05,72.65,73.05,72.6,73.05
5/29/2026 9:55,72.8,72.85,72.35,72.7
5/29/2026 9:45,73,73.25,72.7,72.8
5/29/2026 9:35,73.45,73.7,72.9,73
5/29/2026 9:25,73.65,74.35,73.05,73.45
5/29/2026 9:15,73.6,73.6,73.6,73.6
5/28/2026 16:05,73.3,73.3,73.3,73.3
5/28/2026 15:55,73.2,73.3,73.2,73.3
5/28/2026 15:45,73.35,73.35,73.2,73.2
5/28/2026 15:35,73.15,73.35,73.1,73.35
5/28/2026 15:25,73.25,73.35,73.1,73.15
5/28/2026 15:15,73.15,73.3,73.05,73.25
5/28/2026 15:05,73.3,73.3,73.05,73.15
5/28/2026 14:55,73.2,73.45,73.2,73.25
5/28/2026 14:45,73.1,73.3,73.05,73.2
5/28/2026 14:35,73.3,73.35,73.1,73.15
5/28/2026 14:25,73.2,73.45,73.2,73.3
5/28/2026 14:15,73.35,73.6,73.2,73.2
5/28/2026 14:05,73.35,73.45,73.15,73.4
5/28/2026 13:55,73.1,73.55,73.1,73.35
5/28/2026 13:45,73.05,73.3,73,73.15
5/28/2026 13:35,73.05,73.3,72.9,73.05
5/28/2026 13:25,72.6,73.05,72.55,73.05
5/28/2026 13:15,72.3,72.65,72.25,72.6
5/28/2026 13:05,72.5,72.5,72.25,72.3
5/28/2026 12:55,72.55,72.6,72.3,72.5
5/28/2026 11:55,72.55,72.65,72.5,72.5
5/28/2026 11:45,72.5,72.65,72.25,72.5
5/28/2026 11:35,72.95,73,72.5,72.5
5/28/2026 11:25,73,73.1,72.9,72.95
5/28/2026 11:15,72.8,73.1,72.8,72.95
5/28/2026 11:05,72.7,72.85,72.5,72.75
5/28/2026 10:55,73.35,73.4,72.7,72.7
5/28/2026 10:45,73.2,73.4,73.15,73.4
5/28/2026 10:35,73.25,73.3,72.9,73.15
5/28/2026 10:25,73.35,73.35,73.1,73.2
5/28/2026 10:15,73.2,73.6,73.05,73.35
5/28/2026 10:05,73.65,73.85,73.1,73.2
5/28/2026 9:55,73.3,73.9,73.05,73.6
5/28/2026 9:45,74.2,74.3,73.2,73.3
5/28/2026 9:35,75.55,75.65,74.1,74.2
5/28/2026 9:25,77.2,77.3,75.3,75.5
5/28/2026 9:15,77.2,77.2,77.2,77.2
5/27/2026 16:05,77.7,77.7,77.7,77.7
5/27/2026 15:55,77.75,77.9,77.7,77.75
5/27/2026 15:45,77.75,77.85,77.65,77.7
5/27/2026 15:35,77.85,77.95,77.75,77.75
5/27/2026 15:25,77.95,78,77.7,77.9
5/27/2026 15:15,77.8,78.05,77.8,78
5/27/2026 15:05,77.9,78,77.8,77.85
5/27/2026 14:55,77.85,78.1,77.85,77.95
5/27/2026 14:45,77.95,78.1,77.85,77.85
5/27/2026 14:35,78.2,78.2,77.95,77.95
5/27/2026 14:25,78.3,78.3,78,78.15
5/27/2026 14:15,78.1,78.4,78,78.3
5/27/2026 14:05,77.8,78.35,77.8,78.15
5/27/2026 13:55,77.75,78.05,77.75,77.8
5/27/2026 13:45,77.95,77.95,77.6,77.75
5/27/2026 13:35,77.7,77.95,77.7,77.95
5/27/2026 13:25,77.75,77.9,77.6,77.7
5/27/2026 13:15,77.7,77.8,77.65,77.75
5/27/2026 13:05,77.7,77.85,77.6,77.75
5/27/2026 12:55,77.7,77.7,77.5,77.7
5/27/2026 11:55,77.7,77.7,77.55,77.7
5/27/2026 11:45,77.55,77.7,77.5,77.7
5/27/2026 11:35,77.75,77.75,77.55,77.55
5/27/2026 11:25,77.7,77.8,77.65,77.75
5/27/2026 11:15,77.8,77.8,77.7,77.7
5/27/2026 11:05,78.05,78.25,77.8,77.8
5/27/2026 10:55,77.75,78.15,77.65,78
5/27/2026 10:45,77.7,78.05,77.55,77.75
5/27/2026 10:35,77.6,77.75,77.35,77.75
5/27/2026 10:25,77.75,77.8,77.5,77.65
5/27/2026 10:15,78.1,78.2,77.6,77.7
5/27/2026 10:05,78.2,78.45,78.05,78.1
5/27/2026 9:55,78.45,78.45,77.9,78.15
5/27/2026 9:45,78.85,79,78.3,78.45
5/27/2026 9:35,78.3,78.95,78.2,78.85
5/27/2026 9:25,78.7,78.8,77.3,78.35
5/27/2026 9:15,78.3,78.3,78.3,78.3
5/26/2026 16:05,78.8,78.8,78.8,78.8
5/26/2026 15:55,78.7,78.75,78.55,78.65
5/26/2026 15:45,78.85,78.95,78.65,78.7
5/26/2026 15:35,79.05,79.1,78.85,78.85
5/26/2026 15:25,79.3,79.35,79,79.1
5/26/2026 15:15,79.35,79.4,79.05,79.35
5/26/2026 15:05,79.45,79.5,79.3,79.4
5/26/2026 14:55,79.5,79.65,79.45,79.45
5/26/2026 14:45,79.5,79.6,79.35,79.45
5/26/2026 14:35,79.6,80,79.5,79.5
5/26/2026 14:25,79.2,79.65,79.2,79.55
5/26/2026 14:15,79.25,79.25,79.15,79.25
5/26/2026 14:05,78.9,79.25,78.9,79.2
5/26/2026 13:55,79,79.1,78.9,78.9
5/26/2026 13:45,79.05,79.15,78.8,79
5/26/2026 13:35,79.35,79.35,78.95,79
5/26/2026 13:25,79.25,79.3,78.9,79.3
5/26/2026 13:15,79.2,79.3,79,79.2
5/26/2026 13:05,79.35,79.4,79.15,79.25
5/26/2026 12:55,79.8,79.85,79.35,79.4
5/26/2026 11:55,79.7,79.8,79.65,79.8
5/26/2026 11:45,79.55,79.75,79.5,79.7
5/26/2026 11:35,79.55,79.55,79.5,79.55
5/26/2026 11:25,79.65,79.75,79.4,79.55
5/26/2026 11:15,79.15,79.65,79.15,79.6
5/26/2026 11:05,78.75,79.25,78.75,79.2
5/26/2026 10:55,78.9,79.15,78.75,78.75
5/26/2026 10:45,79,79.1,78.75,78.9
5/26/2026 10:35,79.2,79.35,78.9,79
5/26/2026 10:25,79.15,79.5,79.15,79.25
5/26/2026 10:15,79.1,79.7,79.05,79.15
5/26/2026 10:05,78.1,79.2,78,79.1
5/26/2026 9:55,77.55,78.15,77.25,78.1
5/26/2026 9:45,77.2,77.55,77,77.55
5/26/2026 9:35,78,78.3,77.25,77.25
5/26/2026 9:25,79.95,80.5,77.5,78
5/26/2026 9:15,79.95,79.95,79.95,79.95
5/22/2026 16:05,81.35,81.35,81.35,81.35
5/22/2026 15:55,81.45,81.7,81.45,81.6
5/22/2026 15:45,81.3,81.5,81.25,81.5
5/22/2026 15:35,81.35,81.5,81.25,81.3
5/22/2026 15:25,81.45,81.55,81.35,81.4
5/22/2026 15:15,81.05,81.6,81,81.45
5/22/2026 15:05,81.25,81.3,80.85,81
5/22/2026 14:55,81.55,81.6,81.25,81.3
5/22/2026 14:45,81.65,81.8,81.6,81.6
5/22/2026 14:35,81.85,81.9,81.65,81.7
5/22/2026 14:25,81.85,81.95,81.75,81.85
5/22/2026 14:15,81.75,81.95,81.65,81.85
5/22/2026 14:05,81.9,82,81.75,81.75
5/22/2026 13:55,81.85,81.95,81.65,81.95
5/22/2026 13:45,82.05,82.05,81.7,81.85
5/22/2026 13:35,81.85,82.1,81.75,82
5/22/2026 13:25,82.05,82.15,81.85,81.9
5/22/2026 13:15,81.95,82.15,81.95,82.05
5/22/2026 13:05,81.75,82,81.6,81.95
5/22/2026 12:55,81.6,81.85,81.5,81.75
5/22/2026 11:55,81.65,81.7,81.5,81.7
5/22/2026 11:45,81.4,81.75,81.4,81.7
5/22/2026 11:35,81.45,81.55,81.35,81.4
5/22/2026 11:25,81.2,81.5,81.2,81.45
5/22/2026 11:15,81.4,81.45,81.15,81.25
5/22/2026 11:05,81.35,81.45,81.1,81.45
5/22/2026 10:55,81.4,81.4,81.15,81.35
5/22/2026 10:45,81.25,81.5,81.05,81.4
5/22/2026 10:35,80.75,81.45,80.75,81.3
5/22/2026 10:25,81.15,81.3,80.55,80.8
5/22/2026 10:15,81.05,81.45,81,81.2
5/22/2026 10:05,81.35,81.4,81,81.05
5/22/2026 9:55,81.1,81.4,80.9,81.4
5/22/2026 9:45,81.35,81.45,80.9,81.1
5/22/2026 9:35,81.85,81.9,81.3,81.3
5/22/2026 9:25,83.05,83.1,81.65,81.9
5/22/2026 9:15,83.1,83.1,83.1,83.1
5/21/2026 16:05,82.1,82.1,82.1,82.1
5/21/2026 15:55,82.25,82.4,82.2,82.35
5/21/2026 15:45,82.35,82.45,82.25,82.25
5/21/2026 15:35,82.35,82.4,82.25,82.3
5/21/2026 15:25,82.5,82.5,82.3,82.3
5/21/2026 15:15,82.35,82.55,82.3,82.5
5/21/2026 15:05,82.55,82.6,82.3,82.3
5/21/2026 14:55,82.6,82.75,82.55,82.55
5/21/2026 14:45,82.7,82.8,82.6,82.6
5/21/2026 14:35,83,83.05,82.6,82.7
5/21/2026 14:25,83.15,83.2,82.95,82.95
5/21/2026 14:15,83.15,83.35,83.1,83.2
5/21/2026 14:05,83.1,83.35,83,83.2
5/21/2026 13:55,82.95,83.35,82.9,83.1
5/21/2026 13:45,83.1,83.15,82.8,82.95
5/21/2026 13:35,83.15,83.3,83.05,83.15
5/21/2026 13:25,83.65,83.65,83.1,83.1
5/21/2026 13:15,83.65,83.75,83.55,83.65
5/21/2026 13:05,83.7,83.85,83.45,83.7
5/21/2026 12:55,84.05,84.3,83.55,83.7
5/21/2026 11:55,83.85,84.1,83.85,84.05
5/21/2026 11:45,83.95,84.05,83.8,83.8
5/21/2026 11:35,83.95,84,83.8,83.95
5/21/2026 11:25,84.15,84.2,83.9,84
5/21/2026 11:15,84.1,84.4,83.95,84.2
5/21/2026 11:05,84.15,84.2,84,84.05
5/21/2026 10:55,83.95,84.4,83.85,84.15
5/21/2026 10:45,84.25,84.3,83.85,84
5/21/2026 10:35,84.6,85.15,84.2,84.25
5/21/2026 10:25,85,85.1,84.55,84.65
5/21/2026 10:15,85.45,85.8,84.75,85.05
5/21/2026 10:05,85.6,86.4,85.45,85.45
5/21/2026 9:55,86,86.25,85.6,85.65
5/21/2026 9:45,86.45,86.85,85.35,85.95
5/21/2026 9:35,85.1,86.7,84.7,86.45
5/21/2026 9:25,84.25,85.35,84,85.15
5/21/2026 9:15,84.2,84.2,84.2,84.2
5/20/2026 16:05,82.85,82.85,82.85,82.85
5/20/2026 15:55,82.75,83,82.75,83
5/20/2026 15:45,82.85,82.95,82.75,82.75
5/20/2026 15:35,82.9,82.95,82.8,82.85
5/20/2026 15:25,83.15,83.15,82.9,82.9
5/20/2026 15:15,83.1,83.15,82.95,83.15
5/20/2026 15:05,82.95,83.2,82.85,83.1
5/20/2026 14:55,82.95,83,82.8,82.9
5/20/2026 14:45,82.8,83,82.8,82.95
5/20/2026 14:35,82.85,83.1,82.8,82.8
5/20/2026 14:25,82.75,82.95,82.7,82.8
5/20/2026 14:15,82.55,82.8,82.55,82.7
5/20/2026 14:05,82.7,82.7,82.5,82.55
5/20/2026 13:55,82.65,82.8,82.55,82.7
5/20/2026 13:45,82.65,82.7,82.45,82.7
5/20/2026 13:35,82.45,82.8,82.4,82.6
5/20/2026 13:25,82.45,82.5,82.2,82.5
5/20/2026 13:15,82.7,82.7,82.3,82.45
5/20/2026 13:05,82.65,82.85,82.5,82.65
5/20/2026 12:55,83.1,83.2,82.5,82.6
5/20/2026 11:55,83.05,83.2,83.05,83.1
5/20/2026 11:45,83.2,83.2,83.05,83.1
5/20/2026 11:35,82.95,83.6,82.95,83.2
5/20/2026 11:25,82.7,83,82.7,82.95
5/20/2026 11:15,82.4,82.8,82.4,82.75
5/20/2026 11:05,82.3,82.5,82.3,82.4
5/20/2026 10:55,82.2,82.55,82.2,82.4
5/20/2026 10:45,82.4,82.55,82.15,82.2
5/20/2026 10:35,82.55,82.85,82.1,82.4
5/20/2026 10:25,83,83.2,82.55,82.55
5/20/2026 10:15,83,83.1,82.9,83
5/20/2026 10:05,83.45,83.6,82.95,82.95
5/20/2026 9:55,83.25,83.7,83.1,83.45
5/20/2026 9:45,83.35,83.5,83,83.25
5/20/2026 9:35,82.95,83.7,82.65,83.35
5/20/2026 9:25,82.9,83.5,82.7,83.05
5/20/2026 9:15,83,83,83,83
5/19/2026 16:05,83.05,83.05,83.05,83.05
5/19/2026 15:55,83.15,83.3,83.1,83.25
5/19/2026 15:45,83.05,83.25,83,83.15
5/19/2026 15:35,83.05,83.15,82.95,83.1
5/19/2026 15:25,83.4,83.4,83,83.05
5/19/2026 15:15,83.6,83.75,83.3,83.35
5/19/2026 15:05,83.25,83.55,83.25,83.55
5/19/2026 14:55,83.4,83.5,83.1,83.3
5/19/2026 14:45,83.4,83.5,83.25,83.4
5/19/2026 14:35,83.4,83.45,83.3,83.45
5/19/2026 14:25,83.65,84,83.4,83.4
5/19/2026 14:15,83.4,83.7,83.35,83.65
5/19/2026 14:05,83.4,83.5,83.15,83.35
5/19/2026 13:55,83.05,83.5,82.95,83.45
5/19/2026 13:45,82.85,83.1,82.75,83.05
5/19/2026 13:35,82.6,82.95,82.6,82.85
5/19/2026 13:25,82.7,82.9,82.5,82.6
5/19/2026 13:15,82.65,82.85,82.55,82.65
5/19/2026 13:05,82.3,82.8,82.3,82.65
5/19/2026 12:55,82.55,82.6,82.3,82.35
5/19/2026 11:55,82.5,82.55,82.4,82.55
5/19/2026 11:45,82.35,82.55,82.25,82.5
5/19/2026 11:35,82.25,82.35,82.15,82.3
5/19/2026 11:25,82.15,82.3,82.1,82.25
5/19/2026 11:15,82,82.2,81.95,82.2
5/19/2026 11:05,82.05,82.15,81.9,82.05
5/19/2026 10:55,82.4,82.4,82,82.05
5/19/2026 10:45,82.85,82.85,82.4,82.45
5/19/2026 10:35,82.7,83.1,82.7,82.85
5/19/2026 10:25,82.7,82.85,82.45,82.7
5/19/2026 10:15,82.55,82.75,82.35,82.75
5/19/2026 10:05,82.5,82.7,82.3,82.55
5/19/2026 9:55,82.8,83,82.4,82.5
5/19/2026 9:45,83.3,83.4,82.65,82.8
5/19/2026 9:35,82.55,83.7,82.35,83.3
5/19/2026 9:25,81.55,83.45,81.25,82.55
5/19/2026 9:15,81.55,81.55,81.55,81.55
5/18/2026 16:05,82.15,82.15,82.15,82.15
5/18/2026 15:55,82.1,82.3,82.05,82.25
5/18/2026 15:45,82.1,82.15,81.85,82.1
5/18/2026 15:35,82.05,82.2,82,82.15
5/18/2026 15:25,81.75,82.25,81.75,82.05
5/18/2026 15:15,81.95,82,81.7,81.75
5/18/2026 15:05,82.1,82.15,81.95,81.95
5/18/2026 14:55,82,82.2,82,82.1
5/18/2026 14:45,81.95,82.05,81.85,82.05
5/18/2026 14:35,81.8,82,81.8,81.95
5/18/2026 14:25,82.05,82.1,81.8,81.8
5/18/2026 14:15,82.05,82.15,82,82.05
5/18/2026 14:05,81.95,82.1,81.85,82
5/18/2026 13:55,82.25,82.3,81.85,81.95
5/18/2026 13:45,82.2,82.45,82.15,82.3
5/18/2026 13:35,82.1,82.35,82.1,82.2
5/18/2026 13:25,82.35,82.4,81.95,82.1
5/18/2026 13:15,82.3,82.45,82.15,82.3
5/18/2026 13:05,82.4,82.7,82.25,82.3
5/18/2026 12:55,82,82.45,81.95,82.4
5/18/2026 11:55,81.85,82.05,81.75,82
5/18/2026 11:45,81.9,81.95,81.75,81.8
5/18/2026 11:35,81.65,82.05,81.6,81.9
5/18/2026 11:25,81.4,81.7,81.05,81.65
5/18/2026 11:15,81.55,81.6,81.35,81.4
5/18/2026 11:05,81.75,81.9,81.55,81.55
5/18/2026 10:55,81.55,81.95,81.4,81.75
5/18/2026 10:45,81.7,81.9,81.5,81.55
5/18/2026 10:35,81.9,82.15,81.6,81.65
5/18/2026 10:25,81.75,82.1,81.75,81.9
5/18/2026 10:15,81.8,81.9,81.4,81.7
5/18/2026 10:05,81.35,81.9,81.2,81.8
5/18/2026 9:55,81.25,81.45,81.2,81.35
5/18/2026 9:45,81.6,82,81.2,81.3
5/18/2026 9:35,81.55,81.95,81.5,81.65
5/18/2026 9:25,82.2,82.45,81.4,81.5
5/18/2026 9:15,82.2,82.2,82.2,82.2
5/15/2026 16:05,82.7,82.7,82.7,82.7
5/15/2026 15:55,82.6,82.75,82.6,82.7
5/15/2026 15:45,82.55,82.7,82.45,82.65
5/15/2026 15:35,82.45,82.65,82.4,82.55
5/15/2026 15:25,82.55,82.6,82.4,82.45
5/15/2026 15:15,82.45,82.65,82.4,82.5
5/15/2026 15:05,82.4,82.7,82.35,82.45
5/15/2026 14:55,82.4,82.55,82.3,82.35
5/15/2026 14:45,82.6,82.65,82.3,82.4
5/15/2026 14:35,82.4,82.65,82.4,82.55
5/15/2026 14:25,82.25,82.6,82.25,82.4
5/15/2026 14:15,82.65,82.7,82.25,82.3
5/15/2026 14:05,82.35,82.75,82.3,82.65
5/15/2026 13:55,82.35,82.4,82.25,82.35
5/15/2026 13:45,82.6,82.6,82.3,82.35
5/15/2026 13:35,82.9,82.9,82.55,82.6
5/15/2026 13:25,83,83.2,82.85,82.9
5/15/2026 13:15,82.85,83.1,82.8,83.05
5/15/2026 13:05,83.1,83.2,82.7,82.85
5/15/2026 12:55,83.55,83.6,83.05,83.15
5/15/2026 11:55,83.4,83.55,83.4,83.55
5/15/2026 11:45,83.55,83.7,83.35,83.4
5/15/2026 11:35,83.55,83.65,83.5,83.6
5/15/2026 11:25,83.45,83.75,83.45,83.55
5/15/2026 11:15,83.3,83.45,83.25,83.45
5/15/2026 11:05,83.45,83.6,83.3,83.35
5/15/2026 10:55,83.9,84.05,83.4,83.4
5/15/2026 10:45,83.4,84.1,83.4,83.9
5/15/2026 10:35,83.4,83.5,83.2,83.35
5/15/2026 10:25,83.45,83.6,83.25,83.4
5/15/2026 10:15,83.35,83.65,83.3,83.45
5/15/2026 10:05,83.85,83.85,83.35,83.4
5/15/2026 9:55,84.15,84.2,83.7,83.85
5/15/2026 9:45,84.1,84.15,83.65,84.15
5/15/2026 9:35,84.25,84.3,83.85,84.05
5/15/2026 9:25,84.7,85.5,84.2,84.25
5/15/2026 9:15,84.5,84.5,84.5,84.5
5/14/2026 16:05,85.7,85.7,85.7,85.7
5/14/2026 15:55,86,86.1,85.6,85.6
5/14/2026 15:45,85.85,86.1,85.75,86.05
5/14/2026 15:35,85.85,85.95,85.75,85.85
5/14/2026 15:25,85.9,85.95,85.6,85.9
5/14/2026 15:15,86,86.05,85.9,85.9
5/14/2026 15:05,86.05,86.2,86,86
5/14/2026 14:55,86.15,86.15,85.85,86.1
5/14/2026 14:45,86.25,86.4,86.1,86.1
5/14/2026 14:35,86.35,86.5,86.25,86.3
5/14/2026 14:25,86.15,86.5,86.1,86.4
5/14/2026 14:15,86.4,86.4,86.05,86.15
5/14/2026 14:05,86.45,86.5,86.25,86.4
5/14/2026 13:55,86.85,86.85,86.35,86.4
5/14/2026 13:45,86.45,86.9,86.4,86.8
5/14/2026 13:35,86.6,86.6,86.25,86.4
5/14/2026 13:25,86.7,86.9,86.4,86.6
5/14/2026 13:15,86.85,86.95,86.6,86.7
5/14/2026 13:05,86.65,87,86.6,86.85
5/14/2026 12:55,86.2,86.7,86.2,86.6
5/14/2026 11:55,86.4,86.4,86.2,86.2
5/14/2026 11:45,86.9,86.9,86.35,86.4
5/14/2026 11:35,86.95,87.4,86.85,86.9
5/14/2026 11:25,86.55,87.15,86.55,86.9
5/14/2026 11:15,87.25,87.25,86.5,86.55
5/14/2026 11:05,87.5,87.75,87.25,87.25
5/14/2026 10:55,87.65,87.95,87.5,87.55
5/14/2026 10:45,88.05,88.15,87.5,87.65
5/14/2026 10:35,88.05,88.15,87.65,88.1
5/14/2026 10:25,87.65,88.15,87.4,88.05
5/14/2026 10:15,87.8,88.2,87.65,87.7
5/14/2026 10:05,88.15,88.3,87.75,87.8
5/14/2026 9:55,88.15,88.65,87.9,88.2
5/14/2026 9:45,88.75,88.9,88,88.2
5/14/2026 9:35,89.15,89.65,88.6,88.75
5/14/2026 9:25,91.05,91.35,89.1,89.15
5/14/2026 9:15,91.05,91.05,91.05,91.05
5/13/2026 16:05,87.6,87.6,87.6,87.6
5/13/2026 15:55,87.85,88.1,87.8,87.95
5/13/2026 15:45,87.85,87.9,87.65,87.85
5/13/2026 15:35,87.7,87.95,87.7,87.9
5/13/2026 15:25,87.85,87.9,87.65,87.75
5/13/2026 15:15,87.6,87.95,87.55,87.9
5/13/2026 15:05,87.65,87.75,87.5,87.6
5/13/2026 14:55,87.8,88.05,87.65,87.7
5/13/2026 14:45,88.3,88.3,87.7,87.8
5/13/2026 14:35,88,88.3,87.95,88.3
5/13/2026 14:25,87.8,88,87.75,87.95
5/13/2026 14:15,87.8,87.9,87.75,87.75
5/13/2026 14:05,88.1,88.15,87.75,87.8
5/13/2026 13:55,88.2,88.4,88,88.1
5/13/2026 13:45,88.3,88.35,88.1,88.2
5/13/2026 13:35,88.35,88.5,88.3,88.3
5/13/2026 13:25,88.5,88.55,88.2,88.4
5/13/2026 13:15,88.65,88.7,88.25,88.5
5/13/2026 13:05,88.75,88.95,88.5,88.65
5/13/2026 12:55,88.2,88.8,88.1,88.75
5/13/2026 11:55,88.45,88.45,88.15,88.15
5/13/2026 11:45,88.2,88.45,88.05,88.45
5/13/2026 11:35,87.5,88.3,87.5,88.2
5/13/2026 11:25,86.75,87.7,86.7,87.5
5/13/2026 11:15,86.45,86.8,86.45,86.75
5/13/2026 11:05,86.35,86.55,86.25,86.5
5/13/2026 10:55,86.6,86.6,86.25,86.35
5/13/2026 10:45,86.7,86.8,86.55,86.6
5/13/2026 10:35,86.6,87,86.6,86.7
5/13/2026 10:25,86.75,86.8,86.45,86.6
5/13/2026 10:15,86.75,86.9,86.7,86.75
5/13/2026 10:05,86.85,87,86.5,86.75
5/13/2026 9:55,86.85,87.25,86.75,86.85
5/13/2026 9:45,86.25,86.9,86.1,86.9
5/13/2026 9:35,85.85,86.3,85.5,86.25
5/13/2026 9:25,84.8,86.15,84.2,85.9
5/13/2026 9:15,84.7,84.7,84.7,84.7
5/12/2026 16:05,84.15,84.15,84.15,84.15
5/12/2026 15:55,84.45,84.55,84.35,84.45
5/12/2026 15:45,84.55,84.7,84.35,84.4
5/12/2026 15:35,84.55,84.75,84.5,84.55
5/12/2026 15:25,84.5,84.65,84.45,84.6
5/12/2026 15:15,84.35,84.6,84.25,84.45
5/12/2026 15:05,84.45,84.55,84.35,84.35
5/12/2026 14:55,84.5,84.6,84.4,84.5
5/12/2026 14:45,84.45,84.5,84.3,84.5
5/12/2026 14:35,84.5,84.55,84.3,84.4
5/12/2026 14:25,84.55,84.55,84.45,84.5
5/12/2026 14:15,84.45,84.6,84.45,84.55
5/12/2026 14:05,84.6,84.6,84.35,84.5
5/12/2026 13:55,84.7,84.85,84.55,84.6
5/12/2026 13:45,84.75,84.85,84.4,84.65
5/12/2026 13:35,85,85.05,84.7,84.7
5/12/2026 13:25,85,85.1,84.95,85.05
5/12/2026 13:15,84.6,85.1,84.55,85.05
5/12/2026 13:05,84.65,84.7,84.45,84.6
5/12/2026 12:55,84.8,84.85,84.5,84.65
5/12/2026 11:55,84.85,84.85,84.75,84.85
5/12/2026 11:45,84.75,85,84.75,84.8
5/12/2026 11:35,84.8,84.85,84.7,84.75
5/12/2026 11:25,84.75,85,84.65,84.85
5/12/2026 11:15,84.8,85,84.7,84.8
5/12/2026 11:05,84.75,84.9,84.55,84.8
5/12/2026 10:55,84.85,84.9,84.65,84.75
5/12/2026 10:45,84.85,85,84.5,84.9
5/12/2026 10:35,84.45,84.85,84.45,84.85
5/12/2026 10:25,84.9,84.9,84,84.45
5/12/2026 10:15,85.1,85.1,84.85,84.9
5/12/2026 10:05,85.4,85.5,85,85.05
5/12/2026 9:55,85.55,85.6,85.15,85.35
5/12/2026 9:45,85.2,85.65,85.2,85.55
5/12/2026 9:35,84.8,85.2,84.6,85.15
5/12/2026 9:25,83.9,84.8,83.75,84.8
5/12/2026 9:15,83.9,83.9,83.9,83.9
5/11/2026 16:05,84.35,84.35,84.35,84.35
5/11/2026 15:55,84.35,84.45,84.35,84.45
5/11/2026 15:45,84.55,84.55,84.3,84.35
5/11/2026 15:35,84.65,84.7,84.55,84.55
5/11/2026 15:25,84.6,84.8,84.5,84.65
5/11/2026 15:15,84.65,84.75,84.6,84.65
5/11/2026 15:05,84.6,84.7,84.55,84.65
5/11/2026 14:55,84.65,84.7,84.4,84.55
5/11/2026 14:45,84.5,84.65,84.35,84.6
5/11/2026 14:35,83.85,84.65,83.85,84.55
5/11/2026 14:25,83.9,84,83.75,83.9
5/11/2026 14:15,83.75,83.95,83.75,83.9
5/11/2026 14:05,83.7,83.9,83.7,83.75
5/11/2026 13:55,83.7,83.85,83.55,83.7
5/11/2026 13:45,83.5,83.85,83.45,83.7
5/11/2026 13:35,83.35,83.6,83.3,83.55
5/11/2026 13:25,83.2,83.4,83.05,83.4
5/11/2026 13:15,83.3,83.4,83,83.25
5/11/2026 13:05,83.35,83.55,83.25,83.25
5/11/2026 12:55,83.4,83.65,83.35,83.35
5/11/2026 11:55,83.45,83.45,83.4,83.45
5/11/2026 11:45,83.65,83.65,83.4,83.45
5/11/2026 11:35,83.3,83.7,83.3,83.65
5/11/2026 11:25,83.3,83.4,83.25,83.35
5/11/2026 11:15,83.25,83.35,83.2,83.25
5/11/2026 11:05,83.25,83.45,83.2,83.3
5/11/2026 10:55,83,83.45,83,83.25
5/11/2026 10:45,82.6,83.05,82.6,83.05
5/11/2026 10:35,82.45,82.65,82.45,82.65
5/11/2026 10:25,82.6,82.7,82.4,82.45
5/11/2026 10:15,82.95,82.95,82.6,82.6
5/11/2026 10:05,82.95,83.05,82.85,82.95
5/11/2026 9:55,83,83.05,82.8,82.95
5/11/2026 9:45,82.8,83.1,82.75,83.05
5/11/2026 9:35,83,83.15,82.6,82.85
5/11/2026 9:25,83.2,83.5,82.95,83.05
5/11/2026 9:15,83.1,83.1,83.1,83.1
5/8/2026 16:05,84.05,84.05,84.05,84.05
5/8/2026 15:55,83.9,84.05,83.9,84.05
5/8/2026 15:45,84,84.05,83.85,83.95
5/8/2026 15:35,83.85,84,83.85,84
5/8/2026 15:25,83.8,83.95,83.8,83.85
5/8/2026 15:15,83.95,84.05,83.8,83.8
5/8/2026 15:05,84,84.1,83.9,83.9
5/8/2026 14:55,84.4,84.5,84,84.05
5/8/2026 14:45,84,84.6,83.9,84.35
5/8/2026 14:35,83.8,84.15,83.7,84
5/8/2026 14:25,83.35,83.8,83.35,83.8
5/8/2026 14:15,83.35,83.4,83.35,83.35
5/8/2026 14:05,83.35,83.45,83.35,83.35
5/8/2026 13:55,83.35,83.4,83.25,83.4
5/8/2026 13:45,83.35,83.4,83.3,83.3
5/8/2026 13:35,83.35,83.4,83.3,83.35
5/8/2026 13:25,83.4,83.45,83.3,83.35
5/8/2026 13:15,83.3,83.5,83.3,83.35
5/8/2026 13:05,83.65,83.75,83.35,83.35
5/8/2026 12:55,83.65,83.7,83.45,83.7
5/8/2026 11:55,83.55,83.65,83.5,83.65
5/8/2026 11:45,83.55,83.55,83.5,83.5
5/8/2026 11:35,83.6,83.6,83.4,83.55
5/8/2026 11:25,83.55,83.7,83.55,83.6
5/8/2026 11:15,83.9,83.9,83.55,83.55
5/8/2026 11:05,83.5,83.95,83.5,83.95
5/8/2026 10:55,83.45,83.7,83.45,83.55
5/8/2026 10:45,83.3,83.6,83.3,83.45
5/8/2026 10:35,83.6,83.65,83.25,83.35
5/8/2026 10:25,83.5,83.6,83.35,83.6
5/8/2026 10:15,83.6,83.6,83.3,83.5
5/8/2026 10:05,83.4,83.7,83.2,83.6
5/8/2026 9:55,83.45,83.55,83.3,83.35
5/8/2026 9:45,83.65,83.85,83.35,83.45
5/8/2026 9:35,84.25,84.3,83.25,83.6
5/8/2026 9:25,83.7,84.7,83.65,84.3
5/8/2026 9:15,83.6,83.6,83.6,83.6
5/7/2026 16:05,84.25,84.25,84.25,84.25
5/7/2026 15:55,84.05,84.15,83.95,84
5/7/2026 15:45,84.4,84.4,84,84
5/7/2026 15:35,84.25,84.4,84.25,84.4
5/7/2026 15:25,84.35,84.4,84.15,84.25
5/7/2026 15:15,84.4,84.55,84.25,84.3
5/7/2026 15:05,84.4,84.45,84.25,84.35
5/7/2026 14:55,84.35,84.45,84.2,84.45
5/7/2026 14:45,84.5,84.55,84.3,84.3
5/7/2026 14:35,84.4,84.5,84.3,84.5
5/7/2026 14:25,84.3,84.4,84.15,84.35
5/7/2026 14:15,84.05,84.35,84.05,84.3
5/7/2026 14:05,84.25,84.3,84.05,84.05
5/7/2026 13:55,84.15,84.25,84.1,84.25
5/7/2026 13:45,83.95,84.15,83.8,84.15
5/7/2026 13:35,83.9,84,83.8,83.95
5/7/2026 13:25,84.1,84.1,83.85,83.95
5/7/2026 13:15,84.25,84.25,84,84.1
5/7/2026 13:05,84.3,84.4,84.2,84.2
5/7/2026 12:55,84.5,84.5,84.3,84.3
5/7/2026 11:55,84.5,84.55,84.4,84.5
5/7/2026 11:45,84.45,84.55,84.3,84.5
5/7/2026 11:35,84.5,84.55,84.15,84.5
5/7/2026 11:25,84.6,84.8,84.3,84.45
5/7/2026 11:15,84.4,84.65,84.35,84.65
5/7/2026 11:05,84.5,84.5,84.2,84.4
5/7/2026 10:55,84.35,84.95,84.25,84.5
5/7/2026 10:45,84.3,84.45,84.2,84.35
5/7/2026 10:35,84.15,84.45,84.1,84.3
5/7/2026 10:25,84.35,84.4,83.95,84.2
5/7/2026 10:15,84.6,84.8,84.3,84.3
5/7/2026 10:05,84.85,84.95,84.5,84.6
5/7/2026 9:55,84.95,85.1,84.6,84.85
5/7/2026 9:45,85.15,85.3,84.8,85
5/7/2026 9:35,84.55,85.3,84.1,85.15
5/7/2026 9:25,84.55,85,84.15,84.55
5/7/2026 9:15,84.5,84.5,84.5,84.5
5/6/2026 16:05,82.5,82.5,82.5,82.5
5/6/2026 15:55,82.45,82.6,82.35,82.6
5/6/2026 15:45,82.45,82.55,82.4,82.45
5/6/2026 15:35,82.55,82.65,82.4,82.45
5/6/2026 15:25,82.45,82.6,82.45,82.6
5/6/2026 15:15,82.4,82.45,82.3,82.45
5/6/2026 15:05,82.7,82.7,82.35,82.4
5/6/2026 14:55,82.75,82.8,82.6,82.65
5/6/2026 14:45,82.7,82.8,82.6,82.75
5/6/2026 14:35,82.65,82.8,82.65,82.7
5/6/2026 14:25,82.7,82.75,82.6,82.65
5/6/2026 14:15,82.35,82.7,82.3,82.65
5/6/2026 14:05,82.25,82.35,82.15,82.35
5/6/2026 13:55,82.7,82.7,82.2,82.2
5/6/2026 13:45,82.6,82.9,82.6,82.7
5/6/2026 13:35,82.9,82.9,82.6,82.65
5/6/2026 13:25,83,83.05,82.85,82.9
5/6/2026 13:15,83,83.1,82.9,83.05
5/6/2026 13:05,83.05,83.15,82.95,83
5/6/2026 12:55,82.75,83.15,82.75,83.1
5/6/2026 11:55,82.7,82.8,82.65,82.8
5/6/2026 11:45,82.55,82.75,82.55,82.65
5/6/2026 11:35,82.85,82.9,82.55,82.6
5/6/2026 11:25,83.1,83.1,82.8,82.9
5/6/2026 11:15,83.15,83.3,83.05,83.1
5/6/2026 11:05,82.8,83.15,82.8,83.15
5/6/2026 10:55,82.85,82.95,82.65,82.8
5/6/2026 10:45,82.85,83.1,82.85,82.9
5/6/2026 10:35,83.1,83.15,82.6,82.85
5/6/2026 10:25,83.65,83.65,83,83.1
5/6/2026 10:15,83.7,83.85,83.4,83.65
5/6/2026 10:05,83.45,83.75,83.3,83.7
5/6/2026 9:55,83.9,84.25,83.35,83.45
5/6/2026 9:45,82.9,84.55,82.8,83.95
5/6/2026 9:35,83.05,83.35,82.55,82.9
5/6/2026 9:25,84,84,82.8,83.05
5/6/2026 9:15,83.95,83.95,83.95,83.95
5/5/2026 16:05,83.55,83.55,83.55,83.55
5/5/2026 15:55,83.5,83.5,83.35,83.5
5/5/2026 15:45,83.5,83.55,83.4,83.5
5/5/2026 15:35,83.6,83.75,83.5,83.5
5/5/2026 15:25,83.6,83.65,83.5,83.55
5/5/2026 15:15,83.55,83.65,83.5,83.55
5/5/2026 15:05,83.55,83.65,83.5,83.55
5/5/2026 14:55,83.4,83.6,83.25,83.6
5/5/2026 14:45,83.2,83.4,83.15,83.4
5/5/2026 14:35,83.05,83.25,83,83.2
5/5/2026 14:25,83.05,83.15,83,83.1
5/5/2026 14:15,83.15,83.2,83.05,83.05
5/5/2026 14:05,83.2,83.35,83.1,83.15
5/5/2026 13:55,83.25,83.3,83.15,83.15
5/5/2026 13:45,82.95,83.3,82.95,83.3
5/5/2026 13:35,82.9,83.1,82.85,83
5/5/2026 13:25,82.7,82.9,82.65,82.9
5/5/2026 13:15,82.8,82.8,82.65,82.7
5/5/2026 13:05,82.75,82.85,82.65,82.8
5/5/2026 12:55,82.65,82.75,82.55,82.7
5/5/2026 11:55,82.65,82.7,82.6,82.7
5/5/2026 11:45,82.75,82.75,82.65,82.65
5/5/2026 11:35,82.7,82.8,82.7,82.75
5/5/2026 11:25,82.8,82.8,82.6,82.7
5/5/2026 11:15,82.65,82.8,82.5,82.8
5/5/2026 11:05,82.5,82.65,82.4,82.65
5/5/2026 10:55,82.6,82.6,82.35,82.45
5/5/2026 10:45,82.75,82.8,82.55,82.55
5/5/2026 10:35,82.95,83.05,82.75,82.75
5/5/2026 10:25,82.8,83,82.7,82.9
5/5/2026 10:15,82.6,82.85,82.6,82.8
5/5/2026 10:05,82.65,82.85,82.45,82.6
5/5/2026 9:55,82.3,82.75,82.3,82.7
5/5/2026 9:45,82.3,82.7,82.25,82.3
5/5/2026 9:35,82.9,82.9,82.2,82.3
5/5/2026 9:25,83.95,83.95,82.55,82.9
5/5/2026 9:15,83.6,83.6,83.6,83.6
5/4/2026 16:05,84.45,84.45,84.45,84.45
5/4/2026 15:55,84.35,84.65,84.35,84.6
5/4/2026 15:45,84.45,84.6,84.3,84.35
5/4/2026 15:35,84.5,84.6,84.4,84.45
5/4/2026 15:25,84.7,84.75,84.5,84.5
5/4/2026 15:15,84.6,84.8,84.6,84.7
5/4/2026 15:05,84.6,84.7,84.5,84.6
5/4/2026 14:55,84.8,84.85,84.45,84.6
5/4/2026 14:45,84.8,85,84.7,84.85
5/4/2026 14:35,85.2,85.2,84.8,84.8
5/4/2026 14:25,85.35,85.4,85.15,85.2
5/4/2026 14:15,85.4,85.4,85.3,85.4
5/4/2026 14:05,85.2,85.4,85.2,85.4
5/4/2026 13:55,85.2,85.3,85.2,85.25
5/4/2026 13:45,85.25,85.25,85.1,85.2
5/4/2026 13:35,85.2,85.25,85.05,85.25
5/4/2026 13:25,85.4,85.4,85.2,85.25
5/4/2026 13:15,85.4,85.55,85.35,85.35
5/4/2026 13:05,85.35,85.6,85.35,85.4
5/4/2026 12:55,85.55,85.55,85.25,85.35
5/4/2026 11:55,85.45,85.6,85.4,85.55
5/4/2026 11:45,85.55,85.6,85.4,85.4
5/4/2026 11:35,85.8,85.8,85.4,85.5
5/4/2026 11:25,85.95,86,85.75,85.8
5/4/2026 11:15,86.05,86.1,85.85,85.95
5/4/2026 11:05,86.05,86.3,86,86.05
5/4/2026 10:55,86.1,86.1,85.9,86.05
5/4/2026 10:45,85.8,86.15,85.45,86.05
5/4/2026 10:35,85.8,86.1,85.7,85.75
5/4/2026 10:25,85.65,85.85,85.35,85.85
5/4/2026 10:15,85.9,85.95,85.6,85.65
5/4/2026 10:05,85.9,85.95,85.7,85.95
5/4/2026 9:55,86,86.35,85.85,85.9
5/4/2026 9:45,86.15,86.45,85.75,86
5/4/2026 9:35,85.9,86.8,85.8,86.15
5/4/2026 9:25,83.65,86.15,83.65,85.95
5/4/2026 9:15,84,84,84,84
4/30/2026 16:05,83.25,83.25,83.25,83.25
4/30/2026 15:55,83.35,83.6,83.3,83.4
4/30/2026 15:45,83.45,83.5,83.25,83.4
4/30/2026 15:35,83.45,83.55,83.35,83.5
4/30/2026 15:25,83.5,83.55,83.3,83.45
4/30/2026 15:15,83.65,83.7,83.5,83.55
4/30/2026 15:05,83.7,83.8,83.45,83.7
4/30/2026 14:55,83.9,84,83.65,83.7
4/30/2026 14:45,84.25,84.4,83.85,83.9
4/30/2026 14:35,84.5,84.5,84.1,84.25
4/30/2026 14:25,83.95,84.5,83.9,84.45
4/30/2026 14:15,83.75,83.95,83.65,83.95
4/30/2026 14:05,84,84.2,83.75,83.75
4/30/2026 13:55,83.9,84.45,83.8,84
4/30/2026 13:45,82.95,83.95,82.85,83.95
4/30/2026 13:35,82.65,82.95,82.45,82.95
4/30/2026 13:25,82.15,82.65,82.05,82.65
4/30/2026 13:15,82.4,82.4,82.15,82.15
4/30/2026 13:05,82,82.4,82,82.4
4/30/2026 12:55,82.5,82.5,82,82.05
4/30/2026 11:55,82.4,82.7,82.35,82.55
4/30/2026 11:45,82.25,82.45,82.25,82.4
4/30/2026 11:35,82.3,82.35,82,82.25
4/30/2026 11:25,82.3,82.4,82.15,82.3
4/30/2026 11:15,82.05,82.35,82.05,82.3
4/30/2026 11:05,81.85,82.25,81.8,82
4/30/2026 10:55,81.8,81.9,81.65,81.9
4/30/2026 10:45,81.85,81.95,81.7,81.8
4/30/2026 10:35,81.55,82.05,81.55,81.85
4/30/2026 10:25,81.85,81.85,81.25,81.55
4/30/2026 10:15,82,82.1,81.8,81.85
4/30/2026 10:05,82,82.3,82,82
4/30/2026 9:55,82.3,82.35,82,82
4/30/2026 9:45,82.4,82.45,82.05,82.25
4/30/2026 9:35,82.3,82.4,82,82.4
4/30/2026 9:25,81.85,82.9,81.65,82.3
4/30/2026 9:15,81.9,81.9,81.9,81.9
4/29/2026 16:05,83.15,83.15,83.15,83.15
4/29/2026 15:55,83.45,83.55,83.25,83.3
4/29/2026 15:45,83.45,83.55,83.25,83.45
4/29/2026 15:35,83.7,83.75,83.45,83.5
4/29/2026 15:25,83.15,83.7,83.15,83.7
4/29/2026 15:15,83,83.2,82.9,83.2
4/29/2026 15:05,82.9,83,82.75,83
4/29/2026 14:55,83.1,83.1,82.7,83
4/29/2026 14:45,83.15,83.2,82.75,83.05
4/29/2026 14:35,83.35,83.35,83.15,83.2
4/29/2026 14:25,83.35,83.4,83.2,83.35
4/29/2026 14:15,83.2,83.4,83.15,83.35
4/29/2026 14:05,83.4,83.4,83.15,83.3
4/29/2026 13:55,83.55,83.55,83.35,83.4
4/29/2026 13:45,83.65,83.65,83.45,83.6
4/29/2026 13:35,84.05,84.1,83.45,83.65
4/29/2026 13:25,84.05,84.15,83.7,84.1
4/29/2026 13:15,83.65,84.1,83.6,84.1
4/29/2026 13:05,83.3,83.7,83.05,83.65
4/29/2026 12:55,82.85,83.45,82.65,83.3
4/29/2026 11:55,82.9,82.9,82.75,82.85
4/29/2026 11:45,82.75,82.95,82.65,82.9
4/29/2026 11:35,82.8,82.8,82.55,82.8
4/29/2026 11:25,82.8,83,82.65,82.85
4/29/2026 11:15,82.85,83,82.8,82.85
4/29/2026 11:05,82.85,83,82.7,82.9
4/29/2026 10:55,82.35,82.85,82.2,82.85
4/29/2026 10:45,82.35,82.55,82.1,82.3
4/29/2026 10:35,82.4,82.6,82.25,82.25
4/29/2026 10:25,82.9,82.9,82.2,82.4
4/29/2026 10:15,83.15,83.2,82.75,82.95
4/29/2026 10:05,82.7,83.2,82.55,83.15
4/29/2026 9:55,83,83.05,82.5,82.75
4/29/2026 9:45,82.75,83.2,82.2,83.05
4/29/2026 9:35,82.1,82.8,81.9,82.75
4/29/2026 9:25,81.15,82.1,80.65,82.05
4/29/2026 9:15,81.45,81.45,81.45,81.45
4/28/2026 16:05,80.3,80.3,80.3,80.3
4/28/2026 15:55,80.55,80.55,80.2,80.25
4/28/2026 15:45,80.65,80.8,80.5,80.55
4/28/2026 15:35,80.6,80.7,80.6,80.65
4/28/2026 15:25,80.8,80.85,80.6,80.65
4/28/2026 15:15,80.95,81,80.8,80.8
4/28/2026 15:05,80.8,80.95,80.75,80.95
4/28/2026 14:55,80.7,80.9,80.65,80.85
4/28/2026 14:45,80.5,80.75,80.45,80.75
4/28/2026 14:35,80.25,80.5,80.25,80.45
4/28/2026 14:25,80.3,80.35,80.2,80.25
4/28/2026 14:15,80.4,80.45,80.3,80.35
4/28/2026 14:05,80.45,80.45,80.35,80.4
4/28/2026 13:55,80.4,80.45,80.35,80.45
4/28/2026 13:45,80.35,80.45,80.25,80.45
4/28/2026 13:35,80.6,80.65,80.35,80.4
4/28/2026 13:25,80.65,80.7,80.55,80.6
4/28/2026 13:15,80.65,80.65,80.4,80.65
4/28/2026 13:05,80.8,80.85,80.6,80.6
4/28/2026 12:55,80.85,80.9,80.65,80.8
4/28/2026 11:55,80.8,80.9,80.75,80.85
4/28/2026 11:45,80.7,80.85,80.65,80.8
4/28/2026 11:35,80.9,80.9,80.65,80.7
4/28/2026 11:25,80.95,81.1,80.85,80.85
4/28/2026 11:15,80.85,80.95,80.65,80.95
4/28/2026 11:05,80.6,80.85,80.6,80.85
4/28/2026 10:55,80.4,80.7,80.35,80.6
4/28/2026 10:45,80.7,80.75,80.45,80.45
4/28/2026 10:35,80.7,80.75,80.4,80.7
4/28/2026 10:25,80.65,80.8,80.35,80.75
4/28/2026 10:15,80.8,80.9,80.55,80.65
4/28/2026 10:05,80.75,81,80.7,80.85
4/28/2026 9:55,80.8,80.85,80.65,80.75
4/28/2026 9:45,81.45,81.55,80.65,80.75
4/28/2026 9:35,81.15,81.65,80.75,81.45
4/28/2026 9:25,80.85,81.3,80.5,81.15
4/28/2026 9:15,80.85,80.85,80.85,80.85
4/27/2026 16:05,81.85,81.85,81.85,81.85
4/27/2026 15:55,81.85,82,81.85,81.9
4/27/2026 15:45,82,82,81.8,81.85
4/27/2026 15:35,81.85,82,81.8,82
4/27/2026 15:25,82.1,82.2,81.85,81.9
4/27/2026 15:15,81.9,82.1,81.8,82.1
4/27/2026 15:05,81.95,82.1,81.8,81.85
4/27/2026 14:55,81.9,81.95,81.8,81.95
4/27/2026 14:45,81.85,82,81.8,81.9
4/27/2026 14:35,81.65,81.85,81.55,81.85
4/27/2026 14:25,81.7,81.8,81.65,81.65
4/27/2026 14:15,81.95,81.95,81.4,81.75
4/27/2026 14:05,81.55,81.95,81.45,81.95
4/27/2026 13:55,81.35,81.55,81.3,81.5
4/27/2026 13:45,80.95,81.65,80.85,81.4
4/27/2026 13:35,81.05,81.1,80.85,80.95
4/27/2026 13:25,81,81.2,80.95,81.05
4/27/2026 13:15,81.15,81.25,80.95,81
4/27/2026 13:05,81.35,81.35,81.1,81.1
4/27/2026 12:55,81.1,81.9,81.05,81.35
4/27/2026 11:55,81.15,81.2,81.1,81.1
4/27/2026 11:45,81.25,81.3,81.05,81.1
4/27/2026 11:35,81.05,81.3,81,81.25
4/27/2026 11:25,80.8,81.05,80.75,81
4/27/2026 11:15,80.7,80.85,80.65,80.8
4/27/2026 11:05,80.75,80.9,80.6,80.75
4/27/2026 10:55,81.05,81.05,80.7,80.75
4/27/2026 10:45,81.05,81.2,80.9,81.05
4/27/2026 10:35,81,81.35,80.9,81.1
4/27/2026 10:25,80.8,81.2,80.65,81.05
4/27/2026 10:15,80.6,80.9,80.55,80.8
4/27/2026 10:05,80.7,80.7,80.5,80.6
4/27/2026 9:55,81.1,81.3,80.65,80.65
4/27/2026 9:45,80.9,81.35,80.55,81.15
4/27/2026 9:35,80.95,80.95,80.4,80.9
4/27/2026 9:25,82.4,82.4,80.6,80.95
4/27/2026 9:15,82.45,82.45,82.45,82.45
4/24/2026 16:05,82.45,82.45,82.45,82.45
4/24/2026 15:55,82.35,82.55,82.3,82.45
4/24/2026 15:45,82.15,82.4,82.15,82.3
4/24/2026 15:35,82.15,82.25,82.15,82.2
4/24/2026 15:25,82.25,82.3,82.1,82.2
4/24/2026 15:15,82.2,82.35,82.2,82.3
4/24/2026 15:05,82.25,82.3,82.15,82.2
4/24/2026 14:55,82.1,82.25,82.05,82.2
4/24/2026 14:45,82.15,82.15,82.05,82.1
4/24/2026 14:35,82.2,82.3,82.1,82.15
4/24/2026 14:25,82.2,82.25,82.15,82.2
4/24/2026 14:15,82.35,82.4,82.2,82.2
4/24/2026 14:05,82.25,82.45,82.15,82.35
4/24/2026 13:55,82.15,82.35,82.15,82.3
4/24/2026 13:45,82.2,82.3,82.05,82.2
4/24/2026 13:35,82.3,82.3,82.1,82.25
4/24/2026 13:25,82.1,82.25,82.1,82.25
4/24/2026 13:15,82.35,82.4,82.05,82.15
4/24/2026 13:05,82.3,82.45,82,82.35
4/24/2026 12:55,82.6,82.65,82.2,82.3
4/24/2026 11:55,82.45,82.65,82.4,82.6
4/24/2026 11:45,82.2,82.6,82.2,82.45
4/24/2026 11:35,81.85,83.5,81.85,82.3
4/24/2026 11:25,81.9,82,81.75,81.8
4/24/2026 11:15,82,82,81.75,81.85
4/24/2026 11:05,81.85,82.25,81.85,82
4/24/2026 10:55,82,82.05,81.7,81.85
4/24/2026 10:45,82.05,82.15,81.9,82
4/24/2026 10:35,82.25,82.3,82.05,82.05
4/24/2026 10:25,82.3,82.45,82.2,82.25
4/24/2026 10:15,82.35,82.55,82.2,82.25
4/24/2026 10:05,81.95,82.55,81.8,82.35
4/24/2026 9:55,82.05,82.1,81.8,81.95
4/24/2026 9:45,82.1,82.3,82,82.05
4/24/2026 9:35,82.65,82.75,82.1,82.1
4/24/2026 9:25,82.95,82.95,82.3,82.65
4/24/2026 9:15,83,83,83,83
4/23/2026 16:05,83.1,83.1,83.1,83.1
4/23/2026 15:55,82.95,83.05,82.95,83.05
4/23/2026 15:45,83,83.1,82.95,83
4/23/2026 15:35,83,83.05,82.9,83
4/23/2026 15:25,83,83.2,83,83
4/23/2026 15:15,83.15,83.25,83,83
4/23/2026 15:05,83.05,83.3,83,83.15
4/23/2026 14:55,83.05,83.1,82.9,83.05
4/23/2026 14:45,83,83.1,82.85,83.1
4/23/2026 14:35,83.2,83.2,82.95,82.95
4/23/2026 14:25,83.2,83.2,83.15,83.15
4/23/2026 14:15,83.05,83.2,83.05,83.2
4/23/2026 14:05,83.35,83.35,83.05,83.05
4/23/2026 13:55,83.35,83.5,83.3,83.35
4/23/2026 13:45,83.15,83.4,83.15,83.4
4/23/2026 13:35,83.3,83.3,83.05,83.2
4/23/2026 13:25,83,83.35,83,83.3
4/23/2026 13:15,82.95,83.05,82.9,83.05
4/23/2026 13:05,82.8,82.95,82.7,82.95
4/23/2026 12:55,82.8,83,82.75,82.75
4/23/2026 11:55,82.8,82.85,82.8,82.8
4/23/2026 11:45,82.75,82.95,82.7,82.85
4/23/2026 11:35,82.6,82.8,82.6,82.75
4/23/2026 11:25,82.7,82.75,82.55,82.6
4/23/2026 11:15,82.65,82.8,82.55,82.75
4/23/2026 11:05,83,83,82.65,82.7
4/23/2026 10:55,83.25,83.25,82.9,83
4/23/2026 10:45,83.1,83.35,83.05,83.25
4/23/2026 10:35,83.15,83.2,83,83.05
4/23/2026 10:25,83.1,83.25,82.9,83.2
4/23/2026 10:15,82.85,83.25,82.8,83.1
4/23/2026 10:05,82.9,83.1,82.75,82.85
4/23/2026 9:55,82.7,83,82.65,82.9
4/23/2026 9:45,82.65,82.7,82.35,82.7
4/23/2026 9:35,82.9,83,82.55,82.65
4/23/2026 9:25,84.1,84.2,82.85,82.95
4/23/2026 9:15,84,84,84,84
4/22/2026 16:05,84.25,84.25,84.25,84.25
4/22/2026 15:55,84.3,84.4,84.2,84.2
4/22/2026 15:45,84.25,84.35,84.2,84.25
4/22/2026 15:35,84.45,84.45,84.2,84.2
4/22/2026 15:25,84.45,84.5,84.4,84.4
4/22/2026 15:15,84.35,84.45,84.2,84.45
4/22/2026 15:05,84.45,84.5,84.3,84.35
4/22/2026 14:55,84.35,84.55,84.35,84.45
4/22/2026 14:45,84.3,84.45,84.3,84.4
4/22/2026 14:35,84.45,84.5,84.3,84.35
4/22/2026 14:25,84.4,84.5,84.25,84.5
4/22/2026 14:15,84.55,84.55,84.35,84.35
4/22/2026 14:05,84.55,84.75,84.45,84.55
4/22/2026 13:55,84.35,84.7,84.35,84.6
4/22/2026 13:45,84.3,84.4,84.2,84.35
4/22/2026 13:35,84.35,84.35,84.25,84.35
4/22/2026 13:25,84.4,84.5,84.3,84.35
4/22/2026 13:15,84.25,84.45,84.15,84.35
4/22/2026 13:05,84.1,84.35,83.95,84.2
4/22/2026 12:55,84,84.1,83.85,84.1
4/22/2026 11:55,84,84,83.95,84
4/22/2026 11:45,84.1,84.1,83.95,84
4/22/2026 11:35,84.15,84.15,84.05,84.15
4/22/2026 11:25,84.05,84.15,83.95,84.1
4/22/2026 11:15,84,84.05,83.95,84
4/22/2026 11:05,84.05,84.15,83.95,84
4/22/2026 10:55,83.85,84.05,83.8,84.05
4/22/2026 10:45,83.85,84.05,83.8,83.9
4/22/2026 10:35,84,84.05,83.85,83.9
4/22/2026 10:25,84.35,84.45,83.85,84
4/22/2026 10:15,84.7,84.7,84.3,84.35
4/22/2026 10:05,84.65,84.95,84.6,84.75
4/22/2026 9:55,84.75,84.9,84.35,84.65
4/22/2026 9:45,84.75,84.85,84.35,84.75
4/22/2026 9:35,84.75,84.9,84.45,84.75
4/22/2026 9:25,85.2,85.3,84.5,84.75
4/22/2026 9:15,85.2,85.2,85.2,85.2
4/21/2026 16:05,86.45,86.45,86.45,86.45
4/21/2026 15:55,86.45,86.7,86.45,86.6
4/21/2026 15:45,86.4,86.5,86.35,86.5
4/21/2026 15:35,86.35,86.5,86.3,86.4
4/21/2026 15:25,86.25,86.4,86.2,86.4
4/21/2026 15:15,86.2,86.3,86.2,86.3
4/21/2026 15:05,86.25,86.25,86.1,86.2
4/21/2026 14:55,86.25,86.3,86.2,86.2
4/21/2026 14:45,86.35,86.4,86.15,86.3
4/21/2026 14:35,86.4,86.45,86.35,86.35
4/21/2026 14:25,86.5,86.5,86.35,86.4
4/21/2026 14:15,86.5,86.65,86.25,86.45
4/21/2026 14:05,86.45,86.45,86.3,86.45
4/21/2026 13:55,86.75,86.8,86.3,86.45
4/21/2026 13:45,87.15,87.15,86.7,86.8
4/21/2026 13:35,86.25,87.2,86.2,87.15
4/21/2026 13:25,85.8,86.25,85.7,86.25
4/21/2026 13:15,85.2,86.45,85.1,85.8
4/21/2026 13:05,84.85,85.2,84.85,85.2
4/21/2026 12:55,84.75,84.9,84.65,84.8
4/21/2026 11:55,85,85,84.7,84.75
4/21/2026 11:45,84.9,85.05,84.9,84.95
4/21/2026 11:35,85,85,84.9,84.9
4/21/2026 11:25,84.85,85,84.8,85
4/21/2026 11:15,84.9,84.95,84.8,84.8
4/21/2026 11:05,85,85.1,84.9,84.9
4/21/2026 10:55,85.4,85.45,85,85
4/21/2026 10:45,85.3,85.4,85.2,85.4
4/21/2026 10:35,85.1,85.4,84.95,85.25
4/21/2026 10:25,84.95,85.15,84.85,85.1
4/21/2026 10:15,85.1,85.1,84.8,84.95
4/21/2026 10:05,85.35,85.4,85.05,85.1
4/21/2026 9:55,84.9,85.45,84.75,85.35
4/21/2026 9:45,85.2,85.4,84.85,84.9
4/21/2026 9:35,86.15,86.4,84.95,85.2
4/21/2026 9:25,85.5,86.2,85.15,86.2
4/21/2026 9:15,85.8,85.8,85.8,85.8
4/20/2026 16:05,85.15,85.15,85.15,85.15
4/20/2026 15:55,85.05,85.15,85,85.15
4/20/2026 15:45,85.1,85.15,85.05,85.05
4/20/2026 15:35,85.05,85.25,85,85.1
4/20/2026 15:25,85.15,85.25,85.05,85.05
4/20/2026 15:15,85.35,85.35,85.15,85.2
4/20/2026 15:05,85.05,85.35,85,85.35
4/20/2026 14:55,85.25,85.4,85.05,85.05
4/20/2026 14:45,85.35,85.35,85.15,85.3
4/20/2026 14:35,85.3,85.35,85.15,85.3
4/20/2026 14:25,85.2,85.45,85.15,85.3
4/20/2026 14:15,85.2,85.35,85.2,85.2
4/20/2026 14:05,85.3,85.35,85.15,85.2
4/20/2026 13:55,85.2,85.35,85.15,85.3
4/20/2026 13:45,84.9,85.2,84.9,85.2
4/20/2026 13:35,85.05,85.1,84.9,84.95
4/20/2026 13:25,85.25,85.25,84.9,85.05
4/20/2026 13:15,85.2,85.45,85.05,85.2
4/20/2026 13:05,85.5,85.5,85.15,85.2
4/20/2026 12:55,85.5,85.7,85.35,85.5
4/20/2026 11:55,85.55,85.55,85.35,85.5
4/20/2026 11:45,85.5,85.6,85.45,85.55
4/20/2026 11:35,85.55,85.65,85.35,85.5
4/20/2026 11:25,85.3,85.55,85.25,85.55
4/20/2026 11:15,85.3,85.4,85.2,85.35
4/20/2026 11:05,85.45,85.6,85.3,85.35
4/20/2026 10:55,85.2,85.6,85.2,85.45
4/20/2026 10:45,85.15,85.2,84.85,85.2
4/20/2026 10:35,85.7,85.7,85.15,85.15
4/20/2026 10:25,85.3,85.7,85.15,85.7
4/20/2026 10:15,84.9,85.45,84.7,85.3
4/20/2026 10:05,84.9,85.4,84.9,84.9
4/20/2026 9:55,84.55,85.1,84.55,84.95
4/20/2026 9:45,84.95,85.2,84.35,84.6
4/20/2026 9:35,85.35,85.8,84.85,84.95
4/20/2026 9:25,85.85,85.95,84.6,85.35
4/20/2026 9:15,85.85,85.85,85.85,85.85
4/17/2026 16:05,86.5,86.5,86.5,86.5
4/17/2026 15:55,86.45,86.55,86.4,86.45
4/17/2026 15:45,86.2,86.5,86.2,86.45
4/17/2026 15:35,86.2,86.25,86.1,86.2
4/17/2026 15:25,86.15,86.3,86.05,86.2
4/17/2026 15:15,86.1,86.2,85.95,86.15
4/17/2026 15:05,85.9,86.15,85.8,86.1
4/17/2026 14:55,85.85,85.95,85.8,85.9
4/17/2026 14:45,85.8,85.9,85.75,85.85
4/17/2026 14:35,85.75,85.9,85.7,85.8
4/17/2026 14:25,85.65,85.8,85.6,85.7
4/17/2026 14:15,86.05,86.05,85.6,85.6
4/17/2026 14:05,86.15,86.2,85.85,86
4/17/2026 13:55,86.1,86.25,85.95,86.2
4/17/2026 13:45,85.75,86.1,85.75,86.1
4/17/2026 13:35,85.45,85.8,85.4,85.8
4/17/2026 13:25,85.55,85.6,85.4,85.45
4/17/2026 13:15,85.7,85.7,85.5,85.55
4/17/2026 13:05,85.35,85.7,85.35,85.65
4/17/2026 12:55,85.3,85.55,85.25,85.35
4/17/2026 11:55,85.1,85.3,85.05,85.25
4/17/2026 11:45,85,85.15,85,85.05
4/17/2026 11:35,84.95,85.1,84.9,85
4/17/2026 11:25,84.7,85.1,84.6,85
4/17/2026 11:15,84.7,84.8,84.6,84.65
4/17/2026 11:05,84.7,84.85,84.65,84.7
4/17/2026 10:55,85.05,85.15,84.65,84.65
4/17/2026 10:45,85.65,85.75,85.05,85.05
4/17/2026 10:35,85.55,85.65,85.3,85.65
4/17/2026 10:25,85.65,85.65,85.3,85.55
4/17/2026 10:15,85.2,85.75,85.2,85.65
4/17/2026 10:05,85.5,85.55,85.15,85.2
4/17/2026 9:55,85.6,85.85,85.45,85.5
4/17/2026 9:45,86.05,86.05,85.6,85.6
4/17/2026 9:35,86.35,86.55,85.85,86.05
4/17/2026 9:25,87.8,87.9,86.3,86.35
4/17/2026 9:15,87.5,87.5,87.5,87.5
4/16/2026 16:05,88.75,88.75,88.75,88.75
4/16/2026 15:55,88.65,88.95,88.6,88.9
4/16/2026 15:45,89,89,88.6,88.65
4/16/2026 15:35,88.75,89,88.75,88.95
4/16/2026 15:25,88.6,88.8,88.5,88.8
4/16/2026 15:15,88.45,88.6,88.35,88.6
4/16/2026 15:05,89,89.05,88.45,88.5
4/16/2026 14:55,88.75,89.45,88.75,89
4/16/2026 14:45,88.75,88.8,88.65,88.8
4/16/2026 14:35,88.75,88.8,88.65,88.75
4/16/2026 14:25,88.8,88.8,88.7,88.75
4/16/2026 14:15,88.6,88.8,88.55,88.8
4/16/2026 14:05,88.6,88.8,88.55,88.6
4/16/2026 13:55,88.45,88.7,88.4,88.55
4/16/2026 13:45,88,88.45,88,88.45
4/16/2026 13:35,88.25,88.25,87.95,88
4/16/2026 13:25,88.2,88.45,88.1,88.25
4/16/2026 13:15,87.95,88.4,87.9,88.25
4/16/2026 13:05,88.25,88.25,87.9,88
4/16/2026 12:55,88.55,88.6,88.2,88.25
4/16/2026 11:55,88.55,88.65,88.5,88.5
4/16/2026 11:45,88.6,88.75,88.5,88.55
4/16/2026 11:35,88.9,88.9,88.4,88.6
4/16/2026 11:25,88.7,89,88.6,88.9
4/16/2026 11:15,88.45,88.7,88.35,88.7
4/16/2026 11:05,88.4,88.6,88.25,88.45
4/16/2026 10:55,88.9,89,88.2,88.4
4/16/2026 10:45,89.05,89.15,88.5,88.9
4/16/2026 10:35,88.4,89.1,88.25,89.05
4/16/2026 10:25,87.55,88.7,87.55,88.4
4/16/2026 10:15,86.5,88.1,86.45,87.55
4/16/2026 10:05,86.8,87.15,86.35,86.5
4/16/2026 9:55,86.35,86.8,86.25,86.8
4/16/2026 9:45,86.65,86.75,86,86.3
4/16/2026 9:35,86.6,86.85,86,86.6
4/16/2026 9:25,86.95,87.7,86.1,86.65
4/16/2026 9:15,86.85,86.85,86.85,86.85
4/15/2026 16:05,86.3,86.3,86.3,86.3
4/15/2026 15:55,86.15,86.7,86.1,86.7
4/15/2026 15:45,86,86.4,85.85,86.15
4/15/2026 15:35,85.5,86.1,85.45,86
4/15/2026 15:25,85.55,85.6,85.45,85.45
4/15/2026 15:15,85.65,85.65,85.55,85.55
4/15/2026 15:05,85.45,85.75,85.45,85.6
4/15/2026 14:55,85.55,85.65,85.4,85.45
4/15/2026 14:45,85.4,85.6,85.4,85.6
4/15/2026 14:35,85.5,85.5,85.3,85.4
4/15/2026 14:25,85.4,85.6,85.4,85.5
4/15/2026 14:15,85.6,85.7,85.4,85.45
4/15/2026 14:05,85.55,85.65,85.35,85.6
4/15/2026 13:55,85.45,85.65,85.35,85.5
4/15/2026 13:45,85.5,85.55,85.3,85.45
4/15/2026 13:35,85.7,85.7,85.4,85.55
4/15/2026 13:25,85.6,85.75,85.4,85.7
4/15/2026 13:15,85.9,85.95,85.55,85.55
4/15/2026 13:05,85.95,86.3,85.85,85.95
4/15/2026 12:55,86.45,86.5,85.75,85.95
4/15/2026 11:55,86.4,86.5,86.35,86.45
4/15/2026 11:45,86.55,86.55,86.35,86.45
4/15/2026 11:35,86.75,86.75,86.5,86.5
4/15/2026 11:25,86.8,87,86.75,86.75
4/15/2026 11:15,86.8,86.95,86.7,86.8
4/15/2026 11:05,86.7,86.8,86.5,86.8
4/15/2026 10:55,86.85,87,86.65,86.7
4/15/2026 10:45,87.15,87.3,86.7,86.85
4/15/2026 10:35,86.9,87.2,86.6,87.2
4/15/2026 10:25,87.05,87.25,86.8,86.95
4/15/2026 10:15,87.3,87.55,87.05,87.05
4/15/2026 10:05,87.75,87.75,87,87.3
4/15/2026 9:55,86.95,88.2,86.95,87.75
4/15/2026 9:45,86.65,87.05,86.4,86.95
4/15/2026 9:35,86.8,87.5,86.1,86.6
4/15/2026 9:25,86.05,86.9,86,86.8
4/15/2026 9:15,86.05,86.05,86.05,86.05
4/14/2026 16:05,85.1,85.1,85.1,85.1
4/14/2026 15:55,85.15,85.3,85.1,85.15
4/14/2026 15:45,85.15,85.15,84.95,85.1
4/14/2026 15:35,85.1,85.2,85.05,85.15
4/14/2026 15:25,85.15,85.3,85.1,85.15
4/14/2026 15:15,85.3,85.4,85.1,85.15
4/14/2026 15:05,85.2,85.4,85.1,85.25
4/14/2026 14:55,84.95,85.2,84.85,85.2
4/14/2026 14:45,84.75,85.1,84.75,84.9
4/14/2026 14:35,84.45,84.75,84.4,84.7
4/14/2026 14:25,84.4,84.45,84.35,84.45
4/14/2026 14:15,84.5,84.5,84.35,84.35
4/14/2026 14:05,84.55,84.6,84.4,84.45
4/14/2026 13:55,84.1,84.55,84.1,84.55
4/14/2026 13:45,84.1,84.15,84,84.15
4/14/2026 13:35,83.9,84.25,83.9,84.1
4/14/2026 13:25,83.8,83.95,83.8,83.9
4/14/2026 13:15,84.15,84.2,83.75,83.75
4/14/2026 13:05,84.15,84.25,84.1,84.2
4/14/2026 12:55,84.35,84.4,84.1,84.15
4/14/2026 11:55,84.3,84.45,84.25,84.35
4/14/2026 11:45,84.4,84.45,84.2,84.3
4/14/2026 11:35,84.45,84.65,84.4,84.45
4/14/2026 11:25,84.3,84.5,84.3,84.45
4/14/2026 11:15,84.8,84.8,84.25,84.3
4/14/2026 11:05,84.9,85.05,84.8,84.8
4/14/2026 10:55,84.75,84.9,84.7,84.85
4/14/2026 10:45,84.7,85,84.65,84.8
4/14/2026 10:35,84.8,84.9,84.65,84.65
4/14/2026 10:25,85.1,85.1,84.6,84.8
4/14/2026 10:15,85.25,85.4,84.9,85.1
4/14/2026 10:05,85.05,85.45,84.85,85.3
4/14/2026 9:55,85.05,85.3,84.85,85
4/14/2026 9:45,85.1,85.3,84.75,85.05
4/14/2026 9:35,86.35,86.95,85.05,85.1
4/14/2026 9:25,87.35,87.9,86.3,86.35
4/14/2026 9:15,87.4,87.4,87.4,87.4
4/13/2026 16:05,86.45,86.45,86.45,86.45
4/13/2026 15:55,86.3,86.5,86.3,86.5
4/13/2026 15:45,86.35,86.45,86.2,86.35
4/13/2026 15:35,86.25,86.35,86.2,86.35
4/13/2026 15:25,86.15,86.3,86.1,86.25
4/13/2026 15:15,86.35,86.45,86.15,86.15
4/13/2026 15:05,86.1,86.35,86.05,86.35
4/13/2026 14:55,85.75,86.2,85.7,86.1
4/13/2026 14:45,85.8,85.85,85.7,85.75
4/13/2026 14:35,85.7,85.8,85.7,85.8
4/13/2026 14:25,85.85,85.95,85.65,85.75
4/13/2026 14:15,85.8,85.95,85.75,85.8
4/13/2026 14:05,85.65,85.95,85.6,85.75
4/13/2026 13:55,85.6,85.7,85.55,85.65
4/13/2026 13:45,85.8,85.9,85.55,85.55
4/13/2026 13:35,85.8,85.9,85.65,85.8
4/13/2026 13:25,85.6,85.85,85.6,85.8
4/13/2026 13:15,85.6,85.65,85.55,85.6
4/13/2026 13:05,85.6,85.8,85.6,85.6
4/13/2026 12:55,85.7,86.15,85.6,85.6
4/13/2026 11:55,85.8,85.8,85.7,85.75
4/13/2026 11:45,85.7,85.85,85.7,85.8
4/13/2026 11:35,85.7,85.75,85.4,85.75
4/13/2026 11:25,85.5,85.85,85.5,85.7
4/13/2026 11:15,85.35,85.7,85.3,85.55
4/13/2026 11:05,85.6,85.65,85.3,85.35
4/13/2026 10:55,85.7,86,85.6,85.6
4/13/2026 10:45,85.85,85.95,85.7,85.75
4/13/2026 10:35,85.75,85.9,85.65,85.8
4/13/2026 10:25,85.75,85.9,85.6,85.8
4/13/2026 10:15,85.9,86.2,85.75,85.75
4/13/2026 10:05,86.3,86.5,85.9,85.9
4/13/2026 9:55,86.2,86.45,85.95,86.3
4/13/2026 9:45,86.5,86.7,86.1,86.15
4/13/2026 9:35,86.7,86.75,86.3,86.55
4/13/2026 9:25,86.95,87.1,86.1,86.7
4/13/2026 9:15,86.7,86.7,86.7,86.7
4/10/2026 16:05,87.6,87.6,87.6,87.6
4/10/2026 15:55,87.65,87.75,87.5,87.55
4/10/2026 15:45,87.4,87.8,87.35,87.65
4/10/2026 15:35,87.6,87.6,87.3,87.4
4/10/2026 15:25,87.75,87.85,87.55,87.55
4/10/2026 15:15,87.75,87.95,87.65,87.75
4/10/2026 15:05,87.8,87.9,87.7,87.75
4/10/2026 14:55,87.65,87.85,87.6,87.75
4/10/2026 14:45,87.65,87.75,87.6,87.7
4/10/2026 14:35,87.65,87.85,87.6,87.65
4/10/2026 14:25,87.6,87.85,87.55,87.65
4/10/2026 14:15,87.85,87.95,87.55,87.6
4/10/2026 14:05,88.1,88.15,87.75,87.85
4/10/2026 13:55,88.2,88.35,88.1,88.15
4/10/2026 13:45,88.1,88.5,88.05,88.25
4/10/2026 13:35,88,88.35,87.9,88.05
4/10/2026 13:25,88.3,88.35,87.75,88
4/10/2026 13:15,88.35,88.4,88.1,88.3
4/10/2026 13:05,88.25,88.5,88.15,88.3
4/10/2026 12:55,88.75,88.9,87.9,88.2
4/10/2026 11:55,88.75,88.85,88.75,88.8
4/10/2026 11:45,88.85,88.9,88.6,88.8
4/10/2026 11:35,88.85,89.05,88.7,88.8
4/10/2026 11:25,89.25,89.25,88.65,88.85
4/10/2026 11:15,89.15,89.25,88.9,89.25
4/10/2026 11:05,88.8,89.15,88.65,89.1
4/10/2026 10:55,89.4,89.45,88.8,88.8
4/10/2026 10:45,89.55,89.8,89.45,89.45
4/10/2026 10:35,89.5,89.85,89.45,89.5
4/10/2026 10:25,89.95,90,89.5,89.5
4/10/2026 10:15,90,90.15,89.55,89.9
4/10/2026 10:05,90.15,90.65,89.8,89.95
4/10/2026 9:55,89.8,90.85,89.45,90.2
4/10/2026 9:45,89.95,90,89.15,89.8
4/10/2026 9:35,88.2,90,88.15,90
4/10/2026 9:25,88.25,88.95,87.8,88.15
4/10/2026 9:15,88.25,88.25,88.25,88.25
4/9/2026 16:05,88,88,88,88
4/9/2026 15:55,87.9,87.95,87.75,87.8
4/9/2026 15:45,87.75,87.9,87.7,87.85
4/9/2026 15:35,87.8,88,87.7,87.8
4/9/2026 15:25,88.3,88.3,87.75,87.8
4/9/2026 15:15,88.65,88.7,88.2,88.3
4/9/2026 15:05,88.7,88.7,88.55,88.7
4/9/2026 14:55,88.65,88.8,88.6,88.65
4/9/2026 14:45,89,89.05,88.65,88.65
4/9/2026 14:35,88.9,89.05,88.85,89
4/9/2026 14:25,88.8,89,88.7,88.9
4/9/2026 14:15,89.1,89.1,88.75,88.75
4/9/2026 14:05,89.1,89.15,88.95,89.1
4/9/2026 13:55,88.85,89.15,88.8,89.1
4/9/2026 13:45,89.45,89.5,88.8,88.8
4/9/2026 13:35,89.35,89.7,89.3,89.4
4/9/2026 13:25,89.2,89.4,89.05,89.35
4/9/2026 13:15,88.75,89.25,88.75,89.2
4/9/2026 13:05,88.6,88.8,88.4,88.75
4/9/2026 12:55,88.55,88.8,88.45,88.6
4/9/2026 11:55,88.6,88.6,88.35,88.55
4/9/2026 11:45,88.6,88.65,88.55,88.6
4/9/2026 11:35,88.6,88.8,88.55,88.6
4/9/2026 11:25,88.1,88.7,88.05,88.6
4/9/2026 11:15,88,88.2,88,88.15
4/9/2026 11:05,88.2,88.35,87.95,88
4/9/2026 10:55,88.45,88.45,88.1,88.25
4/9/2026 10:45,88.15,88.45,88.05,88.45
4/9/2026 10:35,87.75,88.15,87.7,88.15
4/9/2026 10:25,87.85,87.95,87.55,87.7
4/9/2026 10:15,88.05,88.3,87.7,87.9
4/9/2026 10:05,88.15,88.2,87.75,88.05
4/9/2026 9:55,88.5,88.5,87.65,88.15
4/9/2026 9:45,87.65,88.5,87.55,88.45
4/9/2026 9:35,87.25,87.95,87.05,87.65
4/9/2026 9:25,87.2,88.35,86.9,87.3
4/9/2026 9:15,87.25,87.25,87.25,87.25
4/8/2026 16:05,88.5,88.5,88.5,88.5
4/8/2026 15:55,88.65,88.75,88.45,88.55
4/8/2026 15:45,88.5,88.65,88.3,88.6
4/8/2026 15:35,88.2,88.5,88.05,88.45
4/8/2026 15:25,88.3,88.55,88.1,88.2
4/8/2026 15:15,88.2,88.4,88.15,88.3
4/8/2026 15:05,88.35,88.5,88,88.2
4/8/2026 14:55,88.55,88.75,88.3,88.35
4/8/2026 14:45,89.35,89.4,88.55,88.6
4/8/2026 14:35,89.05,89.3,88.85,89.3
4/8/2026 14:25,88.85,89.4,88.8,89.05
4/8/2026 14:15,88.65,88.95,88.6,88.85
4/8/2026 14:05,88.85,88.9,88.45,88.65
4/8/2026 13:55,89.75,89.8,88.75,88.85
4/8/2026 13:45,89.7,89.9,89.55,89.75
4/8/2026 13:35,89.75,89.9,89.3,89.7
4/8/2026 13:25,88.9,89.8,88.8,89.75
4/8/2026 13:15,89.25,89.25,88.55,88.9
4/8/2026 13:05,88.8,89.9,88.8,89.2
4/8/2026 12:55,88.15,88.9,87.6,88.85
4/8/2026 11:55,88.2,88.45,88.05,88.15
4/8/2026 11:45,88,88.7,87.95,88.2
4/8/2026 11:35,87.9,88.55,87.9,87.95
4/8/2026 11:25,87,87.95,86.9,87.9
4/8/2026 11:15,87.05,87.4,87,87
4/8/2026 11:05,87.15,87.4,86.95,87.05
4/8/2026 10:55,86.9,87.2,86.55,87.2
4/8/2026 10:45,86.75,86.95,86.5,86.95
4/8/2026 10:35,86.25,87,86.15,86.8
4/8/2026 10:25,85.4,86.3,85.35,86.25
4/8/2026 10:15,85.6,85.75,85.2,85.45
4/8/2026 10:05,85.75,86.35,85.6,85.6
4/8/2026 9:55,85.55,86.1,85.05,85.75
4/8/2026 9:45,85.55,85.7,84.8,85.6
4/8/2026 9:35,85,86.35,84.95,85.6
4/8/2026 9:25,82.55,85.2,82.5,85.05
4/8/2026 9:15,82.55,82.55,82.55,82.55
4/2/2026 16:05,80.25,80.25,80.25,80.25
4/2/2026 15:55,80.1,80.15,79.95,80
4/2/2026 15:45,80,80.25,79.95,80.1
4/2/2026 15:35,80.2,80.25,80,80
4/2/2026 15:25,79.95,80.25,79.95,80.2
4/2/2026 15:15,79.9,80.05,79.9,79.95
4/2/2026 15:05,79.8,80.05,79.75,79.95
4/2/2026 14:55,79.65,79.8,79.65,79.8
4/2/2026 14:45,79.55,79.75,79.5,79.65
4/2/2026 14:35,79.65,79.7,79.45,79.6
4/2/2026 14:25,79.85,79.85,79.65,79.65
4/2/2026 14:15,79.75,79.9,79.55,79.8
4/2/2026 14:05,79.7,79.75,79.6,79.7
4/2/2026 13:55,79.65,79.75,79.55,79.7
4/2/2026 13:45,79.75,79.75,79.6,79.7
4/2/2026 13:35,79.6,79.75,79.55,79.75
4/2/2026 13:25,79.3,79.7,79.25,79.55
4/2/2026 13:15,79.05,79.35,79.05,79.3
4/2/2026 13:05,79.15,79.35,79.05,79.1
4/2/2026 12:55,79.4,79.4,79.1,79.15
4/2/2026 11:55,79.35,79.55,79.3,79.4
4/2/2026 11:45,79.6,79.65,79.3,79.35
4/2/2026 11:35,79.65,79.7,79.45,79.6
4/2/2026 11:25,79.5,79.7,79.45,79.65
4/2/2026 11:15,79,79.6,79,79.5
4/2/2026 11:05,78.95,79.15,78.85,79.05
4/2/2026 10:55,79.15,79.15,78.7,78.95
4/2/2026 10:45,79.1,79.3,79,79.15
4/2/2026 10:35,79.1,79.25,79.05,79.1
4/2/2026 10:25,79,79.25,78.95,79.15
4/2/2026 10:15,79.2,79.45,78.75,79
4/2/2026 10:05,79.2,79.65,79.1,79.25
4/2/2026 9:55,79.5,79.9,79.1,79.25
4/2/2026 9:45,80.15,80.2,79.5,79.5
4/2/2026 9:35,80.75,81.2,80.05,80.1
4/2/2026 9:25,81.3,81.5,80.4,80.75
4/2/2026 9:15,81.3,81.3,81.3,81.3
4/1/2026 16:05,81.95,81.95,81.95,81.95
4/1/2026 15:55,81.95,82,81.7,81.7
4/1/2026 15:45,82.2,82.25,81.9,82
4/1/2026 15:35,82.2,82.3,82.05,82.25
4/1/2026 15:25,82.45,82.6,82.15,82.15
4/1/2026 15:15,82.4,82.6,82.35,82.45
4/1/2026 15:05,82.5,82.5,82.15,82.35
4/1/2026 14:55,82.5,82.65,82.3,82.45
4/1/2026 14:45,82.45,82.75,82.45,82.5
4/1/2026 14:35,82.15,82.5,82.15,82.45
4/1/2026 14:25,81.95,82.3,81.9,82.2
4/1/2026 14:15,81.6,81.95,81.6,81.95
4/1/2026 14:05,81.7,81.75,81.55,81.65
4/1/2026 13:55,81.9,81.9,81.6,81.7
4/1/2026 13:45,81.75,82,81.5,81.85
4/1/2026 13:35,81.85,81.95,81.6,81.75
4/1/2026 13:25,81.85,81.9,81.55,81.85
4/1/2026 13:15,81.5,81.9,81.35,81.85
4/1/2026 13:05,81.1,81.55,81.1,81.5
4/1/2026 12:55,81.05,81.35,80.95,81.15
4/1/2026 11:55,81.35,81.35,81,81
4/1/2026 11:45,81.5,81.55,81.3,81.3
4/1/2026 11:35,81.8,81.8,81.5,81.55
4/1/2026 11:25,81.75,81.95,81.7,81.75
4/1/2026 11:15,82.15,82.2,81.75,81.8
4/1/2026 11:05,81.85,82.2,81.75,82.2
4/1/2026 10:55,82.35,82.4,81.85,81.9
4/1/2026 10:45,81.85,82.45,81.85,82.4
4/1/2026 10:35,81.95,82.1,81.6,81.9
4/1/2026 10:25,82.2,82.45,81.85,81.95
4/1/2026 10:15,82.4,82.5,82,82.2
4/1/2026 10:05,82.65,82.8,82.25,82.35
4/1/2026 9:55,82.75,82.9,82.25,82.65
4/1/2026 9:45,83.4,83.45,82.7,82.7
4/1/2026 9:35,84.25,84.25,83.2,83.4
4/1/2026 9:25,85.05,85.6,84.25,84.25
4/1/2026 9:15,85,85,85,85
3/31/2026 16:05,82.95,82.95,82.95,82.95
3/31/2026 15:55,83.05,83.1,82.85,82.85
3/31/2026 15:45,83.25,83.25,82.95,83.1
3/31/2026 15:35,82.95,83.4,82.9,83.2
3/31/2026 15:25,82.8,83.05,82.7,82.95
3/31/2026 15:15,82.5,82.85,82.5,82.8
3/31/2026 15:05,82.9,83.1,82.5,82.5
3/31/2026 14:55,82.95,83.1,82.85,82.95
3/31/2026 14:45,83,83,82.75,82.95
3/31/2026 14:35,82.9,83,82.75,83
3/31/2026 14:25,82.85,83,82.85,82.9
3/31/2026 14:15,82.85,82.95,82.7,82.85
3/31/2026 14:05,83.15,83.2,82.8,82.85
3/31/2026 13:55,83.7,83.75,83.05,83.1
3/31/2026 13:45,83.35,83.85,83.35,83.65
3/31/2026 13:35,83.7,83.7,83.3,83.35
3/31/2026 13:25,83.65,83.9,83.35,83.7
3/31/2026 13:15,83.45,83.7,83.3,83.65
3/31/2026 13:05,83.65,83.7,83.3,83.45
3/31/2026 12:55,83.6,83.85,83.5,83.6
3/31/2026 11:55,83.8,83.8,83.6,83.6
3/31/2026 11:45,83.85,83.9,83.7,83.8
3/31/2026 11:35,83.85,84,83.85,83.85
3/31/2026 11:25,83.5,84.05,83.5,83.85
3/31/2026 11:15,83.5,83.7,83.35,83.55
3/31/2026 11:05,83.4,83.75,83.4,83.45
3/31/2026 10:55,83.8,83.8,83.3,83.45
3/31/2026 10:45,83.6,84,83.5,83.8
3/31/2026 10:35,83.75,84,83.4,83.6
3/31/2026 10:25,84.2,84.7,83.7,83.7
3/31/2026 10:15,84.05,84.3,83.8,84.2
3/31/2026 10:05,83.4,84.45,83.4,84
3/31/2026 9:55,83.4,83.65,83,83.4
3/31/2026 9:45,83.65,83.8,82.55,83.35
3/31/2026 9:35,84.25,84.8,83.55,83.65
3/31/2026 9:25,83.8,84.6,83.5,84.3
3/31/2026 9:15,83.8,83.8,83.8,83.8
3/30/2026 16:05,84.2,84.2,84.2,84.2
3/30/2026 15:55,84.3,84.45,84.15,84.2
3/30/2026 15:45,84.15,84.4,84.05,84.35
3/30/2026 15:35,84.2,84.25,84,84.15
3/30/2026 15:25,84.05,84.2,83.9,84.2
3/30/2026 15:15,84.2,84.25,83.8,84.1
3/30/2026 15:05,84.45,84.45,84.1,84.25
3/30/2026 14:55,84.7,84.75,84.3,84.45
3/30/2026 14:45,84.95,85.1,84.7,84.75
3/30/2026 14:35,84.85,84.95,84.55,84.95
3/30/2026 14:25,84.4,84.9,84.35,84.9
3/30/2026 14:15,84.25,84.45,84.1,84.45
3/30/2026 14:05,84.3,84.6,84.15,84.3
3/30/2026 13:55,84.15,84.3,84,84.3
3/30/2026 13:45,84.2,84.3,83.9,84.2
3/30/2026 13:35,84.75,84.8,84.2,84.25
3/30/2026 13:25,85,85,84.35,84.75
3/30/2026 13:15,84.7,85.3,84.45,85
3/30/2026 13:05,84.65,86.6,84.25,84.7
3/30/2026 12:55,84.75,84.95,84.65,84.7
3/30/2026 11:55,84.75,84.85,84.65,84.75
3/30/2026 11:45,84.95,84.95,84.7,84.75
3/30/2026 11:35,85.25,85.25,84.8,84.95
3/30/2026 11:25,85.4,85.4,85.05,85.3
3/30/2026 11:15,85.2,85.45,85,85.45
3/30/2026 11:05,84.65,85.3,84.6,85.25
3/30/2026 10:55,84.25,84.75,84,84.7
3/30/2026 10:45,83.8,84.3,83.65,84.3
3/30/2026 10:35,83.2,83.9,83.15,83.85
3/30/2026 10:25,83.85,83.85,82.7,83.3
3/30/2026 10:15,83.95,83.95,83.55,83.85
3/30/2026 10:05,84.05,84.4,83.9,83.9
3/30/2026 9:55,84.3,84.6,83.85,84.15
3/30/2026 9:45,84.5,84.8,84,84.25
3/30/2026 9:35,85.9,86,84.05,84.6
3/30/2026 9:25,83.7,85.95,83.5,85.9
3/30/2026 9:15,83.7,83.7,83.7,83.7
3/27/2026 16:05,85.9,85.9,85.9,85.9
3/27/2026 15:55,85.95,86,85.7,85.8
3/27/2026 15:45,86.05,86.2,85.95,85.95
3/27/2026 15:35,86.15,86.2,85.95,86.05
3/27/2026 15:25,86.25,86.5,86.1,86.2
3/27/2026 15:15,86.55,86.6,86.1,86.35
3/27/2026 15:05,86.45,86.75,86.1,86.6
3/27/2026 14:55,86.9,87,86.3,86.45
3/27/2026 14:45,87.4,87.45,86.8,86.9
3/27/2026 14:35,87.3,87.5,87.25,87.4
3/27/2026 14:25,87.65,87.65,87.2,87.35
3/27/2026 14:15,87.45,87.65,87.4,87.65
3/27/2026 14:05,87.2,87.45,86.8,87.45
3/27/2026 13:55,87.75,87.8,87,87.2
3/27/2026 13:45,88.05,88.2,87.75,87.75
3/27/2026 13:35,87.95,88.4,87.95,88.1
3/27/2026 13:25,88.25,88.3,87.95,87.95
3/27/2026 13:15,88.05,88.35,87.8,88.25
3/27/2026 13:05,87.6,88.3,87.6,88.1
3/27/2026 12:55,88.15,88.45,87.25,87.6
3/27/2026 11:55,88.05,88.25,88,88.15
3/27/2026 11:45,88.25,88.3,87.85,88.05
3/27/2026 11:35,88.6,88.85,88,88.3
3/27/2026 11:25,88.1,89.15,87.95,88.65
3/27/2026 11:15,88,88.3,87.65,88.1
3/27/2026 11:05,88.3,88.4,87.95,88
3/27/2026 10:55,89.3,89.45,88.2,88.35
3/27/2026 10:45,89.45,89.45,88.4,89.35
3/27/2026 10:35,89.6,90.7,89.35,89.45
3/27/2026 10:25,85.9,89.6,85.75,89.6
3/27/2026 10:15,86.6,86.9,85.7,85.9
3/27/2026 10:05,86.65,86.8,86.25,86.55
3/27/2026 9:55,84.95,86.65,84.9,86.6
3/27/2026 9:45,85.8,86.05,84.7,84.9
3/27/2026 9:35,86.75,87,85.5,85.8
3/27/2026 9:25,86.1,88.05,85.85,86.75
3/27/2026 9:15,86.15,86.15,86.15,86.15
3/26/2026 16:05,86.7,86.7,86.7,86.7
3/26/2026 15:55,86.1,86.45,86.1,86.4
3/26/2026 15:45,85.9,86.3,85.9,86.15
3/26/2026 15:35,86.1,86.1,85.8,85.85
3/26/2026 15:25,86.05,86.2,85.9,86.1
3/26/2026 15:15,85.85,86.05,85.75,86.05
3/26/2026 15:05,86.2,86.2,85.7,85.85
3/26/2026 14:55,86.2,86.4,86.05,86.25
3/26/2026 14:45,85.85,86.25,85.85,86.2
3/26/2026 14:35,86,86.05,85.75,85.9
3/26/2026 14:25,86.05,86.3,85.9,86
3/26/2026 14:15,85.7,86.15,85.55,86
3/26/2026 14:05,85.8,85.85,85.55,85.65
3/26/2026 13:55,85.8,85.9,85.5,85.75
3/26/2026 13:45,85.65,85.8,85.5,85.8
3/26/2026 13:35,86.05,86.2,85.6,85.6
3/26/2026 13:25,85.95,86.15,85.65,86.05
3/26/2026 13:15,86.55,86.7,85.9,86
3/26/2026 13:05,87.2,87.25,86.55,86.55
3/26/2026 12:55,87.25,87.45,87,87.2
3/26/2026 11:55,87.05,87.4,87.05,87.25
3/26/2026 11:45,87.25,87.35,87,87.1
3/26/2026 11:35,87.4,87.5,87.25,87.25
3/26/2026 11:25,86.95,87.4,86.85,87.4
3/26/2026 11:15,87,87.5,86.95,86.95
3/26/2026 11:05,86.5,87,86.4,87
3/26/2026 10:55,87.3,87.45,86.3,86.5
3/26/2026 10:45,87.55,87.6,87.2,87.3
3/26/2026 10:35,87.85,87.85,87.45,87.55
3/26/2026 10:25,88.05,88.05,87.35,87.9
3/26/2026 10:15,88.25,88.65,88,88
3/26/2026 10:05,87.95,88.4,87.7,88.25
3/26/2026 9:55,87.9,88,87.2,88
3/26/2026 9:45,88.45,89.3,87.75,87.85
3/26/2026 9:35,88.6,89.65,87.9,88.45
3/26/2026 9:25,90,90.65,88.25,88.6
3/26/2026 9:15,90,90,90,90
3/25/2026 16:05,90,90,90,90
3/25/2026 15:55,90.55,90.6,89.85,89.9
3/25/2026 15:45,90.75,91.05,90.25,90.55
3/25/2026 15:35,90.5,91.55,90.3,90.75
3/25/2026 15:25,89.55,90.5,89.5,90.5
3/25/2026 15:15,88.75,89.65,88.35,89.6
3/25/2026 15:05,88.25,89,88.15,88.75
3/25/2026 14:55,88.05,88.6,87.95,88.3
3/25/2026 14:45,86.6,88.1,86.6,88.05
3/25/2026 14:35,87,87.05,86.5,86.6
3/25/2026 14:25,86.85,87.2,86.3,87
3/25/2026 14:15,85.75,87.5,85.75,86.85
3/25/2026 14:05,85.6,86.55,85.5,85.75
3/25/2026 13:55,87.1,87.1,85.05,85.6
3/25/2026 13:45,87.65,87.65,86.5,87.1
3/25/2026 13:35,85.5,89,85.45,87.65
3/25/2026 13:25,81.7,85.85,81.7,85.45
3/25/2026 13:15,80.35,82,80.3,81.7
3/25/2026 13:05,79.7,80.4,79.6,80.4
3/25/2026 12:55,79.15,80.1,79.1,79.7
3/25/2026 11:55,79.05,79.15,78.9,79.1
3/25/2026 11:45,79.25,79.3,79,79.1
3/25/2026 11:35,79.4,79.5,79.2,79.25
3/25/2026 11:25,79.8,79.8,79.3,79.4
3/25/2026 11:15,80,80,79.75,79.8
3/25/2026 11:05,79.95,80.15,79.9,80
3/25/2026 10:55,80.3,80.45,79.95,80
3/25/2026 10:45,80.2,80.3,80.1,80.25
3/25/2026 10:35,80.5,80.5,80.15,80.2
3/25/2026 10:25,80.25,80.7,80.25,80.45
3/25/2026 10:15,80.3,80.65,80.2,80.3
3/25/2026 10:05,80.35,80.45,79.95,80.3
3/25/2026 9:55,80,80.5,79.9,80.4
3/25/2026 9:45,79.9,80.3,79.8,80.05
3/25/2026 9:35,78.85,80.1,78.8,79.9
3/25/2026 9:25,80,80.5,78.55,78.9
3/25/2026 9:15,79.95,79.95,79.95,79.95
3/24/2026 16:05,79,79,79,79
3/24/2026 15:55,78.85,79.1,78.75,79.1
3/24/2026 15:45,78.7,78.85,78.6,78.85
3/24/2026 15:35,78.55,78.8,78.4,78.75
3/24/2026 15:25,78.65,78.75,78.5,78.55
3/24/2026 15:15,78.8,78.9,78.55,78.6
3/24/2026 15:05,78.7,79,78.7,78.75
3/24/2026 14:55,78.5,78.8,78.45,78.7
3/24/2026 14:45,78.35,78.5,78.25,78.5
3/24/2026 14:35,78.45,78.5,78.2,78.35
3/24/2026 14:25,78.4,78.5,78.35,78.45
3/24/2026 14:15,78.3,78.5,78.3,78.45
3/24/2026 14:05,78.35,78.4,78.2,78.3
3/24/2026 13:55,78.25,78.4,78.2,78.35
3/24/2026 13:45,78.1,78.4,78.05,78.3
3/24/2026 13:35,78.1,78.35,77.95,78.05
3/24/2026 13:25,78.2,78.25,77.85,78.1
3/24/2026 13:15,78.05,78.4,78.05,78.2
3/24/2026 13:05,78.1,78.2,77.8,78.05
3/24/2026 12:55,78.4,78.5,78.05,78.1
3/24/2026 11:55,78.35,78.45,78.3,78.45
3/24/2026 11:45,78.3,78.35,78.2,78.3
3/24/2026 11:35,78,78.4,77.9,78.3
3/24/2026 11:25,78.1,78.2,77.8,78
3/24/2026 11:15,77.95,78.35,77.85,78.15
3/24/2026 11:05,77.7,77.95,77.55,77.9
3/24/2026 10:55,77.55,77.85,77.5,77.65
3/24/2026 10:45,77.65,77.8,77.25,77.6
3/24/2026 10:35,77.55,77.65,77.2,77.65
3/24/2026 10:25,77.6,77.75,77.25,77.55
3/24/2026 10:15,77.35,77.8,77.05,77.6
3/24/2026 10:05,77.5,77.8,77.3,77.35
3/24/2026 9:55,77.1,77.55,76.85,77.55
3/24/2026 9:45,77.5,77.65,77.05,77.15
3/24/2026 9:35,78.6,78.75,77.45,77.5
3/24/2026 9:25,76.9,79.2,76.9,78.65
3/24/2026 9:15,76.75,76.75,76.75,76.75
3/23/2026 16:05,76.55,76.55,76.55,76.55
3/23/2026 15:55,76.45,76.5,76.25,76.4
3/23/2026 15:45,76.45,76.6,76.3,76.5
3/23/2026 15:35,76.6,76.6,76.3,76.45
3/23/2026 15:25,76.2,76.65,76.05,76.55
3/23/2026 15:15,76.2,76.5,76.15,76.2
3/23/2026 15:05,75.85,76.35,75.85,76.25
3/23/2026 14:55,76.05,76.2,75.85,75.85
3/23/2026 14:45,76.05,76.25,75.85,76.1
3/23/2026 14:35,76.05,76.2,76.05,76.05
3/23/2026 14:25,76.35,76.4,76.05,76.1
3/23/2026 14:15,76.3,76.45,76.05,76.35
3/23/2026 14:05,76.35,76.45,76.15,76.3
3/23/2026 13:55,76.6,76.65,76.35,76.35
3/23/2026 13:45,76.65,76.7,76.4,76.65
3/23/2026 13:35,76.85,77.1,76.55,76.6
3/23/2026 13:25,76.85,76.9,76.6,76.9
3/23/2026 13:15,77,77.05,76.8,76.85
3/23/2026 13:05,77.35,77.4,76.9,77
3/23/2026 12:55,77,77.4,76.95,77.3
3/23/2026 11:55,76.95,77.05,76.9,77
3/23/2026 11:45,77.15,77.15,76.9,76.95
3/23/2026 11:35,77.25,77.3,77.05,77.15
3/23/2026 11:25,77.2,77.35,77.1,77.25
3/23/2026 11:15,77.2,77.45,77.1,77.25
3/23/2026 11:05,77.5,77.55,77.15,77.2
3/23/2026 10:55,77.45,77.6,77.4,77.5
3/23/2026 10:45,77.85,77.95,77.35,77.45
3/23/2026 10:35,77.65,77.95,77.55,77.85
3/23/2026 10:25,77.95,78.2,77.6,77.7
3/23/2026 10:15,78,78.1,77.5,77.95
3/23/2026 10:05,77.95,78.45,77.8,78
3/23/2026 9:55,77.6,78,77.15,77.95
3/23/2026 9:45,77.6,78.2,77.3,77.6
3/23/2026 9:35,77.25,77.6,76.6,77.6
3/23/2026 9:25,77.8,78.5,77.2,77.25
3/23/2026 9:15,77.8,77.8,77.8,77.8
3/20/2026 16:05,79.15,79.15,79.15,79.15
3/20/2026 15:55,79,79.1,78.95,79.05
3/20/2026 15:45,78.9,79.1,78.75,78.95
3/20/2026 15:35,79.2,79.3,78.85,78.95
3/20/2026 15:25,78.95,79.3,78.95,79.2
3/20/2026 15:15,78.7,79.1,78.7,79
3/20/2026 15:05,78.3,78.95,78.3,78.7
3/20/2026 14:55,78.65,78.65,78.15,78.35
3/20/2026 14:45,78.75,78.75,78.5,78.65
3/20/2026 14:35,78.75,78.75,78.6,78.75
3/20/2026 14:25,78.85,78.9,78.65,78.8
3/20/2026 14:15,79.05,79.1,78.8,78.85
3/20/2026 14:05,79.05,79.25,79.05,79.05
3/20/2026 13:55,79.3,79.4,79,79.1
3/20/2026 13:45,79.75,79.75,79.3,79.3
3/20/2026 13:35,79.45,79.75,79.35,79.7
3/20/2026 13:25,79.6,79.7,79.35,79.45
3/20/2026 13:15,79.65,79.85,79.25,79.65
3/20/2026 13:05,79.65,79.65,79.4,79.6
3/20/2026 12:55,79.2,79.65,79.05,79.65
3/20/2026 11:55,78.95,79.2,78.95,79.2
3/20/2026 11:45,78.85,78.95,78.7,78.95
3/20/2026 11:35,79.3,79.45,78.8,78.85
3/20/2026 11:25,79.65,79.65,79.3,79.35
3/20/2026 11:15,79.5,79.85,79.5,79.65
3/20/2026 11:05,79.4,79.6,79.2,79.55
3/20/2026 10:55,79.85,79.85,79.3,79.4
3/20/2026 10:45,79.05,80,79,79.85
3/20/2026 10:35,78.95,79.2,78.75,79.05
3/20/2026 10:25,78.75,78.95,78.4,78.9
3/20/2026 10:15,79.25,79.4,78.7,78.75
3/20/2026 10:05,79.45,79.7,79.2,79.25
3/20/2026 9:55,79.65,79.85,79.3,79.5
3/20/2026 9:45,80.45,80.6,79.6,79.7
3/20/2026 9:35,81.05,82,80.35,80.45
3/20/2026 9:25,81.55,82.65,80.8,81
3/20/2026 9:15,81.55,81.55,81.55,81.55
3/19/2026 16:05,80.7,80.7,80.7,80.7
3/19/2026 15:55,80.65,81.1,80.55,81
3/19/2026 15:45,80.6,80.8,80.45,80.7
3/19/2026 15:35,80.6,80.65,80.45,80.6
3/19/2026 15:25,80.65,80.75,80.55,80.6
3/19/2026 15:15,80.55,80.75,80.5,80.7
3/19/2026 15:05,80.55,80.6,80.5,80.5
3/19/2026 14:55,80.6,80.7,80.4,80.55
3/19/2026 14:45,80.5,80.6,80.4,80.55
3/19/2026 14:35,80.55,80.65,80.45,80.55
3/19/2026 14:25,80.65,80.65,80.45,80.55
3/19/2026 14:15,80.6,80.85,80.6,80.6
3/19/2026 14:05,80.3,80.75,80.25,80.65
3/19/2026 13:55,80.3,80.5,80.05,80.35
3/19/2026 13:45,80.3,80.35,80,80.3
3/19/2026 13:35,80.75,80.8,80.3,80.35
3/19/2026 13:25,80.8,80.9,80.55,80.75
3/19/2026 13:15,80.6,80.85,80.55,80.75
3/19/2026 13:05,80.55,80.85,80.45,80.6
3/19/2026 12:55,80.75,80.8,80.3,80.55
3/19/2026 11:55,80.85,80.85,80.7,80.85
3/19/2026 11:45,80.85,80.9,80.8,80.85
3/19/2026 11:35,80.9,80.95,80.7,80.9
3/19/2026 11:25,81.1,81.1,80.85,80.9
3/19/2026 11:15,81.2,81.4,81,81.1
3/19/2026 11:05,80.85,81.2,80.7,81.2
3/19/2026 10:55,80.8,81.1,80.65,80.85
3/19/2026 10:45,81.35,81.35,80.8,80.8
3/19/2026 10:35,81.4,81.55,80.95,81.35
3/19/2026 10:25,81.35,81.55,81.15,81.45
3/19/2026 10:15,80.75,81.45,80.75,81.35
3/19/2026 10:05,80.55,81,80.45,80.75
3/19/2026 9:55,80.05,80.7,79.8,80.6
3/19/2026 9:45,80.05,80.1,79.6,80.05
3/19/2026 9:35,79.7,80.7,79.5,80.05
3/19/2026 9:25,78.7,79.8,78.5,79.65
3/19/2026 9:15,78.7,78.7,78.7,78.7
3/18/2026 16:05,80.3,80.3,80.3,80.3
3/18/2026 15:55,80.4,80.55,80.4,80.5
3/18/2026 15:45,80.5,80.5,80.25,80.4
3/18/2026 15:35,80.3,80.5,80.2,80.5
3/18/2026 15:25,80.45,80.5,80.25,80.35
3/18/2026 15:15,80.7,80.7,80.3,80.45
3/18/2026 15:05,80.75,80.8,80.55,80.65
3/18/2026 14:55,80.75,80.9,80.45,80.8
3/18/2026 14:45,80.9,81,80.7,80.75
3/18/2026 14:35,80.85,80.9,80.7,80.9
3/18/2026 14:25,80.85,81,80.8,80.85
3/18/2026 14:15,80.95,81.05,80.85,80.9
3/18/2026 14:05,80.6,81,80.6,81
3/18/2026 13:55,80.65,80.75,80.55,80.55
3/18/2026 13:45,80.8,80.85,80.45,80.65
3/18/2026 13:35,80.9,80.95,80.65,80.8
3/18/2026 13:25,80.7,80.9,80.45,80.9
3/18/2026 13:15,80.4,81,80.35,80.7
3/18/2026 13:05,80.65,81.15,80.3,80.45
3/18/2026 12:55,79.95,80.75,79.9,80.6
3/18/2026 11:55,79.85,79.95,79.8,79.95
3/18/2026 11:45,79.95,80.05,79.8,79.8
3/18/2026 11:35,79.95,80,79.9,79.9
3/18/2026 11:25,79.95,80,79.8,79.95
3/18/2026 11:15,80.15,80.3,79.85,80
3/18/2026 11:05,80.4,80.55,80.1,80.2
3/18/2026 10:55,79.85,80.45,79.85,80.35
3/18/2026 10:45,79.95,80.3,79.85,79.85
3/18/2026 10:35,80,80.25,79.95,80
3/18/2026 10:25,80.35,80.35,79.95,80
3/18/2026 10:15,79.9,80.35,79.75,80.35
3/18/2026 10:05,79.75,80.15,79.7,79.9
3/18/2026 9:55,79.85,80.05,79.6,79.8
3/18/2026 9:45,80.3,80.55,79.8,79.8
3/18/2026 9:35,79.9,80.35,79.8,80.25
3/18/2026 9:25,80.6,81.4,79.85,79.9
3/18/2026 9:15,80.55,80.55,80.55,80.55
3/17/2026 16:05,80,80,80,80
3/17/2026 15:55,79.95,80.1,79.9,79.95
3/17/2026 15:45,79.8,79.95,79.75,79.9
3/17/2026 15:35,79.75,79.9,79.7,79.8
3/17/2026 15:25,80.1,80.15,79.75,79.8
3/17/2026 15:15,79.9,80.2,79.9,80.1
3/17/2026 15:05,80.2,80.35,79.8,79.9
3/17/2026 14:55,80.2,80.4,80.15,80.2
3/17/2026 14:45,80.2,80.25,80,80.2
3/17/2026 14:35,80.35,80.4,80.2,80.2
3/17/2026 14:25,80.35,80.45,80.2,80.3
3/17/2026 14:15,80.4,80.4,80.1,80.4
3/17/2026 14:05,80.35,80.45,80.2,80.35
3/17/2026 13:55,80.45,80.45,80.1,80.4
3/17/2026 13:45,80.7,80.7,80.3,80.4
3/17/2026 13:35,80.55,80.85,80.55,80.65
3/17/2026 13:25,81.15,81.2,80.55,80.55
3/17/2026 13:15,81.3,81.45,81.1,81.2
3/17/2026 13:05,81.35,81.45,81.1,81.3
3/17/2026 12:55,81.3,81.45,81.2,81.35
3/17/2026 11:55,81.25,81.3,81.2,81.3
3/17/2026 11:45,81.15,81.25,81.05,81.25
3/17/2026 11:35,81.2,81.25,81.15,81.2
3/17/2026 11:25,81.3,81.35,81.05,81.2
3/17/2026 11:15,81.45,81.6,81.3,81.35
3/17/2026 11:05,81.65,81.65,81.35,81.45
3/17/2026 10:55,81.7,81.7,81.5,81.65
3/17/2026 10:45,81.9,81.9,81.45,81.75
3/17/2026 10:35,81.5,81.9,81.35,81.85
3/17/2026 10:25,81.65,81.7,81.4,81.5
3/17/2026 10:15,81.8,82.2,81.55,81.6
3/17/2026 10:05,81.5,81.8,81.45,81.75
3/17/2026 9:55,81.25,81.5,80.95,81.45
3/17/2026 9:45,80.7,81.45,80.55,81.3
3/17/2026 9:35,80.5,80.8,80.2,80.65
3/17/2026 9:25,78.45,80.8,78.4,80.5
3/17/2026 9:15,78.45,78.45,78.45,78.45
3/16/2026 16:05,78.3,78.3,78.3,78.3
3/16/2026 15:55,78.3,78.35,78.2,78.35
3/16/2026 15:45,78.2,78.3,78.1,78.25
3/16/2026 15:35,78.2,78.25,78.1,78.2
3/16/2026 15:25,78.45,78.5,78.2,78.2
3/16/2026 15:15,78.45,78.5,78.3,78.45
3/16/2026 15:05,78.5,78.6,78.4,78.45
3/16/2026 14:55,78.6,78.7,78.5,78.55
3/16/2026 14:45,78.6,78.65,78.55,78.6
3/16/2026 14:35,78.55,78.65,78.5,78.6
3/16/2026 14:25,78.65,78.7,78.5,78.55
3/16/2026 14:15,78.55,78.75,78.55,78.65
3/16/2026 14:05,78.5,78.7,78.45,78.6
3/16/2026 13:55,78.5,78.55,78.45,78.5
3/16/2026 13:45,78.45,78.5,78.35,78.5
3/16/2026 13:35,78.2,78.55,78.15,78.45
3/16/2026 13:25,78.55,78.65,78.15,78.2
3/16/2026 13:15,78.6,78.7,78.45,78.6
3/16/2026 13:05,78.45,78.65,78.35,78.6
3/16/2026 12:55,78.85,78.9,78.35,78.4
3/16/2026 11:55,78.85,78.85,78.7,78.85
3/16/2026 11:45,78.8,79,78.7,78.85
3/16/2026 11:35,78.65,78.75,78.55,78.75
3/16/2026 11:25,78.6,78.8,78.5,78.6
3/16/2026 11:15,78.15,78.6,78.1,78.55
3/16/2026 11:05,78.1,78.3,78,78.15
3/16/2026 10:55,77.95,78.3,77.9,78.15
3/16/2026 10:45,78.05,78.05,77.7,77.9
3/16/2026 10:35,78,78.1,77.75,78
3/16/2026 10:25,78.3,78.65,78,78.05
3/16/2026 10:15,78.25,78.7,78.05,78.3
3/16/2026 10:05,77.75,78.35,77.65,78.3
3/16/2026 9:55,77.6,77.9,77.55,77.75
3/16/2026 9:45,77.45,78,77.4,77.55
3/16/2026 9:35,77.25,77.65,76.8,77.4
3/16/2026 9:25,76.5,77.65,76.5,77.25
3/16/2026 9:15,76.9,76.9,76.9,76.9
3/13/2026 16:05,75.95,75.95,75.95,75.95
3/13/2026 15:55,76.15,76.2,76.1,76.15
3/13/2026 15:45,76.1,76.25,76.1,76.2
3/13/2026 15:35,76.1,76.2,76.1,76.1
3/13/2026 15:25,75.95,76.15,75.95,76.15
3/13/2026 15:15,76,76.05,75.85,75.95
3/13/2026 15:05,76.1,76.15,75.9,76.05
3/13/2026 14:55,76.3,76.35,76.1,76.1
3/13/2026 14:45,76.35,76.4,76.25,76.3
3/13/2026 14:35,76.45,76.5,76.35,76.4
3/13/2026 14:25,76.35,76.5,76.35,76.45
3/13/2026 14:15,76.55,76.75,76.4,76.4
3/13/2026 14:05,76.5,76.6,76.45,76.55
3/13/2026 13:55,76.5,76.65,76.4,76.5
3/13/2026 13:45,76.5,76.65,76.5,76.55
3/13/2026 13:35,76.6,76.75,76.45,76.5
3/13/2026 13:25,76.35,76.6,76.3,76.6
3/13/2026 13:15,76.4,76.5,76.3,76.4
3/13/2026 13:05,76.25,76.6,76.15,76.4
3/13/2026 12:55,76.35,76.4,76.15,76.25
3/13/2026 11:55,76.25,76.35,76.2,76.35
3/13/2026 11:45,76.3,76.3,76.2,76.25
3/13/2026 11:35,76.3,76.35,76.2,76.3
3/13/2026 11:25,76.3,76.45,76.15,76.35
3/13/2026 11:15,76.45,76.5,76.3,76.3
3/13/2026 11:05,76.7,76.7,76.5,76.5
3/13/2026 10:55,76.7,76.8,76.55,76.7
3/13/2026 10:45,76.5,76.7,76.45,76.65
3/13/2026 10:35,76.7,76.75,76.4,76.55
3/13/2026 10:25,76.65,76.85,76.55,76.75
3/13/2026 10:15,76.75,76.8,76.35,76.65
3/13/2026 10:05,77.1,77.2,76.65,76.75
3/13/2026 9:55,76.6,77.05,76.25,77.05
3/13/2026 9:45,76.5,76.9,76.45,76.55
3/13/2026 9:35,77.15,77.25,76.5,76.55
3/13/2026 9:25,76.25,77.4,75.9,77.1
3/13/2026 9:15,76,76,76,76
3/12/2026 16:05,76.7,76.7,76.7,76.7
3/12/2026 15:55,76.45,76.7,76.45,76.6
3/12/2026 15:45,76.4,76.5,76.35,76.5
3/12/2026 15:35,76.45,76.5,76.3,76.45
3/12/2026 15:25,76.35,76.6,76.35,76.45
3/12/2026 15:15,76.05,76.4,76.05,76.35
3/12/2026 15:05,76,76.15,75.95,76.1
3/12/2026 14:55,76.05,76.05,75.9,75.95
3/12/2026 14:45,76.1,76.2,76.05,76.1
3/12/2026 14:35,76.1,76.2,76,76.05
3/12/2026 14:25,76,76.15,75.95,76.05
3/12/2026 14:15,76,76.05,75.8,75.95
3/12/2026 14:05,75.65,76.8,75.6,75.95
3/12/2026 13:55,75.7,75.9,75.6,75.6
3/12/2026 13:45,75.7,75.75,75.55,75.7
3/12/2026 13:35,75.55,75.75,75.4,75.65
3/12/2026 13:25,75.6,75.65,75.45,75.6
3/12/2026 13:15,75.85,75.9,75.6,75.65
3/12/2026 13:05,75.9,76.05,75.85,75.85
3/12/2026 12:55,76.05,76.1,75.8,75.85
3/12/2026 11:55,76,76.1,75.9,76.1
3/12/2026 11:45,75.9,76,75.8,76
3/12/2026 11:35,75.8,75.9,75.8,75.9
3/12/2026 11:25,76,76,75.8,75.85
3/12/2026 11:15,75.95,76.1,75.9,76
3/12/2026 11:05,76.1,76.15,75.95,75.95
3/12/2026 10:55,76.05,76.2,76,76.15
3/12/2026 10:45,75.8,76.1,75.75,76.05
3/12/2026 10:35,76.1,76.1,75.7,75.8
3/12/2026 10:25,76.05,76.3,76.05,76.1
3/12/2026 10:15,76,76.25,76,76.05
3/12/2026 10:05,76.35,76.5,76,76
3/12/2026 9:55,76.05,76.45,75.9,76.35
3/12/2026 9:45,77,77.2,76.05,76.1
3/12/2026 9:35,76.8,77.1,76.8,77.05
3/12/2026 9:25,76.55,76.95,76.2,76.75
3/12/2026 9:15,76.5,76.5,76.5,76.5
3/11/2026 16:05,77.4,77.4,77.4,77.4
3/11/2026 15:55,77.35,77.45,77.35,77.4
3/11/2026 15:45,77.35,77.5,77.2,77.35
3/11/2026 15:35,77.35,77.5,77.35,77.35
3/11/2026 15:25,77.15,77.5,77.1,77.4
3/11/2026 15:15,77.25,77.35,77.05,77.1
3/11/2026 15:05,76.95,77.3,76.9,77.2
3/11/2026 14:55,77.15,77.2,76.95,77
3/11/2026 14:45,77.35,77.4,77.1,77.1
3/11/2026 14:35,77.45,77.55,77.35,77.4
3/11/2026 14:25,77.25,77.45,77.15,77.45
3/11/2026 14:15,77.4,77.45,77.2,77.25
3/11/2026 14:05,77.05,77.4,77,77.35
3/11/2026 13:55,77,77.1,76.95,77.05
3/11/2026 13:45,76.8,77,76.65,77
3/11/2026 13:35,76.85,76.9,76.65,76.8
3/11/2026 13:25,76.8,76.95,76.75,76.9
3/11/2026 13:15,76.85,76.9,76.8,76.85
3/11/2026 13:05,76.9,77.1,76.85,76.9
3/11/2026 12:55,77,77,76.8,76.95
3/11/2026 11:55,76.9,77.05,76.9,77
3/11/2026 11:45,77.2,77.2,76.8,76.9
3/11/2026 11:35,77.25,77.25,77.1,77.2
3/11/2026 11:25,77.3,77.4,77.2,77.25
3/11/2026 11:15,77.55,77.6,77.25,77.3
3/11/2026 11:05,77.65,77.7,77.5,77.55
3/11/2026 10:55,78.05,78.05,77.7,77.7
3/11/2026 10:45,77.65,78.05,77.5,78.05
3/11/2026 10:35,77.55,77.85,77.4,77.6
3/11/2026 10:25,77.5,77.7,77.5,77.6
3/11/2026 10:15,77.8,77.85,77.5,77.55
3/11/2026 10:05,77.8,77.9,77.6,77.8
3/11/2026 9:55,77.65,77.8,77.25,77.8
3/11/2026 9:45,77.85,77.85,77.45,77.65
3/11/2026 9:35,78.85,78.9,77.6,77.85
3/11/2026 9:25,79.2,79.6,78.7,78.85
3/11/2026 9:15,79.15,79.15,79.15,79.15
3/10/2026 16:05,79.1,79.1,79.1,79.1
3/10/2026 15:55,78.9,79.15,78.9,79.05
3/10/2026 15:45,78.8,79,78.7,79
3/10/2026 15:35,78.85,78.85,78.65,78.8
3/10/2026 15:25,78.65,79,78.65,78.8
3/10/2026 15:15,78.55,78.7,78.5,78.7
3/10/2026 15:05,78.3,78.55,78.3,78.5
3/10/2026 14:55,78.2,78.45,78.15,78.3
3/10/2026 14:45,78.45,78.45,78.2,78.25
3/10/2026 14:35,78.2,78.55,78.15,78.45
3/10/2026 14:25,77.95,78.2,77.85,78.2
3/10/2026 14:15,77.85,78,77.8,77.95
3/10/2026 14:05,78.25,78.3,77.8,77.85
3/10/2026 13:55,78.1,78.3,78.1,78.25
3/10/2026 13:45,77.9,78.15,77.8,78.1
3/10/2026 13:35,77.65,77.9,77.55,77.9
3/10/2026 13:25,77.95,77.95,77.6,77.6
3/10/2026 13:15,78.2,78.2,77.9,77.95
3/10/2026 13:05,78.3,78.3,78.1,78.2
3/10/2026 12:55,78.25,78.5,78.2,78.3
3/10/2026 11:55,78.15,78.25,78.1,78.25
3/10/2026 11:45,78.4,78.5,78,78.15
3/10/2026 11:35,78.75,78.8,78.45,78.45
3/10/2026 11:25,78.75,78.85,78.55,78.7
3/10/2026 11:15,78.35,78.9,78.3,78.75
3/10/2026 11:05,78.25,78.6,78.15,78.35
3/10/2026 10:55,78.2,78.25,77.95,78.25
3/10/2026 10:45,78.2,78.25,77.95,78.2
3/10/2026 10:35,78.6,78.75,78.2,78.25
3/10/2026 10:25,79.1,79.1,78.6,78.6
3/10/2026 10:15,79.35,79.4,79,79.1
3/10/2026 10:05,78.9,79.45,78.9,79.4
3/10/2026 9:55,79.4,79.45,78.85,78.9
3/10/2026 9:45,79.9,80.05,79.35,79.4
3/10/2026 9:35,79.5,80,79.25,79.85
3/10/2026 9:25,80.05,80.55,79.3,79.55
3/10/2026 9:15,80,80,80,80
3/9/2026 16:05,78.7,78.7,78.7,78.7
3/9/2026 15:55,78.6,78.95,78.55,78.95
3/9/2026 15:45,78.55,78.65,78.45,78.6
3/9/2026 15:35,78.7,78.85,78.55,78.6
3/9/2026 15:25,78.7,79,78.55,78.7
3/9/2026 15:15,78.15,78.75,78.15,78.7
3/9/2026 15:05,78.15,78.25,78,78.2
3/9/2026 14:55,78.3,78.4,78.1,78.15
3/9/2026 14:45,78.6,78.6,78.2,78.3
3/9/2026 14:35,78.65,78.65,78.3,78.55
3/9/2026 14:25,78.3,78.7,78.2,78.65
3/9/2026 14:15,78.35,78.6,78.15,78.3
3/9/2026 14:05,78.25,78.6,78.25,78.4
3/9/2026 13:55,78.2,78.7,78.15,78.25
3/9/2026 13:45,78.1,78.3,77.95,78.2
3/9/2026 13:35,78.2,78.25,77.75,78.15
3/9/2026 13:25,78.1,78.35,77.95,78.2
3/9/2026 13:15,77.55,78.2,77.5,78.05
3/9/2026 13:05,77.35,77.55,77.1,77.5
3/9/2026 12:55,76.9,77.4,76.6,77.35
3/9/2026 11:55,76.95,77.05,76.9,76.95
3/9/2026 11:45,76.95,77.1,76.9,76.9
3/9/2026 11:35,77.15,77.15,76.9,76.95
3/9/2026 11:25,77.2,77.35,76.95,77.15
3/9/2026 11:15,77.4,77.45,77.15,77.2
3/9/2026 11:05,77.85,78.2,77.3,77.35
3/9/2026 10:55,77.8,78.2,77.75,77.8
3/9/2026 10:45,77.3,78.1,77.15,77.8
3/9/2026 10:35,76.45,77.3,76.25,77.3
3/9/2026 10:25,76.6,76.8,76.3,76.45
3/9/2026 10:15,77.3,77.3,76.65,76.65
3/9/2026 10:05,76.7,77.5,76.65,77.25
3/9/2026 9:55,76.65,76.9,76.3,76.7
3/9/2026 9:45,76.8,77.45,76.5,76.65
3/9/2026 9:35,75.15,76.85,75.1,76.75
3/9/2026 9:25,74.3,75.3,74,75.1
3/9/2026 9:15,74.4,74.4,74.4,74.4
3/6/2026 16:05,76.85,76.85,76.85,76.85
3/6/2026 15:55,77.85,77.95,77.8,77.9
3/6/2026 15:45,77.7,77.95,77.55,77.75
3/6/2026 15:35,77.4,77.7,77.4,77.7
3/6/2026 15:25,77.3,77.45,77.15,77.45
3/6/2026 15:15,77.25,77.35,77.2,77.3
3/6/2026 15:05,77.3,77.35,77.05,77.25
3/6/2026 14:55,77.4,77.55,77.35,77.35
3/6/2026 14:45,77.25,77.6,77.25,77.4
3/6/2026 14:35,77.2,77.35,77.2,77.25
3/6/2026 14:25,77.45,77.55,77.15,77.25
3/6/2026 14:15,77.3,77.45,77.25,77.45
3/6/2026 14:05,77.35,77.5,77.2,77.35
3/6/2026 13:55,77,77.45,76.9,77.4
3/6/2026 13:45,77.3,77.3,76.8,77.05
3/6/2026 13:35,77,77.3,77,77.3
3/6/2026 13:25,76.8,77.05,76.6,77
3/6/2026 13:15,76.7,76.95,76.55,76.75
3/6/2026 13:05,76.65,77,76.65,76.7
3/6/2026 12:55,77.45,77.5,76.65,76.65
3/6/2026 11:55,77.7,77.75,77.45,77.45
3/6/2026 11:45,77.8,77.95,77.55,77.65
3/6/2026 11:35,77.6,77.8,77.4,77.8
3/6/2026 11:25,77.25,77.85,77.2,77.65
3/6/2026 11:15,76.85,77.4,76.85,77.25
3/6/2026 11:05,77.05,77.15,76.75,76.9
3/6/2026 10:55,76.1,77.15,76.05,77.1
3/6/2026 10:45,76.05,76.4,76,76.05
3/6/2026 10:35,76.1,76.1,75.9,76.05
3/6/2026 10:25,76.1,76.2,75.9,76.05
3/6/2026 10:15,76.05,76.6,75.9,76.15
3/6/2026 10:05,75.3,76.1,75.15,76.05
3/6/2026 9:55,74.95,75.35,74.9,75.35
3/6/2026 9:45,74.9,75.25,74.5,74.95
3/6/2026 9:35,74.05,75,74,74.9
3/6/2026 9:25,74.45,74.5,73.65,74.05
3/6/2026 9:15,74.5,74.5,74.5,74.5
3/5/2026 16:05,74.5,74.5,74.5,74.5
3/5/2026 15:55,74.55,74.55,74.35,74.55
3/5/2026 15:45,74.7,74.7,74.45,74.5
3/5/2026 15:35,74.55,74.7,74.5,74.65
3/5/2026 15:25,74.65,74.8,74.5,74.6
3/5/2026 15:15,74.45,74.75,74.45,74.6
3/5/2026 15:05,74.25,74.6,74.2,74.45
3/5/2026 14:55,74.4,74.6,74.25,74.25
3/5/2026 14:45,74.15,74.45,74.1,74.4
3/5/2026 14:35,74,74.2,73.9,74.15
3/5/2026 14:25,74.05,74.1,73.9,73.95
3/5/2026 14:15,74,74.1,73.9,74.05
3/5/2026 14:05,74.1,74.1,73.85,74.05
3/5/2026 13:55,74.55,74.55,74,74.05
3/5/2026 13:45,74.65,74.75,74.4,74.5
3/5/2026 13:35,74.7,74.75,74.55,74.65
3/5/2026 13:25,74.55,74.7,74.5,74.7
3/5/2026 13:15,74.65,74.65,74.4,74.55
3/5/2026 13:05,74.45,74.8,74.35,74.65
3/5/2026 12:55,74.1,74.45,74.05,74.45
3/5/2026 11:55,74.1,74.15,74.05,74.1
3/5/2026 11:45,74.3,74.35,74.05,74.15
3/5/2026 11:35,74.25,74.35,74.1,74.3
3/5/2026 11:25,74.7,74.7,74.2,74.25
3/5/2026 11:15,74.8,74.95,74.6,74.65
3/5/2026 11:05,75.15,75.2,74.55,74.8
3/5/2026 10:55,75,75.2,74.75,75.1
3/5/2026 10:45,74.95,75.25,74.9,75
3/5/2026 10:35,74.9,75.1,74.7,74.95
3/5/2026 10:25,74.65,74.95,74.65,74.85
3/5/2026 10:15,74.85,75.15,74.65,74.65
3/5/2026 10:05,74.9,75.05,74.55,74.8
3/5/2026 9:55,75.1,75.1,74.4,74.9
3/5/2026 9:45,74.75,75.3,74.6,75.1
3/5/2026 9:35,75.45,75.65,74.6,74.75
3/5/2026 9:25,76.6,76.65,75.3,75.4
3/5/2026 9:15,76.65,76.65,76.65,76.65
3/4/2026 16:05,75.4,75.4,75.4,75.4
3/4/2026 15:55,75.35,75.65,75.3,75.6
3/4/2026 15:45,74.9,75.35,74.75,75.35
3/4/2026 15:35,74.7,74.95,74.6,74.9
3/4/2026 15:25,74.4,74.7,74.3,74.7
3/4/2026 15:15,74.3,74.4,74.2,74.4
3/4/2026 15:05,74.6,74.8,74.3,74.3
3/4/2026 14:55,74.4,74.65,74.35,74.6
3/4/2026 14:45,74.45,74.5,74.3,74.35
3/4/2026 14:35,74.5,74.55,74.3,74.45
3/4/2026 14:25,74.2,74.5,74.1,74.45
3/4/2026 14:15,74.05,74.3,74.05,74.2
3/4/2026 14:05,74.1,74.2,74.05,74.1
3/4/2026 13:55,74.35,74.45,74.1,74.15
3/4/2026 13:45,74.4,74.65,74.35,74.35
3/4/2026 13:35,73.9,74.55,73.9,74.35
3/4/2026 13:25,73.85,74,73.8,73.95
3/4/2026 13:15,74.15,74.5,73.85,73.85
3/4/2026 13:05,74.05,74.45,74,74.15
3/4/2026 12:55,74.2,74.7,73.95,74.05
3/4/2026 11:55,74.1,74.25,74,74.25
3/4/2026 11:45,74,74.25,73.85,74.1
3/4/2026 11:35,73.9,74.15,73.8,74
3/4/2026 11:25,74.15,74.25,73.8,73.9
3/4/2026 11:15,73.95,74.25,73.95,74.15
3/4/2026 11:05,73.95,74.2,73.85,74
3/4/2026 10:55,74.45,74.5,73.8,73.95
3/4/2026 10:45,74,74.75,73.95,74.45
3/4/2026 10:35,74.45,74.45,73.95,74
3/4/2026 10:25,74.75,74.9,74.45,74.45
3/4/2026 10:15,74.65,75,74.55,74.7
3/4/2026 10:05,74.6,74.8,74.35,74.65
3/4/2026 9:55,74.7,74.9,74.4,74.55
3/4/2026 9:45,74.4,75,74.25,74.65
3/4/2026 9:35,73.9,74.85,73.85,74.45
3/4/2026 9:25,74.6,74.85,73.6,73.85
3/4/2026 9:15,74.65,74.65,74.65,74.65
3/3/2026 16:05,75.65,75.65,75.65,75.65
3/3/2026 15:55,75.55,75.7,75.5,75.7
3/3/2026 15:45,75.55,75.6,75.4,75.55
3/3/2026 15:35,75.5,75.6,75.35,75.55
3/3/2026 15:25,75.55,75.65,75.4,75.45
3/3/2026 15:15,75.4,75.65,75.4,75.55
3/3/2026 15:05,75.55,75.6,75.4,75.45
3/3/2026 14:55,75.45,75.65,75.45,75.5
3/3/2026 14:45,75.55,75.6,75.4,75.45
3/3/2026 14:35,75.55,75.65,75.45,75.55
3/3/2026 14:25,75.4,75.75,75.4,75.55
3/3/2026 14:15,75.45,75.55,75.35,75.4
3/3/2026 14:05,75.6,75.65,75.4,75.45
3/3/2026 13:55,75.5,75.7,75.4,75.6
3/3/2026 13:45,75.65,75.7,75.4,75.5
3/3/2026 13:35,75.55,75.7,75.35,75.65
3/3/2026 13:25,75.7,76,75.55,75.55
3/3/2026 13:15,76.25,76.25,75.65,75.65
3/3/2026 13:05,76.05,76.4,75.9,76.25
3/3/2026 12:55,76.4,76.45,75.9,76
3/3/2026 11:55,76.4,76.55,76.35,76.45
3/3/2026 11:45,76.55,76.6,76.25,76.4
3/3/2026 11:35,76.35,76.6,76.25,76.6
3/3/2026 11:25,76.85,76.85,76.25,76.35
3/3/2026 11:15,77.35,77.4,76.8,76.85
3/3/2026 11:05,77.55,77.55,77.2,77.4
3/3/2026 10:55,77.6,77.7,77.35,77.5
3/3/2026 10:45,77.8,77.85,77.45,77.6
3/3/2026 10:35,77.65,78.15,77.5,77.8
3/3/2026 10:25,77.1,77.95,76.95,77.65
3/3/2026 10:15,77.05,77.3,76.6,77.1
3/3/2026 10:05,77.25,77.35,76.95,77
3/3/2026 9:55,77.2,77.45,77.1,77.25
3/3/2026 9:45,77.05,77.45,77.05,77.2
3/3/2026 9:35,77,77.35,76.85,77.05
3/3/2026 9:25,77.25,77.75,76.7,77
3/3/2026 9:15,77.25,77.25,77.25,77.25
3/2/2026 16:05,77.4,77.4,77.4,77.4
3/2/2026 15:55,77.55,77.55,77.3,77.45
3/2/2026 15:45,77.4,77.55,77.25,77.55
3/2/2026 15:35,77.25,77.45,77.1,77.4
3/2/2026 15:25,77.2,77.3,77.1,77.2
3/2/2026 15:15,77.2,77.45,77.15,77.2
3/2/2026 15:05,77.4,77.5,77.2,77.2
3/2/2026 14:55,77.7,77.75,77.3,77.35
3/2/2026 14:45,77.85,77.85,77.6,77.75
3/2/2026 14:35,77.85,77.9,77.7,77.85
3/2/2026 14:25,77.75,77.9,77.7,77.9
3/2/2026 14:15,77.85,78.1,77.7,77.75
3/2/2026 14:05,78.25,78.4,77.75,77.85
3/2/2026 13:55,78.35,78.35,78.1,78.25
3/2/2026 13:45,78.5,78.5,78.25,78.3
3/2/2026 13:35,78.55,78.65,78.4,78.45
3/2/2026 13:25,78.4,78.6,78.3,78.5
3/2/2026 13:15,78.45,78.6,78.35,78.45
3/2/2026 13:05,78.55,78.55,78.35,78.4
3/2/2026 12:55,78.7,78.8,78.4,78.55
3/2/2026 11:55,78.9,78.95,78.7,78.8
3/2/2026 11:45,78.75,79,78.75,78.9
3/2/2026 11:35,78.7,78.95,78.7,78.75
3/2/2026 11:25,78.4,78.8,78.3,78.75
3/2/2026 11:15,78.4,78.6,78.3,78.4
3/2/2026 11:05,78.5,78.65,78.35,78.4
3/2/2026 10:55,78.5,78.6,78.4,78.5
3/2/2026 10:45,78.9,78.9,78.45,78.45
3/2/2026 10:35,78.65,79.1,78.65,78.9
3/2/2026 10:25,78.45,78.85,78.3,78.7
3/2/2026 10:15,78.65,78.65,78.25,78.4
3/2/2026 10:05,79,79.05,78.5,78.65
3/2/2026 9:55,79.1,79.3,78.8,79
3/2/2026 9:45,79.8,79.9,79.1,79.1
3/2/2026 9:35,80.05,80.2,79.7,79.85
3/2/2026 9:25,79.6,80.2,79.55,80.05
3/2/2026 9:15,79.6,79.6,79.6,79.6
2/27/2026 16:05,81.15,81.15,81.15,81.15
2/27/2026 15:55,81.45,81.6,81.4,81.6
2/27/2026 15:45,81.4,81.5,81.3,81.45
2/27/2026 15:35,81.25,81.4,81.15,81.35
2/27/2026 15:25,81.3,81.4,81.2,81.3
2/27/2026 15:15,81.35,81.4,81.25,81.3
2/27/2026 15:05,81.75,81.8,81.3,81.35
2/27/2026 14:55,81.65,81.8,81.65,81.75
2/27/2026 14:45,81.7,81.8,81.6,81.65
2/27/2026 14:35,81.65,81.75,81.6,81.7
2/27/2026 14:25,81.55,81.75,81.55,81.65
2/27/2026 14:15,81.7,81.7,81.55,81.55
2/27/2026 14:05,81.65,81.7,81.55,81.7
2/27/2026 13:55,81.65,81.75,81.5,81.65
2/27/2026 13:45,81.65,81.7,81.5,81.7
2/27/2026 13:35,81.7,81.8,81.55,81.65
2/27/2026 13:25,81.6,81.85,81.5,81.7
2/27/2026 13:15,81.55,81.8,81.4,81.65
2/27/2026 13:05,81.9,81.95,81.45,81.55
2/27/2026 12:55,82.1,82.25,81.9,81.9
2/27/2026 11:55,82.1,82.15,82.05,82.1
2/27/2026 11:45,82.1,82.15,82,82.1
2/27/2026 11:35,82.15,82.2,82.05,82.15
2/27/2026 11:25,82.1,82.2,81.95,82.15
2/27/2026 11:15,82.2,82.45,82.1,82.1
2/27/2026 11:05,82.05,82.2,81.9,82.15
2/27/2026 10:55,81.8,82.1,81.75,82.05
2/27/2026 10:45,81.65,81.9,81.55,81.85
2/27/2026 10:35,81.7,81.75,81.55,81.65
2/27/2026 10:25,81.25,81.7,81.2,81.65
2/27/2026 10:15,81.3,81.45,81.2,81.25
2/27/2026 10:05,81.5,81.55,81.15,81.25
2/27/2026 9:55,81.75,81.85,81.45,81.55
2/27/2026 9:45,81.9,82.15,81.7,81.75
2/27/2026 9:35,81.9,82.25,81.65,81.85
2/27/2026 9:25,81,81.95,80.45,81.95
2/27/2026 9:15,81,81,81,81
2/26/2026 16:05,80.45,80.45,80.45,80.45
2/26/2026 15:55,80.55,80.55,80.35,80.5
2/26/2026 15:45,80.85,80.85,80.4,80.5
2/26/2026 15:35,80.8,80.9,80.75,80.8
2/26/2026 15:25,81,81,80.8,80.85
2/26/2026 15:15,80.8,81,80.75,81
2/26/2026 15:05,80.85,80.9,80.75,80.75
2/26/2026 14:55,81.15,81.2,80.8,80.85
2/26/2026 14:45,80.75,81.2,80.75,81.15
2/26/2026 14:35,80.8,80.9,80.7,80.8
2/26/2026 14:25,80.75,80.9,80.75,80.8
2/26/2026 14:15,80.85,80.85,80.75,80.75
2/26/2026 14:05,80.85,81.05,80.8,80.8
2/26/2026 13:55,81,81.1,80.8,80.9
2/26/2026 13:45,80.95,81.05,80.8,80.95
2/26/2026 13:35,80.95,81,80.7,80.9
2/26/2026 13:25,81,81.1,80.85,80.9
2/26/2026 13:15,80.95,81.05,80.85,80.95
2/26/2026 13:05,80.95,81.2,80.9,80.95
2/26/2026 12:55,81.45,81.5,80.7,80.9
2/26/2026 11:55,81.45,81.5,81.4,81.45
2/26/2026 11:45,81.55,81.55,81.4,81.45
2/26/2026 11:35,81.65,81.7,81.55,81.55
2/26/2026 11:25,81.5,81.75,81.5,81.7
2/26/2026 11:15,81.5,81.6,81.4,81.5
2/26/2026 11:05,81.6,81.6,81.45,81.5
2/26/2026 10:55,81.55,81.65,81.4,81.6
2/26/2026 10:45,81.55,81.75,81.5,81.55
2/26/2026 10:35,81.75,81.75,81.35,81.6
2/26/2026 10:25,81.75,81.8,81.55,81.7
2/26/2026 10:15,81.7,81.85,81.7,81.7
2/26/2026 10:05,81.95,82.1,81.65,81.7
2/26/2026 9:55,81.9,82.2,81.85,81.95
2/26/2026 9:45,82.05,82.1,81.8,81.9
2/26/2026 9:35,82.35,82.45,81.95,82
2/26/2026 9:25,82.7,83.2,82.3,82.35
2/26/2026 9:15,82.7,82.7,82.7,82.7
2/25/2026 16:05,82.7,82.7,82.7,82.7
2/25/2026 15:55,82.65,82.75,82.55,82.75
2/25/2026 15:45,82.65,82.75,82.4,82.65
2/25/2026 15:35,82.65,82.75,82.6,82.65
2/25/2026 15:25,82.8,82.8,82.6,82.65
2/25/2026 15:15,82.85,82.95,82.7,82.8
2/25/2026 15:05,82.95,83.05,82.8,82.8
2/25/2026 14:55,82.7,83,82.55,83
2/25/2026 14:45,82.65,82.8,82.6,82.7
2/25/2026 14:35,82.9,83.05,82.6,82.65
2/25/2026 14:25,82.7,82.95,82.6,82.9
2/25/2026 14:15,82.7,82.75,82.6,82.7
2/25/2026 14:05,82.65,82.75,82.55,82.75
2/25/2026 13:55,82.85,82.85,82.55,82.65
2/25/2026 13:45,82.95,83.05,82.75,82.85
2/25/2026 13:35,82.8,83.05,82.75,82.9
2/25/2026 13:25,82.95,82.95,82.7,82.75
2/25/2026 13:15,83.2,83.2,82.85,82.9
2/25/2026 13:05,83.25,83.3,83.05,83.2
2/25/2026 12:55,83.3,83.4,83,83.25
2/25/2026 11:55,83.45,83.5,83.3,83.3
2/25/2026 11:45,83.45,83.55,83.35,83.5
2/25/2026 11:35,83.5,83.5,83.2,83.5
2/25/2026 11:25,83.3,83.6,83.25,83.45
2/25/2026 11:15,83.25,83.6,83.2,83.35
2/25/2026 11:05,83.25,83.45,83.1,83.2
2/25/2026 10:55,83.05,83.35,83.05,83.25
2/25/2026 10:45,82.95,83.1,82.7,83.05
2/25/2026 10:35,82.85,83.1,82.7,82.95
2/25/2026 10:25,82.65,83.1,82.55,82.85
2/25/2026 10:15,82.95,83,82.25,82.6
2/25/2026 10:05,82.6,83,82.55,82.9
2/25/2026 9:55,82.5,82.8,82.4,82.55
2/25/2026 9:45,82.4,82.75,82.35,82.5
2/25/2026 9:35,82.3,82.75,82.3,82.45
2/25/2026 9:25,82.35,82.45,81.5,82.25
2/25/2026 9:15,82.4,82.4,82.4,82.4
2/24/2026 16:05,81.4,81.4,81.4,81.4
2/24/2026 15:55,81.35,81.45,81.25,81.3
2/24/2026 15:45,81.2,81.4,81.15,81.35
2/24/2026 15:35,81.2,81.4,81.1,81.25
2/24/2026 15:25,81.1,81.25,81.05,81.15
2/24/2026 15:15,81.15,81.15,81.05,81.1
2/24/2026 15:05,81.15,81.2,81,81.15
2/24/2026 14:55,81.1,81.2,81,81.15
2/24/2026 14:45,81.15,81.25,81.1,81.15
2/24/2026 14:35,81.1,81.25,81.1,81.1
2/24/2026 14:25,81.1,81.15,81.05,81.15
2/24/2026 14:15,81.1,81.15,81.05,81.1
2/24/2026 14:05,81.3,81.4,81.1,81.1
2/24/2026 13:55,81.25,81.3,81.15,81.3
2/24/2026 13:45,81.2,81.25,81.1,81.25
2/24/2026 13:35,81.2,81.35,81.1,81.2
2/24/2026 13:25,81.2,81.2,81,81.2
2/24/2026 13:15,81.15,81.2,80.9,81.2
2/24/2026 13:05,80.95,81.15,80.9,81.1
2/24/2026 12:55,80.95,81.2,80.85,81
2/24/2026 11:55,80.85,80.95,80.7,80.95
2/24/2026 11:45,80.95,81,80.8,80.9
2/24/2026 11:35,80.65,80.95,80.65,80.95
2/24/2026 11:25,80.95,81,80.65,80.65
2/24/2026 11:15,81.2,81.25,80.9,80.9
2/24/2026 11:05,81.4,81.45,81.15,81.25
2/24/2026 10:55,81.35,81.6,81.2,81.35
2/24/2026 10:45,81.25,81.65,81.1,81.3
2/24/2026 10:35,81.15,81.4,80.8,81.25
2/24/2026 10:25,81.75,81.9,81.15,81.15
2/24/2026 10:15,81.8,81.8,81.5,81.75
2/24/2026 10:05,81.95,82,81.7,81.75
2/24/2026 9:55,82,82.05,81.6,81.95
2/24/2026 9:45,82.7,82.85,81.75,82.05
2/24/2026 9:35,83.35,83.4,82.6,82.7
2/24/2026 9:25,84.2,84.2,83.3,83.35
2/24/2026 9:15,84.2,84.2,84.2,84.2
