8/18/2026 3:50,954.63,955.5,952.76,953.5
8/18/2026 3:40,952.86,954.73,952.51,954.73
8/18/2026 3:30,952.45,953.3,951.91,952.81
8/18/2026 3:20,952.49,953,951.33,952.5
8/18/2026 3:10,950.9,952.55,950.48,952.345
8/18/2026 3:00,950.73,951.208,950.22,950.89
8/18/2026 2:50,950.96,950.96,950.33,950.64
8/18/2026 2:40,951.355,952.3,950.81,950.965
8/18/2026 2:30,951.78,951.84,951.14,951.375
8/18/2026 2:20,952.114,952.23,951.6,951.792
8/18/2026 2:10,952.385,952.78,952.105,952.14
8/18/2026 2:00,952.09,952.8,951.535,952.535
8/18/2026 1:50,951.4,952.53,951.4,952.265
8/18/2026 1:40,952.75,952.79,951.21,951.21
8/18/2026 1:30,952.78,952.79,951.23,952.635
8/18/2026 1:20,951.915,952.815,951.22,952.76
8/18/2026 1:10,954.019,954.019,951.17,951.92
8/18/2026 1:00,954.27,954.47,953.54,954.16
8/18/2026 0:50,954,954.71,954,954.48
8/18/2026 0:40,954.792,955,954.14,954.2
8/18/2026 0:30,953.82,955.22,953.61,954.78
8/18/2026 0:20,952.245,953.97,951.74,953.97
8/18/2026 0:10,951.21,952.6,951,952.11
8/18/2026 0:00,950.785,951.45,950.21,951.22
8/17/2026 23:50,949.79,951.02,949.79,950.87
8/17/2026 23:40,950.77,950.8,949.42,949.79
8/17/2026 23:30,950.3,951.2,950.14,950.77
8/17/2026 23:20,950.64,950.92,949.66,950.355
8/17/2026 23:10,952.39,952.56,950.41,950.64
8/17/2026 23:00,953.3,953.483,951.81,952.39
8/17/2026 22:50,955.15,955.15,952.91,953.335
8/17/2026 22:40,954.53,955.19,953.68,954.87
8/17/2026 22:30,953.01,954.69,953.01,954.455
8/17/2026 22:20,954.25,954.385,952.67,952.95
8/17/2026 22:10,955.05,955.384,953.198,954.16
8/17/2026 22:00,952.05,955.49,952.025,955.49
8/17/2026 21:50,951.21,953.42,950.99,952.155
8/17/2026 21:40,955.24,955.73,951,951.305
8/17/2026 21:30,954.835,956.75,952.27,955.44
8/15/2026 3:50,959.71,962,959.66,961.055
8/15/2026 3:40,961.395,961.42,959,959.76
8/15/2026 3:30,961.77,962.124,961.1,961.67
8/15/2026 3:20,961.455,961.74,961.13,961.63
8/15/2026 3:10,961.46,962.26,961.18,961.54
8/15/2026 3:00,961.945,962,961.01,961.5
8/15/2026 2:50,961.41,962.045,961.41,961.915
8/15/2026 2:40,961.54,961.96,961.18,961.43
8/15/2026 2:30,961.98,962.19,961.21,961.65
8/15/2026 2:20,962.04,962.37,961.56,962.1
8/15/2026 2:10,960.69,961.95,960.59,961.9
8/15/2026 2:00,961.665,961.665,960.45,960.71
8/15/2026 1:50,961.24,961.94,961.24,961.6
8/15/2026 1:40,961.2,962.052,961,961.24
8/15/2026 1:30,961.5,961.89,961.25,961.64
8/15/2026 1:20,962.035,962.24,961.23,961.23
8/15/2026 1:10,962.25,962.292,961.425,961.935
8/15/2026 1:00,961.57,962.13,961.22,962.01
8/15/2026 0:50,962.15,962.39,961.51,961.54
8/15/2026 0:40,962.3,962.58,961.62,962.245
8/15/2026 0:30,962.37,962.94,962.245,962.473
8/15/2026 0:20,963.195,963.47,962.21,962.37
8/15/2026 0:10,962.97,963.29,962.59,962.91
8/15/2026 0:00,962.635,963.55,962.09,963.084
8/14/2026 23:50,962.88,963.442,962.45,962.73
8/14/2026 23:40,962.88,964.2,962.753,962.753
8/14/2026 23:30,961.245,962.713,960.95,962.32
8/14/2026 23:20,959.49,961.4,959.19,961.14
8/14/2026 23:10,958.83,959.97,957.75,959.18
8/14/2026 23:00,958.76,959.47,958.51,959.04
8/14/2026 22:50,959.535,959.535,958.11,958.94
8/14/2026 22:40,960.49,961.015,959.14,959.5
8/14/2026 22:30,961.96,962.52,960.49,960.49
8/14/2026 22:20,962.82,963.17,960.09,962.24
8/14/2026 22:10,959.63,962.71,958.65,962.67
8/14/2026 22:00,963.54,964.19,959.376,960.095
8/14/2026 21:50,962.44,963.89,960.55,963.54
8/14/2026 21:40,961.03,963.58,960.35,962.15
8/14/2026 21:30,959.99,965.36,959.73,961.04
8/14/2026 3:50,961.12,962.58,960.75,961.85
8/14/2026 3:40,959.8,961.43,959.608,961.4
8/14/2026 3:30,958.26,960,958.26,959.72
8/14/2026 3:20,957.365,958.61,956.81,958.33
8/14/2026 3:10,956.34,957.98,955.75,957.2
8/14/2026 3:00,956.51,957.78,956.235,956.31
8/14/2026 2:50,956.11,956.98,955.9,956.43
8/14/2026 2:40,954.625,956.25,954.625,956.23
8/14/2026 2:30,955.16,955.3,953.81,954.485
8/14/2026 2:20,954.91,955.25,954.552,955.25
8/14/2026 2:10,955.34,955.58,954.7,954.915
8/14/2026 2:00,953.58,955.255,953.58,955.255
8/14/2026 1:50,952.75,954,952.75,953.725
8/14/2026 1:40,953.562,953.591,952.645,953.025
8/14/2026 1:30,953.485,953.75,953.14,953.445
8/14/2026 1:20,952.87,953.63,952.647,953.63
8/14/2026 1:10,952.99,952.99,952.29,952.74
8/14/2026 1:00,953.805,954.08,952.766,953
8/14/2026 0:50,953.07,954.36,952.995,953.56
8/14/2026 0:40,952.405,953.07,952.05,952.97
8/14/2026 0:30,951.535,952.62,951.14,952.395
8/14/2026 0:20,953.735,953.735,951.62,951.67
8/14/2026 0:10,952.8,954.5,952.64,953.6
8/14/2026 0:00,953.28,953.28,952.49,953.105
8/13/2026 23:50,952.47,953.57,952,953.57
8/13/2026 23:40,952.16,952.54,950.36,952.54
8/13/2026 23:30,949.79,952.29,949.527,952.102
8/13/2026 23:20,953.585,953.605,949.514,949.795
8/13/2026 23:10,953.98,955.1,953.49,953.49
8/13/2026 23:00,953.76,955.78,952.96,954.01
8/13/2026 22:50,955.02,955.31,953.22,953.84
8/13/2026 22:40,954.11,956,953.62,955.02
8/13/2026 22:30,954.99,955.2,953,954.11
8/13/2026 22:20,953.095,955.242,952.68,954.505
8/13/2026 22:10,952.98,953.329,949.59,953.12
8/13/2026 22:00,951.705,956,951,953.49
8/13/2026 21:50,953.41,954.8,951.46,951.66
8/13/2026 21:40,952.12,954.5,951.39,953.82
8/13/2026 21:30,954.245,954.99,950,952.55
8/13/2026 3:50,948.16,949.83,947.43,949.575
8/13/2026 3:40,949.41,949.97,948.1,948.12
8/13/2026 3:30,948.74,950.15,948.71,949.5
8/13/2026 3:20,948.52,948.97,948.2,948.59
8/13/2026 3:10,948.54,948.949,947.5,948.27
8/13/2026 3:00,948.4,948.99,948.143,948.74
8/13/2026 2:50,949.23,950,948.51,948.51
8/13/2026 2:40,948.84,949.56,948.67,949.255
8/13/2026 2:30,948.875,949.93,948.835,948.89
8/13/2026 2:20,950.18,950.18,948.5,948.862
8/13/2026 2:10,950.635,951,950.27,950.27
8/13/2026 2:00,950.38,950.72,949.57,950.645
8/13/2026 1:50,950.27,950.99,949.86,950.38
8/13/2026 1:40,949.295,950.27,948.35,950.27
8/13/2026 1:30,949.5,949.928,949.13,949.17
8/13/2026 1:20,950.63,950.79,949.55,949.85
8/13/2026 1:10,951.16,951.389,950.73,950.842
8/13/2026 1:00,949.815,951.17,949.716,950.977
8/13/2026 0:50,949.395,950.25,949.395,949.8
8/13/2026 0:40,949.25,949.58,948.759,949.5
8/13/2026 0:30,948.195,949.7,948.195,949.25
8/13/2026 0:20,948.73,948.73,947.62,948.06
8/13/2026 0:10,947.85,949.46,947.85,948.515
8/13/2026 0:00,948.135,948.83,947.75,948.299
8/12/2026 23:50,948.545,948.8,947.9,948
8/12/2026 23:40,948.465,948.68,947.223,948.5
8/12/2026 23:30,947.97,948.675,946.64,948.4
8/12/2026 23:20,947.77,948.26,946.8,947.51
8/12/2026 23:10,946.65,948,946.11,948
8/12/2026 23:00,946.8,946.85,945.3,946.85
8/12/2026 22:50,945.48,946.85,945.15,946.04
8/12/2026 22:40,945.43,946.6,944.58,945.97
8/12/2026 22:30,946.594,946.594,944.64,945.54
8/12/2026 22:20,946.88,948.878,945.1,945.1
8/12/2026 22:10,946.15,946.91,945,946.91
8/12/2026 22:00,944.45,946.17,943.73,946.17
8/12/2026 21:50,943.786,946.605,942.95,944.225
8/12/2026 21:40,944.16,945.75,941.56,943.49
8/12/2026 21:30,937.4,945,935.05,944.16
8/12/2026 3:50,944.02,945.5,943.76,944.32
8/12/2026 3:40,943.745,944.52,943.72,944.315
8/12/2026 3:30,942.625,944.23,942.38,943.75
8/12/2026 3:20,943.44,943.62,942.69,942.69
8/12/2026 3:10,943.095,943.62,942.8,943.295
8/12/2026 3:00,942.28,943.43,942.07,943.35
8/12/2026 2:50,942.28,942.51,941.635,942.28
8/12/2026 2:40,941.972,942.74,941.49,942.15
8/12/2026 2:30,940.79,942.37,940.755,942.33
8/12/2026 2:20,941.49,941.71,940.755,940.755
8/12/2026 2:10,941.02,941.7,941,941.5
8/12/2026 2:00,941.9,941.93,940.84,941.27
8/12/2026 1:50,942.628,942.74,941.6,941.89
8/12/2026 1:40,942.01,942.75,941.595,942.515
8/12/2026 1:30,941.38,942.33,941.119,942.13
8/12/2026 1:20,941.625,941.94,941.195,941.39
8/12/2026 1:10,941.285,942.01,940.82,941.73
8/12/2026 1:00,940.51,941.57,940.5,941.185
8/12/2026 0:50,940.51,940.92,940.28,940.405
8/12/2026 0:40,939.79,940.9,939.55,940.24
8/12/2026 0:30,940.305,940.51,939.63,939.96
8/12/2026 0:20,941.31,941.49,940.2,940.21
8/12/2026 0:10,940.82,941.56,940.72,941.175
8/12/2026 0:00,941.41,941.63,940.64,940.815
8/11/2026 23:50,942.795,942.98,941.59,941.6
8/11/2026 23:40,941.48,942.79,941.48,942.79
8/11/2026 23:30,939.97,941.43,939.622,941.43
8/11/2026 23:20,939,940.94,938.82,939.63
8/11/2026 23:10,939.6,940.35,938.09,939.05
8/11/2026 23:00,942.58,942.74,939.415,939.59
8/11/2026 22:50,943.2,943.6,942.345,942.57
8/11/2026 22:40,945.747,945.88,942.73,943.59
8/11/2026 22:30,945.78,946.28,945.08,945.775
8/11/2026 22:20,946.87,948.3,945.41,945.67
8/11/2026 22:10,946.56,947.01,944.01,946.74
8/11/2026 22:00,949.18,949.695,945.92,947.275
8/11/2026 21:50,952.8,953.75,949,949
8/11/2026 21:40,953.38,954,951.47,953.32
8/11/2026 21:30,950.05,954.9,947.76,953.9
8/11/2026 3:50,946.79,952.89,946.46,952.75
8/11/2026 3:40,946.4,947.65,946.23,946.88
8/11/2026 3:30,944.82,946.58,944.815,946.465
8/11/2026 3:20,949.34,949.34,944.75,944.935
8/11/2026 3:10,948.745,949.5,948.625,949.31
8/11/2026 3:00,948.84,949.22,948.205,948.81
8/11/2026 2:50,949.725,949.86,948.47,948.85
8/11/2026 2:40,949.85,950.02,949.255,949.596
8/11/2026 2:30,949.84,950.066,949.305,949.75
8/11/2026 2:20,949.86,950.145,949.6,949.8
8/11/2026 2:10,949.51,950.26,949.51,949.92
8/11/2026 2:00,949.65,950.05,949.39,949.61
8/11/2026 1:50,948.15,949.88,948.15,949.88
8/11/2026 1:40,947.72,948.96,947.57,948.275
8/11/2026 1:30,946.055,947.72,945.93,947.72
8/11/2026 1:20,946.31,946.78,945.88,945.89
8/11/2026 1:10,946.97,947.36,946.203,946.604
8/11/2026 1:00,947.675,947.675,946.385,946.705
8/11/2026 0:50,947.105,947.89,947.105,947.625
8/11/2026 0:40,946.58,947.22,946.38,947.105
8/11/2026 0:30,946.22,946.73,945.11,946.5
8/11/2026 0:20,945.855,946.12,945.07,946.08
8/11/2026 0:10,945.175,946.42,945.17,945.99
8/11/2026 0:00,944.95,945.41,944.39,945.175
8/10/2026 23:50,943.82,944.68,943.5,944.68
8/10/2026 23:40,943.73,944.37,943.06,943.53
8/10/2026 23:30,943.416,944.28,943,944.28
8/10/2026 23:20,944.85,944.85,942.832,943.065
8/10/2026 23:10,945.48,946,944.58,944.705
8/10/2026 23:00,947.565,947.79,944.58,945.48
8/10/2026 22:50,944.66,947.58,944.48,947.58
8/10/2026 22:40,944.02,945.537,943.52,944.655
8/10/2026 22:30,942.505,944.41,941.78,944.11
8/10/2026 22:20,942.81,943.199,941.21,942.54
8/10/2026 22:10,943.67,943.67,940.56,942.555
8/10/2026 22:00,944.415,946.25,943.28,943.86
8/10/2026 21:50,942.83,946.98,942.03,944.415
8/10/2026 21:40,946.105,947.59,941.43,942.445
8/10/2026 21:30,942.47,946.99,942.2,945.975
8/8/2026 3:50,947.09,948.58,946.67,947.82
8/8/2026 3:40,946.73,947.84,946.73,946.93
8/8/2026 3:30,946.44,947.75,946.135,946.67
8/8/2026 3:20,945.633,946.97,945.34,946.25
8/8/2026 3:10,944.81,945.555,944.385,945.51
8/8/2026 3:00,944.35,944.94,943.85,944.94
8/8/2026 2:50,943.63,944.621,943.4,943.98
8/8/2026 2:40,944.88,945.01,943.5,943.915
8/8/2026 2:30,945.53,945.54,944.65,944.85
8/8/2026 2:20,945.31,945.86,945.15,945.521
8/8/2026 2:10,945.94,946.295,945.26,945.69
8/8/2026 2:00,946.29,946.57,945.836,946.01
8/8/2026 1:50,946.3,947.095,946.3,946.35
8/8/2026 1:40,947.441,947.521,946.34,946.55
8/8/2026 1:30,946.95,947.5,946.83,947.445
8/8/2026 1:20,946.6,946.94,946.41,946.94
8/8/2026 1:10,945.917,947.35,945.917,946.89
8/8/2026 1:00,946.66,947.38,945.78,946.115
8/8/2026 0:50,946.58,947.49,946.14,946.78
8/8/2026 0:40,946.78,947.2,946.315,946.645
8/8/2026 0:30,945.68,946.93,945.68,946.88
8/8/2026 0:20,945.6,946.49,945.02,945.68
8/8/2026 0:10,945.122,946.49,945.122,945.73
8/8/2026 0:00,945.07,945.77,944.87,945.29
8/7/2026 23:50,945.225,946.44,945.065,945.8
8/7/2026 23:40,946.2,946.54,944.8,945.195
8/7/2026 23:30,945.02,946.49,944.69,945.87
8/7/2026 23:20,945.795,946.04,944.15,944.71
8/7/2026 23:10,945.715,946.916,945.16,945.74
8/7/2026 23:00,946.94,947.008,944.84,945.76
8/7/2026 22:50,947,948,945.83,946.96
8/7/2026 22:40,947.94,949.79,946.9,947.275
8/7/2026 22:30,946.19,948.09,945.752,947.62
8/7/2026 22:20,947.37,948.95,944.5,945.625
8/7/2026 22:10,945.6,949,945.48,947.54
8/7/2026 22:00,944.815,946.5,943.93,945.7
8/7/2026 21:50,943.32,945.14,941.83,945.09
8/7/2026 21:40,942.46,943.752,940.64,942.79
8/7/2026 21:30,943.51,945.22,937.51,943.013
8/7/2026 3:50,945.98,949.45,945.23,949.15
8/7/2026 3:40,945.87,946.2,944.835,945.78
8/7/2026 3:30,945.74,946.145,944.08,945.865
8/7/2026 3:20,945.49,946.32,944.91,945.475
8/7/2026 3:10,945.98,946.18,945.35,945.46
8/7/2026 3:00,946.29,946.52,945.21,945.819
8/7/2026 2:50,945.58,946.892,945.57,946.74
8/7/2026 2:40,944.835,945.9,944.29,945.86
8/7/2026 2:30,944.795,945.833,944.46,945.03
8/7/2026 2:20,945.41,945.42,944.41,944.79
8/7/2026 2:10,946.03,947.14,945.13,945.5
8/7/2026 2:00,944.84,946.78,943.93,946.03
8/7/2026 1:50,944.81,945.16,944.16,944.915
8/7/2026 1:40,945.61,946.33,944.67,944.77
8/7/2026 1:30,944.35,945.885,944.35,945.885
8/7/2026 1:20,943.955,944.45,943.02,944.27
8/7/2026 1:10,944.075,944.54,943.39,943.955
8/7/2026 1:00,944.71,945.09,943.81,943.985
8/7/2026 0:50,945.568,945.66,944.18,944.84
8/7/2026 0:40,945.97,946.69,944.61,945.625
8/7/2026 0:30,948.64,948.8,946.17,946.37
8/7/2026 0:20,946.155,948.85,945.96,947.91
8/7/2026 0:10,946.405,946.63,945.496,946.17
8/7/2026 0:00,945.955,947.78,945.66,946.72
8/6/2026 23:50,946.32,947.16,945.71,945.955
8/6/2026 23:40,946.9,948.04,946.18,946.63
8/6/2026 23:30,945.14,947,944.62,946.875
8/6/2026 23:20,947.58,947.63,944.27,945.13
8/6/2026 23:10,946.47,948.835,946.1,947.72
8/6/2026 23:00,946.93,949,945.43,946.83
8/6/2026 22:50,948.25,949,946.19,946.93
8/6/2026 22:40,947.235,949.4,946.36,948.43
8/6/2026 22:30,945.35,947.5,942.915,946.61
8/6/2026 22:20,945.265,945.74,942.62,944.83
8/6/2026 22:10,945.835,946.325,941.78,944.66
8/6/2026 22:00,950,952,946,946.25
8/6/2026 21:50,952.29,954.77,948.55,949.52
8/6/2026 21:40,959.69,961.175,951.63,951.65
8/6/2026 21:30,959.55,966.135,956,958.928
8/6/2026 3:50,940.29,943.555,940.24,941.99
8/6/2026 3:40,939.275,941.29,938.32,940.36
8/6/2026 3:30,940.09,941.1,939.23,939.23
8/6/2026 3:20,940.612,940.69,939.75,940.01
8/6/2026 3:10,939.7,940.82,939.36,940.68
8/6/2026 3:00,940.515,940.615,939.57,939.58
8/6/2026 2:50,941.12,941.17,940.5,940.56
8/6/2026 2:40,941,941.18,940.25,941
8/6/2026 2:30,939.98,940.918,939.76,940.87
8/6/2026 2:20,940,940.18,939.39,940.01
8/6/2026 2:10,940.97,941.455,940.04,940.04
8/6/2026 2:00,940.335,942,940.08,941.12
8/6/2026 1:50,940,940.57,939.5,940.57
8/6/2026 1:40,941.7,941.91,939.745,940
8/6/2026 1:30,941.32,942.11,941.06,941.79
8/6/2026 1:20,941.83,942.42,941.05,941.285
8/6/2026 1:10,942.015,942.34,941.6,941.94
8/6/2026 1:00,940.76,942.49,940.76,941.93
8/6/2026 0:50,940.346,940.7,939.76,940.43
8/6/2026 0:40,941.08,941.28,939.77,940.255
8/6/2026 0:30,940,942.12,940,940.58
8/6/2026 0:20,941.99,941.99,939.87,940.15
8/6/2026 0:10,942.835,945.17,941.68,942.24
8/6/2026 0:00,938.78,942.99,938.72,942.805
8/5/2026 23:50,938.08,939.57,938.065,938.57
8/5/2026 23:40,935.99,938.34,935.655,937.72
8/5/2026 23:30,936,936.86,935.22,936.23
8/5/2026 23:20,937.45,937.94,935.34,936.05
8/5/2026 23:10,939.15,939.42,937.19,937.253
8/5/2026 23:00,942.18,942.55,939,939
8/5/2026 22:50,941.76,942.47,940.51,941.88
8/5/2026 22:40,945.848,945.848,941.405,941.73
8/5/2026 22:30,942.79,945.88,942.79,945.58
8/5/2026 22:20,943.24,944.5,941.68,942.79
8/5/2026 22:10,942.01,943.15,940.97,943.15
8/5/2026 22:00,942.45,944.37,941.54,942.555
8/5/2026 21:50,939.82,942.5,938.5,942.5
8/5/2026 21:40,942.273,943.25,938.25,940.805
8/5/2026 21:30,956.99,956.99,940.54,942.515
8/5/2026 3:50,949.87,950.23,946,947.85
8/5/2026 3:40,949.345,950.86,949.31,949.86
8/5/2026 3:30,948.6,949.47,948.15,949.34
8/5/2026 3:20,948.01,949.1,947.77,948.35
8/5/2026 3:10,947.173,948.34,946.78,948
8/5/2026 3:00,947.325,947.91,947.02,947.39
8/5/2026 2:50,947.145,948,946.91,947.37
8/5/2026 2:40,946.5,947.69,946.46,947.23
8/5/2026 2:30,946.335,946.88,945.4,946.57
8/5/2026 2:20,946.8,946.855,945.839,946.177
8/5/2026 2:10,946.3,947.59,946.3,947.1
8/5/2026 2:00,945.68,946.3,944.915,946.3
8/5/2026 1:50,945.38,946.14,945.11,945.7
8/5/2026 1:40,945.065,945.45,944.56,945.43
8/5/2026 1:30,943.305,945.145,943.305,945
8/5/2026 1:20,942.19,943.5,942.14,943.28
8/5/2026 1:10,941.99,942.82,941.69,942.32
8/5/2026 1:00,942.25,942.65,941.5,941.97
8/5/2026 0:50,942.145,942.988,941.67,942.48
8/5/2026 0:40,942.91,943.55,942,942.209
8/5/2026 0:30,943.61,943.81,942.5,943.15
8/5/2026 0:20,944.12,944.22,943.4,943.605
8/5/2026 0:10,944,944.73,943.83,943.975
8/5/2026 0:00,944.674,944.674,943.43,944.17
8/4/2026 23:50,944.665,945.235,943.515,944.525
8/4/2026 23:40,944.02,944.85,943.43,944.84
8/4/2026 23:30,943.17,944.13,942.76,944.13
8/4/2026 23:20,943.28,943.89,942.26,942.865
8/4/2026 23:10,942.52,943.832,941.27,943.21
8/4/2026 23:00,943.995,944.14,941.6,942.5
8/4/2026 22:50,943.23,944,943,944
8/4/2026 22:40,943.29,944.5,942.82,943.15
8/4/2026 22:30,943,945.025,942.89,943.29
8/4/2026 22:20,942.095,945.76,942.095,943.195
8/4/2026 22:10,943.335,943.97,940.77,941.823
8/4/2026 22:00,942.02,943.86,941.62,943.65
8/4/2026 21:50,941,943.7,940.17,941.85
8/4/2026 21:40,938.7,942.5,937.7,941.55
8/4/2026 21:30,945,946.98,937.01,939.39
8/4/2026 3:50,953.73,955.55,952.84,954.08
8/4/2026 3:40,952.3,954.245,951.915,953.81
8/4/2026 3:30,951.74,952.625,951.6,952.37
8/4/2026 3:20,952.26,952.86,951.507,951.745
8/4/2026 3:10,952.448,952.75,951.89,952.43
8/4/2026 3:00,952.91,952.91,951.18,952.268
8/4/2026 2:50,951.85,953,951.81,952.585
8/4/2026 2:40,952.22,952.63,951.531,952.34
8/4/2026 2:30,952.045,953,951.62,952.22
8/4/2026 2:20,951.75,952.97,951.611,951.96
8/4/2026 2:10,949.425,951.72,949.425,951.49
8/4/2026 2:00,949.67,950.88,949.23,949.55
8/4/2026 1:50,950.85,950.93,949.4,949.675
8/4/2026 1:40,951.12,951.22,950.4,950.85
8/4/2026 1:30,951.135,951.23,950.01,951.07
8/4/2026 1:20,951.7,952.01,950.57,951.24
8/4/2026 1:10,952.14,952.14,951.205,951.655
8/4/2026 1:00,951.965,953.516,951.79,951.97
8/4/2026 0:50,952.21,952.21,951.37,951.96
8/4/2026 0:40,950.74,952,950.47,951.79
8/4/2026 0:30,950.88,950.97,948.75,950.97
8/4/2026 0:20,949.54,950.77,948.975,950.745
8/4/2026 0:10,950.56,951.195,949,949.64
8/4/2026 0:00,950.785,951.41,950.23,950.89
8/3/2026 23:50,953.06,953.67,950.445,951.21
8/3/2026 23:40,953.01,953.52,951.77,952.96
8/3/2026 23:30,955.47,955.47,952.51,953.3
8/3/2026 23:20,954.19,955.77,953.51,955.76
8/3/2026 23:10,953.12,954.222,951.9,954.16
8/3/2026 23:00,949.88,953,949.461,953
8/3/2026 22:50,950.51,952.005,948.954,950
8/3/2026 22:40,950.21,953,949.17,950.25
8/3/2026 22:30,952.29,952.96,949.4,949.79
8/3/2026 22:20,958.135,958.14,952.01,952.02
8/3/2026 22:10,959,960.18,956.154,957.31
8/3/2026 22:00,960.4,962.36,959.214,959.615
8/3/2026 21:50,962.615,964.3,959.36,960.2
8/3/2026 21:40,959,963,958.93,962.75
8/3/2026 21:30,965.15,967.98,957.85,958.091
8/1/2026 3:50,952.11,952.98,950.29,951.89
8/1/2026 3:40,952.9,953.44,952.03,952.09
8/1/2026 3:30,951.74,952.93,951.39,952.9
8/1/2026 3:20,953.335,953.48,951.845,951.85
8/1/2026 3:10,954.375,954.68,953.06,953.335
8/1/2026 3:00,954.245,954.585,953.33,954.37
8/1/2026 2:50,953.6,954.46,953,954.255
8/1/2026 2:40,953.14,953.95,953.037,953.6
8/1/2026 2:30,953.84,953.9,952.805,953.025
8/1/2026 2:20,954,954.67,953.185,953.855
8/1/2026 2:10,952.39,954.25,952.26,953.62
8/1/2026 2:00,951.09,952.15,950.72,952.15
8/1/2026 1:50,951.37,951.61,950.26,950.97
8/1/2026 1:40,951.38,952.398,950.91,951.66
8/1/2026 1:30,950.36,951.38,949.81,951.03
8/1/2026 1:20,950.97,951.08,950.04,950.505
8/1/2026 1:10,952.54,952.555,950.88,951.05
8/1/2026 1:00,951.345,952.35,951,952.35
8/1/2026 0:50,951.44,951.99,950.765,951.71
8/1/2026 0:40,950.175,952.29,950.125,951.53
8/1/2026 0:30,950.535,951.33,949.76,950.1
8/1/2026 0:20,950.875,951.75,950.36,950.55
8/1/2026 0:10,951.19,951.93,950.56,951.16
8/1/2026 0:00,952.4,952.4,950.66,951.345
7/31/2026 23:50,951.49,953.227,950.9,951.99
7/31/2026 23:40,951,952.05,950.47,951.65
7/31/2026 23:30,950.05,952.04,949.68,950.78
7/31/2026 23:20,947.77,951.81,947.77,950.185
7/31/2026 23:10,947.85,949.15,946.2,947.71
7/31/2026 23:00,947.09,947.69,945.54,947.6
7/31/2026 22:50,947.86,948.785,945.5,947.38
7/31/2026 22:40,947.91,950.91,947.75,947.925
7/31/2026 22:30,948.03,949,947.11,947.79
7/31/2026 22:20,949.95,951.82,948,948.63
7/31/2026 22:10,953.38,955.56,949.23,950
7/31/2026 22:00,948.59,953.63,948.12,953.63
7/31/2026 21:50,946.665,948.99,945.08,948.18
7/31/2026 21:40,941.51,948.5,939.84,947.01
7/31/2026 21:30,945.74,947,937.51,941.807
7/31/2026 3:50,953.39,955.875,951.61,953.86
7/31/2026 3:40,952.07,953.4,951.27,953.01
7/31/2026 3:30,953.67,953.98,951.65,952.037
7/31/2026 3:20,953.36,953.855,952.32,953.5
7/31/2026 3:10,953.44,954.29,952.77,953.16
7/31/2026 3:00,953.76,954.61,952.45,953.29
7/31/2026 2:50,952.43,954.5,952.34,953.96
7/31/2026 2:40,952.44,952.95,951.86,952.46
7/31/2026 2:30,951.83,952.54,951.45,952.19
7/31/2026 2:20,952.505,952.51,951.335,952.215
7/31/2026 2:10,950.97,952.61,950.81,952.505
7/31/2026 2:00,951.13,952.56,951.05,951.17
7/31/2026 1:50,950.67,951.97,950.22,951.04
7/31/2026 1:40,951.215,951.78,950.26,950.935
7/31/2026 1:30,951.44,951.85,949.68,951.115
7/31/2026 1:20,951.466,952.83,950.712,951.5
7/31/2026 1:10,952.01,952.26,950.58,951.35
7/31/2026 1:00,953.58,954.46,951.94,952.08
7/31/2026 0:50,953.33,954.91,953.16,953.515
7/31/2026 0:40,953.51,954.77,952.61,953.525
7/31/2026 0:30,952.02,954.065,951.7,952.98
7/31/2026 0:20,954.52,954.87,951.74,951.8
7/31/2026 0:10,953.79,954.87,952.31,954.87
7/31/2026 0:00,955.34,955.34,953.02,953.39
7/30/2026 23:50,955.855,957.2,955.338,955.338
7/30/2026 23:40,954.56,956.99,954.39,955.85
7/30/2026 23:30,953.445,955.78,953.13,955.05
7/30/2026 23:20,954.06,954.71,952.58,953.445
7/30/2026 23:10,952.74,954.58,951.6,953.98
7/30/2026 23:00,955.365,955.54,950.59,951.91
7/30/2026 22:50,952.03,957.157,951.68,955.3
7/30/2026 22:40,953.56,954.97,952.11,952.11
7/30/2026 22:30,952.3,953.91,950.1,952.73
7/30/2026 22:20,954.01,954.427,950.935,952.77
7/30/2026 22:10,957.56,957.8,954.17,954.18
7/30/2026 22:00,952.72,959.143,950.335,958.58
7/30/2026 21:50,954.31,955.45,950.51,953.03
7/30/2026 21:40,959.52,960.7,954.43,954.875
7/30/2026 21:30,955.04,960.76,953,959.262
7/30/2026 3:50,974.54,975.3,971.67,974.03
7/30/2026 3:40,972.78,974.79,971.85,974.31
7/30/2026 3:30,970.52,972.7,969.72,972.61
7/30/2026 3:20,972.98,973.28,970.43,970.43
7/30/2026 3:10,971.66,973.01,970.589,972.78
7/30/2026 3:00,972.025,973.25,970.835,971.105
7/30/2026 2:50,972.81,974.18,971.96,972.31
7/30/2026 2:40,972.875,973.48,971.57,972.69
7/30/2026 2:30,973.98,974.79,972.45,972.875
7/30/2026 2:20,972.39,974.99,972.299,974.375
7/30/2026 2:10,971.39,973.37,970.211,972.38
7/30/2026 2:00,976.45,977.23,970.64,971.27
7/30/2026 1:50,975.3,976.732,974.68,975.78
7/30/2026 1:40,974.8,975.89,974.78,975.44
7/30/2026 1:30,972.828,975.67,972.61,974.935
7/30/2026 1:20,973.59,974.09,972.525,973.43
7/30/2026 1:10,973.355,974.34,973.02,973.915
7/30/2026 1:00,975.55,976,973.425,973.56
7/30/2026 0:50,975.8,975.92,974.4,975.37
7/30/2026 0:40,976.91,977.28,975.09,975.77
7/30/2026 0:30,976.8,977.78,976.1,976.845
7/30/2026 0:20,977.14,978.1,976.485,977
7/30/2026 0:10,978.08,978.8,977.09,977.13
7/30/2026 0:00,974.43,978.56,974,978.23
7/29/2026 23:50,975.62,976.34,974.605,974.605
7/29/2026 23:40,975.4,976.21,974.871,975.58
7/29/2026 23:30,974.42,975.77,973.28,975.77
7/29/2026 23:20,971.97,974.22,971.144,974.22
7/29/2026 23:10,971.45,973.39,970.75,971.51
7/29/2026 23:00,970.91,972.05,969.18,971.87
7/29/2026 22:50,972.42,973.67,970.04,970.745
7/29/2026 22:40,974.07,976.5,972.46,972.53
7/29/2026 22:30,972.16,973.78,970.08,973.63
7/29/2026 22:20,971.785,974.38,970,972.23
7/29/2026 22:10,969.87,973.1,969.78,971.795
7/29/2026 22:00,972,972,967.74,969.01
7/29/2026 21:50,969.79,976.767,969.5,972.74
7/29/2026 21:40,971.32,973.69,969.925,970
7/29/2026 21:30,968.07,972.09,963,971.99
7/29/2026 3:50,968.13,968.87,965.87,966.58
7/29/2026 3:40,968.91,969.99,967.085,968.13
7/29/2026 3:30,966.62,969.59,966,968.755
7/29/2026 3:20,969.055,969.15,966.77,966.77
7/29/2026 3:10,969.43,970.17,968.45,969.31
7/29/2026 3:00,971.94,971.94,969,969.43
7/29/2026 2:50,971.87,973.68,971.84,972.02
7/29/2026 2:40,971.052,972.03,971,971.925
7/29/2026 2:30,971.29,971.53,970.66,971.29
7/29/2026 2:20,971.91,971.91,970.55,971.18
7/29/2026 2:10,970.37,972.79,970.231,971.99
7/29/2026 2:00,970,971.19,969.05,970.07
7/29/2026 1:50,971.12,971.66,969.885,969.9
7/29/2026 1:40,969.935,971.54,969.69,970.85
7/29/2026 1:30,969.39,970,969.01,969.935
7/29/2026 1:20,969.97,970.16,968.68,969.185
7/29/2026 1:10,970.65,970.78,969.29,969.97
7/29/2026 1:00,970.58,971.25,970.19,970.417
7/29/2026 0:50,971,971.45,969.747,970.335
7/29/2026 0:40,972.03,972.295,970.86,971.29
7/29/2026 0:30,972.71,974.419,972.05,972.05
7/29/2026 0:20,973.93,974.25,972.47,972.47
7/29/2026 0:10,975.46,975.665,973.38,973.695
7/29/2026 0:00,973.8,975.62,972.16,975.62
7/28/2026 23:50,974.11,976.148,973.54,973.66
7/28/2026 23:40,976.89,977.16,973.439,974.08
7/28/2026 23:30,979.1,979.6,975.705,976.53
7/28/2026 23:20,979.575,979.575,977.535,979.325
7/28/2026 23:10,980.76,982,979.031,979.4
7/28/2026 23:00,983.345,983.38,980.74,980.77
7/28/2026 22:50,983.17,985.09,982.25,983.355
7/28/2026 22:40,984.58,986.573,983.38,983.41
7/28/2026 22:30,985,985.95,980.759,984.69
7/28/2026 22:20,985.38,986.44,982.23,985.1
7/28/2026 22:10,983.05,986.14,979.505,985.11
7/28/2026 22:00,986.02,986.5,980.21,982.81
7/28/2026 21:50,980.44,987.552,980.339,985.92
7/28/2026 21:40,977.74,982.81,976.6,980.845
7/28/2026 21:30,970.55,977.794,968.095,977.405
7/28/2026 3:50,952.07,952.47,950.06,951.58
7/28/2026 3:40,951.93,951.94,950.2,951.78
7/28/2026 3:30,950.23,952.3,949.06,951.945
7/28/2026 3:20,949.92,951.28,949.46,950.235
7/28/2026 3:10,951.59,951.73,950,950.06
7/28/2026 3:00,951.53,952.56,950.73,951.52
7/28/2026 2:50,953.7,954.345,951.491,951.491
7/28/2026 2:40,953.65,954.17,952.96,953.63
7/28/2026 2:30,952.59,953.65,952.42,953.65
7/28/2026 2:20,951.89,952.75,951.26,952.355
7/28/2026 2:10,951.86,952.5,951.21,952.5
7/28/2026 2:00,951.07,952.1,950.795,951.535
7/28/2026 1:50,950.69,951.47,950.54,950.82
7/28/2026 1:40,949.96,950.66,949.59,950.51
7/28/2026 1:30,949.68,950.25,948.945,949.62
7/28/2026 1:20,950.185,950.42,949.363,949.545
7/28/2026 1:10,950.59,950.99,949.57,950.35
7/28/2026 1:00,947.965,950.98,947.94,950.58
7/28/2026 0:50,947.269,948.825,946.75,948.105
7/28/2026 0:40,946.34,947.44,945.59,946.98
7/28/2026 0:30,946.77,947.6,945.5,946.17
7/28/2026 0:20,947.985,948.78,946.281,947.09
7/28/2026 0:10,948.24,948.466,946.68,948.2
7/28/2026 0:00,949.31,949.48,947.05,948.34
7/27/2026 23:50,952.52,952.71,949.21,949.59
7/27/2026 23:40,953.47,953.82,951.77,952.65
7/27/2026 23:30,950.23,953.5,950.225,953.315
7/27/2026 23:20,950.52,951.354,949.04,950.235
7/27/2026 23:10,951.565,952.15,950.04,950.535
7/27/2026 23:00,951.31,953.01,950.35,951.545
7/27/2026 22:50,950.07,951.95,949.26,951.25
7/27/2026 22:40,953.45,956.61,949.528,950.265
7/27/2026 22:30,949.67,954.26,949.33,953.33
7/27/2026 22:20,947.45,950.13,947.25,949.74
7/27/2026 22:10,944.75,948.24,944.46,947.165
7/27/2026 22:00,944.29,946.75,943.14,943.92
7/27/2026 21:50,944.99,945.94,942.945,944.13
7/27/2026 21:40,941.125,947.065,941.125,945.3
7/27/2026 21:30,938.11,943.79,936.655,941.78
7/25/2026 3:50,935,936.66,934.69,935.03
7/25/2026 3:40,934.515,935.99,934.515,935.3
7/25/2026 3:30,933.28,934.835,932.374,934.46
7/25/2026 3:20,934.645,934.95,933.14,933.32
7/25/2026 3:10,934.58,934.91,933.582,934.62
7/25/2026 3:00,934.11,935.27,933.75,934.395
7/25/2026 2:50,934.12,934.5,933.5,934.27
7/25/2026 2:40,934.095,934.66,933.24,933.845
7/25/2026 2:30,932.72,934.285,932.72,934.03
7/25/2026 2:20,932.225,933.01,932.05,932.715
7/25/2026 2:10,931.07,932.265,931.07,932.19
7/25/2026 2:00,931.745,931.81,930.8,931.075
7/25/2026 1:50,931.79,932.34,931.6,931.72
7/25/2026 1:40,932.88,932.975,931.51,931.51
7/25/2026 1:30,932.865,933.29,931.54,932.56
7/25/2026 1:20,933,933.3,932.44,932.9
7/25/2026 1:10,933.215,933.75,932.635,933.095
7/25/2026 1:00,931.89,933.48,931.89,933.255
7/25/2026 0:50,933.24,933.79,931.79,931.79
7/25/2026 0:40,932.71,933.41,932.34,932.92
7/25/2026 0:30,932.56,933.362,932.03,932.85
7/25/2026 0:20,932.45,932.69,931.34,932.4
7/25/2026 0:10,931.1,933.24,930.83,932.41
7/25/2026 0:00,932.31,933.02,930.94,931.32
7/24/2026 23:50,932.555,933.06,931.82,932.19
7/24/2026 23:40,932.28,933.68,931.814,932.32
7/24/2026 23:30,931.66,932.57,930.76,932.065
7/24/2026 23:20,930.49,931.82,930.17,931.66
7/24/2026 23:10,930.79,931.24,929.295,930.4
7/24/2026 23:00,931.99,932.76,930.53,931.21
7/24/2026 22:50,932.88,933.3,930.8,931.95
7/24/2026 22:40,933.74,935.273,932.36,933.17
7/24/2026 22:30,931.83,933.65,930.76,933.363
7/24/2026 22:20,932.465,932.995,930.3,931.67
7/24/2026 22:10,929.71,933.95,929.11,932.805
7/24/2026 22:00,927.63,930.5,927.241,929.33
7/24/2026 21:50,927.78,929.86,927.185,928.17
7/24/2026 21:40,926.75,929.45,925.355,927.56
7/24/2026 21:30,925.01,930.49,921.28,926.52
7/24/2026 3:50,920.404,925.059,919.977,924.59
7/24/2026 3:40,921.145,922.124,919.997,920.287
7/24/2026 3:30,920.651,921.774,920.437,921.145
7/24/2026 3:20,922.119,922.523,920.636,920.756
7/24/2026 3:10,922.658,922.658,921.335,922.119
7/24/2026 3:00,920.596,922.638,920.417,922.638
7/24/2026 2:50,920.067,921.195,919.728,920.636
7/24/2026 2:40,919.039,920.407,918.729,920.097
7/24/2026 2:30,919.443,920.127,919.219,919.318
7/24/2026 2:20,919.848,920.087,918.999,919.219
7/24/2026 2:10,919.892,920.077,919.019,919.957
7/24/2026 2:00,919.039,920.177,918.865,919.723
7/24/2026 1:50,920.367,920.826,918.54,918.704
7/24/2026 1:40,920.357,921.011,920.037,920.726
7/24/2026 1:30,918.669,920.337,918.46,920.047
7/24/2026 1:20,918.04,918.967,917.551,918.644
7/24/2026 1:10,918.944,919.887,917.441,918.045
7/24/2026 1:00,917.941,918.969,917.681,918.894
7/24/2026 0:50,918.17,919.538,917.551,918.105
7/24/2026 0:40,916.932,918.54,916.917,917.891
7/24/2026 0:30,916.857,917.911,916.543,916.694
7/24/2026 0:20,917.052,917.731,916.493,916.703
7/24/2026 0:10,919.423,919.538,917.002,917.062
7/24/2026 0:00,918.47,919.768,917.097,919.52
7/23/2026 23:50,919.728,920.042,917.851,918.53
7/23/2026 23:40,917.826,920.656,917.621,920.207
7/23/2026 23:30,918.54,919.159,915.864,917.851
7/23/2026 23:20,918.13,920.157,918.025,918.54
7/23/2026 23:10,921.58,922.713,918.41,918.53
7/23/2026 23:00,921.475,922.493,920.681,921.864
7/23/2026 22:50,919.119,922.493,918.52,920.986
7/23/2026 22:40,916.902,920.237,916.148,919.074
7/23/2026 22:30,916.281,918.769,915.584,916.922
7/23/2026 22:20,916.583,916.802,915.305,916.278
7/23/2026 22:10,921.295,922.134,916.543,916.732
7/23/2026 22:00,920.227,921.385,918.54,921.295
7/23/2026 21:50,920.447,922.164,918.54,920.217
7/23/2026 21:40,921.26,922.533,918.54,920.447
7/23/2026 21:30,919.044,922.523,915.544,921.193
7/23/2026 3:50,926.212,926.497,924.45,925.838
7/23/2026 3:40,924.066,926.317,924.061,926.113
7/23/2026 3:30,923.152,924.44,922.493,923.792
7/23/2026 3:20,920.866,923.317,920.866,923.112
7/23/2026 3:10,921.585,921.704,920.826,920.991
7/23/2026 3:00,922.295,922.295,920.157,921.315
7/23/2026 2:50,921.794,923.003,921.794,922.199
7/23/2026 2:40,922.753,922.753,921.225,921.874
7/23/2026 2:30,923.147,923.532,922.733,922.753
7/23/2026 2:20,923.242,923.432,922.783,923.192
7/23/2026 2:10,922.733,923.532,922.463,923.062
7/23/2026 2:00,923.032,923.462,922.364,922.623
7/23/2026 1:50,922.453,923.442,921.994,923.317
7/23/2026 1:40,922.124,922.393,921.834,922.393
7/23/2026 1:30,922.189,922.983,922.144,922.144
7/23/2026 1:20,923.609,923.751,922.004,922.374
7/23/2026 1:10,924.186,924.41,923.296,923.527
7/23/2026 1:00,922.234,924.186,922.079,923.981
7/23/2026 0:50,922.377,922.452,921.455,922.452
7/23/2026 0:40,921.155,922.433,920.976,921.924
7/23/2026 0:30,921.15,921.325,920.437,921.125
7/23/2026 0:20,921.036,921.349,920.427,921.295
7/23/2026 0:10,920.876,921.54,920.666,920.766
7/23/2026 0:00,921.036,921.175,920.357,921.091
7/22/2026 23:50,921.615,922.054,920.576,921.036
7/22/2026 23:40,921.185,921.764,920.182,921.61
7/22/2026 23:30,919.568,921.425,919.568,921.116
7/22/2026 23:20,920.756,921.016,919.503,920.137
7/22/2026 23:10,920.646,921.125,919.608,920.631
7/22/2026 23:00,924.051,924.051,920.536,921.056
7/22/2026 22:50,923.072,925.723,922.853,924.101
7/22/2026 22:40,924.865,924.889,923.052,923.072
7/22/2026 22:30,924.25,924.608,922.334,924.578
7/22/2026 22:20,926.617,926.996,924.011,924.645
7/22/2026 22:10,925.119,928.524,925.119,927.176
7/22/2026 22:00,924.31,925.608,923.282,924.71
7/22/2026 21:50,924.58,925.469,922.533,924.271
7/22/2026 21:40,923.222,926.502,922.493,924.865
7/22/2026 21:30,929.402,932.118,922.893,924.049
7/22/2026 3:50,928.674,928.674,926.352,927.745
7/22/2026 3:40,928.02,929.013,927.905,928.679
7/22/2026 3:30,929.842,930.411,927.7,928.204
7/22/2026 3:20,928.953,930.281,928.713,929.907
7/22/2026 3:10,928.883,929.021,927.715,928.883
7/22/2026 3:00,928.748,929.243,928.354,928.788
7/22/2026 2:50,928.828,929.322,928.584,928.733
7/22/2026 2:40,928.124,928.763,927.276,928.763
7/22/2026 2:30,928.874,929.322,928.219,928.219
7/22/2026 2:20,929.692,929.692,928.085,929.143
7/22/2026 2:10,928.848,929.671,928.479,929.671
7/22/2026 2:00,927.545,928.928,927.425,928.928
7/22/2026 1:50,927.695,927.885,927.376,927.745
7/22/2026 1:40,927.525,927.745,926.946,927.505
7/22/2026 1:30,926.472,927.84,926.357,927.555
7/22/2026 1:20,925.998,926.702,925.538,926.477
7/22/2026 1:10,924.929,927.076,924.919,926.028
7/22/2026 1:00,925.998,926.242,924.919,925.054
7/22/2026 0:50,926.607,926.697,925.529,926.292
7/22/2026 0:40,926.372,927.341,925.668,926.507
7/22/2026 0:30,928.214,928.903,926.327,926.372
7/22/2026 0:20,927.425,928.374,926.285,928.374
7/22/2026 0:10,928.703,928.983,927.026,927.376
7/22/2026 0:00,927.93,928.733,927.435,928.604
7/21/2026 23:50,926.866,928.424,926.797,927.785
7/21/2026 23:40,927.85,927.865,926.527,926.707
7/21/2026 23:30,929.093,929.889,927.002,927.71
7/21/2026 23:20,928.279,930.511,927.665,928.723
7/21/2026 23:10,927.785,928.374,926.177,928.374
7/21/2026 23:00,928.948,929.253,927.021,928.059
7/21/2026 22:50,925.623,929.073,924.791,929.073
7/21/2026 22:40,925.968,926.088,924.885,925.199
7/21/2026 22:30,927.099,928.234,925.928,926.058
7/21/2026 22:20,929.522,929.912,926.867,927.016
7/21/2026 22:10,926.906,929.223,926.347,929.123
7/21/2026 22:00,925.029,926.776,924.041,926.567
7/21/2026 21:50,925.029,926.327,924.231,925.459
7/21/2026 21:40,928.159,928.159,922.973,925.738
7/21/2026 21:30,928.773,930.121,923.681,927.61
7/21/2026 3:50,935.952,936.511,934.275,934.315
7/21/2026 3:40,935.453,937.1,935.453,935.458
7/21/2026 3:30,933.396,935.772,933.396,935.622
7/21/2026 3:20,933.556,934.484,933.156,933.581
7/21/2026 3:10,932.647,933.516,931.699,933.316
7/21/2026 3:00,931.988,933.416,931.659,932.617
7/21/2026 2:50,931.679,932.602,931.419,931.988
7/21/2026 2:40,931.544,931.759,930.531,931.689
7/21/2026 2:30,932.522,932.606,930.94,931.544
7/21/2026 2:20,931.898,932.767,931.749,932.487
7/21/2026 2:10,933.126,933.795,932.068,932.078
7/21/2026 2:00,933.017,933.885,932.957,932.957
7/21/2026 1:50,933.626,934.115,932.737,933.366
7/21/2026 1:40,935.403,936.366,933.616,933.755
7/21/2026 1:30,934.424,935.952,933.815,935.403
7/21/2026 1:20,935.276,935.338,933.716,934.534
7/21/2026 1:10,935.403,936.152,935.353,935.373
7/21/2026 1:00,935.048,936.411,934.554,935.198
7/21/2026 0:50,935.413,935.87,934.165,935.048
7/21/2026 0:40,935.123,936.221,933.715,935.792
7/21/2026 0:30,936.958,937.17,934.545,935.128
7/21/2026 0:20,936.077,937.28,935.543,936.975
7/21/2026 0:10,935.974,936.89,935.912,936.281
7/21/2026 0:00,936.781,936.781,935.892,936.421
7/20/2026 23:50,938.755,938.765,936.511,936.841
7/20/2026 23:40,938.807,939.267,937.859,938.877
7/20/2026 23:30,938.213,938.797,936.89,938.797
7/20/2026 23:20,939.806,939.99,938.108,938.213
7/20/2026 23:10,940.834,940.834,938.727,940.015
7/20/2026 23:00,943.051,943.051,939.227,940.105
7/20/2026 22:50,940.58,943.24,939.546,942.721
7/20/2026 22:40,941.728,941.895,939.766,940.5
7/20/2026 22:30,941.313,942.197,940.56,941.728
7/20/2026 22:20,943.61,945.475,940.639,941.558
7/20/2026 22:10,940.305,943.776,939.177,943.776
7/20/2026 22:00,941.323,943.969,939.197,939.526
7/20/2026 21:50,938.787,943.59,938.787,942.559
7/20/2026 21:40,938.678,940.505,937.654,938.922
7/20/2026 21:30,937.26,939.896,933.516,938.187
7/18/2026 3:50,937.22,940.345,936.541,939.376
7/18/2026 3:40,937.325,937.999,936.401,937.27
7/18/2026 3:30,935.882,937.34,934.765,937.325
7/18/2026 3:20,937.3,938.148,935.672,935.932
7/18/2026 3:10,936.431,937.509,936.251,937.3
7/18/2026 3:00,936.691,937.215,935.573,936.441
7/18/2026 2:50,937.619,938.168,936.571,936.571
7/18/2026 2:40,936.681,937.829,936.561,937.47
7/18/2026 2:30,935.992,936.82,934.824,936.641
7/18/2026 2:20,937.065,937.544,935.176,935.802
7/18/2026 2:10,936.248,937.21,935.642,937.07
7/18/2026 2:00,934.374,936.501,934.24,935.672
7/18/2026 1:50,934.23,934.964,933.805,934.609
7/18/2026 1:40,935.872,937.055,934.299,934.379
7/18/2026 1:30,932.867,935.902,932.742,935.742
7/18/2026 1:20,934.125,934.624,932.912,933.191
7/18/2026 1:10,932.817,934.04,932.278,934.04
7/18/2026 1:00,933.586,933.73,932.767,933.071
7/18/2026 0:50,933.875,934.115,932.817,933.411
7/18/2026 0:40,935.842,936.281,933.845,933.925
7/18/2026 0:30,935.393,936.411,935.148,935.463
7/18/2026 0:20,934.614,935.862,934.514,935.303
7/18/2026 0:10,936.94,937.185,934.344,934.344
7/18/2026 0:00,939.546,939.566,936.636,937.285
7/17/2026 23:50,940.984,941.079,939.396,939.541
7/17/2026 23:40,942.7,943.44,940.954,941.308
7/17/2026 23:30,944.713,944.808,942.681,942.681
7/17/2026 23:20,945.821,946.445,944.329,944.369
7/17/2026 23:10,946.021,946.276,944.828,945.836
7/17/2026 23:00,944.438,947.309,944.398,945.926
7/17/2026 22:50,943.25,944.858,942.152,944.433
7/17/2026 22:40,944.918,945.736,943.27,943.68
7/17/2026 22:30,946.036,948.402,943.715,944.918
7/17/2026 22:20,944.488,946.266,943.27,945.177
7/17/2026 22:10,949.301,949.5,942.741,943.76
7/17/2026 22:00,954.288,954.482,947.883,949.77
7/17/2026 21:50,956.187,956.879,953.295,953.634
7/17/2026 21:40,961.122,962.799,955.086,956.17
7/17/2026 21:30,959.994,962.31,951.487,960.837
7/17/2026 3:50,940.704,944.259,940.548,944.069
7/17/2026 3:40,939.591,941.663,939.207,940.854
7/17/2026 3:30,938.188,940.115,937.599,939.586
7/17/2026 3:20,941.084,941.214,938.019,938.173
7/17/2026 3:10,941.383,941.843,940.325,941.214
7/17/2026 3:00,941.688,941.862,940.694,941.513
7/17/2026 2:50,941.623,942.002,940.335,941.688
7/17/2026 2:40,941.293,941.982,940.864,941.618
7/17/2026 2:30,938.673,941.493,938.673,941.099
7/17/2026 2:20,939.032,939.366,938.398,938.727
7/17/2026 2:10,940.789,941.194,939.117,939.117
7/17/2026 2:00,938.558,941.004,938.418,941.004
7/17/2026 1:50,938.118,939.916,938.118,938.767
7/17/2026 1:40,938.108,939.007,937.549,938.118
7/17/2026 1:30,937.36,938.108,936.822,938.049
7/17/2026 1:20,937.819,938.158,936.98,937.579
7/17/2026 1:10,937.719,938.009,936.96,937.819
7/17/2026 1:00,936.261,938.009,935.692,937.889
7/17/2026 0:50,937.28,937.33,935.283,936.294
7/17/2026 0:40,937.11,938.253,936.511,937.174
7/17/2026 0:30,935.153,937.39,934.774,937.39
7/17/2026 0:20,935.273,936.251,934.719,935.013
7/17/2026 0:10,933.855,935.752,933.706,935.063
7/17/2026 0:00,933.885,934.514,933.306,933.775
7/16/2026 23:50,932.947,934.273,932.817,933.89
7/16/2026 23:40,932.637,934.644,932.497,932.947
7/16/2026 23:30,932.188,933.017,931.569,932.537
7/16/2026 23:20,932.967,933.216,931.479,931.796
7/16/2026 23:10,931.219,933.456,930.9,933.057
7/16/2026 23:00,929.732,932.248,929.532,931.09
7/16/2026 22:50,927.955,932.206,927.955,929.462
7/16/2026 22:40,927.126,928.673,926.557,928.319
7/16/2026 22:30,927.166,927.525,925.728,927.056
7/16/2026 22:20,927.226,928.524,926.527,926.747
7/16/2026 22:10,929.752,930.241,925.693,926.986
7/16/2026 22:00,933.111,933.767,929.607,929.752
7/16/2026 21:50,933.516,933.945,930.531,933.111
7/16/2026 21:40,935.488,937.01,933.516,934.514
7/16/2026 21:30,922.533,935.543,920.037,935.543
7/16/2026 3:50,911.666,915.085,910.303,915.085
7/16/2026 3:40,909.664,911.84,909.055,911.661
7/16/2026 3:30,913.258,913.258,909.354,909.843
7/16/2026 3:20,916.952,917.611,913.028,913.068
7/16/2026 3:10,916.213,917.042,916.034,917.042
7/16/2026 3:00,918.989,919.194,915.524,916.213
7/16/2026 2:50,917.082,919.248,916.847,919.159
7/16/2026 2:40,918.11,918.708,916.762,917.087
7/16/2026 2:30,918.42,918.536,917.118,918.115
7/16/2026 2:20,920.167,920.526,918.1,918.625
7/16/2026 2:10,919.089,922.294,918.649,920.327
7/16/2026 2:00,921.036,921.036,918.809,918.923
7/16/2026 1:50,920.976,921.468,920.157,920.991
7/16/2026 1:40,920.392,921.52,920.377,920.986
7/16/2026 1:30,920.237,920.506,919.543,920.397
7/16/2026 1:20,921.31,921.415,919.878,920.037
7/16/2026 1:10,922.453,922.633,921.39,921.39
7/16/2026 1:00,923.19,923.222,921.884,922.274
7/16/2026 0:50,924.181,924.181,921.994,922.943
7/16/2026 0:40,924.46,925.788,923.322,924.226
7/16/2026 0:30,923.132,926.028,922.324,924.396
7/16/2026 0:20,923.981,924.091,922.633,923.132
7/16/2026 0:10,923.232,924.52,923.162,923.711
7/16/2026 0:00,922.503,923.776,921.665,922.993
7/15/2026 23:50,922.773,924.43,922.493,922.503
7/15/2026 23:40,920.676,924.031,920.167,922.403
7/15/2026 23:30,920.516,921.165,919.149,920.861
7/15/2026 23:20,920.836,923.022,919.578,920.032
7/15/2026 23:10,919.818,920.996,918.15,920.404
7/15/2026 23:00,922.668,923.292,919.174,919.431
7/15/2026 22:50,919.897,923.532,919.897,922.958
7/15/2026 22:40,923.921,924.121,919.398,919.902
7/15/2026 22:30,920.936,923.831,920.706,923.821
7/15/2026 22:20,921.398,923.062,920.816,920.898
7/15/2026 22:10,921.125,922.313,919.398,920.976
7/15/2026 22:00,919.892,923.102,919.892,921.365
7/15/2026 21:50,923.691,925.429,919.708,919.892
7/15/2026 21:40,923.097,926.104,922.948,923.981
7/15/2026 21:30,916.293,924.146,914.985,922.928
7/15/2026 3:50,920.896,920.916,919.169,920.287
7/15/2026 3:40,919.283,920.946,919.059,920.626
7/15/2026 3:30,918.58,919.248,918.09,919.248
7/15/2026 3:20,917.846,918.974,917.102,918.684
7/15/2026 3:10,918.265,918.29,917.521,917.851
7/15/2026 3:00,917.362,918.789,917.182,918.265
7/15/2026 2:50,917.911,918.01,917.292,917.621
7/15/2026 2:40,918.04,918.45,917.331,918.03
7/15/2026 2:30,918.95,918.95,917.751,918.03
7/15/2026 2:20,918.48,919.169,917.961,918.59
7/15/2026 2:10,918.959,919.438,918.3,918.54
7/15/2026 2:00,919.698,920.566,918.949,918.949
7/15/2026 1:50,919.932,920.307,919.089,919.698
7/15/2026 1:40,920.027,920.686,919.099,919.633
7/15/2026 1:30,919.089,920.037,918.869,920.027
7/15/2026 1:20,920.007,920.227,919.064,919.268
7/15/2026 1:10,920.097,921.235,918.739,919.199
7/15/2026 1:00,920.152,920.536,919.548,920.277
7/15/2026 0:50,920.506,920.776,919.514,920.167
7/15/2026 0:40,921.036,921.036,919.947,920.427
7/15/2026 0:30,920.586,921.655,920.367,920.926
7/15/2026 0:20,922.204,922.583,920.407,920.407
7/15/2026 0:10,922.833,923.212,921.824,922.558
7/15/2026 0:00,922.453,923.816,922.044,922.763
7/14/2026 23:50,922.034,923.908,921.934,922.453
7/14/2026 23:40,921.864,922.833,921.535,922.284
7/14/2026 23:30,921.68,923.192,921.155,921.859
7/14/2026 23:20,923.332,923.332,920.806,921.315
7/14/2026 23:10,924.78,925.089,923.412,923.462
7/14/2026 23:00,925.204,925.638,924.126,924.73
7/14/2026 22:50,925.268,926.177,924.58,925.798
7/14/2026 22:40,923.776,925.727,923.776,925.109
7/14/2026 22:30,925.548,926.467,921.535,923.891
7/14/2026 22:20,927.565,927.945,924.999,925.179
7/14/2026 22:10,924.89,927.705,924.041,927.301
7/14/2026 22:00,923.217,925.958,922.224,925.329
7/14/2026 21:50,924.435,926.077,922.998,923.132
7/14/2026 21:40,922.014,926.108,921.218,924.458
7/14/2026 21:30,919.917,925.529,919.917,922.039
7/14/2026 3:50,923.631,926.148,922.773,924.959
7/14/2026 3:40,925.385,925.923,922.773,924.031
7/14/2026 3:30,926.642,927.046,924.78,925.239
7/14/2026 3:20,928.474,929.502,926.846,926.936
7/14/2026 3:10,927.995,928.524,927.381,928.484
7/14/2026 3:00,927.281,928.384,926.367,928.094
7/14/2026 2:50,926.327,927.675,926.292,927.126
7/14/2026 2:40,926.277,926.527,925.688,926.307
7/14/2026 2:30,924.979,926.277,924.39,926.252
7/14/2026 2:20,925.334,925.529,924.365,924.87
7/14/2026 2:10,924.365,925.469,923.841,925.349
7/14/2026 2:00,924.575,924.899,923.362,924.271
7/14/2026 1:50,923.961,925.529,923.682,924.66
7/14/2026 1:40,921.735,923.721,921.735,923.721
7/14/2026 1:30,920.856,921.924,920.696,921.804
7/14/2026 1:20,920.801,921.066,920.097,920.656
7/14/2026 1:10,920.861,921.036,919.957,920.656
7/14/2026 1:00,923.032,923.032,920.946,920.946
7/14/2026 0:50,922.69,923.542,922.104,922.803
7/14/2026 0:40,922.708,922.908,921.565,922.683
7/14/2026 0:30,921.215,923.961,920.796,922.708
7/14/2026 0:20,921.17,922.713,920.946,920.956
7/14/2026 0:10,922.255,923.032,921.17,921.17
7/14/2026 0:00,923.562,923.582,922.401,922.408
7/13/2026 23:50,921.809,924.35,921.593,923.646
7/13/2026 23:40,920.147,922.454,920.147,921.809
7/13/2026 23:30,919.418,920.172,919.059,920.077
7/13/2026 23:20,919.937,920.536,919.268,919.538
7/13/2026 23:10,921.215,921.215,919.258,920.052
7/13/2026 23:00,921.195,922.364,919.733,920.776
7/13/2026 22:50,918.829,921.524,917.711,921.2
7/13/2026 22:40,916.568,919.318,916.543,918.859
7/13/2026 22:30,916.613,918.25,915.539,916.508
7/13/2026 22:20,917.441,918.03,915.425,916.268
7/13/2026 22:10,917.312,919.528,916.533,917.581
7/13/2026 22:00,920.816,920.816,916.762,917.027
7/13/2026 21:50,919.568,923.057,919.558,920.936
7/13/2026 21:40,917.185,921.525,917.185,919.738
7/13/2026 21:30,916.967,920.636,915.744,916.908
7/11/2026 3:50,914.87,914.945,913.667,914.796
7/11/2026 3:40,913.887,915.275,913.318,915.035
7/11/2026 3:30,913.677,914.994,913.558,913.937
7/11/2026 3:20,914.546,915.035,913.548,913.622
7/11/2026 3:10,914.182,914.738,913.727,914.586
7/11/2026 3:00,913.607,914.346,912.92,914.256
7/11/2026 2:50,913.563,914.017,913.218,913.549
7/11/2026 2:40,913.548,913.807,913.208,913.563
7/11/2026 2:30,913.548,913.717,912.794,913.463
7/11/2026 2:20,913.772,914.017,913.298,913.418
7/11/2026 2:10,913.528,914.017,913.258,913.777
7/11/2026 2:00,912.836,913.927,912.2,913.927
7/11/2026 1:50,912.624,913.085,912.424,912.953
7/11/2026 1:40,912.719,912.854,911.96,912.711
7/11/2026 1:30,912.554,913.208,912.28,913.058
7/11/2026 1:20,913.742,914.017,912.17,912.389
7/11/2026 1:10,914.221,914.396,913.438,914.007
7/11/2026 1:00,913.63,914.306,912.883,914.077
7/11/2026 0:50,913.013,914.746,912.85,913.548
7/11/2026 0:40,911.521,913.208,911.151,912.909
7/11/2026 0:30,910.882,911.601,910.183,911.591
7/11/2026 0:20,911.55,911.55,910.457,910.722
7/11/2026 0:10,912.334,912.359,911.311,911.311
7/11/2026 0:00,910.652,912.32,910.522,912.32
7/10/2026 23:50,910.994,911.431,910.246,910.542
7/10/2026 23:40,910.952,911.9,909.932,911.096
7/10/2026 23:30,908.692,911.291,908.692,910.892
7/10/2026 23:20,908.555,909.554,907.707,909.045
7/10/2026 23:10,908.815,909.704,908.216,908.885
7/10/2026 23:00,910.692,910.692,908.136,908.708
7/10/2026 22:50,909.344,911.251,909.194,910.782
7/10/2026 22:40,909.105,910.952,908.186,909.185
7/10/2026 22:30,909.943,910.834,908.985,909.105
7/10/2026 22:20,911.995,913.348,909.834,909.893
7/10/2026 22:10,910.467,912.884,909.978,911.891
7/10/2026 22:00,910.168,911.301,909.574,910.567
7/10/2026 21:50,910.562,911.171,909.065,909.564
7/10/2026 21:40,909.095,912.998,909.085,910.952
7/10/2026 21:30,912.285,913.797,905.77,909.085
7/10/2026 3:50,912.15,914.047,910.842,911.521
7/10/2026 3:40,912.609,913.637,911.451,912
7/10/2026 3:30,913.148,913.747,912.15,912.644
7/10/2026 3:20,912.664,913.568,912.17,913.148
7/10/2026 3:10,911.451,914.446,911.441,912.664
7/10/2026 3:00,909.204,911.96,908.82,911.596
7/10/2026 2:50,909.284,909.634,908.935,909.244
7/10/2026 2:40,909.582,910.103,908.675,909.264
7/10/2026 2:30,908.555,909.784,908.226,909.784
7/10/2026 2:20,907.667,909.095,907.557,908.602
7/10/2026 2:10,908.885,909.115,907.138,907.792
7/10/2026 2:00,909.434,910.303,908.196,908.885
7/10/2026 1:50,910.902,911.591,909.055,909.429
7/10/2026 1:40,911.031,911.62,909.664,910.852
7/10/2026 1:30,912.01,912.025,909.674,911.031
7/10/2026 1:20,911.571,912.479,911.211,912.02
7/10/2026 1:10,911.77,912.635,911.101,911.551
7/10/2026 1:00,911.471,912.799,910.762,911.898
7/10/2026 0:50,911.606,912.07,910.752,911.701
7/10/2026 0:40,911.556,912.23,910.747,911.606
7/10/2026 0:30,911.391,912.499,910.512,911.568
7/10/2026 0:20,910.043,911.561,909.324,911.391
7/10/2026 0:10,909.364,910.7,908.855,909.908
7/10/2026 0:00,908.535,909.474,907.807,909.015
7/9/2026 23:50,909.199,909.879,908.186,908.605
7/9/2026 23:40,909.234,910.153,908.9,909.344
7/9/2026 23:30,908.555,909.424,907.807,909.234
7/9/2026 23:20,907.168,909.045,906.728,908.81
7/9/2026 23:10,908.75,909.254,906.239,907.637
7/9/2026 23:00,907.926,911.44,907.188,908.906
7/9/2026 22:50,911.276,912.549,907.677,907.906
7/9/2026 22:40,912.939,912.948,910.652,911.356
7/9/2026 22:30,912.09,913.178,910.962,912.861
7/9/2026 22:20,915.15,916.732,911.72,911.98
7/9/2026 22:10,915.554,917.172,913.293,915.145
7/9/2026 22:00,914.845,916.792,912.747,915.779
7/9/2026 21:50,917.936,919.258,913.348,915.235
7/9/2026 21:40,917.611,919.358,915.335,917.916
7/9/2026 21:30,933.456,933.516,916.163,918.45
7/9/2026 3:50,952.805,953.09,950.669,951.617
7/9/2026 3:40,951.397,953.933,951.307,952.705
7/9/2026 3:30,952.256,953.694,950.738,951.288
7/9/2026 3:20,953.624,953.624,952.246,952.256
7/9/2026 3:10,954.313,954.752,952.885,953.484
7/9/2026 3:00,953.963,954.542,953.514,954.183
7/9/2026 2:50,954.038,954.428,953.264,954.163
7/9/2026 2:40,954.293,955.131,953.364,954.143
7/9/2026 2:30,953.224,954.912,952.985,954.572
7/9/2026 2:20,952.965,953.674,952.169,953.234
7/9/2026 2:10,952.486,954.043,951.737,953.085
7/9/2026 2:00,952.785,953.794,951.902,952.925
7/9/2026 1:50,952.795,952.975,951.987,952.286
7/9/2026 1:40,951.717,953.004,951.684,952.486
7/9/2026 1:30,951.897,952.625,951.457,951.797
7/9/2026 1:20,953.484,954.128,951.487,951.937
7/9/2026 1:10,954.023,954.832,953.385,953.494
7/9/2026 1:00,954.323,955.571,953.484,953.833
7/9/2026 0:50,954.995,955.681,953.784,954.313
7/9/2026 0:40,957.398,957.697,954.872,954.872
7/9/2026 0:30,956.19,957.757,955.261,956.799
7/9/2026 0:20,959.315,959.315,955.621,956
7/9/2026 0:10,959.844,959.854,957.787,958.905
7/9/2026 0:00,960.473,960.613,959.644,959.904
7/8/2026 23:50,959.474,961.202,959.115,960.932
7/8/2026 23:40,957.767,959.824,957.478,959.534
7/8/2026 23:30,958.646,959.23,956.759,957.588
7/8/2026 23:20,957.478,960.148,957.478,958.99
7/8/2026 23:10,957.078,959.385,956.24,957.328
7/8/2026 23:00,957.793,959.684,956.514,956.689
7/8/2026 22:50,964.566,964.971,956.789,957.488
7/8/2026 22:40,962.04,964.467,962.04,964.117
7/8/2026 22:30,959.599,963.428,959.599,962.04
7/8/2026 22:20,959.352,961.641,958.364,959.729
7/8/2026 22:10,957.128,959.874,957.128,959.584
7/8/2026 22:00,953.514,957.238,952.715,957.023
7/8/2026 21:50,955.171,956.879,952.486,953.514
7/8/2026 21:40,954.383,955.087,948.492,954.652
7/8/2026 21:30,957.478,957.478,946.495,954.286
7/8/2026 3:50,945.462,946.595,945.257,945.996
7/8/2026 3:40,946.256,946.76,944.878,945.472
7/8/2026 3:30,946.924,946.924,945.008,946.246
7/8/2026 3:20,947.713,949.141,947.194,947.459
7/8/2026 3:10,946.835,948.652,946.395,947.359
7/8/2026 3:00,947.484,948.172,945.627,946.855
7/8/2026 2:50,946.236,948.003,946.226,947.693
7/8/2026 2:40,946.465,947.763,946.086,946.226
7/8/2026 2:30,945.647,946.885,945.337,946.465
7/8/2026 2:20,944.269,945.656,944.124,945.502
7/8/2026 2:10,944.608,945.661,944.229,944.388
7/8/2026 2:00,945.577,945.577,943.829,944.873
7/8/2026 1:50,946.495,946.605,944.948,945.077
7/8/2026 1:40,947.375,947.543,946.051,946.141
7/8/2026 1:30,947.374,947.953,946.64,947.229
7/8/2026 1:20,947.783,947.953,945.786,947.289
7/8/2026 1:10,946.8,948.502,946.765,947.693
7/8/2026 1:00,947.783,948.212,946.565,946.695
7/8/2026 0:50,947.204,948.222,947.144,948.003
7/8/2026 0:40,948.422,949.84,946.99,947.464
7/8/2026 0:30,945.746,948.492,945.746,948.282
7/8/2026 0:20,946.365,947.444,945.121,945.547
7/8/2026 0:10,947.319,948.472,946.495,946.645
7/8/2026 0:00,948.557,948.614,946.365,947.673
7/7/2026 23:50,950.878,951.587,948.592,948.797
7/7/2026 23:40,950.509,951.328,948.792,951.083
7/7/2026 23:30,950.738,951.193,948.502,950.439
7/7/2026 23:20,953.035,953.444,950.743,950.858
7/7/2026 23:10,952.496,953.973,951.088,952.476
7/7/2026 23:00,957.253,957.947,952.106,952.106
7/7/2026 22:50,960.253,960.463,956.19,956.919
7/7/2026 22:40,961.951,963.878,958.961,961.027
7/7/2026 22:30,958.98,962.46,956.975,962.165
7/7/2026 22:20,961.282,964.467,958.636,958.644
7/7/2026 22:10,961.721,964.736,960.972,960.972
7/7/2026 22:00,959.335,963.363,959.135,961.721
7/7/2026 21:50,964.117,965.465,958.985,960.313
7/7/2026 21:40,963.947,964.337,958.476,963.239
7/7/2026 21:30,965.984,967.462,960.114,963.538
7/7/2026 3:50,946.79,950.554,946.79,948.742
7/7/2026 3:40,946.934,948.492,945.926,946.76
7/7/2026 3:30,945.756,947.703,945.696,946.939
7/7/2026 3:20,946.006,946.595,945.397,945.598
7/7/2026 3:10,946.725,946.934,945.197,945.856
7/7/2026 3:00,946.785,947.474,946.315,946.904
7/7/2026 2:50,947.064,947.783,946.465,946.75
7/7/2026 2:40,946.6,947.374,945.766,947.374
7/7/2026 2:30,945.207,946.745,944.575,946.745
7/7/2026 2:20,944.798,945.427,944.478,945.217
7/7/2026 2:10,944.845,945.22,944.404,944.793
7/7/2026 2:00,946.206,946.319,944.668,944.833
7/7/2026 1:50,945.197,946.3,944.648,946.216
7/7/2026 1:40,944.279,945.447,944.279,945.377
7/7/2026 1:30,944.037,944.728,943.27,944.239
7/7/2026 1:20,943.722,944.319,942.861,943.809
7/7/2026 1:10,942.791,943.899,942.212,943.72
7/7/2026 1:00,942.961,943.35,942.511,942.786
7/7/2026 0:50,942.137,943.899,941.843,942.916
7/7/2026 0:40,941.263,942.601,940.874,941.942
7/7/2026 0:30,941.488,942.681,940.924,942.117
7/7/2026 0:20,940.944,941.713,940.585,941.583
7/7/2026 0:10,940.615,941.214,939.906,940.684
7/7/2026 0:00,940.884,941.174,940.015,940.714
7/6/2026 23:50,942.142,942.531,940.505,940.894
7/6/2026 23:40,941.683,942.651,941.194,942.162
7/6/2026 23:30,940.929,942.741,940.57,941.828
7/6/2026 23:20,944.314,944.773,940.734,940.966
7/6/2026 23:10,944.149,944.946,942.981,944.314
7/6/2026 23:00,943.73,944.498,942.332,944.483
7/6/2026 22:50,942.811,944.169,942.062,943.345
7/6/2026 22:40,944.033,944.189,941.004,942.452
7/6/2026 22:30,941.853,944.249,940.585,943.999
7/6/2026 22:20,944.284,946.115,941.094,941.094
7/6/2026 22:10,945.067,945.147,942.267,944.276
7/6/2026 22:00,942.047,945.437,941.992,944.908
7/6/2026 21:50,946.855,947.404,941.523,942.641
7/6/2026 21:40,949.49,952.346,945.746,947.159
7/6/2026 21:30,947.593,953.983,947.139,950.419
7/3/2026 3:50,947.833,951.128,947.374,950.159
7/3/2026 3:40,946.695,949.091,946.046,948.472
7/3/2026 3:30,947.044,947.758,945.197,946.755
7/3/2026 3:20,946.934,948.482,946.815,947.044
7/3/2026 3:10,946.73,947.094,945.822,946.875
7/3/2026 3:00,946.45,947.673,946.051,946.904
7/3/2026 2:50,948.802,948.802,946.126,946.126
7/3/2026 2:40,948.512,949.381,948.452,948.667
7/3/2026 2:30,947.464,949.081,946.515,948.692
7/3/2026 2:20,947.883,948.282,946.865,947.184
7/3/2026 2:10,945.736,948.687,945.587,947.903
7/3/2026 2:00,947.064,947.124,945.407,945.726
7/3/2026 1:50,947.553,948.013,946.605,946.835
7/3/2026 1:40,947.294,948.023,945.417,947.683
7/3/2026 1:30,944.398,947.494,944.369,947.459
7/3/2026 1:20,945.946,946.011,943.83,944.398
7/3/2026 1:10,947.648,948.991,945.676,945.726
7/3/2026 1:00,947.014,947.915,945.392,947.643
7/3/2026 0:50,945.676,948.302,945.461,947.009
7/3/2026 0:40,946.276,946.675,944.428,945.836
7/3/2026 0:30,945.826,947.364,945.826,946.305
7/3/2026 0:20,943.3,946.285,942.816,945.791
7/3/2026 0:10,944.868,944.968,942.112,942.382
7/3/2026 0:00,941.094,945.607,941.084,944.913
7/2/2026 23:50,941.019,942.042,939.911,941.119
7/2/2026 23:40,939.486,941.878,938.957,940.994
7/2/2026 23:30,943.19,943.19,937.83,939.456
7/2/2026 23:20,944.578,945.756,942.382,943.185
7/2/2026 23:10,940.479,945.267,940.036,944.633
7/2/2026 23:00,939.327,943.061,939.327,940.694
7/2/2026 22:50,936.666,940.859,936.097,939.207
7/2/2026 22:40,933.765,938.084,933.765,936.86
7/2/2026 22:30,931.938,934.914,931.704,933.695
7/2/2026 22:20,925.548,932.517,925.518,931.769
7/2/2026 22:10,924.7,926.866,923.372,925.643
7/2/2026 22:00,928.524,929.892,924.33,924.72
7/2/2026 21:50,928.863,929.319,926.547,927.475
7/2/2026 21:40,928.648,929.541,924.948,928.624
7/2/2026 21:30,925.529,929.622,925.374,928.644
7/2/2026 3:50,922.054,923.846,921.295,923.202
7/2/2026 3:40,921.355,922.274,919.678,922.134
7/2/2026 3:30,921.525,922.119,919.089,921.41
7/2/2026 3:20,922.913,923.162,921.086,921.53
7/2/2026 3:10,923.232,923.891,922.299,922.728
7/2/2026 3:00,925.858,926.157,923.007,923.292
7/2/2026 2:50,925.389,926.457,924.899,925.878
7/2/2026 2:40,923.043,925.479,923.043,925.449
7/2/2026 2:30,921.745,923.741,921.555,923.552
7/2/2026 2:20,921.922,921.96,920.816,921.745
7/2/2026 2:10,922.683,923.042,921.764,921.954
7/2/2026 2:00,924.899,924.959,922.408,922.84
7/2/2026 1:50,924.031,924.899,923.462,924.655
7/2/2026 1:40,924.665,925.339,923.921,924.231
7/2/2026 1:30,923.362,924.889,922.873,924.85
7/2/2026 1:20,924.061,924.939,922.933,923.252
7/2/2026 1:10,926.207,926.502,923.731,924.061
7/2/2026 1:00,926.053,926.697,924.02,926.377
7/2/2026 0:50,926.806,927.455,925.878,926.048
7/2/2026 0:40,929.717,930.151,925.529,926.197
7/2/2026 0:30,929.827,929.902,928.943,929.682
7/2/2026 0:20,928.963,930.281,928.044,929.832
7/2/2026 0:10,926.252,928.983,925.688,928.963
7/2/2026 0:00,925.019,926.427,924.405,926.427
7/1/2026 23:50,925.319,926.028,924.181,925.209
7/1/2026 23:40,923.272,925.229,921.061,924.939
7/1/2026 23:30,923.542,924.48,920.736,923.077
7/1/2026 23:20,923.442,925.379,923.202,923.901
7/1/2026 23:10,924.56,925.618,922.513,923.442
7/1/2026 23:00,927.505,927.505,923.232,924.56
7/1/2026 22:50,925.923,928.713,923.332,927.63
7/1/2026 22:40,925.194,926.587,924.081,926.033
7/1/2026 22:30,925.379,927.096,923.851,925.054
7/1/2026 22:20,922.803,927.406,922.393,925.878
7/1/2026 22:10,925.948,926.187,921.426,922.649
7/1/2026 22:00,928.624,930.99,925.928,926.347
7/1/2026 21:50,926.013,928.928,921.056,928.624
7/1/2026 21:40,935.283,935.622,924.091,926.098
7/1/2026 21:30,938.937,938.937,931.13,935.309
7/1/2026 3:50,933.556,935.238,932.098,933.985
7/1/2026 3:40,934.709,934.709,930.93,933.296
7/1/2026 3:30,935.6,935.982,934.524,934.814
7/1/2026 3:20,936.296,936.611,935.473,935.702
7/1/2026 3:10,936.426,936.9,935.882,936.371
7/1/2026 3:00,936.311,936.92,935.133,936.331
7/1/2026 2:50,936.586,937.37,936.112,936.511
7/1/2026 2:40,936.541,937.674,936.426,936.581
7/1/2026 2:30,935.682,936.97,935.253,936.681
7/1/2026 2:20,936.851,937,935.208,935.682
7/1/2026 2:10,936.451,937.4,936.451,936.781
7/1/2026 2:00,934.814,936.591,934.737,936.591
7/1/2026 1:50,935.104,935.622,934.315,934.993
7/1/2026 1:40,936.172,936.401,934.914,935.493
7/1/2026 1:30,937.33,937.38,936.142,936.211
7/1/2026 1:20,937.145,937.739,937.02,937.405
7/1/2026 1:10,938.003,938.148,937.02,937.529
7/1/2026 1:00,938.727,938.897,937.849,938.178
7/1/2026 0:50,938.747,938.882,937.31,938.723
7/1/2026 0:40,937.519,938.857,937.509,938.633
7/1/2026 0:30,938.368,938.554,937.17,937.809
7/1/2026 0:20,938.323,938.907,937.879,938.633
7/1/2026 0:10,938.498,938.997,937.2,938.328
7/1/2026 0:00,936.731,938.508,936.391,938.498
6/30/2026 23:50,935.398,936.661,934.754,936.623
6/30/2026 23:40,936.032,936.281,934.794,935.398
6/30/2026 23:30,934.844,937.205,934.145,936.231
6/30/2026 23:20,934.754,935.253,933.795,935.003
6/30/2026 23:10,934.005,934.904,932.048,934.754
6/30/2026 23:00,938.368,938.368,933.176,933.83
6/30/2026 22:50,941.303,941.303,938.009,938.363
6/30/2026 22:40,940.035,942.022,940.005,941.164
6/30/2026 22:30,940.864,942.372,939.371,939.836
6/30/2026 22:20,939.506,941.243,939.257,940.704
6/30/2026 22:10,941.229,942.252,939.546,939.726
6/30/2026 22:00,941.049,943.22,939.886,941.243
6/30/2026 21:50,942.032,943.839,940.604,940.754
6/30/2026 21:40,941.204,942.931,939.506,941.174
6/30/2026 21:30,940.505,944.498,938.009,941.257
6/30/2026 3:50,943.64,945.567,943.225,945.177
6/30/2026 3:40,941.758,944.398,941.713,943.63
6/30/2026 3:30,942.022,943.19,941.503,941.823
6/30/2026 3:20,942.9,943.25,941.862,942.012
6/30/2026 3:10,944.638,944.658,942.751,943.33
6/30/2026 3:00,943.62,945.746,943.16,944.818
6/30/2026 2:50,942.601,943.961,942.551,943.73
6/30/2026 2:40,941.813,942.771,940.884,942.601
6/30/2026 2:30,942.801,943.5,941.783,942.012
6/30/2026 2:20,942.961,943.44,942.651,942.976
6/30/2026 2:10,942.242,943.38,942.242,942.966
6/30/2026 2:00,943.899,944.249,941.783,942.347
6/30/2026 1:50,943.001,944.209,942.601,943.5
6/30/2026 1:40,946.036,946.146,943.21,943.36
6/30/2026 1:30,945.018,946.615,944.648,946.046
6/30/2026 1:20,943.64,945.716,943.64,944.993
6/30/2026 1:10,944.019,944.808,943.25,943.63
6/30/2026 1:00,944.783,945.407,943.61,944.019
6/30/2026 0:50,944.538,945.417,943.849,944.793
6/30/2026 0:40,946.825,946.845,944.089,944.548
6/30/2026 0:30,946.42,947.444,945.786,946.745
6/30/2026 0:20,946.345,947.144,945.746,946.42
6/30/2026 0:10,946.046,947.394,945.647,946.325
6/30/2026 0:00,951.892,951.897,946.096,946.251
6/29/2026 23:50,953.045,953.474,951.297,951.892
6/29/2026 23:40,954.003,954.901,952.815,953.045
6/29/2026 23:30,956.409,956.899,953.534,954.003
6/29/2026 23:20,958.476,958.566,956.26,956.339
6/29/2026 23:10,956.389,958.531,955.012,958.237
6/29/2026 23:00,955.745,957.388,955.166,956.03
6/29/2026 22:50,960.109,960.872,955.481,955.681
6/29/2026 22:40,959.644,962.47,958.86,960.293
6/29/2026 22:30,960.388,962.36,957.048,959.814
6/29/2026 22:20,963.468,966.024,959.834,960.388
6/29/2026 22:10,962.629,968.32,962.44,963.902
6/29/2026 22:00,963.368,964.267,960.762,962.205
6/29/2026 21:50,961.496,967.262,961.496,963.658
6/29/2026 21:40,961.761,962.48,959.195,961.242
6/29/2026 21:30,957.028,962.36,952.396,961.933
6/27/2026 3:50,947.873,953.843,944.413,951.028
6/27/2026 3:40,951.956,952.576,941.503,948.951
6/27/2026 3:30,952.426,952.895,951.807,952.126
6/27/2026 3:20,952.086,953.304,951.647,952.416
6/27/2026 3:10,950.753,952.306,950.753,952.166
6/27/2026 3:00,952.101,952.476,950.679,950.748
6/27/2026 2:50,952.975,952.975,951.707,952.101
6/27/2026 2:40,953.694,955.426,951.823,952.935
6/27/2026 2:30,952.276,954.602,952.276,953.504
6/27/2026 2:20,953.374,953.454,952.276,952.286
6/27/2026 2:10,953.035,953.464,952.466,953.339
6/27/2026 2:00,952.336,953.125,952.106,952.905
6/27/2026 1:50,953.165,953.824,952.086,952.241
6/27/2026 1:40,952.635,953.514,952.206,953.284
6/27/2026 1:30,952.735,953.08,952.326,952.476
6/27/2026 1:20,952.516,953.554,952.156,952.521
6/27/2026 1:10,951.302,952.755,951.02,952.516
6/27/2026 1:00,953.344,954.383,950.968,951.302
6/27/2026 0:50,952.755,953.684,952.156,953.344
6/27/2026 0:40,953.115,953.704,952.316,952.476
6/27/2026 0:30,953.414,954.013,953.115,953.115
6/27/2026 0:20,956.17,956.958,953.254,953.414
6/27/2026 0:10,954.562,956.569,953.727,956.03
6/27/2026 0:00,957.218,957.578,954.732,954.732
6/26/2026 23:50,958.052,958.107,956.689,957.428
6/26/2026 23:40,957.607,960.114,956.998,958.027
6/26/2026 23:30,957.907,959.674,957.138,957.448
6/26/2026 23:20,958.027,958.386,957.258,958.007
6/26/2026 23:10,956.754,958.646,956.549,957.757
6/26/2026 23:00,955.411,957.133,955.001,956.819
6/26/2026 22:50,955.511,956.369,953.993,955.83
6/26/2026 22:40,956.19,957.478,954.992,955.91
6/26/2026 22:30,954.622,956.01,954.063,956.01
6/26/2026 22:20,954.333,956.16,953.694,954.158
6/26/2026 22:10,950.654,955.012,950.139,954.587
6/26/2026 22:00,953.833,953.958,948.991,950.693
6/26/2026 21:50,955.531,956.28,953.534,954.379
6/26/2026 21:40,952.805,956.419,950.948,955.81
6/26/2026 21:30,951.737,957.178,948.948,953.389
6/26/2026 3:50,944.698,945.821,939.526,940.744
6/26/2026 3:40,945.287,945.327,943.939,944.423
6/26/2026 3:30,945.632,946.625,944.998,945.217
6/26/2026 3:20,947.114,947.793,945.607,945.607
6/26/2026 3:10,947.264,948.299,946.715,947.094
6/26/2026 3:00,946.046,947.519,945.696,946.849
6/26/2026 2:50,946.071,946.914,945.766,946.016
6/26/2026 2:40,947.494,947.763,945.976,946.071
6/26/2026 2:30,945.207,947.484,945.127,947.474
6/26/2026 2:20,943.69,945.731,943.38,945.207
6/26/2026 2:10,942.162,944.438,941.628,944.012
6/26/2026 2:00,940.025,942.082,939.516,942.082
6/26/2026 1:50,938.912,940.469,938.543,940.305
6/26/2026 1:40,938.817,939.686,938.568,938.947
6/26/2026 1:30,939.646,939.646,938.103,938.817
6/26/2026 1:20,938.403,939.975,938.403,939.406
6/26/2026 1:10,937.17,939.376,937.11,938.528
6/26/2026 1:00,938.358,939.055,937.17,937.17
6/26/2026 0:50,940.205,940.225,937.195,938.483
6/26/2026 0:40,941.039,941.853,939.916,940.07
6/26/2026 0:30,942.032,942.711,940.994,941.174
6/26/2026 0:20,942.901,944.269,941.393,941.663
6/26/2026 0:10,944.379,944.578,941.263,942.801
6/26/2026 0:00,946.026,946.385,942.901,943.7
6/25/2026 23:50,947.114,947.993,945.736,946.315
6/25/2026 23:40,946.495,948.826,946.495,947.344
6/25/2026 23:30,947.763,948.103,945.087,947.214
6/25/2026 23:20,942.961,948.302,942.851,948.302
6/25/2026 23:10,941.715,943.879,940.615,942.891
6/25/2026 23:00,941.303,943.39,940.804,941.563
6/25/2026 22:50,941.883,943.359,939.766,940.889
6/25/2026 22:40,942.971,944.319,941.144,942.032
6/25/2026 22:30,946.315,946.315,939.975,942.811
6/25/2026 22:20,950.129,950.469,945.866,946.315
6/25/2026 22:10,950.289,952.386,948.108,949.8
6/25/2026 22:00,950.284,954.233,949.031,950.548
6/25/2026 21:50,950.399,953.434,947.454,950.289
6/25/2026 21:40,946.815,952.486,946.665,950.02
6/25/2026 21:30,948.063,952.985,944.518,946.525
6/25/2026 3:50,958.826,960.064,957.228,959.175
6/25/2026 3:40,958.666,960.423,958.272,958.726
6/25/2026 3:30,959.325,960.004,958.371,958.676
6/25/2026 3:20,963.199,963.528,959.474,959.645
6/25/2026 3:10,963.069,963.538,962.16,963.169
6/25/2026 3:00,961.691,963.109,961.391,963.039
6/25/2026 2:50,963.268,963.318,961.926,962.001
6/25/2026 2:40,963.209,964.257,962.739,963.528
6/25/2026 2:30,960.882,963.608,960.882,963.209
6/25/2026 2:20,959.749,961.192,959.749,961.184
6/25/2026 2:10,960.323,960.982,959.415,959.749
6/25/2026 2:00,957.727,960.633,957.727,960.433
6/25/2026 1:50,957.083,958.117,956.649,957.917
6/25/2026 1:40,956.969,957.428,956.18,957.138
6/25/2026 1:30,957.902,958.336,955.481,956.889
6/25/2026 1:20,959.794,960.517,957.378,957.827
6/25/2026 1:10,959.684,960.603,959.02,959.844
6/25/2026 1:00,958.157,959.689,957.797,959.634
6/25/2026 0:50,959.375,959.924,956.939,958.127
6/25/2026 0:40,959.584,959.614,957.617,958.566
6/25/2026 0:30,959.579,960.398,959.35,959.834
6/25/2026 0:20,960.615,960.615,958.626,959.584
6/25/2026 0:10,959.36,961.102,959.005,960.668
6/25/2026 0:00,958.671,959.684,957.82,959.36
6/24/2026 23:50,960.733,961.481,958.566,958.706
6/24/2026 23:40,962.485,962.495,960.391,960.463
6/24/2026 23:30,963.728,964.267,962.43,962.46
6/24/2026 23:20,961.971,964.457,961.631,963.728
6/24/2026 23:10,960.318,962.17,959.432,961.781
6/24/2026 23:00,958.831,961.672,958.476,960.388
6/24/2026 22:50,958.426,960.593,957.582,958.831
6/24/2026 22:40,958.077,958.726,955.8,957.767
6/24/2026 22:30,958.927,958.927,957.068,958.227
6/24/2026 22:20,962.54,962.939,958.626,958.935
6/24/2026 22:10,959.395,963.458,959.19,962.512
6/24/2026 22:00,960.852,963.139,958.975,959.4
6/24/2026 21:50,962.595,963.019,960.513,960.762
6/24/2026 21:40,965.026,966.214,961.481,962.659
6/24/2026 21:30,960.503,966.404,959.06,964.856
6/24/2026 3:50,957.398,958.766,955.72,956.16
6/24/2026 3:40,956.489,958.656,956.1,957.56
6/24/2026 3:30,956.27,956.799,954.642,956.28
6/24/2026 3:20,955.591,957.078,955.171,956.09
6/24/2026 3:10,957.717,957.887,955.002,955.611
6/24/2026 3:00,957.058,957.922,956.275,957.682
6/24/2026 2:50,958.516,958.606,957.098,957.288
6/24/2026 2:40,959.505,960.014,957.283,958.406
6/24/2026 2:30,959.265,959.824,958.666,959.549
6/24/2026 2:20,960.812,961.222,959,959.245
6/24/2026 2:10,959.25,961.277,959.033,960.812
6/24/2026 2:00,960.922,960.972,958.676,959.204
6/24/2026 1:50,960.912,961.222,960.014,960.757
6/24/2026 1:40,960.902,961.481,960.413,960.912
6/24/2026 1:30,959.904,960.931,959.604,960.663
6/24/2026 1:20,960.463,960.892,959.544,960.153
6/24/2026 1:10,959.904,960.493,959.275,960.373
6/24/2026 1:00,959.245,959.814,958.925,959.724
6/24/2026 0:50,959.255,960.024,959.035,959.24
6/24/2026 0:40,961.052,961.182,958.99,959.055
6/24/2026 0:30,960.887,961.152,960.188,960.742
6/24/2026 0:20,960.827,961.471,959.944,960.892
6/24/2026 0:10,961.342,961.561,958.985,960.782
6/24/2026 0:00,963.838,963.868,960.867,961.342
6/23/2026 23:50,964.407,964.666,962.879,963.578
6/23/2026 23:40,961.981,964.746,961.981,964.437
6/23/2026 23:30,963.458,963.468,961.232,962.02
6/23/2026 23:20,964.087,964.087,962.4,963.288
6/23/2026 23:10,961.451,964.666,960.972,964.412
6/23/2026 23:00,959.32,961.471,958.296,961.362
6/23/2026 22:50,957.897,960.463,956.589,959.335
6/23/2026 22:40,955.501,958.656,955.111,957.812
6/23/2026 22:30,954.972,958.027,954.233,955.341
6/23/2026 22:20,954.962,956.479,953.469,954.972
6/23/2026 22:10,954.692,955.737,951.971,954.752
6/23/2026 22:00,957.328,957.568,954.692,955.007
6/23/2026 21:50,959.065,961.352,954.383,956.584
6/23/2026 21:40,958.771,961.971,957.963,958.596
6/23/2026 21:30,962.969,964.846,954.715,958.631
6/23/2026 3:50,948.909,951.467,948.632,949.84
6/23/2026 3:40,948.492,949.071,947.259,948.781
6/23/2026 3:30,946.984,948.362,946.924,948.292
6/23/2026 3:20,947.124,947.668,946.655,946.979
6/23/2026 3:10,947.633,947.633,946.685,947.199
6/23/2026 3:00,947.104,947.783,946.725,947.633
6/23/2026 2:50,946.475,947.214,946.405,947.104
6/23/2026 2:40,946.151,947.334,945.836,946.36
6/23/2026 2:30,946.121,946.914,945.806,946.126
6/23/2026 2:20,946.196,947.153,945.397,946.248
6/23/2026 2:10,946.665,947.606,945.666,945.796
6/23/2026 2:00,947.149,947.194,945.497,946.685
6/23/2026 1:50,948.512,948.557,946.655,947.164
6/23/2026 1:40,947.653,948.732,947.653,948.522
6/23/2026 1:30,947.768,948.981,946.615,948.232
6/23/2026 1:20,948.472,948.911,947.494,947.524
6/23/2026 1:10,948.821,949.321,947.803,948.083
6/23/2026 1:00,948.861,949.351,948.038,949.071
6/23/2026 0:50,948.501,949.361,946.495,948.542
6/23/2026 0:40,948.492,950.044,948.402,948.504
6/23/2026 0:30,948.492,949.956,947.693,948.362
6/23/2026 0:20,948.851,949.5,947.783,948.332
6/23/2026 0:10,948.622,949.48,947.578,948.901
6/23/2026 0:00,949.945,950.17,948.302,948.752
6/22/2026 23:50,948.123,950.404,947.763,949.945
6/22/2026 23:40,949.72,950.049,948.148,948.148
6/22/2026 23:30,948.976,950.419,948.003,949.72
6/22/2026 23:20,950.499,950.499,948.792,948.792
6/22/2026 23:10,948.237,950.489,948.237,950.079
6/22/2026 23:00,947.593,949.5,947.593,948.622
6/22/2026 22:50,947.269,949.51,945.147,947.284
6/22/2026 22:40,946.116,948.202,944.364,947.543
6/22/2026 22:30,946.051,946.395,941.872,945.976
6/22/2026 22:20,946.545,949.381,946.046,946.051
6/22/2026 22:10,942.477,948.377,941.683,946.82
6/22/2026 22:00,942.471,945.297,941.503,942.891
6/22/2026 21:50,947.274,947.897,941.034,942.002
6/22/2026 21:40,947.504,948.612,944.608,947.279
6/22/2026 21:30,947.059,954.712,945.217,948.472
6/19/2026 3:50,948.772,952.436,948.772,949.94
6/19/2026 3:40,948.392,948.891,947.663,948.891
6/19/2026 3:30,947.943,948.752,947.583,948.472
6/19/2026 3:20,946.944,948.442,946.944,948.043
6/19/2026 3:10,947.638,948.292,946.806,947.084
6/19/2026 3:00,948.232,948.242,947.174,947.673
6/19/2026 2:50,949.151,949.161,948.162,948.232
6/19/2026 2:40,948.437,949.081,948.192,949.046
6/19/2026 2:30,948.502,948.661,947.603,948.632
6/19/2026 2:20,948.402,948.871,948.043,948.252
6/19/2026 2:10,948.548,949.588,948.232,948.232
6/19/2026 2:00,949.411,949.436,948.297,948.772
6/19/2026 1:50,948.033,949.7,947.494,949.548
6/19/2026 1:40,948.437,948.851,947.823,948.256
6/19/2026 1:30,947.913,948.901,947.753,948.422
6/19/2026 1:20,948.502,948.732,947.593,947.893
6/19/2026 1:10,949.655,949.77,947.923,948.372
6/19/2026 1:00,950.339,950.988,949.186,949.655
6/19/2026 0:50,950.484,950.938,949.895,950.554
6/19/2026 0:40,950.778,951.228,950.129,950.624
6/19/2026 0:30,951.288,951.757,950.489,950.978
6/19/2026 0:20,953.219,953.219,950.988,951.263
6/19/2026 0:10,953.933,953.933,952.885,952.983
6/19/2026 0:00,952.016,955.002,951.847,953.913
6/18/2026 23:50,951.787,952.276,950.988,951.827
6/18/2026 23:40,952.226,952.725,950.988,951.797
6/18/2026 23:30,951.757,953.175,950.898,951.956
6/18/2026 23:20,952.486,952.825,951.747,952.141
6/18/2026 23:10,952.855,953.704,951.956,952.84
6/18/2026 23:00,953.604,953.604,950.898,952.426
6/18/2026 22:50,953.439,953.893,952.853,953.466
6/18/2026 22:40,952.87,954.592,952.456,953.434
6/18/2026 22:30,951.837,953.584,950.669,952.92
6/18/2026 22:20,953.11,953.484,950.798,950.898
6/18/2026 22:10,951.717,955.042,950.888,952.819
6/18/2026 22:00,948.991,952.216,947.504,951.293
6/18/2026 21:50,953.025,954.293,946.806,948.542
6/18/2026 21:40,956.04,956.04,949.341,953.085
6/18/2026 21:30,961.172,962.47,950.599,955.096
6/18/2026 3:50,962.829,965.066,962.001,964.057
6/18/2026 3:40,963.83,966.044,963.019,963.019
6/18/2026 3:30,962.729,964.257,962.06,964.257
6/18/2026 3:20,962.537,963.638,961.375,962.749
6/18/2026 3:10,960.937,963.837,960.742,962.555
6/18/2026 3:00,959.894,961.678,959.674,961.102
6/18/2026 2:50,960.772,961.731,959.634,959.834
6/18/2026 2:40,963.528,963.598,960.543,960.543
6/18/2026 2:30,962.27,964.487,961.901,963.868
6/18/2026 2:20,963.728,963.892,962.06,962.37
6/18/2026 2:10,962.889,965.275,961.521,964.297
6/18/2026 2:00,967.172,967.172,962.06,962.889
6/18/2026 1:50,967.831,968.63,967.089,967.462
6/18/2026 1:40,967.422,968.081,966.803,967.562
6/18/2026 1:30,967.003,967.761,966.134,967.487
6/18/2026 1:20,966.758,967.182,966.204,966.653
6/18/2026 1:10,967.557,967.961,966.573,966.653
6/18/2026 1:00,969.049,969.049,967.462,967.562
6/18/2026 0:50,969.144,970.147,968.959,969.069
6/18/2026 0:40,970.068,970.707,969.134,969.219
6/18/2026 0:30,970.727,971.216,970.128,970.148
6/18/2026 0:20,972.124,972.124,970.507,970.966
6/18/2026 0:10,972.339,972.459,971.44,972.244
6/18/2026 0:00,974.411,974.511,971.815,972.444
6/17/2026 23:50,976.45,977.037,974.451,974.451
6/17/2026 23:40,976.837,977.156,976.278,976.572
6/17/2026 23:30,977.072,977.716,976.338,976.837
6/17/2026 23:20,976.448,977.446,975.948,977.007
6/17/2026 23:10,977.636,977.995,976.557,976.557
6/17/2026 23:00,977.745,978.614,977.326,977.656
6/17/2026 22:50,977.047,977.696,976.448,977.613
6/17/2026 22:40,977.855,979.443,976.657,977.286
6/17/2026 22:30,976.008,977.985,975.519,977.706
6/17/2026 22:20,974.88,976.927,973.823,976.006
6/17/2026 22:10,974.89,976.328,974.615,975.08
6/17/2026 22:00,976.388,977.176,973.712,975.13
6/17/2026 21:50,976.767,978.624,974.201,975.933
6/17/2026 21:40,979.128,979.403,975.659,977.388
6/17/2026 21:30,978.444,982.149,973.951,979.168
6/17/2026 3:50,983.387,986.581,981.909,985.114
6/17/2026 3:40,981.065,984.115,981,983.706
6/17/2026 3:30,980.86,981.29,979.538,981.065
6/17/2026 3:20,984.026,984.245,980.531,980.531
6/17/2026 3:10,982.773,984.345,982.773,984.018
6/17/2026 3:00,982.308,983.097,981.579,982.947
6/17/2026 2:50,983.217,983.594,981.929,982.318
6/17/2026 2:40,983.616,983.629,982.967,983.282
6/17/2026 2:30,982.248,983.936,981.689,983.357
6/17/2026 2:20,983.027,983.027,982.039,982.177
6/17/2026 2:10,981.934,982.977,981.553,982.678
6/17/2026 2:00,983.167,983.294,981.24,981.914
6/17/2026 1:50,984.335,984.51,983.227,983.421
6/17/2026 1:40,983.836,984.955,983.656,984.305
6/17/2026 1:30,984.045,984.045,982.947,983.596
6/17/2026 1:20,984.664,984.814,984.005,984.375
6/17/2026 1:10,986.312,986.462,984.645,984.645
6/17/2026 1:00,984.879,986.302,984.65,985.733
6/17/2026 0:50,985.388,985.388,984.016,984.62
6/17/2026 0:40,987.7,987.7,984.954,985.293
6/17/2026 0:30,984.734,987.62,984.684,987.325
6/17/2026 0:20,985.912,985.912,984.355,984.672
6/17/2026 0:10,986.202,987.111,984.954,985.713
6/17/2026 0:00,989.316,989.316,984.994,985.753
6/16/2026 23:50,992.402,993.8,988.648,989.637
6/16/2026 23:40,989.048,992.722,989.037,992.722
6/16/2026 23:30,988.428,989.307,987.6,989.052
6/16/2026 23:20,986.072,989.926,985.695,988.269
6/16/2026 23:10,984.065,986.432,983.466,986.367
6/16/2026 23:00,985.159,986.012,983.526,984.065
6/16/2026 22:50,983.936,986.152,982.598,985.308
6/16/2026 22:40,983.347,985.653,982.438,984.545
6/16/2026 22:30,986.761,989.826,982.554,982.912
6/16/2026 22:20,983.846,987.869,983.436,986.891
6/16/2026 22:10,976.338,983.946,976.338,983.946
6/16/2026 22:00,973.323,977.85,973.313,976.468
6/16/2026 21:50,974.071,974.301,971.615,973.313
6/16/2026 21:40,978.086,979.486,974.256,974.69
6/16/2026 21:30,978.834,983.996,976.088,977.597
6/16/2026 3:50,978.145,979.133,976.587,977.895
6/16/2026 3:40,978.844,979.213,977.885,977.885
6/16/2026 3:30,979.524,979.524,977.835,978.844
6/16/2026 3:20,979.712,980.326,978.554,979.293
6/16/2026 3:10,980.98,981.34,979.752,979.752
6/16/2026 3:00,979.258,981.26,978.929,980.93
6/16/2026 2:50,979.148,979.443,978.554,979.433
6/16/2026 2:40,980.786,981.12,978.694,978.694
6/16/2026 2:30,979.972,980.786,979.283,980.786
6/16/2026 2:20,981.834,981.849,979.453,979.942
6/16/2026 2:10,980.851,982.019,980.771,981.834
6/16/2026 2:00,981.395,981.769,980.641,980.786
6/16/2026 1:50,982.498,982.503,981.29,981.395
6/16/2026 1:40,980.831,983.002,980.761,982.498
6/16/2026 1:30,981.999,982.099,980.88,980.88
6/16/2026 1:20,984.235,984.31,982.004,982.004
6/16/2026 1:10,984.21,985.303,984.005,984.235
6/16/2026 1:00,983.476,985.433,982.877,984.035
6/16/2026 0:50,981.43,984.145,981.43,983.776
6/16/2026 0:40,979.757,981.939,979.722,981.275
6/16/2026 0:30,976.992,979.822,976.982,979.792
6/16/2026 0:20,977.067,977.795,976.647,977.007
6/16/2026 0:10,977.261,978.035,976.597,977.077
6/16/2026 0:00,977.77,978.185,976.193,977.082
6/15/2026 23:50,975.449,977.989,974.67,977.825
6/15/2026 23:40,973.971,975.754,973.452,975.107
6/15/2026 23:30,977.087,977.111,974.201,974.73
6/15/2026 23:20,977.111,977.686,976.438,977.116
6/15/2026 23:10,977.381,977.755,976.627,977.256
6/15/2026 23:00,977.735,978.135,975.699,977.496
6/15/2026 22:50,978.255,978.444,976.847,977.735
6/15/2026 22:40,978.715,979.363,977.456,978.394
6/15/2026 22:30,978.235,979.338,977.496,978.899
6/15/2026 22:20,977.835,979.622,977.286,978.394
6/15/2026 22:10,975.609,978.959,975.001,977.825
6/15/2026 22:00,974.086,976.028,971.965,975.614
6/15/2026 21:50,974.461,975.359,972.963,973.742
6/15/2026 21:40,976.448,977.416,974.426,974.92
6/15/2026 21:30,972.644,977.83,966.463,977.022
6/13/2026 3:50,978.894,981.22,978.165,980.791
6/13/2026 3:40,979.952,980.237,978.3,979.013
6/13/2026 3:30,979.652,980.661,979.107,980.242
6/13/2026 3:20,979.692,980.511,979.473,979.875
6/13/2026 3:10,978.023,979.912,977.206,979.543
6/13/2026 3:00,977.641,978.145,976.857,978.145
6/13/2026 2:50,978.28,978.924,976.507,977.616
6/13/2026 2:40,978.774,979.516,978.055,978.404
6/13/2026 2:30,976.298,979.123,976.298,978.664
6/13/2026 2:20,977.318,977.676,975.928,976.557
6/13/2026 2:10,976.318,977.027,976.278,976.897
6/13/2026 2:00,975.339,976.967,974.895,976.487
6/13/2026 1:50,975.779,976.448,974.461,974.471
6/13/2026 1:40,976.008,976.448,975.12,975.409
6/13/2026 1:30,976.413,977.396,976.023,976.178
6/13/2026 1:20,975.2,977.446,975.2,976.338
6/13/2026 1:10,975.559,975.988,974.84,975.13
6/13/2026 1:00,972.918,976.577,972.918,975.998
6/13/2026 0:50,973.552,973.932,971.805,973.382
6/13/2026 0:40,972.339,974.191,972.329,973.937
6/13/2026 0:30,971.915,973.213,970.757,972.224
6/13/2026 0:20,971.935,972.554,969.968,971.835
6/13/2026 0:10,972.863,973.652,970.722,971.53
6/13/2026 0:00,974.001,974.61,972.084,973.258
6/12/2026 23:50,975.849,976.008,973.682,974.121
6/12/2026 23:40,972.853,977.446,972.624,975.858
6/12/2026 23:30,971.94,973.752,970.163,972.324
6/12/2026 23:20,970.881,972.544,970.856,972.384
6/12/2026 23:10,971.785,972.973,970.517,970.816
6/12/2026 23:00,972.464,974.036,971.475,971.91
6/12/2026 22:50,972.035,973.472,971.271,972.504
6/12/2026 22:40,973.283,973.812,971.685,972.444
6/12/2026 22:30,974.101,975.08,972.564,973.283
6/12/2026 22:20,971.056,974.72,970.317,973.652
6/12/2026 22:10,969.963,973.497,969.963,971.485
6/12/2026 22:00,970.806,972.621,969.089,970.457
6/12/2026 21:50,974.82,976.507,969.109,972.129
6/12/2026 21:40,978.574,978.934,973.188,975.634
6/12/2026 21:30,973.971,983.217,968.46,979.168
6/12/2026 3:50,976.063,976.178,972.449,974.141
6/12/2026 3:40,978.934,978.974,975.73,976.497
6/12/2026 3:30,979.223,979.622,977.825,979.183
6/12/2026 3:20,977.663,979.393,977.556,978.849
6/12/2026 3:10,977.226,978.58,976.597,977.696
6/12/2026 3:00,975.449,977.331,975.449,977.226
6/12/2026 2:50,977.586,978.785,975.449,975.479
6/12/2026 2:40,976.987,978.404,976.577,978.045
6/12/2026 2:30,976.612,977.506,975.689,976.987
6/12/2026 2:20,978.669,979.443,976.592,976.612
6/12/2026 2:10,977.511,979.043,977.027,979.043
6/12/2026 2:00,977.211,978.834,976.458,977.371
6/12/2026 1:50,977.216,977.695,976.048,977.111
6/12/2026 1:40,979.393,981.452,977.386,977.591
6/12/2026 1:30,981.06,983.257,978.744,979.158
6/12/2026 1:20,977.396,980.501,976.917,980.501
6/12/2026 1:10,976.877,978.205,976.872,977.726
6/12/2026 1:00,978.26,978.573,975.599,976.887
6/12/2026 0:50,979.483,979.483,978.085,978.275
6/12/2026 0:40,978.874,979.897,978.874,979.682
6/12/2026 0:30,978.934,979.712,978.325,978.904
6/12/2026 0:20,980.212,980.611,978.564,978.894
6/12/2026 0:10,978.964,981.529,978.514,980.431
6/12/2026 0:00,978.654,979.443,977.875,978.739
6/11/2026 23:50,977.571,978.664,976.967,978.664
6/11/2026 23:40,978.944,979.563,977.246,977.975
6/11/2026 23:30,979.323,979.588,977.945,978.864
6/11/2026 23:20,981.055,981.09,978.729,979.368
6/11/2026 23:10,979.313,981.929,978.934,981.08
6/11/2026 23:00,979.078,981,978.325,979.318
6/11/2026 22:50,981.14,981.185,978.464,979.083
6/11/2026 22:40,980.661,981.405,979.877,980.516
6/11/2026 22:30,980.421,981.939,978.255,981.29
6/11/2026 22:20,987.091,987.091,980.002,980.321
6/11/2026 22:10,982.348,987.55,982.108,987.131
6/11/2026 22:00,980.501,983.187,978.444,982.358
6/11/2026 21:50,981.44,983.846,979.283,980.361
6/11/2026 21:40,983.436,987.011,981.44,981.769
6/11/2026 21:30,985.343,985.932,976.947,982.248
6/11/2026 3:50,980.885,983.691,980.885,981.809
6/11/2026 3:40,981.989,983.117,980.791,981.3
6/11/2026 3:30,981.22,982.188,980.838,981.909
6/11/2026 3:20,979.443,981.15,978.628,980.96
6/11/2026 3:10,979.81,980.321,979.093,979.672
6/11/2026 3:00,979.802,980.072,978.354,979.942
6/11/2026 2:50,978.669,979.652,977.865,979.598
6/11/2026 2:40,978.434,979.443,977.93,978.714
6/11/2026 2:30,978.484,979.213,978.225,978.23
6/11/2026 2:20,978.634,979.048,977.726,978.484
6/11/2026 2:10,976.717,979.343,976.188,978.639
6/11/2026 2:00,975.11,977.626,974.631,976.687
6/11/2026 1:50,973.642,975.339,972.943,975.14
6/11/2026 1:40,974.031,975.409,973.103,973.527
6/11/2026 1:30,975.569,975.799,973.662,973.872
6/11/2026 1:20,974.63,976.028,974.291,975.779
6/11/2026 1:10,974.071,974.74,973.752,974.71
6/11/2026 1:00,974.8,975.07,973.772,974.071
6/11/2026 0:50,974.73,975.709,974.551,974.9
6/11/2026 0:40,975.509,976.418,974.88,974.88
6/11/2026 0:30,975.05,975.761,974.042,975.135
6/11/2026 0:20,975.06,975.799,974.181,975.399
6/11/2026 0:10,974.79,976.737,974.692,975.19
6/11/2026 0:00,976.378,977.366,974.336,974.61
6/10/2026 23:50,976.977,977.716,975.239,976.263
6/10/2026 23:40,976.752,977.436,975.17,977.057
6/10/2026 23:30,976.677,977.686,975.579,976.762
6/10/2026 23:20,976.522,978.095,975.698,977.306
6/10/2026 23:10,973.752,976.847,972.554,976.458
6/10/2026 23:00,973.462,974.95,972.723,974.066
6/10/2026 22:50,973.662,974.89,972.204,973.842
6/10/2026 22:40,969.908,974.131,969.459,973.702
6/10/2026 22:30,970.158,971.096,969.219,969.938
6/10/2026 22:20,973.452,974.391,968.58,970.078
6/10/2026 22:10,969.688,973.452,968.86,971.955
6/10/2026 22:00,968.046,972.554,967.382,970.397
6/10/2026 21:50,964.247,970.063,962.779,968.051
6/10/2026 21:40,967.112,971.243,963.853,963.853
6/10/2026 21:30,975.892,977.446,964.467,966.084
6/10/2026 3:50,964.192,968.74,963.618,967.052
6/10/2026 3:40,964.207,965.225,963.408,964.192
6/10/2026 3:30,965.655,965.844,963.668,964.621
6/10/2026 3:20,967.721,968.231,965.66,965.66
6/10/2026 3:10,967.961,968.68,967.597,967.996
6/10/2026 3:00,966.683,968.84,966.463,968.151
6/10/2026 2:50,967.107,967.462,965.844,966.598
6/10/2026 2:40,967.042,967.432,966.165,967.107
6/10/2026 2:30,967.477,968.181,965.864,967.092
6/10/2026 2:20,967.821,968.36,966.893,967.477
6/10/2026 2:10,967.911,968.271,966.843,967.801
6/10/2026 2:00,966.873,968.52,966.199,967.906
6/10/2026 1:50,967.567,967.567,965.156,966.853
6/10/2026 1:40,964.876,968.031,963.823,967.262
6/10/2026 1:30,967.512,968.001,964.671,964.671
6/10/2026 1:20,967.242,967.931,966.473,967.112
6/10/2026 1:10,968.67,969.429,966.813,967.452
6/10/2026 1:00,976.248,976.487,968.355,968.53
6/10/2026 0:50,976.043,978.145,975.619,976.947
6/10/2026 0:40,975.549,977.835,974.451,976.238
6/10/2026 0:30,978.414,979.233,975.769,976.218
6/10/2026 0:20,979.912,980.411,976.597,978.414
6/10/2026 0:10,977.566,980.341,976.456,979.538
6/10/2026 0:00,975.609,978.414,973.752,977.79
6/9/2026 23:50,971.945,975.719,971.006,975.719
6/9/2026 23:40,973.342,973.702,971.131,972.589
6/9/2026 23:30,972.364,973.802,970.976,973.153
6/9/2026 23:20,971.156,973.203,970.787,972.035
6/9/2026 23:10,969.848,971.945,968.785,971.156
6/9/2026 23:00,968.71,970.537,968.191,969.563
6/9/2026 22:50,971.465,971.465,966.164,968.181
6/9/2026 22:40,970.128,972.304,969.119,971.465
6/9/2026 22:30,969.154,971.875,969.129,970.542
6/9/2026 22:20,971.625,971.625,966.573,969.154
6/9/2026 22:10,970.377,972.923,968.905,971.046
6/9/2026 22:00,966.064,970.547,965.755,970.547
6/9/2026 21:50,968.101,969.708,965.884,965.964
6/9/2026 21:40,970.657,972.943,967.462,967.816
6/9/2026 21:30,972.664,976.448,967.522,970.327
6/9/2026 3:50,972.961,975.16,971.765,973.203
6/9/2026 3:40,973.123,973.642,971.675,972.813
6/9/2026 3:30,972.674,973.247,971.685,972.753
6/9/2026 3:20,972.194,973.782,972.045,972.918
6/9/2026 3:10,972.104,972.589,971.156,972.454
6/9/2026 3:00,972.025,973.502,971.945,972.419
6/9/2026 2:50,972.409,972.524,971.466,971.795
6/9/2026 2:40,972.993,973.133,972.284,972.409
6/9/2026 2:30,973.492,973.872,972.334,973.402
6/9/2026 2:20,973.208,973.637,972.928,973.492
6/9/2026 2:10,973.173,973.442,972.449,973.223
6/9/2026 2:00,971.376,973.442,971.324,973.143
6/9/2026 1:50,971.815,972.574,970.801,971.146
6/9/2026 1:40,972.436,973.323,971.775,972.269
6/9/2026 1:30,973.153,973.153,971.126,972.454
6/9/2026 1:20,972.304,973.635,971.83,973.163
6/9/2026 1:10,972.401,973.742,972.274,972.793
6/9/2026 1:00,972.923,972.964,971.925,972.304
6/9/2026 0:50,972.883,973.253,971.78,973.013
6/9/2026 0:40,971.565,973.452,971.565,973.233
6/9/2026 0:30,970.966,972.204,970.267,972.204
6/9/2026 0:20,971.106,972.284,970.707,970.722
6/9/2026 0:10,971.955,972.414,971.016,971.48
6/9/2026 0:00,972.888,973.497,971.955,972.204
6/8/2026 23:50,973.642,973.892,972.843,972.953
6/8/2026 23:40,973.412,974.124,972.743,973.782
6/8/2026 23:30,972.604,973.752,971.9,973.362
6/8/2026 23:20,974.79,976.113,973.362,973.492
6/8/2026 23:10,975.928,976.408,973.642,974.61
6/8/2026 23:00,975.279,976.667,975.09,975.804
6/8/2026 22:50,975.779,975.898,974.291,975.299
6/8/2026 22:40,973.722,976.483,973.632,975.779
6/8/2026 22:30,973.792,974.531,972.334,973.617
6/8/2026 22:20,975.105,975.968,973.592,973.802
6/8/2026 22:10,974.181,974.84,970.337,974.84
6/8/2026 22:00,974.326,975.289,971.625,974.411
6/8/2026 21:50,973.178,974.85,971.495,974.75
6/8/2026 21:40,972.908,977.426,971.895,973.178
6/8/2026 21:30,961.926,973.452,959.477,972.908
6/6/2026 3:50,974.57,975.289,970.058,970.327
6/6/2026 3:40,974.451,976.547,973.649,974.281
6/6/2026 3:30,976.847,977.626,974.6,974.708
6/6/2026 3:20,979.383,979.732,977.047,977.092
6/6/2026 3:10,978.512,980.089,978.494,979.393
6/6/2026 3:00,979.802,980.781,976.947,978.499
6/6/2026 2:50,983.646,984.435,979.443,979.702
6/6/2026 2:40,984.505,986.422,983.387,983.646
6/6/2026 2:30,981.41,985.234,981.41,984.325
6/6/2026 2:20,983.377,983.756,981.41,981.41
6/6/2026 2:10,981.315,983.736,980.521,983.182
6/6/2026 2:00,980.531,981.552,979.862,981.5
6/6/2026 1:50,980.521,981.09,978.958,980.806
6/6/2026 1:40,979.333,981.27,979.153,980.271
6/6/2026 1:30,980.97,981.739,979.333,979.553
6/6/2026 1:20,983.367,983.546,980.87,980.97
6/6/2026 1:10,983.377,984.185,982.438,982.708
6/6/2026 1:00,981.11,983.986,979.723,983.581
6/6/2026 0:50,983.097,984.477,980.441,980.776
6/6/2026 0:40,984.125,987.031,982.573,982.713
6/6/2026 0:30,982.927,984.495,982.458,984.125
6/6/2026 0:20,984.195,984.824,981.819,982.658
6/6/2026 0:10,983.916,985.054,983.446,984.395
6/6/2026 0:00,982.258,984.615,982.258,984.265
6/5/2026 23:50,985.004,985.004,981.789,982.448
6/5/2026 23:40,987.36,988.359,984.345,985.204
6/5/2026 23:30,986.022,987.66,984.734,987.32
6/5/2026 23:20,985.997,988.249,985.433,985.793
6/5/2026 23:10,987.16,988.059,985.508,986.002
6/5/2026 23:00,984.749,986.921,983.976,986.841
6/5/2026 22:50,987.061,987.42,983.916,985.164
6/5/2026 22:40,986.432,989.227,985.583,986.981
6/5/2026 22:30,992.073,992.093,986.432,986.926
6/5/2026 22:20,986.263,993.281,986.263,991.783
6/5/2026 22:10,990.455,993.211,986.342,986.517
6/5/2026 22:00,995.243,995.402,989.736,990.695
6/5/2026 21:50,992.802,995.827,991.024,995.797
6/5/2026 21:40,990.056,993.82,989.667,993.086
6/5/2026 21:30,975.948,991.254,972.604,989.392
6/5/2026 3:50,967.926,971.356,966.983,970.777
6/5/2026 3:40,967.891,969.009,967.132,967.851
6/5/2026 3:30,968.111,969.239,967.911,968.001
6/5/2026 3:20,970.467,970.567,968.455,968.5
6/5/2026 3:10,970.372,971.695,969.898,970.327
6/5/2026 3:00,970.981,970.981,969.549,970.372
6/5/2026 2:50,970.552,971.356,970.302,970.981
6/5/2026 2:40,971.638,971.645,970.406,970.662
6/5/2026 2:30,968.939,971.645,968.825,971.505
6/5/2026 2:20,969.549,970.237,967.921,968.795
6/5/2026 2:10,967.841,969.898,966.673,969.179
6/5/2026 2:00,971.106,971.525,966.973,967.632
6/5/2026 1:50,973.457,973.792,970.457,970.831
6/5/2026 1:40,974.061,974.451,973.323,973.457
6/5/2026 1:30,974.501,975.14,973.792,974.121
6/5/2026 1:20,975.21,975.619,974.051,974.451
6/5/2026 1:10,976.053,976.158,974.94,974.94
6/5/2026 1:00,976.937,977.007,975.559,975.918
6/5/2026 0:50,976.567,977.556,975.504,976.707
6/5/2026 0:40,977.831,978.065,976.298,976.752
6/5/2026 0:30,978.265,979.073,977.805,977.805
6/5/2026 0:20,978.724,979.153,977.428,978.105
6/5/2026 0:10,978.794,979.942,978.195,979.143
6/5/2026 0:00,976.717,979.143,976.657,978.679
6/4/2026 23:50,979.123,979.722,976.448,976.782
6/4/2026 23:40,974.92,979.787,974.705,979.787
6/4/2026 23:30,974.201,975.898,974.201,974.92
6/4/2026 23:20,975.549,975.928,973.562,974.89
6/4/2026 23:10,978.894,979.433,974.95,975.459
6/4/2026 23:00,980.771,981.49,978.544,978.988
6/4/2026 22:50,981.599,983.347,980.691,980.91
6/4/2026 22:40,983.277,983.99,981.01,981.282
6/4/2026 22:30,984.575,986.202,982.438,983.896
6/4/2026 22:20,985.254,987.779,984.435,984.739
6/4/2026 22:10,986.412,986.641,981.753,984.904
6/4/2026 22:00,982.633,986.122,979.443,985.992
6/4/2026 21:50,986.976,987.021,981.554,982.758
6/4/2026 21:40,978.444,988.329,978.444,986.976
6/4/2026 21:30,985.393,988.438,978.005,978.594
6/4/2026 3:50,958.376,960.713,957.827,960.303
6/4/2026 3:40,958.915,960.034,958.476,958.476
6/4/2026 3:30,960.753,961.581,958.811,959.065
6/4/2026 3:20,960.06,960.832,959.834,960.832
6/4/2026 3:10,958.856,960.363,958.646,960.094
6/4/2026 3:00,958.826,959.784,958.546,959.225
6/4/2026 2:50,958.596,960.084,957.748,959.145
6/4/2026 2:40,958.596,959.335,958.127,958.361
6/4/2026 2:30,956.779,958.716,956.779,958.636
6/4/2026 2:20,958.856,958.856,956.779,956.779
6/4/2026 2:10,959.31,960.084,958.666,958.945
6/4/2026 2:00,959.045,959.345,958.087,959.165
6/4/2026 1:50,960.293,960.862,959.035,959.19
6/4/2026 1:40,961.791,961.971,959.854,960.263
6/4/2026 1:30,963.099,963.169,961.661,961.691
6/4/2026 1:20,963.907,964.177,962.22,962.969
6/4/2026 1:10,963.768,965.745,963.658,963.912
6/4/2026 1:00,962.53,964.257,962.1,963.883
6/4/2026 0:50,962.929,963.738,962.07,962.525
6/4/2026 0:40,961.471,963.608,961.446,962.709
6/4/2026 0:30,960.882,961.891,959.889,961.514
6/4/2026 0:20,960.518,961.471,959.14,960.668
6/4/2026 0:10,960.952,961.032,959.385,960.513
6/4/2026 0:00,959.22,961.012,958.836,960.673
6/3/2026 23:50,960.448,960.713,959.035,959.225
6/3/2026 23:40,958.771,961.122,958.676,960.533
6/3/2026 23:30,957.977,958.975,956.17,958.975
6/3/2026 23:20,958.776,960.044,957.687,957.687
6/3/2026 23:10,960.772,960.822,957.777,958.663
6/3/2026 23:00,964.297,964.956,959.774,960.777
6/3/2026 22:50,966.443,966.953,964.097,964.856
6/3/2026 22:40,966.483,967.013,965.295,965.884
6/3/2026 22:30,963.568,967.642,962.55,966.259
6/3/2026 22:20,964.457,965.189,962.395,963.573
6/3/2026 22:10,964.187,965.255,961.581,964.447
6/3/2026 22:00,962.984,965.415,962.16,963.763
6/3/2026 21:50,963.468,965.954,959.804,962.986
6/3/2026 21:40,957.817,964.007,956.988,963.358
6/3/2026 21:30,951.362,958.246,950.469,957.732
6/3/2026 3:50,953.045,953.814,951.427,952.755
6/3/2026 3:40,950.748,953.055,950.489,953.045
6/3/2026 3:30,950.589,951.248,950.149,950.659
6/3/2026 3:20,952.276,952.446,950.379,950.379
6/3/2026 3:10,952.486,952.665,951.487,952.281
6/3/2026 3:00,953.319,953.564,951.967,952.411
6/3/2026 2:50,952.785,953.604,952.476,953.324
6/3/2026 2:40,952.411,953.664,952.276,953.107
6/3/2026 2:30,952.749,952.775,951.652,952.411
6/3/2026 2:20,952.391,953.03,952.125,952.68
6/3/2026 2:10,952.805,953.314,951.827,952.401
6/3/2026 2:00,952.705,953.234,951.917,952.845
6/3/2026 1:50,953.51,953.784,952.536,952.755
6/3/2026 1:40,952.805,953.873,952.805,953.454
6/3/2026 1:30,951.647,953.303,951.447,952.975
6/3/2026 1:20,951.018,952.026,949.97,951.727
6/3/2026 1:10,949.95,951.258,949.83,950.712
6/3/2026 1:00,950.29,950.958,948.742,949.91
6/3/2026 0:50,951.088,951.138,950.039,950.429
6/3/2026 0:40,950.666,951.427,950.09,951.267
6/3/2026 0:30,949.271,950.788,949.071,950.688
6/3/2026 0:20,949.181,949.57,948.437,949.276
6/3/2026 0:10,946.865,949.251,946.575,949.251
6/3/2026 0:00,946.026,946.61,944.768,946.61
6/2/2026 23:50,945.277,946.57,944.029,945.856
6/2/2026 23:40,943.111,945.267,942.981,945.267
6/2/2026 23:30,943.939,944.369,942.502,943.116
6/2/2026 23:20,943.24,944.788,943.24,943.77
6/2/2026 23:10,944.648,944.778,942.13,943.076
6/2/2026 23:00,943.62,945.487,943.43,944.648
6/2/2026 22:50,944.568,945.337,943.5,943.67
6/2/2026 22:40,944.119,945.696,943.929,944.443
6/2/2026 22:30,946.295,946.615,943.5,944.159
6/2/2026 22:20,941.593,948.292,940.525,946.295
6/2/2026 22:10,940.335,943.48,938.258,941.054
6/2/2026 22:00,940.037,941.693,939.037,939.896
6/2/2026 21:50,939.985,941.533,937.959,939.491
6/2/2026 21:40,945.841,947.434,939.516,939.985
6/2/2026 21:30,940.794,949.116,940.145,945.996
6/2/2026 3:50,945.776,945.776,944.079,944.608
6/2/2026 3:40,944.354,946.47,944.249,945.497
6/2/2026 3:30,941.413,945.147,941.413,944.423
6/2/2026 3:20,942.432,942.881,940.685,941.408
6/2/2026 3:10,941.533,942.791,941.044,942.482
6/2/2026 3:00,941.613,942.511,940.884,941.618
6/2/2026 2:50,941.823,942.492,941.613,941.613
6/2/2026 2:40,943.46,943.46,941.648,941.912
6/2/2026 2:30,942.581,943.49,941.982,943.25
6/2/2026 2:20,943.939,943.989,942.232,942.442
6/2/2026 2:10,943.44,943.894,942.002,943.63
6/2/2026 2:00,944.658,945.397,942.801,943.6
6/2/2026 1:50,944.104,945.392,943.73,944.878
6/2/2026 1:40,940.874,944.468,940.844,944.279
6/2/2026 1:30,939.746,941.104,939.267,941.074
6/2/2026 1:20,940.215,940.654,939.386,939.796
6/2/2026 1:10,936.521,940.175,936.356,940.165
6/2/2026 1:00,935.742,937.1,935.353,936.611
6/2/2026 0:50,936.671,936.841,935.023,935.832
6/2/2026 0:40,939.077,939.926,936.761,936.796
6/2/2026 0:30,939.866,940.345,938.937,939.142
6/2/2026 0:20,940.255,940.425,939.236,940.105
6/2/2026 0:10,939.626,940.779,939.182,940.095
6/2/2026 0:00,940.425,940.724,939.386,939.626
6/1/2026 23:50,939.366,940.734,938.877,940.425
6/1/2026 23:40,939.441,940.555,938.518,938.867
6/1/2026 23:30,939.366,939.896,938.258,939.247
6/1/2026 23:20,938.987,940.065,937.719,939.366
6/1/2026 23:10,942.482,942.951,937.759,938.987
6/1/2026 23:00,944.234,944.948,942.102,942.482
6/1/2026 22:50,944.648,945.008,943.68,944.339
6/1/2026 22:40,945.127,946.335,943.43,944.598
6/1/2026 22:30,946.006,946.425,943.74,944.948
6/1/2026 22:20,946.825,947.593,945.018,945.637
6/1/2026 22:10,947.688,949.58,946.73,946.745
6/1/2026 22:00,948.662,949.58,946.415,947.688
6/1/2026 21:50,949.636,952.246,946.973,949.116
6/1/2026 21:40,945.656,952.486,942.791,949.79
6/1/2026 21:30,953.484,957.687,943.979,945.082
5/30/2026 3:50,959.285,964.357,953.634,954.802
5/30/2026 3:40,951.727,960.124,951.717,959.964
5/30/2026 3:30,949.645,952.006,949.645,951.667
5/30/2026 3:20,950.469,951.387,949.49,949.67
5/30/2026 3:10,951.163,951.747,950.229,950.374
5/30/2026 3:00,950.873,953.484,950.708,951.173
5/30/2026 2:50,950.679,952.316,950.479,950.868
5/30/2026 2:40,949.95,952.356,949.95,950.429
5/30/2026 2:30,951.053,952.036,949.9,949.95
5/30/2026 2:20,950.349,951.966,950.349,950.968
5/30/2026 2:10,948.722,950.299,948.722,950.209
5/30/2026 2:00,948.402,950.02,948.272,948.612
5/30/2026 1:50,948.577,949.66,947.993,948.422
5/30/2026 1:40,948.242,949.49,947.384,948.192
5/30/2026 1:30,951.902,952.166,948.113,948.252
5/30/2026 1:20,951.717,953.135,950.988,951.902
5/30/2026 1:10,951.457,952.825,950.818,951.362
5/30/2026 1:00,949.296,951.477,948.831,951.228
5/30/2026 0:50,947.694,950.918,947.573,949.291
5/30/2026 0:40,948.307,949.151,946.959,948.222
5/30/2026 0:30,945.696,948.692,945.497,948.307
5/30/2026 0:20,945.986,946.455,943.949,945.996
5/30/2026 0:10,947.144,948.492,945.537,945.946
5/30/2026 0:00,947.563,948.871,946.515,946.795
5/29/2026 23:50,947.204,948.217,946.295,947.786
5/29/2026 23:40,945.497,948.033,944.808,947.344
5/29/2026 23:30,947.836,948.722,945.037,945.472
5/29/2026 23:20,948.442,949.49,947.364,947.993
5/29/2026 23:10,944.908,950.209,944.658,948.028
5/29/2026 23:00,948.113,949.061,944.758,945.197
5/29/2026 22:50,951.966,952.655,946.375,948.362
5/29/2026 22:40,955.691,957.368,951.902,952.156
5/29/2026 22:30,955.381,956.17,950.599,955.686
5/29/2026 22:20,955.411,958.476,952.875,955.601
5/29/2026 22:10,954.173,956.478,951.986,955.483
5/29/2026 22:00,947.983,954.313,944.898,953.963
5/29/2026 21:50,952.116,952.246,944.608,947.783
5/29/2026 21:40,966.174,968.71,948.742,951.487
5/29/2026 21:30,985.004,997.234,964.467,966.863
5/29/2026 3:50,994.519,997.204,992.692,993.62
5/29/2026 3:40,997.085,997.464,994.419,994.773
5/29/2026 3:30,998.413,999.341,997.01,997.01
5/29/2026 3:20,998.166,999.69,997.953,998.612
5/29/2026 3:10,995.153,998.28,994.629,998.168
5/29/2026 3:00,996.516,997.065,994.699,995.377
5/29/2026 2:50,997.175,997.519,995.956,996.376
5/29/2026 2:40,996.945,997.454,996.705,997.04
5/29/2026 2:30,996.256,997.015,995.917,996.925
5/29/2026 2:20,996.586,996.586,995.927,996.224
5/29/2026 2:10,996.655,997.414,996.036,996.586
5/29/2026 2:00,997.654,997.674,996.036,996.316
5/29/2026 1:50,996.371,997.795,996.216,997.145
5/29/2026 1:40,996.97,997.384,995.188,996.371
5/29/2026 1:30,997.519,997.844,995.977,997.249
5/29/2026 1:20,996.715,998.334,996.715,997.414
5/29/2026 1:10,994.519,996.845,994.219,996.835
5/29/2026 1:00,1000.549,1000.694,994.649,994.659
5/29/2026 0:50,1000.25,1001.298,999.97,1000.684
5/29/2026 0:40,999.8,1000.909,999.731,1000.06
5/29/2026 0:30,998.832,999.915,998.383,999.731
5/29/2026 0:20,998.363,999.281,998.303,998.832
5/29/2026 0:10,998.512,998.962,997.664,998.043
5/29/2026 0:00,998.023,998.922,997.943,998.492
5/28/2026 23:50,998.023,998.133,997.015,998.133
5/28/2026 23:40,996.536,998.128,996.536,997.948
5/28/2026 23:30,994.938,996.845,993.95,996.548
5/28/2026 23:20,996.416,996.635,994.419,994.973
5/28/2026 23:10,997.414,998.273,996.096,996.266
5/28/2026 23:00,998.692,999.21,996.416,997.414
5/28/2026 22:50,1000.869,1001.178,998.662,998.802
5/28/2026 22:40,1002.875,1003.375,1000.539,1000.939
5/28/2026 22:30,1003.959,1004.403,1002.646,1003.065
5/28/2026 22:20,1001.058,1004.473,1000.449,1003.959
5/28/2026 22:10,1004.004,1005.401,999.531,1001.043
5/28/2026 22:00,1003.345,1004.653,1002.286,1003.724
5/28/2026 21:50,1004.912,1006.2,1002.406,1003.48
5/28/2026 21:40,1001.677,1005.541,1001.677,1004.962
5/28/2026 21:30,1010.004,1010.394,997.414,1002.017
5/28/2026 3:50,1003.485,1004.523,1001.917,1002.097
5/28/2026 3:40,1004.433,1004.782,1003.265,1004.094
5/28/2026 3:30,1004.533,1004.932,1003.764,1004.593
5/28/2026 3:20,1004.323,1005.406,1003.874,1004.718
5/28/2026 3:10,1006.205,1006.205,1003.814,1004.308
5/28/2026 3:00,1005.791,1006.48,1005.501,1006.215
5/28/2026 2:50,1006.56,1006.749,1005.491,1006.016
5/28/2026 2:40,1005.826,1006.749,1005.262,1006.58
5/28/2026 2:30,1005.671,1006.14,1004.845,1005.946
5/28/2026 2:20,1006.64,1006.819,1005.202,1005.436
5/28/2026 2:10,1005.961,1007.179,1005.811,1006.48
5/28/2026 2:00,1005.466,1006.09,1004.463,1006.09
5/28/2026 1:50,1006.29,1006.29,1005.112,1005.541
5/28/2026 1:40,1006.859,1007.398,1005.931,1005.991
5/28/2026 1:30,1004.678,1006.699,1004.678,1006.57
5/28/2026 1:20,1006.01,1006.14,1004.183,1004.821
5/28/2026 1:10,1004.832,1006.62,1004.653,1006.225
5/28/2026 1:00,1004.803,1005.591,1004.188,1004.822
5/28/2026 0:50,1004.014,1005.941,1004.014,1005.152
5/28/2026 0:40,1004.593,1004.603,1003.325,1004.014
5/28/2026 0:30,1005.112,1005.676,1004.363,1004.603
5/28/2026 0:20,1005.501,1005.581,1004.123,1005.062
5/28/2026 0:10,1004.892,1005.511,1003.505,1005.451
5/28/2026 0:00,1005.701,1006.42,1004.293,1004.792
5/27/2026 23:50,1005.741,1006.699,1005.332,1005.701
5/27/2026 23:40,1006.417,1006.729,1004.353,1005.781
5/27/2026 23:30,1005.272,1007.079,1004.593,1006.255
5/27/2026 23:20,1006.44,1007.079,1005.132,1005.202
5/27/2026 23:10,1003.846,1006.659,1003.846,1006.4
5/27/2026 23:00,1004.553,1006.929,1003.874,1003.914
5/27/2026 22:50,1003.465,1005.571,1001.707,1004.892
5/27/2026 22:40,1003.485,1004.243,1002.137,1003.794
5/27/2026 22:30,1004.243,1004.912,1002.097,1003.285
5/27/2026 22:20,1002.915,1007.308,1002.766,1003.994
5/27/2026 22:10,1002.915,1004.064,1001.378,1003.145
5/27/2026 22:00,1004.283,1006.38,1001.328,1003.207
5/27/2026 21:50,1008.087,1008.791,1002.566,1004.283
5/27/2026 21:40,1008.347,1010.394,1006.3,1007.927
5/27/2026 21:30,1002.266,1011.901,998.099,1006.959
5/27/2026 3:50,1003.315,1004.768,1000.669,1001.338
5/27/2026 3:40,1002.102,1003.594,1002.102,1002.955
5/27/2026 3:30,1001.912,1003.295,1001.438,1002.237
5/27/2026 3:20,1001.637,1002.526,1001.318,1001.877
5/27/2026 3:10,1000.505,1002.406,999.98,1001.598
5/27/2026 3:00,1000.429,1000.999,999.85,1000.484
5/27/2026 2:50,1000.909,1001.078,999.89,1000.549
5/27/2026 2:40,1001.438,1001.647,1000.469,1000.909
5/27/2026 2:30,1000.879,1001.578,1000.11,1001.433
5/27/2026 2:20,1001.967,1002.796,1000.889,1000.889
5/27/2026 2:10,1000.589,1002.177,1000.541,1001.741
5/27/2026 2:00,997.394,1000.849,997.334,1000.779
5/27/2026 1:50,998.333,998.333,997.024,997.464
5/27/2026 1:40,997.624,998.742,997.304,998.472
5/27/2026 1:30,996.542,999.072,996.542,997.744
5/27/2026 1:20,997.614,997.704,996.506,996.675
5/27/2026 1:10,997.674,998.862,997.414,997.624
5/27/2026 1:00,997.893,998.323,996.915,997.679
5/27/2026 0:50,998.967,999.161,997.604,997.664
5/27/2026 0:40,999.491,1000.379,998.423,998.812
5/27/2026 0:30,995.917,999.506,995.697,999.491
5/27/2026 0:20,998.587,998.587,994.579,995.797
5/27/2026 0:10,999.201,999.471,997.514,998.587
5/27/2026 0:00,1001.608,1001.837,998.642,999.201
5/26/2026 23:50,1000.721,1003.395,1000.09,1001.608
5/26/2026 23:40,997.873,1000.929,997.165,1000.709
5/26/2026 23:30,998.413,998.912,997.05,997.734
5/26/2026 23:20,996.261,998.707,995.917,998.103
5/26/2026 23:10,997.371,998.393,996.166,996.186
5/26/2026 23:00,997.294,998.912,996.795,997.464
5/26/2026 22:50,996.835,998.702,996.216,997.574
5/26/2026 22:40,997.564,998.962,996.476,997.44
5/26/2026 22:30,995.842,998.213,995.492,997.913
5/26/2026 22:20,998.902,998.902,995.118,995.537
5/26/2026 22:10,996.695,998.7,994.758,998.468
5/26/2026 22:00,998.413,1001.178,995.727,996.476
5/26/2026 21:50,998.567,1003.085,998.567,998.822
5/26/2026 21:40,1009.46,1011.392,996.416,998.567
5/26/2026 21:30,1024.501,1025.869,1005.931,1009.736
5/23/2026 3:50,1027.696,1028.505,1025.889,1026.608
5/23/2026 3:40,1026.104,1029.084,1025.749,1027.696
5/23/2026 3:30,1026.348,1026.373,1025.19,1026.099
5/23/2026 3:20,1026.488,1028.285,1025.869,1026.149
5/23/2026 3:10,1026.388,1027.446,1025.649,1026.408
5/23/2026 3:00,1024.781,1026.358,1024.631,1026.358
5/23/2026 2:50,1025.879,1026.538,1024.733,1024.891
5/23/2026 2:40,1026.139,1027.397,1025.849,1026.015
5/23/2026 2:30,1027.441,1027.956,1025.37,1025.824
5/23/2026 2:20,1027.372,1028.345,1027.037,1027.441
5/23/2026 2:10,1028.928,1028.928,1025.49,1027.092
5/23/2026 2:00,1027.217,1029.343,1027.187,1028.854
5/23/2026 1:50,1026.258,1027.536,1026.238,1027.187
5/23/2026 1:40,1025.989,1028.026,1025.52,1026.738
5/23/2026 1:30,1026.927,1027.806,1025.22,1025.769
5/23/2026 1:20,1027.661,1028.145,1026.378,1026.937
5/23/2026 1:10,1029.264,1029.264,1027.297,1027.297
5/23/2026 1:00,1027.596,1029.124,1026.947,1029.124
5/23/2026 0:50,1028.19,1029.244,1026.967,1027.137
5/23/2026 0:40,1029.819,1029.863,1028.006,1028.115
5/23/2026 0:30,1029.423,1030.112,1028.485,1029.503
5/23/2026 0:20,1029.254,1029.463,1028.575,1029.343
5/23/2026 0:10,1028.295,1030.422,1028.021,1029.438
5/23/2026 0:00,1029.923,1030.362,1028.365,1028.55
5/22/2026 23:50,1029.249,1030.641,1028.684,1029.962
5/22/2026 23:40,1028.155,1030.082,1028.155,1029.194
5/22/2026 23:30,1028.031,1029.114,1027.456,1027.806
5/22/2026 23:20,1026.174,1028.235,1025.804,1028.006
5/22/2026 23:10,1026.588,1026.588,1023.563,1025.869
5/22/2026 23:00,1027.626,1030.262,1026.238,1026.618
5/22/2026 22:50,1027.486,1027.926,1026.438,1027.436
5/22/2026 22:40,1025.48,1027.906,1023.912,1027.486
5/22/2026 22:30,1025.569,1027.057,1024.901,1025.749
5/22/2026 22:20,1026.308,1027.516,1024.192,1025.33
5/22/2026 22:10,1030.991,1031.001,1024.681,1025.939
5/22/2026 22:00,1036.692,1037.301,1030.532,1031.146
5/22/2026 21:50,1037.271,1039.832,1036.602,1036.692
5/22/2026 21:40,1038.539,1041.829,1036.672,1037.271
5/22/2026 21:30,1038.339,1043.98,1034.357,1038.418
5/22/2026 3:50,1049.726,1050.13,1046.506,1048.782
5/22/2026 3:40,1047.5,1049.746,1046.414,1049.746
5/22/2026 3:30,1051.259,1051.323,1047.495,1047.495
5/22/2026 3:20,1050.74,1052.327,1050.74,1050.899
5/22/2026 3:10,1049.252,1051.603,1049.212,1050.859
5/22/2026 3:00,1045.747,1048.992,1044.809,1048.952
5/22/2026 2:50,1049.801,1050.276,1044.909,1045.697
5/22/2026 2:40,1050.125,1050.829,1049.401,1049.801
5/22/2026 2:30,1049.531,1050.49,1048.658,1050.12
5/22/2026 2:20,1050.17,1050.689,1049.152,1049.362
5/22/2026 2:10,1048.243,1051.019,1048.243,1050.051
5/22/2026 2:00,1048.166,1049.097,1047.082,1048.148
5/22/2026 1:50,1048.802,1049.325,1045.568,1047.864
5/22/2026 1:40,1047.564,1049.881,1047.564,1048.518
5/22/2026 1:30,1048.363,1049.041,1046.566,1047.155
5/22/2026 1:20,1048.049,1049.122,1046.526,1047.779
5/22/2026 1:10,1048.952,1049.831,1047.395,1047.547
5/22/2026 1:00,1047.17,1049.322,1046.816,1048.942
5/22/2026 0:50,1045.568,1047.784,1045.338,1047.155
5/22/2026 0:40,1044.954,1046.726,1044.529,1045.558
5/22/2026 0:30,1044.849,1045.742,1043.216,1044.949
5/22/2026 0:20,1044.779,1046.935,1044.639,1044.719
5/22/2026 0:10,1046.336,1046.376,1044.504,1044.709
5/22/2026 0:00,1044.594,1046.306,1044.05,1045.867
5/21/2026 23:50,1042.093,1045.098,1042.073,1044.989
5/21/2026 23:40,1039.857,1041.844,1039.447,1041.726
5/21/2026 23:30,1043.052,1043.591,1039.537,1040.397
5/21/2026 23:20,1045.915,1046.306,1043.321,1043.321
5/21/2026 23:10,1046.361,1047.534,1045.438,1045.922
5/21/2026 23:00,1048.333,1049.322,1046.067,1046.067
5/21/2026 22:50,1048.867,1049.322,1047.465,1048.178
5/21/2026 22:40,1048.932,1049.871,1046.985,1048.743
5/21/2026 22:30,1045.378,1050.33,1044.446,1048.343
5/21/2026 22:20,1048.303,1049.851,1043.84,1044.889
5/21/2026 22:10,1044.025,1049.332,1043.521,1048.054
5/21/2026 22:00,1040.031,1044.559,1037.361,1043.511
5/21/2026 21:50,1038.559,1044.25,1037.82,1039.857
5/21/2026 21:40,1042.837,1045.513,1038.749,1038.749
5/21/2026 21:30,1061.717,1063.04,1041.005,1042.48
5/21/2026 3:50,1073.813,1075.28,1070.298,1072.305
5/21/2026 3:40,1075.66,1076.668,1073.294,1073.853
5/21/2026 3:30,1074.102,1075.33,1072.115,1074.961
5/21/2026 3:20,1076.239,1076.414,1074.152,1074.357
5/21/2026 3:10,1073.403,1075.969,1072.834,1075.959
5/21/2026 3:00,1075.64,1075.65,1073.115,1073.403
5/21/2026 2:50,1075.24,1076.359,1074.871,1075.64
5/21/2026 2:40,1077.038,1077.477,1075.051,1075.545
5/21/2026 2:30,1078.246,1078.697,1076.389,1077.227
5/21/2026 2:20,1078.333,1078.805,1077.717,1078.355
5/21/2026 2:10,1079.064,1079.873,1077.582,1077.986
5/21/2026 2:00,1076.888,1079.384,1075.55,1078.645
5/21/2026 1:50,1079.803,1079.938,1076.838,1077.177
5/21/2026 1:40,1079.604,1081.296,1079.324,1079.818
5/21/2026 1:30,1080.063,1080.282,1078.965,1079.574
5/21/2026 1:20,1080.417,1081.64,1080.203,1080.203
5/21/2026 1:10,1081.531,1082.449,1079.464,1080.607
5/21/2026 1:00,1081.391,1082.629,1081.391,1081.58
5/21/2026 0:50,1082.219,1082.504,1081.301,1081.755
5/21/2026 0:40,1085.226,1085.226,1081.76,1081.917
5/21/2026 0:30,1083.075,1084.875,1082.848,1084.875
5/21/2026 0:20,1084.146,1087.072,1082.938,1083.328
5/21/2026 0:10,1082.479,1084.556,1081.615,1084.021
5/21/2026 0:00,1083.662,1084.216,1081.48,1081.88
5/20/2026 23:50,1086.293,1087.98,1083.078,1083.348
5/20/2026 23:40,1084.656,1086.762,1084.496,1086.672
5/20/2026 23:30,1083.138,1084.795,1081.87,1084.651
5/20/2026 23:20,1080.922,1084.136,1080.922,1082.719
5/20/2026 23:10,1082.314,1084.715,1081.221,1082.115
5/20/2026 23:00,1081.585,1083.108,1081.071,1082.479
5/20/2026 22:50,1082.214,1082.788,1080.073,1081.54
5/20/2026 22:40,1083,1083,1080.592,1082.189
5/20/2026 22:30,1079.494,1082.677,1079.064,1081.79
5/20/2026 22:20,1073.633,1079.414,1073.294,1078.95
5/20/2026 22:10,1073.383,1076.753,1071.983,1073.783
5/20/2026 22:00,1076.369,1076.688,1072.525,1073.358
5/20/2026 21:50,1078.69,1083.098,1077.018,1077.018
5/20/2026 21:40,1079.294,1081.8,1075.69,1078.006
5/20/2026 21:30,1087.641,1088.01,1078.845,1078.895
5/20/2026 3:50,1090.965,1093.851,1089.088,1092.583
5/20/2026 3:40,1090.826,1091.704,1089.019,1091.075
5/20/2026 3:30,1090.706,1092.073,1090.267,1090.786
5/20/2026 3:20,1089.897,1090.836,1088.788,1090.726
5/20/2026 3:10,1091.065,1091.335,1087.271,1089.897
5/20/2026 3:00,1088.37,1091.834,1088.33,1091.45
5/20/2026 2:50,1087.985,1090.037,1087.331,1088.37
5/20/2026 2:40,1087.541,1088.669,1087.351,1087.821
5/20/2026 2:30,1086.393,1087.251,1086.378,1087.172
5/20/2026 2:20,1086.892,1087.801,1086.133,1086.398
5/20/2026 2:10,1084.955,1087.072,1084.72,1086.842
5/20/2026 2:00,1086.343,1086.343,1083.537,1084.975
5/20/2026 1:50,1087.022,1088.899,1085.879,1086.612
5/20/2026 1:40,1086.073,1087.531,1085.324,1087.077
5/20/2026 1:30,1087.531,1088.235,1085.694,1085.774
5/20/2026 1:20,1086.578,1087.671,1085.145,1087.496
5/20/2026 1:10,1087.511,1088.34,1086.323,1086.323
5/20/2026 1:00,1091.614,1091.614,1087.182,1087.925
5/20/2026 0:50,1093.062,1093.062,1090.826,1091.614
5/20/2026 0:40,1091.305,1093.961,1090.347,1093.556
5/20/2026 0:30,1091.415,1091.934,1090.267,1090.965
5/20/2026 0:20,1094.066,1094.25,1091.265,1091.265
5/20/2026 0:10,1091.245,1094.066,1090.267,1094.066
5/20/2026 0:00,1092.054,1092.553,1090.766,1091.245
5/19/2026 23:50,1093.661,1094.759,1092.213,1092.213
5/19/2026 23:40,1091.799,1094.417,1091.345,1094.14
5/19/2026 23:30,1088.15,1092.263,1087.411,1091.799
5/19/2026 23:20,1089.268,1089.498,1087.012,1088.15
5/19/2026 23:10,1091.04,1091.395,1087.151,1089.638
5/19/2026 23:00,1090.836,1093.651,1089.488,1091.415
5/19/2026 22:50,1089.717,1092.034,1088.361,1091.255
5/19/2026 22:40,1089.193,1091.265,1087.552,1090.097
5/19/2026 22:30,1087.161,1092.493,1086.792,1089.168
5/19/2026 22:20,1086.273,1089.118,1084.605,1087.431
5/19/2026 22:10,1084.955,1088.789,1082.349,1086.333
5/19/2026 22:00,1086.243,1089.258,1082.439,1087.271
5/19/2026 21:50,1083.103,1087.151,1080.472,1086.223
5/19/2026 21:40,1078.984,1084.506,1077.697,1083.537
5/19/2026 21:30,1075.29,1080.133,1070.398,1078.984
5/19/2026 3:50,1073.643,1075.77,1072.774,1074.761
5/19/2026 3:40,1075.041,1075.919,1073.174,1073.643
5/19/2026 3:30,1077.647,1077.786,1074.661,1075.141
5/19/2026 3:20,1076.344,1078.116,1075.385,1077.437
5/19/2026 3:10,1072.16,1076.798,1071.701,1076.289
5/19/2026 3:00,1069.899,1072.974,1069.005,1072.16
5/19/2026 2:50,1071.047,1071.457,1069.589,1069.844
5/19/2026 2:40,1069.989,1072.255,1068.906,1071.322
5/19/2026 2:30,1069.1,1069.989,1068.192,1069.889
5/19/2026 2:20,1068.411,1069.27,1067.662,1068.641
5/19/2026 2:10,1068.421,1069.24,1067.633,1068.396
5/19/2026 2:00,1067.543,1068.461,1066.315,1068.286
5/19/2026 1:50,1068.991,1069.3,1066.564,1067.543
5/19/2026 1:40,1066.494,1068.801,1065.855,1068.776
5/19/2026 1:30,1065.231,1067.113,1064.333,1066.494
5/19/2026 1:20,1065.296,1066.305,1063.719,1065.167
5/19/2026 1:10,1064.602,1065.336,1064.158,1065.276
5/19/2026 1:00,1062.591,1065.431,1062.461,1064.737
5/19/2026 0:50,1064.188,1064.378,1062.511,1062.601
5/19/2026 0:40,1063.854,1063.968,1062.481,1063.804
5/19/2026 0:30,1064.567,1065.099,1062.556,1063.829
5/19/2026 0:20,1062.281,1065.087,1061.872,1065.067
5/19/2026 0:10,1061.413,1063.399,1061.413,1062.311
5/19/2026 0:00,1062.431,1063.809,1061.447,1061.447
5/18/2026 23:50,1061.612,1062.85,1061.113,1062.84
5/18/2026 23:40,1059.17,1062.051,1059.17,1061.353
5/18/2026 23:30,1060.769,1060.783,1058.417,1059.306
5/18/2026 23:20,1064.108,1064.607,1060.219,1060.778
5/18/2026 23:10,1064.308,1064.672,1060.334,1064.672
5/18/2026 23:00,1065.951,1066.854,1060.684,1063.888
5/18/2026 22:50,1067.802,1068.97,1065.126,1066.405
5/18/2026 22:40,1062.641,1067.737,1061.313,1067.513
5/18/2026 22:30,1064.158,1066.105,1060.454,1062.411
5/18/2026 22:20,1061.402,1064.567,1060.005,1064.033
5/18/2026 22:10,1061.073,1062.011,1056.321,1061.288
5/18/2026 22:00,1059.645,1064.907,1058.654,1060.664
5/18/2026 21:50,1060.823,1062.301,1057.03,1059.311
5/18/2026 21:40,1058.317,1062.311,1057.978,1060.821
5/18/2026 21:30,1048.333,1058.432,1043.341,1057.847
5/16/2026 3:50,1045.488,1047.924,1044.449,1047.285
5/16/2026 3:40,1045.972,1047.564,1044.814,1045.009
5/16/2026 3:30,1045.438,1046.032,1044.27,1045.957
5/16/2026 3:20,1045.528,1045.987,1044.769,1045.068
5/16/2026 3:10,1045.677,1046.107,1044.365,1045.328
5/16/2026 3:00,1046.676,1046.965,1044.769,1045.682
5/16/2026 2:50,1044.949,1047.085,1044.719,1046.965
5/16/2026 2:40,1044.195,1045.657,1044.09,1044.714
5/16/2026 2:30,1045.652,1045.857,1044.045,1044.045
5/16/2026 2:20,1044.974,1046.067,1044.4,1045.667
5/16/2026 2:10,1043.741,1045.058,1043.151,1044.679
5/16/2026 2:00,1042.408,1044.659,1041.993,1043.296
5/16/2026 1:50,1043.681,1045.338,1042.173,1042.213
5/16/2026 1:40,1042.712,1044.32,1042.712,1043.86
5/16/2026 1:30,1044.929,1045.138,1042.383,1042.712
5/16/2026 1:20,1046.915,1046.915,1044.667,1045.083
5/16/2026 1:10,1045.208,1046.915,1043.631,1046.915
5/16/2026 1:00,1045.408,1046.336,1043.925,1045.014
5/16/2026 0:50,1040.496,1045.328,1040.496,1045.148
5/16/2026 0:40,1037.845,1041.254,1037.845,1040.745
5/16/2026 0:30,1038.878,1040.116,1037.82,1037.845
5/16/2026 0:20,1040.351,1040.965,1038.57,1039.218
5/16/2026 0:10,1039.707,1040.625,1038.669,1040.301
5/16/2026 0:00,1041.634,1042.073,1038.509,1039.977
5/15/2026 23:50,1041.344,1041.983,1040.426,1041.854
5/15/2026 23:40,1042.822,1043.711,1040.106,1040.885
5/15/2026 23:30,1043.591,1044.739,1042.173,1042.822
5/15/2026 23:20,1045.328,1045.348,1043.092,1043.331
5/15/2026 23:10,1044.878,1046.645,1044.689,1045.268
5/15/2026 23:00,1047.824,1049.022,1044.839,1044.839
5/15/2026 22:50,1048.183,1048.253,1046.067,1047.634
5/15/2026 22:40,1044.809,1048.823,1043.741,1047.846
5/15/2026 22:30,1047.08,1047.549,1044.874,1045.038
5/15/2026 22:20,1049.227,1050.28,1046.137,1047.055
5/15/2026 22:10,1046.716,1049.791,1045.338,1049.342
5/15/2026 22:00,1054.778,1055.821,1046.336,1046.706
5/15/2026 21:50,1047.065,1055.741,1046.524,1054.763
5/15/2026 21:40,1045.823,1048.823,1044.336,1047.055
5/15/2026 21:30,1047.694,1048.333,1037.57,1045.733
5/15/2026 3:50,1036.155,1040.131,1036.128,1039.597
5/15/2026 3:40,1035.144,1036.841,1034.974,1036.332
5/15/2026 3:30,1034.335,1035.583,1034.216,1035.179
5/15/2026 3:20,1033.682,1034.954,1033.302,1034.345
5/15/2026 3:10,1033.986,1034.619,1033.457,1033.577
5/15/2026 3:00,1034.805,1035.164,1033.162,1033.439
5/15/2026 2:50,1034.545,1035.643,1033.107,1035.184
5/15/2026 2:40,1035.244,1035.663,1034.325,1034.865
5/15/2026 2:30,1035.793,1035.963,1034.765,1035.284
5/15/2026 2:20,1035.254,1036.712,1034.765,1036.098
5/15/2026 2:10,1032.883,1035.344,1031.265,1035.254
5/15/2026 2:00,1035.583,1035.583,1032.528,1032.883
5/15/2026 1:50,1036.327,1037.351,1034.835,1035.583
5/15/2026 1:40,1035.614,1036.462,1035.274,1036.437
5/15/2026 1:30,1034.365,1035.663,1033.038,1035.606
5/15/2026 1:20,1034.805,1034.984,1032.488,1034.226
5/15/2026 1:10,1033.172,1035.194,1032.708,1034.735
5/15/2026 1:00,1033.097,1034.046,1032.359,1033.217
5/15/2026 0:50,1032.918,1033.657,1031.979,1032.149
5/15/2026 0:40,1033.028,1033.442,1031.37,1033.142
5/15/2026 0:30,1033.492,1033.492,1031.52,1032.913
5/15/2026 0:20,1033.525,1033.886,1032.428,1033.597
5/15/2026 0:10,1031.61,1034.355,1030.357,1033.851
5/15/2026 0:00,1033.287,1033.577,1031.45,1031.45
5/14/2026 23:50,1032.149,1033.357,1030.502,1033.192
5/14/2026 23:40,1030.367,1032.968,1029.934,1032.269
5/14/2026 23:30,1030.606,1030.766,1028.495,1030.282
5/14/2026 23:20,1028.645,1031.036,1028.026,1030.601
5/14/2026 23:10,1026.845,1030.522,1026.845,1028.041
5/14/2026 23:00,1026.603,1027.247,1025.54,1026.882
5/14/2026 22:50,1027.836,1028.25,1024.471,1026.583
5/14/2026 22:40,1030.551,1031.071,1027.446,1027.494
5/14/2026 22:30,1031.61,1032.996,1029.952,1030.062
5/14/2026 22:20,1030.092,1032.299,1028.365,1031.24
5/14/2026 22:10,1032.828,1033.257,1030.362,1030.362
5/14/2026 22:00,1033.277,1033.627,1029.373,1033.547
5/14/2026 21:50,1032.523,1035.354,1030.821,1033.587
5/14/2026 21:40,1030.542,1033.466,1029.863,1032.523
5/14/2026 21:30,1033.307,1033.896,1027.966,1030.392
5/14/2026 3:50,1031.57,1032.359,1030.362,1031.44
5/14/2026 3:40,1030.547,1031.78,1029.813,1031.59
5/14/2026 3:30,1031.171,1031.171,1029.863,1030.547
5/14/2026 3:20,1029.179,1031.859,1029.179,1031.323
5/14/2026 3:10,1029.673,1030.362,1029.094,1029.403
5/14/2026 3:00,1029.653,1030.302,1029.019,1029.373
5/14/2026 2:50,1028.355,1030.012,1027.566,1029.443
5/14/2026 2:40,1028.874,1029.119,1027.666,1028.19
5/14/2026 2:30,1027.596,1029.164,1027.596,1028.874
5/14/2026 2:20,1027.007,1028.165,1026.768,1027.951
5/14/2026 2:10,1025.31,1026.941,1025.02,1026.941
5/14/2026 2:00,1025.509,1026.268,1024.709,1025.504
5/14/2026 1:50,1025.804,1026.029,1024.202,1025.4
5/14/2026 1:40,1026.131,1026.278,1025.098,1025.919
5/14/2026 1:30,1025.599,1026.418,1025.08,1026.238
5/14/2026 1:20,1024.356,1026.425,1024.112,1025.574
5/14/2026 1:10,1024.177,1024.87,1023.573,1024.341
5/14/2026 1:00,1022.524,1024.562,1021.626,1024.032
5/14/2026 0:50,1022.774,1023.443,1021.037,1022.784
5/14/2026 0:40,1022.295,1023.472,1021.766,1022.514
5/14/2026 0:30,1022.11,1022.964,1021.326,1022.407
5/14/2026 0:20,1023.483,1024.062,1022.085,1022.494
5/14/2026 0:10,1023.997,1024.202,1022.934,1023.498
5/14/2026 0:00,1025.649,1026.268,1023.917,1024.092
5/13/2026 23:50,1024.676,1026.618,1024.676,1025.869
5/13/2026 23:40,1023.044,1025.33,1022.974,1024.656
5/13/2026 23:30,1023.473,1024.811,1022.744,1023.253
5/13/2026 23:20,1023.263,1025.29,1022.384,1023.622
5/13/2026 23:10,1022.744,1023.992,1022.375,1023.133
5/13/2026 23:00,1022.694,1023.473,1021.795,1022.375
5/13/2026 22:50,1025.4,1025.729,1020.937,1022.794
5/13/2026 22:40,1025.879,1026.188,1024.172,1025.559
5/13/2026 22:30,1028.864,1029.184,1025.929,1026.164
5/13/2026 22:20,1032.578,1032.688,1027.921,1029.363
5/13/2026 22:10,1037.146,1037.92,1032.309,1032.359
5/13/2026 22:00,1039.098,1039.647,1036.572,1037.101
5/13/2026 21:50,1035.334,1040.865,1033.871,1039.487
5/13/2026 21:40,1029.942,1038.15,1028.834,1035.314
5/13/2026 21:30,1016.324,1030.362,1016.324,1029.801
5/13/2026 3:50,1019.379,1021.9,1017.792,1020.258
5/13/2026 3:40,1017.283,1020.208,1016.714,1019.529
5/13/2026 3:30,1019.289,1019.739,1016.614,1017.352
5/13/2026 3:20,1018.61,1020.118,1017.612,1019.689
5/13/2026 3:10,1018.261,1018.93,1017.063,1018.89
5/13/2026 3:00,1019.739,1020.148,1018.001,1018.116
5/13/2026 2:50,1018.67,1020.847,1017.163,1020.847
5/13/2026 2:40,1017.872,1019.968,1017.592,1018.82
5/13/2026 2:30,1017.85,1018.021,1016.103,1017.952
5/13/2026 2:20,1017.952,1019.379,1017.298,1017.882
5/13/2026 2:10,1019.424,1019.429,1017.392,1017.392
5/13/2026 2:00,1018.526,1019.739,1017.008,1019.414
5/13/2026 1:50,1018.036,1019.05,1017.432,1018.411
5/13/2026 1:40,1019.03,1019.395,1017.922,1018.461
5/13/2026 1:30,1019.898,1020.288,1017.382,1018.84
5/13/2026 1:20,1020.283,1021.536,1018.79,1020.093
5/13/2026 1:10,1022.824,1023.083,1019.789,1020.158
5/13/2026 1:00,1022.375,1024.371,1021.376,1022.684
5/13/2026 0:50,1020.358,1023.263,1019.987,1022.115
5/13/2026 0:40,1020.218,1021.376,1019.409,1020.348
5/13/2026 0:30,1018.411,1020.647,1017.482,1020.218
5/13/2026 0:20,1017.223,1018.85,1016.883,1018.411
5/13/2026 0:10,1017.591,1018.221,1015.585,1016.783
5/13/2026 0:00,1019.569,1019.968,1015.975,1016.863
5/12/2026 23:50,1018.45,1020.587,1017.063,1019.694
5/12/2026 23:40,1016.264,1019.369,1016.264,1018.086
5/12/2026 23:30,1021.176,1021.176,1015.895,1017.492
5/12/2026 23:20,1019.629,1022.834,1019.24,1021.736
5/12/2026 23:10,1016.184,1021.376,1016.09,1019.629
5/12/2026 23:00,1014.432,1016.883,1013.898,1016.09
5/12/2026 22:50,1009.445,1014.966,1008.836,1013.898
5/12/2026 22:40,1009.28,1009.914,1007.398,1009.446
5/12/2026 22:30,1015.2,1015.386,1008.457,1009.43
5/12/2026 22:20,1010.244,1015.386,1009.415,1015.386
5/12/2026 22:10,1008.866,1013.798,1008.277,1010.838
5/12/2026 22:00,1010.014,1011.352,1007.418,1009.39
5/12/2026 21:50,1003.495,1011.592,1003.495,1010.134
5/12/2026 21:40,1003.218,1006.17,1000.679,1004.448
5/12/2026 21:30,1000.944,1005.581,999.551,1003.846
5/12/2026 3:50,996.451,998.353,995.956,997.883
5/12/2026 3:40,993.9,996.765,992.946,996.261
5/12/2026 3:30,995.148,995.298,993.61,993.885
5/12/2026 3:20,992.073,995.777,991.748,995.038
5/12/2026 3:10,989.672,992.322,989.672,992.133
5/12/2026 3:00,990.974,990.974,988.948,989.667
5/12/2026 2:50,989.896,991.663,989.297,990.685
5/12/2026 2:40,989.891,990.705,989.796,989.906
5/12/2026 2:30,990.156,990.792,989.557,989.916
5/12/2026 2:20,990.705,991.364,989.956,989.976
5/12/2026 2:10,992.412,992.412,990.705,990.935
5/12/2026 2:00,991.603,993.565,991.534,992.512
5/12/2026 1:50,990.146,992.083,989.956,991.598
5/12/2026 1:40,992.827,993.03,990.056,990.32
5/12/2026 1:30,992.242,994.424,992.082,992.827
5/12/2026 1:20,991.923,992.412,991.094,992.242
5/12/2026 1:10,991.444,992.442,991.424,991.923
5/12/2026 1:00,989.866,992.502,989.617,991.554
5/12/2026 0:50,991.104,992.422,989.746,990.076
5/12/2026 0:40,990.805,992.003,990.405,991.234
5/12/2026 0:30,988.638,990.63,988.059,990.545
5/12/2026 0:20,990.171,991.324,989.297,989.297
5/12/2026 0:10,991.019,991.923,989.547,990.171
5/12/2026 0:00,988.498,991.224,988.498,991.014
5/11/2026 23:50,986.127,989.117,986.127,988.678
5/11/2026 23:40,986.861,986.931,983.586,986.132
5/11/2026 23:30,987.595,989.082,986.472,986.781
5/11/2026 23:20,992.472,993.171,986.641,987.595
5/11/2026 23:10,994.644,995.198,992.063,992.652
5/11/2026 23:00,997.354,997.774,994.419,994.429
5/11/2026 22:50,997.274,998.912,995.228,997.025
5/11/2026 22:40,995.392,997.973,994.629,997.299
5/11/2026 22:30,997.903,999.201,994.918,995.392
5/11/2026 22:20,995.647,998.393,994.599,997.943
5/11/2026 22:10,996.975,998.213,994.269,995.083
5/11/2026 22:00,999.875,999.875,995.727,996.775
5/11/2026 21:50,996.581,1001.228,996.116,1000.28
5/11/2026 21:40,998.288,998.288,993.431,996.531
5/11/2026 21:30,1004.223,1005.401,994.419,998.048
5/9/2026 3:50,1004.932,1008.417,1003.834,1007.189
5/9/2026 3:40,1004.952,1005.461,1003.984,1005.202
5/9/2026 3:30,1005.901,1007.398,1004.453,1004.907
5/9/2026 3:20,1004.193,1005.991,1003.514,1005.851
5/9/2026 3:10,1005.396,1005.796,1004.074,1004.074
5/9/2026 3:00,1006.435,1006.969,1005.302,1005.426
5/9/2026 2:50,1006.739,1007.019,1005.162,1006.844
5/9/2026 2:40,1007.553,1007.808,1006.739,1006.944
5/9/2026 2:30,1006.19,1008.566,1006.19,1007.553
5/9/2026 2:20,1009.525,1009.595,1005.941,1006.19
5/9/2026 2:10,1009.016,1010.019,1008.676,1009.525
5/9/2026 2:00,1009.904,1010.314,1008.347,1009.121
5/9/2026 1:50,1009.675,1010.613,1009.146,1010.094
5/9/2026 1:40,1010.216,1010.216,1009.046,1009.265
5/9/2026 1:30,1009.34,1010.144,1008.397,1009.914
5/9/2026 1:20,1012.146,1012.66,1009.335,1009.35
5/9/2026 1:10,1011.572,1012.31,1010.873,1012.146
5/9/2026 1:00,1011.412,1012.68,1010.793,1011.092
5/9/2026 0:50,1013.059,1013.359,1010.763,1011.362
5/9/2026 0:40,1012.191,1014.387,1012.011,1013.019
5/9/2026 0:30,1009.69,1012.39,1009.475,1012.37
5/9/2026 0:20,1013.109,1013.109,1009.462,1009.69
5/9/2026 0:10,1010.973,1012.915,1010.673,1012.915
5/9/2026 0:00,1010.483,1010.983,1009.233,1010.678
5/8/2026 23:50,1010.816,1011.392,1008.716,1010.433
5/8/2026 23:40,1010.209,1011.272,1009.785,1011.202
5/8/2026 23:30,1010.738,1011.392,1008.676,1010.224
5/8/2026 23:20,1010.483,1012.59,1010.214,1010.593
5/8/2026 23:10,1008.107,1010.748,1007.518,1010.394
5/8/2026 23:00,1007.708,1009.864,1007.628,1008.447
5/8/2026 22:50,1009.455,1011.342,1006.974,1008.377
5/8/2026 22:40,1010.883,1011.701,1009.55,1009.55
5/8/2026 22:30,1009.515,1010.893,1007.888,1010.643
5/8/2026 22:20,1007.518,1009.515,1006.51,1009.515
5/8/2026 22:10,1005.751,1009.255,1005.641,1007.348
5/8/2026 22:00,1007.578,1007.888,1005.401,1005.641
5/8/2026 21:50,1006.899,1009.395,1006.899,1006.899
5/8/2026 21:40,1009.919,1011.741,1007.069,1008.057
5/8/2026 21:30,1010.134,1012.81,1008.307,1009.94
5/8/2026 3:50,1007.149,1011.052,1005.741,1010.453
5/8/2026 3:40,1007.348,1007.708,1006.35,1007.009
5/8/2026 3:30,1006.739,1008.037,1005.531,1007.348
5/8/2026 3:20,1005.791,1007.209,1005.157,1006.739
5/8/2026 3:10,1007.119,1007.628,1005.211,1005.791
5/8/2026 3:00,1006.07,1007.398,1005.601,1007.259
5/8/2026 2:50,1006.32,1006.669,1005.032,1006.25
5/8/2026 2:40,1005.082,1005.941,1004.972,1005.941
5/8/2026 2:30,1006.08,1006.43,1004.603,1005.332
5/8/2026 2:20,1003.285,1006.699,1002.955,1006.47
5/8/2026 2:10,1002.416,1004.106,1001.917,1003.165
5/8/2026 2:00,1000.04,1002.656,999.681,1002.656
5/8/2026 1:50,1000.642,1002.406,1000.145,1000.404
5/8/2026 1:40,1000.649,1000.649,999.353,1000.35
5/8/2026 1:30,1003.185,1003.445,1000.02,1000.325
5/8/2026 1:20,1003.964,1004.892,1002.905,1003.085
5/8/2026 1:10,1001.907,1004.453,1001.827,1003.604
5/8/2026 1:00,1000.379,1002.047,999.421,1001.907
5/8/2026 0:50,1000.426,1001.847,1000.165,1000.165
5/8/2026 0:40,1000.359,1000.929,999.361,1000.679
5/8/2026 0:30,997.893,1000.589,997.235,1000.589
5/8/2026 0:20,999.87,1000.409,997.534,998.193
5/8/2026 0:10,996.416,1000.26,996.416,999.481
5/8/2026 0:00,996.685,998.243,995.118,996.735
5/7/2026 23:50,993.191,997.205,992.961,997.055
5/7/2026 23:40,993.81,994.274,992.871,992.971
5/7/2026 23:30,995.357,995.637,993.421,993.72
5/7/2026 23:20,995.323,995.797,993.57,995.053
5/7/2026 23:10,994.381,996.256,994.381,995.37
5/7/2026 23:00,995.961,997.15,994.414,994.414
5/7/2026 22:50,995.048,995.917,993.88,995.917
5/7/2026 22:40,991.923,994.858,991.713,994.858
5/7/2026 22:30,991.324,993.455,990.825,992.257
5/7/2026 22:20,992.227,992.856,989.427,991.004
5/7/2026 22:10,997.514,998.133,992.322,992.672
5/7/2026 22:00,997.903,999.411,996.785,997.065
5/7/2026 21:50,998.343,998.492,994.798,997.489
5/7/2026 21:40,996.895,1001.278,996.416,998.413
5/7/2026 21:30,991.923,999.411,989.087,997.094
5/7/2026 3:50,995.637,996.406,993.421,994.169
5/7/2026 3:40,994.319,996.266,993.882,995.522
5/7/2026 3:30,994.978,995.258,993.92,994.119
5/7/2026 3:20,995.607,995.966,993.8,994.891
5/7/2026 3:10,995.303,996.256,994.689,995.677
5/7/2026 3:00,993.91,995.417,993.421,995.407
5/7/2026 2:50,994.03,994.349,992.242,993.74
5/7/2026 2:40,992.332,994.299,992.332,994.02
5/7/2026 2:30,992.792,992.792,991.613,992.332
5/7/2026 2:20,993.121,994.419,992.472,992.572
5/7/2026 2:10,991.943,993.271,991.793,993.121
5/7/2026 2:00,994.05,994.813,991.424,991.828
5/7/2026 1:50,992.372,994.419,992.372,994.002
5/7/2026 1:40,992.512,992.712,991.034,992.372
5/7/2026 1:30,991.608,992.652,991.484,992.443
5/7/2026 1:20,992.103,992.133,991.074,991.324
5/7/2026 1:10,992.242,993.171,991.983,992.422
5/7/2026 1:00,993.995,994.359,991.163,992.242
5/7/2026 0:50,994.738,996.416,993.421,994.005
5/7/2026 0:40,993.605,994.923,993.391,994.923
5/7/2026 0:30,993.421,994.469,993.23,993.52
5/7/2026 0:20,995.227,996.056,993.72,993.945
5/7/2026 0:10,993.221,995.717,992.522,995.417
5/7/2026 0:00,994.686,994.686,992.702,993.421
5/6/2026 23:50,995.917,996.316,994.429,995.206
5/6/2026 23:40,993.191,995.857,993.191,995.692
5/6/2026 23:30,992.812,994.309,992.327,993.181
5/6/2026 23:20,991.833,993.221,990.845,993.221
5/6/2026 23:10,995.632,995.867,991.613,991.723
5/6/2026 23:00,996.026,997.973,995.417,996.046
5/6/2026 22:50,997.883,998.018,994.339,995.502
5/6/2026 22:40,999.691,1001.388,997.903,997.903
5/6/2026 22:30,1001.727,1002.843,998.902,999.441
5/6/2026 22:20,1002.761,1004.024,1000.689,1002.057
5/6/2026 22:10,1003.375,1003.904,1000.589,1002.761
5/6/2026 22:00,1005.082,1008.596,1003.385,1003.385
5/6/2026 21:50,1006.34,1006.39,1003.345,1005.002
5/6/2026 21:40,1002.915,1005.891,1000.589,1005.841
5/6/2026 21:30,1009.705,1010.623,997.424,1003.47
5/6/2026 3:50,1015.471,1015.945,1012.101,1014.807
5/6/2026 3:40,1016.674,1016.973,1014.557,1015.695
5/6/2026 3:30,1017.053,1017.762,1016.434,1016.803
5/6/2026 3:20,1018.441,1019.16,1017.293,1017.412
5/6/2026 3:10,1015.715,1018.391,1015.291,1018.386
5/6/2026 3:00,1016.154,1016.863,1015.346,1015.53
5/6/2026 2:50,1014.507,1016.654,1014.108,1016.234
5/6/2026 2:40,1014.307,1014.951,1013.918,1014.497
5/6/2026 2:30,1015.261,1016.464,1014.113,1014.312
5/6/2026 2:20,1017.143,1017.732,1015.226,1015.261
5/6/2026 2:10,1018.121,1018.561,1017.143,1017.143
5/6/2026 2:00,1016.968,1018.381,1016.968,1018.121
5/6/2026 1:50,1016.354,1017.143,1015.805,1016.968
5/6/2026 1:40,1015.675,1016.374,1015.186,1016.304
5/6/2026 1:30,1013.773,1015.885,1013.459,1015.535
5/6/2026 1:20,1013.683,1013.968,1013.399,1013.888
5/6/2026 1:10,1014.677,1015.051,1013.399,1013.399
5/6/2026 1:00,1015.605,1015.805,1014.158,1014.672
5/6/2026 0:50,1014.652,1015.875,1014.527,1015.466
5/6/2026 0:40,1013.763,1015.026,1013.763,1014.652
5/6/2026 0:30,1013.928,1014.317,1012.231,1014.317
5/6/2026 0:20,1012.715,1013.888,1011.759,1013.559
5/6/2026 0:10,1012.126,1013.129,1011.771,1012.87
5/6/2026 0:00,1012.41,1013.683,1011.861,1012.38
5/5/2026 23:50,1010.438,1012.281,1010.034,1011.926
5/5/2026 23:40,1010.394,1011.542,1010.234,1010.438
5/5/2026 23:30,1011.711,1012.171,1010.583,1010.903
5/5/2026 23:20,1011.306,1012.362,1010.194,1012.241
5/5/2026 23:10,1011.087,1011.891,1010.493,1011.642
5/5/2026 23:00,1009.969,1011.891,1009.894,1010.803
5/5/2026 22:50,1010.898,1011.891,1009.215,1009.809
5/5/2026 22:40,1011.402,1011.896,1010.164,1010.983
5/5/2026 22:30,1011.971,1013.073,1009.295,1011.422
5/5/2026 22:20,1016.095,1016.883,1011.152,1011.637
5/5/2026 22:10,1015.645,1019.058,1015.006,1016.429
5/5/2026 22:00,1017.073,1017.942,1015.066,1015.745
5/5/2026 21:50,1013.594,1016.704,1012.171,1016.334
5/5/2026 21:40,1010.603,1013.464,1008.277,1013.349
5/5/2026 21:30,1008.906,1014.387,1007.468,1010.292
5/5/2026 3:50,1008.686,1011.662,1007.648,1011.182
5/5/2026 3:40,1008.859,1009.435,1008.147,1008.407
5/5/2026 3:30,1009.375,1009.665,1008.157,1008.507
5/5/2026 3:20,1010.903,1011.162,1009.325,1009.375
5/5/2026 3:10,1009.834,1011.342,1009.265,1011.055
5/5/2026 3:00,1008.486,1010.853,1007.908,1009.924
5/5/2026 2:50,1010.563,1011.013,1008.477,1008.477
5/5/2026 2:40,1008.457,1010.543,1008.407,1010.251
5/5/2026 2:30,1008.429,1009.615,1007.428,1008.621
5/5/2026 2:20,1009.989,1009.989,1008.327,1008.566
5/5/2026 2:10,1010.773,1011.332,1009.919,1009.994
5/5/2026 2:00,1010.354,1011.052,1009.462,1010.703
5/5/2026 1:50,1011.392,1011.462,1009.844,1010.533
5/5/2026 1:40,1010.764,1011.671,1010.608,1011.671
5/5/2026 1:30,1012.091,1012.55,1011.202,1011.202
5/5/2026 1:20,1010.833,1012.071,1009.904,1012.071
5/5/2026 1:10,1009.814,1011.669,1009.63,1010.913
5/5/2026 1:00,1010.124,1010.304,1008.786,1009.335
5/5/2026 0:50,1013.409,1013.648,1009.735,1010.104
5/5/2026 0:40,1015.161,1015.274,1013.539,1013.539
5/5/2026 0:30,1014.722,1015.675,1014.222,1014.634
5/5/2026 0:20,1014.986,1016.354,1014.347,1014.607
5/5/2026 0:10,1015.385,1017.193,1014.737,1015.775
5/5/2026 0:00,1013.339,1015.386,1013.339,1014.951
5/4/2026 23:50,1013.209,1014.148,1012.39,1013.509
5/4/2026 23:40,1016.204,1017.902,1012.959,1013.239
5/4/2026 23:30,1015.775,1017.273,1015.416,1016.384
5/4/2026 23:20,1017.902,1019.1,1014.792,1015.258
5/4/2026 23:10,1016.963,1018.381,1016.309,1017.897
5/4/2026 23:00,1017.847,1018.361,1015.825,1016.975
5/4/2026 22:50,1016.474,1018.181,1014.891,1018.181
5/4/2026 22:40,1019.629,1019.629,1015.625,1016.424
5/4/2026 22:30,1022.345,1022.464,1018.82,1019.13
5/4/2026 22:20,1020.378,1023.093,1020.348,1022.015
5/4/2026 22:10,1014.071,1020.378,1013.179,1020.348
5/4/2026 22:00,1011.502,1014.822,1010.613,1014.687
5/4/2026 21:50,1008.746,1011.392,1007.268,1011.342
5/4/2026 21:40,1004.802,1008.846,1003.904,1007.378
5/4/2026 21:30,1005.422,1006.54,1000.619,1003.664
5/2/2026 3:50,1009.795,1011.741,1009.185,1010.094
5/2/2026 3:40,1010.054,1010.483,1009.046,1009.685
5/2/2026 3:30,1009.655,1010.274,1009.029,1010.004
5/2/2026 3:20,1009.665,1010.194,1009.146,1009.665
5/2/2026 3:10,1007.653,1009.705,1007.623,1009.655
5/2/2026 3:00,1006.964,1008.177,1006.41,1007.788
5/2/2026 2:50,1007.338,1008.182,1006.694,1006.829
5/2/2026 2:40,1005.686,1007.618,1005.686,1007.169
5/2/2026 2:30,1007.918,1008.277,1004.723,1005.686
5/2/2026 2:20,1007.428,1008.162,1006.59,1007.758
5/2/2026 2:10,1010.753,1011.107,1007.793,1007.793
5/2/2026 2:00,1012.48,1012.93,1010.643,1010.643
5/2/2026 1:50,1013.319,1014.143,1012.36,1012.48
5/2/2026 1:40,1013.908,1014.587,1013.409,1013.409
5/2/2026 1:30,1013.648,1014.462,1013.289,1013.838
5/2/2026 1:20,1012.141,1013.673,1012.061,1013.648
5/2/2026 1:10,1011.691,1012.68,1011.562,1012.131
5/2/2026 1:00,1013.039,1013.399,1011.617,1011.886
5/2/2026 0:50,1013.399,1013.578,1012.131,1013.389
5/2/2026 0:40,1014.056,1014.467,1013.389,1013.389
5/2/2026 0:30,1014.542,1014.597,1013.039,1014.387
5/2/2026 0:20,1016.229,1016.514,1014.237,1014.587
5/2/2026 0:10,1017.417,1017.562,1016.045,1016.234
5/2/2026 0:00,1019.354,1019.402,1016.724,1017.432
5/1/2026 23:50,1018.925,1020.398,1018.541,1019.459
5/1/2026 23:40,1019.155,1020.477,1018.93,1019.05
5/1/2026 23:30,1020.927,1020.977,1018.81,1019.155
5/1/2026 23:20,1021.945,1022.195,1020.952,1021.037
5/1/2026 23:10,1023.937,1025.265,1021.746,1022.155
5/1/2026 23:00,1025.35,1026.797,1024.002,1024.192
5/1/2026 22:50,1025.929,1026.882,1023.403,1025.36
5/1/2026 22:40,1027.107,1027.367,1024.846,1025.559
5/1/2026 22:30,1026.069,1029.628,1026.069,1027.466
5/1/2026 22:20,1026.879,1027.766,1025.09,1026.368
5/1/2026 22:10,1022.307,1027.327,1022.307,1027.267
5/1/2026 22:00,1022.874,1024.651,1022.025,1022.025
5/1/2026 21:50,1022.005,1024.641,1021.286,1022.874
5/1/2026 21:40,1018.98,1022.335,1014.457,1022.335
5/1/2026 21:30,1013.763,1021.007,1009.819,1018.966
5/1/2026 3:50,1012.848,1014.283,1010.754,1011.452
5/1/2026 3:40,1011.581,1012.658,1011.003,1012.227
5/1/2026 3:30,1011.482,1011.93,1010.425,1011.532
5/1/2026 3:20,1012.2,1012.439,1011.003,1011.761
5/1/2026 3:10,1011.706,1013.675,1011.392,1012.08
5/1/2026 3:00,1010.246,1011.821,1009.807,1011.821
5/1/2026 2:50,1009.927,1011.272,1009.837,1010.385
5/1/2026 2:40,1010.739,1010.924,1009.593,1009.757
5/1/2026 2:30,1010.36,1010.904,1009.797,1010.904
5/1/2026 2:20,1011.367,1011.636,1010.026,1010.283
5/1/2026 2:10,1012.499,1012.838,1011.133,1011.591
5/1/2026 2:00,1011.482,1012.736,1011.173,1012.736
5/1/2026 1:50,1013.85,1014.418,1011.377,1011.492
5/1/2026 1:40,1012.718,1014.602,1012.349,1013.914
5/1/2026 1:30,1010.914,1013.107,1010.724,1012.668
5/1/2026 1:20,1010.221,1010.884,1010.026,1010.854
5/1/2026 1:10,1009.179,1010.365,1008.621,1010.266
5/1/2026 1:00,1010.594,1010.923,1008.652,1008.922
5/1/2026 0:50,1009.757,1011.003,1009.498,1010.724
5/1/2026 0:40,1009.936,1010.672,1009.615,1010.672
5/1/2026 0:30,1009.184,1010.405,1009.089,1009.707
5/1/2026 0:20,1007.404,1009.466,1007.325,1009.298
5/1/2026 0:10,1008.287,1008.845,1006.866,1006.946
5/1/2026 0:00,1007.905,1008.341,1006.706,1008.257
4/30/2026 23:50,1007.504,1008.84,1007.135,1007.888
4/30/2026 23:40,1006.607,1008.511,1006.557,1007.733
4/30/2026 23:30,1005.201,1007.165,1004.204,1007.015
4/30/2026 23:20,1003.925,1006.158,1003.227,1005.64
4/30/2026 23:10,1006.218,1006.362,1002.798,1003.925
4/30/2026 23:00,1007.372,1008.233,1005.989,1005.999
4/30/2026 22:50,1010.963,1010.963,1007.265,1007.544
4/30/2026 22:40,1012.937,1012.937,1010.086,1011.13
4/30/2026 22:30,1010.844,1012.937,1010.44,1012.678
4/30/2026 22:20,1011.203,1012.529,1009.737,1011.671
4/30/2026 22:10,1010.919,1013.526,1010.306,1012.08
4/30/2026 22:00,1007.389,1011.422,1007.389,1010.699
4/30/2026 21:50,1003.431,1009.478,1003.431,1007.374
4/30/2026 21:40,1002.888,1005.61,1001.432,1003.576
4/30/2026 21:30,993.427,1003.546,993.297,1002.511
4/30/2026 3:50,993.746,995.939,993.442,995.79
4/30/2026 3:40,992.39,993.616,992.22,993.432
4/30/2026 3:30,992.021,992.48,991.114,992.48
4/30/2026 3:20,992.136,992.829,991.004,991.862
4/30/2026 3:10,991.034,992.32,990.725,992.22
4/30/2026 3:00,990.092,991.493,989.718,991.044
4/30/2026 2:50,989.853,990.675,989.459,989.897
4/30/2026 2:40,991.233,991.233,989.638,990.012
4/30/2026 2:30,991.433,992.076,990.61,991.233
4/30/2026 2:20,991.597,992.42,990.964,991.109
4/30/2026 2:10,991.443,992.37,991.014,991.971
4/30/2026 2:00,992.809,992.809,990.974,991.463
4/30/2026 1:50,992.485,992.839,992.091,992.42
4/30/2026 1:40,993.666,993.676,992.46,992.549
4/30/2026 1:30,992.559,994.125,992.559,993.776
4/30/2026 1:20,991.523,992.859,991.034,992.609
4/30/2026 1:10,991.971,992.44,991.642,991.732
4/30/2026 1:00,992.958,993.277,991.453,991.764
4/30/2026 0:50,992.38,993.497,991.971,993.043
4/30/2026 0:40,991.465,992.569,990.476,992.176
4/30/2026 0:30,991.682,993.387,990.984,991.263
4/30/2026 0:20,991.832,992.45,991.333,991.333
4/30/2026 0:10,990.825,991.981,990.352,991.682
4/30/2026 0:00,988.073,990.386,987.998,990.232
4/29/2026 23:50,986.333,988.512,986.333,988.153
4/29/2026 23:40,986.408,986.757,985.341,986.468
4/29/2026 23:30,987.216,987.216,985.481,986.408
4/29/2026 23:20,986.119,987.575,985.73,987.251
4/29/2026 23:10,984.883,986.408,984.494,986.179
4/29/2026 23:00,984.255,985.102,983.886,984.693
4/29/2026 22:50,985.012,985.331,984.005,984.479
4/29/2026 22:40,984.509,985.072,983.295,984.758
4/29/2026 22:30,984.863,985.73,984.005,984.514
4/29/2026 22:20,986.488,987.345,984.554,984.663
4/29/2026 22:10,985.406,987.315,985.406,986.184
4/29/2026 22:00,983.666,985.94,983.158,985.516
4/29/2026 21:50,986.019,986.174,982.131,983.811
4/29/2026 21:40,985.202,986.139,983.716,985.491
4/29/2026 21:30,985.371,989.17,982.889,985.133
4/29/2026 3:50,987.844,991.463,987.664,990.984
4/29/2026 3:40,987.594,987.744,986.677,987.739
4/29/2026 3:30,986.996,987.624,985.371,987.37
4/29/2026 3:20,988.472,988.482,987.246,987.485
4/29/2026 3:10,985.999,988.891,985.461,988.327
4/29/2026 3:00,985.431,986.322,984.713,985.736
4/29/2026 2:50,985.531,986.468,985.142,985.441
4/29/2026 2:40,984.614,985.86,984.614,985.331
4/29/2026 2:30,984.943,985.062,983.736,984.544
4/29/2026 2:20,983.328,985.426,983.008,984.673
4/29/2026 2:10,985.974,986.438,983.322,983.721
4/29/2026 2:00,988.512,988.512,985.735,985.735
4/29/2026 1:50,988.99,989.264,987.146,988.2
4/29/2026 1:40,992.111,992.186,989.045,989.1
4/29/2026 1:30,993.566,993.566,992.111,992.111
4/29/2026 1:20,993.561,993.955,992.988,993.521
4/29/2026 1:10,992.583,993.806,992.583,993.429
4/29/2026 1:00,992.669,993.148,992.24,992.719
4/29/2026 0:50,992.594,992.898,992.25,992.589
4/29/2026 0:40,993.357,993.357,991.981,992.594
4/29/2026 0:30,994.174,994.379,993.357,993.357
4/29/2026 0:20,994.837,995.072,994.15,994.374
4/29/2026 0:10,994.793,995.261,993.95,995.012
4/29/2026 0:00,994.912,995.57,994.214,994.942
4/28/2026 23:50,994.03,994.818,993.676,994.818
4/28/2026 23:40,993.591,994.563,993.307,993.865
4/28/2026 23:30,994.005,994.424,993.148,993.676
4/28/2026 23:20,993.247,994.972,992.659,994.005
4/28/2026 23:10,994.683,995.271,992.4,992.998
4/28/2026 23:00,995.104,995.909,994.204,994.872
4/28/2026 22:50,996.218,997.883,995.351,996.139
4/28/2026 22:40,993.412,995.999,992.689,995.79
4/28/2026 22:30,991.253,993.771,990.576,993.277
4/28/2026 22:20,989.13,991.712,987.624,991.144
4/28/2026 22:10,991.393,992.061,986.548,988.925
4/28/2026 22:00,995.082,995.231,991.094,991.572
4/28/2026 21:50,992.161,995.819,991.941,995.082
4/28/2026 21:40,997.719,999.99,992.131,992.559
4/28/2026 21:30,1007.409,1009.578,997.315,997.719
4/28/2026 3:50,995.371,995.56,993.606,994.98
4/28/2026 3:40,999.08,999.339,994.972,995.171
4/28/2026 3:30,999.967,1000.839,998.741,998.741
4/28/2026 3:20,998.412,1001.911,998.172,1000.037
4/28/2026 3:10,999.648,999.728,998.172,998.481
4/28/2026 3:00,1000.425,1000.819,999.369,999.835
4/28/2026 2:50,1001.073,1001.492,999.967,1000.067
4/28/2026 2:40,1000.695,1001.692,1000.406,1000.934
4/28/2026 2:30,1003.446,1003.446,1000.196,1000.665
4/28/2026 2:20,1003.735,1003.805,1002.424,1003.446
4/28/2026 2:10,1003.317,1004.742,1002.818,1003.875
4/28/2026 2:00,1003.272,1003.616,1002.808,1003.396
4/28/2026 1:50,1002.23,1003.606,1002.23,1003.277
4/28/2026 1:40,1002.305,1003.047,1002.08,1002.315
4/28/2026 1:30,1002.748,1002.968,1001.961,1002.539
4/28/2026 1:20,1004.015,1004.463,1002.694,1002.968
4/28/2026 1:10,1002.554,1004.583,1002.3,1004.583
4/28/2026 1:00,1003.082,1003.945,1002.574,1002.918
4/28/2026 0:50,1001.412,1003.337,1001.203,1003.117
4/28/2026 0:40,1001.238,1002.35,1000.635,1001.452
4/28/2026 0:30,1003.496,1003.945,1001.083,1001.083
4/28/2026 0:20,1004.613,1004.722,1003.626,1003.656
4/28/2026 0:10,1006.527,1006.836,1004.533,1004.613
4/28/2026 0:00,1006.796,1007.653,1006.188,1006.517
4/27/2026 23:50,1006.123,1007.783,1006.123,1007.185
4/27/2026 23:40,1004.922,1006.699,1004.712,1006.123
4/27/2026 23:30,1005.375,1006.218,1004.772,1005.116
4/27/2026 23:20,1005.535,1006.756,1004.613,1005.281
4/27/2026 23:10,1007.215,1007.215,1005.291,1005.5
4/27/2026 23:00,1008.182,1009.298,1006.806,1007.619
4/27/2026 22:50,1007.195,1008.621,1006.806,1008.621
4/27/2026 22:40,1007.01,1008.421,1005.939,1007.13
4/27/2026 22:30,1007.763,1009.937,1005.55,1007.013
4/27/2026 22:20,1008.964,1009.099,1007.524,1007.644
4/27/2026 22:10,1010.266,1011.332,1008.695,1008.964
4/27/2026 22:00,1007.933,1010.714,1007.035,1010.714
4/27/2026 21:50,1006.537,1008.93,1005.909,1007.943
4/27/2026 21:40,1003.436,1006.537,1002.195,1005.321
4/27/2026 21:30,1005.565,1006.288,998.96,1002.195
4/25/2026 3:50,1009.697,1009.697,1007.574,1008.082
4/25/2026 3:40,1007.29,1009.219,1007.235,1009.109
4/25/2026 3:30,1007.763,1008.177,1006.906,1007.29
4/25/2026 3:20,1007.354,1007.753,1006.749,1007.753
4/25/2026 3:10,1007.594,1008.391,1006.746,1007.185
4/25/2026 3:00,1006.238,1007.614,1005.919,1007.564
4/25/2026 2:50,1004.942,1006.268,1004.942,1006.088
4/25/2026 2:40,1003.755,1004.762,1003.197,1004.742
4/25/2026 2:30,1005.341,1005.515,1003.416,1003.86
4/25/2026 2:20,1005.58,1006.308,1005.161,1005.55
4/25/2026 2:10,1006.756,1006.756,1005.467,1005.769
4/25/2026 2:00,1007.144,1007.514,1005.939,1006.726
4/25/2026 1:50,1006.92,1008.139,1006.846,1007.275
4/25/2026 1:40,1007.474,1007.863,1007.125,1007.354
4/25/2026 1:30,1006.706,1007.554,1005.628,1007.135
4/25/2026 1:20,1005.52,1006.766,1005.52,1006.716
4/25/2026 1:10,1005.989,1006.906,1005.53,1005.62
4/25/2026 1:00,1005.37,1006.607,1004.912,1005.969
4/25/2026 0:50,1005.889,1006.527,1005.6,1005.774
4/25/2026 0:40,1005.535,1005.969,1004.802,1005.615
4/25/2026 0:30,1005.979,1006.068,1004.663,1005.55
4/25/2026 0:20,1006.701,1006.846,1005.38,1006.148
4/25/2026 0:10,1007.823,1007.833,1006.602,1006.701
4/25/2026 0:00,1006.876,1008.002,1006.078,1007.793
4/24/2026 23:50,1005.829,1007.444,1004.184,1006.676
4/24/2026 23:40,1004.483,1006.188,1004.045,1005.869
4/24/2026 23:30,1007.494,1008.321,1003.945,1004.543
4/24/2026 23:20,1007.315,1008.282,1006.607,1007.514
4/24/2026 23:10,1004.972,1007.334,1004.443,1007.315
4/24/2026 23:00,1004.782,1005.939,1004.344,1005.839
4/24/2026 22:50,1006.108,1006.233,1004.294,1004.822
4/24/2026 22:40,1006.946,1007.773,1004.752,1005.66
4/24/2026 22:30,1008.69,1008.74,1006.926,1007.145
4/24/2026 22:20,1008.496,1008.83,1006.208,1008.611
4/24/2026 22:10,1007.873,1009.273,1006.301,1008.78
4/24/2026 22:00,1008.222,1010.375,1006.088,1007.235
4/24/2026 21:50,1005.645,1010.031,1005.63,1008.526
4/24/2026 21:40,1003.167,1006.597,1001.034,1005.645
4/24/2026 21:30,1008.93,1008.93,999.458,1002.948
4/24/2026 3:50,1009.608,1011.701,1007.594,1011.302
4/24/2026 3:40,1008.79,1010.515,1008.471,1010.146
4/24/2026 3:30,1008.68,1009.543,1008.381,1008.795
4/24/2026 3:20,1009.219,1009.418,1008.351,1008.72
4/24/2026 3:10,1009.892,1010.216,1008.775,1009.109
4/24/2026 3:00,1009.807,1010.844,1009.518,1010.091
4/24/2026 2:50,1010.659,1011.043,1009.617,1009.617
4/24/2026 2:40,1010.475,1010.864,1009.937,1010.659
4/24/2026 2:30,1010.385,1010.854,1009.917,1010.408
4/24/2026 2:20,1010.689,1011.188,1010.385,1010.821
4/24/2026 2:10,1010.214,1010.924,1009.508,1010.914
4/24/2026 2:00,1011.093,1011.571,1009.966,1010.036
4/24/2026 1:50,1010.689,1013.516,1010.355,1011.362
4/24/2026 1:40,1009.917,1012.419,1009.857,1011.093
4/24/2026 1:30,1008.551,1010.166,1008.239,1010.166
4/24/2026 1:20,1008.591,1009.428,1007.703,1008.441
4/24/2026 1:10,1008.326,1009.568,1008.326,1008.621
4/24/2026 1:00,1010.036,1010.325,1007.853,1008.486
4/24/2026 0:50,1010.47,1010.555,1009.518,1010.206
4/24/2026 0:40,1010.535,1010.864,1010.136,1010.375
4/24/2026 0:30,1009.857,1010.754,1009.857,1010.53
4/24/2026 0:20,1010.051,1010.345,1009.328,1010.226
4/24/2026 0:10,1010.166,1010.305,1008.73,1010.061
4/24/2026 0:00,1008.9,1010.086,1008.182,1009.986
4/23/2026 23:50,1007.858,1009.049,1007.67,1008.9
4/23/2026 23:40,1006.766,1008.022,1006.706,1007.883
4/23/2026 23:30,1007.095,1007.594,1006.058,1006.507
4/23/2026 23:20,1005.43,1007.095,1005.261,1006.781
4/23/2026 23:10,1007.504,1007.504,1005.36,1005.36
4/23/2026 23:00,1008.112,1008.68,1007.275,1007.414
4/23/2026 22:50,1008.82,1008.88,1007.454,1007.723
4/23/2026 22:40,1007.953,1008.93,1007.753,1008.93
4/23/2026 22:30,1008.481,1009.15,1006.627,1007.953
4/23/2026 22:20,1010.555,1010.555,1008.431,1008.67
4/23/2026 22:10,1010.43,1010.683,1009.428,1010.54
4/23/2026 22:00,1010.325,1011.92,1009.559,1010.604
4/23/2026 21:50,1008.501,1010.435,1007.873,1010.335
4/23/2026 21:40,1006.976,1009.348,1004.952,1008.91
4/23/2026 21:30,1004.518,1008.63,1003.975,1006.517
4/23/2026 3:50,1000.757,1002.26,999.987,1000.655
4/23/2026 3:40,1000.106,1000.685,999.274,1000.515
4/23/2026 3:30,1001.482,1002.203,1000.106,1000.166
4/23/2026 3:20,999.698,1001.911,999.568,1001.482
4/23/2026 3:10,999.314,1000.6,999.04,999.747
4/23/2026 3:00,998.88,999.957,998.691,999.129
4/23/2026 2:50,1001.532,1001.532,998.312,998.631
4/23/2026 2:40,1000.585,1001.363,1000.331,1001.253
4/23/2026 2:30,999.448,1000.865,998.92,1000.515
4/23/2026 2:20,1000.425,1000.425,999.498,999.558
4/23/2026 2:10,1001.427,1001.751,999.997,1000.236
4/23/2026 2:00,1001.183,1001.712,1000.824,1001.343
4/23/2026 1:50,1001.891,1002.07,1000.994,1001.512
4/23/2026 1:40,1002.998,1003.206,1002.16,1002.16
4/23/2026 1:30,1002.36,1003.695,1001.771,1002.998
4/23/2026 1:20,1002.37,1002.589,1001.851,1002.016
4/23/2026 1:10,1000.954,1002.29,1000.794,1002.18
4/23/2026 1:00,1001.462,1002.429,1000.685,1000.745
4/23/2026 0:50,1002.221,1002.459,1000.874,1001.169
4/23/2026 0:40,1001.801,1002.579,1001.751,1002.17
4/23/2026 0:30,1001.103,1001.951,1000.456,1001.861
4/23/2026 0:20,1002.38,1002.928,1001.083,1001.083
4/23/2026 0:10,1004.453,1004.453,1002.509,1002.729
4/23/2026 0:00,1003.985,1004.942,1003.795,1004.244
4/22/2026 23:50,1003.656,1004.144,1003.28,1003.975
4/22/2026 23:40,1003.446,1004.898,1003.187,1004.059
4/22/2026 23:30,1003.755,1005.051,1003.277,1003.277
4/22/2026 23:20,1004.403,1005.012,1003.456,1003.92
4/22/2026 23:10,1004.473,1005.041,1003.755,1004.598
4/22/2026 23:00,1003.626,1005.012,1003.307,1004.134
4/22/2026 22:50,1004.124,1004.154,1003.287,1003.596
4/22/2026 22:40,1001.861,1004.149,1001.532,1003.855
4/22/2026 22:30,1001.163,1002.399,1000.944,1002.11
4/22/2026 22:20,1002.28,1002.28,999.359,1000.884
4/22/2026 22:10,1001.821,1002.699,1001.193,1002.26
4/22/2026 22:00,1002.17,1003.157,1000.964,1002.26
4/22/2026 21:50,1001.333,1003.147,999.349,1002.17
4/22/2026 21:40,998.501,1001.502,997.096,1001.502
4/22/2026 21:30,1001.931,1003.147,995.261,999.117
4/22/2026 3:50,1002.14,1003.446,1001.283,1002.758
4/22/2026 3:40,1002.115,1002.35,1000.077,1001.926
4/22/2026 3:30,1001.213,1002.858,1000.839,1002.11
4/22/2026 3:20,1000.406,1001.662,1000.261,1001.293
4/22/2026 3:10,1000.999,1001.951,999.658,1000.229
4/22/2026 3:00,1001.093,1001.583,1000.794,1000.794
4/22/2026 2:50,1000.794,1001.163,999.967,1001.04
4/22/2026 2:40,1000.136,1000.416,999.399,1000.281
4/22/2026 2:30,999.209,1000.445,999,1000.221
4/22/2026 2:20,1000.126,1000.206,999.478,999.518
4/22/2026 2:10,1000.086,1000.745,999.628,1000.126
4/22/2026 2:00,1000.425,1001.049,1000.106,1000.106
4/22/2026 1:50,1000.286,1000.71,999.548,1000.535
4/22/2026 1:40,1002.459,1002.619,1000.106,1000.106
4/22/2026 1:30,1000.695,1002.938,999.777,1002.514
4/22/2026 1:20,998.993,1001.323,998.98,1000.062
4/22/2026 1:10,998.412,999.289,997.828,999.015
4/22/2026 1:00,997.803,998.292,996.826,998.215
4/22/2026 0:50,998.342,998.741,997.534,997.799
4/22/2026 0:40,999.379,999.758,997.933,998.347
4/22/2026 0:30,998.681,1000.804,997.803,999.379
4/22/2026 0:20,997.305,999.399,996.956,998.461
4/22/2026 0:10,996.069,998.212,995.909,997.759
4/22/2026 0:00,996.069,996.767,995.515,996.223
4/21/2026 23:50,996.831,997.604,995.6,995.625
4/21/2026 23:40,995.112,996.966,994.942,996.916
4/21/2026 23:30,996.119,996.458,995.122,995.122
4/21/2026 23:20,995.69,996.747,994.823,996.363
4/21/2026 23:10,996.841,996.956,995.321,995.969
4/21/2026 23:00,996.627,998.272,995.201,997.046
4/21/2026 22:50,993.347,997.833,993.227,996.797
4/21/2026 22:40,995.371,995.56,993.347,993.347
4/21/2026 22:30,995.61,996.418,994.504,994.813
4/21/2026 22:20,996.592,996.816,995.61,996.119
4/21/2026 22:10,993.85,996.627,993.331,996.587
4/21/2026 22:00,992.27,994.264,991.523,993.355
4/21/2026 21:50,989.668,992.27,989,992.27
4/21/2026 21:40,990.775,992.22,988.183,989.848
4/21/2026 21:30,991.353,995.211,983.706,989.814
4/21/2026 3:50,992.579,995.191,991.642,994.813
4/21/2026 3:40,991.857,992.48,991.124,992.41
4/21/2026 3:30,993.332,993.377,991.782,991.782
4/21/2026 3:20,993.507,993.816,992.425,993.676
4/21/2026 3:10,994.334,994.558,993.382,993.447
4/21/2026 3:00,995.685,996.218,994.374,994.638
4/21/2026 2:50,996.248,996.597,995.451,995.829
4/21/2026 2:40,997.106,997.215,995.909,996.129
4/21/2026 2:30,997.604,998.412,996.804,997.086
4/21/2026 2:20,998.835,999.538,997.464,997.604
4/21/2026 2:10,999.075,999.169,997.893,998.95
4/21/2026 2:00,998.661,999.219,998.192,999.075
4/21/2026 1:50,999.289,999.312,998.402,998.855
4/21/2026 1:40,998.96,999.529,998.761,999.359
4/21/2026 1:30,998.676,998.95,997.873,998.83
4/21/2026 1:20,999.05,999.448,998.133,998.441
4/21/2026 1:10,999.349,999.419,998.985,998.99
4/21/2026 1:00,999.518,999.518,998.521,998.983
4/21/2026 0:50,998.66,999.498,998.252,999.219
4/21/2026 0:40,997.614,998.651,997.165,998.651
4/21/2026 0:30,998.441,998.446,997.564,997.784
4/21/2026 0:20,997.664,999.508,997.504,998.571
4/21/2026 0:10,998.023,999.448,997.724,997.774
4/21/2026 0:00,1000.829,1000.839,998.023,998.481
4/20/2026 23:50,1003.072,1003.197,1000.585,1001.064
4/20/2026 23:40,1001.941,1003.307,1001.751,1003.062
4/20/2026 23:30,1002.29,1002.818,1001.836,1002.09
4/20/2026 23:20,1001.582,1003.394,1000.764,1002.285
4/20/2026 23:10,1000.555,1001.771,999.578,1001.771
4/20/2026 23:00,999.419,1000.754,998.352,1000.525
4/20/2026 22:50,999.668,1000.555,999.199,999.758
4/20/2026 22:40,997.39,999.758,996.966,999.558
4/20/2026 22:30,1001.602,1001.722,997.026,997.659
4/20/2026 22:20,1005.565,1005.565,1000.465,1001.323
4/20/2026 22:10,1004.842,1005.66,1002.16,1005.66
4/20/2026 22:00,1003.282,1006.068,1003.207,1004.832
4/20/2026 21:50,1005.171,1006.936,1002.978,1003.965
4/20/2026 21:40,1003.686,1006.288,1003.566,1004.887
4/20/2026 21:30,1000.804,1008.232,999.857,1003.907
4/18/2026 3:50,996.283,997.634,994.982,996.856
4/18/2026 3:40,996.288,997.285,994.937,995.306
4/18/2026 3:30,994.314,996.468,994.304,996.368
4/18/2026 3:20,994.808,995.441,994.304,994.304
4/18/2026 3:10,994.294,994.892,993.666,994.892
4/18/2026 3:00,993.836,994.314,993.826,993.975
4/18/2026 2:50,994.304,994.474,993.462,993.836
4/18/2026 2:40,994.813,995.052,993.736,994.334
4/18/2026 2:30,992.928,994.723,992.699,994.723
4/18/2026 2:20,990.875,992.859,990.875,992.579
4/18/2026 2:10,990.745,990.974,989.977,990.815
4/18/2026 2:00,990.546,990.919,989.17,990.745
4/18/2026 1:50,989.888,990.894,989.768,990.71
4/18/2026 1:40,989.389,990.081,989.18,989.728
4/18/2026 1:30,988.741,989.713,988.208,989.551
4/18/2026 1:20,988.681,989.688,988.216,988.711
4/18/2026 1:10,987.59,988.99,987.59,988.811
4/18/2026 1:00,987.804,988.651,987.455,987.714
4/18/2026 0:50,987.37,988.053,987.37,987.485
4/18/2026 0:40,987.599,987.864,986.996,987.674
4/18/2026 0:30,986.239,987.744,986.239,987.604
4/18/2026 0:20,987.016,987.026,985.973,986.637
4/18/2026 0:10,986.628,987.365,986.448,987.101
4/18/2026 0:00,984.903,986.741,984.903,986.707
4/17/2026 23:50,984.992,985.86,984.873,984.913
4/17/2026 23:40,985.002,985.401,984.409,985.122
4/17/2026 23:30,983.746,985.481,983.487,985.067
4/17/2026 23:20,983.587,983.906,983.038,983.607
4/17/2026 23:10,983.347,984.005,982.555,983.318
4/17/2026 23:00,982.231,983.756,980.845,983.517
4/17/2026 22:50,981.513,982.448,981.314,982.231
4/17/2026 22:40,982.026,982.231,980.835,981.892
4/17/2026 22:30,981.314,982.55,979.655,982.031
4/17/2026 22:20,983.243,983.716,980.626,981.314
4/17/2026 22:10,986.019,986.408,982.012,983.238
4/17/2026 22:00,986.433,988.203,985.601,986.328
4/17/2026 21:50,981.264,987.574,981.264,986.697
4/17/2026 21:40,976.678,982.879,976.588,981.812
4/17/2026 21:30,982.012,986.498,974.036,977.091
4/17/2026 3:50,982.729,985.471,981.593,984.215
4/17/2026 3:40,982.849,983.496,982.326,982.859
4/17/2026 3:30,982.041,983.278,982.002,982.849
4/17/2026 3:20,981.528,982.121,981.354,982.041
4/17/2026 3:10,981.124,981.812,980.96,981.633
4/17/2026 3:00,980.491,981.851,980.078,981.533
4/17/2026 2:50,980.043,980.661,979.639,980.456
4/17/2026 2:40,979.968,980.815,979.649,980.043
4/17/2026 2:30,979.863,980.317,978.632,979.35
4/17/2026 2:20,979.748,980.576,979.719,979.719
4/17/2026 2:10,982.281,982.291,979.28,979.704
4/17/2026 2:00,985.625,985.625,981.703,982.565
4/17/2026 1:50,984.773,985.78,984.454,985.625
4/17/2026 1:40,983.886,985.004,983.626,984.818
4/17/2026 1:30,982.615,984.235,982.57,983.826
4/17/2026 1:20,983.188,983.936,982.625,982.625
4/17/2026 1:10,983.098,983.437,982.939,983.063
4/17/2026 1:00,983.058,983.058,982.65,982.849
4/17/2026 0:50,982.709,983.397,982.38,982.959
4/17/2026 0:40,984.863,985.132,982.924,982.924
4/17/2026 0:30,984.255,985.979,984.095,985.002
4/17/2026 0:20,983.886,984.225,983.657,984.08
4/17/2026 0:10,985.077,985.182,983.866,983.886
4/17/2026 0:00,985.062,985.401,984.733,985.087
4/16/2026 23:50,985.102,985.77,984.723,985.077
4/16/2026 23:40,984.554,985.561,984.354,984.818
4/16/2026 23:30,985.491,986.498,984.683,984.683
4/16/2026 23:20,985.87,985.969,984.005,984.953
4/16/2026 23:10,986.133,986.174,984.723,985.341
4/16/2026 23:00,985.815,986.328,985.252,985.86
4/16/2026 22:50,984.763,986.413,984.504,985.76
4/16/2026 22:40,986.568,987.983,984.693,984.823
4/16/2026 22:30,987.251,987.894,986.159,986.622
4/16/2026 22:20,986.583,987.276,985.381,987.276
4/16/2026 22:10,986.533,987.864,986.269,986.588
4/16/2026 22:00,989.12,990.341,986.418,986.533
4/16/2026 21:50,988.482,992.727,988.093,989.24
4/16/2026 21:40,984.781,988.482,982.051,988.482
4/16/2026 21:30,982.012,986.348,981.015,984.459
4/16/2026 3:50,980.391,982.221,979.908,981.762
4/16/2026 3:40,981.413,981.598,980.147,980.312
4/16/2026 3:30,981.513,981.822,980.147,981.483
4/16/2026 3:20,980.646,981.882,980.646,981.443
4/16/2026 3:10,981.299,981.433,980.546,980.646
4/16/2026 3:00,980.486,982.012,980.42,981.299
4/16/2026 2:50,979.265,980.516,979.06,980.516
4/16/2026 2:40,979.419,979.489,978.831,979.26
4/16/2026 2:30,979.948,979.948,978.831,979.487
4/16/2026 2:20,979.414,980.646,979.24,979.878
4/16/2026 2:10,980.207,980.516,979.22,979.439
4/16/2026 2:00,980.456,981.162,979.684,980.197
4/16/2026 1:50,979.768,980.586,979.699,980.586
4/16/2026 1:40,981.034,981.199,979.619,979.837
4/16/2026 1:30,981.423,981.503,980.656,981.194
4/16/2026 1:20,981.992,982.39,981.114,981.294
4/16/2026 1:10,980.052,981.852,979.808,981.677
4/16/2026 1:00,979.195,980.282,978.831,980.052
4/16/2026 0:50,977.974,981.005,977.406,979.135
4/16/2026 0:40,975.197,979.22,975.068,978.472
4/16/2026 0:30,973.547,976.219,973.418,975.252
4/16/2026 0:20,973.37,973.926,972.6,973.826
4/16/2026 0:10,974.197,974.963,973.109,973.203
4/16/2026 0:00,973.438,974.624,973.049,974.32
4/15/2026 23:50,974.484,974.871,972.849,973.373
4/15/2026 23:40,974.654,974.818,973.856,974.504
4/15/2026 23:30,973.897,974.993,973.517,974.584
4/15/2026 23:20,973.507,973.946,972.889,973.707
4/15/2026 23:10,972.685,973.637,972.431,973.054
4/15/2026 23:00,971.404,973.039,971.384,972.54
4/15/2026 22:50,971.382,972.51,970.826,971.374
4/15/2026 22:40,969.539,971.274,969.539,971.244
4/15/2026 22:30,971.025,971.513,969.32,969.32
4/15/2026 22:20,971.892,972.127,970.507,971.155
4/15/2026 22:10,970.312,972.042,970.312,971.494
4/15/2026 22:00,972.421,972.54,969.749,969.888
4/15/2026 21:50,972.261,972.5,968.762,971.947
4/15/2026 21:40,971.439,975.731,971.115,972.261
4/15/2026 21:30,967.366,972.042,965.362,971.449
4/15/2026 3:50,973.388,973.587,970.796,971.842
4/15/2026 3:40,973.336,973.577,972.49,973.577
4/15/2026 3:30,974.225,974.644,973.158,973.283
4/15/2026 3:20,972.939,974.644,972.73,974.185
4/15/2026 3:10,972.062,973.138,971.942,972.939
4/15/2026 3:00,971.439,973.039,971.439,972.132
4/15/2026 2:50,972.119,972.441,971.613,971.663
4/15/2026 2:40,971.882,972.281,971.464,972.167
4/15/2026 2:30,972.092,972.401,971.719,971.753
4/15/2026 2:20,972.889,973.039,971.942,972.082
4/15/2026 2:10,971.783,972.999,971.783,972.49
4/15/2026 2:00,970.472,972.042,970.472,971.892
4/15/2026 1:50,969.739,970.706,969.45,970.546
4/15/2026 1:40,969.36,970.028,969.081,969.593
4/15/2026 1:30,969.45,970.138,969.121,969.37
4/15/2026 1:20,969.729,970.018,969.091,969.539
4/15/2026 1:10,970.377,970.591,969.201,969.978
4/15/2026 1:00,970.746,971.982,970.098,970.272
4/15/2026 0:50,970.806,971.184,969.971,970.751
4/15/2026 0:40,971.14,971.583,970.766,970.836
4/15/2026 0:30,970.636,971.523,970.257,971.135
4/15/2026 0:20,968.652,970.726,968.273,970.499
4/15/2026 0:10,967.179,968.632,967.179,968.483
4/15/2026 0:00,968.697,969.36,967.057,967.057
4/14/2026 23:50,967.197,969.27,966.957,968.842
4/14/2026 23:40,967.137,968.363,966.907,967.461
4/14/2026 23:30,967.132,967.605,965.781,967.097
4/14/2026 23:20,967.914,968.174,966.22,967.029
4/14/2026 23:10,968.443,968.772,967.895,968.114
4/14/2026 23:00,968.403,968.931,967.078,968.144
4/14/2026 22:50,967.85,968.562,967.755,968.086
4/14/2026 22:40,967.386,968.552,967.097,967.845
4/14/2026 22:30,968.513,968.513,966.53,967.565
4/14/2026 22:20,965.263,968.822,964.934,968.079
4/14/2026 22:10,964.37,965.741,963.318,965.173
4/14/2026 22:00,965.901,967.444,964.066,964.37
4/14/2026 21:50,966.19,966.888,963.069,966.07
4/14/2026 21:40,968.518,970.965,966.06,966.559
4/14/2026 21:30,970.726,973.039,964.824,968.518
4/14/2026 3:50,977.435,979.649,977.196,977.675
4/14/2026 3:40,978.452,978.971,976.438,977.804
4/14/2026 3:30,977.984,978.916,977.904,978.442
4/14/2026 3:20,978.298,978.702,977.715,978.303
4/14/2026 3:10,978.313,978.612,977.535,978.143
4/14/2026 3:00,977.241,978.609,976.389,978.233
4/14/2026 2:50,978.692,979.149,977.067,977.326
4/14/2026 2:40,980.416,980.416,978.712,978.791
4/14/2026 2:30,981.623,981.623,980.028,980.416
4/14/2026 2:20,982.46,983.138,981.663,981.663
4/14/2026 2:10,983.786,983.936,982.291,982.63
4/14/2026 2:00,983.632,985.002,983.607,983.607
4/14/2026 1:50,982.38,983.995,982.216,983.632
4/14/2026 1:40,983.407,983.716,982.196,982.196
4/14/2026 1:30,982.4,983.647,982.251,983.647
4/14/2026 1:20,982.231,982.708,981.872,982.271
4/14/2026 1:10,981.114,982.52,980.862,982.231
4/14/2026 1:00,979.569,981.015,979.31,980.805
4/14/2026 0:50,980.805,981.044,979.569,979.828
4/14/2026 0:40,980.725,981.084,979.778,980.596
4/14/2026 0:30,979.848,981.373,979.848,980.725
4/14/2026 0:20,980.187,980.571,979.429,979.828
4/14/2026 0:10,980.077,980.307,979.519,980.077
4/14/2026 0:00,980.73,981.254,980.018,980.122
4/13/2026 23:50,980.332,981.234,980.028,980.686
4/13/2026 23:40,979.589,981.289,979.37,980.207
4/13/2026 23:30,979.689,980.476,979.22,979.509
4/13/2026 23:20,981.493,981.782,978.632,979.973
4/13/2026 23:10,985.102,985.291,981.015,981.02
4/13/2026 23:00,984.893,986.014,984.025,985.057
4/13/2026 22:50,987.495,987.649,984.504,985.027
4/13/2026 22:40,988.891,988.99,986.996,987.495
4/13/2026 22:30,988.99,989.444,988.103,988.751
4/13/2026 22:20,989.499,989.878,988.063,988.99
4/13/2026 22:10,989.439,991.483,989.439,989.972
4/13/2026 22:00,991.214,991.528,988.292,989.758
4/13/2026 21:50,991.343,991.672,989.519,991.303
4/13/2026 21:40,989.389,992.131,988.841,991.448
4/13/2026 21:30,995.441,997.016,988.841,989.326
4/11/2026 3:50,993.646,996.956,993.347,995.441
4/11/2026 3:40,992.759,994.543,992.554,993.666
4/11/2026 3:30,994.035,994.075,992.669,992.839
4/11/2026 3:20,993.516,994.324,992.978,993.87
4/11/2026 3:10,994.294,994.793,993.307,993.746
4/11/2026 3:00,995.421,995.471,994.125,994.661
4/11/2026 2:50,994.917,995.301,993.975,995.216
4/11/2026 2:40,995.944,995.944,994.972,994.972
4/11/2026 2:30,994.985,995.969,994.803,995.864
4/11/2026 2:20,995.052,995.052,994.025,994.962
4/11/2026 2:10,995.112,995.78,994.454,995.122
4/11/2026 2:00,994.743,995.331,994.075,995.147
4/11/2026 1:50,994.628,994.932,993.955,994.827
4/11/2026 1:40,993.595,995.112,993.158,994.952
4/11/2026 1:30,994.329,995.73,992.48,993.521
4/11/2026 1:20,996.667,996.727,993.018,994.548
4/11/2026 1:10,996.956,997.754,996.268,996.487
4/11/2026 1:00,999.289,999.314,996.227,996.961
4/11/2026 0:50,1001.462,1001.841,999.309,999.877
4/11/2026 0:40,1000.535,1001.921,999.997,1001.472
4/11/2026 0:30,999.478,1000.834,999.443,1000.789
4/11/2026 0:20,1000.764,1001.283,999.458,999.458
4/11/2026 0:10,1002.649,1002.649,999.937,1000.625
4/11/2026 0:00,1001.941,1003.556,1001.732,1002.619
4/10/2026 23:50,999.777,1003.347,999.73,1002.245
4/10/2026 23:40,999.109,1000.645,999.109,999.887
4/10/2026 23:30,998.681,1000.376,998.681,999.109
4/10/2026 23:20,1000.276,1000.605,997.963,998.691
4/10/2026 23:10,999.344,1002.13,999.344,1000.615
4/10/2026 23:00,1001.153,1002.13,997.813,999.647
4/10/2026 22:50,1002.539,1003.047,1000.954,1001.263
4/10/2026 22:40,1000.645,1002.978,1000.326,1002.599
4/10/2026 22:30,1005.829,1006.158,999.543,1000.874
4/10/2026 22:20,1005.565,1006.557,1004.054,1006.158
4/10/2026 22:10,1006.936,1007.923,1004.503,1005.54
4/10/2026 22:00,1006.068,1007.933,1004.503,1007.399
4/10/2026 21:50,1012.22,1012.529,1005.839,1005.839
4/10/2026 21:40,1021.157,1021.89,1007.135,1011.532
4/10/2026 21:30,1023.396,1025.878,1015.001,1021.285
4/10/2026 3:50,1030.28,1031.252,1028.59,1028.899
4/10/2026 3:40,1030.195,1031.302,1029.98,1030.534
4/10/2026 3:30,1030.225,1030.968,1029.437,1030.225
4/10/2026 3:20,1029.198,1030.484,1029.188,1030.035
4/10/2026 3:10,1030.848,1031.361,1029.119,1029.49
4/10/2026 3:00,1029.995,1031.102,1029.477,1030.755
4/10/2026 2:50,1029.622,1030.304,1029.467,1029.98
4/10/2026 2:40,1031.351,1031.641,1029.517,1029.622
4/10/2026 2:30,1031.461,1031.72,1030.654,1031.262
4/10/2026 2:20,1032.558,1032.637,1031.331,1031.461
4/10/2026 2:10,1030.778,1032.677,1030.564,1032.264
4/10/2026 2:00,1031.81,1032.219,1030.544,1031.012
4/10/2026 1:50,1031.351,1032.338,1030.863,1032.229
4/10/2026 1:40,1032.034,1032.637,1031.446,1031.68
4/10/2026 1:30,1032.239,1032.328,1031.152,1031.91
4/10/2026 1:20,1031.81,1032.239,1031.212,1031.9
4/10/2026 1:10,1032.039,1032.259,1030.922,1031.466
4/10/2026 1:00,1030.464,1032.368,1030.464,1031.88
4/10/2026 0:50,1029.652,1031.331,1029.652,1030.429
4/10/2026 0:40,1029.41,1030.065,1028.879,1029.686
4/10/2026 0:30,1029.248,1030.21,1028.899,1029.148
4/10/2026 0:20,1030.195,1030.195,1028.759,1029.073
4/10/2026 0:10,1028.116,1029.961,1027.962,1029.786
4/10/2026 0:00,1028.331,1028.969,1026.656,1028.047
4/9/2026 23:50,1027.453,1028.869,1026.586,1028.35
4/9/2026 23:40,1025.39,1028.061,1024.462,1027.453
4/9/2026 23:30,1026.107,1027.872,1024.981,1025.2
4/9/2026 23:20,1027.523,1027.523,1025.011,1026.197
4/9/2026 23:10,1026.307,1027.643,1026.048,1027.134
4/9/2026 23:00,1025.223,1027.089,1024.622,1026.456
4/9/2026 22:50,1027.513,1027.922,1025.1,1025.18
4/9/2026 22:40,1029.816,1029.971,1027.234,1027.408
4/9/2026 22:30,1029.487,1031.87,1028.709,1029.966
4/9/2026 22:20,1028.146,1029.836,1025.589,1029.113
4/9/2026 22:10,1030.464,1031.411,1027.593,1028.031
4/9/2026 22:00,1030.439,1031.501,1028.39,1030.085
4/9/2026 21:50,1025.419,1030.644,1025.419,1030.594
4/9/2026 21:40,1025.544,1028.44,1024.772,1025.429
4/9/2026 21:30,1026.367,1027.762,1021.947,1025.529
4/9/2026 3:50,1025.813,1027.333,1024.642,1027.144
4/9/2026 3:40,1024.243,1025.878,1023.665,1025.878
4/9/2026 3:30,1022.568,1024.562,1022.159,1024.238
4/9/2026 3:20,1021.761,1022.787,1021.232,1022.688
4/9/2026 3:10,1021.95,1022.887,1021.397,1021.65
4/9/2026 3:00,1021.671,1023.216,1021.043,1022.06
4/9/2026 2:50,1021.86,1022.857,1021.86,1021.97
4/9/2026 2:40,1022.042,1023.216,1021.671,1021.85
4/9/2026 2:30,1021.432,1022.538,1021.182,1022.229
4/9/2026 2:20,1020.893,1021.486,1020.305,1021.023
4/9/2026 2:10,1022.718,1022.887,1020.933,1020.933
4/9/2026 2:00,1021.112,1022.987,1021.112,1022.718
4/9/2026 1:50,1022.01,1022.269,1021.008,1021.043
4/9/2026 1:40,1021.186,1022.638,1020.903,1022.269
4/9/2026 1:30,1020.813,1021.656,1019.565,1021.252
4/9/2026 1:20,1021.93,1022.718,1020.639,1020.813
4/9/2026 1:10,1021.88,1022.887,1021.738,1022.409
4/9/2026 1:00,1021.412,1022.508,1020.769,1022.05
4/9/2026 0:50,1020.265,1021.89,1020.14,1021.412
4/9/2026 0:40,1021.053,1021.89,1019.787,1020.42
4/9/2026 0:30,1020.589,1021.551,1019.757,1021.167
4/9/2026 0:20,1020.036,1020.818,1019.009,1020.794
4/9/2026 0:10,1020.654,1021.103,1019.129,1019.946
4/9/2026 0:00,1021.781,1021.89,1020.345,1020.594
4/8/2026 23:50,1021.94,1022.045,1020.464,1021.372
4/8/2026 23:40,1021.78,1022.239,1020.395,1021.87
4/8/2026 23:30,1019.806,1022.887,1019.632,1021.571
4/8/2026 23:20,1019.617,1019.797,1017.592,1019.448
4/8/2026 23:10,1017.414,1019.896,1017.125,1019.522
4/8/2026 23:00,1021.576,1022.548,1017.603,1017.603
4/8/2026 22:50,1021.262,1022.429,1019.557,1021.332
4/8/2026 22:40,1014.862,1021.99,1014.473,1021.252
4/8/2026 22:30,1012.937,1014.812,1012.11,1014.682
4/8/2026 22:20,1014.687,1014.687,1012.389,1012.937
4/8/2026 22:10,1015.489,1018.371,1014.453,1014.453
4/8/2026 22:00,1014.502,1016.925,1011.522,1015.559
4/8/2026 21:50,1009.857,1014.911,1009.189,1014.373
4/8/2026 21:40,1009.368,1014.463,1008.73,1009.897
4/8/2026 21:30,1001.393,1009.637,996.966,1009.129
4/8/2026 3:50,1008.77,1010.325,1008.082,1010.136
4/8/2026 3:40,1006.248,1010.455,1006.248,1009.777
4/8/2026 3:30,1006.881,1007.404,1005.899,1006.447
4/8/2026 3:20,1006.931,1007.893,1006.357,1006.883
4/8/2026 3:10,1003.526,1007.424,1003.028,1007.424
4/8/2026 3:00,1002.499,1003.307,1001.801,1003.307
4/8/2026 2:50,1003.541,1004.069,1001.891,1002.409
4/8/2026 2:40,1003.855,1004.548,1003.028,1003.541
4/8/2026 2:30,1004.653,1004.882,1002.988,1003.426
4/8/2026 2:20,1003.845,1004.643,1003.735,1004.643
4/8/2026 2:10,1004.473,1004.473,1002.609,1003.825
4/8/2026 2:00,1005.131,1005.43,1003.706,1004.134
4/8/2026 1:50,1007,1007,1004.443,1005.181
4/8/2026 1:40,1006.856,1007.235,1006.557,1007.055
4/8/2026 1:30,1006.218,1007.673,1006.018,1006.876
4/8/2026 1:20,1004.782,1006.233,1004.578,1006.233
4/8/2026 1:10,1005.121,1005.37,1004.144,1004.817
4/8/2026 1:00,1006.816,1007.175,1004.485,1005.291
4/8/2026 0:50,1007.359,1008.132,1006.437,1006.836
4/8/2026 0:40,1008.72,1008.83,1006.457,1007.175
4/8/2026 0:30,1008.68,1009.368,1008.252,1008.601
4/8/2026 0:20,1008.805,1009.503,1008.242,1009.308
4/8/2026 0:10,1008.7,1009.986,1008.431,1008.591
4/8/2026 0:00,1008.441,1009.917,1007.943,1008.695
4/7/2026 23:50,1008.994,1009.991,1008.621,1009.039
4/7/2026 23:40,1009.827,1010.574,1008.78,1008.955
4/7/2026 23:30,1009.348,1010.734,1008.75,1009.782
4/7/2026 23:20,1009.438,1010.335,1007.464,1009.273
4/7/2026 23:10,1009.961,1010.664,1008.182,1009.857
4/7/2026 23:00,1010.729,1011.213,1009.697,1010.156
4/7/2026 22:50,1011.407,1012.638,1010.664,1010.664
4/7/2026 22:40,1010.953,1012.079,1010.495,1011.731
4/7/2026 22:30,1007.818,1011.562,1007.674,1010.624
4/7/2026 22:20,1007.539,1008.411,1006.836,1007.743
4/7/2026 22:10,1009.588,1009.927,1006.119,1007.549
4/7/2026 22:00,1009.757,1011.661,1009.057,1009.807
4/7/2026 21:50,1008.82,1010.395,1007.763,1009.194
4/7/2026 21:40,1010.684,1011.033,1007.743,1008.601
4/7/2026 21:30,1017.165,1017.763,1009.857,1010.796
4/7/2026 3:50,1016.686,1017.563,1014.612,1015.46
4/7/2026 3:40,1015.739,1017.035,1015.079,1016.536
4/7/2026 3:30,1016.516,1016.885,1014.283,1015.43
4/7/2026 3:20,1016.098,1016.656,1015.908,1016.526
4/7/2026 3:10,1016.92,1016.92,1015.769,1016.078
4/7/2026 3:00,1017.229,1017.593,1016.865,1017
4/7/2026 2:50,1016.93,1017.553,1016.766,1016.99
4/7/2026 2:40,1016.113,1017.095,1016.088,1016.93
4/7/2026 2:30,1017.174,1017.324,1015.191,1015.869
4/7/2026 2:20,1017.115,1017.174,1016.457,1017.105
4/7/2026 2:10,1015.25,1017.334,1015.24,1017.334
4/7/2026 2:00,1014.752,1015.319,1014.004,1014.803
4/7/2026 1:50,1014.782,1015.629,1014.333,1014.752
4/7/2026 1:40,1014.189,1014.832,1013.974,1014.782
4/7/2026 1:30,1013.914,1014.612,1013.526,1014.373
4/7/2026 1:20,1012.2,1013.914,1011.94,1013.904
4/7/2026 1:10,1013.057,1013.595,1011.891,1012.141
4/7/2026 1:00,1012.848,1013.436,1012.25,1013.032
4/7/2026 0:50,1012.459,1012.888,1012.06,1012.793
4/7/2026 0:40,1012.08,1012.907,1012.08,1012.838
4/7/2026 0:30,1011.806,1012.917,1011.472,1012.279
4/7/2026 0:20,1011.819,1012.917,1011.587,1011.806
4/7/2026 0:10,1012.228,1012.384,1011.472,1011.776
4/7/2026 0:00,1013.575,1013.914,1011.611,1011.626
4/6/2026 23:50,1013.286,1014.054,1013.137,1013.486
4/6/2026 23:40,1011.871,1013.924,1011.851,1013.665
4/6/2026 23:30,1013.326,1013.735,1011.033,1011.487
4/6/2026 23:20,1012.663,1013.914,1012.419,1013.326
4/6/2026 23:10,1012.748,1013.904,1012.409,1012.663
4/6/2026 23:00,1010.594,1013.456,1010.136,1012.748
4/6/2026 22:50,1008.83,1011.033,1008.652,1010.597
4/6/2026 22:40,1008.147,1009.847,1007.933,1008.825
4/6/2026 22:30,1011.851,1011.98,1007.185,1008.93
4/6/2026 22:20,1011.916,1012.509,1010.983,1011.362
4/6/2026 22:10,1010.295,1012.299,1009.603,1012.04
4/6/2026 22:00,1010.156,1012.479,1008.78,1010.614
4/6/2026 21:50,1006.028,1010.814,1005.949,1010.814
4/6/2026 21:40,1004.403,1007.275,1000.964,1006.188
4/6/2026 21:30,1011.881,1014.373,1003.506,1005.4
4/3/2026 3:50,1007.853,1011.92,1007.853,1011.881
4/3/2026 3:40,1007.723,1008.591,1006.607,1007.903
4/3/2026 3:30,1006.776,1007.932,1006.607,1007.551
4/3/2026 3:20,1006.397,1007.723,1006.372,1006.936
4/3/2026 3:10,1006.582,1007.035,1006.148,1006.761
4/3/2026 3:00,1006.517,1007.135,1005.58,1006.338
4/3/2026 2:50,1005.607,1006.796,1005.166,1006.328
4/3/2026 2:40,1005.251,1005.869,1004.772,1005.63
4/3/2026 2:30,1005.54,1006.188,1004.952,1005.151
4/3/2026 2:20,1004.872,1005.4,1003.107,1005.355
4/3/2026 2:10,1004.349,1005.829,1004.314,1004.872
4/3/2026 2:00,1004.852,1005.32,1003.805,1003.965
4/3/2026 1:50,1004.084,1004.832,1003.706,1004.633
4/3/2026 1:40,1003.915,1005.35,1003.646,1004.084
4/3/2026 1:30,1004.942,1005.161,1003.815,1003.925
4/3/2026 1:20,1006.018,1006.138,1004.817,1004.817
4/3/2026 1:10,1005.909,1006.437,1005.221,1005.924
4/3/2026 1:00,1005.929,1006.557,1005.48,1005.849
4/3/2026 0:50,1006.278,1007.205,1005.774,1005.774
4/3/2026 0:40,1007.138,1007.574,1005.56,1006.038
4/3/2026 0:30,1004.939,1007.364,1004.761,1007.364
4/3/2026 0:20,1003.815,1004.992,1002.948,1004.563
4/3/2026 0:10,1002.948,1004.258,1002.35,1003.421
4/3/2026 0:00,1002.25,1003.589,1001.771,1002.948
4/2/2026 23:50,1003.132,1003.606,1001.781,1002.24
4/2/2026 23:40,1005.007,1005.161,1002.711,1003.147
4/2/2026 23:30,1005.5,1005.5,1003.586,1005.036
4/2/2026 23:20,1004.194,1005.709,1002.609,1005.156
4/2/2026 23:10,1002.793,1004.523,1001.273,1004.513
4/2/2026 23:00,1004.423,1004.822,1002.09,1002.788
4/2/2026 22:50,1005.281,1005.5,1002.31,1004.553
4/2/2026 22:40,1004.483,1005.42,1003.287,1004.663
4/2/2026 22:30,1003.217,1004.942,1001.951,1004.613
4/2/2026 22:20,1001.452,1004.942,1001.298,1003.376
4/2/2026 22:10,1001.951,1002.578,999.209,1001.652
4/2/2026 22:00,1005.131,1005.633,1000.954,1002.325
4/2/2026 21:50,1005.999,1008.621,1003.905,1005.141
4/2/2026 21:40,1005.694,1012.917,1004.962,1005.989
4/2/2026 21:30,1004.942,1006.936,996.178,1005.45
4/2/2026 3:50,994.06,995.022,992.809,993.536
4/2/2026 3:40,996.363,997.205,993.526,993.925
4/2/2026 3:30,995.221,996.946,995.221,996.492
4/2/2026 3:20,994.872,995.481,994.254,995.221
4/2/2026 3:10,994.952,995.331,993.895,994.733
4/2/2026 3:00,994.384,995.471,994.185,994.633
4/2/2026 2:50,993.347,994.872,993.267,993.776
4/2/2026 2:40,993.24,993.975,992.978,993.477
4/2/2026 2:30,991.538,994.334,991.538,993.128
4/2/2026 2:20,993.427,993.736,991.398,991.538
4/2/2026 2:10,990.974,993.237,990.845,993.237
4/2/2026 2:00,990.217,991.134,990.017,990.974
4/2/2026 1:50,990.625,991.323,989.987,990.097
4/2/2026 1:40,990.246,990.849,989.299,990.007
4/2/2026 1:30,990.396,990.825,989.19,989.475
4/2/2026 1:20,990.496,990.816,989.379,990.107
4/2/2026 1:10,989.25,990.491,988.99,990.246
4/2/2026 1:00,990.855,991.233,989,989.23
4/2/2026 0:50,993.093,993.118,990.775,990.775
4/2/2026 0:40,991.832,993.437,991.214,993.088
4/2/2026 0:30,989.977,992.41,989.698,991.538
4/2/2026 0:20,991.024,991.104,989.133,989.967
4/2/2026 0:10,991.014,991.194,989.09,990.761
4/2/2026 0:00,991.273,992.081,989.698,990.396
4/1/2026 23:50,991.931,991.981,990.087,991.004
4/1/2026 23:40,992.734,994.733,991.533,991.901
4/1/2026 23:30,994.234,995.471,992.52,992.719
4/1/2026 23:20,995.361,995.68,993.048,994.409
4/1/2026 23:10,995.76,995.969,992.829,995.446
4/1/2026 23:00,996.343,996.697,994.593,995.73
4/1/2026 22:50,998.771,998.87,995.341,996.318
4/1/2026 22:40,995.5,1000.086,994.942,999.548
4/1/2026 22:30,990.391,996.966,990.391,995.989
4/1/2026 22:20,991.842,993.606,989.917,989.917
4/1/2026 22:10,992.779,995.281,991.014,991.014
4/1/2026 22:00,995.221,995.7,992.141,992.604
4/1/2026 21:50,995.311,997.953,994.823,995.63
4/1/2026 21:40,988.258,997.345,987.585,995.53
4/1/2026 21:30,992.006,995.969,987.814,988.25
4/1/2026 3:50,994.494,995.151,990.665,993.407
4/1/2026 3:40,990.047,996.866,989.658,995.092
4/1/2026 3:30,985.331,990.077,985.262,989.838
4/1/2026 3:20,985.212,986.249,985.002,985.441
4/1/2026 3:10,983.637,985.76,983.637,985.316
4/1/2026 3:00,984.225,985.022,983.008,983.278
4/1/2026 2:50,985.092,985.675,982.859,984.225
4/1/2026 2:40,986.727,987.156,983.916,984.738
4/1/2026 2:30,988.058,988.312,986.019,986.817
4/1/2026 2:20,988.674,989.175,987.206,988.173
4/1/2026 2:10,990.904,991.313,988.93,988.94
4/1/2026 2:00,991.124,991.921,990.376,990.904
4/1/2026 1:50,991.762,992.33,991.104,991.51
4/1/2026 1:40,990.511,992.32,990.321,991.495
4/1/2026 1:30,988.231,990.66,988.231,990.511
4/1/2026 1:20,991.124,991.134,988.312,988.741
4/1/2026 1:10,989.678,991.802,989.499,990.86
4/1/2026 1:00,993.736,993.955,989.474,989.868
4/1/2026 0:50,993.801,994.628,991.842,993.322
4/1/2026 0:40,993.786,994.743,990.558,993.452
4/1/2026 0:30,991.403,993.377,990.526,993.247
4/1/2026 0:20,991.129,992.739,990.655,991.403
4/1/2026 0:10,990.934,993.148,990.516,991.384
4/1/2026 0:00,989.888,991.891,989.888,991.154
3/31/2026 23:50,991.782,992.529,989.549,989.982
3/31/2026 23:40,991.144,993.507,990.855,992.205
3/31/2026 23:30,989.269,991.358,989.25,991.358
3/31/2026 23:20,992.25,992.25,989.419,989.578
3/31/2026 23:10,991.891,993.521,991.014,992.589
3/31/2026 23:00,988.577,992.849,988.577,991.901
3/31/2026 22:50,987.983,989.578,987.929,988.591
3/31/2026 22:40,989.848,990.795,986.508,988.043
3/31/2026 22:30,991.652,992.759,989.339,990.032
3/31/2026 22:20,988.093,993.507,987.545,991.662
3/31/2026 22:10,993.377,994.553,987.545,987.669
3/31/2026 22:00,995.979,996.637,992.878,993.92
3/31/2026 21:50,1003.187,1003.187,995.301,995.969
3/31/2026 21:40,998.561,1005.54,998.372,1003.197
3/31/2026 21:30,993.975,999.458,993.975,998.632
3/31/2026 3:50,994.344,994.543,992.4,993.556
3/31/2026 3:40,991.064,994.214,990.74,994.214
3/31/2026 3:30,991.493,991.742,990.167,990.836
3/31/2026 3:20,991.677,992.071,990.685,991.562
3/31/2026 3:10,994.076,994.603,991.732,991.732
3/31/2026 3:00,994.738,994.962,993.855,994.229
3/31/2026 2:50,995.505,995.77,994.424,994.862
3/31/2026 2:40,995.54,996.218,993.955,995.505
3/31/2026 2:30,997.833,997.973,995.451,995.68
3/31/2026 2:20,997.794,998.96,997.644,997.675
3/31/2026 2:10,995.341,998.86,994.334,998.282
3/31/2026 2:00,994.813,996.393,994.155,995.346
3/31/2026 1:50,996.334,997.405,994.294,994.967
3/31/2026 1:40,998.292,998.751,996.468,996.747
3/31/2026 1:30,999.109,999.428,997.365,998.721
3/31/2026 1:20,999.354,999.957,998.232,999.085
3/31/2026 1:10,1000.844,1000.904,999.179,999.598
3/31/2026 1:00,1000.754,1000.934,999.458,1000.545
3/31/2026 0:50,1000.191,1000.555,999.468,1000.465
3/31/2026 0:40,999.453,1000.535,999.06,999.927
3/31/2026 0:30,998.152,1000.102,998.152,999.443
3/31/2026 0:20,996.916,998.8,996.428,998.332
3/31/2026 0:10,998.212,999.02,996.122,997.125
3/31/2026 0:00,998.332,998.96,996.986,998.063
3/30/2026 23:50,998.541,999.598,997.205,998.611
3/30/2026 23:40,1000.63,1000.904,997.943,998.377
3/30/2026 23:30,1000.376,1002.06,998.96,1000.485
3/30/2026 23:20,1001.432,1002.489,1000.086,1000.376
3/30/2026 23:10,1001.002,1001.712,999.199,1001.203
3/30/2026 23:00,1000.017,1001.223,997.644,1000.525
3/30/2026 22:50,999.159,1001.771,998.88,999.563
3/30/2026 22:40,994.653,1000.864,994.105,998.96
3/30/2026 22:30,991.109,994.972,991.109,994.743
3/30/2026 22:20,990.052,992.245,987.595,991.243
3/30/2026 22:10,989.927,991.184,988.891,990.127
3/30/2026 22:00,989.658,992.968,989.449,990.256
3/30/2026 21:50,990.516,992.609,987.926,989.658
3/30/2026 21:40,988.98,991.981,988.023,990.326
3/30/2026 21:30,984.654,990.974,982.021,988.791
3/28/2026 3:50,979.539,981.922,978.353,980.875
3/28/2026 3:40,979.943,980.157,977.695,979.429
3/28/2026 3:30,979.19,979.988,978.791,979.988
3/28/2026 3:20,980.865,980.865,977.505,979.031
3/28/2026 3:10,980.596,981.244,979.51,980.77
3/28/2026 3:00,980.307,981.493,978.841,980.596
3/28/2026 2:50,980.008,980.376,978.334,980.122
3/28/2026 2:40,979.559,980.586,978.193,979.888
3/28/2026 2:30,978.422,979.948,978.422,979.3
3/28/2026 2:20,978.497,979.07,977.735,978.732
3/28/2026 2:10,980.038,980.137,978.163,978.553
3/28/2026 2:00,981.463,981.513,980.147,980.167
3/28/2026 1:50,981.005,981.702,981.005,981.63
3/28/2026 1:40,981.633,981.862,980.755,980.975
3/28/2026 1:30,981.912,982.37,980.591,981.633
3/28/2026 1:20,981.373,982.251,981.015,981.682
3/28/2026 1:10,982.231,982.36,981.354,981.782
3/28/2026 1:00,981.104,983.008,980.835,982.37
3/28/2026 0:50,982.101,982.36,980.956,981.383
3/28/2026 0:40,981.309,982.37,981.005,982.141
3/28/2026 0:30,980.237,981.513,980.197,981.513
3/28/2026 0:20,980.955,981.533,979.928,980.566
3/28/2026 0:10,981.134,981.284,980.476,980.86
3/28/2026 0:00,981.972,981.982,980.686,981.079
3/27/2026 23:50,981.064,982.553,981.059,981.463
3/27/2026 23:40,981.862,981.872,980.845,981.064
3/27/2026 23:30,981.992,982.51,981.095,981.762
3/27/2026 23:20,979.361,982.251,979.361,981.712
3/27/2026 23:10,979.679,980.875,978.452,979.375
3/27/2026 23:00,981.842,982.51,978.323,979.372
3/27/2026 22:50,982.998,983.023,980.556,981.782
3/27/2026 22:40,980.237,982.819,980.018,982.43
3/27/2026 22:30,978.024,982.699,978.024,980.576
3/27/2026 22:20,981.453,981.453,977.545,977.894
3/27/2026 22:10,984.115,984.115,980.745,981.025
3/27/2026 22:00,982.669,984.005,980.92,984.005
3/27/2026 21:50,980.287,983.238,979.619,982.669
3/27/2026 21:40,976.718,981.184,976.478,979.883
3/27/2026 21:30,979.036,982.56,975.142,977.884
3/27/2026 3:50,977.55,977.625,974.325,976.678
3/27/2026 3:40,976.179,977.575,975.92,977.575
3/27/2026 3:30,976.588,977.665,975.651,975.875
3/27/2026 3:20,976.09,977.406,976.09,976.718
3/27/2026 3:10,977.181,978.432,976.03,976.429
3/27/2026 3:00,978.273,979.21,976.777,977.475
3/27/2026 2:50,979.958,980.576,978.024,978.193
3/27/2026 2:40,979.958,980.396,979.22,980.107
3/27/2026 2:30,980.885,980.885,979.659,979.808
3/27/2026 2:20,980.033,981.144,979.629,980.82
3/27/2026 2:10,980.381,981.354,979.37,979.968
3/27/2026 2:00,982.211,982.51,980.526,980.526
3/27/2026 1:50,982.031,983.008,981.902,982.241
3/27/2026 1:40,981.005,983.008,980.636,982.251
3/27/2026 1:30,982.231,982.231,980.835,981.015
3/27/2026 1:20,982.54,982.64,981.244,982.231
3/27/2026 1:10,980.905,982.52,980.367,982.52
3/27/2026 1:00,983.008,983.018,981.044,981.084
3/27/2026 0:50,981.219,983.278,980.895,983
3/27/2026 0:40,978.941,981.401,978.582,981.401
3/27/2026 0:30,979.19,979.639,978.054,978.776
3/27/2026 0:20,979.19,979.439,978.102,979.389
3/27/2026 0:10,980.182,980.501,978.562,979.519
3/27/2026 0:00,979.689,980.884,979.524,980.172
3/26/2026 23:50,977.884,979.818,977.366,979.229
3/26/2026 23:40,978.403,978.407,976.548,977.884
3/26/2026 23:30,978.268,978.821,977.58,978.403
3/26/2026 23:20,980.436,981.025,978.165,978.582
3/26/2026 23:10,980.526,981.543,980.097,980.401
3/26/2026 23:00,981.015,981.712,980.289,980.289
3/26/2026 22:50,982.54,983.298,979.858,980.471
3/26/2026 22:40,980.396,984.195,979.061,982.605
3/26/2026 22:30,980.406,980.536,978.253,979.23
3/26/2026 22:20,980.486,981.613,979.699,980.406
3/26/2026 22:10,980.591,982.011,980.496,980.596
3/26/2026 22:00,982.62,982.62,977.814,981.194
3/26/2026 21:50,980.945,983.048,979.19,982.689
3/26/2026 21:40,971.533,981.992,971.424,980.656
3/26/2026 21:30,972.73,975.751,969.769,972.17
3/26/2026 3:50,972.66,972.959,971.319,971.902
3/26/2026 3:40,972.142,972.849,971.832,972.306
3/26/2026 3:30,972.68,972.785,972.102,972.301
3/26/2026 3:20,973.398,974.026,972.58,972.76
3/26/2026 3:10,972.251,973.328,971.908,973.328
3/26/2026 3:00,971.922,972.69,970.706,972.246
3/26/2026 2:50,971.244,972.127,970.178,972.027
3/26/2026 2:40,972.57,972.72,971.284,971.284
3/26/2026 2:30,973.747,973.816,972.63,972.72
3/26/2026 2:20,973.931,974.205,973.438,973.792
3/26/2026 2:10,974.32,974.644,973.846,973.846
3/26/2026 2:00,974.066,974.554,973.278,974.315
3/26/2026 1:50,973.707,974.803,973.617,974.355
3/26/2026 1:40,974.345,975.302,973.597,973.948
3/26/2026 1:30,974.096,974.365,973.458,974.325
3/26/2026 1:20,974.275,974.474,973.836,974.145
3/26/2026 1:10,973.333,974.091,973.099,974.091
3/26/2026 1:00,973.448,973.537,972.535,973.333
3/26/2026 0:50,973.188,973.517,972.351,973.517
3/26/2026 0:40,974.454,975.023,973.188,973.198
3/26/2026 0:30,973.777,975.003,973.767,974.235
3/26/2026 0:20,973.288,974.43,972.775,973.961
3/26/2026 0:10,974.043,974.043,972.56,973.178
3/26/2026 0:00,974.305,974.644,973.428,974.215
3/25/2026 23:50,974.524,975.172,974.126,974.405
3/25/2026 23:40,974.445,975.033,974.185,974.524
3/25/2026 23:30,975.033,975.402,973.836,974.225
3/25/2026 23:20,973.014,975.217,972.74,974.674
3/25/2026 23:10,974.001,975.272,972.052,973.109
3/25/2026 23:00,971.823,974.365,971.823,974.001
3/25/2026 22:50,971.753,972.271,970.873,971.187
3/25/2026 22:40,968.074,971.653,967.785,971.553
3/25/2026 22:30,968.089,970.487,967.555,968.592
3/25/2026 22:20,965.771,968.677,965.397,968.014
3/25/2026 22:10,968.124,968.662,965.113,965.422
3/25/2026 22:00,969.709,970.776,967.58,968.473
3/25/2026 21:50,970.387,973.587,969.549,970.457
3/25/2026 21:40,974.594,975.541,969.918,969.918
3/25/2026 21:30,975.033,977.834,973.423,975.033
3/25/2026 3:50,970.352,971.424,969.181,970.865
3/25/2026 3:40,971.394,971.887,969.579,970.347
3/25/2026 3:30,971.464,971.932,971.025,971.394
3/25/2026 3:20,972.839,973.218,971.055,971.818
3/25/2026 3:10,973.747,974.395,972.68,972.924
3/25/2026 3:00,973.592,974.38,973.074,973.742
3/25/2026 2:50,974.654,974.687,973.391,973.936
3/25/2026 2:40,974.923,975.392,973.677,974.33
3/25/2026 2:30,973.816,975.033,973.525,975.033
3/25/2026 2:20,973.547,974.425,972.645,973.622
3/25/2026 2:10,972.924,973.492,972.032,973.388
3/25/2026 2:00,974.056,974.255,972.879,972.879
3/25/2026 1:50,973.542,974.534,973.138,974.036
3/25/2026 1:40,972.989,973.672,972.122,973.542
3/25/2026 1:30,975.222,975.581,972.55,972.969
3/25/2026 1:20,974.983,975.686,974.654,975.212
3/25/2026 1:10,974.594,975.611,974.345,974.705
3/25/2026 1:00,977.784,977.894,974.315,974.719
3/25/2026 0:50,976.513,977.784,976.379,977.525
3/25/2026 0:40,975.382,976.897,975.212,976.419
3/25/2026 0:30,975.81,976.498,975.122,975.372
3/25/2026 0:20,975.85,976.104,975.292,975.631
3/25/2026 0:10,975.053,975.89,974.24,975.631
3/25/2026 0:00,974.195,975.093,973.049,975.093
3/24/2026 23:50,977.216,977.522,973.697,974.345
3/24/2026 23:40,977.725,978.303,977.027,977.216
3/24/2026 23:30,976.149,977.994,976.01,977.655
3/24/2026 23:20,975.771,976.698,975.232,976.06
3/24/2026 23:10,974.863,976.528,974.365,975.97
3/24/2026 23:00,973.846,975.172,973.433,974.898
3/24/2026 22:50,973.797,976.01,971.344,973.158
3/24/2026 22:40,974.16,975.501,973.318,974.604
3/24/2026 22:30,972.371,974.534,970.895,974.534
3/24/2026 22:20,971.384,973.323,971.045,971.668
3/24/2026 22:10,972.77,974.026,970.546,970.955
3/24/2026 22:00,968.014,974.116,968.004,972.466
3/24/2026 21:50,965.94,968.901,965.243,968.009
3/24/2026 21:40,961.265,968.223,961.025,965.94
3/24/2026 21:30,959.141,962.062,958.084,961.075
3/24/2026 3:50,964.575,965.691,962.581,962.8
3/24/2026 3:40,963.603,965.452,962.925,964.535
3/24/2026 3:30,964.056,964.295,962.7,963.598
3/24/2026 3:20,964.415,964.604,963.388,964.136
3/24/2026 3:10,963.822,965.208,963.478,964.475
3/24/2026 3:00,963.927,964.176,963.069,963.817
3/24/2026 2:50,964.854,965.083,963.478,963.927
3/24/2026 2:40,966.509,966.79,964.565,964.687
3/24/2026 2:30,965.896,967.855,965.661,966.593
3/24/2026 2:20,965.417,965.95,964.914,965.631
3/24/2026 2:10,966.01,967.256,964.694,965.791
3/24/2026 2:00,968.204,968.523,964.694,965.213
3/24/2026 1:50,966.369,968.632,966.369,968.204
3/24/2026 1:40,964.938,966.569,964.455,966.569
3/24/2026 1:30,964.036,966.16,963.538,965.003
3/24/2026 1:20,963.867,964.674,962.391,964.345
3/24/2026 1:10,967.067,967.83,963.917,964.066
3/24/2026 1:00,967.236,968.223,966.728,967.229
3/24/2026 0:50,966.299,967.227,966.17,967.227
3/24/2026 0:40,968.453,969.031,966.319,966.319
3/24/2026 0:30,967.147,968.941,967.016,968.313
3/24/2026 0:20,970.277,970.277,966.808,966.917
3/24/2026 0:10,967.197,970.207,967.197,969.953
3/24/2026 0:00,970.606,970.776,967.057,967.446
3/23/2026 23:50,969.649,971.643,968.752,970.502
3/23/2026 23:40,970.536,971.035,968.652,969.649
3/23/2026 23:30,969.729,970.721,968.872,970.586
3/23/2026 23:20,969.814,971.434,969.201,969.539
3/23/2026 23:10,970.816,971.025,969.071,969.492
3/23/2026 23:00,968.802,971.708,968.214,970.287
3/23/2026 22:50,968.782,968.802,967.256,968.782
3/23/2026 22:40,970.098,970.796,968.572,969.39
3/23/2026 22:30,969.33,972.75,969.051,970.128
3/23/2026 22:20,967.775,970.148,966.444,969.659
3/23/2026 22:10,968.812,969.65,967.057,968.403
3/23/2026 22:00,968.533,970.526,966.748,968.872
3/23/2026 21:50,966.549,969.539,965.452,968.652
3/23/2026 21:40,971.832,973.039,961.604,966.878
3/23/2026 21:30,982.674,983.647,970.836,971.938
3/21/2026 3:50,970.257,971.444,967.595,969.38
3/21/2026 3:40,970.566,971.374,969.48,970.148
3/21/2026 3:30,972.401,972.6,969.948,970.546
3/21/2026 3:20,973.248,973.348,971.125,972.191
3/21/2026 3:10,972.95,973.188,971.803,973.188
3/21/2026 3:00,974.155,974.783,972.53,972.595
3/21/2026 2:50,972.042,974.155,971.678,973.953
3/21/2026 2:40,973.313,973.986,971.962,972.097
3/21/2026 2:30,973.168,973.448,972.022,972.879
3/21/2026 2:20,974.609,974.609,973.057,973.472
3/21/2026 2:10,975.252,975.252,973.874,974.594
3/21/2026 2:00,976.169,976.488,975.182,975.182
3/21/2026 1:50,975.247,976.957,975.192,976.229
3/21/2026 1:40,977.784,977.784,975.195,975.546
3/21/2026 1:30,976.967,977.784,976.279,977.784
3/21/2026 1:20,976.01,977.605,975.661,976.825
3/21/2026 1:10,975.666,976.488,975.272,976.15
3/21/2026 1:00,976.234,976.448,974.454,975.661
3/21/2026 0:50,974.963,976.568,974.589,976.149
3/21/2026 0:40,975.023,975.521,974.255,974.499
3/21/2026 0:30,974.265,975.611,973.647,974.953
3/21/2026 0:20,974.983,975.531,973.587,974.006
3/21/2026 0:10,974.205,975.83,973.728,974.893
3/21/2026 0:00,974.534,974.624,972.849,974.016
3/20/2026 23:50,974.667,974.667,972.63,974.549
3/20/2026 23:40,974.893,975.013,972.959,974.26
3/20/2026 23:30,974.803,976.02,973.976,974.893
3/20/2026 23:20,973.587,975.392,972.919,974.784
3/20/2026 23:10,972.311,974.175,972.311,973.717
3/20/2026 23:00,972.042,973.039,971.066,972.67
3/20/2026 22:50,970.078,972.062,968.742,971.065
3/20/2026 22:40,970.915,971.632,969.36,970.437
3/20/2026 22:30,971.703,972.052,969.43,971.075
3/20/2026 22:20,972.381,973.472,970.646,971.693
3/20/2026 22:10,972.411,974.853,972.112,972.53
3/20/2026 22:00,977.226,977.226,971.872,971.872
3/20/2026 21:50,975.217,977.754,974.066,977.131
3/20/2026 21:40,972.176,976.827,972.102,975.631
3/20/2026 21:30,972.122,977.391,971.095,972.471
3/20/2026 3:50,973.477,973.866,971.543,971.823
3/20/2026 3:40,973.413,974.115,973.009,973.101
3/20/2026 3:30,973.557,974.514,972.68,973.597
3/20/2026 3:20,974.185,974.28,972.849,973.497
3/20/2026 3:10,974.734,975.99,973.268,974.39
3/20/2026 3:00,970.845,976.324,970.845,974.893
3/20/2026 2:50,970.138,972.122,970.128,970.855
3/20/2026 2:40,970.133,970.945,969.081,970.441
3/20/2026 2:30,972.062,972.241,969.799,970.048
3/20/2026 2:20,974.405,974.584,972.052,972.191
3/20/2026 2:10,975.083,975.751,973.909,974.116
3/20/2026 2:00,975.262,975.79,974.275,975.093
3/20/2026 1:50,976.159,977.126,974.853,975.441
3/20/2026 1:40,975.471,976.528,974.654,976.339
3/20/2026 1:30,976.259,976.897,975.232,975.651
3/20/2026 1:20,975.95,976.847,975.661,976.149
3/20/2026 1:10,972.949,976.01,972.7,976.01
3/20/2026 1:00,972.999,973.577,972.829,972.924
3/20/2026 0:50,973.208,973.657,971.668,973.198
3/20/2026 0:40,972.441,973.677,972.241,973.288
3/20/2026 0:30,972.311,973.258,971.354,972.321
3/20/2026 0:20,973.637,974.195,971.105,972.427
3/20/2026 0:10,972.032,974.17,971.234,973.986
3/20/2026 0:00,971.723,972.261,971.244,972.122
3/19/2026 23:50,970.556,971.932,970.058,971.773
3/19/2026 23:40,970.247,971.484,969.44,971.045
3/19/2026 23:30,968.842,970.178,967.79,969.819
3/19/2026 23:20,972.233,972.51,967.466,968.872
3/19/2026 23:10,973.667,974.435,972.042,972.201
3/19/2026 23:00,973.607,974.654,971.596,973.687
3/19/2026 22:50,977.017,977.017,973.383,973.527
3/19/2026 22:40,976.967,978.393,976.419,976.952
3/19/2026 22:30,976.708,978.981,975.78,976.668
3/19/2026 22:20,978.617,979.978,976.648,976.658
3/19/2026 22:10,979.37,980.327,977.037,978.552
3/19/2026 22:00,980.606,981.254,977.406,979.649
3/19/2026 21:50,981.174,983.298,979.76,980.401
3/19/2026 21:40,980.097,982.65,977.934,981.169
3/19/2026 21:30,982.849,985.79,979.06,980.645
3/19/2026 3:50,980.8,981.802,975.172,976.947
3/19/2026 3:40,981.752,982.002,980.237,980.805
3/19/2026 3:30,981.199,982.969,980.975,981.847
3/19/2026 3:20,981.538,982.296,980.975,981.139
3/19/2026 3:10,982.625,982.625,981.264,981.827
3/19/2026 3:00,982.879,983.367,982.46,982.62
3/19/2026 2:50,982.51,983.258,982.131,982.57
3/19/2026 2:40,981.408,983.278,980.815,982.909
3/19/2026 2:30,983.288,983.736,981.378,981.543
3/19/2026 2:20,981.648,983.746,981.603,983.507
3/19/2026 2:10,983.008,983.068,981.274,981.812
3/19/2026 2:00,983.826,984.155,982.675,983.078
3/19/2026 1:50,982.286,983.557,982.141,983.482
3/19/2026 1:40,982.271,982.754,981.633,982.435
3/19/2026 1:30,981.314,983.008,980.765,982.41
3/19/2026 1:20,981.383,981.623,980.805,981.493
3/19/2026 1:10,983.447,983.447,980.556,981.189
3/19/2026 1:00,984.997,985.426,983.507,983.507
3/19/2026 0:50,987.121,987.121,984.813,984.992
3/19/2026 0:40,985.132,987.445,984.843,987.126
3/19/2026 0:30,984.105,985.391,983.995,985.391
3/19/2026 0:20,985.344,985.501,984.354,984.354
3/19/2026 0:10,985.267,986.249,985.032,985.182
3/19/2026 0:00,985.042,985.421,984.384,985.102
3/18/2026 23:50,983.985,985.85,983.697,985.341
3/18/2026 23:40,984.923,984.923,983.557,983.756
3/18/2026 23:30,983.417,985.212,983.158,984.982
3/18/2026 23:20,983.148,983.901,982.51,983.183
3/18/2026 23:10,986.159,986.159,982.64,983.457
3/18/2026 23:00,985.9,986.513,985.112,986.164
3/18/2026 22:50,985.054,985.999,984.634,985.999
3/18/2026 22:40,984.843,986.239,984.504,984.858
3/18/2026 22:30,985.491,985.88,982.909,984.743
3/18/2026 22:20,987.3,987.993,985.381,985.491
3/18/2026 22:10,985.75,987.395,983.961,987.31
3/18/2026 22:00,986.154,986.996,984.025,985.471
3/18/2026 21:50,988.128,989.015,985.321,986.847
3/18/2026 21:40,987.495,990.366,986.822,988.282
3/18/2026 21:30,987.365,990.966,986.089,988.374
3/18/2026 3:50,992.609,993.826,991.941,993.138
3/18/2026 3:40,992.201,992.849,991.732,992.51
3/18/2026 3:30,992.684,992.849,991.981,992.071
3/18/2026 3:20,993.686,993.696,992.594,992.799
3/18/2026 3:10,993.551,994.005,993.088,993.885
3/18/2026 3:00,994.065,994.155,993.427,993.756
3/18/2026 2:50,995.381,995.381,993.761,993.85
3/18/2026 2:40,994.992,995.495,994.553,995.281
3/18/2026 2:30,996.378,996.657,994.713,994.992
3/18/2026 2:20,997.774,997.774,995.436,996.507
3/18/2026 2:10,997.928,998.063,997.504,997.863
3/18/2026 2:00,998.571,998.785,997.026,997.938
3/18/2026 1:50,997.494,998.96,997.425,998.422
3/18/2026 1:40,997.664,997.758,996.866,997.674
3/18/2026 1:30,999.339,999.339,996.747,997.445
3/18/2026 1:20,999.448,999.738,999.212,999.557
3/18/2026 1:10,1000.705,1000.705,999.169,999.758
3/18/2026 1:00,1000.221,1000.954,999.374,1000.874
3/18/2026 0:50,1001.732,1002.36,1000.077,1000.077
3/18/2026 0:40,1001.622,1002.07,1001.383,1001.901
3/18/2026 0:30,1001.203,1002.15,1000.97,1001.951
3/18/2026 0:20,1002.15,1002.509,1001.472,1001.472
3/18/2026 0:10,1001.921,1002.17,1001.373,1001.712
3/18/2026 0:00,1002.549,1002.549,1001.373,1001.652
3/17/2026 23:50,1003.142,1003.646,1002.549,1002.764
3/17/2026 23:40,1003.147,1003.277,1002.469,1002.868
3/17/2026 23:30,1004.623,1004.623,1002.928,1003.147
3/17/2026 23:20,1004.493,1005.036,1003.765,1004.523
3/17/2026 23:10,1004.468,1004.762,1003.905,1004.613
3/17/2026 23:00,1003.586,1004.558,1002.998,1004.463
3/17/2026 22:50,1004.049,1004.224,1002.23,1002.778
3/17/2026 22:40,1002.365,1004.025,1002.365,1004.025
3/17/2026 22:30,1003.197,1004.169,1002.1,1002.365
3/17/2026 22:20,1000.281,1003.578,999.917,1002.719
3/17/2026 22:10,1000.864,1000.924,999.307,1000.286
3/17/2026 22:00,1002.25,1002.479,999.967,1001.642
3/17/2026 21:50,999.937,1002.719,997.504,1002.22
3/17/2026 21:40,999.09,1002.539,997.494,999.728
3/17/2026 21:30,1003.436,1003.436,996.767,998.302
3/17/2026 3:50,999.478,1000.306,997.654,998.701
3/17/2026 3:40,999.792,999.887,997.803,999.274
3/17/2026 3:30,999.718,1000.455,999.279,999.628
3/17/2026 3:20,999.812,1000.203,998.461,999.598
3/17/2026 3:10,1000.296,1000.416,998.471,999.857
3/17/2026 3:00,999.977,1000.519,999.129,999.977
3/17/2026 2:50,998.881,1000.578,998.881,999.747
3/17/2026 2:40,998.232,999.528,997.903,999.307
3/17/2026 2:30,998.581,998.88,997.634,997.953
3/17/2026 2:20,998.686,999.02,998.382,998.586
3/17/2026 2:10,999.169,999.169,997.754,998.546
3/17/2026 2:00,998.432,999.59,998.149,999.21
3/17/2026 1:50,997.225,998.771,997.205,998.103
3/17/2026 1:40,998.399,998.628,997.629,997.629
3/17/2026 1:30,997.724,998.82,997.375,998.591
3/17/2026 1:20,998.337,998.412,997.175,997.574
3/17/2026 1:10,999.419,999.847,997.858,998.182
3/17/2026 1:00,998.362,999.329,997.364,998.98
3/17/2026 0:50,998.785,999.119,998.113,998.113
3/17/2026 0:40,997.994,998.726,997.933,998.726
3/17/2026 0:30,998.771,998.771,997.096,998.113
3/17/2026 0:20,998.52,999.181,997.335,998.761
3/17/2026 0:10,997.44,999.349,996.846,998.681
3/17/2026 0:00,996.198,997.484,995.874,997.315
3/16/2026 23:50,996.567,996.856,995.221,996.074
3/16/2026 23:40,996.429,997.076,995.042,996.552
3/16/2026 23:30,994.683,996.637,994.683,996.527
3/16/2026 23:20,995.047,996.089,994.678,994.791
3/16/2026 23:10,993.526,995.137,992.48,994.813
3/16/2026 23:00,993.666,995.471,993.178,993.895
3/16/2026 22:50,993.098,994.204,992.41,993.797
3/16/2026 22:40,994.484,995.072,993.197,993.811
3/16/2026 22:30,999.608,999.608,994.972,994.972
3/16/2026 22:20,1001.941,1003.735,999.518,999.518
3/16/2026 22:10,1002.848,1002.95,1000.336,1001.637
3/16/2026 22:00,1001.323,1002.938,1000.455,1002.489
3/16/2026 21:50,1003.471,1003.471,1000.326,1001.323
3/16/2026 21:40,1000.635,1004.433,999.957,1003.476
3/16/2026 21:30,1007.434,1009.578,1000.618,1000.929
3/14/2026 3:50,1001.911,1005.759,1001.513,1005.37
3/14/2026 3:40,1002.644,1003.486,1001.662,1001.961
3/14/2026 3:30,1003.795,1004.68,1002.429,1002.704
3/14/2026 3:20,1004.413,1004.413,1002.828,1003.765
3/14/2026 3:10,1004.174,1004.952,1003.811,1004.154
3/14/2026 3:00,1005.54,1005.57,1004.174,1004.428
3/14/2026 2:50,1005.839,1006.318,1005.236,1005.615
3/14/2026 2:40,1005.799,1006.427,1005.301,1006.427
3/14/2026 2:30,1003.441,1005.64,1003.441,1005.64
3/14/2026 2:20,1003.945,1004.483,1002.729,1003.441
3/14/2026 2:10,1004.842,1006.288,1003.735,1004.025
3/14/2026 2:00,1003.057,1006.936,1002.808,1004.942
3/14/2026 1:50,1003.666,1004.443,1002.853,1003.401
3/14/2026 1:40,1004.528,1004.932,1003.656,1003.745
3/14/2026 1:30,1004.937,1004.937,1003.775,1004.528
3/14/2026 1:20,1004.902,1005.43,1004.064,1004.693
3/14/2026 1:10,1005.121,1005.839,1004.563,1004.942
3/14/2026 1:00,1004.653,1005.535,1002.928,1004.872
3/14/2026 0:50,1005.819,1005.839,1004.084,1004.214
3/14/2026 0:40,1005.116,1005.859,1004.493,1005.52
3/14/2026 0:30,1005.709,1006.298,1004.608,1005.271
3/14/2026 0:20,1006.517,1006.661,1005.341,1005.714
3/14/2026 0:10,1008.202,1008.202,1005.699,1006.497
3/14/2026 0:00,1006.293,1008.202,1006.128,1008.202
3/13/2026 23:50,1005.49,1006.579,1004.962,1005.999
3/13/2026 23:40,1004.543,1006.886,1004.174,1004.872
3/13/2026 23:30,1002.629,1005.729,1002.031,1005.231
3/13/2026 23:20,1008.316,1008.63,1002.177,1002.529
3/13/2026 23:10,1008.312,1009.747,1008.287,1008.481
3/13/2026 23:00,1006.786,1008.68,1005.46,1008.471
3/13/2026 22:50,1009.328,1009.428,1007.005,1007.215
3/13/2026 22:40,1007.614,1009.757,1005.979,1009.408
3/13/2026 22:30,1006.592,1009.498,1006.592,1007.893
3/13/2026 22:20,1006.328,1007.424,1005.6,1006.058
3/13/2026 22:10,1006.666,1007.055,1004.074,1006.148
3/13/2026 22:00,1007.683,1009.717,1006.587,1006.587
3/13/2026 21:50,1007.953,1008.93,1005.819,1007.414
3/13/2026 21:40,1006.407,1008.93,1005.979,1007.933
3/13/2026 21:30,1002.848,1007.464,998.96,1006.507
3/13/2026 3:50,1000.017,1002.669,999.478,1000.276
3/13/2026 3:40,1001.926,1002.15,1000.012,1000.027
3/13/2026 3:30,1002.449,1003.157,1001.203,1001.861
3/13/2026 3:20,1002.11,1003.033,1001.552,1002.624
3/13/2026 3:10,1001.741,1002.669,1000.994,1001.697
3/13/2026 3:00,1000.196,1002.649,999.937,1001.831
3/13/2026 2:50,1000.136,1000.595,999.728,1000.396
3/13/2026 2:40,1001.068,1001.243,1000.146,1000.43
3/13/2026 2:30,1000.336,1002.16,1000.336,1001.363
3/13/2026 2:20,1000.675,1000.934,999.708,1000.5
3/13/2026 2:10,1001.861,1002.499,1000.525,1000.68
3/13/2026 2:00,1002.041,1003.092,1001.133,1002.1
3/13/2026 1:50,1000.114,1001.971,1000.114,1001.971
3/13/2026 1:40,1000.665,1001.323,999.927,1000.455
3/13/2026 1:30,998.422,1000.854,997.943,1000.356
3/13/2026 1:20,995.989,998.232,995.76,998.232
3/13/2026 1:10,995.391,996.776,995.321,996.436
3/13/2026 1:00,997.165,997.963,994.982,995.266
3/13/2026 0:50,996.846,997.435,996.148,997.165
3/13/2026 0:40,998.501,999.01,995.949,996.717
3/13/2026 0:30,996.906,998.91,996.198,998.496
3/13/2026 0:20,999.01,1000.186,996.468,997.385
3/13/2026 0:10,996.747,1000.007,996.607,999.025
3/13/2026 0:00,996.906,998.402,996.587,997.066
3/12/2026 23:50,996.926,997.036,995.171,996.846
3/12/2026 23:40,996.418,997.435,995.55,996.717
3/12/2026 23:30,995.555,997.514,994.912,996.458
3/12/2026 23:20,995.54,996.468,994.952,995.341
3/12/2026 23:10,994.394,996.492,994.135,995.69
3/12/2026 23:00,991.268,994.304,990.845,994.055
3/12/2026 22:50,990.67,992.36,989.299,991.268
3/12/2026 22:40,988.213,991.483,988.193,990.546
3/12/2026 22:30,984.663,988.482,984.305,988.482
3/12/2026 22:20,987.006,987.625,984.663,984.663
3/12/2026 22:10,988.736,990.426,986.996,987.395
3/12/2026 22:00,990.954,990.954,987.505,988.95
3/12/2026 21:50,986.712,992.061,986.712,991.024
3/12/2026 21:40,986.727,987.096,983.138,986.558
3/12/2026 21:30,985.611,987.814,981.015,986.199
3/12/2026 3:50,987.348,990.316,987.026,989.136
3/12/2026 3:40,987.515,988.701,986.363,987.276
3/12/2026 3:30,987.086,987.774,986.907,987.385
3/12/2026 3:20,987.385,987.385,986.498,987.086
3/12/2026 3:10,987.445,988.133,987.076,987.495
3/12/2026 3:00,988.113,988.113,986.897,987.609
3/12/2026 2:50,987.345,988.312,986.996,988.103
3/12/2026 2:40,988.213,988.92,986.927,987.295
3/12/2026 2:30,990.396,990.536,987.993,988.218
3/12/2026 2:20,990.715,991.223,989.409,990.162
3/12/2026 2:10,989.04,990.805,988.552,990.685
3/12/2026 2:00,989.668,991.268,988.806,988.806
3/12/2026 1:50,989.24,990.526,989.04,989.424
3/12/2026 1:40,988.806,989.693,987.824,989.04
3/12/2026 1:30,991.134,991.383,987.993,988.841
3/12/2026 1:20,991.413,991.478,990.595,990.984
3/12/2026 1:10,992.37,992.42,990.875,991.243
3/12/2026 1:00,992.48,993.018,991.926,992.22
3/12/2026 0:50,992.649,993.153,991.542,992.205
3/12/2026 0:40,994.125,994.364,992.322,992.48
3/12/2026 0:30,991.412,994.01,991.293,993.975
3/12/2026 0:20,989.878,991.981,989.878,991.54
3/12/2026 0:10,987.943,990.446,987.684,990.293
3/12/2026 0:00,988.871,988.871,987.006,988.243
3/11/2026 23:50,988.123,990.261,988.123,988.97
3/11/2026 23:40,989.439,989.439,987.993,988.123
3/11/2026 23:30,988.392,989.469,987.485,989.439
3/11/2026 23:20,988.238,989.748,987.495,987.943
3/11/2026 23:10,988.821,988.95,987.495,988.238
3/11/2026 23:00,987.614,988.776,986.996,988.701
3/11/2026 22:50,987.834,988.502,986.478,987.604
3/11/2026 22:40,986.801,989.01,986.109,988.153
3/11/2026 22:30,988.053,988.053,984.893,986.737
3/11/2026 22:20,991.104,991.981,987.285,988.053
3/11/2026 22:10,991.104,992.041,989.419,990.936
3/11/2026 22:00,991.443,993.477,990.486,990.745
3/11/2026 21:50,990.162,992.4,988.173,991.911
3/11/2026 21:40,991.074,992.5,988.99,990.645
3/11/2026 21:30,993.297,994.025,988.522,991.926
3/11/2026 3:50,996.752,996.782,993.247,994.334
3/11/2026 3:40,995.71,997.155,994.723,996.966
3/11/2026 3:30,995.351,995.929,994.304,995.58
3/11/2026 3:20,997.375,997.773,995.201,995.231
3/11/2026 3:10,997.016,997.943,996.487,997.375
3/11/2026 3:00,996.846,998.073,996.846,997.37
3/11/2026 2:50,998.641,999.438,996.632,997.076
3/11/2026 2:40,999.02,999.28,997.724,998.646
3/11/2026 2:30,1000.685,1001.383,999.199,999.344
3/11/2026 2:20,998.481,1001.881,998.471,1000.784
3/11/2026 2:10,1002.63,1002.913,998.521,998.8
3/11/2026 2:00,1003.855,1003.855,1002.469,1003.167
3/11/2026 1:50,1003.327,1004.863,1003.028,1003.307
3/11/2026 1:40,1004.742,1004.817,1002.24,1003.287
3/11/2026 1:30,1005.964,1005.964,1003.516,1004.613
3/11/2026 1:20,1006.367,1007.035,1004.663,1005.949
3/11/2026 1:10,1004.907,1006.786,1004.044,1006.318
3/11/2026 1:00,1004.124,1005.39,1003.666,1005.051
3/11/2026 0:50,1002.908,1005.321,1002.758,1004.124
3/11/2026 0:40,1002.409,1003.571,1001.064,1002.908
3/11/2026 0:30,1002.315,1003.775,1001.951,1002.868
3/11/2026 0:20,1001.502,1003.566,1001.183,1002.31
3/11/2026 0:10,1002.37,1002.499,1000.057,1001.863
3/11/2026 0:00,1001.183,1003.426,1000.695,1002.577
3/10/2026 23:50,1001.363,1001.951,1000.465,1001.323
3/10/2026 23:40,1000.7,1001.951,1000.675,1001.348
3/10/2026 23:30,1001.412,1002.25,999.777,1000.794
3/10/2026 23:20,1000.296,1002.001,999.887,1001.791
3/10/2026 23:10,1000.929,1000.929,998.641,1000.136
3/10/2026 23:00,998.731,1001.602,998.594,1001.173
3/10/2026 22:50,999.119,999.548,997.744,998.681
3/10/2026 22:40,997.335,999.1,995.969,998.845
3/10/2026 22:30,1000.322,1001.067,996.398,997.464
3/10/2026 22:20,1001.022,1002.32,999.095,1000.6
3/10/2026 22:10,1002.26,1004.636,998.571,1000.266
3/10/2026 22:00,997.096,1002.669,995.839,1002.265
3/10/2026 21:50,994.513,998.87,993.337,997.734
3/10/2026 21:40,996.787,999.244,993.188,994.454
3/10/2026 21:30,997.464,999.469,992.978,996.305
3/10/2026 3:50,1002.429,1004.354,1000.954,1002.25
3/10/2026 3:40,1002.863,1003.571,1002.21,1002.679
3/10/2026 3:30,1001.612,1003.347,999.887,1002.938
3/10/2026 3:20,999.618,1002.001,999.339,1001.52
3/10/2026 3:10,998.531,1000.145,997.719,1000.145
3/10/2026 3:00,998.392,999.488,997.953,998.606
3/10/2026 2:50,998.372,999.279,997.943,998.377
3/10/2026 2:40,997.265,998.8,996.941,998.382
3/10/2026 2:30,997.205,998.282,996.886,997.23
3/10/2026 2:20,997.195,998.182,996.288,997.27
3/10/2026 2:10,998.935,999.618,996.916,997.25
3/10/2026 2:00,999.708,1000.701,998.801,999.309
3/10/2026 1:50,998.905,1000.804,998.905,999.359
3/10/2026 1:40,1000.007,1000.535,999.124,999.124
3/10/2026 1:30,999.598,1000.396,998.96,1000.082
3/10/2026 1:20,999.068,1001.123,998.97,999.807
3/10/2026 1:10,1000.57,1000.57,998.503,999.229
3/10/2026 1:00,999.678,1000.844,997.255,1000.411
3/10/2026 0:50,999.937,1001.482,998.302,999.329
3/10/2026 0:40,998.79,1000.365,998.393,1000.306
3/10/2026 0:30,997.863,1000.206,997.604,998.572
3/10/2026 0:20,997.789,1000.027,996.966,998.142
3/10/2026 0:10,998.99,999.528,997.215,997.774
3/10/2026 0:00,998.162,999.299,996.737,999.299
3/9/2026 23:50,999.329,1000.236,998.008,998.162
3/9/2026 23:40,995.814,1001.253,995.81,998.711
3/9/2026 23:30,999.349,1000.764,995.59,996.308
3/9/2026 23:20,1000.605,1000.954,995.949,999.349
3/9/2026 23:10,998.96,1002.16,998.671,1000.824
3/9/2026 23:00,990.645,998.96,990.197,998.96
3/9/2026 22:50,993.726,994.244,989.549,990.595
3/9/2026 22:40,989.549,994.404,986.598,993.915
3/9/2026 22:30,989.065,991.463,988.153,989.708
3/9/2026 22:20,988.552,990.236,987.455,989.648
3/9/2026 22:10,987.086,988.94,984.992,988.527
3/9/2026 22:00,991.203,992.29,985.999,987.774
3/9/2026 21:50,994.932,996.607,989.678,991.383
3/9/2026 21:40,994.135,999.941,991.203,995.715
3/9/2026 21:30,996.597,1002.948,992.48,994.454
3/7/2026 4:50,994.713,996.547,993.168,995.072
3/7/2026 4:40,996.368,997.325,994.743,994.743
3/7/2026 4:30,994.264,996.747,993.427,996.562
3/7/2026 4:20,994.962,995.969,994.219,994.464
3/7/2026 4:10,996.059,996.617,994.474,994.763
3/7/2026 4:00,998.048,998.392,995.271,996.129
3/7/2026 3:50,997.016,998.132,996.886,997.913
3/7/2026 3:40,997.52,998.701,996.623,997.2
3/7/2026 3:30,996.512,998.103,996.248,997.784
3/7/2026 3:20,995.757,996.836,994.992,996.512
3/7/2026 3:10,996.807,996.926,994.832,995.73
3/7/2026 3:00,996.168,996.946,994.768,996.767
3/7/2026 2:50,996.129,998.227,995.55,996.428
3/7/2026 2:40,995.401,996.064,994.454,995.909
3/7/2026 2:30,995.421,995.81,994.424,995.461
3/7/2026 2:20,999.458,999.458,995.58,995.58
3/7/2026 2:10,996.158,999.359,996.089,999.271
3/7/2026 2:00,995.002,997.435,994.972,996.433
3/7/2026 1:50,993.975,995.56,993.561,995.007
3/7/2026 1:40,992.569,993.975,991.832,993.571
3/7/2026 1:30,992.619,993.507,991.552,991.662
3/7/2026 1:20,993.806,994.733,992.37,992.624
3/7/2026 1:10,992.166,993.222,989.987,993.222
3/7/2026 1:00,993.816,994.683,991.224,991.991
3/7/2026 0:50,994.972,995.959,993.566,994.341
3/7/2026 0:40,993.088,995.251,992.569,994.504
3/7/2026 0:30,994.399,996.588,992.41,993.108
3/7/2026 0:20,995.461,996.577,993.377,995.61
3/7/2026 0:10,993.686,995.79,992.978,995.371
3/7/2026 0:00,993.576,995.221,992.779,994.165
3/6/2026 23:50,989.987,994.773,988.801,993.666
3/6/2026 23:40,992.958,993.158,989.2,989.917
3/6/2026 23:30,993.387,994.414,991.124,992.679
3/6/2026 23:20,986.976,993.975,986.378,993.646
3/6/2026 23:10,981.837,987.206,980.715,986.558
3/6/2026 23:00,985.032,987.834,981.164,982.296
3/6/2026 22:50,985.122,986.179,977.027,985.321
3/6/2026 22:40,981.868,986.996,977.465,985.68
3/6/2026 22:30,964.071,982.839,957.546,980.511
3/6/2026 4:50,981.074,982.46,976.668,979.589
3/6/2026 4:40,978.273,981.443,978.193,981.443
3/6/2026 4:30,979.469,980.486,978.024,978.373
3/6/2026 4:20,978.702,981.553,978.627,979.679
3/6/2026 4:10,978.044,979.12,977.475,978.582
3/6/2026 4:00,977.884,979.758,977.246,977.944
3/6/2026 3:50,980.018,980.735,977.844,977.984
3/6/2026 3:40,977.346,979.998,977.346,979.679
3/6/2026 3:30,976.837,977.459,975.98,977.346
3/6/2026 3:20,977.007,978.193,976.488,976.969
3/6/2026 3:10,977.545,978.024,976.199,977.017
3/6/2026 3:00,978.243,978.592,977.336,977.505
3/6/2026 2:50,979.499,979.928,976.937,978.333
3/6/2026 2:40,978.422,981.015,978.193,979.559
3/6/2026 2:30,980.317,980.471,977.396,978.293
3/6/2026 2:20,978.612,980.571,978.323,979.519
3/6/2026 2:10,978.771,980.038,978.522,978.602
3/6/2026 2:00,981.179,981.478,978.632,978.831
3/6/2026 1:50,980.995,981.872,979.824,981.179
3/6/2026 1:40,980.396,982.012,979.34,980.646
3/6/2026 1:30,978.951,981.413,978.462,980.347
3/6/2026 1:20,979.001,979.251,976.817,978.821
3/6/2026 1:10,978.692,979.808,978.273,978.363
3/6/2026 1:00,979.509,981.122,978.542,979.011
3/6/2026 0:50,980.765,980.765,978.293,979.798
3/6/2026 0:40,976.743,980.725,976.743,980.496
3/6/2026 0:30,978.447,978.911,975.84,977.037
3/6/2026 0:20,978.323,979.16,977.695,978.363
3/6/2026 0:10,980.416,980.765,977.575,977.575
3/6/2026 0:00,981.608,981.772,977.216,980.267
3/5/2026 23:50,980.735,982.56,980.735,981.553
3/5/2026 23:40,983.023,984.763,980.735,981.832
3/5/2026 23:30,981.084,984.005,979.958,983.098
3/5/2026 23:20,981.897,983.078,980.466,981.329
3/5/2026 23:10,987.804,988.073,980.431,981.124
3/5/2026 23:00,988.099,990.575,986.996,987.684
3/5/2026 22:50,990.536,990.984,985.012,988.442
3/5/2026 22:40,992.5,996.218,988.99,991.772
3/5/2026 22:30,993.477,994.972,987.295,992.376
3/5/2026 4:50,1004.005,1004.583,1002.549,1003.686
3/5/2026 4:40,1004.264,1004.884,1003.745,1004.304
3/5/2026 4:30,1004.503,1005.021,1003.905,1004.064
3/5/2026 4:20,1004.613,1004.792,1003.117,1004.732
3/5/2026 4:10,1005.118,1005.286,1004.005,1004.573
3/5/2026 4:00,1004.373,1005.934,1004.354,1005.116
3/5/2026 3:50,1006.457,1006.726,1003.646,1004.094
3/5/2026 3:40,1006.919,1007.329,1006.028,1006.527
3/5/2026 3:30,1005.296,1006.617,1005.296,1006.617
3/5/2026 3:20,1006.916,1007.763,1005.017,1005.041
3/5/2026 3:10,1006.731,1006.9,1006.078,1006.666
3/5/2026 3:00,1007.344,1007.344,1006.013,1006.731
3/5/2026 2:50,1009.199,1009.667,1007.105,1007.384
3/5/2026 2:40,1010.28,1010.654,1008.72,1009.204
3/5/2026 2:30,1008.471,1010.924,1007.557,1010.31
3/5/2026 2:20,1006.527,1008.964,1006.357,1008.481
3/5/2026 2:10,1005.828,1006.666,1005.809,1006.492
3/5/2026 2:00,1005.131,1007.195,1005.091,1005.969
3/5/2026 1:50,1005.236,1006.362,1004.698,1005.64
3/5/2026 1:40,1006.751,1006.956,1005.081,1005.146
3/5/2026 1:30,1007.105,1008.401,1006.278,1006.751
3/5/2026 1:20,1006.248,1007.075,1005.925,1006.906
3/5/2026 1:10,1008.556,1008.68,1006.447,1006.876
3/5/2026 1:00,1008.8,1009.722,1008.002,1008.556
3/5/2026 0:50,1008.85,1009.009,1007.195,1009.009
3/5/2026 0:40,1007.903,1009.488,1007.544,1008.511
3/5/2026 0:30,1006.966,1008.81,1006.617,1007.783
3/5/2026 0:20,1006.472,1007.953,1005.141,1006.971
3/5/2026 0:10,1006.936,1008.262,1005.809,1006.592
3/5/2026 0:00,1002.903,1006.936,1002.903,1006.507
3/4/2026 23:50,1002.11,1003.526,1001.482,1003.526
3/4/2026 23:40,999.887,1003.681,999.229,1002.564
3/4/2026 23:30,1001.477,1002.449,999.568,999.733
3/4/2026 23:20,1000.027,1001.462,999.389,1000.635
3/4/2026 23:10,1000.535,1001.442,997.474,1000.126
3/4/2026 23:00,996.946,1000.116,994.423,1000.116
3/4/2026 22:50,999.872,1000.156,995.102,996.946
3/4/2026 22:40,1001.153,1002.431,993.975,999.997
3/4/2026 22:30,1001.951,1008.466,997.594,1001.33
3/4/2026 4:50,1004.169,1005.664,1003.122,1004.712
3/4/2026 4:40,1006.278,1006.417,1003.581,1004.194
3/4/2026 4:30,1005.954,1007.404,1005.689,1006.158
3/4/2026 4:20,1009.119,1009.169,1005.311,1006.058
3/4/2026 4:10,1010.036,1010.415,1008.727,1008.989
3/4/2026 4:00,1010.036,1010.405,1008.95,1010.066
3/4/2026 3:50,1009.438,1010.364,1008.531,1010.226
3/4/2026 3:40,1008.71,1010.7,1008.71,1009.777
3/4/2026 3:30,1007.933,1009.418,1005.141,1008.511
3/4/2026 3:20,1008.601,1009.229,1007.843,1008.551
3/4/2026 3:10,1010.271,1010.661,1007.414,1008.591
3/4/2026 3:00,1011.382,1012.379,1009.922,1010.243
3/4/2026 2:50,1009.149,1012.668,1009.149,1011.482
3/4/2026 2:40,1005.759,1009.338,1005.63,1009.3
3/4/2026 2:30,1005.669,1006.564,1005.131,1005.819
3/4/2026 2:20,1005.031,1006.457,1004.463,1005.68
3/4/2026 2:10,1005.699,1006.567,1004.244,1004.653
3/4/2026 2:00,1004.942,1006.816,1004.782,1005.131
3/4/2026 1:50,1005.091,1005.605,1002.978,1004.782
3/4/2026 1:40,1001.841,1005.395,1001.811,1004.852
3/4/2026 1:30,1002.34,1002.738,1000.057,1001.507
3/4/2026 1:20,1001.163,1002.948,1001.163,1002.729
3/4/2026 1:10,1000.286,1001.951,999.701,1001.034
3/4/2026 1:00,1001.732,1003.297,998.88,999.937
3/4/2026 0:50,1001.502,1002.948,1001.213,1001.891
3/4/2026 0:40,1001.741,1003.107,1000.555,1001.512
3/4/2026 0:30,999.747,1002.29,997.594,1001.741
3/4/2026 0:20,1000.774,1002.185,998.96,999.738
3/4/2026 0:10,1001.054,1002.699,1000.271,1000.794
3/4/2026 0:00,1000.949,1002.714,998.621,1001.547
3/3/2026 23:50,998.873,1002.898,997.594,1000.949
3/3/2026 23:40,1002.609,1002.788,997.595,998.965
3/3/2026 23:30,1004.892,1005.236,1001.343,1002.001
3/3/2026 23:20,1001.343,1005.291,999.199,1004.538
3/3/2026 23:10,1001.253,1005.36,1000.974,1001.44
3/3/2026 23:00,1005.949,1010.614,1000.974,1001.572
3/3/2026 22:50,1003.885,1008.979,1003.516,1006.088
3/3/2026 22:40,1009.792,1011.013,1001.672,1003.122
3/3/2026 22:30,999.498,1011.302,999.1,1009.79
3/3/2026 4:50,1002.14,1002.429,999.448,999.728
3/3/2026 4:40,1003.047,1003.456,1002.051,1002.28
3/3/2026 4:30,1001.687,1003.207,1000.994,1003.018
3/3/2026 4:20,1001.781,1002.08,1000.73,1001.687
3/3/2026 4:10,1001.951,1003.636,1001.064,1001.986
3/3/2026 4:00,1004.154,1004.762,1001.971,1001.971
3/3/2026 3:50,1003.895,1004.882,1003.486,1004.104
3/3/2026 3:40,1004.393,1004.852,1003.735,1003.735
3/3/2026 3:30,1004.03,1005.291,1003.013,1004.243
3/3/2026 3:20,1003.446,1004.035,1002.449,1004.03
3/3/2026 3:10,1002.918,1004.015,1001.891,1003.092
3/3/2026 3:00,1000.575,1002.958,1000.366,1002.918
3/3/2026 2:50,1002.948,1002.968,1000.715,1000.964
3/3/2026 2:40,1003.113,1003.197,1001.195,1002.649
3/3/2026 2:30,1004.558,1004.674,1002.122,1002.808
3/3/2026 2:20,1004.074,1005.241,1003.038,1004.618
3/3/2026 2:10,1005.724,1005.929,1003.995,1004.074
3/3/2026 2:00,1006.746,1007.235,1005.51,1005.699
3/3/2026 1:50,1006.397,1007.424,1006.046,1006.916
3/3/2026 1:40,1006.048,1007.953,1006.048,1006.427
3/3/2026 1:30,1005.261,1005.979,1004.643,1005.764
3/3/2026 1:20,1006.517,1006.766,1005.031,1005.266
3/3/2026 1:10,1006.617,1007.394,1005.819,1006.766
3/3/2026 1:00,1006.587,1008.067,1005.939,1006.607
3/3/2026 0:50,1005.43,1006.916,1004.573,1006.706
3/3/2026 0:40,1003.481,1006.816,1003.396,1005.181
3/3/2026 0:30,1003.347,1004.351,1002.31,1003.481
3/3/2026 0:20,1003.835,1006.048,1003.097,1003.097
3/3/2026 0:10,1005.949,1006.048,1002.848,1003.83
3/3/2026 0:00,1005.684,1006.288,1004.418,1006.198
3/2/2026 23:50,1006.2,1006.796,1004.331,1005.869
3/2/2026 23:40,1008.187,1009.249,1005.398,1006.377
3/2/2026 23:30,1007.823,1009.468,1005.979,1008.187
3/2/2026 23:20,1005.924,1008.7,1004.663,1007.783
3/2/2026 23:10,1008.092,1008.71,1004.942,1005.605
3/2/2026 23:00,1003.935,1009.398,1002.639,1008.601
3/2/2026 22:50,1005.176,1006.706,1001.253,1003.935
3/2/2026 22:40,1007.848,1012.917,1005.151,1005.196
3/2/2026 22:30,1007.843,1017.723,1007.175,1008.135
2/28/2026 4:50,1003.905,1011.113,1001.602,1008.1
2/28/2026 4:40,995.829,1003.945,995.391,1003.735
2/28/2026 4:30,998.122,998.262,995.391,996.069
2/28/2026 4:20,998.397,999.04,997.742,998.222
2/28/2026 4:10,996.019,998.422,995.944,998.402
2/28/2026 4:00,996.218,996.617,995.68,995.969
2/28/2026 3:50,995.65,996.318,994.799,995.989
2/28/2026 3:40,997.375,997.803,995.672,995.672
2/28/2026 3:30,997.719,997.754,996.537,997.375
2/28/2026 3:20,999.269,999.967,997.714,997.873
2/28/2026 3:10,1000.293,1000.824,999.405,999.548
2/28/2026 3:00,999.738,1000.799,999.463,1000.421
2/28/2026 2:50,998.377,1000.286,997.734,1000.007
2/28/2026 2:40,998.068,998.88,997.893,998.367
2/28/2026 2:30,998.89,999.06,997.44,998.172
2/28/2026 2:20,998.571,998.96,998.133,998.751
2/28/2026 2:10,996.966,998.731,996.946,998.731
2/28/2026 2:00,996.946,997.365,995.919,996.25
2/28/2026 1:50,995.949,997.275,995.725,997.016
2/28/2026 1:40,997.589,997.589,995.555,995.67
2/28/2026 1:30,998.083,998.451,996.757,997.759
2/28/2026 1:20,998.771,999.081,998.262,998.427
2/28/2026 1:10,999.792,1000.585,997.963,998.92
2/28/2026 1:00,997.554,999.957,997.375,999.867
2/28/2026 0:50,999.428,1000.525,997.195,997.584
2/28/2026 0:40,998.088,999.777,997.758,999.409
2/28/2026 0:30,992.36,998.297,992.101,998.088
2/28/2026 0:20,993.377,994.439,991.981,992.33
2/28/2026 0:10,992.5,993.87,992.47,993.217
2/28/2026 0:00,990.984,993.407,990.785,992.978
2/27/2026 23:50,990.177,990.984,989.339,990.914
2/27/2026 23:40,990.466,991.313,989.678,989.818
2/27/2026 23:30,991.024,991.981,989.987,990.471
2/27/2026 23:20,989.578,992.395,989.419,990.755
2/27/2026 23:10,988.272,989.698,986.578,989.489
2/27/2026 23:00,991.797,991.931,987.874,988.143
2/27/2026 22:50,990.904,992.47,987.809,991.797
2/27/2026 22:40,991.792,994.165,988.871,990.7
2/27/2026 22:30,987.525,994.573,987.315,991.792
,,,,
,,,,
,,,,
,,,,
,,,,
,,,,
,,,,
,,,,
,,,,
,,,,
,,,,
,,,,
,,,,
,,,,
,,,,
,,,,
,,,,
,,,,
,,,,
,,,,
,,,,
,,,,
,,,,
,,,,
,,,,
,,,,
,,,,
,,,,
,,,,
,,,,
,,,,
,,,,
,,,,
,,,,
,,,,
,,,,
,,,,
,,,,
,,,,
,,,,
,,,,
,,,,
,,,,
,,,,
,,,,
,,,,
,,,,
,,,,
,,,,
,,,,
,,,,
,,,,
,,,,
,,,,
,,,,
,,,,
,,,,
,,,,
,,,,
,,,,
,,,,
,,,,
,,,,
,,,,
,,,,
,,,,
,,,,
,,,,
,,,,
,,,,
,,,,
,,,,
,,,,
,,,,
,,,,
,,,,
,,,,
,,,,
,,,,
,,,,
,,,,
,,,,
,,,,
,,,,
,,,,
,,,,
,,,,
,,,,
,,,,
,,,,
,,,,
,,,,
,,,,
,,,,
,,,,
,,,,
,,,,
,,,,
,,,,
,,,,
,,,,
,,,,
,,,,
,,,,
,,,,
,,,,
,,,,
,,,,
,,,,
,,,,
,,,,
,,,,
,,,,
,,,,
,,,,
,,,,
,,,,
,,,,
,,,,
,,,,
,,,,
,,,,
,,,,
,,,,
,,,,
,,,,
,,,,
,,,,
,,,,
,,,,
,,,,
,,,,
,,,,
,,,,
,,,,
,,,,
,,,,
,,,,
,,,,
,,,,
,,,,
,,,,
,,,,
,,,,
,,,,
,,,,
,,,,
,,,,
,,,,
,,,,
,,,,
,,,,
,,,,
,,,,
,,,,
,,,,
,,,,
,,,,
,,,,
,,,,
,,,,
,,,,
,,,,
,,,,
,,,,
,,,,
,,,,
,,,,
,,,,
,,,,
,,,,
,,,,
,,,,
,,,,
,,,,
,,,,
,,,,
,,,,
,,,,
,,,,
,,,,
,,,,
,,,,
,,,,
,,,,
,,,,
,,,,
,,,,
,,,,
,,,,
,,,,
,,,,
,,,,
,,,,
,,,,
,,,,
,,,,
,,,,
,,,,
,,,,
,,,,
,,,,
,,,,
,,,,
,,,,
,,,,
,,,,
,,,,
,,,,
,,,,
,,,,
,,,,
,,,,
,,,,
,,,,
,,,,
,,,,
,,,,
,,,,
,,,,
,,,,
,,,,
,,,,
,,,,
,,,,
,,,,
,,,,
,,,,
,,,,
,,,,
,,,,
,,,,
,,,,
,,,,
,,,,
,,,,
,,,,
,,,,
,,,,
,,,,
,,,,
,,,,
,,,,
,,,,
,,,,
,,,,
,,,,
,,,,
,,,,
,,,,
,,,,
,,,,
,,,,
,,,,
,,,,
,,,,
,,,,
,,,,
,,,,
,,,,
,,,,
,,,,
,,,,
,,,,
,,,,
,,,,
,,,,
,,,,
,,,,
,,,,
,,,,
,,,,
,,,,
,,,,
,,,,
,,,,
,,,,
,,,,
,,,,
,,,,
,,,,
,,,,
,,,,
,,,,
,,,,
,,,,
,,,,
,,,,
,,,,
,,,,
,,,,
,,,,
,,,,
,,,,
,,,,
,,,,
,,,,
,,,,
,,,,
,,,,
,,,,
,,,,
,,,,
,,,,
,,,,
,,,,
,,,,
,,,,
,,,,
,,,,
,,,,
,,,,
,,,,
,,,,
,,,,
,,,,
,,,,
,,,,
