8/18/2026 4:10,7745.06,7745.06,7745.06,7745.06
8/18/2026 4:00,7745.87,7745.87,7745.05,7745.06
8/18/2026 3:50,7752.84,7752.95,7744.88,7746.21
8/18/2026 3:40,7750.04,7753.14,7748.25,7753.14
8/18/2026 3:30,7751.59,7751.97,7748.01,7750.41
8/18/2026 3:20,7754.39,7754.87,7751.61,7751.61
8/18/2026 3:10,7753.33,7755.6,7752.22,7754.36
8/18/2026 3:00,7755.91,7756.24,7752.94,7753.46
8/18/2026 2:50,7757.86,7758.82,7755.57,7755.93
8/18/2026 2:40,7755.57,7758.38,7755.29,7757.84
8/18/2026 2:30,7756.52,7756.95,7753.15,7755.76
8/18/2026 2:20,7756.29,7758.55,7754.7,7756.47
8/18/2026 2:10,7753.95,7758.18,7753.94,7756.38
8/18/2026 2:00,7754.55,7756.43,7753.63,7754.12
8/18/2026 1:50,7755.59,7756.89,7753.93,7754.59
8/18/2026 1:40,7752.12,7758.69,7751.83,7755.65
8/18/2026 1:30,7756.36,7758.99,7752.25,7752.25
8/18/2026 1:20,7762.61,7763.72,7755.51,7756.28
8/18/2026 1:10,7766.41,7766.7,7761.57,7762.68
8/18/2026 1:00,7767.44,7768.11,7765.51,7766.39
8/18/2026 0:50,7770.7,7770.79,7767,7767.84
8/18/2026 0:40,7773.1,7773.1,7769.06,7770.75
8/18/2026 0:30,7773.34,7774.4,7771.26,7773.07
8/18/2026 0:20,7775.97,7776.53,7772.61,7773.42
8/18/2026 0:10,7772.03,7776.35,7772.03,7775.87
8/18/2026 0:00,7774.23,7774.67,7771.28,7772.03
8/17/2026 23:50,7771.98,7775.47,7771.5,7774.26
8/17/2026 23:40,7770.38,7773.08,7768.23,7771.99
8/17/2026 23:30,7778.19,7778.6,7770.22,7770.42
8/17/2026 23:20,7777.72,7779.28,7776.4,7777.98
8/17/2026 23:10,7774.33,7778.29,7774.07,7777.87
8/17/2026 23:00,7773.62,7776.91,7772.78,7774.02
8/17/2026 22:50,7773.47,7774.85,7769.75,7773.62
8/17/2026 22:40,7770.96,7774.14,7770.77,7773.29
8/17/2026 22:30,7774.81,7776.71,7770.22,7771.05
8/17/2026 22:20,7774.23,7774.58,7771.01,7774.58
8/17/2026 22:10,7775.52,7778.66,7773.14,7774.09
8/17/2026 22:00,7774.68,7776.55,7771.33,7775.63
8/17/2026 21:50,7780.29,7781.04,7772.89,7775.33
8/17/2026 21:40,7774.63,7781,7772.59,7780.39
8/17/2026 21:30,7790.68,7790.68,7774.27,7774.74
8/15/2026 4:10,7785.76,7785.76,7785.76,7785.76
8/15/2026 4:00,7785.58,7785.76,7785.58,7785.76
8/15/2026 3:50,7784.61,7786.18,7781.06,7786.04
8/15/2026 3:40,7783.12,7784.54,7781.18,7783.9
8/15/2026 3:30,7783.51,7784.61,7781.5,7783.1
8/15/2026 3:20,7781.85,7785.18,7780.89,7783.36
8/15/2026 3:10,7783.11,7783.19,7780.75,7781.83
8/15/2026 3:00,7783.51,7783.71,7781.16,7783.04
8/15/2026 2:50,7784.1,7786.45,7783.15,7783.42
8/15/2026 2:40,7781.6,7784.06,7781.26,7783.89
8/15/2026 2:30,7780.93,7782.47,7779.9,7781.58
8/15/2026 2:20,7783.56,7784.43,7780.52,7780.88
8/15/2026 2:10,7782.84,7784.67,7782.32,7783.59
8/15/2026 2:00,7780.34,7783,7778.88,7782.84
8/15/2026 1:50,7777.64,7780.75,7776.34,7780.04
8/15/2026 1:40,7777.02,7778.83,7776.49,7777.72
8/15/2026 1:30,7779.22,7781.13,7776.31,7777.48
8/15/2026 1:20,7781.25,7782.56,7778.03,7779.12
8/15/2026 1:10,7780.21,7782.37,7779.58,7781.31
8/15/2026 1:00,7778.36,7781.02,7778.36,7780.15
8/15/2026 0:50,7782.82,7782.82,7778.1,7778.42
8/15/2026 0:40,7786.5,7786.55,7781.58,7782.89
8/15/2026 0:30,7788.56,7788.71,7784.59,7786.56
8/15/2026 0:20,7787.46,7789.62,7786.29,7788.64
8/15/2026 0:10,7783.76,7789.02,7783.28,7787.56
8/15/2026 0:00,7784.07,7787.09,7782.63,7783.72
8/14/2026 23:50,7780.62,7784.98,7779.9,7783.8
8/14/2026 23:40,7782.65,7784.95,7779.99,7780.56
8/14/2026 23:30,7784.48,7786.33,7781.75,7782.6
8/14/2026 23:20,7787.3,7788.14,7780.08,7784.3
8/14/2026 23:10,7787.96,7789.07,7785.74,7787.11
8/14/2026 23:00,7789.46,7792.28,7787.69,7787.88
8/14/2026 22:50,7793.71,7795.69,7789.18,7789.18
8/14/2026 22:40,7795.08,7795.62,7791.78,7793.83
8/14/2026 22:30,7795.31,7796.09,7789.78,7795.38
8/14/2026 22:20,7799.76,7800.96,7792.41,7795.49
8/14/2026 22:10,7806.92,7808.49,7799.68,7799.68
8/14/2026 22:00,7806.12,7810.01,7804.74,7807.01
8/14/2026 21:50,7801.09,7808.44,7800.24,7807.04
8/14/2026 21:40,7803.13,7808.12,7799.79,7801.24
8/14/2026 21:30,7806.6,7807.71,7797.81,7802.91
8/14/2026 4:10,7798.99,7798.99,7798.99,7798.99
8/14/2026 4:00,7799.44,7799.44,7798.99,7798.99
8/14/2026 3:50,7799.81,7801.39,7796.26,7799.73
8/14/2026 3:40,7801.82,7802.52,7798.71,7800.33
8/14/2026 3:30,7802.56,7804.86,7799.7,7801.81
8/14/2026 3:20,7804.04,7806.01,7802.31,7802.7
8/14/2026 3:10,7806.13,7806.22,7800.7,7804.17
8/14/2026 3:00,7800.4,7806.92,7800.09,7806.1
8/14/2026 2:50,7800.76,7802.29,7799.58,7800.39
8/14/2026 2:40,7796.96,7801.06,7796.57,7800.76
8/14/2026 2:30,7792.48,7796.77,7792.48,7796.71
8/14/2026 2:20,7791.97,7792.85,7789.84,7792.36
8/14/2026 2:10,7791.08,7794.27,7789.99,7791.98
8/14/2026 2:00,7790.19,7792.95,7790.19,7791.07
8/14/2026 1:50,7791.37,7792.36,7789.73,7790.21
8/14/2026 1:40,7790.73,7792.08,7789.61,7791.36
8/14/2026 1:30,7793.96,7795.27,7789.84,7790.77
8/14/2026 1:20,7796.65,7797.45,7793.92,7794.1
8/14/2026 1:10,7794.92,7796.69,7793.54,7796.69
8/14/2026 1:00,7790.12,7796.41,7790.12,7794.91
8/14/2026 0:50,7789.24,7790.8,7788.78,7789.9
8/14/2026 0:40,7785.81,7789.85,7785.03,7789.36
8/14/2026 0:30,7787.99,7789.67,7785.27,7785.92
8/14/2026 0:20,7781.24,7787.83,7780.44,7787.8
8/14/2026 0:10,7782.86,7784.11,7779.37,7781.29
8/14/2026 0:00,7778.03,7785.46,7777.72,7782.81
8/13/2026 23:50,7782.16,7782.45,7776.92,7777.86
8/13/2026 23:40,7782.02,7786.36,7779.57,7782.4
8/13/2026 23:30,7784.08,7785.75,7779.15,7782.44
8/13/2026 23:20,7794.68,7795.63,7782.35,7784.18
8/13/2026 23:10,7795.57,7796.59,7790.45,7794.86
8/13/2026 23:00,7800.63,7805.09,7793.55,7795.67
8/13/2026 22:50,7800.18,7802.36,7797.37,7800.9
8/13/2026 22:40,7813.74,7814.36,7799.33,7799.72
8/13/2026 22:30,7814.85,7816.7,7811.55,7813.88
8/13/2026 22:20,7809.1,7815.54,7807.35,7814.88
8/13/2026 22:10,7804.83,7809.61,7803.7,7808.97
8/13/2026 22:00,7799.35,7806.86,7797.62,7804.56
8/13/2026 21:50,7792.51,7800.17,7789.91,7799.48
8/13/2026 21:40,7786.76,7793.19,7779.15,7792.4
8/13/2026 21:30,7763.18,7787.16,7763.18,7787.07
8/13/2026 4:10,7748.5,7748.5,7748.5,7748.5
8/13/2026 4:00,7748.52,7748.54,7748.49,7748.5
8/13/2026 3:50,7749.86,7749.86,7742.92,7748.58
8/13/2026 3:40,7751.17,7752.69,7747.98,7751.69
8/13/2026 3:30,7751.96,7752.45,7750.19,7751.2
8/13/2026 3:20,7754.01,7754.28,7750.67,7752.1
8/13/2026 3:10,7754.65,7755.06,7752.81,7754.06
8/13/2026 3:00,7753.29,7756.44,7753.29,7754.72
8/13/2026 2:50,7758.02,7758.93,7753.27,7753.27
8/13/2026 2:40,7756.63,7758.95,7756.46,7757.88
8/13/2026 2:30,7753.34,7757.26,7753.34,7756.64
8/13/2026 2:20,7753.82,7755.4,7752.23,7753.45
8/13/2026 2:10,7751.36,7754.55,7751.36,7753.84
8/13/2026 2:00,7751.14,7752.14,7750.28,7751.33
8/13/2026 1:50,7750.49,7752.64,7749.59,7751.21
8/13/2026 1:40,7751.76,7752.64,7750.33,7750.38
8/13/2026 1:30,7751.26,7753.03,7750.42,7751.62
8/13/2026 1:20,7750.49,7752.66,7749.61,7751.21
8/13/2026 1:10,7752.97,7753.73,7749.12,7750.51
8/13/2026 1:00,7752.17,7755.62,7751.68,7753.2
8/13/2026 0:50,7751.16,7754.86,7751.06,7752.34
8/13/2026 0:40,7750.78,7751.37,7748.65,7751.11
8/13/2026 0:30,7747.39,7750.52,7744.69,7750.52
8/13/2026 0:20,7746.91,7749.12,7746.03,7747.3
8/13/2026 0:10,7746.15,7748.44,7744.31,7746.81
8/13/2026 0:00,7742.53,7746.52,7742.41,7746.1
8/12/2026 23:50,7744.26,7744.48,7741.06,7742.5
8/12/2026 23:40,7739.46,7744.05,7738.08,7744.05
8/12/2026 23:30,7746.16,7746.74,7739.5,7739.64
8/12/2026 23:20,7743.54,7745.81,7740.08,7745.81
8/12/2026 23:10,7743.61,7746.15,7740.66,7743.56
8/12/2026 23:00,7745.12,7745.52,7740,7743.6
8/12/2026 22:50,7748.82,7749.18,7740.96,7744.79
8/12/2026 22:40,7749.74,7753.94,7746.96,7749
8/12/2026 22:30,7750.42,7752.1,7737.95,7749.6
8/12/2026 22:20,7747.52,7755.71,7745,7750.58
8/12/2026 22:10,7747.4,7752.8,7744.11,7747.55
8/12/2026 22:00,7749.47,7751.11,7741.72,7747.14
8/12/2026 21:50,7758.77,7758.95,7744.03,7749.64
8/12/2026 21:40,7752.31,7759.22,7747.6,7758.75
8/12/2026 21:30,7765.46,7766.01,7750.31,7752.4
8/12/2026 4:10,7728.2,7728.2,7728.2,7728.2
8/12/2026 4:00,7727.91,7728.2,7727.91,7728.2
8/12/2026 3:50,7723.75,7727.91,7720.71,7727.79
8/12/2026 3:40,7733.61,7733.61,7726.01,7727.12
8/12/2026 3:30,7729.97,7733.79,7728.77,7733.54
8/12/2026 3:20,7727.15,7729.83,7726.69,7729.08
8/12/2026 3:10,7723.37,7727.42,7722.84,7726.94
8/12/2026 3:00,7723.79,7724.71,7721.17,7723.31
8/12/2026 2:50,7725.81,7727.14,7723.56,7723.56
8/12/2026 2:40,7722.49,7725.98,7719.49,7725.78
8/12/2026 2:30,7718.11,7724.48,7718.03,7722.47
8/12/2026 2:20,7730.24,7730.24,7717.25,7717.72
8/12/2026 2:10,7730.35,7732.03,7729.41,7730.32
8/12/2026 2:00,7735.15,7735.23,7729.98,7730.12
8/12/2026 1:50,7735.27,7736.27,7734.26,7735.18
8/12/2026 1:40,7732.07,7736.58,7731.69,7735.08
8/12/2026 1:30,7731.93,7734.51,7730.48,7732
8/12/2026 1:20,7730.33,7732.99,7729.14,7731.93
8/12/2026 1:10,7731.68,7731.68,7725.8,7730.39
8/12/2026 1:00,7734.51,7735.38,7730.83,7731.89
8/12/2026 0:50,7737.21,7738.23,7733.85,7734.37
8/12/2026 0:40,7741.85,7741.85,7735.58,7737.18
8/12/2026 0:30,7741.06,7743.13,7738.1,7741.84
8/12/2026 0:20,7743.79,7745.2,7737.45,7741.1
8/12/2026 0:10,7746.31,7747.03,7742.94,7743.77
8/12/2026 0:00,7743.6,7747.14,7742.97,7746.39
8/11/2026 23:50,7743.26,7745.61,7741.05,7743.32
8/11/2026 23:40,7741.59,7745.48,7741.05,7743.39
8/11/2026 23:30,7747.59,7748.88,7740.88,7741.63
8/11/2026 23:20,7747.68,7751.67,7747.27,7747.55
8/11/2026 23:10,7750.73,7751.96,7745.34,7747.57
8/11/2026 23:00,7759.77,7761.28,7750.49,7750.9
8/11/2026 22:50,7762.05,7763.59,7758.26,7759.35
8/11/2026 22:40,7757,7762.55,7755.67,7761.95
8/11/2026 22:30,7762.12,7762.79,7754.82,7756.84
8/11/2026 22:20,7758.91,7762.45,7755.99,7762.08
8/11/2026 22:10,7760.68,7763.02,7756.84,7758.82
8/11/2026 22:00,7758.15,7763.97,7758.08,7760.79
8/11/2026 21:50,7751.43,7759.56,7748.84,7759.18
8/11/2026 21:40,7754.44,7760.88,7749.11,7751.59
8/11/2026 21:30,7767.51,7767.51,7752.23,7754.81
8/11/2026 4:10,7753.11,7753.11,7753.11,7753.11
8/11/2026 4:00,7752.9,7753.15,7752.9,7753.11
8/11/2026 3:50,7751.25,7753.64,7745.85,7752.84
8/11/2026 3:40,7754.62,7755.05,7751.85,7754.54
8/11/2026 3:30,7752.73,7755.31,7750.31,7754.42
8/11/2026 3:20,7755.91,7756.88,7751.95,7752.12
8/11/2026 3:10,7756.79,7757.02,7754.87,7755.64
8/11/2026 3:00,7754.93,7756.83,7753.93,7756.65
8/11/2026 2:50,7751.82,7755.95,7751.81,7754.77
8/11/2026 2:40,7748.64,7752.64,7748.64,7751.68
8/11/2026 2:30,7748.8,7750.5,7746.78,7748.56
8/11/2026 2:20,7749.27,7750.61,7748.58,7748.75
8/11/2026 2:10,7752.29,7753.43,7748.92,7749.36
8/11/2026 2:00,7750.11,7753.17,7749.62,7752.22
8/11/2026 1:50,7749.76,7751.13,7748.11,7750.2
8/11/2026 1:40,7751.89,7752.83,7748.88,7750.05
8/11/2026 1:30,7753.98,7755.93,7750.67,7752.07
8/11/2026 1:20,7754.61,7755.25,7751.88,7754.12
8/11/2026 1:10,7753.5,7755.63,7752.24,7754.28
8/11/2026 1:00,7752.91,7753.93,7748.27,7753.61
8/11/2026 0:50,7748.97,7752.95,7745.73,7752.85
8/11/2026 0:40,7748.43,7749.44,7743.11,7748.94
8/11/2026 0:30,7756.39,7757.71,7743.31,7748.46
8/11/2026 0:20,7760.38,7762.47,7756.5,7756.5
8/11/2026 0:10,7763.22,7764.21,7757.96,7760.39
8/11/2026 0:00,7767.06,7768.08,7761.91,7763.13
8/10/2026 23:50,7759.15,7767.25,7758.64,7766.81
8/10/2026 23:40,7756.11,7762.25,7755.08,7759.2
8/10/2026 23:30,7760.15,7761.43,7756.03,7756.15
8/10/2026 23:20,7762.68,7764.56,7757.53,7760.49
8/10/2026 23:10,7758.92,7764.99,7758.42,7762.79
8/10/2026 23:00,7759.15,7764.2,7756.29,7759.42
8/10/2026 22:50,7772.5,7773.21,7758.66,7758.73
8/10/2026 22:40,7767.1,7773.76,7766.64,7772.39
8/10/2026 22:30,7767.65,7770.74,7765.53,7767.28
8/10/2026 22:20,7766.66,7768.21,7761.56,7767.64
8/10/2026 22:10,7763.88,7767.32,7762.84,7766.67
8/10/2026 22:00,7760.29,7764.08,7757.99,7763.73
8/10/2026 21:50,7755.7,7759.2,7748.97,7758.33
8/10/2026 21:40,7752.37,7756.28,7748.89,7755.94
8/10/2026 21:30,7751.74,7761.44,7748.42,7751.72
8/8/2026 4:10,7757.64,7757.64,7757.64,7757.64
8/8/2026 4:00,7756.89,7757.64,7756.89,7757.64
8/8/2026 3:50,7751.03,7761.88,7750.29,7756.44
8/8/2026 3:40,7752.73,7753.33,7748.89,7752.22
8/8/2026 3:30,7754.82,7754.82,7749.95,7752.55
8/8/2026 3:20,7752.86,7755.87,7752.82,7754.94
8/8/2026 3:10,7750.59,7757.69,7750.59,7752.72
8/8/2026 3:00,7742.38,7750.46,7741.08,7750.46
8/8/2026 2:50,7736.19,7740.77,7735.65,7740.77
8/8/2026 2:40,7736.57,7737.12,7732.92,7736.25
8/8/2026 2:30,7738.44,7739.95,7735.9,7736.56
8/8/2026 2:20,7740.97,7741.73,7738.23,7738.45
8/8/2026 2:10,7744.57,7745,7738.77,7740.99
8/8/2026 2:00,7745.34,7746.37,7742.96,7744.61
8/8/2026 1:50,7746.4,7748.22,7744.05,7745.35
8/8/2026 1:40,7747.56,7747.79,7744.64,7746.47
8/8/2026 1:30,7745.25,7747.54,7741.63,7747.46
8/8/2026 1:20,7746.71,7747.62,7741.74,7745.31
8/8/2026 1:10,7746.87,7747.67,7743.79,7746.77
8/8/2026 1:00,7743.54,7746.93,7742.24,7746.79
8/8/2026 0:50,7750.36,7752.27,7743.59,7743.59
8/8/2026 0:40,7746.86,7751.38,7746.35,7750.45
8/8/2026 0:30,7741.01,7747.1,7734.63,7746.86
8/8/2026 0:20,7753.26,7756.44,7737.63,7740.73
8/8/2026 0:10,7755.74,7757.41,7752.89,7753.2
8/8/2026 0:00,7755.13,7757.75,7752.29,7755.71
8/7/2026 23:50,7759.5,7760.51,7752.99,7755.03
8/7/2026 23:40,7758.52,7760.16,7753.63,7759.48
8/7/2026 23:30,7761.39,7763.08,7756.24,7758.3
8/7/2026 23:20,7752.42,7762.45,7752.09,7760
8/7/2026 23:10,7753.37,7757.15,7750.44,7752.45
8/7/2026 23:00,7752.17,7754,7747.92,7753.17
8/7/2026 22:50,7747.28,7753.69,7742.27,7752.02
8/7/2026 22:40,7742.21,7750.59,7741.1,7747.57
8/7/2026 22:30,7755.03,7756.91,7741.1,7742.27
8/7/2026 22:20,7742.59,7756.08,7739.13,7755.11
8/7/2026 22:10,7728.31,7741.61,7719.19,7741.61
8/7/2026 22:00,7733.48,7739.31,7727.35,7728.27
8/7/2026 21:50,7740.78,7746.21,7728.17,7733.53
8/7/2026 21:40,7735.82,7747.63,7732.9,7741.13
8/7/2026 21:30,7735.18,7742.63,7731.5,7736.07
8/7/2026 4:10,7709.96,7709.96,7709.96,7709.96
8/7/2026 4:00,7710.12,7710.12,7709.94,7709.96
8/7/2026 3:50,7703.53,7712.19,7700.64,7709.99
8/7/2026 3:40,7708.6,7709.5,7703.13,7707.88
8/7/2026 3:30,7710.06,7713.18,7707.87,7708.89
8/7/2026 3:20,7715.16,7718.27,7709.46,7710.14
8/7/2026 3:10,7720.5,7721.45,7714.08,7715.08
8/7/2026 3:00,7713.17,7720.54,7713.1,7720.42
8/7/2026 2:50,7712.36,7714.17,7710.85,7713.03
8/7/2026 2:40,7711.77,7714.73,7709.28,7712.11
8/7/2026 2:30,7717.73,7718.05,7711.53,7711.67
8/7/2026 2:20,7716.75,7719.91,7715.91,7717.72
8/7/2026 2:10,7712.13,7720.54,7709.44,7716.55
8/7/2026 2:00,7710.31,7713.38,7708.8,7711.98
8/7/2026 1:50,7703.41,7710.11,7703.41,7710.11
8/7/2026 1:40,7704.12,7707.06,7701.84,7703.59
8/7/2026 1:30,7701.81,7706.07,7700.98,7703.86
8/7/2026 1:20,7707.2,7707.45,7701.51,7701.65
8/7/2026 1:10,7707.25,7709.28,7703.87,7707.2
8/7/2026 1:00,7713.89,7715.66,7707.01,7707.51
8/7/2026 0:50,7707.77,7713.83,7706.31,7713.52
8/7/2026 0:40,7712.36,7712.51,7702.75,7707.41
8/7/2026 0:30,7705.78,7712.15,7705.31,7712.12
8/7/2026 0:20,7705.73,7707.88,7702.2,7705.73
8/7/2026 0:10,7707.56,7709.23,7698.15,7705.73
8/7/2026 0:00,7704.84,7708.54,7701.39,7707.48
8/6/2026 23:50,7716.2,7721.11,7703.62,7704.79
8/6/2026 23:40,7710.95,7719.06,7706.41,7716.02
8/6/2026 23:30,7716.35,7718.21,7706.92,7711
8/6/2026 23:20,7713.7,7716.6,7709.9,7716.1
8/6/2026 23:10,7729.32,7730.96,7713.81,7713.81
8/6/2026 23:00,7733.67,7735.65,7724.79,7729.54
8/6/2026 22:50,7719.88,7734.4,7719.54,7733.62
8/6/2026 22:40,7721.3,7731.06,7720.19,7720.64
8/6/2026 22:30,7728.82,7733.49,7721.49,7721.49
8/6/2026 22:20,7741.42,7742.85,7725.04,7727.98
8/6/2026 22:10,7738.96,7742.81,7736.02,7741.28
8/6/2026 22:00,7733.12,7739.52,7730.87,7738.66
8/6/2026 21:50,7737.71,7738.85,7729.51,7731.67
8/6/2026 21:40,7721.64,7738.98,7719.41,7737.48
8/6/2026 21:30,7713.79,7733.53,7713.79,7721.73
8/6/2026 4:10,7723.55,7723.55,7723.55,7723.55
8/6/2026 4:00,7723.19,7723.55,7723.19,7723.55
8/6/2026 3:50,7740.13,7740.13,7720.17,7723.11
8/6/2026 3:40,7736.82,7740.09,7735.67,7738.44
8/6/2026 3:30,7741.74,7742.68,7736.16,7736.77
8/6/2026 3:20,7742.52,7744.09,7740.59,7741.74
8/6/2026 3:10,7741.19,7743.17,7739.76,7742.34
8/6/2026 3:00,7737.73,7742.34,7736.77,7741.03
8/6/2026 2:50,7741.55,7743.36,7737.45,7737.74
8/6/2026 2:40,7738.21,7743.14,7737.84,7741.85
8/6/2026 2:30,7742.99,7743.01,7735.78,7738.36
8/6/2026 2:20,7744.2,7744.81,7741.28,7742.87
8/6/2026 2:10,7743.4,7744.85,7740.93,7744.3
8/6/2026 2:00,7739.16,7745.85,7739.16,7742.97
8/6/2026 1:50,7742.03,7743.37,7738.6,7739.32
8/6/2026 1:40,7739.96,7743.49,7737.23,7741.84
8/6/2026 1:30,7737.17,7741.27,7734.43,7740.07
8/6/2026 1:20,7737.5,7741.7,7734.35,7737.01
8/6/2026 1:10,7736.74,7741.64,7734.7,7737.56
8/6/2026 1:00,7742.31,7745.05,7734.82,7736.87
8/6/2026 0:50,7737.83,7745.19,7737.78,7742.14
8/6/2026 0:40,7739.58,7743.49,7737.16,7737.95
8/6/2026 0:30,7745.02,7745.94,7736.26,7739.24
8/6/2026 0:20,7729.8,7744.9,7729.62,7744.74
8/6/2026 0:10,7725.69,7734.77,7722.53,7729.98
8/6/2026 0:00,7729.99,7733.61,7722.36,7725.39
8/5/2026 23:50,7737.12,7738.97,7727.08,7730.09
8/5/2026 23:40,7745.51,7746.56,7737.07,7737.48
8/5/2026 23:30,7741.09,7749.37,7741.09,7745.43
8/5/2026 23:20,7747.44,7750.52,7739.43,7741.28
8/5/2026 23:10,7760.46,7763.24,7735.9,7747.68
8/5/2026 23:00,7759.15,7763.29,7756.27,7760.78
8/5/2026 22:50,7769.6,7771.84,7751.73,7758.61
8/5/2026 22:40,7763.17,7770.95,7761.35,7769.49
8/5/2026 22:30,7771.52,7774.36,7762.55,7763.35
8/5/2026 22:20,7781.61,7785.81,7771.63,7772.05
8/5/2026 22:10,7785.33,7789.07,7781.58,7781.58
8/5/2026 22:00,7784.1,7788.98,7774.67,7785.34
8/5/2026 21:50,7779.53,7791.18,7768.85,7791.01
8/5/2026 21:40,7789.04,7792.8,7779.11,7779.17
8/5/2026 21:30,7771.62,7793.68,7771.62,7789.27
8/5/2026 4:10,7736.52,7736.52,7736.52,7736.52
8/5/2026 4:00,7737.7,7737.7,7736.32,7736.52
8/5/2026 3:50,7751.33,7751.75,7734.96,7737.36
8/5/2026 3:40,7752.42,7758.21,7752.36,7754.05
8/5/2026 3:30,7747.46,7753.79,7746.33,7752.36
8/5/2026 3:20,7754.22,7755.56,7746.01,7747.67
8/5/2026 3:10,7754.58,7755.32,7752.16,7754.33
8/5/2026 3:00,7745.28,7754.67,7745.28,7754.67
8/5/2026 2:50,7745.44,7747.22,7743.88,7744.89
8/5/2026 2:40,7743.02,7747.18,7738.97,7745.57
8/5/2026 2:30,7747.86,7748.82,7742.62,7743.17
8/5/2026 2:20,7745.82,7748.18,7744.57,7747.81
8/5/2026 2:10,7742.8,7747.68,7741.64,7746.04
8/5/2026 2:00,7740.06,7744.01,7735.62,7742.9
8/5/2026 1:50,7751.05,7751.05,7740.35,7740.35
8/5/2026 1:40,7742.56,7754.49,7742.56,7751.35
8/5/2026 1:30,7736.79,7742.7,7733.99,7742.61
8/5/2026 1:20,7737.41,7738.59,7733.88,7736.68
8/5/2026 1:10,7734.27,7739.65,7733.39,7737.28
8/5/2026 1:00,7726.13,7736.75,7725.63,7734.15
8/5/2026 0:50,7725.4,7726.78,7724.65,7726.05
8/5/2026 0:40,7718.79,7725.79,7717.97,7725.55
8/5/2026 0:30,7716.31,7720.7,7714.64,7718.73
8/5/2026 0:20,7712.17,7717.22,7711.79,7716.19
8/5/2026 0:10,7708.6,7712.55,7706.46,7712.22
8/5/2026 0:00,7708.81,7713.62,7708.15,7708.53
8/4/2026 23:50,7710.55,7713.23,7706.86,7708.88
8/4/2026 23:40,7702.05,7711.32,7701.61,7710.71
8/4/2026 23:30,7697.84,7704.62,7695.47,7701.96
8/4/2026 23:20,7697.56,7703.15,7697,7698.41
8/4/2026 23:10,7692.66,7697.76,7691.73,7697.45
8/4/2026 23:00,7688.05,7693.38,7686.61,7692.51
8/4/2026 22:50,7683.01,7688.73,7681,7687.97
8/4/2026 22:40,7676.16,7683.48,7675.6,7683.23
8/4/2026 22:30,7669.59,7680.35,7666.08,7676.16
8/4/2026 22:20,7677.15,7677.15,7666.56,7669.91
8/4/2026 22:10,7668.78,7678.27,7667.37,7677.19
8/4/2026 22:00,7658.62,7670.52,7655.74,7668.82
8/4/2026 21:50,7650.11,7659.09,7649.07,7659.09
8/4/2026 21:40,7645.04,7650.47,7641.26,7650.14
8/4/2026 21:30,7630.62,7647.86,7629.1,7644.58
8/4/2026 4:10,7600.5,7600.5,7600.5,7600.5
8/4/2026 4:00,7600.65,7600.65,7600.47,7600.5
8/4/2026 3:50,7606.45,7608.2,7598.72,7600.61
8/4/2026 3:40,7604.05,7606.57,7603.14,7606
8/4/2026 3:30,7607.53,7609.13,7603.75,7604.02
8/4/2026 3:20,7607.88,7609.47,7606.59,7607.48
8/4/2026 3:10,7606.22,7608.6,7605.23,7607.78
8/4/2026 3:00,7603.99,7610.04,7603.99,7606.06
8/4/2026 2:50,7605.53,7607.03,7603.58,7603.58
8/4/2026 2:40,7601.07,7606.56,7600.33,7605.5
8/4/2026 2:30,7600.21,7602.65,7598,7601.04
8/4/2026 2:20,7604.05,7606.07,7599.22,7600.14
8/4/2026 2:10,7607.49,7607.99,7603.39,7604.1
8/4/2026 2:00,7601.16,7607.44,7600.89,7607.37
8/4/2026 1:50,7598.74,7602.43,7598.41,7600.98
8/4/2026 1:40,7596.44,7599.43,7595.98,7598.64
8/4/2026 1:30,7595.29,7598.38,7594.49,7596.33
8/4/2026 1:20,7592.25,7596.17,7591.29,7595.14
8/4/2026 1:10,7586.96,7592.38,7586.96,7592.29
8/4/2026 1:00,7586.81,7587.73,7584.75,7586.91
8/4/2026 0:50,7587.65,7588.52,7584.42,7586.85
8/4/2026 0:40,7587.53,7589.71,7586.57,7587.8
8/4/2026 0:30,7590.38,7590.57,7586.89,7587.34
8/4/2026 0:20,7587.31,7590.43,7585.62,7590.43
8/4/2026 0:10,7584.84,7587.53,7582.47,7587.31
8/4/2026 0:00,7584.54,7585.97,7582.92,7584.69
8/3/2026 23:50,7584.8,7586.71,7582.91,7584.34
8/3/2026 23:40,7580.17,7585.37,7580.17,7584.85
8/3/2026 23:30,7575.33,7581.23,7575.06,7580.35
8/3/2026 23:20,7579.04,7581.74,7574.53,7575.11
8/3/2026 23:10,7573.86,7578.67,7572.42,7578.36
8/3/2026 23:00,7578.38,7579.01,7572.54,7573.96
8/3/2026 22:50,7572.89,7578.79,7572.25,7578.51
8/3/2026 22:40,7572.76,7576.46,7571.72,7572.9
8/3/2026 22:30,7569.9,7574.29,7568.08,7572.73
8/3/2026 22:20,7565.99,7572.45,7565.96,7569.98
8/3/2026 22:10,7560.68,7569.95,7560.22,7566.55
8/3/2026 22:00,7560.47,7563.44,7555.17,7560.81
8/3/2026 21:50,7542.7,7561.14,7540.11,7560.97
8/3/2026 21:40,7542.05,7547.84,7533.82,7542.59
8/3/2026 21:30,7504.78,7544.06,7504.78,7542.23
8/1/2026 4:10,7489.72,7489.72,7489.72,7489.72
8/1/2026 4:00,7490.18,7490.18,7489.71,7489.72
8/1/2026 3:50,7508.45,7512.04,7488.04,7490.13
8/1/2026 3:40,7498.82,7508.63,7496.37,7508.56
8/1/2026 3:30,7498.26,7499.46,7492.51,7498.99
8/1/2026 3:20,7499.04,7502.51,7497.04,7498.06
8/1/2026 3:10,7485.13,7498.88,7484.6,7498.7
8/1/2026 3:00,7484.71,7488.74,7481.7,7485.35
8/1/2026 2:50,7486.78,7488.44,7483.12,7484.87
8/1/2026 2:40,7481.39,7486.89,7480.17,7486.77
8/1/2026 2:30,7484.24,7485.98,7481.12,7481.47
8/1/2026 2:20,7484.32,7487.82,7482.61,7483.37
8/1/2026 2:10,7482.26,7486.1,7478.71,7484.45
8/1/2026 2:00,7478.08,7483.4,7476.63,7482.36
8/1/2026 1:50,7476.29,7481.59,7475.76,7477.91
8/1/2026 1:40,7481.81,7485.05,7476.2,7476.46
8/1/2026 1:30,7486.79,7489.03,7481.88,7481.88
8/1/2026 1:20,7478.02,7487.45,7475.5,7486.77
8/1/2026 1:10,7471.36,7478.91,7469.95,7478.19
8/1/2026 1:00,7469.95,7476.86,7468.98,7471.38
8/1/2026 0:50,7469.23,7473.63,7468.3,7470.12
8/1/2026 0:40,7468.54,7470.66,7463.57,7468.89
8/1/2026 0:30,7467.6,7472.67,7466.83,7468.51
8/1/2026 0:20,7455.77,7467.44,7455.63,7467.44
8/1/2026 0:10,7453.92,7459.7,7451.93,7456.1
8/1/2026 0:00,7453.84,7458.42,7448.76,7453.88
7/31/2026 23:50,7437.77,7455.78,7436.63,7454.07
7/31/2026 23:40,7443.97,7446.2,7433.29,7436.82
7/31/2026 23:30,7425.91,7446.41,7421.78,7443.87
7/31/2026 23:20,7442.12,7444.15,7423.79,7425.46
7/31/2026 23:10,7442.12,7453.71,7434.38,7442.46
7/31/2026 23:00,7448.71,7451.8,7438.47,7441.84
7/31/2026 22:50,7448.08,7452.19,7439.34,7448.64
7/31/2026 22:40,7435.81,7448.98,7429.82,7448.11
7/31/2026 22:30,7429.23,7436.92,7425.44,7435.43
7/31/2026 22:20,7409.23,7429.01,7408.34,7428.29
7/31/2026 22:10,7414.62,7418.99,7399.83,7410.2
7/31/2026 22:00,7444.1,7447.3,7407.53,7414.32
7/31/2026 21:50,7446.73,7452.52,7439.64,7443.71
7/31/2026 21:40,7466.9,7466.9,7443.97,7447.58
7/31/2026 21:30,7462.13,7489.52,7462.13,7467.32
7/31/2026 4:10,7437.63,7437.63,7437.63,7437.63
7/31/2026 4:00,7438.2,7438.27,7437.63,7437.63
7/31/2026 3:50,7438.41,7443.91,7433.42,7440.75
7/31/2026 3:40,7440.86,7442.46,7436.9,7439.52
7/31/2026 3:30,7441.32,7443.62,7438.31,7440.81
7/31/2026 3:20,7447.31,7447.31,7441.39,7441.79
7/31/2026 3:10,7441.67,7448.75,7441.59,7447.19
7/31/2026 3:00,7431.32,7441.73,7431.13,7441.54
7/31/2026 2:50,7428.9,7431.7,7427.73,7431.23
7/31/2026 2:40,7424.92,7429.48,7424.65,7428.96
7/31/2026 2:30,7428.15,7429.68,7424.15,7424.99
7/31/2026 2:20,7425.46,7428.12,7424.69,7427.85
7/31/2026 2:10,7425.49,7427.09,7424.34,7425.49
7/31/2026 2:00,7422.15,7426.55,7421.53,7425.31
7/31/2026 1:50,7423.18,7427.73,7421.07,7422.01
7/31/2026 1:40,7417.39,7426.06,7417.39,7423.38
7/31/2026 1:30,7421.6,7423.87,7416.47,7417.07
7/31/2026 1:20,7425.63,7425.88,7420.47,7421.27
7/31/2026 1:10,7422.09,7426.04,7420.08,7425.79
7/31/2026 1:00,7415.79,7425.25,7415.79,7421.95
7/31/2026 0:50,7410.21,7415.65,7407.27,7414.03
7/31/2026 0:40,7409.73,7411.5,7401.94,7409.63
7/31/2026 0:30,7411.98,7414.8,7408.32,7409.65
7/31/2026 0:20,7413.75,7415.75,7410.05,7411.94
7/31/2026 0:10,7406.5,7416.36,7406.5,7413.67
7/31/2026 0:00,7395.57,7408.68,7393.57,7406.51
7/30/2026 23:50,7395.33,7400.97,7388.22,7395.67
7/30/2026 23:40,7383.73,7396.74,7383.01,7395.29
7/30/2026 23:30,7373.12,7389.24,7371.63,7383.95
7/30/2026 23:20,7379.64,7385.81,7370.98,7372.94
7/30/2026 23:10,7392.1,7392.53,7371,7379.45
7/30/2026 23:00,7387.18,7392.48,7377.27,7392.48
7/30/2026 22:50,7397.19,7397.52,7381.26,7386.94
7/30/2026 22:40,7411.88,7415.86,7393.06,7396.59
7/30/2026 22:30,7410.06,7413.99,7405.06,7411.55
7/30/2026 22:20,7402.41,7417.36,7401.24,7411.13
7/30/2026 22:10,7402.85,7409.24,7398.37,7402.63
7/30/2026 22:00,7411.24,7414.72,7400.65,7402.62
7/30/2026 21:50,7398.13,7412.2,7395.82,7412.2
7/30/2026 21:40,7377.68,7399.74,7371.67,7398.53
7/30/2026 21:30,7390.45,7390.45,7375.23,7377.81
7/30/2026 4:10,7316.15,7316.15,7316.15,7316.15
7/30/2026 4:00,7318.52,7318.52,7316.15,7316.15
7/30/2026 3:50,7335.54,7338.91,7313.92,7317.42
7/30/2026 3:40,7338.74,7344.7,7327.2,7341.68
7/30/2026 3:30,7376.31,7380.63,7339.11,7339.24
7/30/2026 3:20,7398.93,7398.93,7366.99,7375.08
7/30/2026 3:10,7408.37,7420.44,7397.65,7398.9
7/30/2026 3:00,7443.42,7449.84,7408.22,7408.22
7/30/2026 2:50,7443.34,7450.84,7437.36,7443.37
7/30/2026 2:40,7413.1,7444.97,7412.74,7443.45
7/30/2026 2:30,7397.49,7415.47,7384.79,7413.18
7/30/2026 2:20,7393.74,7396.72,7387.39,7396.66
7/30/2026 2:10,7404.23,7407.17,7392.3,7393.49
7/30/2026 2:00,7387.9,7418.66,7387.9,7404.04
7/30/2026 1:50,7382.86,7387.31,7380.38,7387.23
7/30/2026 1:40,7379.05,7383.16,7376.99,7382.77
7/30/2026 1:30,7380.35,7386.02,7376.1,7379.37
7/30/2026 1:20,7390.34,7395.64,7381.16,7381.16
7/30/2026 1:10,7377.23,7391.3,7376.92,7390.3
7/30/2026 1:00,7372.79,7382.72,7370.76,7377.35
7/30/2026 0:50,7362.46,7371.46,7360.52,7371.46
7/30/2026 0:40,7358.38,7362.16,7351.96,7361.94
7/30/2026 0:30,7360.81,7365.95,7353.34,7358.77
7/30/2026 0:20,7345.43,7361.9,7344.19,7361.34
7/30/2026 0:10,7350,7350.69,7341.25,7345.18
7/30/2026 0:00,7360.87,7363.12,7345.62,7350.16
7/29/2026 23:50,7367.26,7367.99,7353.61,7360.3
7/29/2026 23:40,7363.28,7367.43,7360.24,7367.36
7/29/2026 23:30,7366.73,7372.86,7363.17,7363.17
7/29/2026 23:20,7368.16,7374.8,7366.29,7367.06
7/29/2026 23:10,7379.2,7379.32,7368.24,7368.51
7/29/2026 23:00,7371.2,7378.58,7367.87,7378.58
7/29/2026 22:50,7366.98,7375.2,7365.86,7371.3
7/29/2026 22:40,7370.94,7370.94,7361.46,7366.84
7/29/2026 22:30,7373.78,7380.94,7369.8,7370.88
7/29/2026 22:20,7381.97,7387.38,7366.24,7372.85
7/29/2026 22:10,7390.11,7393.34,7374.25,7381.8
7/29/2026 22:00,7398.24,7406.08,7390.69,7391.45
7/29/2026 21:50,7416.16,7416.16,7389.65,7397.4
7/29/2026 21:40,7424.27,7426.03,7412.85,7416
7/29/2026 21:30,7418.16,7426.38,7410.66,7423.33
7/29/2026 4:10,7428.78,7428.78,7428.78,7428.78
7/29/2026 4:00,7429.81,7429.81,7428.78,7428.78
7/29/2026 3:50,7433.87,7439.68,7427.26,7430.25
7/29/2026 3:40,7433.51,7436.68,7432.32,7434.68
7/29/2026 3:30,7440.33,7440.75,7432.67,7433.51
7/29/2026 3:20,7439.51,7442.16,7436.86,7440.31
7/29/2026 3:10,7437.77,7440.76,7436.48,7439.58
7/29/2026 3:00,7438.04,7443.46,7437.4,7437.56
7/29/2026 2:50,7435.93,7439.43,7434.27,7438.1
7/29/2026 2:40,7431.5,7437.46,7429.06,7435.71
7/29/2026 2:30,7429.4,7434.45,7428.5,7431.48
7/29/2026 2:20,7431,7433.01,7428.02,7429.23
7/29/2026 2:10,7431.96,7432.66,7427.95,7430.97
7/29/2026 2:00,7435.64,7438.74,7431.06,7431.96
7/29/2026 1:50,7436.57,7436.57,7429.19,7435.59
7/29/2026 1:40,7437.53,7439.61,7430.37,7436.78
7/29/2026 1:30,7436.5,7443.23,7435.09,7437.83
7/29/2026 1:20,7437.29,7445.15,7435.45,7436.76
7/29/2026 1:10,7439.04,7441.84,7435.09,7437.43
7/29/2026 1:00,7450.04,7451.75,7438.86,7439.23
7/29/2026 0:50,7441.41,7452.09,7441.38,7450.1
7/29/2026 0:40,7441.87,7445.21,7437.95,7441.42
7/29/2026 0:30,7435.83,7441.53,7432.82,7441.53
7/29/2026 0:20,7442.81,7444.65,7436.36,7436.36
7/29/2026 0:10,7439.68,7442.86,7437.44,7442.85
7/29/2026 0:00,7445.86,7447.9,7439.59,7439.59
7/28/2026 23:50,7446.83,7448.02,7441.74,7446.02
7/28/2026 23:40,7440.33,7448.53,7437.98,7446.87
7/28/2026 23:30,7435.52,7442.56,7434.16,7440.64
7/28/2026 23:20,7429.07,7443.11,7429.07,7435.16
7/28/2026 23:10,7415.01,7428.88,7407.99,7428.88
7/28/2026 23:00,7410.06,7414.97,7403.17,7410.7
7/28/2026 22:50,7416.23,7420.97,7408.95,7409.71
7/28/2026 22:40,7398.89,7416.76,7397.29,7416.02
7/28/2026 22:30,7400.5,7408.63,7394.47,7398.92
7/28/2026 22:20,7389.17,7401.55,7386.65,7399.87
7/28/2026 22:10,7393.88,7400.36,7385.63,7388.93
7/28/2026 22:00,7388.08,7405.46,7388.08,7393.79
7/28/2026 21:50,7398.94,7403.97,7384.66,7387.51
7/28/2026 21:40,7400.36,7405.58,7382.95,7398.06
7/28/2026 21:30,7395.55,7413.25,7395.55,7399.74
7/28/2026 4:10,7413.18,7413.18,7413.18,7413.18
7/28/2026 4:00,7413.17,7413.29,7413.17,7413.18
7/28/2026 3:50,7414.62,7414.62,7407.89,7413.71
7/28/2026 3:40,7413.18,7415.36,7409.83,7413.81
7/28/2026 3:30,7420.55,7422.06,7412.68,7413.15
7/28/2026 3:20,7419.39,7421.29,7417.49,7420.57
7/28/2026 3:10,7417.09,7419.53,7413.29,7418.77
7/28/2026 3:00,7414.24,7417.66,7409.12,7417.03
7/28/2026 2:50,7397.63,7415.73,7397.53,7414.28
7/28/2026 2:40,7391.63,7401.12,7390.28,7397.69
7/28/2026 2:30,7399.77,7399.77,7391.03,7391.61
7/28/2026 2:20,7395.86,7401.11,7395,7399.85
7/28/2026 2:10,7400.08,7402.52,7393.85,7395.99
7/28/2026 2:00,7401.84,7403.11,7398.82,7400.07
7/28/2026 1:50,7390.62,7401.66,7390.62,7401.39
7/28/2026 1:40,7390.84,7394.88,7388.95,7391.02
7/28/2026 1:30,7385.41,7395.97,7385.35,7391.25
7/28/2026 1:20,7385.34,7390.76,7384.59,7385.49
7/28/2026 1:10,7387.26,7391.28,7382.74,7385.34
7/28/2026 1:00,7394.68,7394.72,7384.73,7387.34
7/28/2026 0:50,7405.08,7405.08,7390.23,7394.37
7/28/2026 0:40,7413.48,7414.47,7404.78,7405.38
7/28/2026 0:30,7411.25,7417.08,7408.34,7413.3
7/28/2026 0:20,7396.51,7419.78,7394.47,7411.08
7/28/2026 0:10,7406.56,7410,7392.18,7396.2
7/28/2026 0:00,7398.11,7406.89,7397.98,7406.28
7/27/2026 23:50,7392.65,7399.72,7390.57,7397.83
7/27/2026 23:40,7392.16,7398.34,7389.37,7392.11
7/27/2026 23:30,7405.78,7405.78,7386.55,7392.39
7/27/2026 23:20,7411.31,7416.6,7402.58,7405.84
7/27/2026 23:10,7416.48,7422.91,7403.44,7411.29
7/27/2026 23:00,7420.69,7426.97,7416.23,7416.37
7/27/2026 22:50,7403.42,7421.45,7403.29,7420.16
7/27/2026 22:40,7404,7405.42,7388.33,7403.49
7/27/2026 22:30,7406.11,7408.55,7395.08,7403.79
7/27/2026 22:20,7433.37,7433.37,7405.5,7406.27
7/27/2026 22:10,7441.5,7441.5,7428.9,7433.73
7/27/2026 22:00,7440.9,7444.75,7436.42,7441.61
7/27/2026 21:50,7463.5,7466.43,7441.16,7441.16
7/27/2026 21:40,7474.69,7475.01,7456.84,7463.13
7/27/2026 21:30,7464.2,7480.57,7462.25,7474.16
7/25/2026 4:10,7411.98,7411.98,7411.98,7411.98
7/25/2026 4:00,7412.04,7412.04,7411.95,7411.98
7/25/2026 3:50,7407.06,7414.04,7399.54,7412.17
7/25/2026 3:40,7404.27,7407.43,7400.88,7406.24
7/25/2026 3:30,7401.01,7409.45,7400.11,7404.29
7/25/2026 3:20,7401.3,7403.21,7396.53,7399.87
7/25/2026 3:10,7399.3,7405.04,7397.83,7401.35
7/25/2026 3:00,7408.31,7412.03,7399.05,7399.56
7/25/2026 2:50,7407.41,7410.26,7404.17,7407.28
7/25/2026 2:40,7405.97,7410.28,7400.14,7406.53
7/25/2026 2:30,7413.96,7415.03,7402.38,7406.27
7/25/2026 2:20,7425.52,7425.52,7413.84,7413.87
7/25/2026 2:10,7433.94,7434.15,7425.2,7425.5
7/25/2026 2:00,7433.85,7436.44,7431.52,7433.6
7/25/2026 1:50,7436.71,7439.03,7433.9,7433.9
7/25/2026 1:40,7438.96,7439.02,7433.22,7436.57
7/25/2026 1:30,7441.7,7445.52,7438.16,7438.95
7/25/2026 1:20,7438.02,7441.86,7433.23,7441.26
7/25/2026 1:10,7428.4,7438.48,7427.07,7437.85
7/25/2026 1:00,7439.01,7439.76,7428.37,7428.44
7/25/2026 0:50,7435.77,7441.52,7431.99,7438.87
7/25/2026 0:40,7446.51,7446.51,7434.2,7435.89
7/25/2026 0:30,7455.66,7455.66,7446.37,7446.63
7/25/2026 0:20,7455.45,7458.99,7455.18,7455.54
7/25/2026 0:10,7456.86,7460.98,7452.28,7455.46
7/25/2026 0:00,7454.01,7459.09,7450.26,7456.95
7/24/2026 23:50,7445.28,7454.23,7445.28,7453.72
7/24/2026 23:40,7454.59,7456.56,7444.14,7444.59
7/24/2026 23:30,7448.63,7455.18,7444.51,7454.77
7/24/2026 23:20,7438.28,7454.51,7437.8,7449.16
7/24/2026 23:10,7420.24,7453.24,7419.54,7438.19
7/24/2026 23:00,7430.01,7433,7420.39,7420.39
7/24/2026 22:50,7408.73,7430,7408.73,7429.74
7/24/2026 22:40,7403.72,7408.47,7397.57,7408.33
7/24/2026 22:30,7415.07,7415.78,7402.42,7403.56
7/24/2026 22:20,7408.3,7422.15,7404.92,7415.71
7/24/2026 22:10,7416.48,7421.93,7403.4,7408.36
7/24/2026 22:00,7399.48,7417.84,7397.58,7416.76
7/24/2026 21:50,7420.92,7421.57,7397.85,7399.39
7/24/2026 21:40,7414.74,7423.01,7410.45,7421.64
7/24/2026 21:30,7406.3,7421.14,7406.3,7414.89
7/24/2026 4:10,7408.3,7408.3,7408.3,7408.3
7/24/2026 4:00,7407.22,7408.3,7407.22,7408.3
7/24/2026 3:50,7385.27,7410.06,7385.27,7406.34
7/24/2026 3:40,7392.82,7393.73,7381.65,7383.55
7/24/2026 3:30,7399.34,7400.88,7390.71,7392.9
7/24/2026 3:20,7393.46,7402.56,7393.45,7398.9
7/24/2026 3:10,7391.38,7395.33,7388.9,7393.46
7/24/2026 3:00,7395.41,7397.53,7391.49,7391.57
7/24/2026 2:50,7397.08,7397.61,7390.51,7394.49
7/24/2026 2:40,7393.6,7398.32,7390.26,7396.94
7/24/2026 2:30,7398.19,7400.67,7392.95,7393.84
7/24/2026 2:20,7394.42,7398.57,7393.82,7398.19
7/24/2026 2:10,7393.23,7397.78,7392.55,7393.87
7/24/2026 2:00,7395.97,7397.22,7392.1,7393.11
7/24/2026 1:50,7406.36,7406.52,7395.92,7396.16
7/24/2026 1:40,7400.58,7406.96,7397.4,7406.07
7/24/2026 1:30,7411.88,7412.23,7399.56,7400.13
7/24/2026 1:20,7409.81,7415.65,7409.05,7412.24
7/24/2026 1:10,7409.39,7413.23,7406.66,7409.53
7/24/2026 1:00,7410.05,7413.91,7403.21,7409.25
7/24/2026 0:50,7404.43,7411,7402.78,7410.47
7/24/2026 0:40,7421.22,7421.22,7405.36,7405.36
7/24/2026 0:30,7418.79,7421.31,7414.44,7420.83
7/24/2026 0:20,7410.13,7420.71,7410.13,7418.99
7/24/2026 0:10,7408.54,7412.47,7407.02,7410.06
7/24/2026 0:00,7402.54,7408.63,7399.96,7408.63
7/23/2026 23:50,7392.03,7402.35,7390.25,7402.09
7/23/2026 23:40,7397.51,7399.76,7387.58,7392.61
7/23/2026 23:30,7382.92,7397.92,7376,7397.3
7/23/2026 23:20,7395.99,7400.44,7382,7383.05
7/23/2026 23:10,7395.17,7397.23,7388.28,7395.92
7/23/2026 23:00,7407.58,7408.03,7393.4,7395.52
7/23/2026 22:50,7412.15,7414.62,7404.06,7407.01
7/23/2026 22:40,7427.2,7430.4,7411.13,7412.12
7/23/2026 22:30,7421.82,7429.25,7410.56,7427.62
7/23/2026 22:20,7419.9,7428.97,7415.49,7422.12
7/23/2026 22:10,7421.13,7429.22,7417.73,7420.26
7/23/2026 22:00,7422.82,7434.08,7414.05,7418.42
7/23/2026 21:50,7428.04,7438.12,7418.85,7421.53
7/23/2026 21:40,7440.21,7450.12,7427.3,7428.08
7/23/2026 21:30,7418.29,7442.86,7408.24,7439.07
7/23/2026 4:10,7498.96,7498.96,7498.96,7498.96
7/23/2026 4:00,7499.26,7499.26,7498.94,7498.96
7/23/2026 3:50,7506.56,7507.19,7498.48,7498.48
7/23/2026 3:40,7498.95,7505.36,7498.95,7504.54
7/23/2026 3:30,7504.72,7505.05,7498.27,7498.98
7/23/2026 3:20,7506.62,7506.63,7501.36,7504.97
7/23/2026 3:10,7507.2,7507.45,7503.5,7506.67
7/23/2026 3:00,7509.63,7510.03,7507.06,7507.48
7/23/2026 2:50,7507.33,7511.07,7505.95,7509.69
7/23/2026 2:40,7509.24,7510.94,7507.2,7507.32
7/23/2026 2:30,7510.34,7510.34,7505.77,7509.14
7/23/2026 2:20,7508.12,7511,7507.41,7510.25
7/23/2026 2:10,7508.13,7509.72,7505.83,7508.18
7/23/2026 2:00,7510.4,7512.59,7507.38,7508.55
7/23/2026 1:50,7515.95,7516.81,7509.68,7510.15
7/23/2026 1:40,7519.25,7519.3,7515.65,7515.9
7/23/2026 1:30,7516,7519.32,7514.45,7519.24
7/23/2026 1:20,7518,7518.47,7515.42,7516.1
7/23/2026 1:10,7522.02,7522.09,7517.19,7518.13
7/23/2026 1:00,7523.91,7525.23,7520.26,7521.93
7/23/2026 0:50,7521.41,7525.15,7520.55,7523.86
7/23/2026 0:40,7524.08,7524.28,7520.96,7521.38
7/23/2026 0:30,7524.22,7525.94,7523.3,7524.1
7/23/2026 0:20,7524.95,7524.95,7522.52,7524.22
7/23/2026 0:10,7522.91,7525.33,7521.39,7524.93
7/23/2026 0:00,7523.2,7524.78,7520.48,7522.89
7/22/2026 23:50,7519.35,7523.05,7517.37,7523.03
7/22/2026 23:40,7514.4,7519.25,7513.86,7519.25
7/22/2026 23:30,7520.1,7520.62,7513.19,7514.37
7/22/2026 23:20,7514.45,7522.22,7514.17,7519.89
7/22/2026 23:10,7511.48,7515.67,7510.64,7514.29
7/22/2026 23:00,7505.04,7513.09,7504.21,7511.66
7/22/2026 22:50,7498.6,7505.5,7496.19,7504.86
7/22/2026 22:40,7498.34,7499.74,7492.11,7498.51
7/22/2026 22:30,7498.61,7503.36,7496.23,7498.45
7/22/2026 22:20,7506.39,7509.29,7496.94,7499.1
7/22/2026 22:10,7510.46,7513.24,7503.23,7506.8
7/22/2026 22:00,7513.03,7519.22,7509.91,7510.04
7/22/2026 21:50,7502.89,7513.24,7500,7513.21
7/22/2026 21:40,7498.94,7506.27,7496.24,7502.71
7/22/2026 21:30,7497.47,7500.82,7485.85,7499.2
7/22/2026 4:10,7509.2,7509.2,7509.2,7509.2
7/22/2026 4:00,7509.07,7509.23,7509.07,7509.2
7/22/2026 3:50,7508.99,7512.06,7507.17,7507.95
7/22/2026 3:40,7509.53,7511.42,7507.9,7511.06
7/22/2026 3:30,7507.91,7510.82,7506.38,7509.66
7/22/2026 3:20,7508.5,7509.18,7506.86,7507.41
7/22/2026 3:10,7506.54,7509.71,7506.02,7508.53
7/22/2026 3:00,7509.18,7509.87,7506.46,7506.56
7/22/2026 2:50,7510.18,7510.5,7507.58,7508.99
7/22/2026 2:40,7506.82,7511.92,7505.61,7510.07
7/22/2026 2:30,7507.6,7508.03,7504.62,7506.91
7/22/2026 2:20,7507.3,7509.75,7505.9,7507.54
7/22/2026 2:10,7510.09,7510.77,7506.66,7507.38
7/22/2026 2:00,7511.45,7512.95,7508.52,7510.2
7/22/2026 1:50,7513.48,7514.52,7510.48,7511.47
7/22/2026 1:40,7512.53,7513.86,7510.63,7513.55
7/22/2026 1:30,7509.46,7512.71,7507.92,7512.55
7/22/2026 1:20,7508.68,7510.48,7507.98,7509.33
7/22/2026 1:10,7512.57,7512.97,7508.79,7508.86
7/22/2026 1:00,7511.83,7513.8,7510.9,7512.53
7/22/2026 0:50,7510.32,7515.31,7510.02,7511.84
7/22/2026 0:40,7512.14,7513.17,7509.54,7510.36
7/22/2026 0:30,7511.61,7512.82,7510.28,7512.32
7/22/2026 0:20,7509.89,7512.65,7509.57,7511.44
7/22/2026 0:10,7506.6,7510.06,7505.5,7509.9
7/22/2026 0:00,7499.25,7508.15,7499.25,7506.58
7/21/2026 23:50,7503.76,7505.14,7499.14,7499.57
7/21/2026 23:40,7500.62,7504.48,7500.62,7503.85
7/21/2026 23:30,7504.79,7505.05,7499.75,7500.83
7/21/2026 23:20,7499.5,7505.15,7498.78,7504.82
7/21/2026 23:10,7495.9,7500.63,7495.28,7499.53
7/21/2026 23:00,7492.73,7495.99,7483.02,7495.69
7/21/2026 22:50,7494.12,7494.67,7488.42,7492.71
7/21/2026 22:40,7488.11,7496.87,7483.05,7494.06
7/21/2026 22:30,7494.05,7496.91,7486.49,7488.36
7/21/2026 22:20,7486.1,7494.77,7480.13,7494.23
7/21/2026 22:10,7477.13,7485.95,7473.15,7485.29
7/21/2026 22:00,7478.99,7483.85,7475.4,7477.59
7/21/2026 21:50,7475.58,7479.5,7468.19,7479.21
7/21/2026 21:40,7479.9,7479.9,7467.86,7475.12
7/21/2026 21:30,7489.95,7492.5,7477.95,7479.73
7/21/2026 4:10,7443.28,7443.28,7443.28,7443.28
7/21/2026 4:00,7444.07,7444.07,7443.28,7443.28
7/21/2026 3:50,7450.92,7451.4,7441.34,7444.7
7/21/2026 3:40,7454.25,7458.51,7451.72,7455.97
7/21/2026 3:30,7453.39,7457.06,7449.3,7454.29
7/21/2026 3:20,7444.18,7453.59,7443.36,7452.42
7/21/2026 3:10,7452.11,7455.9,7440.53,7444.33
7/21/2026 3:00,7452.96,7457.02,7448.2,7452.05
7/21/2026 2:50,7451.68,7456.96,7450.41,7452.71
7/21/2026 2:40,7460.3,7460.68,7449.54,7452.08
7/21/2026 2:30,7470.27,7470.32,7459.91,7460.32
7/21/2026 2:20,7477.85,7478.17,7466.93,7470.6
7/21/2026 2:10,7474.4,7479.08,7472.81,7477.76
7/21/2026 2:00,7471.45,7476.94,7471.12,7474.42
7/21/2026 1:50,7467.89,7473.95,7467.8,7471.12
7/21/2026 1:40,7466.03,7468.88,7461.75,7467.98
7/21/2026 1:30,7467.03,7471.02,7465.38,7466.04
7/21/2026 1:20,7466.72,7470.37,7464.85,7466.86
7/21/2026 1:10,7471.27,7471.77,7461.38,7467.07
7/21/2026 1:00,7475.22,7477.15,7467.37,7471.28
7/21/2026 0:50,7487.19,7487.3,7473.23,7475.24
7/21/2026 0:40,7489.34,7490.35,7473.21,7487.21
7/21/2026 0:30,7490.92,7493.36,7483.89,7489.24
7/21/2026 0:20,7492.72,7494.6,7487.65,7490.68
7/21/2026 0:10,7493.55,7495.51,7489.98,7492.63
7/21/2026 0:00,7485.63,7493.89,7481.62,7493.53
7/20/2026 23:50,7478.38,7489.95,7476.91,7485.65
7/20/2026 23:40,7480.37,7485.47,7476.61,7478.33
7/20/2026 23:30,7484.53,7485.58,7479.6,7480.23
7/20/2026 23:20,7478.01,7484.84,7476.41,7484.32
7/20/2026 23:10,7479.03,7480.4,7471.6,7478.18
7/20/2026 23:00,7465.68,7479.46,7463.44,7479.43
7/20/2026 22:50,7471.09,7474.42,7462.37,7465.96
7/20/2026 22:40,7478.63,7482.78,7470.88,7471.67
7/20/2026 22:30,7482.7,7484.16,7474.78,7478.78
7/20/2026 22:20,7473.71,7482.86,7468.61,7482.49
7/20/2026 22:10,7479.59,7479.62,7471.8,7474.56
7/20/2026 22:00,7483.5,7489.02,7478.81,7480.01
7/20/2026 21:50,7501.9,7503.53,7481.52,7483.6
7/20/2026 21:40,7507.07,7513.05,7501.72,7501.97
7/20/2026 21:30,7489.18,7513.23,7489.18,7507.2
7/18/2026 4:10,7457.69,7457.69,7457.69,7457.69
7/18/2026 4:00,7457.72,7457.72,7457.65,7457.69
7/18/2026 3:50,7466.97,7469,7455.46,7456.53
7/18/2026 3:40,7453.88,7465.54,7451.91,7465.49
7/18/2026 3:30,7457.81,7461.25,7452.95,7453.83
7/18/2026 3:20,7453.97,7458.32,7446.27,7456.69
7/18/2026 3:10,7459.44,7460.15,7450.51,7454.18
7/18/2026 3:00,7469.28,7469.46,7459.19,7459.43
7/18/2026 2:50,7464.4,7471.63,7462.37,7469.06
7/18/2026 2:40,7463.43,7467.89,7456.64,7464.67
7/18/2026 2:30,7462.17,7468.79,7460.09,7462.81
7/18/2026 2:20,7463.61,7466.81,7458.45,7462.3
7/18/2026 2:10,7468.61,7470.68,7461.85,7463.66
7/18/2026 2:00,7471.48,7477.05,7467.31,7468.64
7/18/2026 1:50,7481.37,7481.65,7469.32,7471.25
7/18/2026 1:40,7486.2,7486.2,7480.11,7481.17
7/18/2026 1:30,7494.56,7495.8,7485.17,7486.35
7/18/2026 1:20,7488.51,7496.02,7485.98,7494.84
7/18/2026 1:10,7495.43,7496.8,7488.53,7489.15
7/18/2026 1:00,7489.12,7496.64,7488.67,7495.8
7/18/2026 0:50,7494.33,7498.47,7487.64,7489.01
7/18/2026 0:40,7484.43,7495.18,7481.57,7494.11
7/18/2026 0:30,7484.66,7486.79,7481.34,7484.5
7/18/2026 0:20,7489.63,7490.65,7477.05,7485.01
7/18/2026 0:10,7485.15,7491.62,7483.02,7489.65
7/18/2026 0:00,7494.89,7496.93,7474.93,7485.52
7/17/2026 23:50,7480.93,7495.9,7477.84,7494.75
7/17/2026 23:40,7482.29,7484.62,7475.21,7480.98
7/17/2026 23:30,7479.2,7483.52,7470.34,7482.13
7/17/2026 23:20,7470.18,7480.84,7464.1,7479.73
7/17/2026 23:10,7473.48,7476.87,7465.03,7470.16
7/17/2026 23:00,7476.14,7477.16,7466.58,7473.51
7/17/2026 22:50,7482.26,7486.01,7473.58,7475.28
7/17/2026 22:40,7491.72,7493.32,7478.86,7482.28
7/17/2026 22:30,7489.17,7493.39,7481.05,7493.11
7/17/2026 22:20,7491.02,7497.09,7487.41,7488.87
7/17/2026 22:10,7487.58,7498.43,7485.18,7491.43
7/17/2026 22:00,7473.36,7489.35,7472.45,7487.75
7/17/2026 21:50,7454.61,7473.67,7454.36,7473.59
7/17/2026 21:40,7438.07,7455.87,7433,7454.86
7/17/2026 21:30,7447.52,7448.48,7431.26,7438.2
7/17/2026 4:10,7533.77,7533.77,7533.77,7533.77
7/17/2026 4:00,7533.6,7533.89,7533.6,7533.77
7/17/2026 3:50,7511.25,7534.68,7508.85,7533.52
7/17/2026 3:40,7515.15,7517.02,7504.02,7507.11
7/17/2026 3:30,7516.03,7517.15,7509.56,7515.78
7/17/2026 3:20,7522.86,7524.91,7514.07,7516.02
7/17/2026 3:10,7522.13,7523.4,7519.18,7522.5
7/17/2026 3:00,7527.26,7532.96,7522.37,7522.48
7/17/2026 2:50,7532.86,7534.71,7526.8,7527.51
7/17/2026 2:40,7529.03,7534.07,7525.2,7532.98
7/17/2026 2:30,7534.35,7534.35,7528.86,7528.86
7/17/2026 2:20,7536.74,7542.53,7534.16,7534.75
7/17/2026 2:10,7532.86,7539.57,7529.96,7537.13
7/17/2026 2:00,7537.77,7540.01,7529.65,7531.87
7/17/2026 1:50,7542.24,7543.63,7535.72,7537.96
7/17/2026 1:40,7541.61,7544.08,7536,7542.17
7/17/2026 1:30,7552.83,7553.81,7541.4,7541.86
7/17/2026 1:20,7549.79,7554.3,7545.9,7552.82
7/17/2026 1:10,7552.18,7553.16,7547.12,7549.91
7/17/2026 1:00,7554.49,7554.53,7547.91,7552.48
7/17/2026 0:50,7545.86,7555.23,7544.56,7554.19
7/17/2026 0:40,7544.65,7547.52,7542.45,7545.96
7/17/2026 0:30,7544.82,7550.82,7544.34,7544.45
7/17/2026 0:20,7546.97,7546.97,7539.74,7544.47
7/17/2026 0:10,7554.5,7554.5,7544.3,7547.64
7/17/2026 0:00,7561.75,7561.75,7549.17,7554.75
7/16/2026 23:50,7560.68,7566.79,7558.8,7561.55
7/16/2026 23:40,7569.13,7569.8,7556.13,7560.68
7/16/2026 23:30,7564.16,7569.68,7558.53,7569.22
7/16/2026 23:20,7562.07,7570.23,7555.5,7564.04
7/16/2026 23:10,7560.8,7562.86,7555.32,7561.88
7/16/2026 23:00,7567.25,7569.42,7556.51,7560.93
7/16/2026 22:50,7567.13,7567.37,7558.43,7567.27
7/16/2026 22:40,7564.68,7570.59,7562.94,7567.39
7/16/2026 22:30,7569.28,7570.74,7564.03,7564.73
7/16/2026 22:20,7565.28,7570.36,7557.02,7570.17
7/16/2026 22:10,7560.34,7565.18,7558.64,7564.71
7/16/2026 22:00,7543.04,7561.76,7543.04,7560.29
7/16/2026 21:50,7534.46,7547.6,7534.41,7545.71
7/16/2026 21:40,7540.96,7547.72,7531.72,7534.5
7/16/2026 21:30,7558.8,7560.67,7540.7,7541.65
7/16/2026 4:10,7572.4,7572.4,7572.4,7572.4
7/16/2026 4:00,7572.77,7572.77,7572.4,7572.4
7/16/2026 3:50,7565.55,7573.38,7562.82,7572.59
7/16/2026 3:40,7563.39,7567.23,7560.28,7561.3
7/16/2026 3:30,7561.69,7564.75,7556.71,7563.52
7/16/2026 3:20,7560.63,7562.52,7557,7561.54
7/16/2026 3:10,7560.95,7564.54,7560.46,7560.52
7/16/2026 3:00,7557.01,7564.26,7556.17,7561.1
7/16/2026 2:50,7562.24,7562.79,7556.48,7557.03
7/16/2026 2:40,7570.44,7571.64,7560.68,7562.21
7/16/2026 2:30,7572.38,7574.84,7570.02,7570.34
7/16/2026 2:20,7569.02,7574.11,7568.97,7572.26
7/16/2026 2:10,7571.15,7573.15,7567.94,7569.25
7/16/2026 2:00,7567.79,7572.15,7567.37,7571.13
7/16/2026 1:50,7566.12,7570.56,7564.69,7567.76
7/16/2026 1:40,7559.91,7566.55,7557.81,7565.97
7/16/2026 1:30,7553.75,7560.37,7553.75,7559.86
7/16/2026 1:20,7549.6,7553.92,7547.53,7553.92
7/16/2026 1:10,7546.55,7550.06,7543.16,7549.69
7/16/2026 1:00,7542.19,7549.91,7541.7,7546.37
7/16/2026 0:50,7538.87,7543.85,7535.48,7542.15
7/16/2026 0:40,7529.51,7546.66,7526.95,7538.75
7/16/2026 0:30,7533.59,7536.77,7527.25,7529.72
7/16/2026 0:20,7535.48,7536.74,7529.46,7533.67
7/16/2026 0:10,7544.82,7546.34,7534.94,7535.35
7/16/2026 0:00,7551.65,7553.93,7539.63,7544.79
7/15/2026 23:50,7554.01,7554.01,7548.85,7552.38
7/15/2026 23:40,7562.26,7563.09,7553.46,7554.05
7/15/2026 23:30,7562.04,7564.56,7556.97,7562.41
7/15/2026 23:20,7558.13,7561.99,7550.42,7561.86
7/15/2026 23:10,7566.39,7567.55,7548.07,7558.49
7/15/2026 23:00,7560.14,7567.06,7555.36,7566.59
7/15/2026 22:50,7563.43,7563.65,7552.96,7560.45
7/15/2026 22:40,7562.24,7564.92,7553.87,7563.15
7/15/2026 22:30,7571.31,7573.59,7560.48,7561.72
7/15/2026 22:20,7578.84,7579.08,7559.02,7571.53
7/15/2026 22:10,7576.96,7581.5,7572.52,7578.68
7/15/2026 22:00,7571.4,7579.47,7571.4,7576.68
7/15/2026 21:50,7562.32,7571.21,7557.34,7571.21
7/15/2026 21:40,7574.18,7574.82,7559.71,7561.75
7/15/2026 21:30,7571.72,7580.76,7569.59,7574.64
7/15/2026 4:10,7543.59,7543.59,7543.59,7543.59
7/15/2026 4:00,7544.37,7544.38,7543.59,7543.59
7/15/2026 3:50,7550.47,7550.8,7543.35,7544.03
7/15/2026 3:40,7545.24,7551.25,7544.88,7551.07
7/15/2026 3:30,7544.72,7549.02,7544.09,7545.41
7/15/2026 3:20,7547.81,7551.03,7547.26,7547.63
7/15/2026 3:10,7545.34,7548.79,7544.21,7547.66
7/15/2026 3:00,7548.16,7548.88,7544.79,7545.41
7/15/2026 2:50,7546.06,7549.77,7545.43,7548.37
7/15/2026 2:40,7550.09,7550.09,7545.08,7546.27
7/15/2026 2:30,7551.22,7552.18,7548.1,7550.07
7/15/2026 2:20,7552.29,7554.17,7549.45,7551.15
7/15/2026 2:10,7550.82,7554.02,7549.96,7552.33
7/15/2026 2:00,7548.82,7551.48,7545.69,7550.81
7/15/2026 1:50,7547.34,7549.36,7547.26,7548.78
7/15/2026 1:40,7547.27,7548.68,7544.39,7547.3
7/15/2026 1:30,7550.35,7551.36,7544.58,7547.4
7/15/2026 1:20,7547.22,7551.93,7547.22,7549.52
7/15/2026 1:10,7547.2,7548.54,7543.14,7547.17
7/15/2026 1:00,7544.75,7547.55,7542.61,7547.4
7/15/2026 0:50,7540.08,7544.91,7539.12,7544.91
7/15/2026 0:40,7539.11,7543.8,7536.15,7540.1
7/15/2026 0:30,7534.24,7539.64,7532.22,7539.16
7/15/2026 0:20,7530.77,7535.1,7526.85,7534.37
7/15/2026 0:10,7531.43,7532.78,7526.99,7530.92
7/15/2026 0:00,7536.9,7536.9,7526.83,7531.09
7/14/2026 23:50,7542.68,7543.48,7533,7536.54
7/14/2026 23:40,7545.07,7545.87,7534.47,7542.64
7/14/2026 23:30,7552.89,7554.67,7542.41,7545.13
7/14/2026 23:20,7545.97,7553.45,7543.4,7553.06
7/14/2026 23:10,7554.55,7555.92,7544.04,7546.1
7/14/2026 23:00,7543.71,7556.75,7538.92,7554.83
7/14/2026 22:50,7533.92,7545.16,7531.07,7543.1
7/14/2026 22:40,7545.78,7548.49,7533.72,7534.44
7/14/2026 22:30,7534.11,7557.44,7531.7,7545.71
7/14/2026 22:20,7524.54,7537.84,7524.54,7533.7
7/14/2026 22:10,7527.98,7530.42,7513.23,7524.89
7/14/2026 22:00,7539.43,7540.64,7524.87,7528.43
7/14/2026 21:50,7536.91,7542.25,7533.43,7539.96
7/14/2026 21:40,7537.78,7544.45,7532.43,7536.04
7/14/2026 21:30,7536.7,7539.35,7520.79,7538.18
7/14/2026 4:10,7515.34,7515.34,7515.34,7515.34
7/14/2026 4:00,7516.17,7516.17,7515.34,7515.34
7/14/2026 3:50,7515.99,7521.32,7514.78,7515.18
7/14/2026 3:40,7507.96,7515.7,7507.33,7513.94
7/14/2026 3:30,7509.88,7513.92,7506.41,7507.97
7/14/2026 3:20,7517.87,7518.03,7508.33,7509.4
7/14/2026 3:10,7520.53,7520.74,7516.4,7517.87
7/14/2026 3:00,7522.12,7525.42,7518.22,7520.43
7/14/2026 2:50,7523.45,7526.08,7520.06,7521.57
7/14/2026 2:40,7522.59,7526.33,7521.23,7523.37
7/14/2026 2:30,7518.09,7523.23,7515.48,7522.68
7/14/2026 2:20,7518.01,7521.21,7516.6,7518.18
7/14/2026 2:10,7522.3,7524.24,7516.51,7517.91
7/14/2026 2:00,7518.19,7527.48,7517.78,7522.25
7/14/2026 1:50,7522.07,7522.43,7517.71,7518.1
7/14/2026 1:40,7522.19,7527.75,7520.39,7522.04
7/14/2026 1:30,7524.09,7526.29,7520.44,7522.29
7/14/2026 1:20,7526.93,7529.39,7520.97,7523.63
7/14/2026 1:10,7529.8,7531.91,7522.46,7527.5
7/14/2026 1:00,7524.67,7530.49,7523.5,7529.7
7/14/2026 0:50,7525.35,7526.3,7518.49,7524.4
7/14/2026 0:40,7525.03,7531.98,7521.31,7525.4
7/14/2026 0:30,7528.4,7528.4,7514.66,7525.15
7/14/2026 0:20,7534.64,7534.74,7525.95,7528.78
7/14/2026 0:10,7540.76,7543.72,7532.68,7534.79
7/14/2026 0:00,7537.69,7540.89,7536.02,7540.81
7/13/2026 23:50,7543.5,7543.8,7537.28,7538.24
7/13/2026 23:40,7547.47,7547.88,7541.38,7543.5
7/13/2026 23:30,7550.06,7551.5,7545.11,7547.46
7/13/2026 23:20,7548.93,7551.62,7545.78,7550.08
7/13/2026 23:10,7548.58,7551.77,7545.26,7548.73
7/13/2026 23:00,7554.75,7556.81,7547.62,7548.38
7/13/2026 22:50,7549.77,7554.09,7542.09,7553.68
7/13/2026 22:40,7548.53,7550.18,7536.2,7550.18
7/13/2026 22:30,7557.49,7558.58,7545.65,7548.51
7/13/2026 22:20,7544.98,7557.48,7541.24,7557.09
7/13/2026 22:10,7553.85,7559.83,7529.33,7544.18
7/13/2026 22:00,7561.02,7564.92,7548.66,7553.8
7/13/2026 21:50,7554.46,7562.95,7544.18,7561.39
7/13/2026 21:40,7557.42,7557.42,7548.14,7554.63
7/13/2026 21:30,7547.53,7565.37,7547.53,7557.88
7/11/2026 4:10,7575.39,7575.39,7575.39,7575.39
7/11/2026 4:00,7575.21,7575.39,7575.21,7575.39
7/11/2026 3:50,7578.92,7579.93,7572.36,7574.87
7/11/2026 3:40,7576.79,7578.68,7575.76,7577.32
7/11/2026 3:30,7576.02,7577.66,7574.15,7576.84
7/11/2026 3:20,7576.52,7576.89,7574.77,7575.64
7/11/2026 3:10,7575.58,7577.67,7575.46,7576.51
7/11/2026 3:00,7571.2,7577.25,7571,7575.34
7/11/2026 2:50,7570.98,7572.94,7570.45,7571.17
7/11/2026 2:40,7570.37,7572.34,7570.19,7570.98
7/11/2026 2:30,7570.49,7572.2,7569.59,7570.27
7/11/2026 2:20,7568.5,7571.95,7567.11,7570.38
7/11/2026 2:10,7568.85,7571.05,7567.48,7568.33
7/11/2026 2:00,7566.78,7569.49,7566.11,7569.01
7/11/2026 1:50,7569.12,7570.33,7565.94,7566.41
7/11/2026 1:40,7569,7569.77,7567.16,7569.21
7/11/2026 1:30,7566.48,7570.43,7565.56,7568.86
7/11/2026 1:20,7564.65,7567.09,7564.65,7566.35
7/11/2026 1:10,7562.75,7566.45,7561.42,7564.81
7/11/2026 1:00,7566.33,7566.7,7562.25,7562.7
7/11/2026 0:50,7564.58,7567.8,7564.58,7566.4
7/11/2026 0:40,7559.19,7565.41,7559.19,7564.66
7/11/2026 0:30,7558.58,7562.52,7557.22,7559.25
7/11/2026 0:20,7562.04,7562.67,7558.06,7558.28
7/11/2026 0:10,7556.18,7563.42,7555.35,7562.28
7/11/2026 0:00,7554.38,7559.15,7554.38,7556.12
7/10/2026 23:50,7551.17,7555.51,7549.62,7554.16
7/10/2026 23:40,7550,7552.83,7540.62,7551.33
7/10/2026 23:30,7559.32,7559.96,7549.89,7550.33
7/10/2026 23:20,7553.38,7560.4,7551.11,7558.78
7/10/2026 23:10,7543.22,7557.39,7542.77,7553.3
7/10/2026 23:00,7538.6,7543.03,7532.37,7543.03
7/10/2026 22:50,7549.83,7551.56,7536.82,7538.11
7/10/2026 22:40,7543.87,7550.06,7539.91,7549.68
7/10/2026 22:30,7552.64,7556.6,7508.16,7543.21
7/10/2026 22:20,7552.87,7556.96,7546.63,7552.38
7/10/2026 22:10,7557.8,7558.02,7549.84,7552.38
7/10/2026 22:00,7555.7,7559.96,7551.58,7557.55
7/10/2026 21:50,7556.64,7559.28,7552.64,7555.75
7/10/2026 21:40,7551.89,7558.15,7543.35,7556.87
7/10/2026 21:30,7547.64,7559.34,7547.3,7551.76
7/10/2026 4:10,7543.64,7543.64,7543.64,7543.64
7/10/2026 4:00,7543.24,7543.67,7543.24,7543.64
7/10/2026 3:50,7537.86,7542.9,7535.16,7542.9
7/10/2026 3:40,7540.2,7541.76,7538.45,7539.42
7/10/2026 3:30,7537.71,7541.11,7535.95,7540.17
7/10/2026 3:20,7540.19,7541.49,7537.8,7537.85
7/10/2026 3:10,7534.94,7540.58,7533.83,7540.47
7/10/2026 3:00,7538.05,7538.05,7533.89,7534.97
7/10/2026 2:50,7540.23,7540.71,7536.21,7537.89
7/10/2026 2:40,7538.85,7540.77,7537.8,7540.27
7/10/2026 2:30,7542.29,7543.2,7538.55,7538.77
7/10/2026 2:20,7544.06,7544.06,7539.79,7541.96
7/10/2026 2:10,7544.5,7546.05,7542.95,7543.93
7/10/2026 2:00,7543.39,7545.2,7541.94,7544.32
7/10/2026 1:50,7545.54,7546.53,7541.24,7543.21
7/10/2026 1:40,7544.71,7546.89,7542.82,7545.54
7/10/2026 1:30,7544.85,7546.35,7541.86,7544.71
7/10/2026 1:20,7542.65,7544.97,7540.98,7544.81
7/10/2026 1:10,7538.04,7542.83,7538.04,7542.48
7/10/2026 1:00,7530.99,7539.05,7530.75,7538.15
7/10/2026 0:50,7532.12,7533.1,7529.14,7530.95
7/10/2026 0:40,7532.89,7534.94,7530.71,7532.03
7/10/2026 0:30,7533.43,7535.76,7530.18,7532.8
7/10/2026 0:20,7532.2,7534.9,7530.9,7533.62
7/10/2026 0:10,7531.03,7533.3,7530.26,7532.26
7/10/2026 0:00,7526.19,7532.47,7526.19,7531.12
7/9/2026 23:50,7528.52,7528.66,7525.25,7525.92
7/9/2026 23:40,7525.63,7529.34,7524.55,7528.43
7/9/2026 23:30,7525.18,7525.74,7521.82,7525.68
7/9/2026 23:20,7519.45,7526.8,7519.39,7524.97
7/9/2026 23:10,7522.88,7522.88,7517.04,7519.25
7/9/2026 23:00,7514.45,7522.7,7512.87,7522.08
7/9/2026 22:50,7506.62,7515.44,7499.37,7514.07
7/9/2026 22:40,7510.56,7511.17,7505.11,7506.7
7/9/2026 22:30,7505.95,7510.81,7497.72,7510.29
7/9/2026 22:20,7488.3,7508.35,7481.73,7506.31
7/9/2026 22:10,7506.57,7506.7,7486.15,7488.47
7/9/2026 22:00,7513.99,7517.41,7506.93,7506.96
7/9/2026 21:50,7508.42,7519.49,7505.69,7513.67
7/9/2026 21:40,7508.56,7514.9,7502.33,7508.51
7/9/2026 21:30,7491.6,7510.01,7483.29,7507.59
7/9/2026 4:10,7482.71,7482.71,7482.71,7482.71
7/9/2026 4:00,7482.35,7482.72,7482.35,7482.71
7/9/2026 3:50,7474.13,7488.51,7474.12,7481.28
7/9/2026 3:40,7478.71,7480.92,7471.53,7474.96
7/9/2026 3:30,7479.22,7481.17,7475.36,7478.87
7/9/2026 3:20,7475.68,7480.71,7475.16,7479.09
7/9/2026 3:10,7480.23,7480.4,7473.96,7475.42
7/9/2026 3:00,7480.65,7484.07,7477.05,7480.18
7/9/2026 2:50,7479.82,7481.92,7475.33,7480.52
7/9/2026 2:40,7478.96,7480.12,7473.02,7479.87
7/9/2026 2:30,7473.8,7479.74,7470.15,7478.96
7/9/2026 2:20,7478.88,7479.8,7474.08,7474.1
7/9/2026 2:10,7479.34,7482,7474.85,7478.95
7/9/2026 2:00,7470.61,7481,7467.52,7479.83
7/9/2026 1:50,7470.62,7475.61,7466.05,7470.76
7/9/2026 1:40,7480.28,7480.28,7469.83,7470.65
7/9/2026 1:30,7484.54,7487.41,7480.04,7480.04
7/9/2026 1:20,7476.8,7484.62,7475.72,7484.56
7/9/2026 1:10,7470.12,7476.64,7467.2,7476.47
7/9/2026 1:00,7473.88,7474.45,7468.76,7469.9
7/9/2026 0:50,7469.82,7474.59,7468.2,7474.12
7/9/2026 0:40,7457,7470.01,7457,7469.63
7/9/2026 0:30,7457.16,7464.51,7451.85,7458.77
7/9/2026 0:20,7452.51,7459.98,7452.51,7457.64
7/9/2026 0:10,7443.39,7453.13,7443.39,7452.46
7/9/2026 0:00,7433.4,7443.82,7432.53,7443.03
7/8/2026 23:50,7431.54,7434.01,7426.23,7432.72
7/8/2026 23:40,7432.38,7437.55,7429.53,7431.57
7/8/2026 23:30,7426.24,7438.61,7421.82,7432.44
7/8/2026 23:20,7439.04,7441.15,7422.06,7425.7
7/8/2026 23:10,7440.75,7444.01,7430.09,7439.04
7/8/2026 23:00,7446.38,7446.38,7440.52,7441.05
7/8/2026 22:50,7438.86,7454.98,7435.64,7445.35
7/8/2026 22:40,7447.71,7453.19,7439.07,7439.07
7/8/2026 22:30,7457.58,7462.26,7448.5,7448.7
7/8/2026 22:20,7457.38,7471.37,7454.23,7458
7/8/2026 22:10,7469.26,7470.43,7453.45,7457.98
7/8/2026 22:00,7468.02,7472.57,7462.52,7469.59
7/8/2026 21:50,7463.16,7473.03,7459.53,7467.16
7/8/2026 21:40,7466.06,7476.44,7463.35,7463.35
7/8/2026 21:30,7476.54,7476.54,7452.6,7466.95
7/8/2026 4:10,7503.85,7503.85,7503.85,7503.85
7/8/2026 4:00,7503.62,7503.85,7503.62,7503.85
7/8/2026 3:50,7499.31,7506.01,7496.63,7503.83
7/8/2026 3:40,7493.72,7496.63,7490.46,7496.48
7/8/2026 3:30,7494.22,7499.44,7492.98,7493.94
7/8/2026 3:20,7492.4,7496.72,7490.8,7493.47
7/8/2026 3:10,7493.65,7496.37,7486.99,7492.66
7/8/2026 3:00,7501.99,7502.93,7493.35,7493.65
7/8/2026 2:50,7508.33,7508.87,7501.26,7501.68
7/8/2026 2:40,7516.65,7516.65,7504.44,7508.14
7/8/2026 2:30,7517.09,7517.63,7512.36,7516.48
7/8/2026 2:20,7518.3,7520.31,7515.58,7516.71
7/8/2026 2:10,7516.67,7519.17,7515.88,7518.2
7/8/2026 2:00,7519.09,7519.93,7515.77,7516.4
7/8/2026 1:50,7516.35,7519.02,7513.95,7519.02
7/8/2026 1:40,7518.69,7520.26,7515.09,7516.48
7/8/2026 1:30,7516.01,7519.57,7515.93,7518.7
7/8/2026 1:20,7513.52,7518.84,7513.04,7515.87
7/8/2026 1:10,7518.72,7518.72,7511.49,7513.23
7/8/2026 1:00,7516.92,7520.53,7516.11,7518.69
7/8/2026 0:50,7518.3,7518.9,7512.48,7516.88
7/8/2026 0:40,7514.96,7518.48,7512.82,7518.13
7/8/2026 0:30,7515.44,7517.55,7509.89,7515.16
7/8/2026 0:20,7507.68,7517.3,7507.68,7515.56
7/8/2026 0:10,7502.37,7508.62,7502.37,7507.76
7/8/2026 0:00,7500.65,7507.67,7499.47,7502.05
7/7/2026 23:50,7493.35,7500.92,7493.35,7500.82
7/7/2026 23:40,7482.69,7498.65,7480.51,7493.49
7/7/2026 23:30,7489.85,7490.89,7482.6,7483.03
7/7/2026 23:20,7485.44,7489.45,7484.23,7489.38
7/7/2026 23:10,7491.74,7492.75,7483.51,7485.74
7/7/2026 23:00,7491.06,7492.39,7485.54,7491.66
7/7/2026 22:50,7488.05,7495.26,7485.95,7490.6
7/7/2026 22:40,7485.62,7490.87,7478.63,7487.95
7/7/2026 22:30,7492.58,7496.45,7485.49,7485.53
7/7/2026 22:20,7501.25,7503.03,7486.71,7493.18
7/7/2026 22:10,7508.59,7508.59,7491.08,7501.18
7/7/2026 22:00,7514.88,7517.59,7507.46,7508.93
7/7/2026 21:50,7522.47,7525.57,7508.75,7515.52
7/7/2026 21:40,7520.07,7529.06,7519.2,7522.75
7/7/2026 21:30,7516.63,7536.06,7516.63,7521.23
7/7/2026 4:10,7537.43,7537.43,7537.43,7537.43
7/7/2026 4:00,7537.94,7537.94,7537.42,7537.43
7/7/2026 3:50,7542.25,7544.1,7535.71,7537.98
7/7/2026 3:40,7546.91,7549.71,7545.48,7546.65
7/7/2026 3:30,7550.05,7550.18,7544.99,7546.7
7/7/2026 3:20,7549.05,7551.31,7548.09,7550.35
7/7/2026 3:10,7545.84,7549.37,7544.54,7549.02
7/7/2026 3:00,7547.35,7549,7544.54,7545.68
7/7/2026 2:50,7543.42,7547.78,7542.89,7546.79
7/7/2026 2:40,7538.43,7544.2,7538.43,7543.48
7/7/2026 2:30,7540.85,7542.66,7537.81,7538.26
7/7/2026 2:20,7541.31,7543.58,7540.14,7540.72
7/7/2026 2:10,7536.98,7542.49,7535.46,7541.25
7/7/2026 2:00,7529.08,7538.77,7529.08,7536.79
7/7/2026 1:50,7530.59,7532.76,7526.27,7528.55
7/7/2026 1:40,7529.95,7531.38,7524.17,7530.28
7/7/2026 1:30,7534.5,7534.99,7529.2,7530.42
7/7/2026 1:20,7537.98,7538.49,7533.93,7534.55
7/7/2026 1:10,7541.58,7542.28,7537.27,7538.06
7/7/2026 1:00,7532.28,7542.37,7531.96,7541.58
7/7/2026 0:50,7537.76,7538.35,7531.67,7532.15
7/7/2026 0:40,7533.66,7537.94,7533.16,7537.85
7/7/2026 0:30,7533.69,7534.85,7531.66,7533.74
7/7/2026 0:20,7537.53,7538.64,7533.3,7533.86
7/7/2026 0:10,7536.93,7538.84,7536.23,7537.67
7/7/2026 0:00,7535.28,7538.15,7534.04,7536.62
7/6/2026 23:50,7536.38,7537.4,7533.8,7536.18
7/6/2026 23:40,7533.82,7536.81,7533.01,7536.42
7/6/2026 23:30,7535.44,7537.13,7531.66,7533.5
7/6/2026 23:20,7527.56,7535.62,7525.57,7535.45
7/6/2026 23:10,7529.76,7531.48,7523.94,7527.39
7/6/2026 23:00,7530,7531.61,7527.04,7529.63
7/6/2026 22:50,7525.36,7529.66,7523.61,7529.66
7/6/2026 22:40,7523.91,7526.12,7518.64,7525.1
7/6/2026 22:30,7526.88,7529.17,7521.85,7523.7
7/6/2026 22:20,7519.59,7527.47,7517.95,7526.73
7/6/2026 22:10,7514.27,7522.44,7513.61,7519.34
7/6/2026 22:00,7512.98,7517.42,7508.27,7515.45
7/6/2026 21:50,7516.09,7522.14,7510.64,7512.75
7/6/2026 21:40,7508.83,7517.6,7504.43,7516.56
7/6/2026 21:30,7506.96,7522.42,7500.97,7510.47
7/3/2026 4:10,7483.24,7483.24,7483.24,7483.24
7/3/2026 4:00,7481.7,7483.24,7481.7,7483.24
7/3/2026 3:50,7468.02,7483.54,7464.97,7478.06
7/3/2026 3:40,7458.33,7460.99,7455.01,7460.3
7/3/2026 3:30,7451.11,7459.12,7449.4,7458.2
7/3/2026 3:20,7445.87,7453.92,7441.81,7450.35
7/3/2026 3:10,7446.23,7449.44,7442.63,7445.61
7/3/2026 3:00,7456.83,7458.48,7440.73,7445.8
7/3/2026 2:50,7459.68,7462.58,7452.68,7456.73
7/3/2026 2:40,7458.7,7460.12,7452.38,7459.68
7/3/2026 2:30,7454.05,7461.08,7453.92,7458.54
7/3/2026 2:20,7443.86,7454.62,7443.82,7454.31
7/3/2026 2:10,7451.94,7455.79,7441.49,7444.05
7/3/2026 2:00,7429.28,7451.62,7427.55,7451.62
7/3/2026 1:50,7433.03,7437.49,7427.56,7429.17
7/3/2026 1:40,7434.18,7439.09,7429.22,7433.1
7/3/2026 1:30,7442.79,7447.85,7433.28,7434.07
7/3/2026 1:20,7441.52,7446.56,7438.87,7442.81
7/3/2026 1:10,7441.87,7448.55,7439.32,7441.43
7/3/2026 1:00,7448.4,7449.32,7431.7,7441.93
7/3/2026 0:50,7456.53,7460.49,7445.26,7448.72
7/3/2026 0:40,7453.8,7460.19,7453.31,7456.49
7/3/2026 0:30,7462.43,7463.01,7448.81,7453.26
7/3/2026 0:20,7468.01,7468.09,7461.12,7462.35
7/3/2026 0:10,7466.19,7473.89,7464.97,7467.81
7/3/2026 0:00,7473.9,7475.86,7464.27,7465.95
7/2/2026 23:50,7475.62,7476.66,7467.58,7473.74
7/2/2026 23:40,7489.55,7492.95,7475.22,7475.96
7/2/2026 23:30,7476.69,7494.18,7476.3,7489.55
7/2/2026 23:20,7474.28,7487.31,7470.04,7476.38
7/2/2026 23:10,7480.23,7492.36,7471.63,7473.14
7/2/2026 23:00,7504.33,7505.38,7468.98,7480.25
7/2/2026 22:50,7500.12,7504.24,7487.37,7504.24
7/2/2026 22:40,7511.52,7513.17,7490.26,7499.41
7/2/2026 22:30,7507.65,7521.33,7503.82,7511.88
7/2/2026 22:20,7534.68,7535.69,7503.73,7507.58
7/2/2026 22:10,7531.8,7540.75,7524.84,7534.46
7/2/2026 22:00,7535.54,7539.14,7529.63,7530.84
7/2/2026 21:50,7532.62,7540.45,7529.17,7535.7
7/2/2026 21:40,7516.44,7535.89,7515.39,7532.6
7/2/2026 21:30,7495.14,7520.02,7495.14,7515.64
7/2/2026 4:10,7483.23,7483.23,7483.23,7483.23
7/2/2026 4:00,7483.89,7483.89,7483.23,7483.23
7/2/2026 3:50,7494.17,7495.32,7479.31,7483.52
7/2/2026 3:40,7496.21,7496.32,7491,7492.53
7/2/2026 3:30,7497.64,7500.86,7495.07,7496.08
7/2/2026 3:20,7501.79,7503.06,7496.67,7497.22
7/2/2026 3:10,7504.09,7504.09,7499.86,7501.91
7/2/2026 3:00,7495.77,7504.81,7495.55,7504.33
7/2/2026 2:50,7496.53,7496.94,7491.65,7495.93
7/2/2026 2:40,7500.49,7500.49,7494.48,7496.54
7/2/2026 2:30,7498.34,7501.26,7497.13,7500.09
7/2/2026 2:20,7499.27,7502.36,7498.46,7498.56
7/2/2026 2:10,7502.85,7503.08,7494.65,7499.12
7/2/2026 2:00,7499.34,7504.64,7499.16,7502.78
7/2/2026 1:50,7502.19,7504.63,7499.03,7499.39
7/2/2026 1:40,7506.83,7507.45,7500.4,7501.52
7/2/2026 1:30,7506.63,7509.13,7503.7,7507.09
7/2/2026 1:20,7508.66,7511.8,7506.59,7506.7
7/2/2026 1:10,7502.37,7508.85,7500.46,7508.54
7/2/2026 1:00,7503.44,7507.03,7498.31,7502.58
7/2/2026 0:50,7511.38,7513.28,7501.94,7503.27
7/2/2026 0:40,7513.16,7515.25,7510.2,7511.28
7/2/2026 0:30,7517.25,7519.3,7513.25,7513.25
7/2/2026 0:20,7518.13,7521.81,7516.9,7517.04
7/2/2026 0:10,7516.13,7519.14,7514.9,7518.08
7/2/2026 0:00,7515.54,7519.21,7514.27,7515.76
7/1/2026 23:50,7512.31,7515.99,7510.67,7515.04
7/1/2026 23:40,7513.57,7516.26,7511.17,7511.74
7/1/2026 23:30,7520.84,7520.96,7510.76,7513.37
7/1/2026 23:20,7512.64,7521.11,7512.64,7520.48
7/1/2026 23:10,7503.78,7513.16,7501.86,7512.3
7/1/2026 23:00,7496.44,7507.76,7496.36,7503.93
7/1/2026 22:50,7491.93,7498.67,7490.71,7496.48
7/1/2026 22:40,7496.7,7497.91,7484.41,7491.97
7/1/2026 22:30,7496.21,7496.97,7487.68,7496.7
7/1/2026 22:20,7494.18,7498.21,7493.78,7496.05
7/1/2026 22:10,7488.56,7496.54,7487.82,7494.85
7/1/2026 22:00,7481.88,7490.74,7477.52,7488.45
7/1/2026 21:50,7464.13,7480.88,7463.03,7480.88
7/1/2026 21:40,7455.93,7467.41,7454.99,7463.82
7/1/2026 21:30,7478.84,7479.24,7449.63,7457.15
7/1/2026 4:10,7499.36,7499.36,7499.36,7499.36
7/1/2026 4:00,7496.39,7499.36,7496.39,7499.36
7/1/2026 3:50,7496.96,7507.67,7495.18,7496.4
7/1/2026 3:40,7497.53,7501.37,7496.73,7497.53
7/1/2026 3:30,7502.48,7502.98,7496.16,7498
7/1/2026 3:20,7504.34,7506.25,7501.9,7502.54
7/1/2026 3:10,7503.38,7508.29,7502.18,7504.36
7/1/2026 3:00,7499.92,7503.99,7499.79,7503.42
7/1/2026 2:50,7501.52,7502.65,7498.43,7499.86
7/1/2026 2:40,7495.17,7501.42,7495.17,7501.42
7/1/2026 2:30,7495.77,7496.87,7493.88,7495.19
7/1/2026 2:20,7497.8,7499.11,7494.78,7495.77
7/1/2026 2:10,7494.8,7497.94,7494.15,7497.76
7/1/2026 2:00,7493.05,7496.61,7491.17,7494.94
7/1/2026 1:50,7491.87,7493.84,7491.02,7492.69
7/1/2026 1:40,7489.94,7494.67,7489.89,7491.72
7/1/2026 1:30,7493.5,7495.1,7489.71,7490.22
7/1/2026 1:20,7494.99,7496.91,7492.07,7493.2
7/1/2026 1:10,7497.23,7497.57,7493.68,7494.79
7/1/2026 1:00,7496.08,7499.6,7495.95,7497.39
7/1/2026 0:50,7496.57,7498.87,7494.71,7495.89
7/1/2026 0:40,7492.04,7496.67,7491.75,7496.54
7/1/2026 0:30,7491.21,7492.63,7489.52,7492.1
7/1/2026 0:20,7492.31,7493.58,7490.81,7491.16
7/1/2026 0:10,7488.9,7493.7,7488.64,7492.41
7/1/2026 0:00,7486.54,7491.77,7485.72,7488.79
6/30/2026 23:50,7482.75,7487.89,7481.5,7486.13
6/30/2026 23:40,7477.82,7484.89,7476.34,7482.65
6/30/2026 23:30,7480.72,7482.64,7477.06,7477.87
6/30/2026 23:20,7474.01,7481.57,7473.46,7480.82
6/30/2026 23:10,7472.59,7477.75,7471.42,7474.03
6/30/2026 23:00,7461.57,7472.99,7460.85,7472.43
6/30/2026 22:50,7466.63,7470.39,7457.73,7461.21
6/30/2026 22:40,7473.2,7477.46,7465.1,7466.19
6/30/2026 22:30,7472.34,7480.71,7471.39,7473.42
6/30/2026 22:20,7463.63,7473.38,7462.74,7472.34
6/30/2026 22:10,7463.03,7466.57,7459.29,7463.78
6/30/2026 22:00,7466.25,7473.41,7456.85,7463.06
6/30/2026 21:50,7448.61,7467.99,7447.86,7467.99
6/30/2026 21:40,7441.89,7450.97,7440.28,7448.61
6/30/2026 21:30,7441.27,7449.92,7438.04,7442.83
6/30/2026 4:10,7440.43,7440.43,7440.43,7440.43
6/30/2026 4:00,7439.86,7440.43,7439.86,7440.43
6/30/2026 3:50,7435.79,7444.32,7431.69,7439.18
6/30/2026 3:40,7436.8,7438.71,7433.73,7437.27
6/30/2026 3:30,7438.06,7438.06,7433.18,7436.72
6/30/2026 3:20,7436.12,7440.48,7436.08,7437.75
6/30/2026 3:10,7436.92,7437.15,7433.14,7435.81
6/30/2026 3:00,7436.48,7438.55,7433.2,7436.93
6/30/2026 2:50,7438.82,7439.08,7435,7436.14
6/30/2026 2:40,7436.37,7440.64,7435.74,7438.81
6/30/2026 2:30,7430.91,7438.06,7430.49,7436.31
6/30/2026 2:20,7433.15,7434.49,7430.13,7430.66
6/30/2026 2:10,7434.41,7435.98,7432.96,7433.33
6/30/2026 2:00,7433.45,7436.67,7431.54,7434.28
6/30/2026 1:50,7433.99,7436.81,7430.5,7433.21
6/30/2026 1:40,7432.16,7434.62,7430.47,7433.88
6/30/2026 1:30,7430.5,7435.26,7429,7432.12
6/30/2026 1:20,7429.98,7432.05,7423.65,7430.83
6/30/2026 1:10,7422.53,7431.22,7422.12,7430.16
6/30/2026 1:00,7416.03,7422.65,7416,7422.09
6/30/2026 0:50,7414.27,7418.6,7413.39,7415.98
6/30/2026 0:40,7412.87,7415.4,7410.98,7414.07
6/30/2026 0:30,7412.98,7413.73,7408.49,7413.04
6/30/2026 0:20,7414.22,7417.34,7411.69,7412.26
6/30/2026 0:10,7416.6,7418.12,7413.11,7414.36
6/30/2026 0:00,7413.61,7419.62,7413.52,7416.42
6/29/2026 23:50,7407.42,7414.06,7406.64,7413.33
6/29/2026 23:40,7408.62,7412.87,7406.21,7407.35
6/29/2026 23:30,7407.82,7409.5,7400.77,7408.72
6/29/2026 23:20,7399.12,7407.22,7393.7,7406.93
6/29/2026 23:10,7401.25,7406.46,7394.31,7398.82
6/29/2026 23:00,7407.55,7409.83,7398.9,7400.87
6/29/2026 22:50,7396.07,7412.14,7396.07,7408.02
6/29/2026 22:40,7400.27,7406.79,7388.4,7396.37
6/29/2026 22:30,7389.55,7406.43,7389.2,7400.54
6/29/2026 22:20,7366.04,7391.35,7362.42,7390.62
6/29/2026 22:10,7378.82,7380.62,7348.88,7365.5
6/29/2026 22:00,7398.48,7398.48,7375.65,7379.5
6/29/2026 21:50,7417.89,7427.8,7393.53,7397.12
6/29/2026 21:40,7406.29,7427.2,7403.7,7417.72
6/29/2026 21:30,7391.88,7417.32,7384.81,7409.59
6/27/2026 4:10,7354.02,7354.02,7354.02,7354.02
6/27/2026 4:00,7339.93,7354.02,7339.93,7354.02
6/27/2026 3:50,7361.44,7365.58,7335.7,7335.7
6/27/2026 3:40,7350.61,7366.02,7350.47,7358.11
6/27/2026 3:30,7349.75,7355.99,7345.81,7350.66
6/27/2026 3:20,7355.44,7356.54,7345.47,7349.54
6/27/2026 3:10,7351.39,7357.33,7348.6,7355.47
6/27/2026 3:00,7344.1,7352.69,7341.88,7351.53
6/27/2026 2:50,7348.05,7348.79,7340.09,7343.8
6/27/2026 2:40,7356.58,7359.2,7345.29,7347.96
6/27/2026 2:30,7356.05,7364.2,7355.49,7356.78
6/27/2026 2:20,7361.87,7364.21,7354.94,7355.99
6/27/2026 2:10,7369.93,7371.76,7360.41,7361.61
6/27/2026 2:00,7364.85,7373.36,7364.17,7369.56
6/27/2026 1:50,7366.26,7370.68,7362.38,7364.47
6/27/2026 1:40,7367.82,7372.6,7364.34,7366.2
6/27/2026 1:30,7375.08,7381.11,7367.55,7367.75
6/27/2026 1:20,7371.96,7376.83,7365.92,7375.15
6/27/2026 1:10,7384.35,7386.22,7371.11,7371.9
6/27/2026 1:00,7372.17,7385.14,7370.06,7384.28
6/27/2026 0:50,7371.09,7376.4,7370.75,7372.27
6/27/2026 0:40,7371.73,7373.54,7367.03,7371.09
6/27/2026 0:30,7362.27,7375.24,7362.2,7371.54
6/27/2026 0:20,7367.86,7368.8,7356.06,7362.04
6/27/2026 0:10,7370.31,7373.8,7365.8,7367.88
6/27/2026 0:00,7381.89,7382.66,7369.31,7370.16
6/26/2026 23:50,7383.44,7388.04,7369.86,7381.66
6/26/2026 23:40,7385.79,7392.95,7383.26,7383.26
6/26/2026 23:30,7374.85,7386.85,7371.86,7385.97
6/26/2026 23:20,7357.64,7374.2,7355.89,7374.2
6/26/2026 23:10,7357.91,7359.05,7343.94,7357.76
6/26/2026 23:00,7353.48,7361.11,7350.15,7357.99
6/26/2026 22:50,7357.7,7359.89,7346.49,7352.22
6/26/2026 22:40,7348.96,7361.56,7343.69,7356.96
6/26/2026 22:30,7362.82,7366.48,7348.48,7348.99
6/26/2026 22:20,7353.56,7369.91,7352.61,7362.06
6/26/2026 22:10,7357.46,7363.04,7351.53,7353.24
6/26/2026 22:00,7335.75,7358.82,7334.49,7357.46
6/26/2026 21:50,7314.27,7339.88,7312.79,7336.06
6/26/2026 21:40,7307.57,7324.93,7304.89,7314.19
6/26/2026 21:30,7312.74,7320.55,7294.18,7308.1
6/26/2026 4:10,7357.49,7357.49,7357.49,7357.49
6/26/2026 4:00,7358.44,7358.53,7357.49,7357.49
6/26/2026 3:50,7346.83,7359.93,7341.85,7359.93
6/26/2026 3:40,7349.15,7350.89,7341.69,7345.01
6/26/2026 3:30,7351.93,7352.69,7345.04,7348.5
6/26/2026 3:20,7350.37,7356.63,7348.37,7352.37
6/26/2026 3:10,7358.87,7359.72,7346.86,7350.27
6/26/2026 3:00,7366.6,7366.6,7355.53,7358.77
6/26/2026 2:50,7363.89,7371.38,7362.7,7366.72
6/26/2026 2:40,7372.06,7372.62,7355.74,7363.89
6/26/2026 2:30,7386.6,7386.6,7364.61,7372.01
6/26/2026 2:20,7376.91,7388.26,7371.09,7386.77
6/26/2026 2:10,7362.05,7381.09,7357.43,7376.95
6/26/2026 2:00,7362.89,7363.4,7342.91,7362.14
6/26/2026 1:50,7346.03,7363.39,7344.69,7362.8
6/26/2026 1:40,7361.01,7365.06,7344.96,7346.66
6/26/2026 1:30,7361.14,7363.31,7354.23,7360.97
6/26/2026 1:20,7354.17,7364.43,7350.07,7360.76
6/26/2026 1:10,7355.31,7369.81,7353.79,7353.79
6/26/2026 1:00,7353.71,7358.02,7350.02,7354.99
6/26/2026 0:50,7355.16,7358.28,7349.03,7353.62
6/26/2026 0:40,7356.09,7357.07,7343.28,7356.14
6/26/2026 0:30,7370.31,7370.35,7354.56,7356
6/26/2026 0:20,7384.07,7384.74,7367.43,7370.01
6/26/2026 0:10,7380.68,7389.96,7380.65,7383.11
6/26/2026 0:00,7368.98,7381.86,7365.36,7381.07
6/25/2026 23:50,7372.76,7377.27,7368.42,7369.12
6/25/2026 23:40,7370.5,7385.74,7367.58,7372.85
6/25/2026 23:30,7370.81,7382.32,7369.83,7370.43
6/25/2026 23:20,7364.21,7375.91,7357.94,7370.35
6/25/2026 23:10,7376.02,7376.12,7346.78,7364.2
6/25/2026 23:00,7380.66,7392.6,7373.56,7375.86
6/25/2026 22:50,7390.38,7406.17,7379.58,7380.17
6/25/2026 22:40,7394.33,7395.06,7375.69,7390.99
6/25/2026 22:30,7382.99,7398.93,7381.95,7394.66
6/25/2026 22:20,7382.08,7392.63,7373.58,7382.78
6/25/2026 22:10,7376.6,7386.26,7359.77,7383.23
6/25/2026 22:00,7325.91,7378.08,7325.91,7376.75
6/25/2026 21:50,7356.16,7363.72,7323.5,7325.62
6/25/2026 21:40,7398.39,7399.26,7343.85,7356.15
6/25/2026 21:30,7404.91,7419.08,7396.19,7396.35
6/25/2026 4:10,7358.22,7358.22,7358.22,7358.22
6/25/2026 4:00,7358.72,7358.72,7358.22,7358.22
6/25/2026 3:50,7349.13,7359.9,7348.71,7358.48
6/25/2026 3:40,7346.02,7350.08,7337.69,7348.73
6/25/2026 3:30,7348.82,7350.12,7342.64,7346.09
6/25/2026 3:20,7344.05,7351,7341.04,7348.2
6/25/2026 3:10,7340.96,7345.31,7336.82,7343.98
6/25/2026 3:00,7348.14,7356.59,7337.38,7341.41
6/25/2026 2:50,7346.81,7355.86,7340.84,7347.19
6/25/2026 2:40,7364.37,7365.38,7342.86,7345.7
6/25/2026 2:30,7371.81,7373.56,7362.99,7364.19
6/25/2026 2:20,7366.22,7374.24,7364.12,7371.47
6/25/2026 2:10,7357.81,7367.79,7354.54,7366.06
6/25/2026 2:00,7346.94,7361.56,7346.24,7358.13
6/25/2026 1:50,7352.67,7358.97,7345.81,7346.93
6/25/2026 1:40,7353.39,7355.93,7343.93,7352.81
6/25/2026 1:30,7350.17,7357.39,7341.71,7353.21
6/25/2026 1:20,7366.53,7366.53,7349.53,7350.13
6/25/2026 1:10,7377.99,7381.82,7364.62,7366.49
6/25/2026 1:00,7385.24,7392.77,7375.26,7377.88
6/25/2026 0:50,7391.94,7396.36,7383.79,7385.16
6/25/2026 0:40,7393.38,7394.05,7387.94,7392.13
6/25/2026 0:30,7409.56,7409.56,7393.76,7393.92
6/25/2026 0:20,7411.74,7415.79,7408.63,7409.48
6/25/2026 0:10,7410.23,7416.57,7408.52,7411.68
6/25/2026 0:00,7411.73,7414.5,7407.02,7410.32
6/24/2026 23:50,7415.29,7421.06,7410.2,7411.98
6/24/2026 23:40,7417.21,7418.39,7407.56,7415.18
6/24/2026 23:30,7425,7428.06,7415.18,7416.93
6/24/2026 23:20,7420.33,7424.66,7410.24,7424.66
6/24/2026 23:10,7413.08,7422.08,7408.84,7420.16
6/24/2026 23:00,7425.33,7427.4,7411.36,7412.8
6/24/2026 22:50,7411.83,7425.09,7409.88,7424.92
6/24/2026 22:40,7391.11,7417.36,7390.53,7411.22
6/24/2026 22:30,7393.41,7400.74,7390.69,7390.82
6/24/2026 22:20,7376.56,7397.46,7369,7393.55
6/24/2026 22:10,7385.4,7389.92,7375.44,7376.87
6/24/2026 22:00,7387.96,7392.17,7380.75,7385.33
6/24/2026 21:50,7383.64,7405.05,7383.64,7388.06
6/24/2026 21:40,7394.95,7394.95,7371.42,7383.35
6/24/2026 21:30,7370.88,7401.85,7370.45,7391.71
6/24/2026 4:10,7365.46,7365.46,7365.46,7365.46
6/24/2026 4:00,7365.64,7365.69,7365.46,7365.46
6/24/2026 3:50,7376.34,7382.84,7364.37,7364.37
6/24/2026 3:40,7373.98,7374.94,7367.29,7374.59
6/24/2026 3:30,7378.24,7380.37,7372.14,7374.01
6/24/2026 3:20,7366.16,7380.84,7365.39,7378.15
6/24/2026 3:10,7372.36,7376.4,7365.98,7366.11
6/24/2026 3:00,7368.47,7384.14,7366.18,7372.41
6/24/2026 2:50,7367.53,7372.78,7361.22,7368.42
6/24/2026 2:40,7377.03,7377.03,7362.83,7367.23
6/24/2026 2:30,7381.97,7382.96,7376.62,7377.01
6/24/2026 2:20,7384.13,7386.8,7380.72,7382.29
6/24/2026 2:10,7385.85,7388.12,7383.07,7384.15
6/24/2026 2:00,7386.45,7393.69,7382.42,7385.79
6/24/2026 1:50,7400.66,7400.66,7385.9,7386.17
6/24/2026 1:40,7403.52,7404.37,7398.77,7400.62
6/24/2026 1:30,7403.55,7408.35,7399.98,7403.59
6/24/2026 1:20,7399.58,7408.6,7398.8,7403.46
6/24/2026 1:10,7397.14,7405.12,7397.13,7399.06
6/24/2026 1:00,7402.48,7402.62,7393.37,7397.35
6/24/2026 0:50,7401.83,7404.25,7397.61,7402.31
6/24/2026 0:40,7403.19,7407.56,7399.34,7401.84
6/24/2026 0:30,7401.85,7403.26,7397.62,7402.92
6/24/2026 0:20,7398.25,7403.15,7394.15,7401.7
6/24/2026 0:10,7399.99,7404.86,7397.46,7398.32
6/24/2026 0:00,7388.17,7400.18,7387.09,7399.63
6/23/2026 23:50,7378.63,7390.21,7377.5,7387.81
6/23/2026 23:40,7372.92,7382.5,7370.5,7378.52
6/23/2026 23:30,7373.34,7382.62,7370.96,7372.89
6/23/2026 23:20,7379.68,7383.05,7370.61,7373.31
6/23/2026 23:10,7387.66,7390.07,7379.45,7379.96
6/23/2026 23:00,7398.54,7402.05,7384.73,7387.43
6/23/2026 22:50,7401.31,7407.41,7393.79,7398.02
6/23/2026 22:40,7405.19,7409.28,7395.27,7401.17
6/23/2026 22:30,7416.93,7418.56,7404.06,7404.45
6/23/2026 22:20,7419.6,7424.17,7409.57,7417.14
6/23/2026 22:10,7411.77,7420.44,7409.68,7419.66
6/23/2026 22:00,7398.5,7413.21,7398.15,7411.77
6/23/2026 21:50,7391.58,7399.45,7389.45,7399.22
6/23/2026 21:40,7371.89,7396.74,7367.28,7391.46
6/23/2026 21:30,7366.51,7372.31,7347.6,7372.31
6/23/2026 4:10,7472.79,7472.79,7472.79,7472.79
6/23/2026 4:00,7473.32,7473.44,7472.79,7472.79
6/23/2026 3:50,7467.4,7476.34,7466.72,7473
6/23/2026 3:40,7464.36,7466.69,7460.01,7466.64
6/23/2026 3:30,7463.31,7468.09,7463.03,7463.97
6/23/2026 3:20,7469.4,7470.11,7462.77,7462.77
6/23/2026 3:10,7465.56,7470.06,7463.77,7469.49
6/23/2026 3:00,7466.3,7472.13,7461.69,7465.36
6/23/2026 2:50,7476.27,7476.93,7465.13,7465.92
6/23/2026 2:40,7477.9,7478.3,7472.72,7476.29
6/23/2026 2:30,7479.92,7483.76,7477.82,7478.11
6/23/2026 2:20,7481.06,7485.81,7478.01,7479.78
6/23/2026 2:10,7478.29,7481.66,7475.55,7480.73
6/23/2026 2:00,7475.64,7477.76,7471.91,7477.76
6/23/2026 1:50,7476.24,7482.3,7475.61,7475.7
6/23/2026 1:40,7473.24,7477,7471.29,7476.55
6/23/2026 1:30,7475.86,7476.87,7468.38,7473.27
6/23/2026 1:20,7479.31,7481.18,7475.68,7475.81
6/23/2026 1:10,7471.35,7479.39,7471.09,7479.36
6/23/2026 1:00,7478.39,7478.76,7468.83,7471.3
6/23/2026 0:50,7478.29,7481.28,7475.83,7478.18
6/23/2026 0:40,7472.63,7478.29,7469.51,7478.29
6/23/2026 0:30,7476.44,7477.02,7469.66,7472.61
6/23/2026 0:20,7478.32,7482.2,7472.06,7476.54
6/23/2026 0:10,7470.55,7478.72,7470.25,7478.27
6/23/2026 0:00,7475.47,7476.17,7464.74,7470.62
6/22/2026 23:50,7474.34,7479.5,7473.34,7474.62
6/22/2026 23:40,7481.25,7491.32,7472.28,7473.09
6/22/2026 23:30,7473.02,7480.77,7471.84,7480.73
6/22/2026 23:20,7470.7,7479.8,7467.97,7472.59
6/22/2026 23:10,7472.56,7477.57,7469.12,7470.53
6/22/2026 23:00,7475.82,7482.58,7469.55,7471.67
6/22/2026 22:50,7476.89,7479.05,7461.04,7475.73
6/22/2026 22:40,7484.41,7486.85,7473.83,7477.06
6/22/2026 22:30,7495.2,7495.2,7479.73,7484.26
6/22/2026 22:20,7513.79,7513.89,7494.93,7495.07
6/22/2026 22:10,7528.17,7530.01,7512.45,7513.94
6/22/2026 22:00,7528.64,7529.57,7523.05,7528.24
6/22/2026 21:50,7524.68,7529.1,7517.19,7529.1
6/22/2026 21:40,7527.94,7527.94,7508.39,7524.59
6/22/2026 21:30,7500.44,7527.22,7498.88,7526.05
6/19/2026 4:10,7500.58,7500.58,7500.58,7500.58
6/19/2026 4:00,7499.27,7500.68,7499.27,7500.58
6/19/2026 3:50,7498.98,7510.17,7496.25,7498.02
6/19/2026 3:40,7498.92,7503.61,7497.77,7499.22
6/19/2026 3:30,7489.86,7498.91,7485.7,7498.91
6/19/2026 3:20,7488.45,7491.76,7487.81,7489.81
6/19/2026 3:10,7489.07,7489.07,7482.39,7488.39
6/19/2026 3:00,7493.83,7494.3,7488.58,7489.01
6/19/2026 2:50,7497.83,7499.18,7493.04,7493.86
6/19/2026 2:40,7492.13,7497.87,7491.52,7497.74
6/19/2026 2:30,7494.84,7495.52,7491.6,7492.19
6/19/2026 2:20,7496.23,7499.12,7494.89,7494.95
6/19/2026 2:10,7496.3,7499.98,7494.06,7496.22
6/19/2026 2:00,7500.73,7501,7495.48,7496.24
6/19/2026 1:50,7503.02,7504.81,7499.73,7500.37
6/19/2026 1:40,7503.47,7504.81,7501.59,7502.67
6/19/2026 1:30,7505.62,7509.4,7503.25,7503.56
6/19/2026 1:20,7510.3,7510.59,7503.86,7505.48
6/19/2026 1:10,7504.87,7511.07,7504.04,7509.92
6/19/2026 1:00,7496.48,7506.45,7494.2,7504.87
6/19/2026 0:50,7498.92,7498.92,7492.23,7496.26
6/19/2026 0:40,7501.37,7501.7,7498.26,7498.99
6/19/2026 0:30,7496.4,7502.01,7493.28,7501.29
6/19/2026 0:20,7491.63,7498.21,7491.61,7496.45
6/19/2026 0:10,7490.42,7493.17,7489.1,7491.59
6/19/2026 0:00,7492.76,7495.3,7488.1,7490.43
6/18/2026 23:50,7481.83,7495.27,7481.83,7492.75
6/18/2026 23:40,7478.92,7483.28,7473.88,7481.83
6/18/2026 23:30,7483.86,7487.54,7473.17,7479.1
6/18/2026 23:20,7486.44,7490.87,7481.64,7483.25
6/18/2026 23:10,7493.82,7500.23,7486.28,7486.86
6/18/2026 23:00,7498.86,7498.86,7489.59,7493.33
6/18/2026 22:50,7500.3,7501.68,7492.62,7498.19
6/18/2026 22:40,7495.08,7502.74,7488.82,7500.83
6/18/2026 22:30,7482.56,7495.8,7473.75,7494.65
6/18/2026 22:20,7490.37,7497.72,7480.59,7482.09
6/18/2026 22:10,7488.14,7493.28,7472.74,7490.58
6/18/2026 22:00,7476.95,7490.98,7473.99,7488.31
6/18/2026 21:50,7480.89,7486.77,7469.24,7476.46
6/18/2026 21:40,7476.16,7481.66,7468.32,7481.05
6/18/2026 21:30,7487.36,7509.44,7473.54,7475.62
6/18/2026 4:10,7420.1,7420.1,7420.1,7420.1
6/18/2026 4:00,7420.09,7420.19,7420.08,7420.1
6/18/2026 3:50,7409.88,7426.68,7406.03,7420.1
6/18/2026 3:40,7406.63,7426.48,7403.8,7418.18
6/18/2026 3:30,7432,7433.41,7402.61,7405.23
6/18/2026 3:20,7451.82,7451.82,7429.2,7431.67
6/18/2026 3:10,7468.52,7480.46,7452.48,7452.48
6/18/2026 3:00,7470.8,7481.59,7467.25,7468.21
6/18/2026 2:50,7499.42,7503.59,7462.76,7470.96
6/18/2026 2:40,7492.25,7513.38,7489.45,7499.51
6/18/2026 2:30,7472.44,7498.61,7468.08,7492.02
6/18/2026 2:20,7487.7,7488.1,7464.2,7473.13
6/18/2026 2:10,7477.37,7489.54,7471.25,7487.79
6/18/2026 2:00,7518.85,7518.85,7445.53,7477.93
6/18/2026 1:50,7506.9,7518.44,7506.23,7518.44
6/18/2026 1:40,7506.91,7507.27,7503.01,7506.84
6/18/2026 1:30,7507.14,7507.88,7501.97,7506.77
6/18/2026 1:20,7504.69,7508.32,7502.52,7507.17
6/18/2026 1:10,7504.89,7507.1,7501,7504.79
6/18/2026 1:00,7510.99,7510.99,7497.68,7504.81
6/18/2026 0:50,7511.31,7513.07,7510.05,7510.9
6/18/2026 0:40,7516.31,7516.31,7510.09,7511.3
6/18/2026 0:30,7518.84,7519.74,7513.09,7516.23
6/18/2026 0:20,7520.12,7521.03,7518.34,7518.7
6/18/2026 0:10,7517.27,7520.13,7514.1,7520.13
6/18/2026 0:00,7517.36,7520.26,7516.12,7517.17
6/17/2026 23:50,7517.96,7519.24,7514.14,7517.09
6/17/2026 23:40,7517.96,7518.45,7512.93,7517.76
6/17/2026 23:30,7510.84,7518.69,7508.81,7518.07
6/17/2026 23:20,7509.23,7511.83,7506.87,7510.74
6/17/2026 23:10,7498.18,7512.74,7498.18,7508.86
6/17/2026 23:00,7501.99,7505.82,7497.1,7498.13
6/17/2026 22:50,7504.72,7512.85,7500.62,7501.61
6/17/2026 22:40,7511.05,7516.99,7489.94,7504.63
6/17/2026 22:30,7528.52,7528.52,7510.55,7510.76
6/17/2026 22:20,7524.54,7532.17,7522.58,7527.78
6/17/2026 22:10,7517.79,7526.5,7514.49,7524.81
6/17/2026 22:00,7509.15,7521.75,7507.33,7517.47
6/17/2026 21:50,7522.4,7526.34,7509.63,7509.63
6/17/2026 21:40,7514.8,7529.18,7513.96,7522.7
6/17/2026 21:30,7524.5,7524.5,7513.07,7514.74
6/17/2026 4:10,7511.35,7511.35,7511.35,7511.35
6/17/2026 4:00,7512.01,7512.01,7511.35,7511.35
6/17/2026 3:50,7521.15,7521.93,7508.68,7512.53
6/17/2026 3:40,7514.88,7520.61,7514,7518.79
6/17/2026 3:30,7522.61,7523.56,7514.34,7514.81
6/17/2026 3:20,7520.21,7525.89,7519.49,7522.25
6/17/2026 3:10,7523.51,7524.72,7511.63,7520.21
6/17/2026 3:00,7527.58,7529.01,7523.37,7523.51
6/17/2026 2:50,7528.76,7530.41,7526.47,7527.89
6/17/2026 2:40,7531,7532.67,7528.53,7528.64
6/17/2026 2:30,7531.85,7532.55,7527.95,7531.06
6/17/2026 2:20,7529.86,7533.71,7528.89,7531.81
6/17/2026 2:10,7530.43,7532.56,7527.72,7530.02
6/17/2026 2:00,7531.26,7533.44,7529.77,7530.39
6/17/2026 1:50,7531.42,7536.77,7530.37,7531.43
6/17/2026 1:40,7526.73,7531.68,7525.42,7531.39
6/17/2026 1:30,7532.23,7532.71,7525.28,7526.7
6/17/2026 1:20,7531.69,7534.35,7529.19,7532.48
6/17/2026 1:10,7534.45,7537.96,7531.32,7531.66
6/17/2026 1:00,7537.54,7537.54,7532.48,7534.41
6/17/2026 0:50,7537.86,7540.8,7533.44,7537.51
6/17/2026 0:40,7537.69,7542.28,7535.91,7537.39
6/17/2026 0:30,7543.98,7544.49,7534.2,7537.64
6/17/2026 0:20,7546.43,7548.87,7542.21,7543.98
6/17/2026 0:10,7544.94,7549.63,7543.63,7546.34
6/17/2026 0:00,7537.74,7546.69,7537.39,7545.01
6/16/2026 23:50,7532.42,7544.04,7530.36,7537.95
6/16/2026 23:40,7539.04,7539.96,7527.4,7532.22
6/16/2026 23:30,7537.66,7544.63,7536.69,7538.86
6/16/2026 23:20,7540.99,7542.83,7533.33,7536.51
6/16/2026 23:10,7544.37,7547.75,7540.56,7540.74
6/16/2026 23:00,7540.44,7545.76,7539.28,7544.45
6/16/2026 22:50,7542.54,7547.64,7535.66,7540.27
6/16/2026 22:40,7546.02,7550.92,7540.53,7541.83
6/16/2026 22:30,7541.04,7546.75,7533.03,7546.43
6/16/2026 22:20,7550.6,7554.15,7541.66,7541.7
6/16/2026 22:10,7562.06,7563,7549.61,7550.37
6/16/2026 22:00,7551.47,7561.84,7551.3,7561.84
6/16/2026 21:50,7561.98,7563.72,7549.97,7550.99
6/16/2026 21:40,7557.84,7564.96,7557.34,7561.92
6/16/2026 21:30,7548.78,7564.42,7548.78,7557.43
6/16/2026 4:10,7554.29,7554.29,7554.29,7554.29
6/16/2026 4:00,7555.71,7555.71,7554.29,7554.29
6/16/2026 3:50,7554.32,7556.14,7545.56,7556.03
6/16/2026 3:40,7554.26,7560.08,7553.64,7558.2
6/16/2026 3:30,7554.22,7557.44,7552.45,7554.46
6/16/2026 3:20,7560.67,7560.99,7554.54,7554.56
6/16/2026 3:10,7559.73,7563.57,7558.57,7560.62
6/16/2026 3:00,7561.29,7561.81,7558.59,7559.81
6/16/2026 2:50,7563.84,7564.71,7560.05,7561.08
6/16/2026 2:40,7563.52,7565.95,7561.82,7563.95
6/16/2026 2:30,7558.61,7563.88,7556.1,7563.5
6/16/2026 2:20,7562.55,7562.68,7558.31,7558.54
6/16/2026 2:10,7561.26,7564.58,7560.86,7562.58
6/16/2026 2:00,7563.59,7564.57,7558.19,7561.39
6/16/2026 1:50,7569.09,7569.29,7562.3,7563.33
6/16/2026 1:40,7571.59,7571.75,7567.24,7569.18
6/16/2026 1:30,7572.77,7574.23,7568.82,7571.58
6/16/2026 1:20,7571.35,7574.64,7570.76,7572.64
6/16/2026 1:10,7565.07,7573.15,7564.84,7571.44
6/16/2026 1:00,7570.12,7571.42,7564.47,7565.32
6/16/2026 0:50,7568.45,7570.9,7567.46,7570.1
6/16/2026 0:40,7570.47,7573.36,7566.85,7568.31
6/16/2026 0:30,7575.9,7577.34,7569.76,7570.51
6/16/2026 0:20,7572.75,7576.78,7572.75,7575.9
6/16/2026 0:10,7574.32,7576.09,7570.5,7573
6/16/2026 0:00,7573.26,7577.92,7572.54,7574.27
6/15/2026 23:50,7571.68,7574.19,7570.48,7572.79
6/15/2026 23:40,7563.99,7571.96,7563.1,7571.84
6/15/2026 23:30,7562.79,7565.44,7559.78,7564.01
6/15/2026 23:20,7557.87,7563.75,7557.63,7562.72
6/15/2026 23:10,7558.38,7559.64,7555.77,7557.86
6/15/2026 23:00,7553.22,7559.42,7552.99,7558.45
6/15/2026 22:50,7546.36,7554.99,7546.36,7553.17
6/15/2026 22:40,7545.27,7549.39,7542.18,7546.07
6/15/2026 22:30,7548.4,7548.89,7540.87,7545.04
6/15/2026 22:20,7543.54,7548.95,7537.91,7548.03
6/15/2026 22:10,7543.2,7544.69,7535.86,7543.81
6/15/2026 22:00,7543.94,7551,7540.93,7543.49
6/15/2026 21:50,7549.66,7552.67,7543.25,7544.2
6/15/2026 21:40,7541.95,7550.59,7537.88,7550.02
6/15/2026 21:30,7516.75,7546.72,7516.75,7542.33
6/13/2026 4:10,7431.46,7431.46,7431.46,7431.46
6/13/2026 4:00,7431.17,7431.47,7431.17,7431.46
6/13/2026 3:50,7423.85,7432.14,7420.38,7430.6
6/13/2026 3:40,7418.9,7424,7417,7421.68
6/13/2026 3:30,7426.7,7428.65,7413.14,7418.91
6/13/2026 3:20,7428.69,7431.51,7426.21,7426.7
6/13/2026 3:10,7429.92,7430.38,7422.74,7428.97
6/13/2026 3:00,7422.76,7434.23,7422.06,7430.03
6/13/2026 2:50,7432.13,7433.42,7422.38,7422.63
6/13/2026 2:40,7429.58,7435.17,7429.58,7432.11
6/13/2026 2:30,7424.52,7430.06,7424.52,7429.18
6/13/2026 2:20,7418.96,7425.41,7416.95,7424.59
6/13/2026 2:10,7421.78,7431.84,7417.05,7418.97
6/13/2026 2:00,7425.68,7426.96,7417.78,7421.95
6/13/2026 1:50,7430.49,7432.68,7421.79,7425.48
6/13/2026 1:40,7429.72,7433.34,7427.17,7430.4
6/13/2026 1:30,7434.12,7434.53,7426.01,7429.74
6/13/2026 1:20,7437.67,7439.41,7430.07,7433.68
6/13/2026 1:10,7435.68,7438.15,7425.41,7437.41
6/13/2026 1:00,7427.91,7441.33,7426.78,7435.31
6/13/2026 0:50,7425.55,7428.39,7416.14,7427.73
6/13/2026 0:40,7419.37,7426.33,7416.25,7425.78
6/13/2026 0:30,7419.53,7423.6,7416.04,7419.43
6/13/2026 0:20,7419,7423.32,7413.14,7418.92
6/13/2026 0:10,7408.07,7434.01,7402.74,7418.87
6/13/2026 0:00,7401.09,7410.55,7394.6,7408.85
6/12/2026 23:50,7408.76,7424.49,7396.68,7401.26
6/12/2026 23:40,7431.77,7432.53,7406.99,7407.88
6/12/2026 23:30,7452.46,7453.47,7426.44,7431.95
6/12/2026 23:20,7449.14,7456.4,7445.19,7453.16
6/12/2026 23:10,7437.41,7449.28,7434.51,7449.28
6/12/2026 23:00,7437.06,7442.05,7429.3,7437.46
6/12/2026 22:50,7386.07,7437.15,7385.96,7436.02
6/12/2026 22:40,7416.48,7416.6,7384.45,7386.21
6/12/2026 22:30,7408.89,7422.71,7405.37,7416.58
6/12/2026 22:20,7415.58,7420.62,7401.94,7408.44
6/12/2026 22:10,7414.37,7422.67,7400.79,7415.88
6/12/2026 22:00,7380.87,7414.36,7377.85,7414.35
6/12/2026 21:50,7367.8,7385.98,7364.28,7379.75
6/12/2026 21:40,7403.93,7404.59,7363.01,7368.15
6/12/2026 21:30,7410.85,7417.38,7392.51,7403.87
6/12/2026 4:10,7394.3,7394.3,7394.3,7394.3
6/12/2026 4:00,7393.71,7394.3,7393.71,7394.3
6/12/2026 3:50,7394.29,7398.29,7386.93,7391.85
6/12/2026 3:40,7402.23,7411.56,7393.03,7393.39
6/12/2026 3:30,7392,7412.68,7392,7402.48
6/12/2026 3:20,7386.77,7395.14,7384.44,7392.07
6/12/2026 3:10,7374.31,7386.58,7374.06,7386.57
6/12/2026 3:00,7369.84,7378.55,7366.7,7374.81
6/12/2026 2:50,7370.75,7374.82,7364.75,7370.21
6/12/2026 2:40,7355.42,7371.46,7353.49,7370.7
6/12/2026 2:30,7356.77,7365.84,7354.5,7355.47
6/12/2026 2:20,7368.72,7368.72,7351.57,7357.1
6/12/2026 2:10,7344.71,7370.06,7343.79,7368.77
6/12/2026 2:00,7362.28,7367.88,7338.36,7344.16
6/12/2026 1:50,7360.08,7363.44,7347.22,7362.36
6/12/2026 1:40,7353.83,7377.88,7352.04,7360.01
6/12/2026 1:30,7344.15,7360.16,7335.71,7354.37
6/12/2026 1:20,7269.03,7337.15,7265.01,7336.96
6/12/2026 1:10,7279.4,7283.76,7266.52,7269.09
6/12/2026 1:00,7277.25,7283.15,7268.62,7279.16
6/12/2026 0:50,7295.2,7295.68,7277.23,7277.32
6/12/2026 0:40,7299.37,7301.07,7294.15,7295.06
6/12/2026 0:30,7291.23,7310.97,7287.48,7299.26
6/12/2026 0:20,7309.9,7312.05,7291.12,7291.56
6/12/2026 0:10,7302.84,7314.28,7301.55,7309.61
6/12/2026 0:00,7292.86,7304.25,7288.85,7302.71
6/11/2026 23:50,7290.11,7295.37,7281.08,7293.36
6/11/2026 23:40,7297.15,7305.31,7286.63,7290.2
6/11/2026 23:30,7285.21,7300.69,7279.87,7297.09
6/11/2026 23:20,7284.98,7299.08,7284.41,7285.07
6/11/2026 23:10,7279.04,7296.25,7278.19,7285.31
6/11/2026 23:00,7268.42,7285.01,7257.33,7278.98
6/11/2026 22:50,7293.87,7294.75,7263.78,7268.81
6/11/2026 22:40,7304.38,7310.83,7291.41,7293.92
6/11/2026 22:30,7301.22,7312.7,7289.6,7304.48
6/11/2026 22:20,7283.29,7309.33,7282.66,7300.77
6/11/2026 22:10,7314.39,7314.51,7281.55,7283.38
6/11/2026 22:00,7310.43,7327.84,7308.67,7313.5
6/11/2026 21:50,7300.5,7327.9,7300.5,7309.78
6/11/2026 21:40,7284.52,7309.71,7276.92,7299.22
6/11/2026 21:30,7287.67,7303.4,7280.41,7284.43
6/11/2026 4:10,7266.99,7266.99,7266.99,7266.99
6/11/2026 4:00,7267.71,7267.71,7266.97,7266.99
6/11/2026 3:50,7277.08,7290,7265.93,7266.61
6/11/2026 3:40,7287.49,7288.98,7274.36,7280.23
6/11/2026 3:30,7272.34,7288.19,7269.22,7287.07
6/11/2026 3:20,7277.16,7277.23,7267.35,7272.21
6/11/2026 3:10,7289.51,7289.83,7275.52,7277.16
6/11/2026 3:00,7285.73,7292.61,7281.09,7289.68
6/11/2026 2:50,7291.41,7291.91,7282.14,7286.69
6/11/2026 2:40,7297.25,7300.07,7291.44,7291.44
6/11/2026 2:30,7307.54,7307.54,7294.08,7297.29
6/11/2026 2:20,7310.28,7315.68,7305.84,7307.73
6/11/2026 2:10,7317.56,7324.29,7307.67,7310.03
6/11/2026 2:00,7318.65,7329.16,7317.44,7317.44
6/11/2026 1:50,7314.78,7319.6,7302.46,7318.36
6/11/2026 1:40,7293.86,7317.95,7291.23,7315.09
6/11/2026 1:30,7308.12,7308.78,7293.3,7293.72
6/11/2026 1:20,7301.37,7309.85,7299.66,7308.25
6/11/2026 1:10,7309.17,7309.2,7299.16,7301.53
6/11/2026 1:00,7315.8,7325.18,7308.08,7309.02
6/11/2026 0:50,7312.47,7321.87,7307.41,7315.69
6/11/2026 0:40,7330.8,7334.3,7306.89,7312.87
6/11/2026 0:30,7318.16,7334.57,7313.13,7331.12
6/11/2026 0:20,7317.61,7320.72,7311.79,7318.47
6/11/2026 0:10,7320.68,7321.75,7311.06,7317.58
6/11/2026 0:00,7331.53,7336.79,7318.61,7320.86
6/10/2026 23:50,7311.79,7332.34,7297.79,7331.4
6/10/2026 23:40,7320.01,7339.16,7304.08,7312.26
6/10/2026 23:30,7327.44,7334.53,7313.69,7320.59
6/10/2026 23:20,7314.04,7337.21,7313.52,7327.11
6/10/2026 23:10,7330.58,7331.83,7307.65,7314.97
6/10/2026 23:00,7341.84,7355.99,7329.97,7330.39
6/10/2026 22:50,7361.8,7369.05,7334.76,7341.55
6/10/2026 22:40,7378.01,7385.45,7358.31,7362.12
6/10/2026 22:30,7385.02,7391.9,7371.88,7378.21
6/10/2026 22:20,7378.44,7396.56,7375.31,7385.44
6/10/2026 22:10,7385.23,7388.6,7370.95,7378.75
6/10/2026 22:00,7372.2,7387.01,7363.6,7384.76
6/10/2026 21:50,7379.55,7379.73,7361.71,7370.84
6/10/2026 21:40,7359.34,7382.39,7346.51,7379.96
6/10/2026 21:30,7350.54,7365.26,7328.42,7359.3
6/10/2026 4:10,7386.65,7386.65,7386.65,7386.65
6/10/2026 4:00,7385.35,7386.65,7385.35,7386.65
6/10/2026 3:50,7349.55,7387.1,7348.36,7384.57
6/10/2026 3:40,7348.58,7350.84,7338.39,7343.96
6/10/2026 3:30,7358.33,7362.48,7348.56,7348.73
6/10/2026 3:20,7348.88,7360.77,7345.11,7358.37
6/10/2026 3:10,7377.32,7377.32,7348.38,7349.2
6/10/2026 3:00,7380.6,7389.1,7374.36,7377.66
6/10/2026 2:50,7366.97,7383.91,7363.61,7380.61
6/10/2026 2:40,7372.74,7372.74,7356.44,7367.06
6/10/2026 2:30,7363.09,7374.79,7361.67,7372.57
6/10/2026 2:20,7356.85,7363.67,7350.98,7363.37
6/10/2026 2:10,7348,7357.41,7338.64,7356.94
6/10/2026 2:00,7338.57,7348.62,7334.72,7347.67
6/10/2026 1:50,7324.23,7343.69,7324.23,7338.58
6/10/2026 1:40,7333.98,7351.3,7322.63,7324.32
6/10/2026 1:30,7319.67,7337.8,7314.84,7333.89
6/10/2026 1:20,7311.61,7324.34,7307.94,7319.76
6/10/2026 1:10,7294.93,7312.21,7284.6,7311.83
6/10/2026 1:00,7278.14,7299.89,7276.49,7295.08
6/10/2026 0:50,7259.93,7278.15,7247.72,7277.4
6/10/2026 0:40,7244.35,7268.4,7237.85,7260.3
6/10/2026 0:30,7283.39,7296.36,7241.54,7244.68
6/10/2026 0:20,7270.77,7292.58,7265.06,7285.45
6/10/2026 0:10,7294.29,7304.24,7268.88,7271.02
6/10/2026 0:00,7302.03,7316.5,7289.19,7294.44
6/9/2026 23:50,7332.09,7339.06,7301.88,7301.95
6/9/2026 23:40,7326.14,7336.31,7324.87,7332.08
6/9/2026 23:30,7324.12,7329.12,7317.54,7327.26
6/9/2026 23:20,7374.44,7378.29,7319.99,7321.64
6/9/2026 23:10,7391.83,7396.02,7374.44,7374.6
6/9/2026 23:00,7390.5,7392.75,7375.53,7391.4
6/9/2026 22:50,7362.67,7390.29,7360.1,7390.17
6/9/2026 22:40,7422.65,7425.1,7363.25,7364.31
6/9/2026 22:30,7423.71,7429.56,7417.08,7422.18
6/9/2026 22:20,7412.69,7435.01,7407.99,7424.59
6/9/2026 22:10,7453.4,7453.4,7407.67,7413.6
6/9/2026 22:00,7456.58,7462.72,7451.92,7453.55
6/9/2026 21:50,7481.16,7481.9,7456.12,7457.34
6/9/2026 21:40,7457.64,7483.15,7455.01,7481.12
6/9/2026 21:30,7438.66,7463.1,7438.66,7457.87
6/9/2026 4:10,7405.73,7405.73,7405.73,7405.73
6/9/2026 4:00,7405.51,7405.73,7405.47,7405.73
6/9/2026 3:50,7410.31,7411.84,7401.12,7405.57
6/9/2026 3:40,7406.63,7411.62,7402.22,7405.57
6/9/2026 3:30,7404.64,7414.27,7404.31,7406.86
6/9/2026 3:20,7405.44,7409.6,7395.13,7404.52
6/9/2026 3:10,7415.64,7415.64,7403.32,7405.36
6/9/2026 3:00,7423,7424.73,7415.67,7415.67
6/9/2026 2:50,7423.67,7427.95,7422.36,7422.66
6/9/2026 2:40,7423.64,7428.93,7421.21,7423.66
6/9/2026 2:30,7432.95,7437.4,7422.76,7423.7
6/9/2026 2:20,7429.44,7433.72,7426.35,7432.92
6/9/2026 2:10,7432.18,7433.96,7423.98,7429.29
6/9/2026 2:00,7424.95,7435.16,7424.95,7432.15
6/9/2026 1:50,7426.18,7430.78,7422.59,7424.38
6/9/2026 1:40,7425.16,7426.41,7417.12,7426.41
6/9/2026 1:30,7433.12,7437.05,7419.55,7425.26
6/9/2026 1:20,7417.44,7434.11,7415.32,7433.7
6/9/2026 1:10,7422.54,7424.38,7415.07,7417.43
6/9/2026 1:00,7433.31,7433.6,7417.64,7422.16
6/9/2026 0:50,7438.93,7440.39,7433.13,7433.4
6/9/2026 0:40,7431,7442.61,7430.26,7438.6
6/9/2026 0:30,7435.84,7439.68,7429.29,7431.68
6/9/2026 0:20,7450.64,7453.17,7435.39,7435.51
6/9/2026 0:10,7440.39,7450.74,7437.43,7450.57
6/9/2026 0:00,7441.13,7445.71,7436.01,7440.42
6/8/2026 23:50,7447.95,7454.62,7438.81,7440.84
6/8/2026 23:40,7448.19,7456.66,7446.17,7447.61
6/8/2026 23:30,7446.87,7449.3,7432.83,7448.61
6/8/2026 23:20,7462.19,7464.31,7445.53,7446.34
6/8/2026 23:10,7465.06,7465.41,7458.48,7462.54
6/8/2026 23:00,7463.58,7466.81,7459.55,7465.05
6/8/2026 22:50,7450.06,7463.24,7447.26,7463.24
6/8/2026 22:40,7446.29,7455.66,7434.23,7449.56
6/8/2026 22:30,7438.72,7449.82,7438.08,7446.26
6/8/2026 22:20,7428.37,7443.53,7426.09,7438.95
6/8/2026 22:10,7437.05,7438,7422.3,7428.78
6/8/2026 22:00,7421.76,7438.14,7420.2,7437.27
6/8/2026 21:50,7440.04,7450.87,7421.87,7421.92
6/8/2026 21:40,7429.94,7448.98,7428.45,7439.9
6/8/2026 21:30,7440.57,7458.57,7429.81,7430.1
6/6/2026 4:10,7383.74,7383.74,7383.74,7383.74
6/6/2026 4:00,7384.15,7384.27,7383.68,7383.74
6/6/2026 3:50,7397.91,7410.16,7383.54,7384.65
6/6/2026 3:40,7399.45,7401.9,7383.02,7399.67
6/6/2026 3:30,7397.18,7400.42,7385.06,7399.69
6/6/2026 3:20,7375.54,7397.22,7372.38,7397.22
6/6/2026 3:10,7392.6,7392.88,7368.63,7375.7
6/6/2026 3:00,7404.77,7406.6,7388.85,7392.49
6/6/2026 2:50,7408.58,7413.76,7398.53,7405.88
6/6/2026 2:40,7418.48,7418.52,7398.8,7409.08
6/6/2026 2:30,7421.1,7423.56,7413.69,7418.33
6/6/2026 2:20,7426.49,7431.92,7417.97,7421.51
6/6/2026 2:10,7445.19,7446.64,7425.73,7426.52
6/6/2026 2:00,7459.2,7460.43,7444.12,7445.23
6/6/2026 1:50,7452.05,7459.65,7450.29,7459.27
6/6/2026 1:40,7462.23,7465.53,7449.57,7452.03
6/6/2026 1:30,7452.31,7462.39,7448.5,7462.16
6/6/2026 1:20,7445.08,7453.6,7440.58,7452.76
6/6/2026 1:10,7447.53,7448.7,7440.78,7445.18
6/6/2026 1:00,7457.85,7457.85,7445.92,7447.4
6/6/2026 0:50,7447.76,7458.67,7445.32,7457.99
6/6/2026 0:40,7454.81,7455.68,7437.27,7447.64
6/6/2026 0:30,7460.13,7461.13,7450.52,7454.41
6/6/2026 0:20,7460.85,7467.85,7459.63,7460.23
6/6/2026 0:10,7464.62,7471.17,7458.96,7460.47
6/6/2026 0:00,7477.97,7478.18,7463.21,7464.54
6/5/2026 23:50,7476.48,7481.57,7475.91,7478.17
6/5/2026 23:40,7480.73,7483.25,7475.08,7476.28
6/5/2026 23:30,7493.42,7497.36,7480.2,7480.87
6/5/2026 23:20,7499.12,7500.37,7488.79,7494.84
6/5/2026 23:10,7502.53,7505.06,7494.71,7499.02
6/5/2026 23:00,7512.48,7514.83,7500.98,7502.94
6/5/2026 22:50,7506.77,7514.15,7505.3,7512.02
6/5/2026 22:40,7514.81,7515.77,7504.7,7507.11
6/5/2026 22:30,7505.08,7520.39,7504.34,7514.76
6/5/2026 22:20,7522.78,7522.78,7502.16,7505.32
6/5/2026 22:10,7512.16,7522.93,7506.28,7522.82
6/5/2026 22:00,7500.35,7511.84,7494.78,7511.21
6/5/2026 21:50,7507.39,7513.81,7498.82,7499.89
6/5/2026 21:40,7528.95,7529.63,7505.85,7506.85
6/5/2026 21:30,7537.36,7541.81,7526.13,7529.92
6/5/2026 4:10,7584.31,7584.31,7584.31,7584.31
6/5/2026 4:00,7584.63,7584.63,7584.31,7584.31
6/5/2026 3:50,7593.45,7593.7,7584.41,7584.69
6/5/2026 3:40,7596.77,7596.77,7591.03,7592.79
6/5/2026 3:30,7597.42,7598.19,7595.28,7596.55
6/5/2026 3:20,7591.74,7597.91,7591.32,7597.9
6/5/2026 3:10,7594.39,7594.64,7590.7,7591.68
6/5/2026 3:00,7591.1,7596.21,7590.92,7594.35
6/5/2026 2:50,7594.03,7594.57,7589.97,7591.04
6/5/2026 2:40,7592.77,7594.81,7591.59,7593.97
6/5/2026 2:30,7593.46,7594.51,7590.97,7593.01
6/5/2026 2:20,7593.27,7595,7592.08,7593.5
6/5/2026 2:10,7592.75,7593.73,7589.96,7593.28
6/5/2026 2:00,7592.33,7593.98,7591.32,7592.88
6/5/2026 1:50,7588.91,7592.32,7588.18,7592.21
6/5/2026 1:40,7586.1,7589.11,7586.09,7588.91
6/5/2026 1:30,7585.7,7589.99,7585.1,7586.07
6/5/2026 1:20,7583.94,7586.68,7581.14,7585.69
6/5/2026 1:10,7584.27,7585.45,7581.4,7583.74
6/5/2026 1:00,7582.8,7584.41,7580.87,7584.13
6/5/2026 0:50,7582.42,7584.69,7581.97,7583.01
6/5/2026 0:40,7582.27,7583.96,7580.38,7582.32
6/5/2026 0:30,7579.49,7582.44,7575.16,7582.1
6/5/2026 0:20,7578.34,7581.62,7577.78,7579.45
6/5/2026 0:10,7577.11,7580.18,7575.7,7578.39
6/5/2026 0:00,7567.99,7578.13,7566.08,7576.83
6/4/2026 23:50,7564.24,7569.26,7562.47,7567.74
6/4/2026 23:40,7571.15,7572,7562.8,7563.73
6/4/2026 23:30,7573.82,7574.71,7569.74,7571.14
6/4/2026 23:20,7572.11,7573.9,7568.72,7573.9
6/4/2026 23:10,7568.66,7574.5,7566.73,7571.94
6/4/2026 23:00,7557.1,7569.64,7556.79,7568.52
6/4/2026 22:50,7551.72,7556.97,7549.91,7556.97
6/4/2026 22:40,7551.63,7557.37,7548.7,7551.86
6/4/2026 22:30,7554.92,7555.92,7549.99,7551.3
6/4/2026 22:20,7547,7557.73,7545.45,7554.44
6/4/2026 22:10,7541.09,7551.44,7541.09,7546.59
6/4/2026 22:00,7545.73,7549.44,7536.24,7541.29
6/4/2026 21:50,7539.74,7551.24,7536.33,7545.83
6/4/2026 21:40,7543.36,7545.84,7530.16,7539.67
6/4/2026 21:30,7516.54,7549.29,7516.54,7543.72
6/4/2026 4:10,7553.68,7553.68,7553.68,7553.68
6/4/2026 4:00,7555.67,7555.68,7553.68,7553.68
6/4/2026 3:50,7567.75,7567.75,7553.65,7556.26
6/4/2026 3:40,7569.53,7570.61,7566.89,7569.17
6/4/2026 3:30,7564.27,7570.15,7562.34,7569.31
6/4/2026 3:20,7567.13,7567.74,7561.95,7564.43
6/4/2026 3:10,7567.69,7570.18,7563.42,7567.19
6/4/2026 3:00,7571.94,7571.94,7565.06,7567.45
6/4/2026 2:50,7572.19,7573.54,7570.66,7571.96
6/4/2026 2:40,7573.2,7574.88,7571.95,7572.24
6/4/2026 2:30,7575.75,7576.44,7571.55,7573.29
6/4/2026 2:20,7570.85,7576.45,7568.69,7575.76
6/4/2026 2:10,7569.39,7570.9,7565.92,7570.9
6/4/2026 2:00,7571.76,7572.03,7568.35,7569.37
6/4/2026 1:50,7568.41,7573.32,7568.13,7571.73
6/4/2026 1:40,7565.67,7570.05,7565.31,7568.3
6/4/2026 1:30,7562.32,7567.45,7558.14,7565.69
6/4/2026 1:20,7557.49,7562.5,7557.38,7562.44
6/4/2026 1:10,7565.42,7565.67,7555.82,7557.67
6/4/2026 1:00,7567.04,7567.2,7561.01,7565.48
6/4/2026 0:50,7561.82,7567.22,7560.24,7567.06
6/4/2026 0:40,7554.84,7561.81,7551.22,7561.63
6/4/2026 0:30,7558.65,7562.07,7554.6,7554.96
6/4/2026 0:20,7564.84,7564.86,7555.16,7558.77
6/4/2026 0:10,7566.28,7569.86,7561.56,7564.9
6/4/2026 0:00,7567.93,7570.6,7565.57,7566.34
6/3/2026 23:50,7567.92,7571.15,7566.16,7567.74
6/3/2026 23:40,7569.37,7569.78,7563.84,7568.03
6/3/2026 23:30,7576.57,7579.47,7568.34,7569.26
6/3/2026 23:20,7577.4,7578.56,7569,7576.65
6/3/2026 23:10,7577.43,7580.96,7574.8,7577.6
6/3/2026 23:00,7577.34,7580.87,7574.38,7577.48
6/3/2026 22:50,7575.97,7580.23,7573.38,7577.31
6/3/2026 22:40,7585.16,7585.7,7575.54,7576.44
6/3/2026 22:30,7584.69,7586.57,7579.6,7585.14
6/3/2026 22:20,7578.68,7584.47,7577.29,7584.47
6/3/2026 22:10,7581.82,7586.93,7578.7,7579.13
6/3/2026 22:00,7573.88,7583.1,7573.88,7581.14
6/3/2026 21:50,7564.96,7578.47,7562.45,7575.01
6/3/2026 21:40,7594.02,7595.24,7563.19,7565.45
6/3/2026 21:30,7605.31,7605.35,7591.12,7593.99
6/3/2026 4:10,7609.78,7609.78,7609.78,7609.78
6/3/2026 4:00,7610.39,7610.4,7609.77,7609.78
6/3/2026 3:50,7610.53,7613.58,7609.93,7610.03
6/3/2026 3:40,7609.67,7611.19,7607.81,7610.66
6/3/2026 3:30,7609.65,7611.57,7609.24,7609.58
6/3/2026 3:20,7609.26,7612.27,7609.26,7609.62
6/3/2026 3:10,7609.82,7611.17,7608.3,7609.75
6/3/2026 3:00,7606.53,7610.51,7606.53,7609.79
6/3/2026 2:50,7605.79,7607.9,7604.36,7606.56
6/3/2026 2:40,7603.28,7606.33,7602.44,7605.94
6/3/2026 2:30,7606.18,7608.63,7603.16,7603.32
6/3/2026 2:20,7606.02,7607.03,7604.75,7606.11
6/3/2026 2:10,7607.67,7609.32,7604.9,7605.81
6/3/2026 2:00,7604.98,7608.36,7603.98,7607.75
6/3/2026 1:50,7608.76,7609.4,7604.67,7604.95
6/3/2026 1:40,7604.51,7608.94,7604.23,7608.43
6/3/2026 1:30,7606.13,7609.07,7603.99,7604.57
6/3/2026 1:20,7609.25,7611.06,7605.17,7606.19
6/3/2026 1:10,7614.71,7615.58,7608.98,7609.42
6/3/2026 1:00,7615.64,7616.76,7613.63,7614.73
6/3/2026 0:50,7613.5,7616.36,7612.75,7615.69
6/3/2026 0:40,7609.02,7613.71,7609.02,7613.36
6/3/2026 0:30,7610.45,7612.72,7607.77,7609.05
6/3/2026 0:20,7612.1,7612.86,7609.27,7610.52
6/3/2026 0:10,7614.17,7617.4,7611.96,7612.1
6/3/2026 0:00,7613.97,7615.3,7610.85,7614.04
6/2/2026 23:50,7614.05,7615.53,7612.84,7613.68
6/2/2026 23:40,7614.85,7616.29,7612.5,7613.83
6/2/2026 23:30,7615.9,7617.27,7613.48,7614.68
6/2/2026 23:20,7618.6,7620.9,7615.12,7615.84
6/2/2026 23:10,7618.32,7619.07,7614.97,7618.59
6/2/2026 23:00,7614.79,7618.39,7610.29,7618.12
6/2/2026 22:50,7609.86,7614.51,7608.98,7614.51
6/2/2026 22:40,7602.15,7610.01,7600.84,7609.82
6/2/2026 22:30,7594.14,7605.26,7594.14,7602.42
6/2/2026 22:20,7600.69,7602.24,7592.57,7594.44
6/2/2026 22:10,7596.57,7601.21,7595.74,7600.31
6/2/2026 22:00,7595,7597.26,7590.08,7596.63
6/2/2026 21:50,7594.3,7595.28,7590.29,7593.7
6/2/2026 21:40,7585.39,7594.37,7582.99,7594.02
6/2/2026 21:30,7595.4,7595.4,7583.7,7586.14
6/2/2026 4:10,7599.96,7599.96,7599.96,7599.96
6/2/2026 4:00,7600.17,7600.21,7599.96,7599.96
6/2/2026 3:50,7600.65,7602.35,7597.45,7600.25
6/2/2026 3:40,7608.73,7608.73,7602.62,7602.78
6/2/2026 3:30,7613.15,7613.52,7606.98,7608.96
6/2/2026 3:20,7611.77,7614.57,7611.32,7613.55
6/2/2026 3:10,7613.49,7614.05,7611.02,7611.79
6/2/2026 3:00,7612.47,7614.18,7611.23,7613.54
6/2/2026 2:50,7612.7,7615.59,7611.48,7612.47
6/2/2026 2:40,7613.84,7615.84,7612.37,7612.71
6/2/2026 2:30,7615.58,7615.98,7612.28,7613.74
6/2/2026 2:20,7614.43,7616.1,7614.12,7615.66
6/2/2026 2:10,7613.7,7614.48,7609.99,7614.35
6/2/2026 2:00,7612.84,7614.59,7612.02,7613.73
6/2/2026 1:50,7613.57,7617.12,7611.21,7612.86
6/2/2026 1:40,7601.29,7617.66,7600.84,7613.52
6/2/2026 1:30,7601.1,7603.44,7595.55,7601.23
6/2/2026 1:20,7590.41,7600.9,7590.19,7600.9
6/2/2026 1:10,7588.03,7591.05,7588.03,7590.44
6/2/2026 1:00,7597.13,7597.13,7587.29,7587.99
6/2/2026 0:50,7587.78,7597.27,7587.48,7597.01
6/2/2026 0:40,7588.64,7589.71,7585.36,7587.82
6/2/2026 0:30,7585.19,7589.92,7585.1,7588.61
6/2/2026 0:20,7580.32,7585.1,7580.27,7585.01
6/2/2026 0:10,7584.79,7585.03,7575.94,7580.14
6/2/2026 0:00,7584.24,7589.31,7584.16,7584.77
6/1/2026 23:50,7586.17,7588.4,7583.34,7583.93
6/1/2026 23:40,7591.77,7591.94,7585.89,7585.96
6/1/2026 23:30,7579.2,7591.87,7578.85,7591.48
6/1/2026 23:20,7576.09,7581.35,7575.98,7579
6/1/2026 23:10,7576.65,7578.7,7573.71,7576.19
6/1/2026 23:00,7574.31,7579.61,7571.62,7576.8
6/1/2026 22:50,7573.85,7576.21,7570.32,7573.61
6/1/2026 22:40,7571.23,7577.15,7570.07,7573.79
6/1/2026 22:30,7575.52,7577.98,7569.86,7571.16
6/1/2026 22:20,7576.23,7583.01,7574.79,7575.57
6/1/2026 22:10,7580.93,7583.46,7572.98,7576.37
6/1/2026 22:00,7572.8,7581.59,7570.53,7580.91
6/1/2026 21:50,7581.48,7585.49,7571.88,7573.11
6/1/2026 21:40,7579.88,7584.86,7576.63,7581.23
6/1/2026 21:30,7582.29,7583.93,7562.61,7580.21
5/30/2026 4:10,7580.06,7580.06,7580.06,7580.06
5/30/2026 4:00,7580.22,7580.51,7580.04,7580.06
5/30/2026 3:50,7588.69,7590.99,7579.74,7579.74
5/30/2026 3:40,7591.98,7593.47,7587.08,7588.91
5/30/2026 3:30,7586.23,7592.5,7586.08,7592.03
5/30/2026 3:20,7579.46,7586.22,7578.47,7586.11
5/30/2026 3:10,7580.14,7582.91,7577.39,7579.46
5/30/2026 3:00,7572.15,7580.71,7570.81,7580.21
5/30/2026 2:50,7575.45,7577.32,7571.22,7571.99
5/30/2026 2:40,7583.04,7584,7572.72,7575.5
5/30/2026 2:30,7580.76,7585.24,7580.73,7583.04
5/30/2026 2:20,7577.02,7581.92,7576.46,7580.51
5/30/2026 2:10,7576.92,7578.69,7573.29,7577.03
5/30/2026 2:00,7569.98,7576.82,7568.56,7576.82
5/30/2026 1:50,7577.76,7579.84,7569.65,7569.91
5/30/2026 1:40,7580.79,7581.4,7576.59,7577.8
5/30/2026 1:30,7583.15,7583.24,7580.17,7580.82
5/30/2026 1:20,7585.3,7585.62,7579.58,7583.02
5/30/2026 1:10,7585.23,7587.08,7583.21,7585.36
5/30/2026 1:00,7585.65,7587.65,7582.38,7585.18
5/30/2026 0:50,7589.15,7589.3,7583.16,7585.6
5/30/2026 0:40,7594.32,7595.17,7589.21,7589.21
5/30/2026 0:30,7584.11,7594.15,7582.42,7594.15
5/30/2026 0:20,7585.41,7589.43,7583.62,7584.28
5/30/2026 0:10,7590,7591.8,7584.98,7585.37
5/30/2026 0:00,7581.45,7590.19,7580.83,7589.99
5/29/2026 23:50,7584.14,7586.22,7580.49,7581.36
5/29/2026 23:40,7588.66,7590.12,7580.53,7584.1
5/29/2026 23:30,7586.16,7590.44,7585.53,7588.53
5/29/2026 23:20,7586.35,7590.01,7580.86,7586.07
5/29/2026 23:10,7584.81,7592.06,7584.66,7586.54
5/29/2026 23:00,7578.52,7585.31,7576.69,7584.58
5/29/2026 22:50,7567.1,7583.99,7566.11,7577.96
5/29/2026 22:40,7573.53,7576.38,7563.55,7567.08
5/29/2026 22:30,7583.72,7587.35,7572.63,7572.92
5/29/2026 22:20,7584.78,7587.42,7574.99,7583.87
5/29/2026 22:10,7590.66,7595.79,7582.33,7585.05
5/29/2026 22:00,7596.84,7599.38,7590.21,7590.63
5/29/2026 21:50,7595.21,7597.62,7592.11,7597.62
5/29/2026 21:40,7585.81,7595.7,7585.11,7595.15
5/29/2026 21:30,7579.33,7585.96,7574.14,7585.61
5/29/2026 4:10,7563.63,7563.63,7563.63,7563.63
5/29/2026 4:00,7563.79,7563.79,7563.63,7563.63
5/29/2026 3:50,7561.65,7565.59,7561.65,7563.86
5/29/2026 3:40,7568.65,7568.72,7563.65,7563.65
5/29/2026 3:30,7564.67,7568.6,7564.43,7568.56
5/29/2026 3:20,7560.11,7564.75,7559.32,7564.75
5/29/2026 3:10,7561.08,7562.75,7558.9,7560.15
5/29/2026 3:00,7559.49,7562.09,7558.18,7561.1
5/29/2026 2:50,7560.02,7563.29,7559.13,7559.13
5/29/2026 2:40,7560.85,7562.91,7559.37,7560.3
5/29/2026 2:30,7565.15,7565.15,7560.62,7560.95
5/29/2026 2:20,7563.61,7565.8,7562.59,7565.01
5/29/2026 2:10,7564.83,7565.07,7561.74,7563.62
5/29/2026 2:00,7564.25,7566.91,7562.79,7564.45
5/29/2026 1:50,7565.08,7566.63,7563.36,7564.22
5/29/2026 1:40,7561.97,7565.52,7560.85,7565.19
5/29/2026 1:30,7559.98,7562.07,7558.37,7561.83
5/29/2026 1:20,7558.85,7562.79,7558.8,7559.89
5/29/2026 1:10,7561.5,7562.66,7558.7,7558.88
5/29/2026 1:00,7564.72,7566.58,7561.62,7561.66
5/29/2026 0:50,7560.36,7565.62,7559.5,7564.67
5/29/2026 0:40,7559.68,7563.16,7559.38,7560.4
5/29/2026 0:30,7561.15,7561.9,7558.37,7559.6
5/29/2026 0:20,7562.17,7565.59,7560.13,7561.04
5/29/2026 0:10,7558.02,7562.76,7557.28,7562.16
5/29/2026 0:00,7558.03,7558.25,7554.65,7558.04
5/28/2026 23:50,7556.94,7560.19,7556.47,7557.83
5/28/2026 23:40,7559.31,7559.55,7556.2,7556.88
5/28/2026 23:30,7556.91,7560.08,7555.53,7559.33
5/28/2026 23:20,7552.05,7558.64,7551.94,7556.76
5/28/2026 23:10,7553.19,7553.71,7548.96,7552.02
5/28/2026 23:00,7545.71,7556.52,7544.85,7553.13
5/28/2026 22:50,7540.3,7546.25,7540.3,7545.7
5/28/2026 22:40,7536.26,7544.65,7535.99,7539.96
5/28/2026 22:30,7544.17,7547.11,7534.59,7536.52
5/28/2026 22:20,7547.84,7548.78,7536.28,7544.49
5/28/2026 22:10,7523.38,7554.73,7518.19,7547.7
5/28/2026 22:00,7517.83,7524.03,7516.7,7523.5
5/28/2026 21:50,7509.94,7519.94,7508.67,7518.24
5/28/2026 21:40,7509.27,7514.72,7508.34,7509.8
5/28/2026 21:30,7519.82,7521.3,7508.04,7509.9
5/28/2026 4:10,7520.36,7520.36,7520.36,7520.36
5/28/2026 4:00,7520.93,7520.93,7520.35,7520.36
5/28/2026 3:50,7518.04,7523.74,7518.04,7521.06
5/28/2026 3:40,7524.73,7525.69,7519.95,7519.99
5/28/2026 3:30,7522.38,7525.61,7520.87,7524.67
5/28/2026 3:20,7525.48,7526.64,7520.47,7522.56
5/28/2026 3:10,7526.66,7527.63,7524.97,7525.51
5/28/2026 3:00,7525.59,7528.16,7523.64,7526.76
5/28/2026 2:50,7525.02,7527.58,7524.18,7525.52
5/28/2026 2:40,7524.32,7527.03,7523.56,7524.99
5/28/2026 2:30,7524.31,7525.92,7521.28,7524.31
5/28/2026 2:20,7520.59,7525.03,7520.01,7524.24
5/28/2026 2:10,7515.46,7520.97,7514.59,7520.57
5/28/2026 2:00,7513.93,7515.93,7510.57,7515.58
5/28/2026 1:50,7511.91,7517.45,7511.86,7514.03
5/28/2026 1:40,7513.92,7514.09,7509.02,7511.35
5/28/2026 1:30,7509.34,7516.34,7509.12,7513.61
5/28/2026 1:20,7510.18,7512.13,7509,7509.12
5/28/2026 1:10,7500.13,7511,7500.13,7510.14
5/28/2026 1:00,7515.13,7515.51,7499.72,7499.99
5/28/2026 0:50,7522.98,7523.31,7513.23,7514.8
5/28/2026 0:40,7518.14,7522.94,7518,7522.83
5/28/2026 0:30,7513.93,7518.7,7512.18,7517.93
5/28/2026 0:20,7510.99,7514.85,7510.96,7514.04
5/28/2026 0:10,7511.85,7515.2,7510.68,7511.23
5/28/2026 0:00,7507.6,7511.7,7503.43,7511.7
5/27/2026 23:50,7503.9,7509.52,7502.46,7507.36
5/27/2026 23:40,7508.19,7511.43,7500.86,7503.7
5/27/2026 23:30,7512.61,7518.65,7507.66,7507.87
5/27/2026 23:20,7508.52,7512.33,7506.24,7512.01
5/27/2026 23:10,7517.08,7518.59,7508.31,7508.38
5/27/2026 23:00,7513.83,7518.66,7510.94,7517.1
5/27/2026 22:50,7517.27,7520.94,7511.5,7513.35
5/27/2026 22:40,7526.28,7527.33,7517.24,7517.24
5/27/2026 22:30,7517.11,7526.49,7510.9,7526.49
5/27/2026 22:20,7529.57,7530.6,7511.86,7516.68
5/27/2026 22:10,7523.44,7530.72,7519.49,7529.64
5/27/2026 22:00,7522.18,7530.59,7518.37,7523.12
5/27/2026 21:50,7512.62,7522.94,7512.32,7521.46
5/27/2026 21:40,7520.21,7521.29,7507.83,7511.81
5/27/2026 21:30,7526.01,7530.59,7518.87,7520.42
5/27/2026 4:10,7519.12,7519.12,7519.12,7519.12
5/27/2026 4:00,7520.14,7520.14,7519.08,7519.12
5/27/2026 3:50,7524.56,7525.99,7517.66,7520.38
5/27/2026 3:40,7519.56,7524.54,7519.28,7522.47
5/27/2026 3:30,7513.29,7519.93,7513.24,7519.9
5/27/2026 3:20,7512.36,7513.66,7511.11,7513.09
5/27/2026 3:10,7512.14,7513.02,7509.33,7512.36
5/27/2026 3:00,7508.37,7512.46,7506.39,7512.1
5/27/2026 2:50,7511.07,7513.74,7507.81,7508.28
5/27/2026 2:40,7514.96,7515.03,7510.88,7511.12
5/27/2026 2:30,7514.21,7517.58,7514.21,7514.99
5/27/2026 2:20,7516.93,7517.94,7513.81,7514.23
5/27/2026 2:10,7511.76,7516.98,7511.59,7516.98
5/27/2026 2:00,7507.97,7511.63,7505.32,7511.6
5/27/2026 1:50,7510.06,7510.81,7505.14,7507.55
5/27/2026 1:40,7505.85,7510.03,7503.8,7509.67
5/27/2026 1:30,7504.26,7508.92,7502.55,7505.91
5/27/2026 1:20,7505.85,7508.03,7502.98,7504.16
5/27/2026 1:10,7508.35,7511.17,7505.67,7506
5/27/2026 1:00,7507.49,7512.13,7506.62,7508.46
5/27/2026 0:50,7506.52,7510.21,7506.52,7507.52
5/27/2026 0:40,7514.35,7514.35,7506.5,7506.5
5/27/2026 0:30,7515.4,7517.58,7514.39,7514.45
5/27/2026 0:20,7511.04,7515.45,7509.03,7515.22
5/27/2026 0:10,7506.52,7511.21,7503.58,7511.05
5/27/2026 0:00,7506.91,7512.41,7505.44,7506.52
5/26/2026 23:50,7508.59,7509.5,7501.1,7506.87
5/26/2026 23:40,7516.09,7516.2,7507.6,7508.69
5/26/2026 23:30,7516.15,7517.92,7509.97,7516.05
5/26/2026 23:20,7521.97,7522.48,7515.45,7516.15
5/26/2026 23:10,7526.82,7527.48,7518.92,7521.88
5/26/2026 23:00,7532.16,7532.69,7521.25,7527.02
5/26/2026 22:50,7535.43,7538.09,7529.59,7531.65
5/26/2026 22:40,7534.9,7539.09,7534.86,7535.49
5/26/2026 22:30,7533.45,7538.91,7531.5,7535.32
5/26/2026 22:20,7533.71,7536.61,7530.71,7533.45
5/26/2026 22:10,7530.6,7534.45,7528.9,7533.73
5/26/2026 22:00,7528.32,7532.34,7523.51,7530.68
5/26/2026 21:50,7528.4,7528.4,7514.83,7526.79
5/26/2026 21:40,7514.23,7529.04,7513.67,7527.79
5/26/2026 21:30,7511.79,7519.93,7508.39,7513.78
5/23/2026 4:10,7473.47,7473.47,7473.47,7473.47
5/23/2026 4:00,7473.56,7473.56,7473.44,7473.47
5/23/2026 3:50,7471.45,7479.33,7468.04,7473.26
5/23/2026 3:40,7476.59,7477.14,7467.59,7471.78
5/23/2026 3:30,7473.5,7478.64,7470.44,7476.73
5/23/2026 3:20,7481.33,7481.33,7472.89,7473.26
5/23/2026 3:10,7482.6,7484.32,7478.55,7481.37
5/23/2026 3:00,7488.98,7490.11,7479.67,7482.69
5/23/2026 2:50,7489.02,7492.6,7488.31,7489.19
5/23/2026 2:40,7489.55,7492.46,7487.9,7488.9
5/23/2026 2:30,7490.55,7492.36,7486.17,7489.72
5/23/2026 2:20,7490.56,7493.09,7489.67,7490.6
5/23/2026 2:10,7491.34,7492.26,7487.61,7490.44
5/23/2026 2:00,7491,7493.97,7487.22,7491.32
5/23/2026 1:50,7495.49,7495.72,7489.46,7490.99
5/23/2026 1:40,7499.99,7500.83,7495.2,7495.44
5/23/2026 1:30,7506.32,7506.32,7495.84,7500.08
5/23/2026 1:20,7486.43,7505.3,7485.53,7505.3
5/23/2026 1:10,7494.9,7496.22,7486.64,7486.64
5/23/2026 1:00,7490.68,7496.18,7490.68,7494.9
5/23/2026 0:50,7489.2,7492.49,7488.8,7490.37
5/23/2026 0:40,7488.23,7492.89,7487.2,7489.18
5/23/2026 0:30,7491.38,7493.99,7486.71,7488.16
5/23/2026 0:20,7486.9,7491.08,7486.82,7491.08
5/23/2026 0:10,7491.33,7493.3,7487.09,7487.2
5/23/2026 0:00,7494.27,7494.96,7490.53,7491.43
5/22/2026 23:50,7490.93,7495.4,7490.93,7494.22
5/22/2026 23:40,7494.09,7495.32,7490.95,7491.05
5/22/2026 23:30,7496.48,7497.76,7492.37,7494.01
5/22/2026 23:20,7491.59,7496.56,7488.26,7496.56
5/22/2026 23:10,7488.12,7491.85,7484.9,7491.7
5/22/2026 23:00,7482.59,7488.46,7482.02,7488.01
5/22/2026 22:50,7479.93,7484.31,7477.04,7482.02
5/22/2026 22:40,7478.4,7482.91,7476.19,7480.16
5/22/2026 22:30,7474.54,7481.25,7472.34,7478.25
5/22/2026 22:20,7472.29,7474.46,7463.29,7474.46
5/22/2026 22:10,7479.14,7481.39,7471.87,7472.06
5/22/2026 22:00,7489.11,7489.11,7471.83,7479.22
5/22/2026 21:50,7491.88,7494.12,7485.19,7494.12
5/22/2026 21:40,7496.28,7499.46,7489.04,7492.18
5/22/2026 21:30,7468.82,7497.54,7468.82,7496.36
5/22/2026 4:10,7445.72,7445.72,7445.72,7445.72
5/22/2026 4:00,7445.47,7445.74,7445.47,7445.72
5/22/2026 3:50,7444.13,7448.85,7437.5,7445.29
5/22/2026 3:40,7445.18,7447.36,7438.74,7443.46
5/22/2026 3:30,7443.98,7446.05,7441.25,7444.83
5/22/2026 3:20,7445.18,7446.14,7441.57,7444.16
5/22/2026 3:10,7441.62,7445.74,7438.4,7445.34
5/22/2026 3:00,7427.76,7441.49,7427.76,7441.49
5/22/2026 2:50,7441.1,7446.99,7420.05,7427.38
5/22/2026 2:40,7448.73,7454.19,7440.38,7441.93
5/22/2026 2:30,7451.05,7453.12,7447.61,7448.74
5/22/2026 2:20,7449.98,7453.67,7448.34,7451.06
5/22/2026 2:10,7452.53,7452.86,7444.21,7449.89
5/22/2026 2:00,7454.18,7458.62,7446.4,7452.5
5/22/2026 1:50,7455.79,7465.96,7454.12,7454.16
5/22/2026 1:40,7445.43,7455.77,7445.43,7455.67
5/22/2026 1:30,7438.98,7445.95,7438.26,7445.33
5/22/2026 1:20,7434.87,7447.29,7428.67,7438.72
5/22/2026 1:10,7408.59,7440.75,7408.42,7434.88
5/22/2026 1:00,7407.27,7411.19,7407.27,7408.61
5/22/2026 0:50,7402.21,7407.08,7398.82,7406.96
5/22/2026 0:40,7404.44,7408.82,7401.1,7402.45
5/22/2026 0:30,7404.97,7409.16,7401.5,7404.42
5/22/2026 0:20,7409.49,7410.93,7401.98,7405.57
5/22/2026 0:10,7416.75,7416.84,7408.9,7409.42
5/22/2026 0:00,7410.26,7417.03,7410.26,7416.91
5/21/2026 23:50,7414.51,7415.14,7409.89,7410.09
5/21/2026 23:40,7406.96,7414.28,7405.41,7414.13
5/21/2026 23:30,7405.75,7407,7396.33,7406.83
5/21/2026 23:20,7407.79,7410.93,7404.8,7405.4
5/21/2026 23:10,7392.18,7409.44,7389.48,7407.81
5/21/2026 23:00,7406.82,7408.83,7390.28,7393.62
5/21/2026 22:50,7398.67,7409.92,7394.63,7406.63
5/21/2026 22:40,7407.46,7407.62,7394.35,7398.68
5/21/2026 22:30,7401.96,7409.44,7399.36,7407.19
5/21/2026 22:20,7398.91,7402.47,7392.02,7402.16
5/21/2026 22:10,7422.17,7422.33,7399.53,7399.63
5/21/2026 22:00,7415.62,7424.43,7414.19,7422.54
5/21/2026 21:50,7392.87,7418.86,7392.87,7416.08
5/21/2026 21:40,7394.35,7401.87,7392.03,7393.04
5/21/2026 21:30,7410.78,7410.78,7393.07,7395.3
5/21/2026 4:10,7432.97,7432.97,7432.97,7432.97
5/21/2026 4:00,7432.79,7432.97,7432.76,7432.97
5/21/2026 3:50,7427.56,7433.19,7424.71,7432.67
5/21/2026 3:40,7431.8,7432.84,7428.26,7428.97
5/21/2026 3:30,7426.45,7433.58,7424.58,7432.1
5/21/2026 3:20,7425.02,7427.95,7424.53,7426.53
5/21/2026 3:10,7420.23,7425.77,7419.12,7425.14
5/21/2026 3:00,7419.93,7425.34,7419.39,7420.47
5/21/2026 2:50,7419.27,7421.19,7416.9,7419.87
5/21/2026 2:40,7426.23,7426.51,7416.31,7419.24
5/21/2026 2:30,7419.51,7427.22,7419.51,7425.85
5/21/2026 2:20,7419.85,7421.19,7415.47,7419.34
5/21/2026 2:10,7419.29,7421.63,7417.11,7419.84
5/21/2026 2:00,7417.6,7422.75,7412.36,7418.96
5/21/2026 1:50,7420.08,7420.55,7415.18,7417.48
5/21/2026 1:40,7423.24,7423.24,7418.37,7420.08
5/21/2026 1:30,7421.05,7425.82,7416.9,7423.5
5/21/2026 1:20,7416.06,7421.55,7414.65,7420.35
5/21/2026 1:10,7408.89,7419.15,7406.63,7415.97
5/21/2026 1:00,7412.7,7415.46,7407.55,7408.8
5/21/2026 0:50,7410.22,7414.07,7406.41,7412.31
5/21/2026 0:40,7407.19,7418.42,7406.56,7410.16
5/21/2026 0:30,7408.38,7412.19,7404.39,7407.36
5/21/2026 0:20,7415.61,7415.84,7404.84,7408.23
5/21/2026 0:10,7420.26,7421.28,7414.09,7415.57
5/21/2026 0:00,7421.11,7423.44,7417.72,7420.36
5/20/2026 23:50,7426.12,7428.01,7418.64,7421.16
5/20/2026 23:40,7417.97,7426.06,7416.14,7425.98
5/20/2026 23:30,7410.99,7420.42,7410.99,7417.89
5/20/2026 23:20,7422.68,7425.87,7410.62,7410.98
5/20/2026 23:10,7407.77,7435.69,7406.05,7422.46
5/20/2026 23:00,7410.63,7413.52,7404.5,7407.76
5/20/2026 22:50,7399.17,7413.19,7397.9,7411.29
5/20/2026 22:40,7397.76,7403.41,7394.94,7399.03
5/20/2026 22:30,7398.37,7408.46,7394.4,7398.21
5/20/2026 22:20,7392.85,7400.03,7384.57,7397.56
5/20/2026 22:10,7365.83,7402.18,7357.46,7391.88
5/20/2026 22:00,7380.24,7380.24,7365.02,7366.11
5/20/2026 21:50,7379.62,7385.25,7371.86,7380.87
5/20/2026 21:40,7367.97,7391.6,7365.32,7379.52
5/20/2026 21:30,7369.19,7378.09,7360.96,7368.52
5/20/2026 4:10,7353.61,7353.61,7353.61,7353.61
5/20/2026 4:00,7354.31,7354.31,7353.61,7353.61
5/20/2026 3:50,7354.29,7356.92,7343.9,7354.81
5/20/2026 3:40,7360.75,7360.75,7354.8,7355.81
5/20/2026 3:30,7365.82,7368.75,7358.66,7360.5
5/20/2026 3:20,7371.46,7372.76,7357.67,7365.72
5/20/2026 3:10,7371.34,7379.59,7371.05,7371.82
5/20/2026 3:00,7363.43,7372.91,7363.12,7371.35
5/20/2026 2:50,7376.08,7376.08,7362.08,7363.33
5/20/2026 2:40,7375.5,7377.73,7372.49,7376.07
5/20/2026 2:30,7377.29,7382.66,7375.36,7375.75
5/20/2026 2:20,7386.67,7386.82,7377.57,7377.71
5/20/2026 2:10,7390.28,7391.54,7384.67,7386.61
5/20/2026 2:00,7387.19,7390.77,7385.14,7390.36
5/20/2026 1:50,7385.88,7386.88,7378.56,7386.88
5/20/2026 1:40,7390.94,7392.86,7381.6,7385.93
5/20/2026 1:30,7388.69,7394.57,7386.66,7390.91
5/20/2026 1:20,7391.88,7395.32,7386.19,7388.79
5/20/2026 1:10,7385.87,7393.43,7384.56,7391.79
5/20/2026 1:00,7380.23,7386.14,7378.81,7385.48
5/20/2026 0:50,7373.97,7381.94,7372.43,7380.35
5/20/2026 0:40,7369.14,7374.93,7369.14,7373.96
5/20/2026 0:30,7363.22,7369.93,7362.36,7369.16
5/20/2026 0:20,7355.55,7366,7352.62,7363.6
5/20/2026 0:10,7344.53,7356.06,7341.76,7355.51
5/20/2026 0:00,7349.28,7357.89,7345.27,7345.27
5/19/2026 23:50,7357.15,7357.66,7344.37,7348.05
5/19/2026 23:40,7352.27,7357.25,7350.35,7357.22
5/19/2026 23:30,7340.55,7354.02,7339.51,7352.41
5/19/2026 23:20,7348.62,7350.43,7335.85,7341.1
5/19/2026 23:10,7350.89,7358.11,7348.59,7348.59
5/19/2026 23:00,7350.06,7353.87,7344.83,7350.7
5/19/2026 22:50,7337.43,7349.73,7334,7349.73
5/19/2026 22:40,7348,7352.23,7333.68,7337.62
5/19/2026 22:30,7342.37,7349.99,7338.47,7348.23
5/19/2026 22:20,7342.98,7348.72,7335.05,7341.59
5/19/2026 22:10,7351.95,7356.8,7341.66,7342.77
5/19/2026 22:00,7371.31,7371.31,7346.46,7351.59
5/19/2026 21:50,7364.83,7381.64,7360.36,7372.54
5/19/2026 21:40,7374.31,7374.32,7349.5,7364.64
5/19/2026 21:30,7375.75,7376.16,7356.47,7374.09
5/19/2026 4:10,7403.05,7403.05,7403.05,7403.05
5/19/2026 4:00,7403.29,7403.29,7403.01,7403.05
5/19/2026 3:50,7399.67,7406.04,7396.72,7403.6
5/19/2026 3:40,7388.63,7403.05,7388.54,7401.44
5/19/2026 3:30,7373.79,7388.7,7371.69,7388.47
5/19/2026 3:20,7376.35,7380.66,7366.46,7373.74
5/19/2026 3:10,7381.97,7385.07,7374.86,7376.21
5/19/2026 3:00,7355.4,7397.32,7355,7381.26
5/19/2026 2:50,7357.82,7359.8,7353.17,7355.34
5/19/2026 2:40,7362.61,7365.76,7357.88,7357.88
5/19/2026 2:30,7366.42,7370.11,7362.65,7362.65
5/19/2026 2:20,7364.06,7365.84,7356.1,7365.63
5/19/2026 2:10,7375.1,7376.36,7361.14,7363.69
5/19/2026 2:00,7389.52,7390.17,7373.32,7375.02
5/19/2026 1:50,7385.43,7391.97,7385.29,7389.46
5/19/2026 1:40,7383.87,7390.25,7382.91,7385.79
5/19/2026 1:30,7392.85,7393.21,7381.8,7383.59
5/19/2026 1:20,7391.42,7392.91,7385.83,7392.68
5/19/2026 1:10,7389.2,7392.98,7386.08,7391.31
5/19/2026 1:00,7384.07,7392.19,7379.51,7388.91
5/19/2026 0:50,7373.49,7392.26,7373.37,7384.41
5/19/2026 0:40,7376.14,7376.85,7369.4,7373.44
5/19/2026 0:30,7366.56,7380.06,7361.47,7376.16
5/19/2026 0:20,7390.94,7397.93,7364.93,7366.77
5/19/2026 0:10,7381.54,7392.36,7381.28,7390.81
5/19/2026 0:00,7383.27,7384.21,7376.29,7381.4
5/18/2026 23:50,7384.42,7390.87,7379.24,7382.38
5/18/2026 23:40,7386.59,7392.05,7380.36,7384.75
5/18/2026 23:30,7374.95,7391.41,7371.75,7386.69
5/18/2026 23:20,7381.21,7388.26,7374.34,7375.01
5/18/2026 23:10,7387.09,7394.01,7378.75,7381.42
5/18/2026 23:00,7402.65,7409.61,7387.11,7387.13
5/18/2026 22:50,7393.58,7406.1,7392.53,7401.85
5/18/2026 22:40,7398.22,7406.87,7391.52,7393.59
5/18/2026 22:30,7414.88,7417.24,7383.31,7398.08
5/18/2026 22:20,7425.6,7427.6,7411.17,7413.68
5/18/2026 22:10,7420,7426.57,7415.83,7425.25
5/18/2026 22:00,7425.69,7425.69,7405.91,7422.53
5/18/2026 21:50,7407.65,7434.06,7407.65,7425.74
5/18/2026 21:40,7406.21,7412.64,7394.11,7407.12
5/18/2026 21:30,7415.07,7420.42,7400.93,7405.84
5/16/2026 4:10,7408.5,7408.5,7408.5,7408.5
5/16/2026 4:00,7408.95,7408.95,7408.5,7408.5
5/16/2026 3:50,7418.7,7419.55,7404.66,7409.62
5/16/2026 3:40,7426.69,7427.56,7417.59,7421.76
5/16/2026 3:30,7421.14,7426.91,7420.56,7426.24
5/16/2026 3:20,7423.88,7426.96,7420.48,7421.13
5/16/2026 3:10,7426.36,7426.63,7419.98,7424.05
5/16/2026 3:00,7436.22,7437.17,7425.25,7426.66
5/16/2026 2:50,7432.51,7438.85,7431.1,7435.95
5/16/2026 2:40,7434.8,7434.97,7429.4,7432.68
5/16/2026 2:30,7436.89,7437.81,7425.12,7434.9
5/16/2026 2:20,7437.21,7446.62,7435.36,7436.87
5/16/2026 2:10,7450.46,7452.04,7436.38,7437.42
5/16/2026 2:00,7450.1,7454.85,7449.82,7450.59
5/16/2026 1:50,7443.18,7450.21,7443.18,7449.91
5/16/2026 1:40,7446.86,7447.44,7441.07,7443.2
5/16/2026 1:30,7445.68,7449,7444.13,7446.8
5/16/2026 1:20,7438.07,7449.06,7437.42,7445.7
5/16/2026 1:10,7436.11,7437.97,7433.43,7437.97
5/16/2026 1:00,7429.13,7436.22,7427.13,7435.88
5/16/2026 0:50,7434.77,7435.6,7423.3,7429.25
5/16/2026 0:40,7433.54,7436.6,7431.1,7434.16
5/16/2026 0:30,7433.54,7434.74,7430.97,7432.96
5/16/2026 0:20,7422.86,7433.8,7422.46,7433.8
5/16/2026 0:10,7423.38,7424.4,7417.17,7422.88
5/16/2026 0:00,7423.73,7426.61,7417.26,7423.44
5/15/2026 23:50,7418.94,7423.65,7411.01,7422.68
5/15/2026 23:40,7429.93,7432.91,7417.75,7419
5/15/2026 23:30,7434.39,7439.59,7430.75,7430.75
5/15/2026 23:20,7433.41,7438.2,7428.28,7432.35
5/15/2026 23:10,7433.4,7434.13,7425.44,7432.77
5/15/2026 23:00,7429.88,7434.53,7421.7,7433.05
5/15/2026 22:50,7430.66,7436.91,7423.91,7429.54
5/15/2026 22:40,7439.14,7442.67,7429.02,7430.66
5/15/2026 22:30,7431.76,7443.15,7431.76,7438.78
5/15/2026 22:20,7439.4,7447.25,7428.25,7430.66
5/15/2026 22:10,7417.4,7442.08,7415.08,7439.3
5/15/2026 22:00,7412.93,7420.78,7409.74,7416.83
5/15/2026 21:50,7416.57,7429.86,7407.98,7411.45
5/15/2026 21:40,7409.99,7420.24,7397.5,7416.27
5/15/2026 21:30,7445.11,7445.11,7408.84,7410.32
5/15/2026 4:10,7501.24,7501.24,7501.24,7501.24
5/15/2026 4:00,7501.6,7501.63,7501.24,7501.24
5/15/2026 3:50,7502.38,7505.31,7499.05,7501.64
5/15/2026 3:40,7505.3,7507.95,7503.69,7504.52
5/15/2026 3:30,7501.85,7506.48,7501.57,7505.09
5/15/2026 3:20,7505.79,7507.79,7501.74,7501.86
5/15/2026 3:10,7507.22,7508.07,7503.09,7505.77
5/15/2026 3:00,7504.38,7507.62,7504.12,7507.11
5/15/2026 2:50,7501.49,7504.85,7499.33,7504
5/15/2026 2:40,7498.97,7501.65,7495.11,7501.34
5/15/2026 2:30,7496.84,7501.87,7496.66,7498.81
5/15/2026 2:20,7503.76,7504,7495.37,7496.78
5/15/2026 2:10,7494.33,7503.9,7493.21,7503.64
5/15/2026 2:00,7498.15,7498.47,7488.01,7494.16
5/15/2026 1:50,7503.54,7504.36,7498.94,7499.19
5/15/2026 1:40,7498.78,7504.03,7495.9,7503.55
5/15/2026 1:30,7490.41,7499.34,7489.16,7498.63
5/15/2026 1:20,7486.55,7490.67,7484.36,7490.58
5/15/2026 1:10,7495.92,7498.98,7484.91,7486.59
5/15/2026 1:00,7499.98,7504.41,7496.04,7496.04
5/15/2026 0:50,7502.47,7502.47,7493.08,7499.54
5/15/2026 0:40,7502.72,7505.32,7495.93,7502.29
5/15/2026 0:30,7501.57,7504.13,7496.1,7502.83
5/15/2026 0:20,7512.3,7515.42,7500.3,7501.52
5/15/2026 0:10,7513.59,7515.3,7510.69,7512.22
5/15/2026 0:00,7513.88,7517.12,7513.48,7513.64
5/14/2026 23:50,7509.89,7514.37,7508.1,7513.7
5/14/2026 23:40,7505.97,7509.87,7504.92,7509.82
5/14/2026 23:30,7506.8,7510.29,7503.87,7505.84
5/14/2026 23:20,7506.2,7509.78,7504.68,7507.1
5/14/2026 23:10,7499.78,7507.25,7498.65,7506.48
5/14/2026 23:00,7494.26,7500.62,7492.34,7499.88
5/14/2026 22:50,7494.13,7497.38,7492.24,7494.02
5/14/2026 22:40,7488.08,7494.61,7487.15,7494.58
5/14/2026 22:30,7481.97,7488.22,7479.44,7488.17
5/14/2026 22:20,7482.24,7486.26,7476.67,7481.24
5/14/2026 22:10,7471.14,7483.27,7470.05,7482.25
5/14/2026 22:00,7465.62,7476.57,7464.83,7471.26
5/14/2026 21:50,7477.43,7481.05,7465.07,7466.34
5/14/2026 21:40,7474.78,7480.83,7473.67,7477.79
5/14/2026 21:30,7454.4,7476.75,7454.4,7475.32
5/14/2026 4:10,7444.25,7444.25,7444.25,7444.25
5/14/2026 4:00,7444.14,7444.34,7444.14,7444.25
5/14/2026 3:50,7450.96,7452.8,7443.68,7444.07
5/14/2026 3:40,7455.1,7457.11,7453.87,7454.94
5/14/2026 3:30,7456.37,7456.55,7451.35,7455.04
5/14/2026 3:20,7457.48,7458.06,7451.19,7456.31
5/14/2026 3:10,7454.53,7458.22,7454.08,7457.31
5/14/2026 3:00,7447.2,7454.74,7447.2,7454.52
5/14/2026 2:50,7451.62,7454.17,7446.83,7447.16
5/14/2026 2:40,7451.83,7453.62,7449.54,7451.64
5/14/2026 2:30,7456.32,7456.42,7449.47,7451.79
5/14/2026 2:20,7457.41,7460.04,7455.97,7456.31
5/14/2026 2:10,7449.39,7459.29,7449.01,7457.56
5/14/2026 2:00,7442.03,7450.61,7442.03,7449.69
5/14/2026 1:50,7446.76,7448.52,7442.05,7442.26
5/14/2026 1:40,7444.91,7448.73,7444.91,7446.67
5/14/2026 1:30,7448.1,7448.54,7443.11,7444.92
5/14/2026 1:20,7446.62,7449.25,7444.82,7448
5/14/2026 1:10,7449.33,7450.94,7445.8,7446.5
5/14/2026 1:00,7441.9,7450.68,7441.9,7449.15
5/14/2026 0:50,7437.33,7444.04,7436.65,7441.36
5/14/2026 0:40,7438.57,7440.38,7436.54,7437.2
5/14/2026 0:30,7438.45,7440.12,7435.77,7438.35
5/14/2026 0:20,7428.03,7440.57,7427.55,7438.63
5/14/2026 0:10,7424.94,7429.26,7424.45,7428.14
5/14/2026 0:00,7418.37,7425.04,7417.09,7424.87
5/13/2026 23:50,7419.67,7421.7,7416.51,7418.49
5/13/2026 23:40,7419.48,7424.13,7419.48,7419.69
5/13/2026 23:30,7413.8,7419.76,7410.31,7419.07
5/13/2026 23:20,7413.83,7415.4,7409.98,7414.32
5/13/2026 23:10,7412.77,7414.38,7407.9,7413.93
5/13/2026 23:00,7410.12,7415.53,7409.96,7412.54
5/13/2026 22:50,7406.51,7411.78,7404.7,7410.39
5/13/2026 22:40,7400.85,7407.21,7399.09,7406.63
5/13/2026 22:30,7404.21,7408.78,7398.62,7400.51
5/13/2026 22:20,7393.88,7409.17,7393.78,7404.17
5/13/2026 22:10,7393.2,7399.76,7390.66,7393.9
5/13/2026 22:00,7391.74,7396.63,7389.65,7393.25
5/13/2026 21:50,7384.07,7394.47,7379.93,7390.95
5/13/2026 21:40,7388.42,7394.9,7375.13,7383.97
5/13/2026 21:30,7409.12,7409.12,7386.44,7389.33
5/13/2026 4:10,7400.96,7400.96,7400.96,7400.96
5/13/2026 4:00,7401.68,7401.68,7400.96,7400.96
5/13/2026 3:50,7404,7409.57,7400.01,7402.51
5/13/2026 3:40,7399.15,7403,7397.26,7401.55
5/13/2026 3:30,7391.84,7401.61,7391.84,7399.18
5/13/2026 3:20,7391.23,7392.26,7386.18,7391.74
5/13/2026 3:10,7385.36,7394.87,7385.16,7390.94
5/13/2026 3:00,7380.88,7387.14,7380.88,7385.45
5/13/2026 2:50,7381.45,7386.48,7379.59,7380.64
5/13/2026 2:40,7382.05,7384.49,7378.31,7381.47
5/13/2026 2:30,7382.86,7385.46,7379.94,7381.96
5/13/2026 2:20,7372.9,7385.18,7372.72,7382.94
5/13/2026 2:10,7370.07,7374.34,7368.15,7373.04
5/13/2026 2:00,7371.27,7373.5,7368.26,7370.04
5/13/2026 1:50,7367.51,7372.92,7365.73,7371.46
5/13/2026 1:40,7367.34,7369.78,7365.19,7367.4
5/13/2026 1:30,7363.97,7370.63,7362.33,7367.24
5/13/2026 1:20,7361.65,7369.81,7361.36,7364.17
5/13/2026 1:10,7350.79,7361.41,7350.17,7361.12
5/13/2026 1:00,7342.63,7354.42,7340.81,7350.56
5/13/2026 0:50,7341.62,7343.97,7338.71,7341.55
5/13/2026 0:40,7348.28,7350.42,7338.88,7341.85
5/13/2026 0:30,7348.18,7350.86,7342.32,7348.42
5/13/2026 0:20,7350.36,7353.06,7346.38,7348.16
5/13/2026 0:10,7347.79,7355.36,7347.48,7350.73
5/13/2026 0:00,7346.06,7353.92,7341.65,7348.47
5/12/2026 23:50,7354.05,7355.53,7344.13,7345.39
5/12/2026 23:40,7352.35,7358.06,7348.72,7354.11
5/12/2026 23:30,7343.91,7353.98,7342.11,7352.07
5/12/2026 23:20,7349.96,7350.86,7338.54,7343.5
5/12/2026 23:10,7361.15,7361.21,7346.69,7350.01
5/12/2026 23:00,7358.8,7361.31,7352.79,7360.82
5/12/2026 22:50,7361.24,7363.78,7356.78,7358.93
5/12/2026 22:40,7366.67,7371.97,7360.96,7361.45
5/12/2026 22:30,7369.59,7369.59,7355.25,7366.81
5/12/2026 22:20,7383.8,7384.66,7366.62,7369.44
5/12/2026 22:10,7374.71,7385.29,7371.43,7383.82
5/12/2026 22:00,7372.33,7377.39,7367.12,7374.61
5/12/2026 21:50,7377.75,7385.52,7369.16,7371.8
5/12/2026 21:40,7382.66,7389.6,7376.61,7378.91
5/12/2026 21:30,7390.63,7394.37,7376,7382.05
5/12/2026 4:10,7412.84,7412.84,7412.84,7412.84
5/12/2026 4:00,7412.99,7413,7412.83,7412.84
5/12/2026 3:50,7408.83,7413.55,7407.47,7413.55
5/12/2026 3:40,7407.56,7408.82,7402.75,7407.25
5/12/2026 3:30,7406.42,7410.13,7405.08,7407.84
5/12/2026 3:20,7407.13,7408.11,7403.38,7406.61
5/12/2026 3:10,7411.34,7413.29,7405.82,7407.19
5/12/2026 3:00,7406.92,7411.35,7404.38,7411.26
5/12/2026 2:50,7416.75,7416.86,7406.65,7406.99
5/12/2026 2:40,7419.76,7420.26,7416.37,7416.72
5/12/2026 2:30,7424.96,7425.17,7419.59,7419.69
5/12/2026 2:20,7424.8,7426.51,7422.94,7425.15
5/12/2026 2:10,7427.44,7427.44,7423.72,7424.67
5/12/2026 2:00,7423.6,7428.39,7423.39,7427.5
5/12/2026 1:50,7424.93,7426.08,7422.77,7423.46
5/12/2026 1:40,7424.75,7428.97,7423.87,7425.04
5/12/2026 1:30,7419.34,7425.78,7419.33,7424.56
5/12/2026 1:20,7411.43,7420.42,7410.77,7419.51
5/12/2026 1:10,7416.35,7416.37,7410.33,7411.4
5/12/2026 1:00,7416.12,7418.36,7415.08,7416.27
5/12/2026 0:50,7416.93,7417.99,7412.61,7414.94
5/12/2026 0:40,7422.55,7423.07,7410.81,7416.89
5/12/2026 0:30,7425.33,7426.27,7422.34,7422.49
5/12/2026 0:20,7423.17,7426.23,7421.56,7425.33
5/12/2026 0:10,7423.02,7424.52,7422.01,7422.95
5/12/2026 0:00,7423.81,7425.18,7421.99,7422.79
5/11/2026 23:50,7420.71,7425.04,7418.68,7423.78
5/11/2026 23:40,7422.59,7423.7,7419.29,7421.06
5/11/2026 23:30,7422.53,7423.59,7419.07,7422.5
5/11/2026 23:20,7415.45,7422.91,7415.35,7422.45
5/11/2026 23:10,7418.09,7418.31,7411.46,7416.03
5/11/2026 23:00,7418.22,7418.96,7415.46,7418.59
5/11/2026 22:50,7412.74,7421.11,7411.6,7418.02
5/11/2026 22:40,7407.92,7412.87,7407.64,7412.73
5/11/2026 22:30,7405.75,7409.21,7397.64,7407.78
5/11/2026 22:20,7415.42,7417.78,7405.51,7405.81
5/11/2026 22:10,7409.23,7416.6,7406.61,7415.67
5/11/2026 22:00,7409.44,7410.46,7406.36,7409.4
5/11/2026 21:50,7408.52,7412.98,7404.33,7409.28
5/11/2026 21:40,7399.19,7414.12,7397.27,7409.05
5/11/2026 21:30,7385.31,7401.28,7384.2,7398.51
5/9/2026 4:10,7398.93,7398.93,7398.93,7398.93
5/9/2026 4:00,7398.51,7398.94,7398.51,7398.93
5/9/2026 3:50,7397.1,7398.89,7394.2,7398.52
5/9/2026 3:40,7393.56,7397.39,7393.56,7395.07
5/9/2026 3:30,7388.98,7394.62,7388.23,7393.74
5/9/2026 3:20,7394.12,7394.61,7389,7389.05
5/9/2026 3:10,7391.12,7394.15,7390,7394.11
5/9/2026 3:00,7386.12,7393.49,7386.12,7391.29
5/9/2026 2:50,7391.99,7393.05,7384.1,7385.99
5/9/2026 2:40,7397.02,7397.96,7391.13,7391.72
5/9/2026 2:30,7399.38,7401.36,7396.19,7397.13
5/9/2026 2:20,7399.96,7401.41,7398.31,7399.5
5/9/2026 2:10,7395.89,7401.34,7395.64,7400.1
5/9/2026 2:00,7394.25,7401.5,7393.94,7395.82
5/9/2026 1:50,7394.87,7397.47,7392.93,7394.17
5/9/2026 1:40,7396.59,7398.02,7394.54,7395.11
5/9/2026 1:30,7399.63,7401.01,7396.56,7396.57
5/9/2026 1:20,7397.29,7400.98,7396.47,7399.69
5/9/2026 1:10,7396.51,7397.61,7394.2,7397.43
5/9/2026 1:00,7391.38,7398.1,7390.56,7396.6
5/9/2026 0:50,7395.54,7395.6,7391.15,7391.45
5/9/2026 0:40,7396.94,7397.39,7390.21,7395.76
5/9/2026 0:30,7397.78,7398.75,7393.9,7396.96
5/9/2026 0:20,7395.3,7400.09,7394.99,7397.66
5/9/2026 0:10,7395,7397.52,7393.3,7395.22
5/9/2026 0:00,7391.11,7397.03,7391.11,7395.02
5/8/2026 23:50,7393.57,7394.34,7389.69,7391.19
5/8/2026 23:40,7395.1,7396.38,7389,7393.54
5/8/2026 23:30,7391.74,7396,7386.01,7395.08
5/8/2026 23:20,7386.22,7391.86,7385.76,7391.28
5/8/2026 23:10,7389.65,7392.34,7383.28,7386.06
5/8/2026 23:00,7393.3,7396,7389.45,7389.64
5/8/2026 22:50,7395.08,7397.37,7393.2,7393.42
5/8/2026 22:40,7391.76,7397.06,7389.49,7395.29
5/8/2026 22:30,7390.18,7391.91,7382.72,7391.83
5/8/2026 22:20,7391.31,7397.56,7388.61,7389.79
5/8/2026 22:10,7387.76,7391.78,7384.19,7391.69
5/8/2026 22:00,7389.5,7392.5,7385.95,7387.63
5/8/2026 21:50,7383.57,7389.46,7381.12,7389.31
5/8/2026 21:40,7372.66,7385.85,7368.67,7383.42
5/8/2026 21:30,7362.97,7377.76,7362.97,7372.33
5/8/2026 4:10,7337.11,7337.11,7337.11,7337.11
5/8/2026 4:00,7337.03,7337.11,7337.03,7337.11
5/8/2026 3:50,7337.87,7341.39,7330.63,7337.99
5/8/2026 3:40,7336.06,7337.56,7332.33,7335.09
5/8/2026 3:30,7328.44,7336.53,7326.89,7335.89
5/8/2026 3:20,7327.97,7330.04,7323.04,7327.71
5/8/2026 3:10,7331.85,7337.83,7326.7,7328.6
5/8/2026 3:00,7334.26,7336.87,7329.56,7332.03
5/8/2026 2:50,7324.76,7334.46,7322.42,7334.18
5/8/2026 2:40,7337.33,7337.8,7321.25,7325.11
5/8/2026 2:30,7336.11,7342.36,7333.41,7337.14
5/8/2026 2:20,7341.45,7343.38,7334.62,7336.02
5/8/2026 2:10,7335.44,7344.66,7333.97,7341.25
5/8/2026 2:00,7341.19,7343.98,7335.13,7335.66
5/8/2026 1:50,7328.32,7341.11,7324.66,7340.76
5/8/2026 1:40,7337.1,7340.44,7327.18,7328.35
5/8/2026 1:30,7329.87,7339.11,7325.78,7337.06
5/8/2026 1:20,7336.57,7347.46,7321.66,7329.84
5/8/2026 1:10,7344.89,7345.67,7334.88,7336.52
5/8/2026 1:00,7343.78,7349.48,7340.25,7344.41
5/8/2026 0:50,7348.44,7348.44,7339.28,7343.77
5/8/2026 0:40,7350.41,7354.75,7347.42,7348.45
5/8/2026 0:30,7357.08,7361.81,7350.52,7350.75
5/8/2026 0:20,7341.38,7357.43,7339.83,7357
5/8/2026 0:10,7356.25,7356.43,7340.33,7341.36
5/8/2026 0:00,7363.57,7363.57,7352.88,7356.62
5/7/2026 23:50,7372.16,7373.74,7361.47,7363.21
5/7/2026 23:40,7376.67,7378.92,7372,7372.25
5/7/2026 23:30,7372.96,7379.82,7372.37,7376.25
5/7/2026 23:20,7377.87,7379.3,7367.38,7372.22
5/7/2026 23:10,7380.67,7381.52,7375.82,7377.84
5/7/2026 23:00,7384.41,7384.91,7375.66,7380.49
5/7/2026 22:50,7375.99,7385.02,7375.43,7384.7
5/7/2026 22:40,7376.76,7379.27,7374.53,7375.82
5/7/2026 22:30,7370.23,7376.67,7368.37,7376.67
5/7/2026 22:20,7369.99,7375.01,7368.6,7369.65
5/7/2026 22:10,7370.56,7372.66,7366.14,7369.92
5/7/2026 22:00,7365.74,7373.65,7363.57,7370.98
5/7/2026 21:50,7360.73,7367.87,7359.77,7364.54
5/7/2026 21:40,7369.6,7370.55,7360.26,7360.88
5/7/2026 21:30,7376.78,7376.78,7367.42,7369.95
5/7/2026 4:10,7365.12,7365.12,7365.12,7365.12
5/7/2026 4:00,7364.49,7365.12,7364.49,7365.12
5/7/2026 3:50,7360.75,7369.22,7360.75,7363.06
5/7/2026 3:40,7362.86,7363.45,7359.4,7360.04
5/7/2026 3:30,7361.28,7363.3,7358.76,7362.85
5/7/2026 3:20,7361.2,7363.4,7360.31,7361.92
5/7/2026 3:10,7358.62,7361.56,7358.54,7361
5/7/2026 3:00,7352.53,7360.18,7352.23,7358.57
5/7/2026 2:50,7351.72,7354.56,7350.77,7352.54
5/7/2026 2:40,7355.22,7355.29,7350.55,7351.99
5/7/2026 2:30,7353.88,7357.56,7351.91,7355.2
5/7/2026 2:20,7352.15,7354.92,7352.1,7353.83
5/7/2026 2:10,7348.64,7353.58,7346.28,7352.38
5/7/2026 2:00,7344.64,7348.47,7344.12,7348.26
5/7/2026 1:50,7342.27,7344.71,7341.55,7344.57
5/7/2026 1:40,7340.14,7343.87,7339.2,7342.38
5/7/2026 1:30,7339.95,7342.87,7339.78,7340.07
5/7/2026 1:20,7339.82,7341.35,7338.45,7340.03
5/7/2026 1:10,7338.64,7341.17,7337.61,7339.67
5/7/2026 1:00,7333.75,7339.3,7330.63,7338.44
5/7/2026 0:50,7337.08,7337.73,7329.35,7333.68
5/7/2026 0:40,7340.47,7342.01,7335.13,7337.06
5/7/2026 0:30,7341.53,7342.2,7338.46,7340.45
5/7/2026 0:20,7342.11,7344.43,7341.04,7341.24
5/7/2026 0:10,7340.32,7343.73,7339.93,7342.11
5/7/2026 0:00,7340.03,7343.43,7338.87,7340.34
5/6/2026 23:50,7339.37,7343.27,7337.43,7340.4
5/6/2026 23:40,7338.43,7340.45,7333.41,7339.35
5/6/2026 23:30,7344.22,7345.62,7338.14,7338.47
5/6/2026 23:20,7345.3,7347.54,7343.84,7343.92
5/6/2026 23:10,7341.95,7345.55,7337.13,7345.22
5/6/2026 23:00,7344.73,7348.35,7341.52,7341.62
5/6/2026 22:50,7341.45,7344.97,7340.93,7344.88
5/6/2026 22:40,7336.28,7344,7336.24,7341.77
5/6/2026 22:30,7322.53,7336.88,7322.53,7336.13
5/6/2026 22:20,7320.03,7330.88,7319.88,7322.57
5/6/2026 22:10,7321.28,7326.31,7319.14,7319.95
5/6/2026 22:00,7320.73,7323.5,7310.79,7321.56
5/6/2026 21:50,7314.28,7322.19,7306.35,7321.01
5/6/2026 21:40,7315.05,7319.41,7311.81,7314.2
5/6/2026 21:30,7294.14,7319.35,7294.14,7314.93
5/6/2026 4:10,7259.22,7259.22,7259.22,7259.22
5/6/2026 4:00,7259.33,7259.35,7259.21,7259.22
5/6/2026 3:50,7265.18,7265.18,7255.46,7259.33
5/6/2026 3:40,7270.3,7270.64,7266.89,7267.05
5/6/2026 3:30,7269.86,7271.43,7267.78,7270.21
5/6/2026 3:20,7271.84,7273.26,7269.93,7270.11
5/6/2026 3:10,7270.24,7272.41,7269.07,7271.62
5/6/2026 3:00,7266.13,7270.36,7266.08,7270.31
5/6/2026 2:50,7267.06,7267.6,7263.96,7266.12
5/6/2026 2:40,7264.75,7267.8,7264.39,7267.16
5/6/2026 2:30,7267.97,7268.63,7264.7,7264.73
5/6/2026 2:20,7268.42,7269.5,7267.24,7267.86
5/6/2026 2:10,7266.01,7269.9,7265.89,7268.41
5/6/2026 2:00,7263.07,7266.68,7262.64,7266.13
5/6/2026 1:50,7261.86,7264.79,7261.79,7263.01
5/6/2026 1:40,7261.08,7262.8,7260.52,7262.15
5/6/2026 1:30,7261.61,7263.47,7259.71,7261.13
5/6/2026 1:20,7259.57,7261.77,7257.69,7261.65
5/6/2026 1:10,7255.4,7259.4,7254.71,7259.35
5/6/2026 1:00,7257.84,7259.29,7254.98,7255.46
5/6/2026 0:50,7259.27,7259.99,7257.38,7257.83
5/6/2026 0:40,7257.17,7261.08,7255.79,7259.36
5/6/2026 0:30,7258.43,7260.25,7257.12,7257.17
5/6/2026 0:20,7259.42,7261.78,7254.64,7258.67
5/6/2026 0:10,7258.64,7259.65,7257.48,7259.25
5/6/2026 0:00,7253.78,7259.3,7253.02,7258.56
5/5/2026 23:50,7256.4,7257.43,7252.83,7253.74
5/5/2026 23:40,7254.2,7257.12,7252.72,7256.35
5/5/2026 23:30,7257.99,7258.23,7252.36,7254.21
5/5/2026 23:20,7256.97,7258.16,7254.1,7257.81
5/5/2026 23:10,7257.26,7259.92,7256.44,7256.91
5/5/2026 23:00,7254.3,7259.54,7253.64,7256.94
5/5/2026 22:50,7250.57,7255.12,7248.25,7254.27
5/5/2026 22:40,7250.11,7254.75,7247.55,7250.82
5/5/2026 22:30,7256.52,7257.36,7249.16,7250.39
5/5/2026 22:20,7243.9,7259.54,7243.08,7256.09
5/5/2026 22:10,7255.12,7257,7241.77,7244.14
5/5/2026 22:00,7248.11,7254.96,7243.91,7254.89
5/5/2026 21:50,7245.1,7252.04,7245.05,7249.42
5/5/2026 21:40,7245.07,7250.13,7242.09,7245.25
5/5/2026 21:30,7233.62,7249.51,7233.62,7245.12
5/5/2026 4:10,7200.75,7200.75,7200.75,7200.75
5/5/2026 4:00,7201.45,7201.45,7200.75,7200.75
5/5/2026 3:50,7199.05,7201.92,7196.23,7201.92
5/5/2026 3:40,7202.6,7204.15,7199.11,7204.03
5/5/2026 3:30,7200.55,7205.28,7200.42,7202.51
5/5/2026 3:20,7202.46,7203.13,7198.43,7200.35
5/5/2026 3:10,7202.44,7204.81,7201.06,7202.6
5/5/2026 3:00,7198.25,7204.14,7194.23,7202.43
5/5/2026 2:50,7197.58,7199.16,7193.75,7197.96
5/5/2026 2:40,7197.9,7198.42,7191.16,7197.4
5/5/2026 2:30,7200.83,7201.21,7195.76,7197.74
5/5/2026 2:20,7204.86,7205.22,7195.4,7200.46
5/5/2026 2:10,7209.62,7210.38,7204.48,7205.15
5/5/2026 2:00,7206.09,7212.8,7206.04,7209.66
5/5/2026 1:50,7205.57,7209.08,7205.47,7206.07
5/5/2026 1:40,7203.29,7206.24,7201.64,7205.72
5/5/2026 1:30,7208.06,7208.36,7199.43,7203.35
5/5/2026 1:20,7205.84,7208.71,7204.63,7207.99
5/5/2026 1:10,7197.05,7206.8,7194.57,7205.69
5/5/2026 1:00,7189.32,7197.58,7188.09,7196.94
5/5/2026 0:50,7191.39,7192.23,7186.78,7188.36
5/5/2026 0:40,7191.42,7195.42,7189.51,7191.52
5/5/2026 0:30,7192.61,7198.78,7189.39,7191.02
5/5/2026 0:20,7194.83,7199.98,7191.66,7192.59
5/5/2026 0:10,7182.69,7197.92,7177.59,7194.57
5/5/2026 0:00,7198.67,7199.93,7174.12,7183.06
5/4/2026 23:50,7199.4,7205.35,7193.04,7198.78
5/4/2026 23:40,7201.29,7206.4,7195.45,7199.46
5/4/2026 23:30,7206.95,7207.73,7196.62,7201.47
5/4/2026 23:20,7210.06,7210.32,7197.79,7206.61
5/4/2026 23:10,7231.44,7232.44,7210.33,7210.77
5/4/2026 23:00,7232.12,7237.36,7226.65,7231.64
5/4/2026 22:50,7241.09,7244.45,7231.9,7232.38
5/4/2026 22:40,7242.4,7244.54,7240.47,7241.09
5/4/2026 22:30,7234.68,7243.62,7234.2,7241.97
5/4/2026 22:20,7237.52,7240.79,7233.62,7234.67
5/4/2026 22:10,7224.14,7237.62,7223.69,7237.45
5/4/2026 22:00,7230.69,7231.32,7222.8,7224.07
5/4/2026 21:50,7227.44,7231.7,7224.35,7230.96
5/4/2026 21:40,7221.54,7230.18,7220,7227.25
5/4/2026 21:30,7228.38,7228.38,7214.77,7221.66
5/2/2026 4:10,7230.12,7230.12,7230.12,7230.12
5/2/2026 4:00,7230.43,7230.44,7230.11,7230.12
5/2/2026 3:50,7242.3,7243.67,7229.32,7230.41
5/2/2026 3:40,7246.45,7247.52,7241.78,7242.62
5/2/2026 3:30,7247.46,7247.97,7243.27,7246.54
5/2/2026 3:20,7244.81,7248.97,7243.81,7247.48
5/2/2026 3:10,7240.82,7245.8,7239.83,7244.87
5/2/2026 3:00,7234.77,7241.22,7234.1,7240.98
5/2/2026 2:50,7234.92,7236.18,7232.85,7234.82
5/2/2026 2:40,7236.56,7237.52,7231.39,7234.15
5/2/2026 2:30,7244.91,7245.02,7235.95,7236.52
5/2/2026 2:20,7241.38,7245.05,7240.77,7244.92
5/2/2026 2:10,7248,7248.14,7238.35,7241.76
5/2/2026 2:00,7251.63,7252.37,7245.06,7248.12
5/2/2026 1:50,7251.87,7255.12,7250.74,7251.25
5/2/2026 1:40,7251.28,7253.65,7251.18,7251.84
5/2/2026 1:30,7253.17,7254.28,7249.51,7251.23
5/2/2026 1:20,7250.09,7253.12,7249.86,7253.12
5/2/2026 1:10,7245.15,7250.11,7245.15,7250.05
5/2/2026 1:00,7242.16,7247.3,7242.16,7245.11
5/2/2026 0:50,7239.89,7246.57,7238.97,7242.28
5/2/2026 0:40,7245.64,7246.32,7237.91,7239.89
5/2/2026 0:30,7245.12,7246.14,7240.31,7245.72
5/2/2026 0:20,7253.19,7255.23,7243.03,7245.36
5/2/2026 0:10,7248.28,7253.13,7247.32,7253.12
5/2/2026 0:00,7257.26,7258.88,7248.14,7248.73
5/1/2026 23:50,7266.21,7267.08,7252.11,7257.47
5/1/2026 23:40,7261.45,7266.71,7261.36,7266.14
5/1/2026 23:30,7256.62,7263.64,7255.68,7261.55
5/1/2026 23:20,7254.07,7257.35,7253.74,7256.48
5/1/2026 23:10,7248.85,7255.23,7247.02,7253.89
5/1/2026 23:00,7250.66,7251.17,7244.5,7249.6
5/1/2026 22:50,7254.72,7256.05,7250.35,7250.77
5/1/2026 22:40,7251.37,7257.49,7248.17,7254.66
5/1/2026 22:30,7265.89,7265.89,7246.02,7251.6
5/1/2026 22:20,7268.5,7272.52,7265.08,7265.85
5/1/2026 22:10,7264.69,7270.19,7263.59,7268.23
5/1/2026 22:00,7265.96,7269.97,7261.81,7264.55
5/1/2026 21:50,7246.19,7265.76,7241.78,7265.76
5/1/2026 21:40,7245.36,7250.1,7242.85,7246.28
5/1/2026 21:30,7234.54,7251.01,7232.75,7244.66
5/1/2026 4:10,7209.01,7209.01,7209.01,7209.01
5/1/2026 4:00,7209.23,7209.23,7208.97,7209.01
5/1/2026 3:50,7219.83,7219.83,7208.1,7208.1
5/1/2026 3:40,7214.59,7218.3,7211.91,7217.9
5/1/2026 3:30,7213.97,7215.01,7210.87,7214.84
5/1/2026 3:20,7214.36,7216.56,7213.52,7214.23
5/1/2026 3:10,7212.19,7217.19,7212.19,7214.64
5/1/2026 3:00,7206.77,7213.96,7205.73,7212.19
5/1/2026 2:50,7209.61,7210.87,7206.05,7206.91
5/1/2026 2:40,7207.81,7210.23,7207.67,7209.74
5/1/2026 2:30,7202.35,7209.12,7202.24,7207.99
5/1/2026 2:20,7201.81,7202.59,7199.75,7202.4
5/1/2026 2:10,7198.56,7204.77,7197.94,7201.99
5/1/2026 2:00,7193.62,7202.23,7193.62,7198.75
5/1/2026 1:50,7190.35,7194.65,7189.03,7194.08
5/1/2026 1:40,7188.05,7191.49,7185.94,7190.39
5/1/2026 1:30,7181.12,7189.44,7181.12,7188.19
5/1/2026 1:20,7177.43,7181.39,7176.06,7181.24
5/1/2026 1:10,7174.87,7179.41,7174.51,7176.94
5/1/2026 1:00,7166.17,7175.52,7166.17,7175.27
5/1/2026 0:50,7170.24,7171,7162.16,7166.21
5/1/2026 0:40,7174.56,7174.89,7167.52,7170.69
5/1/2026 0:30,7174.95,7176.14,7171.95,7174.61
5/1/2026 0:20,7175.28,7176.22,7170.46,7174.56
5/1/2026 0:10,7169.94,7177.07,7169.35,7175.09
5/1/2026 0:00,7168.72,7172.36,7163.79,7170.17
4/30/2026 23:50,7163.58,7173.07,7163.21,7168.59
4/30/2026 23:40,7162.24,7163.64,7157.29,7163.64
4/30/2026 23:30,7167.12,7172.37,7161.34,7162.53
4/30/2026 23:20,7165.09,7168.92,7161.45,7167.12
4/30/2026 23:10,7167.36,7168.75,7162.65,7164.71
4/30/2026 23:00,7162.44,7167.94,7158.14,7167.03
4/30/2026 22:50,7149.9,7164.89,7149.09,7162.09
4/30/2026 22:40,7135.9,7153.72,7135.62,7150.31
4/30/2026 22:30,7139.94,7150.3,7134.23,7134.91
4/30/2026 22:20,7137.61,7146,7134.84,7142.18
4/30/2026 22:10,7133.8,7141.69,7126.15,7137.47
4/30/2026 22:00,7136.16,7144.94,7129.73,7133.78
4/30/2026 21:50,7148.58,7151.81,7130.33,7136.15
4/30/2026 21:40,7140.9,7154.95,7136.51,7149.1
4/30/2026 21:30,7161.75,7170.52,7141.49,7141.49
4/30/2026 4:10,7135.95,7135.95,7135.95,7135.95
4/30/2026 4:00,7136.68,7136.68,7135.95,7135.95
4/30/2026 3:50,7128.46,7138.55,7127.3,7138.55
4/30/2026 3:40,7133.36,7133.52,7127.9,7130.44
4/30/2026 3:30,7131.4,7133.22,7124.16,7132.78
4/30/2026 3:20,7136.38,7136.69,7131.97,7131.97
4/30/2026 3:10,7127.61,7138.6,7126.83,7136.13
4/30/2026 3:00,7129.17,7130.94,7123.5,7127.6
4/30/2026 2:50,7118.24,7129.52,7118.24,7128.98
4/30/2026 2:40,7115.67,7118.32,7107.86,7118.01
4/30/2026 2:30,7115.78,7124.16,7110.61,7116.92
4/30/2026 2:20,7118.86,7121.85,7114.72,7115.74
4/30/2026 2:10,7111.16,7122.02,7108.21,7118.88
4/30/2026 2:00,7129.31,7129.47,7110.59,7111.14
4/30/2026 1:50,7127.89,7130.36,7125.9,7128.79
4/30/2026 1:40,7123.83,7129.67,7121.22,7127.88
4/30/2026 1:30,7122.68,7125.36,7121.66,7123.8
4/30/2026 1:20,7120.6,7123.92,7118.19,7122.12
4/30/2026 1:10,7119.88,7121.72,7117.69,7119.56
4/30/2026 1:00,7119.98,7120.88,7115.82,7119.92
4/30/2026 0:50,7120.97,7123.2,7117.27,7119.62
4/30/2026 0:40,7118.2,7122.13,7118.2,7121.43
4/30/2026 0:30,7119.33,7119.33,7112.67,7117.62
4/30/2026 0:20,7121.64,7126.18,7120.16,7120.49
4/30/2026 0:10,7127.67,7130.23,7121.32,7121.75
4/30/2026 0:00,7123.51,7129.83,7122.72,7127.6
4/29/2026 23:50,7132.05,7133.21,7115.99,7123.64
4/29/2026 23:40,7130.14,7133.11,7127.25,7131.89
4/29/2026 23:30,7132.58,7134.45,7129.18,7130.24
4/29/2026 23:20,7130.62,7134.05,7129.29,7132.34
4/29/2026 23:10,7128.94,7131.61,7124.25,7129.85
4/29/2026 23:00,7137.76,7138.39,7129.26,7129.26
4/29/2026 22:50,7138.37,7140.13,7137.01,7137.99
4/29/2026 22:40,7141.57,7143.07,7138.24,7138.31
4/29/2026 22:30,7138.36,7145.63,7136.01,7142.31
4/29/2026 22:20,7133.27,7140.61,7132.33,7138.36
4/29/2026 22:10,7130.95,7136.68,7130.05,7133.34
4/29/2026 22:00,7131.9,7131.9,7125.63,7131.29
4/29/2026 21:50,7122.91,7133.19,7122.78,7131.96
4/29/2026 21:40,7129.33,7131.22,7119.54,7123.01
4/29/2026 21:30,7131.61,7135.75,7122.96,7129.63
4/29/2026 4:10,7138.8,7138.8,7138.8,7138.8
4/29/2026 4:00,7139.11,7139.11,7138.77,7138.8
4/29/2026 3:50,7142.02,7142.84,7137.12,7139.3
4/29/2026 3:40,7138.64,7141.12,7138.48,7140.37
4/29/2026 3:30,7139.51,7139.7,7135.43,7138.52
4/29/2026 3:20,7139.21,7141.7,7137.62,7139.39
4/29/2026 3:10,7142.72,7144.96,7138.78,7139.51
4/29/2026 3:00,7138.71,7143.18,7137.83,7142.87
4/29/2026 2:50,7136.82,7139.37,7136.1,7138.7
4/29/2026 2:40,7134.28,7137.77,7133.97,7136.91
4/29/2026 2:30,7136.98,7137.11,7131.83,7134.2
4/29/2026 2:20,7137.54,7139.22,7135.41,7137.08
4/29/2026 2:10,7133.15,7137.98,7131.83,7137.45
4/29/2026 2:00,7133.92,7134.67,7130.81,7133.13
4/29/2026 1:50,7130.77,7134.4,7129.37,7133.61
4/29/2026 1:40,7130.07,7132.8,7128.8,7130.72
4/29/2026 1:30,7124.86,7131.02,7124.86,7129.76
4/29/2026 1:20,7120.05,7126.59,7119.72,7124.71
4/29/2026 1:10,7121.87,7123.32,7118.97,7120.07
4/29/2026 1:00,7124.87,7126.4,7117.72,7121.86
4/29/2026 0:50,7120.82,7126.94,7118.79,7124.79
4/29/2026 0:40,7120.28,7121.61,7117.5,7120.73
4/29/2026 0:30,7126.43,7128.04,7119.12,7120.19
4/29/2026 0:20,7126.97,7129.12,7126.01,7126.81
4/29/2026 0:10,7126.23,7127.95,7123.95,7126.86
4/29/2026 0:00,7122.73,7127.76,7121.07,7125.97
4/28/2026 23:50,7118.83,7122.96,7118.45,7122.77
4/28/2026 23:40,7122.01,7124.02,7116.94,7118.35
4/28/2026 23:30,7121.37,7124.57,7117.54,7122.06
4/28/2026 23:20,7129.61,7129.61,7120.98,7122.16
4/28/2026 23:10,7123.52,7130.8,7123.24,7129.37
4/28/2026 23:00,7129.04,7133.55,7121.95,7123.97
4/28/2026 22:50,7123.6,7128.24,7115.17,7128.19
4/28/2026 22:40,7122.91,7129.22,7119.48,7123.79
4/28/2026 22:30,7135.3,7138.33,7118.97,7123.31
4/28/2026 22:20,7137.13,7139.68,7133.15,7135.18
4/28/2026 22:10,7145.19,7145.4,7134.58,7136.96
4/28/2026 22:00,7137.93,7146.38,7134.85,7145.17
4/28/2026 21:50,7145.29,7146.73,7132.52,7138.72
4/28/2026 21:40,7143.51,7152.52,7142.54,7145.42
4/28/2026 21:30,7133.74,7145.25,7129.36,7143.52
4/28/2026 4:10,7173.91,7173.91,7173.91,7173.91
4/28/2026 4:00,7174.35,7174.35,7173.91,7173.91
4/28/2026 3:50,7178.74,7178.74,7173.32,7174.58
4/28/2026 3:40,7174.86,7178.54,7173.63,7178.54
4/28/2026 3:30,7174.68,7176.28,7172.28,7174.83
4/28/2026 3:20,7174.95,7175.78,7173.73,7174.86
4/28/2026 3:10,7171.83,7175.72,7170.8,7175.13
4/28/2026 3:00,7171.94,7174.52,7170.61,7171.9
4/28/2026 2:50,7173.7,7175.01,7172.09,7172.1
4/28/2026 2:40,7175.21,7175.59,7170.7,7173.75
4/28/2026 2:30,7174.48,7175.92,7174.11,7175.21
4/28/2026 2:20,7175.61,7175.7,7173.5,7174.62
4/28/2026 2:10,7173.35,7176.12,7172.82,7175.63
4/28/2026 2:00,7172.33,7174.09,7171.13,7173.33
4/28/2026 1:50,7172.88,7174.06,7170.12,7172.49
4/28/2026 1:40,7171.09,7173.17,7170.52,7172.77
4/28/2026 1:30,7169.54,7175.84,7169.39,7171.02
4/28/2026 1:20,7164.95,7170.34,7164.13,7169.67
4/28/2026 1:10,7166.03,7167.93,7162.68,7165.12
4/28/2026 1:00,7165.5,7167.62,7164.67,7165.99
4/28/2026 0:50,7166.05,7166.05,7162.13,7165.39
4/28/2026 0:40,7166.95,7167.16,7164.65,7166.17
4/28/2026 0:30,7162.52,7167.51,7162.52,7167.04
4/28/2026 0:20,7164.03,7164.13,7160.72,7162.5
4/28/2026 0:10,7161.13,7164.68,7160.44,7163.92
4/28/2026 0:00,7158.5,7162,7155.39,7160.97
4/27/2026 23:50,7154.39,7157.96,7153.85,7157.78
4/27/2026 23:40,7153.83,7157.65,7152.87,7154.39
4/27/2026 23:30,7153.25,7155.37,7151.13,7153.83
4/27/2026 23:20,7151.49,7153.26,7146.72,7153.02
4/27/2026 23:10,7153.86,7155.55,7150.74,7151.51
4/27/2026 23:00,7160.93,7161.44,7151.17,7153.97
4/27/2026 22:50,7160.83,7162.73,7156.81,7160.14
4/27/2026 22:40,7163.64,7164.46,7158.99,7160.89
4/27/2026 22:30,7157.49,7166.97,7153.74,7163.44
4/27/2026 22:20,7157.28,7161.66,7156.51,7157.36
4/27/2026 22:10,7160.97,7164.16,7157.12,7157.41
4/27/2026 22:00,7163.29,7165.81,7160.72,7160.8
4/27/2026 21:50,7150.65,7166.71,7148.42,7163.87
4/27/2026 21:40,7166.74,7167.7,7149.95,7150.85
4/27/2026 21:30,7152.72,7166.96,7151.84,7166.93
4/25/2026 4:10,7165.08,7165.08,7165.08,7165.08
4/25/2026 4:00,7164.7,7165.08,7164.7,7165.08
4/25/2026 3:50,7163.4,7167.66,7159.21,7163.69
4/25/2026 3:40,7160.08,7163.11,7159,7161.94
4/25/2026 3:30,7161.34,7162.15,7158.38,7160.2
4/25/2026 3:20,7166.54,7166.59,7159.5,7161.52
4/25/2026 3:10,7165.26,7168.59,7164.89,7166.56
4/25/2026 3:00,7159.98,7165.33,7159.85,7165.07
4/25/2026 2:50,7156.44,7159.77,7155.67,7159.58
4/25/2026 2:40,7158.73,7160.11,7155.31,7156.64
4/25/2026 2:30,7154.21,7159.5,7153.62,7158.8
4/25/2026 2:20,7155.64,7158.01,7153.52,7153.88
4/25/2026 2:10,7160.56,7161.12,7154.51,7156.22
4/25/2026 2:00,7160.75,7161.48,7156.68,7160.58
4/25/2026 1:50,7158.24,7167.23,7157.8,7160.58
4/25/2026 1:40,7155.93,7160.01,7155.7,7158.22
4/25/2026 1:30,7153.67,7159.09,7151.47,7155.74
4/25/2026 1:20,7154.93,7156.6,7150.38,7153.84
4/25/2026 1:10,7157.62,7159.77,7154.66,7154.87
4/25/2026 1:00,7159.75,7161.66,7157.08,7157.59
4/25/2026 0:50,7155.84,7160.98,7155.84,7159.87
4/25/2026 0:40,7158.31,7158.58,7152.36,7155.8
4/25/2026 0:30,7156.72,7162.46,7156.72,7158.33
4/25/2026 0:20,7156.94,7159.9,7155.8,7156.47
4/25/2026 0:10,7156.42,7161.54,7154.25,7157.07
4/25/2026 0:00,7161.78,7163.43,7154.59,7156.12
4/24/2026 23:50,7156.88,7164.45,7156.69,7161.87
4/24/2026 23:40,7140.57,7163.73,7140.27,7156.67
4/24/2026 23:30,7142.15,7145.55,7139.71,7140.75
4/24/2026 23:20,7140.08,7145.17,7138.82,7142.56
4/24/2026 23:10,7139.54,7142.14,7139.12,7140.17
4/24/2026 23:00,7138.4,7140.39,7135.82,7139.08
4/24/2026 22:50,7135.34,7139.65,7132.89,7137.91
4/24/2026 22:40,7129.76,7137.97,7129.15,7135.25
4/24/2026 22:30,7121.76,7131.79,7118.27,7129.57
4/24/2026 22:20,7127.81,7130.05,7118.28,7121.5
4/24/2026 22:10,7123.56,7129.99,7121.15,7127.62
4/24/2026 22:00,7121.66,7126.41,7114.61,7123.9
4/24/2026 21:50,7127.44,7128.71,7112.82,7123.25
4/24/2026 21:40,7127.14,7128.77,7121.15,7127.3
4/24/2026 21:30,7136.48,7137.12,7117.82,7126.39
4/24/2026 4:10,7108.4,7108.4,7108.4,7108.4
4/24/2026 4:00,7108.44,7108.44,7108.3,7108.4
4/24/2026 3:50,7098.11,7112.14,7090.38,7108.88
4/24/2026 3:40,7099.25,7103.79,7096.38,7102.81
4/24/2026 3:30,7107.7,7112.19,7095.47,7098.9
4/24/2026 3:20,7108.36,7109.48,7106.01,7107.92
4/24/2026 3:10,7102.7,7109.81,7100.76,7108.26
4/24/2026 3:00,7094.77,7104.26,7091.76,7102.77
4/24/2026 2:50,7104.2,7107.39,7092.15,7094.78
4/24/2026 2:40,7113.12,7113.72,7104.3,7104.34
4/24/2026 2:30,7108.91,7118.47,7108.91,7113.01
4/24/2026 2:20,7105.41,7109.47,7101.61,7109.07
4/24/2026 2:10,7097.91,7106.14,7096.24,7105.28
4/24/2026 2:00,7090.36,7102.8,7087.07,7097.61
4/24/2026 1:50,7058.09,7092.61,7052.28,7090.57
4/24/2026 1:40,7081.58,7081.58,7046.55,7058.02
4/24/2026 1:30,7084.04,7099.69,7080.23,7081.39
4/24/2026 1:20,7088.34,7096.53,7083.43,7084.17
4/24/2026 1:10,7102.49,7104.5,7085.88,7088.43
4/24/2026 1:00,7132.65,7134.36,7103.28,7103.28
4/24/2026 0:50,7132.63,7135.76,7130.26,7132.39
4/24/2026 0:40,7131.89,7135.28,7131.33,7132.82
4/24/2026 0:30,7131.03,7136.01,7130.22,7131.85
4/24/2026 0:20,7133.39,7133.85,7128.44,7131.03
4/24/2026 0:10,7128.39,7134.63,7128.39,7133.2
4/24/2026 0:00,7135.43,7136.24,7126.84,7128.43
4/23/2026 23:50,7135.8,7138.19,7130.9,7135.42
4/23/2026 23:40,7142.25,7143.59,7132.9,7136.09
4/23/2026 23:30,7143.35,7147.78,7141.98,7142.35
4/23/2026 23:20,7145.05,7147.08,7143,7143.61
4/23/2026 23:10,7141.77,7146.09,7139.05,7145.11
4/23/2026 23:00,7141.59,7143.68,7138.79,7141.68
4/23/2026 22:50,7134.95,7144.59,7133.73,7141.47
4/23/2026 22:40,7130.45,7136.63,7128.59,7134.89
4/23/2026 22:30,7129.11,7135.63,7128.2,7130.5
4/23/2026 22:20,7124.8,7133,7124.61,7128.83
4/23/2026 22:10,7126.43,7130.46,7123.24,7124.98
4/23/2026 22:00,7125.15,7126.74,7115.89,7126.32
4/23/2026 21:50,7133.86,7133.86,7125.41,7126.05
4/23/2026 21:40,7126.86,7136.84,7124.59,7133.87
4/23/2026 21:30,7118.8,7128.09,7116.12,7127.32
4/23/2026 4:10,7137.9,7137.9,7137.9,7137.9
4/23/2026 4:00,7137.79,7137.96,7137.79,7137.9
4/23/2026 3:50,7133.59,7138.64,7128.89,7136.99
4/23/2026 3:40,7128.13,7130.89,7127.56,7130.89
4/23/2026 3:30,7128.81,7129.83,7125.04,7128.1
4/23/2026 3:20,7127.77,7129.84,7126.22,7128.84
4/23/2026 3:10,7123.06,7127.68,7122.01,7127.61
4/23/2026 3:00,7120.8,7123.21,7116.24,7123.11
4/23/2026 2:50,7123.48,7124.6,7119.41,7120.7
4/23/2026 2:40,7122.95,7124.15,7121.83,7123.56
4/23/2026 2:30,7118.62,7123.03,7117.98,7122.91
4/23/2026 2:20,7120.77,7120.77,7116.38,7118.55
4/23/2026 2:10,7123.38,7125.01,7120.27,7120.83
4/23/2026 2:00,7123.8,7125.75,7122.96,7123.39
4/23/2026 1:50,7126.1,7127.06,7123.98,7124
4/23/2026 1:40,7124.55,7127.27,7122.4,7126.06
4/23/2026 1:30,7124.2,7127.1,7123.09,7124.28
4/23/2026 1:20,7121.02,7127.94,7121.02,7124.11
4/23/2026 1:10,7121.64,7127.11,7120.01,7120.87
4/23/2026 1:00,7113,7121.64,7113,7121.64
4/23/2026 0:50,7117.84,7117.96,7112.4,7112.97
4/23/2026 0:40,7119.06,7120.4,7113.46,7117.9
4/23/2026 0:30,7115.42,7119.56,7112.59,7119.11
4/23/2026 0:20,7118.33,7122.18,7115.15,7115.51
4/23/2026 0:10,7123.98,7124.54,7118.21,7118.21
4/23/2026 0:00,7122.23,7124.97,7118.14,7124
4/22/2026 23:50,7122.06,7124.49,7118.82,7120.51
4/22/2026 23:40,7122.46,7123.86,7115.66,7122.03
4/22/2026 23:30,7126.39,7128.35,7121.32,7122.41
4/22/2026 23:20,7123.25,7128.81,7122.26,7126.51
4/22/2026 23:10,7123.12,7125.47,7119.66,7123.35
4/22/2026 23:00,7124.31,7125.98,7117.13,7123.06
4/22/2026 22:50,7126.07,7127.68,7119.14,7124.42
4/22/2026 22:40,7129.32,7130.44,7120.04,7125.93
4/22/2026 22:30,7129.37,7129.86,7118.94,7129.43
4/22/2026 22:20,7126.98,7130.46,7126.04,7129.12
4/22/2026 22:10,7119.73,7127.56,7119.6,7126.95
4/22/2026 22:00,7117.63,7123.14,7111.89,7119.28
4/22/2026 21:50,7109.42,7117.51,7106.39,7117.51
4/22/2026 21:40,7112.72,7118.41,7108.27,7109.63
4/22/2026 21:30,7102.91,7117.32,7102.91,7112.49
4/22/2026 4:10,7064.01,7064.01,7064.01,7064.01
4/22/2026 4:00,7064.19,7064.19,7064,7064.01
4/22/2026 3:50,7067.72,7069.93,7057.55,7064.44
4/22/2026 3:40,7086.1,7086.19,7050.2,7063.48
4/22/2026 3:30,7101.29,7102.45,7081.43,7085.63
4/22/2026 3:20,7090.58,7101.35,7090.55,7101.08
4/22/2026 3:10,7090.48,7096.21,7087.16,7090.55
4/22/2026 3:00,7087.49,7092.17,7087.49,7090.67
4/22/2026 2:50,7075.38,7091.13,7073.85,7087.28
4/22/2026 2:40,7077.72,7078.94,7075.1,7075.29
4/22/2026 2:30,7074.45,7080.99,7074.45,7077.69
4/22/2026 2:20,7074.72,7076.15,7072.18,7074.36
4/22/2026 2:10,7081.92,7085.44,7072.25,7074.83
4/22/2026 2:00,7081.69,7087.81,7081.69,7082.03
4/22/2026 1:50,7085.02,7087.68,7077.09,7081.47
4/22/2026 1:40,7086.08,7095.79,7082.19,7085.22
4/22/2026 1:30,7069.59,7090.74,7069.57,7086.83
4/22/2026 1:20,7063.96,7072.89,7062.09,7069.73
4/22/2026 1:10,7078.88,7078.95,7063.47,7064.02
4/22/2026 1:00,7079.77,7086.87,7072.16,7079.04
4/22/2026 0:50,7089.64,7090.06,7079.44,7079.82
4/22/2026 0:40,7089.15,7089.88,7081.03,7089.7
4/22/2026 0:30,7086.78,7094.92,7086.77,7088.6
4/22/2026 0:20,7094.35,7094.35,7086.58,7087.13
4/22/2026 0:10,7097.71,7097.77,7090.13,7094.27
4/22/2026 0:00,7091.49,7101.45,7091.49,7097.74
4/21/2026 23:50,7094.24,7094.24,7088.54,7090.96
4/21/2026 23:40,7090.25,7097.55,7088.47,7094.48
4/21/2026 23:30,7090.13,7097.38,7084.3,7090.45
4/21/2026 23:20,7102.16,7103.3,7087.19,7090.35
4/21/2026 23:10,7101.33,7105.22,7097.13,7101.98
4/21/2026 23:00,7099.57,7101.69,7085.38,7101.15
4/21/2026 22:50,7115.15,7116.3,7098.31,7098.86
4/21/2026 22:40,7123.27,7128.69,7113.47,7115.14
4/21/2026 22:30,7129,7131.45,7122.97,7123.38
4/21/2026 22:20,7132.38,7132.59,7125.69,7129.42
4/21/2026 22:10,7134.78,7137.27,7131.31,7132.53
4/21/2026 22:00,7132.16,7136.28,7129.34,7135.19
4/21/2026 21:50,7126.24,7133.3,7125.42,7131.3
4/21/2026 21:40,7113.61,7129.04,7113.32,7126.34
4/21/2026 21:30,7122.64,7129.29,7111.05,7113.54
4/21/2026 4:10,7109.14,7109.14,7109.14,7109.14
4/21/2026 4:00,7109.71,7109.71,7109.13,7109.14
4/21/2026 3:50,7102.64,7110.38,7100.99,7109.61
4/21/2026 3:40,7103.04,7103.83,7099.73,7102.71
4/21/2026 3:30,7104.13,7105.44,7101.27,7103.01
4/21/2026 3:20,7107.04,7107.29,7103.68,7104.31
4/21/2026 3:10,7107.99,7108.67,7106.37,7106.87
4/21/2026 3:00,7106.69,7109.18,7105.88,7107.91
4/21/2026 2:50,7107.24,7109.96,7106.05,7106.62
4/21/2026 2:40,7103.34,7107.45,7102.73,7107.23
4/21/2026 2:30,7107.61,7108.17,7103.29,7103.32
4/21/2026 2:20,7108.12,7109.99,7105.61,7107.24
4/21/2026 2:10,7105.58,7108.3,7100.15,7108.07
4/21/2026 2:00,7101.06,7106,7099.35,7105.51
4/21/2026 1:50,7103.69,7104.18,7100.7,7101.06
4/21/2026 1:40,7102.75,7105.63,7100.46,7103.71
4/21/2026 1:30,7103.24,7103.52,7100.05,7102.79
4/21/2026 1:20,7106.37,7107.8,7103.29,7103.33
4/21/2026 1:10,7101.7,7107.01,7101.04,7106.34
4/21/2026 1:00,7100.12,7101.92,7096.88,7101.78
4/21/2026 0:50,7100.91,7101.65,7098.38,7100.1
4/21/2026 0:40,7099.15,7103.46,7098.06,7100.86
4/21/2026 0:30,7100.48,7104.59,7097.89,7099.19
4/21/2026 0:20,7099.56,7101.84,7098.14,7100.39
4/21/2026 0:10,7098.36,7101.16,7094.14,7099.45
4/21/2026 0:00,7099.74,7100.55,7094.6,7098.34
4/20/2026 23:50,7098.8,7101.17,7095.18,7099.68
4/20/2026 23:40,7100.25,7103.88,7097.1,7099.09
4/20/2026 23:30,7104.41,7105.59,7096.65,7100.36
4/20/2026 23:20,7093.21,7107.37,7091.93,7106.96
4/20/2026 23:10,7088.8,7094.4,7086.79,7093.42
4/20/2026 23:00,7095.88,7099.38,7084.41,7088.65
4/20/2026 22:50,7110.14,7110.89,7089.67,7095
4/20/2026 22:40,7109.32,7110.84,7102.58,7110.13
4/20/2026 22:30,7112.44,7113.54,7106.64,7109.27
4/20/2026 22:20,7114.98,7120.86,7112.24,7112.92
4/20/2026 22:10,7117.82,7119.96,7110.97,7114.5
4/20/2026 22:00,7121.87,7121.87,7113.99,7117.88
4/20/2026 21:50,7109.35,7122.65,7108.98,7121.55
4/20/2026 21:40,7108.95,7115.7,7105.65,7109.57
4/20/2026 21:30,7117.05,7120.67,7106.3,7109.27
4/18/2026 4:10,7126.06,7126.06,7126.06,7126.06
4/18/2026 4:00,7126,7126.07,7126,7126.06
4/18/2026 3:50,7123.07,7128.01,7120.87,7125.56
4/18/2026 3:40,7123.9,7127.32,7121.3,7122.41
4/18/2026 3:30,7116.6,7125.01,7116.6,7123.98
4/18/2026 3:20,7118.32,7119.34,7115.89,7116.51
4/18/2026 3:10,7118.52,7119.71,7114.04,7118.24
4/18/2026 3:00,7120.73,7122.58,7117.2,7118.4
4/18/2026 2:50,7123.08,7123.32,7117.38,7120.6
4/18/2026 2:40,7125.18,7125.97,7121.8,7123.12
4/18/2026 2:30,7122.35,7127.46,7122.28,7125.22
4/18/2026 2:20,7119.95,7126.45,7115.43,7121.99
4/18/2026 2:10,7119.81,7122.01,7117.42,7120.12
4/18/2026 2:00,7126.99,7128.38,7119.15,7119.49
4/18/2026 1:50,7128.08,7130.44,7126.62,7126.83
4/18/2026 1:40,7124.21,7130.54,7121.87,7128.37
4/18/2026 1:30,7122.55,7127.05,7120.07,7124.05
4/18/2026 1:20,7132.76,7133.83,7116.01,7122.77
4/18/2026 1:10,7137.71,7138.04,7132.67,7133.02
4/18/2026 1:00,7143.28,7145.55,7132.36,7137.66
4/18/2026 0:50,7145.92,7147.08,7142.75,7143.26
4/18/2026 0:40,7144.51,7147.52,7142.65,7145.99
4/18/2026 0:30,7138.98,7145.28,7138.98,7144.39
4/18/2026 0:20,7136.47,7139.41,7135.58,7138.89
4/18/2026 0:10,7135.79,7139.83,7133.44,7136.54
4/18/2026 0:00,7130.81,7140.1,7129.21,7135.85
4/17/2026 23:50,7132.38,7137.23,7130.81,7131.01
4/17/2026 23:40,7136.75,7136.95,7128.03,7132.33
4/17/2026 23:30,7129.79,7137.32,7129.79,7136.7
4/17/2026 23:20,7125.81,7130.93,7123.49,7130
4/17/2026 23:10,7132.95,7134.15,7123.49,7125.88
4/17/2026 23:00,7129.16,7135.41,7126.58,7133.13
4/17/2026 22:50,7136.16,7136.88,7126.36,7129.16
4/17/2026 22:40,7127.15,7136.86,7127.13,7136.35
4/17/2026 22:30,7116.8,7127.16,7116.69,7127.06
4/17/2026 22:20,7113.94,7118.04,7109.68,7116.59
4/17/2026 22:10,7115.21,7117.82,7111.77,7114.14
4/17/2026 22:00,7108.19,7115.48,7105.96,7115.2
4/17/2026 21:50,7095.42,7108.32,7094.05,7108.24
4/17/2026 21:40,7095.17,7099.14,7082.7,7094.95
4/17/2026 21:30,7074.55,7100.12,7074.55,7095.15
4/17/2026 4:10,7041.28,7041.28,7041.28,7041.28
4/17/2026 4:00,7040.7,7041.28,7040.7,7041.28
4/17/2026 3:50,7042.84,7042.84,7037.26,7040.09
4/17/2026 3:40,7037.62,7039.81,7035.2,7039.81
4/17/2026 3:30,7032.8,7037.62,7032.04,7037.53
4/17/2026 3:20,7034.37,7034.94,7032.55,7032.67
4/17/2026 3:10,7031.69,7035.32,7029.86,7034.33
4/17/2026 3:00,7031.19,7035.11,7030.7,7031.81
4/17/2026 2:50,7031.2,7031.25,7027.57,7030.61
4/17/2026 2:40,7030.18,7033.57,7029.83,7031.23
4/17/2026 2:30,7021.03,7031.53,7021.03,7029.95
4/17/2026 2:20,7027.49,7029.61,7018.26,7020.99
4/17/2026 2:10,7025.78,7030.25,7023,7027.47
4/17/2026 2:00,7029.81,7034.26,7023.24,7025.25
4/17/2026 1:50,7038.32,7038.36,7025.26,7029.81
4/17/2026 1:40,7033.25,7038.64,7033.21,7038.39
4/17/2026 1:30,7030.79,7034.89,7029.74,7033.21
4/17/2026 1:20,7025.71,7032.76,7023.44,7030.77
4/17/2026 1:10,7029.67,7030.99,7022.39,7025
4/17/2026 1:00,7031.66,7032.05,7025.15,7029.49
4/17/2026 0:50,7038.19,7039.67,7031.05,7031.48
4/17/2026 0:40,7040.19,7041.8,7035.37,7038.19
4/17/2026 0:30,7043.82,7044.15,7026.51,7040.13
4/17/2026 0:20,7050.83,7051.05,7043.38,7043.69
4/17/2026 0:10,7047.02,7051.23,7046.7,7050.77
4/17/2026 0:00,7046.71,7048.87,7045.09,7047
4/16/2026 23:50,7035.69,7046.86,7035.58,7046.58
4/16/2026 23:40,7040.91,7041.4,7034.25,7035.72
4/16/2026 23:30,7031.02,7046.7,7031.02,7041.17
4/16/2026 23:20,7038.05,7042.14,7032.1,7032.1
4/16/2026 23:10,7034.24,7043.66,7034.24,7037.82
4/16/2026 23:00,7024.11,7035.13,7024.07,7034.22
4/16/2026 22:50,7023.57,7025.84,7020.22,7023.94
4/16/2026 22:40,7014.52,7023.28,7012.84,7023.25
4/16/2026 22:30,7015.81,7017.93,7013.71,7014.57
4/16/2026 22:20,7013.67,7017.08,7010.52,7015.49
4/16/2026 22:10,7020.45,7025.66,7012.81,7013.4
4/16/2026 22:00,7017.77,7022.59,7010.3,7020.31
4/16/2026 21:50,7029.22,7029.55,7008.52,7017.16
4/16/2026 21:40,7030.93,7034.71,7025.28,7030.23
4/16/2026 21:30,7037.78,7040.03,7029.55,7030.11
4/16/2026 4:10,7022.95,7022.95,7022.95,7022.95
4/16/2026 4:00,7022.87,7022.96,7022.87,7022.95
4/16/2026 3:50,7021.56,7026.24,7018.71,7022.57
4/16/2026 3:40,7018.78,7021.47,7016.49,7019
4/16/2026 3:30,7023.45,7025.1,7019.3,7019.3
4/16/2026 3:20,7020.15,7024.29,7019.37,7024.14
4/16/2026 3:10,7022.39,7023.36,7017.67,7020.05
4/16/2026 3:00,7020.18,7022.97,7017.58,7022.35
4/16/2026 2:50,7016.35,7021.66,7016.35,7020.24
4/16/2026 2:40,7013.42,7016.27,7009.88,7016.26
4/16/2026 2:30,7008.57,7015.51,7008.57,7013.46
4/16/2026 2:20,7007.35,7009.5,7005.37,7008.51
4/16/2026 2:10,7004.96,7009.86,7002.92,7007.39
4/16/2026 2:00,6998.03,7008.45,6995.72,7004.94
4/16/2026 1:50,6999.54,7002.41,6997.88,6998.24
4/16/2026 1:40,7000.31,7000.66,6996.62,6999.51
4/16/2026 1:30,6997.82,7003.82,6997.67,7000.33
4/16/2026 1:20,6996.76,6999.52,6994.58,6997.91
4/16/2026 1:10,6996.09,6998.25,6994.11,6996.79
4/16/2026 1:00,6989,6997.86,6987.75,6995.68
4/16/2026 0:50,6990.23,6991.43,6979.96,6988.86
4/16/2026 0:40,6995.52,6995.52,6983.33,6990.17
4/16/2026 0:30,6997.51,6998.73,6994.52,6995.47
4/16/2026 0:20,6999.85,7001.92,6997.31,6997.33
4/16/2026 0:10,6997.91,6999.76,6996.27,6999.67
4/16/2026 0:00,6993.43,6998.26,6992.22,6998.12
4/15/2026 23:50,6998.33,6998.9,6992.77,6993.58
4/15/2026 23:40,6995.11,6999.5,6995.11,6998.29
4/15/2026 23:30,6997.94,6997.94,6992.54,6995
4/15/2026 23:20,6997.76,6999.84,6996.54,6997.95
4/15/2026 23:10,6990.89,6998.26,6990.51,6997.79
4/15/2026 23:00,6991.63,6993.97,6988.61,6990.85
4/15/2026 22:50,6994.18,6995.26,6990.47,6991.63
4/15/2026 22:40,6984.28,6994.4,6984.28,6994.2
4/15/2026 22:30,6992.94,6994.7,6983.38,6983.69
4/15/2026 22:20,6982.54,6992.88,6982.48,6992.85
4/15/2026 22:10,6978.77,6987.59,6977.16,6982.48
4/15/2026 22:00,6981.72,6981.72,6973.57,6978.73
4/15/2026 21:50,6975.45,6981.46,6969.83,6981.46
4/15/2026 21:40,6987.51,6988.22,6967.13,6974.82
4/15/2026 21:30,6978.17,6988.12,6975.99,6987.79
4/15/2026 4:10,6967.38,6967.38,6967.38,6967.38
4/15/2026 4:00,6967.8,6967.8,6967.37,6967.38
4/15/2026 3:50,6964.19,6967.97,6958.99,6967.63
4/15/2026 3:40,6967.05,6967.3,6962.32,6964.55
4/15/2026 3:30,6966.13,6969.42,6961.34,6967.06
4/15/2026 3:20,6960.64,6966.87,6960.64,6966.48
4/15/2026 3:10,6957.91,6962.2,6957.44,6960.82
4/15/2026 3:00,6951.29,6958.29,6950.93,6957.9
4/15/2026 2:50,6948.3,6951.64,6947.83,6951.55
4/15/2026 2:40,6954.08,6955.58,6947.51,6948.49
4/15/2026 2:30,6949.93,6954.08,6949.6,6954.08
4/15/2026 2:20,6953.89,6954.93,6945.81,6949.94
4/15/2026 2:10,6962.72,6962.72,6952.03,6953.73
4/15/2026 2:00,6961.45,6963.09,6961.17,6962.74
4/15/2026 1:50,6964.29,6964.77,6960,6961.45
4/15/2026 1:40,6963.96,6965.23,6963.19,6964.28
4/15/2026 1:30,6961.49,6964.95,6961.45,6963.95
4/15/2026 1:20,6961.37,6964.14,6960.74,6961.48
4/15/2026 1:10,6956.04,6961.46,6955.82,6961.44
4/15/2026 1:00,6953.58,6957.79,6953.58,6955.84
4/15/2026 0:50,6961.02,6961.06,6952.33,6953.59
4/15/2026 0:40,6958.44,6960.86,6957.67,6960.73
4/15/2026 0:30,6960.29,6961.72,6956.43,6958.47
4/15/2026 0:20,6956.82,6961.51,6956.17,6960.32
4/15/2026 0:10,6954.93,6956.74,6953.59,6956.73
4/15/2026 0:00,6952.57,6956.17,6952.28,6954.93
4/14/2026 23:50,6953.94,6957.49,6952.7,6953.02
4/14/2026 23:40,6951.41,6955.51,6949.73,6954
4/14/2026 23:30,6946.46,6952.35,6946.34,6951.58
4/14/2026 23:20,6939.66,6948.55,6939.42,6946.5
4/14/2026 23:10,6933.83,6940.15,6933.28,6940.05
4/14/2026 23:00,6940.12,6940.12,6933.24,6933.7
4/14/2026 22:50,6937.56,6940.97,6935.3,6940.05
4/14/2026 22:40,6932.39,6938.41,6930.43,6937.56
4/14/2026 22:30,6934.43,6937.89,6932.37,6932.4
4/14/2026 22:20,6930.86,6934.86,6930.31,6934.28
4/14/2026 22:10,6927.65,6934.89,6926.02,6931
4/14/2026 22:00,6918.81,6927.97,6918.81,6927.84
4/14/2026 21:50,6922.38,6922.91,6918.36,6919.08
4/14/2026 21:40,6915.76,6924.56,6915.54,6922.39
4/14/2026 21:30,6910.2,6918.74,6905.17,6915.54
4/14/2026 4:10,6886.24,6886.24,6886.24,6886.24
4/14/2026 4:00,6885.56,6886.24,6885.56,6886.24
4/14/2026 3:50,6865.91,6887,6865.91,6885
4/14/2026 3:40,6865.39,6866.06,6861.97,6863.96
4/14/2026 3:30,6861.88,6868.58,6860.65,6865.48
4/14/2026 3:20,6858.47,6862.11,6858.07,6862
4/14/2026 3:10,6856.66,6858.9,6854.53,6858.38
4/14/2026 3:00,6857.08,6859.5,6855.1,6856.64
4/14/2026 2:50,6854.86,6858.37,6854.17,6857.01
4/14/2026 2:40,6850.19,6855.39,6849.06,6854.81
4/14/2026 2:30,6847.06,6850.54,6846.65,6850.1
4/14/2026 2:20,6848.71,6850.01,6846.35,6847.33
4/14/2026 2:10,6848.97,6850.12,6848.54,6848.65
4/14/2026 2:00,6845.34,6849.31,6845.34,6849
4/14/2026 1:50,6844.56,6846.95,6842.58,6845.26
4/14/2026 1:40,6846.94,6847.69,6844.1,6844.58
4/14/2026 1:30,6849.04,6850.63,6845.25,6847
4/14/2026 1:20,6849.97,6849.97,6846.96,6848.97
4/14/2026 1:10,6846.35,6851.3,6845.81,6850.06
4/14/2026 1:00,6847.29,6849.26,6844.84,6846.38
4/14/2026 0:50,6844.84,6851.79,6843.02,6847.11
4/14/2026 0:40,6839.04,6846.54,6831.28,6844.68
4/14/2026 0:30,6837.94,6845.76,6835.4,6839.05
4/14/2026 0:20,6825.8,6839.38,6825.8,6838.02
4/14/2026 0:10,6821.33,6826.28,6820.82,6825.82
4/14/2026 0:00,6818.72,6826.8,6814.09,6821.44
4/13/2026 23:50,6818.27,6819.98,6817.02,6818.69
4/13/2026 23:40,6823.51,6824.52,6817.01,6818.34
4/13/2026 23:30,6818.8,6825.77,6816.12,6823.61
4/13/2026 23:20,6820.96,6824.58,6818.89,6819.28
4/13/2026 23:10,6822.95,6826.77,6820.65,6820.88
4/13/2026 23:00,6829.13,6829.19,6820.81,6823.33
4/13/2026 22:50,6820.36,6830.41,6819.22,6829.22
4/13/2026 22:40,6818.72,6824.61,6818.57,6820.11
4/13/2026 22:30,6819.09,6822.98,6816.93,6818.78
4/13/2026 22:20,6813.19,6819.25,6808.74,6819.03
4/13/2026 22:10,6817.27,6817.78,6809.34,6813.23
4/13/2026 22:00,6820.77,6823.15,6812.76,6817.76
4/13/2026 21:50,6811.09,6820.77,6803.52,6820.77
4/13/2026 21:40,6795.76,6811.7,6790.02,6811.32
4/13/2026 21:30,6806.47,6806.47,6790.42,6795.84
4/11/2026 4:10,6816.89,6816.89,6816.89,6816.89
4/11/2026 4:00,6817.08,6817.08,6816.78,6816.89
4/11/2026 3:50,6811.29,6817.9,6810.52,6816.98
4/11/2026 3:40,6814.04,6815.65,6810.39,6812.24
4/11/2026 3:30,6820.08,6820.08,6813.28,6814.07
4/11/2026 3:20,6822.63,6823.38,6818.43,6820.37
4/11/2026 3:10,6819.67,6823.42,6819.38,6822.54
4/11/2026 3:00,6816.72,6821.08,6816.64,6819.56
4/11/2026 2:50,6815.09,6817.16,6814.58,6816.81
4/11/2026 2:40,6815.84,6816.53,6812.55,6815.21
4/11/2026 2:30,6817.44,6817.98,6815.37,6815.85
4/11/2026 2:20,6818.39,6820.3,6816.9,6817.38
4/11/2026 2:10,6813.61,6818.69,6813.12,6818.45
4/11/2026 2:00,6818.37,6818.37,6811.99,6813.58
4/11/2026 1:50,6815.83,6818.94,6815.74,6818.31
4/11/2026 1:40,6813.63,6816.51,6811.64,6815.87
4/11/2026 1:30,6809.97,6813.85,6808.46,6813.64
4/11/2026 1:20,6813.96,6814.52,6810.05,6810.5
4/11/2026 1:10,6812.57,6815.4,6810.55,6813.98
4/11/2026 1:00,6818.32,6818.33,6810.17,6812.74
4/11/2026 0:50,6816.24,6819.75,6813.82,6818.31
4/11/2026 0:40,6814.42,6815.43,6809.04,6815.43
4/11/2026 0:30,6818.98,6820.36,6813.86,6814.36
4/11/2026 0:20,6821.93,6822.32,6818.21,6819.01
4/11/2026 0:10,6816.76,6824.55,6816.76,6821.77
4/11/2026 0:00,6817.82,6818.69,6814.46,6816.87
4/10/2026 23:50,6825.88,6826.57,6814.7,6817.28
4/10/2026 23:40,6828.04,6830.1,6824.71,6825.98
4/10/2026 23:30,6836.19,6837.56,6827.77,6827.84
4/10/2026 23:20,6839.27,6844.32,6835.33,6835.73
4/10/2026 23:10,6837.96,6842.25,6836.3,6839.52
4/10/2026 23:00,6837.24,6839.29,6832.53,6838.05
4/10/2026 22:50,6831.12,6838.75,6830.54,6837.4
4/10/2026 22:40,6837.63,6838.89,6829.38,6830.54
4/10/2026 22:30,6839.67,6843.43,6837.16,6837.44
4/10/2026 22:20,6837.61,6839.82,6835.55,6839.57
4/10/2026 22:10,6828.99,6837.72,6824.69,6837.47
4/10/2026 22:00,6828.96,6831.18,6823.46,6828.93
4/10/2026 21:50,6829.18,6833.07,6824.9,6832.77
4/10/2026 21:40,6830.74,6834.66,6826.6,6828.84
4/10/2026 21:30,6839.24,6845.77,6828.33,6831.22
4/10/2026 4:10,6824.66,6824.66,6824.66,6824.66
4/10/2026 4:00,6824.46,6824.67,6824.46,6824.66
4/10/2026 3:50,6827,6830.36,6823.27,6824.22
4/10/2026 3:40,6826.95,6829.34,6824.07,6825.93
4/10/2026 3:30,6823.33,6830.51,6823.13,6827.09
4/10/2026 3:20,6821.4,6824.96,6820.57,6823.3
4/10/2026 3:10,6824.67,6826.39,6820.72,6821.38
4/10/2026 3:00,6815.78,6824.62,6814.26,6824.62
4/10/2026 2:50,6815.9,6817.17,6812.34,6815.8
4/10/2026 2:40,6816.81,6817.83,6812.82,6815.86
4/10/2026 2:30,6812.94,6817.32,6809.4,6816.85
4/10/2026 2:20,6817.62,6818.6,6810.78,6813.08
4/10/2026 2:10,6819.18,6819.83,6814.34,6817.58
4/10/2026 2:00,6829.48,6830.18,6812.02,6818.89
4/10/2026 1:50,6832.3,6832.3,6827.79,6829.52
4/10/2026 1:40,6834.23,6835.31,6829.66,6832.39
4/10/2026 1:30,6827.31,6834.28,6821.2,6834.22
4/10/2026 1:20,6832.36,6832.93,6827.09,6827.33
4/10/2026 1:10,6829.05,6833.65,6827.63,6832.24
4/10/2026 1:00,6822.58,6830.28,6821.7,6828.98
4/10/2026 0:50,6815.61,6824.46,6815.52,6822.41
4/10/2026 0:40,6817.85,6818,6813.75,6815.3
4/10/2026 0:30,6823.36,6823.89,6816.46,6817.91
4/10/2026 0:20,6827.01,6827.68,6820.93,6823.33
4/10/2026 0:10,6822.92,6827.38,6818.99,6827.02
4/10/2026 0:00,6813.54,6830.93,6812.93,6823.24
4/9/2026 23:50,6803.74,6813.26,6803.74,6812.95
4/9/2026 23:40,6796.34,6808.14,6796.27,6804.57
4/9/2026 23:30,6783.16,6803.63,6781.8,6796.31
4/9/2026 23:20,6787.91,6789.35,6781.97,6783.75
4/9/2026 23:10,6774.29,6788.24,6774,6788.13
4/9/2026 23:00,6777.41,6777.92,6770.2,6774.33
4/9/2026 22:50,6771.92,6777.99,6771.56,6777.81
4/9/2026 22:40,6768.78,6773.11,6766.4,6772.12
4/9/2026 22:30,6765.89,6768.68,6761.55,6768.64
4/9/2026 22:20,6767.31,6771.14,6763.13,6766.59
4/9/2026 22:10,6773.74,6778.13,6765.22,6767.28
4/9/2026 22:00,6777.16,6781.01,6773.06,6773.91
4/9/2026 21:50,6778.98,6778.98,6771.02,6777.03
4/9/2026 21:40,6775.84,6782.44,6773.96,6779.18
4/9/2026 21:30,6783.69,6783.69,6768.56,6775.35
4/9/2026 4:10,6782.81,6782.81,6782.81,6782.81
4/9/2026 4:00,6783.34,6783.34,6782.81,6782.81
4/9/2026 3:50,6775.96,6783.65,6773.74,6783.61
4/9/2026 3:40,6772.11,6774.63,6766.06,6773.94
4/9/2026 3:30,6759.57,6774.04,6759.57,6772.37
4/9/2026 3:20,6762.61,6765.17,6758.5,6759.76
4/9/2026 3:10,6760.99,6768.9,6760.99,6762.65
4/9/2026 3:00,6753.18,6762.33,6752.68,6760.56
4/9/2026 2:50,6762.73,6765.52,6753.14,6753.85
4/9/2026 2:40,6769.94,6769.97,6762.35,6762.96
4/9/2026 2:30,6773.43,6777.26,6769.72,6769.83
4/9/2026 2:20,6771.89,6777.55,6771.53,6773.43
4/9/2026 2:10,6788.69,6790.09,6768.89,6772.44
4/9/2026 2:00,6781.82,6788.82,6778.68,6788.73
4/9/2026 1:50,6778.91,6782.12,6778.91,6781.85
4/9/2026 1:40,6776.61,6781.33,6775.79,6778.52
4/9/2026 1:30,6773.94,6779.05,6772.52,6776.65
4/9/2026 1:20,6781.44,6782.84,6772.36,6774.01
4/9/2026 1:10,6782.67,6784.71,6780.25,6781.46
4/9/2026 1:00,6784.95,6788.33,6781.78,6782.68
4/9/2026 0:50,6784.67,6786.63,6783.37,6784.95
4/9/2026 0:40,6779.75,6785.55,6779.68,6784.61
4/9/2026 0:30,6774.71,6779.89,6773.44,6779.89
4/9/2026 0:20,6772.25,6775.34,6770.86,6774.55
4/9/2026 0:10,6776.24,6777.63,6769.4,6771.83
4/9/2026 0:00,6772.98,6780.67,6772.98,6776.29
4/8/2026 23:50,6772.54,6774.96,6772.15,6772.99
4/8/2026 23:40,6766.08,6772.66,6762.24,6772.47
4/8/2026 23:30,6754.64,6767.06,6754.35,6766.21
4/8/2026 23:20,6758.49,6759.64,6754.42,6754.44
4/8/2026 23:10,6751.15,6758.41,6749.05,6758.4
4/8/2026 23:00,6753.2,6763.09,6750.89,6751.08
4/8/2026 22:50,6758.62,6758.67,6740.28,6752.53
4/8/2026 22:40,6756.75,6763.05,6751.69,6758.72
4/8/2026 22:30,6765.21,6767.22,6756.12,6756.71
4/8/2026 22:20,6769.88,6775.48,6765.09,6765.14
4/8/2026 22:10,6773.15,6775.9,6767.5,6770.01
4/8/2026 22:00,6769.99,6775.58,6765.52,6772.49
4/8/2026 21:50,6784.97,6784.97,6763.97,6770.1
4/8/2026 21:40,6779.59,6787.94,6772.83,6785.47
4/8/2026 21:30,6754.36,6793.5,6754.36,6778.6
4/8/2026 4:10,6616.85,6616.85,6616.85,6616.85
4/8/2026 4:00,6616.92,6616.92,6616.83,6616.85
4/8/2026 3:50,6604.38,6618.26,6601.72,6616.84
4/8/2026 3:40,6583.21,6613.09,6582.58,6600.24
4/8/2026 3:30,6589.15,6590.61,6583.11,6583.59
4/8/2026 3:20,6595.2,6603.98,6583.86,6590.22
4/8/2026 3:10,6561.4,6597.59,6561.4,6595.27
4/8/2026 3:00,6563.18,6567.32,6557.89,6561.67
4/8/2026 2:50,6573.89,6573.9,6558.34,6563.4
4/8/2026 2:40,6582.89,6583.46,6573.55,6573.99
4/8/2026 2:30,6585.03,6586.58,6581.85,6582.71
4/8/2026 2:20,6591.84,6592.49,6584.56,6585.15
4/8/2026 2:10,6587.22,6591.79,6584.84,6591.77
4/8/2026 2:00,6590.91,6592.92,6585.48,6587.27
4/8/2026 1:50,6591.98,6596.11,6590.05,6590.92
4/8/2026 1:40,6598.47,6598.47,6588.32,6591.93
4/8/2026 1:30,6581.69,6606.32,6580.91,6598.85
4/8/2026 1:20,6584.29,6584.31,6579.11,6581.48
4/8/2026 1:10,6588.13,6589.97,6582.91,6584.31
4/8/2026 1:00,6584.04,6591.88,6582.36,6588.79
4/8/2026 0:50,6588.49,6591.44,6584.23,6584.48
4/8/2026 0:40,6579.82,6591.7,6578.82,6588.76
4/8/2026 0:30,6582.73,6586.3,6577.91,6579.52
4/8/2026 0:20,6575.67,6587.25,6572.97,6583.21
4/8/2026 0:10,6571.56,6578.81,6571.31,6575.93
4/8/2026 0:00,6561.72,6592.33,6561.72,6571.8
4/7/2026 23:50,6553.53,6565.12,6550.19,6561.39
4/7/2026 23:40,6553.93,6555.04,6550.04,6553.41
4/7/2026 23:30,6555.7,6560.28,6552.27,6553.87
4/7/2026 23:20,6553.41,6555.8,6548.25,6555.53
4/7/2026 23:10,6538.07,6560.27,6538.07,6553.51
4/7/2026 23:00,6549.18,6549.68,6534.55,6537.21
4/7/2026 22:50,6564.64,6564.79,6549.68,6549.71
4/7/2026 22:40,6566.47,6573.08,6561.36,6564.58
4/7/2026 22:30,6567.82,6575.58,6563.19,6566.57
4/7/2026 22:20,6556.32,6570.08,6555.68,6567.56
4/7/2026 22:10,6547.3,6557.21,6547.28,6555.42
4/7/2026 22:00,6564.62,6565.83,6543.16,6546.72
4/7/2026 21:50,6569.45,6582.36,6564.61,6565.02
4/7/2026 21:40,6575.77,6580.07,6566.01,6569.23
4/7/2026 21:30,6601.93,6601.93,6575.99,6577.33
4/7/2026 4:10,6611.83,6611.83,6611.83,6611.83
4/7/2026 4:00,6612.04,6612.04,6611.83,6611.83
4/7/2026 3:50,6611.82,6612.49,6604.95,6612.12
4/7/2026 3:40,6604.94,6610.93,6602.21,6610.93
4/7/2026 3:30,6602.31,6606.22,6602.18,6604.97
4/7/2026 3:20,6604.52,6606.32,6602.42,6602.79
4/7/2026 3:10,6603.3,6605.45,6602.61,6604.33
4/7/2026 3:00,6607.16,6607.8,6603.3,6603.44
4/7/2026 2:50,6605.19,6607.57,6605.07,6607.07
4/7/2026 2:40,6603.06,6605.94,6601.56,6605.04
4/7/2026 2:30,6606.5,6608.73,6601.73,6602.83
4/7/2026 2:20,6602.94,6609.42,6602.08,6606.39
4/7/2026 2:10,6591.09,6604.13,6591.09,6603.63
4/7/2026 2:00,6588.9,6591.62,6586.51,6591.16
4/7/2026 1:50,6592.07,6593,6588.32,6588.8
4/7/2026 1:40,6595.74,6595.96,6590.17,6591.81
4/7/2026 1:30,6597.98,6602.44,6594.83,6595.83
4/7/2026 1:20,6587.97,6598.62,6584.71,6597.97
4/7/2026 1:10,6596.27,6596.48,6579.72,6588.35
4/7/2026 1:00,6603.06,6603.41,6592.24,6596.24
4/7/2026 0:50,6607.29,6608.03,6600.6,6602.97
4/7/2026 0:40,6605.28,6607.87,6603.5,6607.25
4/7/2026 0:30,6601.69,6608.17,6599.89,6605.24
4/7/2026 0:20,6599.47,6603.13,6598.02,6601.67
4/7/2026 0:10,6596.57,6601.36,6596.16,6599.48
4/7/2026 0:00,6602.43,6603.66,6596.5,6596.5
4/6/2026 23:50,6598.1,6602.92,6596.89,6602.49
4/6/2026 23:40,6593.05,6598.91,6590.77,6598.1
4/6/2026 23:30,6593.22,6594.57,6587.45,6593.16
4/6/2026 23:20,6597.05,6598.67,6590.48,6593.15
4/6/2026 23:10,6600.22,6600.57,6594.81,6597.02
4/6/2026 23:00,6598.94,6603.48,6594.98,6600.46
4/6/2026 22:50,6591.42,6602.21,6591.42,6598.99
4/6/2026 22:40,6594.21,6605.74,6589.99,6590.69
4/6/2026 22:30,6607.56,6613.24,6592.03,6594.54
4/6/2026 22:20,6606.82,6612.68,6605.56,6607.28
4/6/2026 22:10,6594.72,6608.01,6588.35,6606.61
4/6/2026 22:00,6602.78,6618.13,6583.83,6594.86
4/6/2026 21:50,6595.52,6608.43,6593.16,6608.43
4/6/2026 21:40,6589.38,6601.89,6583.88,6594.5
4/6/2026 21:30,6587.66,6602.17,6579.95,6589.64
4/3/2026 4:10,6582.69,6582.69,6582.69,6582.69
4/3/2026 4:00,6582.69,6582.7,6582.67,6582.69
4/3/2026 3:50,6574.15,6584.35,6573.33,6582.58
4/3/2026 3:40,6571.76,6573.66,6566.19,6569.88
4/3/2026 3:30,6567.82,6571.5,6565.36,6571.49
4/3/2026 3:20,6569.3,6571.78,6565.93,6568.15
4/3/2026 3:10,6572.61,6576.24,6567.2,6569.4
4/3/2026 3:00,6568.93,6572.75,6568.42,6572.49
4/3/2026 2:50,6569.14,6573.66,6567.72,6568.84
4/3/2026 2:40,6559.81,6570.11,6559.81,6569.04
4/3/2026 2:30,6559.27,6562.45,6558.79,6560.2
4/3/2026 2:20,6564.15,6564.51,6558.04,6559.13
4/3/2026 2:10,6563.8,6566.96,6560.78,6564.06
4/3/2026 2:00,6556.49,6567.5,6556.49,6564.02
4/3/2026 1:50,6551.79,6558.18,6550.79,6556.35
4/3/2026 1:40,6566.81,6567.98,6551.67,6551.81
4/3/2026 1:30,6570.37,6570.94,6564.21,6566.84
4/3/2026 1:20,6569.5,6573.84,6568.51,6570.35
4/3/2026 1:10,6561.44,6572.08,6558.69,6569.53
4/3/2026 1:00,6559.79,6563.33,6555.14,6561.49
4/3/2026 0:50,6566.6,6569.2,6560.08,6560.17
4/3/2026 0:40,6556.55,6572.21,6556.51,6566.44
4/3/2026 0:30,6551.57,6563.55,6549.92,6556.64
4/3/2026 0:20,6549.5,6555.68,6546.31,6551.75
4/3/2026 0:10,6559.75,6560.89,6549.47,6549.47
4/3/2026 0:00,6564.21,6570.02,6553.18,6559.67
4/2/2026 23:50,6566.55,6570.85,6555.52,6564.16
4/2/2026 23:40,6575.96,6577.65,6565.98,6566.37
4/2/2026 23:30,6578.19,6582.44,6568.2,6576.06
4/2/2026 23:20,6576.82,6580.51,6564.44,6577.16
4/2/2026 23:10,6571.66,6582.4,6570.75,6576.64
4/2/2026 23:00,6578.32,6578.32,6563.06,6572.15
4/2/2026 22:50,6564.47,6582.97,6558.64,6578.48
4/2/2026 22:40,6588.96,6589.12,6565.43,6565.47
4/2/2026 22:30,6527.28,6601.91,6526.45,6589.34
4/2/2026 22:20,6527.46,6533.95,6524.89,6527.84
4/2/2026 22:10,6522.79,6530.26,6519.19,6527.97
4/2/2026 22:00,6520.38,6526.03,6510.29,6523.15
4/2/2026 21:50,6493.88,6522.24,6492.75,6521.19
4/2/2026 21:40,6476.77,6496.81,6474.94,6494.04
4/2/2026 21:30,6512.61,6512.61,6476.86,6476.98
4/2/2026 4:10,6575.32,6575.32,6575.32,6575.32
4/2/2026 4:00,6575.44,6575.44,6575.31,6575.32
4/2/2026 3:50,6583.51,6583.96,6572.55,6576.07
4/2/2026 3:40,6586.96,6591.37,6583.71,6584.89
4/2/2026 3:30,6585.9,6587.79,6581.22,6586.73
4/2/2026 3:20,6580.14,6587.6,6577.79,6585.72
4/2/2026 3:10,6576.13,6580.58,6573.12,6580.08
4/2/2026 3:00,6568.33,6577.96,6567.29,6576.21
4/2/2026 2:50,6571.13,6572,6566.2,6568.08
4/2/2026 2:40,6569.38,6577.83,6567.78,6571.29
4/2/2026 2:30,6566.78,6571.19,6561.37,6569.51
4/2/2026 2:20,6573.13,6576.28,6563.83,6566.73
4/2/2026 2:10,6585.47,6588.36,6570.53,6573.65
4/2/2026 2:00,6592.64,6593.71,6581.8,6585.49
4/2/2026 1:50,6601,6602.27,6592.97,6592.97
4/2/2026 1:40,6605.53,6607.09,6600.64,6601.09
4/2/2026 1:30,6607.82,6609.02,6602.94,6605.66
4/2/2026 1:20,6608.06,6609.61,6607.16,6607.76
4/2/2026 1:10,6608.04,6609.49,6606.48,6607.95
4/2/2026 1:00,6603.12,6609.67,6602.27,6608.12
4/2/2026 0:50,6602.43,6604.57,6601.83,6603.12
4/2/2026 0:40,6601.33,6604.24,6600.54,6602.4
4/2/2026 0:30,6596.71,6602.03,6593.78,6601.29
4/2/2026 0:20,6603.1,6603.34,6596.49,6596.82
4/2/2026 0:10,6605.07,6605.34,6599.53,6603.27
4/2/2026 0:00,6603.05,6606,6601.56,6605.09
4/1/2026 23:50,6597.42,6605.87,6595.78,6603.35
4/1/2026 23:40,6595.34,6599.22,6591.83,6597.34
4/1/2026 23:30,6587.88,6597.59,6584.66,6595.6
4/1/2026 23:20,6594.1,6594.93,6588.49,6588.49
4/1/2026 23:10,6594.57,6594.84,6589.98,6594.09
4/1/2026 23:00,6590.19,6595.12,6588.56,6594.74
4/1/2026 22:50,6586.6,6592.47,6583.25,6590.15
4/1/2026 22:40,6578.48,6587.65,6571.18,6587.11
4/1/2026 22:30,6575.22,6584.95,6561.64,6579.48
4/1/2026 22:20,6572.42,6578.69,6568.25,6574.77
4/1/2026 22:10,6572.28,6573.99,6564.58,6571.66
4/1/2026 22:00,6568.03,6576.36,6564.85,6572.2
4/1/2026 21:50,6556.78,6571.85,6555.3,6568.76
4/1/2026 21:40,6583.41,6583.41,6554.29,6556.28
4/1/2026 21:30,6556.56,6585.18,6556.56,6583.63
4/1/2026 4:10,6528.52,6528.52,6528.52,6528.52
4/1/2026 4:00,6528.38,6528.52,6528.31,6528.52
4/1/2026 3:50,6535.93,6539.05,6518.19,6527.27
4/1/2026 3:40,6528.76,6534.65,6523.57,6533.66
4/1/2026 3:30,6518.71,6530.36,6518.62,6528.99
4/1/2026 3:20,6517.8,6523.29,6516.84,6518.96
4/1/2026 3:10,6508.07,6521.08,6507.98,6517.46
4/1/2026 3:00,6511.28,6516.21,6505.44,6508.17
4/1/2026 2:50,6507.55,6512.96,6507.52,6511.49
4/1/2026 2:40,6507.61,6510.96,6501.49,6507.3
4/1/2026 2:30,6501.14,6510.81,6497.27,6507.77
4/1/2026 2:20,6503.05,6505.68,6494.75,6502.09
4/1/2026 2:10,6501.5,6505.27,6493.65,6502.64
4/1/2026 2:00,6489.56,6502.65,6489.56,6501.59
4/1/2026 1:50,6496.32,6498.58,6486.99,6488.88
4/1/2026 1:40,6492.58,6498.94,6488.42,6496.02
4/1/2026 1:30,6494.16,6508.09,6487.48,6492.72
4/1/2026 1:20,6507.44,6508.01,6493.1,6494.4
4/1/2026 1:10,6488.76,6508.58,6488.29,6507.45
4/1/2026 1:00,6490.79,6509.08,6487.48,6488.72
4/1/2026 0:50,6487.51,6500.53,6478.12,6490.78
4/1/2026 0:40,6473.2,6517.52,6473.2,6487.5
4/1/2026 0:30,6445.49,6472.17,6441.04,6472.17
4/1/2026 0:20,6439.16,6449.77,6438.37,6445.47
4/1/2026 0:10,6438.02,6442.46,6428.64,6439.17
4/1/2026 0:00,6421.47,6440.21,6420.03,6437.93
3/31/2026 23:50,6428.79,6435.47,6421.36,6421.82
3/31/2026 23:40,6433.44,6434.06,6425.87,6428.87
3/31/2026 23:30,6431.13,6436.4,6424.51,6433.47
3/31/2026 23:20,6441.44,6442.76,6430.03,6431.71
3/31/2026 23:10,6429.93,6445.72,6428.56,6441.87
3/31/2026 23:00,6411.39,6436.23,6411.39,6429.91
3/31/2026 22:50,6417.98,6419.04,6404.54,6411.32
3/31/2026 22:40,6434.58,6438.43,6418.26,6418.52
3/31/2026 22:30,6449.17,6450.32,6433.2,6434.38
3/31/2026 22:20,6443.54,6450.41,6433.87,6448.87
3/31/2026 22:10,6435.97,6446.72,6434.59,6443.53
3/31/2026 22:00,6450.94,6453.73,6435.37,6435.95
3/31/2026 21:50,6442.64,6451,6438.1,6450.47
3/31/2026 21:40,6422.84,6442.79,6416.59,6442.79
3/31/2026 21:30,6395.88,6422.66,6395.88,6422.66
3/31/2026 4:10,6343.72,6343.72,6343.72,6343.72
3/31/2026 4:00,6344.04,6344.04,6343.72,6343.72
3/31/2026 3:50,6332.76,6349.95,6332.56,6343.33
3/31/2026 3:40,6326.42,6338.01,6326.32,6334.75
3/31/2026 3:30,6320.25,6330.46,6317.71,6326.03
3/31/2026 3:20,6324.3,6326.04,6316.91,6319.77
3/31/2026 3:10,6328.59,6328.99,6320.35,6324.34
3/31/2026 3:00,6342.26,6342.94,6328.41,6328.47
3/31/2026 2:50,6346.81,6347.21,6338.82,6341.87
3/31/2026 2:40,6348.96,6351.69,6346.32,6346.97
3/31/2026 2:30,6347.26,6355.8,6346.92,6349.46
3/31/2026 2:20,6358.45,6360.51,6347.02,6347.02
3/31/2026 2:10,6353.22,6358.97,6352.63,6358.77
3/31/2026 2:00,6359.55,6361.18,6352.67,6353.26
3/31/2026 1:50,6360.39,6361.35,6356.33,6359.48
3/31/2026 1:40,6360.08,6368.99,6358.74,6360.2
3/31/2026 1:30,6358.17,6360.13,6351.39,6359.87
3/31/2026 1:20,6364.51,6366.01,6356.86,6357.89
3/31/2026 1:10,6378.38,6378.8,6362.48,6364.74
3/31/2026 1:00,6377.47,6381.58,6372.98,6378.19
3/31/2026 0:50,6377.72,6381.69,6374.59,6377.29
3/31/2026 0:40,6382.96,6382.96,6377.24,6377.99
3/31/2026 0:30,6376.29,6384.09,6376.15,6383
3/31/2026 0:20,6386.02,6388.17,6376.6,6377.13
3/31/2026 0:10,6387.93,6392.61,6384.62,6386.05
3/31/2026 0:00,6398.23,6398.94,6385.83,6388.22
3/30/2026 23:50,6402.06,6408.46,6396.98,6398.36
3/30/2026 23:40,6398.75,6405.17,6397.46,6402.08
3/30/2026 23:30,6389.13,6405.41,6385.51,6399.14
3/30/2026 23:20,6388.54,6394.67,6386.26,6388.78
3/30/2026 23:10,6392.85,6395.98,6379.25,6387.79
3/30/2026 23:00,6399.68,6411.56,6391.79,6392.68
3/30/2026 22:50,6383.09,6399.75,6379.79,6399.65
3/30/2026 22:40,6382.73,6391.78,6371.06,6382.72
3/30/2026 22:30,6382.32,6388.79,6377.3,6382.73
3/30/2026 22:20,6382.31,6388.99,6380.51,6382.31
3/30/2026 22:10,6384.95,6391.61,6378.39,6382.17
3/30/2026 22:00,6374.55,6386.34,6373.77,6385.01
3/30/2026 21:50,6384.6,6389.47,6370.88,6374.03
3/30/2026 21:40,6402.51,6402.51,6383.46,6384.6
3/30/2026 21:30,6403.37,6427.31,6401.73,6403.04
3/28/2026 4:10,6368.85,6368.85,6368.85,6368.85
3/28/2026 4:00,6367.83,6368.86,6367.83,6368.85
3/28/2026 3:50,6362.08,6375.66,6356.08,6366.96
3/28/2026 3:40,6372.65,6372.71,6357.55,6362.96
3/28/2026 3:30,6373.72,6377.83,6372.17,6372.67
3/28/2026 3:20,6378.33,6378.33,6371.9,6373.23
3/28/2026 3:10,6371.47,6379.96,6370.21,6378.5
3/28/2026 3:00,6378.75,6381.01,6370.09,6371.41
3/28/2026 2:50,6381.44,6382.51,6376.81,6378.62
3/28/2026 2:40,6382.43,6390.5,6379.64,6381.59
3/28/2026 2:30,6382.48,6384.68,6379.64,6381.84
3/28/2026 2:20,6385.33,6386.95,6380.24,6382.28
3/28/2026 2:10,6378.4,6385.57,6376.15,6385.37
3/28/2026 2:00,6386.03,6386.84,6378.09,6378.35
3/28/2026 1:50,6388.49,6389.81,6384.51,6386.07
3/28/2026 1:40,6394,6394,6388.32,6388.77
3/28/2026 1:30,6390.83,6396.91,6390.83,6393.89
3/28/2026 1:20,6403.58,6403.68,6390.83,6390.83
3/28/2026 1:10,6413.19,6413.31,6402.95,6403.72
3/28/2026 1:00,6412.14,6422.37,6406.62,6413.2
3/28/2026 0:50,6419.1,6420.68,6411.21,6411.99
3/28/2026 0:40,6407.55,6419.84,6405.54,6419.44
3/28/2026 0:30,6413.95,6414.9,6407.28,6407.83
3/28/2026 0:20,6416.08,6419.92,6411.11,6413.58
3/28/2026 0:10,6416.3,6419.97,6413.92,6416.15
3/28/2026 0:00,6427.82,6428.54,6416.35,6416.35
3/27/2026 23:50,6435.17,6438.41,6426.3,6427.65
3/27/2026 23:40,6435.66,6435.89,6427.2,6435.34
3/27/2026 23:30,6433.96,6445.18,6432.32,6435.84
3/27/2026 23:20,6416.93,6437.6,6413.96,6433.5
3/27/2026 23:10,6426.2,6427.05,6415.55,6417.12
3/27/2026 23:00,6426.67,6436.27,6424.91,6425.91
3/27/2026 22:50,6426.09,6429.57,6419.23,6426.37
3/27/2026 22:40,6413.27,6426.27,6408.95,6426.27
3/27/2026 22:30,6415.3,6421.23,6412.01,6413.19
3/27/2026 22:20,6429.99,6432.33,6415.3,6415.5
3/27/2026 22:10,6412.05,6431.01,6412.05,6429.72
3/27/2026 22:00,6414.16,6420.99,6410.84,6412.19
3/27/2026 21:50,6443.41,6444.52,6410.63,6414.96
3/27/2026 21:40,6434.5,6448.98,6430.89,6443.51
3/27/2026 21:30,6453.89,6453.89,6423.33,6434.89
3/27/2026 4:10,6477.16,6477.16,6477.16,6477.16
3/27/2026 4:00,6476.9,6477.16,6476.89,6477.16
3/27/2026 3:50,6482.74,6483.18,6473.79,6476.71
3/27/2026 3:40,6483.22,6485.22,6478.51,6482.2
3/27/2026 3:30,6487.24,6487.31,6479.35,6483.1
3/27/2026 3:20,6490.75,6490.78,6483.64,6487.06
3/27/2026 3:10,6487.58,6491.82,6483.72,6490.62
3/27/2026 3:00,6500.03,6500.11,6485.69,6487.56
3/27/2026 2:50,6499.34,6500.96,6496.16,6499.64
3/27/2026 2:40,6498.97,6500.26,6493.49,6499.58
3/27/2026 2:30,6491.17,6499.06,6491.17,6498.87
3/27/2026 2:20,6493.57,6497.11,6490.1,6490.88
3/27/2026 2:10,6497.83,6498.54,6492.67,6493.65
3/27/2026 2:00,6491.47,6500.19,6491.43,6497.78
3/27/2026 1:50,6500.79,6500.79,6489.8,6491.14
3/27/2026 1:40,6510.31,6510.31,6500.76,6500.76
3/27/2026 1:30,6511.04,6515.61,6508.06,6510.36
3/27/2026 1:20,6516.91,6516.91,6505.35,6511.08
3/27/2026 1:10,6520.67,6520.67,6514.48,6516.81
3/27/2026 1:00,6521.87,6526.12,6519.09,6520.88
3/27/2026 0:50,6516.27,6521.98,6515.08,6521.9
3/27/2026 0:40,6516.02,6521.35,6514.55,6516.23
3/27/2026 0:30,6519.91,6521.77,6514.74,6516.12
3/27/2026 0:20,6533.51,6533.66,6518.82,6520.13
3/27/2026 0:10,6540.02,6541.22,6524.59,6533.58
3/27/2026 0:00,6540.38,6541.89,6536.66,6539.99
3/26/2026 23:50,6542.2,6546.02,6538.6,6540.61
3/26/2026 23:40,6541.89,6546.98,6535.88,6542.11
3/26/2026 23:30,6542.52,6543.31,6534.6,6541.78
3/26/2026 23:20,6543.92,6547.63,6542.57,6542.72
3/26/2026 23:10,6548.47,6552.7,6541.58,6544.17
3/26/2026 23:00,6547.63,6553.5,6546.03,6548
3/26/2026 22:50,6550.18,6553.08,6533.57,6547.32
3/26/2026 22:40,6563.06,6573.09,6548.12,6550.27
3/26/2026 22:30,6562.36,6569.89,6560.65,6562.96
3/26/2026 22:20,6565.37,6572.72,6562.14,6562.14
3/26/2026 22:10,6564.36,6573.22,6559.13,6565.52
3/26/2026 22:00,6570.59,6572.13,6560.76,6564.25
3/26/2026 21:50,6560.59,6571.1,6554.68,6570.14
3/26/2026 21:40,6533.16,6565.9,6533.16,6560.03
3/26/2026 21:30,6555.86,6555.86,6533.11,6533.11
3/26/2026 4:10,6591.9,6591.9,6591.9,6591.9
3/26/2026 4:00,6592.25,6592.25,6591.89,6591.9
3/26/2026 3:50,6588.46,6596.29,6588.25,6592.29
3/26/2026 3:40,6586.55,6591.8,6585.47,6586.98
3/26/2026 3:30,6590.99,6591.27,6583.67,6586.76
3/26/2026 3:20,6593.94,6598.71,6591.05,6591.05
3/26/2026 3:10,6586.52,6594.76,6584.54,6594.17
3/26/2026 3:00,6590.48,6590.48,6581.86,6586.46
3/26/2026 2:50,6596.89,6598.03,6583.48,6590.75
3/26/2026 2:40,6601.88,6602.35,6596.64,6596.86
3/26/2026 2:30,6600.98,6603.63,6600.31,6601.85
3/26/2026 2:20,6605.05,6607.67,6600.43,6600.75
3/26/2026 2:10,6603.91,6610.18,6603.44,6605.05
3/26/2026 2:00,6604.73,6607.71,6601.47,6603.96
3/26/2026 1:50,6607,6612.18,6599.65,6604.81
3/26/2026 1:40,6612.53,6618.54,6606.91,6606.99
3/26/2026 1:30,6606.31,6612.54,6601.98,6612.33
3/26/2026 1:20,6598.86,6608.4,6598.17,6606.41
3/26/2026 1:10,6596.01,6602.94,6595.46,6598.77
3/26/2026 1:00,6603,6607.55,6596.13,6596.13
3/26/2026 0:50,6602.09,6606.82,6597.67,6603.02
3/26/2026 0:40,6606.64,6607.41,6600.97,6602.06
3/26/2026 0:30,6600.37,6608.48,6596.98,6606.57
3/26/2026 0:20,6590.04,6605.39,6587.98,6599.87
3/26/2026 0:10,6591.99,6592.71,6587.5,6589.56
3/26/2026 0:00,6596.02,6596.87,6586.51,6592.26
3/25/2026 23:50,6592.6,6598.97,6590.28,6596.39
3/25/2026 23:40,6593.2,6595.58,6587.37,6592.42
3/25/2026 23:30,6603.72,6607.6,6592.73,6593.55
3/25/2026 23:20,6575.68,6603.82,6575.5,6603.82
3/25/2026 23:10,6598.93,6600.6,6568.41,6575.7
3/25/2026 23:00,6613,6615.31,6597.92,6598.17
3/25/2026 22:50,6615.09,6617.84,6611.11,6612.69
3/25/2026 22:40,6607.86,6616.43,6605.59,6615.2
3/25/2026 22:30,6607.4,6615,6603.24,6607.86
3/25/2026 22:20,6601.94,6611,6598.6,6607.15
3/25/2026 22:10,6596.68,6608.29,6592.49,6601.68
3/25/2026 22:00,6592.36,6600.29,6583.08,6596.68
3/25/2026 21:50,6604.06,6604.56,6590.87,6591.12
3/25/2026 21:40,6625.72,6630.97,6604.1,6604.35
3/25/2026 21:30,6598.35,6633.94,6598.35,6625.66
3/25/2026 4:10,6556.37,6556.37,6556.37,6556.37
3/25/2026 4:00,6556.48,6556.48,6556.33,6556.37
3/25/2026 3:50,6561.1,6561.1,6551.46,6557.19
3/25/2026 3:40,6565.39,6568.47,6557.37,6561.01
3/25/2026 3:30,6569.94,6573.06,6562.2,6565.35
3/25/2026 3:20,6578.04,6578.67,6569.52,6570
3/25/2026 3:10,6578.8,6582.09,6576.11,6578.05
3/25/2026 3:00,6574.44,6581.34,6574.31,6578.82
3/25/2026 2:50,6575.8,6582.33,6570.77,6574.42
3/25/2026 2:40,6590.29,6590.29,6574.13,6575.69
3/25/2026 2:30,6570.98,6590.67,6569.27,6590.64
3/25/2026 2:20,6566.49,6573.61,6563.53,6570.92
3/25/2026 2:10,6564.26,6566.52,6558.01,6565.77
3/25/2026 2:00,6567.68,6574.38,6563.84,6564.09
3/25/2026 1:50,6554.57,6567.79,6553.32,6567.64
3/25/2026 1:40,6559.73,6562.83,6550.38,6554.68
3/25/2026 1:30,6559.52,6565.52,6553.22,6559.53
3/25/2026 1:20,6553.87,6559.85,6553.1,6559.59
3/25/2026 1:10,6555.83,6558.53,6552.11,6553.81
3/25/2026 1:00,6577.12,6579.42,6553.83,6555.96
3/25/2026 0:50,6576.87,6581.79,6571.11,6577.03
3/25/2026 0:40,6568.15,6582.61,6567.29,6576.99
3/25/2026 0:30,6585.15,6586.7,6567.66,6568.1
3/25/2026 0:20,6584.66,6587.82,6581.78,6585.3
3/25/2026 0:10,6576.66,6586.47,6572.04,6584.83
3/25/2026 0:00,6576.84,6577.97,6569.38,6576.49
3/24/2026 23:50,6591.87,6595.75,6575.85,6576.88
3/24/2026 23:40,6588.9,6592.11,6586.83,6591.72
3/24/2026 23:30,6586.9,6591.08,6579.47,6588.92
3/24/2026 23:20,6582.92,6594.17,6580.2,6586.22
3/24/2026 23:10,6575.3,6584.49,6571.23,6583.08
3/24/2026 23:00,6566.91,6578.61,6566.91,6575.26
3/24/2026 22:50,6553.63,6582.61,6548.65,6565.07
3/24/2026 22:40,6552.87,6565.86,6551.51,6554.03
3/24/2026 22:30,6550.82,6560.27,6548.58,6553.28
3/24/2026 22:20,6551.09,6559.44,6544.18,6551.13
3/24/2026 22:10,6559.5,6560.95,6541.45,6551.13
3/24/2026 22:00,6539.92,6559.99,6538.56,6559.23
3/24/2026 21:50,6527.27,6540.72,6525.11,6540.5
3/24/2026 21:40,6538.1,6541.44,6525.52,6527.47
3/24/2026 21:30,6552.09,6555.06,6534.26,6538.56
3/24/2026 4:10,6581,6581,6581,6581
3/24/2026 4:00,6581.37,6581.38,6580.98,6581
3/24/2026 3:50,6600.9,6601.49,6580.25,6580.25
3/24/2026 3:40,6601.45,6608.63,6599.69,6603.72
3/24/2026 3:30,6599.34,6602.92,6597.63,6601.65
3/24/2026 3:20,6604.96,6604.96,6596.9,6599.42
3/24/2026 3:10,6612.96,6613.23,6601.85,6604.47
3/24/2026 3:00,6615.92,6615.92,6610.22,6613.05
3/24/2026 2:50,6617.57,6617.77,6612.53,6615.63
3/24/2026 2:40,6615.6,6618.25,6611.72,6617.4
3/24/2026 2:30,6600.58,6621.9,6600.58,6615.66
3/24/2026 2:20,6600.46,6604.22,6598.34,6600.16
3/24/2026 2:10,6600.27,6605.99,6597.7,6600.6
3/24/2026 2:00,6606.47,6608.23,6592.23,6600.21
3/24/2026 1:50,6593.1,6607.37,6592.55,6606.75
3/24/2026 1:40,6603.65,6603.65,6589.86,6593.51
3/24/2026 1:30,6579.45,6607.46,6578.76,6603.93
3/24/2026 1:20,6578,6581.08,6569.76,6579.19
3/24/2026 1:10,6586.74,6587.34,6573.3,6578.08
3/24/2026 1:00,6582.21,6587.55,6575.47,6586.69
3/24/2026 0:50,6588.64,6592.22,6577.53,6581.57
3/24/2026 0:40,6580.66,6591.83,6580.66,6588.92
3/24/2026 0:30,6566.74,6587.1,6566.35,6580.75
3/24/2026 0:20,6586.66,6587.96,6565.55,6566.6
3/24/2026 0:10,6594.67,6601.09,6585.22,6586.28
3/24/2026 0:00,6585.24,6599.31,6585.24,6595.74
3/23/2026 23:50,6612.82,6614.91,6584.37,6585.57
3/23/2026 23:40,6618.82,6623.25,6607.34,6612.81
3/23/2026 23:30,6635.83,6638.58,6618.82,6619.06
3/23/2026 23:20,6640.36,6646.52,6633.8,6635.26
3/23/2026 23:10,6648.48,6651.27,6640.22,6640.62
3/23/2026 23:00,6637.34,6651.62,6634.6,6648.82
3/23/2026 22:50,6638.78,6638.89,6630.98,6636.52
3/23/2026 22:40,6630.06,6643.08,6626.06,6638.92
3/23/2026 22:30,6635.29,6639.41,6628.22,6630.77
3/23/2026 22:20,6637.5,6648.28,6632.27,6636.14
3/23/2026 22:10,6621.77,6637.41,6619.23,6637.41
3/23/2026 22:00,6626.99,6632.76,6613.05,6622.25
3/23/2026 21:50,6614.65,6627.87,6613.06,6627.87
3/23/2026 21:40,6607.77,6619.52,6596.2,6614.8
3/23/2026 21:30,6574.96,6607.33,6574.96,6607.33
3/21/2026 4:10,6506.48,6506.48,6506.48,6506.48
3/21/2026 4:00,6507.53,6507.53,6506.48,6506.48
3/21/2026 3:50,6485.14,6509.52,6484.99,6509.52
3/21/2026 3:40,6480.84,6495.25,6480.14,6485.73
3/21/2026 3:30,6497.74,6499.15,6473.52,6481.07
3/21/2026 3:20,6505.66,6505.66,6494.03,6496.71
3/21/2026 3:10,6505.29,6505.72,6499.32,6505.72
3/21/2026 3:00,6506.81,6511.76,6502.08,6505.21
3/21/2026 2:50,6504.57,6507.61,6502.18,6506.19
3/21/2026 2:40,6509.32,6512.01,6503.73,6505.15
3/21/2026 2:30,6520.13,6521.53,6507.93,6509.42
3/21/2026 2:20,6531,6532.1,6513.47,6520.03
3/21/2026 2:10,6534.49,6534.49,6527.78,6530.38
3/21/2026 2:00,6540.47,6542.41,6532.14,6534.66
3/21/2026 1:50,6533.15,6542.25,6532.98,6540.26
3/21/2026 1:40,6540.1,6542.8,6532.25,6533.95
3/21/2026 1:30,6547.63,6548.88,6533.06,6540.46
3/21/2026 1:20,6548.02,6552.84,6546.3,6547.62
3/21/2026 1:10,6554.45,6556.28,6546.95,6548.05
3/21/2026 1:00,6553.9,6557.95,6544.74,6554.41
3/21/2026 0:50,6550.24,6559.13,6545.96,6553.43
3/21/2026 0:40,6550.62,6553.47,6546.93,6550.11
3/21/2026 0:30,6557.08,6557.18,6546.31,6550.51
3/21/2026 0:20,6564.12,6565.6,6556.33,6557.28
3/21/2026 0:10,6557.76,6564.03,6555.66,6564
3/21/2026 0:00,6555.86,6564.25,6554.56,6558.03
3/20/2026 23:50,6551.07,6557.81,6547.33,6555.93
3/20/2026 23:40,6549.74,6553.95,6547.13,6551.4
3/20/2026 23:30,6545.73,6553.99,6544.35,6549.75
3/20/2026 23:20,6548.06,6566.31,6541.94,6545.83
3/20/2026 23:10,6548.28,6557.94,6547.56,6547.75
3/20/2026 23:00,6548.28,6556.29,6543.58,6548.71
3/20/2026 22:50,6553.35,6554.6,6538.45,6547.51
3/20/2026 22:40,6551.05,6554.35,6549.04,6554.01
3/20/2026 22:30,6545.43,6560.72,6545.43,6552.17
3/20/2026 22:20,6547.99,6549.26,6541.73,6545.24
3/20/2026 22:10,6555.05,6558.59,6540.82,6547.93
3/20/2026 22:00,6558.09,6563.53,6552.04,6555.1
3/20/2026 21:50,6582.39,6582.74,6556.78,6558.46
3/20/2026 21:40,6575.18,6593.2,6574.56,6582.77
3/20/2026 21:30,6594.66,6594.66,6574.19,6575.61
3/20/2026 4:10,6606.49,6606.49,6606.49,6606.49
3/20/2026 4:00,6606.47,6606.52,6606.46,6606.49
3/20/2026 3:50,6608.51,6610.46,6603.88,6605.85
3/20/2026 3:40,6611.35,6614.15,6606.85,6608.07
3/20/2026 3:30,6610.47,6615.04,6599.32,6611.6
3/20/2026 3:20,6627.24,6627.24,6605.83,6610.6
3/20/2026 3:10,6626.04,6634.34,6616.12,6627.09
3/20/2026 3:00,6592.64,6636.74,6592.64,6626.28
3/20/2026 2:50,6574.56,6595.47,6571.85,6592.81
3/20/2026 2:40,6576.18,6576.82,6572.19,6574.81
3/20/2026 2:30,6580.02,6581.29,6574.22,6576.09
3/20/2026 2:20,6589.54,6590.77,6580.12,6580.12
3/20/2026 2:10,6580.99,6593.64,6580.95,6589.53
3/20/2026 2:00,6580.42,6582.37,6575.12,6580.72
3/20/2026 1:50,6575.38,6586.63,6575.24,6580.75
3/20/2026 1:40,6571.59,6576.41,6570.17,6575.36
3/20/2026 1:30,6579.65,6582.81,6571.83,6571.83
3/20/2026 1:20,6576.7,6583.02,6574.32,6579.57
3/20/2026 1:10,6566.48,6577.05,6564.68,6576.93
3/20/2026 1:00,6580.47,6581.13,6565.53,6566.39
3/20/2026 0:50,6584.21,6584.54,6574.85,6580.17
3/20/2026 0:40,6588.26,6594.92,6583.69,6584.48
3/20/2026 0:30,6588.48,6589.25,6581.65,6588.41
3/20/2026 0:20,6584.31,6588.95,6580.2,6588.02
3/20/2026 0:10,6593.36,6593.36,6582.43,6584.22
3/20/2026 0:00,6586.74,6598.17,6583.25,6593.24
3/19/2026 23:50,6578.58,6586.85,6574.89,6586.81
3/19/2026 23:40,6577.03,6580.01,6570.73,6578.44
3/19/2026 23:30,6585.25,6585.73,6572.16,6576.37
3/19/2026 23:20,6590.09,6591.48,6580.8,6585.75
3/19/2026 23:10,6596.65,6604.4,6589.25,6589.69
3/19/2026 23:00,6586.46,6604.93,6583.96,6596.64
3/19/2026 22:50,6587.35,6591.83,6582.01,6586.49
3/19/2026 22:40,6581.87,6590.7,6579.96,6587.77
3/19/2026 22:30,6571.27,6598,6571.11,6582.28
3/19/2026 22:20,6585.08,6588.84,6569.34,6571.63
3/19/2026 22:10,6590.56,6602.72,6581.21,6584.56
3/19/2026 22:00,6593.07,6598.94,6589.25,6590.52
3/19/2026 21:50,6586.09,6596.67,6584.86,6594.14
3/19/2026 21:40,6568.74,6586.28,6568.74,6586.28
3/19/2026 21:30,6583.12,6583.12,6557.82,6569.67
3/19/2026 4:10,6624.7,6624.7,6624.7,6624.7
3/19/2026 4:00,6624.64,6624.76,6624.64,6624.7
3/19/2026 3:50,6628.95,6631.84,6621.66,6624.32
3/19/2026 3:40,6634.14,6635.02,6625.12,6627.33
3/19/2026 3:30,6638.1,6640.69,6633.2,6634.16
3/19/2026 3:20,6642.76,6643.42,6636.16,6638.1
3/19/2026 3:10,6652.97,6652.97,6642.92,6642.92
3/19/2026 3:00,6643.23,6655.77,6642.34,6653.49
3/19/2026 2:50,6655.95,6655.95,6643.01,6643.24
3/19/2026 2:40,6657.28,6663.34,6654.21,6655.96
3/19/2026 2:30,6669.56,6671.64,6655.09,6657.3
3/19/2026 2:20,6666.15,6670.58,6663.49,6670.38
3/19/2026 2:10,6674.6,6676.25,6663.66,6666.06
3/19/2026 2:00,6677.05,6682.74,6673.96,6674.51
3/19/2026 1:50,6670.04,6677.27,6668.5,6676.05
3/19/2026 1:40,6672.84,6674.86,6667.46,6670.63
3/19/2026 1:30,6667.64,6673.72,6662.86,6672.84
3/19/2026 1:20,6668.81,6669.84,6666.5,6667.53
3/19/2026 1:10,6668.72,6669.7,6663.86,6668.68
3/19/2026 1:00,6675.06,6675.51,6667.6,6668.62
3/19/2026 0:50,6675.22,6680.51,6673.56,6675.14
3/19/2026 0:40,6675.67,6677.12,6672.13,6675.35
3/19/2026 0:30,6680.13,6681.52,6667.75,6675.86
3/19/2026 0:20,6682.56,6684.15,6679.8,6680.31
3/19/2026 0:10,6676.57,6682.93,6674.65,6682.33
3/19/2026 0:00,6679.72,6679.72,6674.62,6676.47
3/18/2026 23:50,6677.76,6683.21,6676.11,6679.73
3/18/2026 23:40,6682.56,6683.44,6676.96,6677.77
3/18/2026 23:30,6678.25,6685.23,6678.05,6683.24
3/18/2026 23:20,6678.52,6681.73,6673.83,6678.81
3/18/2026 23:10,6689.22,6689.22,6677.84,6678.35
3/18/2026 23:00,6679.8,6689.09,6677.06,6689.09
3/18/2026 22:50,6668.16,6680.05,6668.04,6679.82
3/18/2026 22:40,6671.07,6673.12,6666.52,6667.94
3/18/2026 22:30,6668.89,6677.99,6668.89,6670.69
3/18/2026 22:20,6684.85,6685.98,6667.32,6669.37
3/18/2026 22:10,6698.37,6698.37,6680.97,6684.86
3/18/2026 22:00,6703.14,6703.14,6689.61,6698.64
3/18/2026 21:50,6700.65,6702.27,6693.5,6702.27
3/18/2026 21:40,6700.42,6705.18,6693.13,6700.55
3/18/2026 21:30,6697.16,6701.83,6688.97,6700.49
3/18/2026 4:10,6716.09,6716.09,6716.09,6716.09
3/18/2026 4:00,6716.54,6716.54,6716.09,6716.09
3/18/2026 3:50,6720.6,6721.43,6713.78,6716.33
3/18/2026 3:40,6719.14,6720.94,6716.91,6720.78
3/18/2026 3:30,6720.04,6721.89,6718.34,6719
3/18/2026 3:20,6723.35,6723.59,6719.06,6719.97
3/18/2026 3:10,6719.25,6724.74,6719.07,6723.53
3/18/2026 3:00,6720.34,6722.34,6715.55,6719.08
3/18/2026 2:50,6720.47,6723.93,6717.99,6720.36
3/18/2026 2:40,6720.2,6721.57,6717.62,6720.66
3/18/2026 2:30,6718.83,6721.58,6717.21,6720.28
3/18/2026 2:20,6727.32,6727.32,6718.52,6718.9
3/18/2026 2:10,6731.48,6731.78,6726.7,6727.32
3/18/2026 2:00,6726.82,6731.43,6723.76,6731.42
3/18/2026 1:50,6722.83,6728.12,6721.3,6726.39
3/18/2026 1:40,6728.59,6728.87,6720.36,6722.86
3/18/2026 1:30,6724.29,6728.98,6723.19,6728.58
3/18/2026 1:20,6723.86,6725.88,6721.34,6724.64
3/18/2026 1:10,6727.75,6728.5,6722.47,6723.92
3/18/2026 1:00,6719.11,6728.46,6718.95,6727.83
3/18/2026 0:50,6722.41,6723.56,6718.62,6719.12
3/18/2026 0:40,6718.22,6725.28,6717.72,6722.54
3/18/2026 0:30,6721.63,6723.71,6716.87,6718.03
3/18/2026 0:20,6724.19,6724.66,6719.45,6721.82
3/18/2026 0:10,6715.7,6724.46,6715.54,6724.46
3/18/2026 0:00,6719.97,6720.08,6710.8,6715.78
3/17/2026 23:50,6719.73,6724.76,6718.32,6720.17
3/17/2026 23:40,6717.61,6725.3,6715.71,6719.28
3/17/2026 23:30,6726.67,6730.74,6713.19,6717.69
3/17/2026 23:20,6733.57,6735.15,6726.13,6726.61
3/17/2026 23:10,6727.68,6735.27,6726.49,6733.49
3/17/2026 23:00,6739.66,6741.79,6727.74,6727.74
3/17/2026 22:50,6743,6743.22,6739.01,6739.8
3/17/2026 22:40,6734.91,6744.04,6732.57,6742.88
3/17/2026 22:30,6734.84,6741.47,6731.61,6734.51
3/17/2026 22:20,6734.71,6737.93,6730.62,6734.84
3/17/2026 22:10,6742.13,6742.74,6725.53,6734.71
3/17/2026 22:00,6748.9,6748.9,6740.07,6742.3
3/17/2026 21:50,6752.67,6752.67,6746.57,6748.94
3/17/2026 21:40,6747.22,6754.3,6744,6752.83
3/17/2026 21:30,6722.35,6747.92,6722.35,6747.92
3/17/2026 4:10,6699.38,6699.38,6699.38,6699.38
3/17/2026 4:00,6699.61,6699.61,6699.37,6699.38
3/17/2026 3:50,6695.6,6701.11,6693.87,6699.35
3/17/2026 3:40,6699.15,6700.23,6693.58,6696.59
3/17/2026 3:30,6700.71,6702.78,6697.65,6699.21
3/17/2026 3:20,6704.03,6706.21,6696.28,6701.36
3/17/2026 3:10,6723.87,6729.79,6703.93,6703.93
3/17/2026 3:00,6706.19,6722.81,6702.22,6722.3
3/17/2026 2:50,6710.49,6710.49,6704.82,6705.67
3/17/2026 2:40,6709.99,6712.48,6708.75,6710.76
3/17/2026 2:30,6707.67,6710.62,6706.25,6709.91
3/17/2026 2:20,6707.61,6709.86,6705.57,6707.59
3/17/2026 2:10,6704.49,6709.43,6702.15,6707.66
3/17/2026 2:00,6697.03,6706.53,6696.3,6704.62
3/17/2026 1:50,6693.33,6698.82,6689.54,6696.92
3/17/2026 1:40,6698.99,6701.33,6692.07,6693.47
3/17/2026 1:30,6701.76,6704.66,6698.67,6699.09
3/17/2026 1:20,6702.21,6706.23,6701.08,6701.64
3/17/2026 1:10,6698.74,6705.28,6698.74,6702.12
3/17/2026 1:00,6693.79,6703.71,6693.53,6698.69
3/17/2026 0:50,6694.74,6699.38,6692.72,6693.53
3/17/2026 0:40,6690.83,6697.92,6689.07,6694.92
3/17/2026 0:30,6684.16,6691.03,6681.49,6691.03
3/17/2026 0:20,6696.35,6696.42,6681.55,6683.96
3/17/2026 0:10,6697.16,6700.69,6694.27,6696.45
3/17/2026 0:00,6694.35,6700.24,6691.96,6696.77
3/16/2026 23:50,6710.14,6710.39,6694.73,6694.73
3/16/2026 23:40,6711.67,6712.05,6707.86,6710.85
3/16/2026 23:30,6710.18,6715.43,6710.1,6711.87
3/16/2026 23:20,6705.8,6712.47,6704.58,6710.03
3/16/2026 23:10,6702.35,6705.7,6696.59,6705.68
3/16/2026 23:00,6707.78,6707.84,6696.01,6702.2
3/16/2026 22:50,6690.08,6707.61,6685.56,6707.61
3/16/2026 22:40,6694.08,6696.88,6687.9,6690.25
3/16/2026 22:30,6712.91,6713.06,6693.7,6694.07
3/16/2026 22:20,6715.62,6722.26,6712.96,6712.96
3/16/2026 22:10,6717.37,6722.87,6714.08,6715.7
3/16/2026 22:00,6717.56,6719.51,6710.07,6717.5
3/16/2026 21:50,6709.66,6718.01,6704.94,6717.52
3/16/2026 21:40,6697.93,6716.19,6696.08,6709.53
3/16/2026 21:30,6674.37,6699.69,6674.37,6698.15
3/14/2026 4:10,6632.19,6632.19,6632.19,6632.19
3/14/2026 4:00,6632.5,6632.5,6632.19,6632.19
3/14/2026 3:50,6629.08,6634.32,6625.55,6632.35
3/14/2026 3:40,6627.86,6629.09,6623.92,6628.68
3/14/2026 3:30,6633.99,6639.61,6627.73,6627.92
3/14/2026 3:20,6645.88,6645.88,6631.7,6633.67
3/14/2026 3:10,6647.11,6649.42,6644.41,6646.05
3/14/2026 3:00,6651.99,6651.99,6642.66,6647.04
3/14/2026 2:50,6655.4,6657.36,6650.11,6652.14
3/14/2026 2:40,6651.46,6656.14,6650.09,6655.74
3/14/2026 2:30,6642.73,6653.54,6641.29,6651.27
3/14/2026 2:20,6639.67,6643.27,6635.35,6643.15
3/14/2026 2:10,6641.14,6646.52,6638.52,6639.43
3/14/2026 2:00,6636.61,6642.35,6635.88,6640.87
3/14/2026 1:50,6634.96,6639.52,6631.35,6636.07
3/14/2026 1:40,6651.33,6651.87,6634.86,6635.22
3/14/2026 1:30,6654.03,6654.74,6647.9,6651.23
3/14/2026 1:20,6657.62,6657.64,6648.22,6653.7
3/14/2026 1:10,6649.22,6660.27,6644.12,6657.37
3/14/2026 1:00,6643.45,6650.43,6641.89,6649.37
3/14/2026 0:50,6650.14,6658.7,6641.66,6643.13
3/14/2026 0:40,6653.89,6657.09,6642.22,6649.87
3/14/2026 0:30,6653.08,6661.46,6650.45,6654.31
3/14/2026 0:20,6648.67,6655.29,6646.01,6653.08
3/14/2026 0:10,6654.3,6658.75,6644.83,6647.8
3/14/2026 0:00,6644.21,6655.68,6644.06,6654.25
3/13/2026 23:50,6652.94,6653.48,6641.52,6644.12
3/13/2026 23:40,6656.69,6659.89,6642.72,6652.73
3/13/2026 23:30,6656.02,6662.36,6650.08,6656.65
3/13/2026 23:20,6668.42,6672.76,6654.97,6655.45
3/13/2026 23:10,6671.24,6678.48,6667.63,6668.45
3/13/2026 23:00,6663.16,6670.98,6655.68,6670.98
3/13/2026 22:50,6680.31,6684.56,6660.91,6662.54
3/13/2026 22:40,6699.18,6699.48,6672.88,6679.81
3/13/2026 22:30,6698.48,6711.73,6695.05,6699.54
3/13/2026 22:20,6691.42,6701.73,6691.42,6699
3/13/2026 22:10,6703.42,6704.32,6687.8,6691.52
3/13/2026 22:00,6716.49,6722.13,6702.13,6703.17
3/13/2026 21:50,6721.49,6728.11,6714.71,6715.81
3/13/2026 21:40,6713.82,6733.3,6711.59,6722.45
3/13/2026 21:30,6673.49,6716.12,6673.49,6713.54
3/13/2026 4:10,6672.62,6672.62,6672.62,6672.62
3/13/2026 4:00,6672.08,6672.62,6672.08,6672.62
3/13/2026 3:50,6678.58,6681.33,6670.4,6672.32
3/13/2026 3:40,6689.85,6689.85,6676.26,6678.09
3/13/2026 3:30,6690.36,6696.75,6687.66,6689.85
3/13/2026 3:20,6687.72,6693.92,6686.3,6690.36
3/13/2026 3:10,6686.37,6689.45,6680.68,6687.65
3/13/2026 3:00,6684.17,6690.08,6679.95,6686.47
3/13/2026 2:50,6685.12,6692.06,6682.89,6684.32
3/13/2026 2:40,6689.31,6689.77,6684.84,6685.19
3/13/2026 2:30,6692.2,6695.07,6685.65,6689.31
3/13/2026 2:20,6693.28,6693.64,6688.33,6692.68
3/13/2026 2:10,6697.32,6702.33,6692.9,6693.47
3/13/2026 2:00,6692.5,6701.66,6692.5,6697.31
3/13/2026 1:50,6693.16,6698.07,6683.89,6692.22
3/13/2026 1:40,6705.14,6707.73,6690.4,6693.22
3/13/2026 1:30,6697.22,6705.66,6696.67,6704.87
3/13/2026 1:20,6692.42,6703.87,6691.52,6696.52
3/13/2026 1:10,6699.99,6705.03,6692.32,6692.41
3/13/2026 1:00,6698.74,6713.03,6698.24,6699.92
3/13/2026 0:50,6698.98,6702.9,6692.01,6698.91
3/13/2026 0:40,6711.45,6711.45,6692.12,6699.29
3/13/2026 0:30,6698.74,6712.38,6695.16,6711.38
3/13/2026 0:20,6707.23,6722.88,6697.89,6698.82
3/13/2026 0:10,6689.61,6710.41,6688.64,6706.69
3/13/2026 0:00,6704.4,6713.31,6688.05,6689.31
3/12/2026 23:50,6702.72,6707.04,6698.55,6703.81
3/12/2026 23:40,6709.3,6712.94,6696.15,6702.51
3/12/2026 23:30,6692,6709.46,6683.12,6709.46
3/12/2026 23:20,6683.8,6697.33,6680.96,6692.11
3/12/2026 23:10,6689.51,6689.51,6680.1,6683.64
3/12/2026 23:00,6696.01,6697.91,6688.23,6689.7
3/12/2026 22:50,6695.78,6699.41,6692.01,6695.37
3/12/2026 22:40,6690.55,6715.21,6686.99,6695.35
3/12/2026 22:30,6691.42,6696.76,6684.77,6690.5
3/12/2026 22:20,6707,6709.77,6691.98,6691.98
3/12/2026 22:10,6714.48,6722.82,6706.96,6707.79
3/12/2026 22:00,6700.76,6719.38,6700.76,6714.14
3/12/2026 21:50,6712.24,6718.64,6692.7,6699.17
3/12/2026 21:40,6724.41,6726.45,6698.9,6711.69
3/12/2026 21:30,6740.88,6740.88,6713,6725.7
3/12/2026 4:10,6775.8,6775.8,6775.8,6775.8
3/12/2026 4:00,6775.51,6775.8,6775.51,6775.8
3/12/2026 3:50,6766.86,6777.59,6765.67,6775.55
3/12/2026 3:40,6770,6773.41,6766.54,6767.65
3/12/2026 3:30,6761.81,6770.91,6759.46,6770
3/12/2026 3:20,6760.92,6763.43,6757.24,6761.19
3/12/2026 3:10,6760.16,6761.32,6755.49,6761.04
3/12/2026 3:00,6764.2,6765.6,6756.77,6760.05
3/12/2026 2:50,6759.96,6768.39,6759.96,6764.19
3/12/2026 2:40,6762.4,6764.26,6759.44,6759.65
3/12/2026 2:30,6764.05,6766.92,6762.25,6762.37
3/12/2026 2:20,6759.77,6766.04,6756.02,6764.29
3/12/2026 2:10,6755.08,6760.7,6749.16,6759.64
3/12/2026 2:00,6761.53,6763.3,6755.06,6755.14
3/12/2026 1:50,6760.9,6768.15,6757.11,6761.53
3/12/2026 1:40,6755.03,6760.51,6750.09,6759.63
3/12/2026 1:30,6776.14,6777.5,6745.59,6754.93
3/12/2026 1:20,6767.46,6778.72,6767.45,6775.91
3/12/2026 1:10,6773.73,6773.75,6765.83,6767.16
3/12/2026 1:00,6774.28,6777.11,6772.83,6773.66
3/12/2026 0:50,6764.93,6774.45,6764.93,6774.37
3/12/2026 0:40,6764.84,6771.38,6763.63,6764.94
3/12/2026 0:30,6758.84,6770.8,6758.84,6765.08
3/12/2026 0:20,6750.7,6759.05,6749.48,6758.96
3/12/2026 0:10,6748.53,6756.18,6748.53,6750.58
3/12/2026 0:00,6753.51,6753.86,6747.11,6748.41
3/11/2026 23:50,6752.19,6760.83,6751.79,6753.48
3/11/2026 23:40,6760.09,6762.08,6748.13,6751.78
3/11/2026 23:30,6758.99,6763.52,6752.66,6760.02
3/11/2026 23:20,6765.66,6776.29,6758.3,6758.38
3/11/2026 23:10,6782.27,6785.77,6761.25,6765.74
3/11/2026 23:00,6792.99,6797.38,6781.41,6782.37
3/11/2026 22:50,6788.56,6795.18,6786.64,6792.66
3/11/2026 22:40,6779,6788.58,6777.49,6788.18
3/11/2026 22:30,6772.41,6782.19,6763.63,6778.63
3/11/2026 22:20,6789.27,6789.55,6763.89,6772.62
3/11/2026 22:10,6791.81,6793.83,6781.93,6789.08
3/11/2026 22:00,6790.46,6811.15,6787.26,6791.95
3/11/2026 21:50,6777.96,6790.81,6773.64,6790.7
3/11/2026 21:40,6795.94,6796.47,6776.18,6778.67
3/11/2026 21:30,6790.09,6796.22,6788.69,6795.5
3/11/2026 4:10,6781.48,6781.48,6781.48,6781.48
3/11/2026 4:00,6781.74,6781.74,6781.48,6781.48
3/11/2026 3:50,6780.32,6783.12,6774.26,6781.55
3/11/2026 3:40,6786.19,6793.76,6776.69,6779.1
3/11/2026 3:30,6785.83,6787.13,6777.9,6786.08
3/11/2026 3:20,6804.65,6805.36,6785.99,6786
3/11/2026 3:10,6798.72,6806.42,6793.7,6804.65
3/11/2026 3:00,6797.6,6800.88,6792.54,6798.73
3/11/2026 2:50,6801.76,6808.79,6796.08,6796.97
3/11/2026 2:40,6801.74,6805.11,6796.7,6801.74
3/11/2026 2:30,6805.22,6814.41,6796.95,6801.77
3/11/2026 2:20,6792.09,6811.85,6786.53,6804.87
3/11/2026 2:10,6826.71,6831.21,6789.58,6792.66
3/11/2026 2:00,6832.78,6833.11,6825.66,6826.86
3/11/2026 1:50,6833.24,6837.24,6830.7,6832.89
3/11/2026 1:40,6824.48,6836.17,6822.46,6833.15
3/11/2026 1:30,6844.13,6844.13,6819.04,6824.57
3/11/2026 1:20,6838.34,6845.08,6835.25,6844.36
3/11/2026 1:10,6832,6838.47,6828.49,6838.36
3/11/2026 1:00,6825.93,6834.72,6825.06,6832.16
3/11/2026 0:50,6821.16,6829.2,6819.78,6826.14
3/11/2026 0:40,6828.09,6828.19,6818.54,6821.03
3/11/2026 0:30,6819.22,6828.48,6819,6828.22
3/11/2026 0:20,6821.6,6824.22,6815.55,6818.5
3/11/2026 0:10,6812.65,6823.75,6811.59,6821.48
3/11/2026 0:00,6825.58,6825.58,6809.22,6812.43
3/10/2026 23:50,6824.31,6828.56,6820.93,6825.93
3/10/2026 23:40,6822.19,6830.66,6819.9,6824.12
3/10/2026 23:30,6823.09,6823.43,6816.71,6822.09
3/10/2026 23:20,6825.97,6827.35,6821.31,6823.03
3/10/2026 23:10,6818.06,6826.46,6814.63,6825.99
3/10/2026 23:00,6821.7,6828.01,6816.81,6817.96
3/10/2026 22:50,6814.84,6823.26,6814.26,6823.01
3/10/2026 22:40,6807.39,6814.73,6805.17,6814.73
3/10/2026 22:30,6787.87,6807.37,6787.87,6807.37
3/10/2026 22:20,6773.93,6791.1,6772.92,6787.8
3/10/2026 22:10,6760.27,6774.83,6760.27,6773.92
3/10/2026 22:00,6771.46,6780.9,6759.74,6760.54
3/10/2026 21:50,6784.9,6785.1,6767.65,6771.31
3/10/2026 21:40,6784.45,6788.86,6770.82,6784.9
3/10/2026 21:30,6796.56,6798.96,6780.98,6786.5
3/10/2026 4:10,6795.99,6795.99,6795.99,6795.99
3/10/2026 4:00,6796.05,6796.05,6795.89,6795.99
3/10/2026 3:50,6789.8,6799.53,6781.18,6796.33
3/10/2026 3:40,6808.08,6808.08,6782.76,6792.43
3/10/2026 3:30,6786.22,6810.44,6772.19,6808.73
3/10/2026 3:20,6745.74,6786.48,6742.63,6786.14
3/10/2026 3:10,6715.7,6746.18,6715.46,6745.56
3/10/2026 3:00,6713.55,6717.54,6711.56,6715.55
3/10/2026 2:50,6720.83,6723.82,6712.05,6712.86
3/10/2026 2:40,6721.58,6724.37,6719.58,6721.53
3/10/2026 2:30,6712.53,6724.75,6712.48,6721.54
3/10/2026 2:20,6713.75,6719.67,6708.98,6712.98
3/10/2026 2:10,6702.9,6714.17,6702.28,6713.81
3/10/2026 2:00,6700.06,6709.25,6700.06,6702.91
3/10/2026 1:50,6698.21,6704.84,6697.84,6700.29
3/10/2026 1:40,6697.1,6702.15,6693.27,6698.59
3/10/2026 1:30,6701.06,6703.08,6697.04,6697.2
3/10/2026 1:20,6710.16,6710.69,6699.7,6700.91
3/10/2026 1:10,6720.11,6722.17,6709.72,6710.36
3/10/2026 1:00,6725.34,6725.42,6716.09,6719.98
3/10/2026 0:50,6732.42,6732.79,6724.8,6725.04
3/10/2026 0:40,6723.4,6734.64,6723.38,6732.46
3/10/2026 0:30,6721.59,6725.66,6712.13,6723.37
3/10/2026 0:20,6711.55,6727.23,6705.24,6721.29
3/10/2026 0:10,6710.73,6713.36,6707.37,6711.42
3/10/2026 0:00,6707.2,6713.29,6704.61,6710.65
3/9/2026 23:50,6703.45,6711.01,6701.95,6707.12
3/9/2026 23:40,6697.87,6706.3,6696.82,6703.47
3/9/2026 23:30,6709.98,6710.15,6697.76,6699.16
3/9/2026 23:20,6700.9,6711.17,6698.69,6710.09
3/9/2026 23:10,6692,6705.03,6691.78,6700.73
3/9/2026 23:00,6688.65,6699.29,6688.65,6692.09
3/9/2026 22:50,6688.49,6693.98,6683.91,6687.96
3/9/2026 22:40,6672.4,6689.56,6669.66,6688.07
3/9/2026 22:30,6652.6,6676.52,6652.6,6672.82
3/9/2026 22:20,6650.55,6667.32,6643.14,6652.56
3/9/2026 22:10,6646.43,6652.84,6636.04,6651.29
3/9/2026 22:00,6649.71,6671.38,6641.7,6646.45
3/9/2026 21:50,6648.22,6659.04,6638.59,6652.65
3/9/2026 21:40,6659.06,6660.14,6645.85,6648.52
3/9/2026 21:30,6699.8,6699.8,6658.27,6659.14
3/7/2026 5:10,6740.02,6740.02,6740.02,6740.02
3/7/2026 5:00,6739.32,6740.03,6739.32,6740.02
3/7/2026 4:50,6741.89,6744.96,6731.22,6739.07
3/7/2026 4:40,6735.27,6745.85,6730.96,6741.63
3/7/2026 4:30,6734.69,6737.73,6724.82,6734.58
3/7/2026 4:20,6751.86,6751.86,6732.6,6734.51
3/7/2026 4:10,6762.85,6763.76,6747.57,6751.67
3/7/2026 4:00,6763.09,6772,6762.5,6762.73
3/7/2026 3:50,6758.39,6763.59,6755.68,6762.81
3/7/2026 3:40,6760.37,6768.51,6755.45,6758.56
3/7/2026 3:30,6761.25,6766.17,6756.03,6760.19
3/7/2026 3:20,6763.34,6764.35,6753.18,6762.08
3/7/2026 3:10,6758.39,6766.54,6758.02,6763.75
3/7/2026 3:00,6754.06,6759.64,6751.65,6758.54
3/7/2026 2:50,6760.54,6760.54,6750.75,6753.72
3/7/2026 2:40,6757.45,6761.6,6755.88,6760.5
3/7/2026 2:30,6760,6765.53,6753.52,6757.43
3/7/2026 2:20,6771.4,6772.82,6756.52,6759.85
3/7/2026 2:10,6755.34,6773.17,6753.12,6771.41
3/7/2026 2:00,6744.31,6757.03,6743.61,6755.17
3/7/2026 1:50,6746.95,6752.13,6743.49,6744.5
3/7/2026 1:40,6742.68,6747.73,6734.26,6746.74
3/7/2026 1:30,6752.14,6754.4,6739.75,6742.41
3/7/2026 1:20,6757.52,6764.02,6747.51,6751.9
3/7/2026 1:10,6753.75,6757.3,6748.45,6757.3
3/7/2026 1:00,6763.41,6771.21,6750.52,6753.7
3/7/2026 0:50,6767.54,6772.6,6755.46,6763.38
3/7/2026 0:40,6763.54,6769.99,6757.93,6767.52
3/7/2026 0:30,6756.82,6764.52,6747.76,6763.1
3/7/2026 0:20,6762.33,6763.18,6748.34,6756.96
3/7/2026 0:10,6762.8,6763.2,6754.09,6762.04
3/7/2026 0:00,6763.04,6773.42,6761.4,6762.88
3/6/2026 23:50,6750.93,6766.64,6738.89,6763.07
3/6/2026 23:40,6768.7,6768.7,6749.31,6750.92
3/6/2026 23:30,6754.51,6771.73,6754.51,6769.15
3/6/2026 23:20,6747.76,6755.91,6745.57,6754.39
3/6/2026 23:10,6723.7,6747.81,6721.63,6747.64
3/6/2026 23:00,6722.79,6742.57,6722.45,6723.36
3/6/2026 22:50,6719.35,6732.4,6711.56,6722.35
3/6/2026 22:40,6723.53,6732.95,6712.8,6719.36
3/6/2026 22:30,6769.03,6769.03,6716.73,6724.14
3/6/2026 5:10,6830.71,6830.71,6830.71,6830.71
3/6/2026 5:00,6830.02,6830.71,6830.02,6830.71
3/6/2026 4:50,6822.27,6831.75,6817.98,6830.13
3/6/2026 4:40,6814.97,6819.25,6808.63,6819.25
3/6/2026 4:30,6809.05,6818.83,6806.77,6814.76
3/6/2026 4:20,6804.97,6817.92,6803.17,6808.98
3/6/2026 4:10,6796.34,6808.2,6796.02,6805.09
3/6/2026 4:00,6785.12,6797.85,6778.56,6796.19
3/6/2026 3:50,6787.43,6790.94,6779.29,6785.04
3/6/2026 3:40,6777.2,6788.44,6777.2,6787.14
3/6/2026 3:30,6780.8,6780.8,6770.78,6777.04
3/6/2026 3:20,6787.19,6791.19,6777.85,6781.41
3/6/2026 3:10,6783.52,6788.31,6780.33,6786.82
3/6/2026 3:00,6780.37,6787.01,6778.37,6783.48
3/6/2026 2:50,6783.18,6784.37,6773.91,6780.44
3/6/2026 2:40,6781.6,6793.66,6781.22,6783.45
3/6/2026 2:30,6777.08,6784.17,6772.8,6781.55
3/6/2026 2:20,6778.18,6786.97,6773.87,6777.05
3/6/2026 2:10,6791.84,6796.29,6777.64,6777.96
3/6/2026 2:00,6777.68,6792.39,6777.24,6791.77
3/6/2026 1:50,6777.86,6786.5,6774.31,6778.41
3/6/2026 1:40,6794.06,6797.19,6776.9,6777.51
3/6/2026 1:30,6799.92,6801.4,6784.94,6793.7
3/6/2026 1:20,6807.62,6810.35,6799.77,6799.77
3/6/2026 1:10,6824.15,6825.15,6806.5,6807.36
3/6/2026 1:00,6824.99,6837.95,6823.17,6824.81
3/6/2026 0:50,6821.22,6826.77,6817.15,6824.48
3/6/2026 0:40,6820.35,6825.18,6813.78,6820.71
3/6/2026 0:30,6809.21,6822.71,6809.21,6819.76
3/6/2026 0:20,6807.22,6816.88,6807.22,6809.25
3/6/2026 0:10,6815.37,6816.91,6805.24,6806.46
3/6/2026 0:00,6835.4,6837.35,6815.4,6815.63
3/5/2026 23:50,6827.94,6840.25,6827.09,6835.42
3/5/2026 23:40,6826.7,6834.16,6823.93,6827.83
3/5/2026 23:30,6821.73,6825.59,6807.88,6825.46
3/5/2026 23:20,6843.28,6843.28,6818.62,6822.12
3/5/2026 23:10,6851.09,6858.31,6843.39,6843.91
3/5/2026 23:00,6866.59,6870.43,6844.55,6850.8
3/5/2026 22:50,6843.74,6865.93,6842.09,6865.87
3/5/2026 22:40,6851,6852.28,6837.57,6843.67
3/5/2026 22:30,6851.08,6859.7,6835.49,6852.16
3/5/2026 5:10,6869.5,6869.5,6869.5,6869.5
3/5/2026 5:00,6868.85,6869.5,6868.85,6869.5
3/5/2026 4:50,6877.6,6877.6,6867.55,6867.55
3/5/2026 4:40,6876.04,6880.88,6875.4,6878.23
3/5/2026 4:30,6876.56,6878.56,6874.33,6876.43
3/5/2026 4:20,6874.36,6877.45,6870.22,6877.29
3/5/2026 4:10,6880.07,6880.07,6874.34,6874.36
3/5/2026 4:00,6882.9,6884.91,6878.5,6880
3/5/2026 3:50,6883.62,6885.94,6882.18,6882.94
3/5/2026 3:40,6883.72,6884.08,6880.29,6883.5
3/5/2026 3:30,6880.97,6883.54,6879.65,6883.52
3/5/2026 3:20,6883.03,6884.02,6879.97,6880.9
3/5/2026 3:10,6882.12,6884.61,6881.52,6883.08
3/5/2026 3:00,6880.9,6883.75,6879.32,6882.17
3/5/2026 2:50,6882.22,6883.39,6877.33,6880.6
3/5/2026 2:40,6878.96,6882.36,6877.96,6882.16
3/5/2026 2:30,6875.94,6881.57,6875.91,6879
3/5/2026 2:20,6871.31,6876.2,6869.26,6875.96
3/5/2026 2:10,6877.41,6878.27,6871.4,6871.49
3/5/2026 2:00,6876.38,6879.44,6872.79,6877.24
3/5/2026 1:50,6874.31,6878.43,6872.77,6876.8
3/5/2026 1:40,6875.01,6876.84,6871.11,6874.27
3/5/2026 1:30,6868.64,6875.28,6861.37,6875.01
3/5/2026 1:20,6874.31,6876.06,6868.36,6868.55
3/5/2026 1:10,6875.6,6877.86,6873.35,6874.55
3/5/2026 1:00,6872.87,6878.19,6870.49,6875.43
3/5/2026 0:50,6875.4,6877.15,6870.79,6872.75
3/5/2026 0:40,6865.85,6878.44,6865.48,6875.25
3/5/2026 0:30,6865.6,6872.86,6864.22,6865.98
3/5/2026 0:20,6860.44,6868.21,6856.84,6865.89
3/5/2026 0:10,6870.89,6871.58,6858.15,6860.32
3/5/2026 0:00,6872.62,6880.38,6870.49,6871.11
3/4/2026 23:50,6860.41,6873.36,6856.06,6872.52
3/4/2026 23:40,6860.97,6863.14,6854.31,6860.16
3/4/2026 23:30,6876.93,6877.23,6860.87,6861.07
3/4/2026 23:20,6858.92,6876.76,6857.15,6876.17
3/4/2026 23:10,6845.78,6858.96,6840.58,6858.88
3/4/2026 23:00,6834.91,6846.64,6824.69,6845.77
3/4/2026 22:50,6822.86,6830.97,6817.36,6829.85
3/4/2026 22:40,6824.41,6830.39,6811.64,6823.13
3/4/2026 22:30,6831.69,6848.04,6823.46,6825.09
3/4/2026 5:10,6816.63,6816.63,6816.63,6816.63
3/4/2026 5:00,6816.78,6816.78,6816.62,6816.63
3/4/2026 4:50,6818.49,6818.8,6806.83,6816.35
3/4/2026 4:40,6820.72,6822.34,6814.77,6819.22
3/4/2026 4:30,6824.35,6828.85,6818.12,6820.19
3/4/2026 4:20,6819.95,6827.05,6816.89,6824.69
3/4/2026 4:10,6828.99,6832.37,6816.68,6819.21
3/4/2026 4:00,6826.77,6833.46,6822.82,6829.05
3/4/2026 3:50,6835.01,6837.85,6822.25,6827.03
3/4/2026 3:40,6824.25,6840.05,6823.23,6835.21
3/4/2026 3:30,6819.39,6831.14,6808.12,6823.81
3/4/2026 3:20,6823.98,6829.34,6819.19,6819.34
3/4/2026 3:10,6815.59,6825.39,6812.05,6823.7
3/4/2026 3:00,6826.98,6828.87,6815.01,6815.54
3/4/2026 2:50,6828.44,6832.92,6824.14,6826.56
3/4/2026 2:40,6827.96,6832.79,6819.68,6828.39
3/4/2026 2:30,6813,6827.6,6812.03,6827.54
3/4/2026 2:20,6801.65,6818.48,6801.55,6812.94
3/4/2026 2:10,6802.76,6802.78,6791.26,6801.51
3/4/2026 2:00,6789.17,6802.87,6788.82,6802.55
3/4/2026 1:50,6797.53,6797.54,6784.01,6788.73
3/4/2026 1:40,6781.83,6798.64,6781.83,6797.5
3/4/2026 1:30,6797.48,6797.81,6776.45,6781.31
3/4/2026 1:20,6790.24,6799.01,6784.36,6797.8
3/4/2026 1:10,6782.73,6790.92,6778.8,6790.19
3/4/2026 1:00,6789.98,6793.46,6781.94,6782.22
3/4/2026 0:50,6790.27,6796.87,6787.44,6789.89
3/4/2026 0:40,6774.69,6798,6768.11,6790.03
3/4/2026 0:30,6774.2,6779.08,6761.78,6774.87
3/4/2026 0:20,6767.56,6779.76,6765.37,6775.13
3/4/2026 0:10,6760.21,6775.34,6757.47,6767.43
3/4/2026 0:00,6733.27,6762.77,6731.81,6759.75
3/3/2026 23:50,6725.71,6734.43,6718.09,6733.4
3/3/2026 23:40,6731.22,6738.33,6722.17,6727.24
3/3/2026 23:30,6712.01,6735.44,6712.01,6731.54
3/3/2026 23:20,6724.47,6724.47,6710.42,6711.91
3/3/2026 23:10,6736.97,6748.68,6723.19,6724.56
3/3/2026 23:00,6736.57,6751.74,6730.57,6737.91
3/3/2026 22:50,6738.63,6751.69,6733.72,6736.82
3/3/2026 22:40,6771.75,6773.51,6738.77,6738.77
3/3/2026 22:30,6800.26,6800.26,6756.12,6772.47
3/3/2026 5:10,6881.62,6881.62,6881.62,6881.62
3/3/2026 5:00,6880.85,6881.62,6880.85,6881.62
3/3/2026 4:50,6881.4,6887.99,6875.31,6879.42
3/3/2026 4:40,6875.89,6881.67,6870.95,6878.86
3/3/2026 4:30,6868.64,6878.87,6867.84,6876.15
3/3/2026 4:20,6876.08,6877.39,6868.23,6868.71
3/3/2026 4:10,6876.16,6880.24,6864.78,6875.66
3/3/2026 4:00,6897.04,6898.17,6875.46,6877.19
3/3/2026 3:50,6897.98,6900.23,6896.33,6896.94
3/3/2026 3:40,6898.38,6899.55,6894.93,6897.94
3/3/2026 3:30,6897.03,6901.01,6896.71,6898.22
3/3/2026 3:20,6891.4,6897.33,6890.88,6896.87
3/3/2026 3:10,6879.33,6892.48,6879.33,6891.48
3/3/2026 3:00,6868.54,6879.52,6867.6,6879.45
3/3/2026 2:50,6874.03,6875.47,6868.09,6868.62
3/3/2026 2:40,6877.22,6878.31,6868.78,6873.74
3/3/2026 2:30,6882.72,6883.61,6876.1,6877.37
3/3/2026 2:20,6881.39,6883.83,6876.82,6882.42
3/3/2026 2:10,6884.73,6886.21,6881.03,6881.28
3/3/2026 2:00,6887.61,6889.03,6884.65,6884.65
3/3/2026 1:50,6883.86,6888.32,6882.2,6887.62
3/3/2026 1:40,6878.03,6885.2,6877.11,6883.71
3/3/2026 1:30,6880.06,6882.21,6876.07,6878.05
3/3/2026 1:20,6885.86,6887.01,6880.12,6880.12
3/3/2026 1:10,6876.81,6886.3,6873.02,6885.87
3/3/2026 1:00,6878.13,6881.32,6874.37,6876.87
3/3/2026 0:50,6880.59,6880.59,6875.03,6878.11
3/3/2026 0:40,6866.86,6884.65,6866.86,6880.2
3/3/2026 0:30,6847.56,6866.89,6845.12,6866.88
3/3/2026 0:20,6862.51,6864.21,6845.27,6847.65
3/3/2026 0:10,6870.28,6871.6,6862.26,6862.78
3/3/2026 0:00,6857.2,6870.26,6852.17,6870.26
3/2/2026 23:50,6856.83,6860.34,6847.43,6857.6
3/2/2026 23:40,6854.14,6863.32,6850.49,6856.75
3/2/2026 23:30,6849.9,6854.67,6840.15,6854.2
3/2/2026 23:20,6861.96,6863.91,6846.15,6849.77
3/2/2026 23:10,6858.22,6868.53,6858.22,6862.47
3/2/2026 23:00,6843.57,6865.25,6835.61,6857.96
3/2/2026 22:50,6847.81,6848.32,6834.91,6845.18
3/2/2026 22:40,6826.83,6849.05,6826.21,6848.1
3/2/2026 22:30,6824.36,6840.63,6796.85,6826
2/28/2026 5:10,6878.88,6878.88,6878.88,6878.88
2/28/2026 5:00,6878.37,6878.91,6878.37,6878.88
2/28/2026 4:50,6870.27,6882.96,6866.49,6878.41
2/28/2026 4:40,6861.45,6870.46,6861.16,6869.64
2/28/2026 4:30,6870.76,6872.99,6860.52,6861.5
2/28/2026 4:20,6870.98,6875.96,6867.45,6871.17
2/28/2026 4:10,6854.87,6871.82,6854.69,6871.14
2/28/2026 4:00,6848.98,6856.36,6848.97,6854.76
2/28/2026 3:50,6847.61,6851.06,6846.87,6848.81
2/28/2026 3:40,6853.85,6854.33,6845.6,6847.6
2/28/2026 3:30,6851.1,6855.3,6847.56,6854.24
2/28/2026 3:20,6854.73,6855.31,6850.4,6851.11
2/28/2026 3:10,6854.14,6857.33,6851.83,6854.59
2/28/2026 3:00,6854.9,6865.28,6853.19,6854.31
2/28/2026 2:50,6852.26,6855.54,6850.13,6854.86
2/28/2026 2:40,6852.44,6857.49,6851.16,6852.18
2/28/2026 2:30,6852.8,6854.37,6848.46,6852.57
2/28/2026 2:20,6850.83,6853.93,6846.02,6852.84
2/28/2026 2:10,6855.01,6857.68,6850.47,6850.93
2/28/2026 2:00,6859.21,6861.42,6854.91,6854.97
2/28/2026 1:50,6854.08,6859.55,6851.28,6859.03
2/28/2026 1:40,6858.47,6859.3,6850.58,6853.96
2/28/2026 1:30,6856.37,6865.88,6853.2,6858.62
2/28/2026 1:20,6857.35,6859.68,6848.5,6856.3
2/28/2026 1:10,6876.6,6876.6,6857.07,6857.32
2/28/2026 1:00,6863.78,6877.6,6863.78,6876.54
2/28/2026 0:50,6861.47,6874.33,6861.47,6863.76
2/28/2026 0:40,6870.49,6870.49,6861.19,6861.42
2/28/2026 0:30,6869.54,6877.38,6869.25,6870.49
2/28/2026 0:20,6871.58,6875.21,6867.42,6869.05
2/28/2026 0:10,6863.25,6875.69,6863.25,6871.79
2/28/2026 0:00,6867,6874.34,6862.39,6863.24
2/27/2026 23:50,6866.4,6868.74,6857.84,6867.58
2/27/2026 23:40,6865.94,6875.4,6863.21,6866.09
2/27/2026 23:30,6860.66,6869.8,6853.61,6865.75
2/27/2026 23:20,6856.44,6864.65,6855.73,6861.05
2/27/2026 23:10,6863.47,6870.59,6852.22,6856.97
2/27/2026 23:00,6843.76,6868.58,6841.96,6863.16
2/27/2026 22:50,6850.37,6851.16,6841.46,6843.93
2/27/2026 22:40,6856.21,6856.21,6831.74,6850.46
2/27/2026 22:30,6856.54,6857.04,6843.74,6856.28
2/27/2026 5:10,6908.86,6908.86,6908.86,6908.86
2/27/2026 5:00,6908.89,6908.89,6908.85,6908.86
2/27/2026 4:50,6909.93,6909.93,6902.46,6909.24
2/27/2026 4:40,6910.26,6910.26,6905.62,6907.64
2/27/2026 4:30,6902.52,6910.95,6902.52,6910.07
2/27/2026 4:20,6907.2,6907.58,6902.19,6902.45
2/27/2026 4:10,6907.22,6908.53,6903.03,6907.19
2/27/2026 4:00,6906.06,6913.71,6904.72,6907.21
2/27/2026 3:50,6911.5,6912.39,6906.29,6906.29
2/27/2026 3:40,6906.74,6912.57,6906,6911.71
2/27/2026 3:30,6902.1,6909.09,6901.26,6906.66
2/27/2026 3:20,6905.59,6908.99,6901.13,6902.16
2/27/2026 3:10,6900.44,6907.36,6899.56,6905.44
2/27/2026 3:00,6889.86,6900.44,6887.92,6900.3
2/27/2026 2:50,6890.36,6892.16,6886.88,6889.92
2/27/2026 2:40,6890.33,6897.17,6887.48,6890.36
2/27/2026 2:30,6872.34,6892.05,6870.89,6890.37
2/27/2026 2:20,6873.11,6875.03,6869.27,6872.63
2/27/2026 2:10,6866.26,6873.46,6865.17,6873.31
2/27/2026 2:00,6870.9,6871.11,6864.14,6866.36
2/27/2026 1:50,6868.38,6874.38,6866.6,6871.06
2/27/2026 1:40,6875.22,6876.34,6867.68,6868.48
2/27/2026 1:30,6877.98,6886.21,6873.59,6875.09
2/27/2026 1:20,6879.11,6880.99,6876.89,6878.29
2/27/2026 1:10,6882.35,6886.13,6876.52,6879.3
2/27/2026 1:00,6878.01,6884.6,6877.39,6882.11
2/27/2026 0:50,6888.88,6890.22,6876.3,6877.97
2/27/2026 0:40,6890.86,6892.17,6879.41,6888.85
2/27/2026 0:30,6903.54,6904.56,6890.24,6891.1
2/27/2026 0:20,6899.4,6906.7,6898.11,6903.79
2/27/2026 0:10,6897.62,6906.46,6895.21,6899.48
2/27/2026 0:00,6893.29,6898.85,6891.3,6897.56
2/26/2026 23:50,6891.58,6897.4,6886.8,6893.4
2/26/2026 23:40,6881.91,6893.4,6879.72,6892.13
2/26/2026 23:30,6871.58,6881.91,6859.73,6881.91
2/26/2026 23:20,6881.56,6884.79,6863.84,6872.8
2/26/2026 23:10,6916.5,6921.1,6879.62,6880.89
2/26/2026 23:00,6922.84,6925.87,6912.25,6916.14
2/26/2026 22:50,6925.89,6930.43,6920.74,6922.89
2/26/2026 22:40,6937.88,6938.43,6922.3,6926.19
2/26/2026 22:30,6944.74,6947.25,6931.36,6938.1
2/26/2026 5:10,6946.13,6946.13,6946.13,6946.13
2/26/2026 5:00,6946.59,6946.61,6946.12,6946.13
2/26/2026 4:50,6947.94,6952.51,6946.1,6946.53
2/26/2026 4:40,6947.76,6950.63,6947.12,6949.01
2/26/2026 4:30,6946.01,6948.39,6944.4,6948
2/26/2026 4:20,6948.08,6948.08,6945.22,6945.96
2/26/2026 4:10,6948.36,6948.68,6946.72,6948.03
2/26/2026 4:00,6947.59,6949.53,6947.26,6948.4
2/26/2026 3:50,6948.83,6949.24,6947.47,6947.75
2/26/2026 3:40,6949.13,6949.84,6947.22,6948.83
2/26/2026 3:30,6945.26,6949.84,6945.18,6949.12
2/26/2026 3:20,6946.83,6947.16,6945.01,6945.28
2/26/2026 3:10,6946.09,6947.17,6944.3,6946.85
2/26/2026 3:00,6941.8,6946.32,6941.72,6946.09
2/26/2026 2:50,6942.3,6943.32,6941.19,6941.86
2/26/2026 2:40,6939.59,6942.95,6939.53,6942.28
2/26/2026 2:30,6939.96,6941.62,6938.83,6939.61
2/26/2026 2:20,6940.62,6940.9,6939.06,6939.85
2/26/2026 2:10,6941.78,6943.33,6940.11,6940.69
2/26/2026 2:00,6942.27,6943.32,6941.05,6941.78
2/26/2026 1:50,6939.54,6942.25,6939.34,6942.08
2/26/2026 1:40,6939.07,6941.65,6938.84,6939.58
2/26/2026 1:30,6936.31,6939.64,6935.25,6939.19
2/26/2026 1:20,6939.39,6940.19,6935.82,6936.18
2/26/2026 1:10,6937.54,6940.03,6937.02,6939.46
2/26/2026 1:00,6937.13,6939.63,6935.41,6937.71
2/26/2026 0:50,6938.79,6940.2,6936.78,6937.24
2/26/2026 0:40,6933.21,6940.44,6933.09,6938.82
2/26/2026 0:30,6931.21,6934.63,6930.71,6933.32
2/26/2026 0:20,6924.53,6932.12,6923.42,6931.22
2/26/2026 0:10,6929.29,6929.76,6923.3,6924.38
2/26/2026 0:00,6924.59,6929.23,6924.59,6929.03
2/25/2026 23:50,6921.77,6924.93,6918.36,6924.93
2/25/2026 23:40,6920.48,6924.61,6919.9,6921.66
2/25/2026 23:30,6927.76,6929.73,6918.84,6920.29
2/25/2026 23:20,6922.92,6928.52,6919.4,6927.74
2/25/2026 23:10,6921.54,6924.67,6919.46,6922.93
2/25/2026 23:00,6930.09,6932.23,6919.76,6921.62
2/25/2026 22:50,6933.28,6936.2,6924.85,6929.67
2/25/2026 22:40,6928.35,6935.03,6923.54,6932.87
2/25/2026 22:30,6915.15,6930.89,6915.15,6927.95
